date and time;index;date;month;day;weeknr;weekday(0=M);hour;daytype(WrkSaSu);occupancyperc
2021-01-01 00:00:00+01:00;0;1-1-2021;1;1;53;4;0;1;0
2021-01-01 01:00:00+01:00;1;1-1-2021;1;1;53;4;1;1;0
2021-01-01 02:00:00+01:00;2;1-1-2021;1;1;53;4;2;1;0
2021-01-01 03:00:00+01:00;3;1-1-2021;1;1;53;4;3;1;0
2021-01-01 04:00:00+01:00;4;1-1-2021;1;1;53;4;4;1;0
2021-01-01 05:00:00+01:00;5;1-1-2021;1;1;53;4;5;1;0
2021-01-01 06:00:00+01:00;6;1-1-2021;1;1;53;4;6;1;0
2021-01-01 07:00:00+01:00;7;1-1-2021;1;1;53;4;7;1;0
2021-01-01 08:00:00+01:00;8;1-1-2021;1;1;53;4;8;1;60
2021-01-01 09:00:00+01:00;9;1-1-2021;1;1;53;4;9;1;60
2021-01-01 10:00:00+01:00;10;1-1-2021;1;1;53;4;10;1;90
2021-01-01 11:00:00+01:00;11;1-1-2021;1;1;53;4;11;1;90
2021-01-01 12:00:00+01:00;12;1-1-2021;1;1;53;4;12;1;50
2021-01-01 13:00:00+01:00;13;1-1-2021;1;1;53;4;13;1;50
2021-01-01 14:00:00+01:00;14;1-1-2021;1;1;53;4;14;1;80
2021-01-01 15:00:00+01:00;15;1-1-2021;1;1;53;4;15;1;80
2021-01-01 16:00:00+01:00;16;1-1-2021;1;1;53;4;16;1;80
2021-01-01 17:00:00+01:00;17;1-1-2021;1;1;53;4;17;1;50
2021-01-01 18:00:00+01:00;18;1-1-2021;1;1;53;4;18;1;42
2021-01-01 19:00:00+01:00;19;1-1-2021;1;1;53;4;19;1;33
2021-01-01 20:00:00+01:00;20;1-1-2021;1;1;53;4;20;1;25
2021-01-01 21:00:00+01:00;21;1-1-2021;1;1;53;4;21;1;17
2021-01-01 22:00:00+01:00;22;1-1-2021;1;1;53;4;22;1;8
2021-01-01 23:00:00+01:00;23;1-1-2021;1;1;53;4;23;1;0
2021-01-02 00:00:00+01:00;24;2-1-2021;1;2;53;5;0;2;0
2021-01-02 01:00:00+01:00;25;2-1-2021;1;2;53;5;1;2;0
2021-01-02 02:00:00+01:00;26;2-1-2021;1;2;53;5;2;2;0
2021-01-02 03:00:00+01:00;27;2-1-2021;1;2;53;5;3;2;0
2021-01-02 04:00:00+01:00;28;2-1-2021;1;2;53;5;4;2;0
2021-01-02 05:00:00+01:00;29;2-1-2021;1;2;53;5;5;2;0
2021-01-02 06:00:00+01:00;30;2-1-2021;1;2;53;5;6;2;0
2021-01-02 07:00:00+01:00;31;2-1-2021;1;2;53;5;7;2;0
2021-01-02 08:00:00+01:00;32;2-1-2021;1;2;53;5;8;2;0
2021-01-02 09:00:00+01:00;33;2-1-2021;1;2;53;5;9;2;0
2021-01-02 10:00:00+01:00;34;2-1-2021;1;2;53;5;10;2;50
2021-01-02 11:00:00+01:00;35;2-1-2021;1;2;53;5;11;2;50
2021-01-02 12:00:00+01:00;36;2-1-2021;1;2;53;5;12;2;30
2021-01-02 13:00:00+01:00;37;2-1-2021;1;2;53;5;13;2;30
2021-01-02 14:00:00+01:00;38;2-1-2021;1;2;53;5;14;2;50
2021-01-02 15:00:00+01:00;39;2-1-2021;1;2;53;5;15;2;50
2021-01-02 16:00:00+01:00;40;2-1-2021;1;2;53;5;16;2;50
2021-01-02 17:00:00+01:00;41;2-1-2021;1;2;53;5;17;2;0
2021-01-02 18:00:00+01:00;42;2-1-2021;1;2;53;5;18;2;0
2021-01-02 19:00:00+01:00;43;2-1-2021;1;2;53;5;19;2;0
2021-01-02 20:00:00+01:00;44;2-1-2021;1;2;53;5;20;2;0
2021-01-02 21:00:00+01:00;45;2-1-2021;1;2;53;5;21;2;0
2021-01-02 22:00:00+01:00;46;2-1-2021;1;2;53;5;22;2;0
2021-01-02 23:00:00+01:00;47;2-1-2021;1;2;53;5;23;2;0
2021-01-03 00:00:00+01:00;48;3-1-2021;1;3;53;6;0;3;0
2021-01-03 01:00:00+01:00;49;3-1-2021;1;3;53;6;1;3;0
2021-01-03 02:00:00+01:00;50;3-1-2021;1;3;53;6;2;3;0
2021-01-03 03:00:00+01:00;51;3-1-2021;1;3;53;6;3;3;0
2021-01-03 04:00:00+01:00;52;3-1-2021;1;3;53;6;4;3;0
2021-01-03 05:00:00+01:00;53;3-1-2021;1;3;53;6;5;3;0
2021-01-03 06:00:00+01:00;54;3-1-2021;1;3;53;6;6;3;0
2021-01-03 07:00:00+01:00;55;3-1-2021;1;3;53;6;7;3;0
2021-01-03 08:00:00+01:00;56;3-1-2021;1;3;53;6;8;3;0
2021-01-03 09:00:00+01:00;57;3-1-2021;1;3;53;6;9;3;0
2021-01-03 10:00:00+01:00;58;3-1-2021;1;3;53;6;10;3;0
2021-01-03 11:00:00+01:00;59;3-1-2021;1;3;53;6;11;3;0
2021-01-03 12:00:00+01:00;60;3-1-2021;1;3;53;6;12;3;0
2021-01-03 13:00:00+01:00;61;3-1-2021;1;3;53;6;13;3;0
2021-01-03 14:00:00+01:00;62;3-1-2021;1;3;53;6;14;3;0
2021-01-03 15:00:00+01:00;63;3-1-2021;1;3;53;6;15;3;0
2021-01-03 16:00:00+01:00;64;3-1-2021;1;3;53;6;16;3;0
2021-01-03 17:00:00+01:00;65;3-1-2021;1;3;53;6;17;3;0
2021-01-03 18:00:00+01:00;66;3-1-2021;1;3;53;6;18;3;0
2021-01-03 19:00:00+01:00;67;3-1-2021;1;3;53;6;19;3;0
2021-01-03 20:00:00+01:00;68;3-1-2021;1;3;53;6;20;3;0
2021-01-03 21:00:00+01:00;69;3-1-2021;1;3;53;6;21;3;0
2021-01-03 22:00:00+01:00;70;3-1-2021;1;3;53;6;22;3;0
2021-01-03 23:00:00+01:00;71;3-1-2021;1;3;53;6;23;3;0
2021-01-04 00:00:00+01:00;72;4-1-2021;1;4;1;0;0;1;0
2021-01-04 01:00:00+01:00;73;4-1-2021;1;4;1;0;1;1;0
2021-01-04 02:00:00+01:00;74;4-1-2021;1;4;1;0;2;1;0
2021-01-04 03:00:00+01:00;75;4-1-2021;1;4;1;0;3;1;0
2021-01-04 04:00:00+01:00;76;4-1-2021;1;4;1;0;4;1;0
2021-01-04 05:00:00+01:00;77;4-1-2021;1;4;1;0;5;1;0
2021-01-04 06:00:00+01:00;78;4-1-2021;1;4;1;0;6;1;0
2021-01-04 07:00:00+01:00;79;4-1-2021;1;4;1;0;7;1;0
2021-01-04 08:00:00+01:00;80;4-1-2021;1;4;1;0;8;1;60
2021-01-04 09:00:00+01:00;81;4-1-2021;1;4;1;0;9;1;60
2021-01-04 10:00:00+01:00;82;4-1-2021;1;4;1;0;10;1;90
2021-01-04 11:00:00+01:00;83;4-1-2021;1;4;1;0;11;1;90
2021-01-04 12:00:00+01:00;84;4-1-2021;1;4;1;0;12;1;50
2021-01-04 13:00:00+01:00;85;4-1-2021;1;4;1;0;13;1;50
2021-01-04 14:00:00+01:00;86;4-1-2021;1;4;1;0;14;1;80
2021-01-04 15:00:00+01:00;87;4-1-2021;1;4;1;0;15;1;80
2021-01-04 16:00:00+01:00;88;4-1-2021;1;4;1;0;16;1;80
2021-01-04 17:00:00+01:00;89;4-1-2021;1;4;1;0;17;1;50
2021-01-04 18:00:00+01:00;90;4-1-2021;1;4;1;0;18;1;42
2021-01-04 19:00:00+01:00;91;4-1-2021;1;4;1;0;19;1;33
2021-01-04 20:00:00+01:00;92;4-1-2021;1;4;1;0;20;1;25
2021-01-04 21:00:00+01:00;93;4-1-2021;1;4;1;0;21;1;17
2021-01-04 22:00:00+01:00;94;4-1-2021;1;4;1;0;22;1;8
2021-01-04 23:00:00+01:00;95;4-1-2021;1;4;1;0;23;1;0
2021-01-05 00:00:00+01:00;96;5-1-2021;1;5;1;1;0;1;0
2021-01-05 01:00:00+01:00;97;5-1-2021;1;5;1;1;1;1;0
2021-01-05 02:00:00+01:00;98;5-1-2021;1;5;1;1;2;1;0
2021-01-05 03:00:00+01:00;99;5-1-2021;1;5;1;1;3;1;0
2021-01-05 04:00:00+01:00;100;5-1-2021;1;5;1;1;4;1;0
2021-01-05 05:00:00+01:00;101;5-1-2021;1;5;1;1;5;1;0
2021-01-05 06:00:00+01:00;102;5-1-2021;1;5;1;1;6;1;0
2021-01-05 07:00:00+01:00;103;5-1-2021;1;5;1;1;7;1;0
2021-01-05 08:00:00+01:00;104;5-1-2021;1;5;1;1;8;1;60
2021-01-05 09:00:00+01:00;105;5-1-2021;1;5;1;1;9;1;60
2021-01-05 10:00:00+01:00;106;5-1-2021;1;5;1;1;10;1;90
2021-01-05 11:00:00+01:00;107;5-1-2021;1;5;1;1;11;1;90
2021-01-05 12:00:00+01:00;108;5-1-2021;1;5;1;1;12;1;50
2021-01-05 13:00:00+01:00;109;5-1-2021;1;5;1;1;13;1;50
2021-01-05 14:00:00+01:00;110;5-1-2021;1;5;1;1;14;1;80
2021-01-05 15:00:00+01:00;111;5-1-2021;1;5;1;1;15;1;80
2021-01-05 16:00:00+01:00;112;5-1-2021;1;5;1;1;16;1;80
2021-01-05 17:00:00+01:00;113;5-1-2021;1;5;1;1;17;1;50
2021-01-05 18:00:00+01:00;114;5-1-2021;1;5;1;1;18;1;42
2021-01-05 19:00:00+01:00;115;5-1-2021;1;5;1;1;19;1;33
2021-01-05 20:00:00+01:00;116;5-1-2021;1;5;1;1;20;1;25
2021-01-05 21:00:00+01:00;117;5-1-2021;1;5;1;1;21;1;17
2021-01-05 22:00:00+01:00;118;5-1-2021;1;5;1;1;22;1;8
2021-01-05 23:00:00+01:00;119;5-1-2021;1;5;1;1;23;1;0
2021-01-06 00:00:00+01:00;120;6-1-2021;1;6;1;2;0;1;0
2021-01-06 01:00:00+01:00;121;6-1-2021;1;6;1;2;1;1;0
2021-01-06 02:00:00+01:00;122;6-1-2021;1;6;1;2;2;1;0
2021-01-06 03:00:00+01:00;123;6-1-2021;1;6;1;2;3;1;0
2021-01-06 04:00:00+01:00;124;6-1-2021;1;6;1;2;4;1;0
2021-01-06 05:00:00+01:00;125;6-1-2021;1;6;1;2;5;1;0
2021-01-06 06:00:00+01:00;126;6-1-2021;1;6;1;2;6;1;0
2021-01-06 07:00:00+01:00;127;6-1-2021;1;6;1;2;7;1;0
2021-01-06 08:00:00+01:00;128;6-1-2021;1;6;1;2;8;1;60
2021-01-06 09:00:00+01:00;129;6-1-2021;1;6;1;2;9;1;60
2021-01-06 10:00:00+01:00;130;6-1-2021;1;6;1;2;10;1;90
2021-01-06 11:00:00+01:00;131;6-1-2021;1;6;1;2;11;1;90
2021-01-06 12:00:00+01:00;132;6-1-2021;1;6;1;2;12;1;50
2021-01-06 13:00:00+01:00;133;6-1-2021;1;6;1;2;13;1;50
2021-01-06 14:00:00+01:00;134;6-1-2021;1;6;1;2;14;1;80
2021-01-06 15:00:00+01:00;135;6-1-2021;1;6;1;2;15;1;80
2021-01-06 16:00:00+01:00;136;6-1-2021;1;6;1;2;16;1;80
2021-01-06 17:00:00+01:00;137;6-1-2021;1;6;1;2;17;1;50
2021-01-06 18:00:00+01:00;138;6-1-2021;1;6;1;2;18;1;42
2021-01-06 19:00:00+01:00;139;6-1-2021;1;6;1;2;19;1;33
2021-01-06 20:00:00+01:00;140;6-1-2021;1;6;1;2;20;1;25
2021-01-06 21:00:00+01:00;141;6-1-2021;1;6;1;2;21;1;17
2021-01-06 22:00:00+01:00;142;6-1-2021;1;6;1;2;22;1;8
2021-01-06 23:00:00+01:00;143;6-1-2021;1;6;1;2;23;1;0
2021-01-07 00:00:00+01:00;144;7-1-2021;1;7;1;3;0;1;0
2021-01-07 01:00:00+01:00;145;7-1-2021;1;7;1;3;1;1;0
2021-01-07 02:00:00+01:00;146;7-1-2021;1;7;1;3;2;1;0
2021-01-07 03:00:00+01:00;147;7-1-2021;1;7;1;3;3;1;0
2021-01-07 04:00:00+01:00;148;7-1-2021;1;7;1;3;4;1;0
2021-01-07 05:00:00+01:00;149;7-1-2021;1;7;1;3;5;1;0
2021-01-07 06:00:00+01:00;150;7-1-2021;1;7;1;3;6;1;0
2021-01-07 07:00:00+01:00;151;7-1-2021;1;7;1;3;7;1;0
2021-01-07 08:00:00+01:00;152;7-1-2021;1;7;1;3;8;1;60
2021-01-07 09:00:00+01:00;153;7-1-2021;1;7;1;3;9;1;60
2021-01-07 10:00:00+01:00;154;7-1-2021;1;7;1;3;10;1;90
2021-01-07 11:00:00+01:00;155;7-1-2021;1;7;1;3;11;1;90
2021-01-07 12:00:00+01:00;156;7-1-2021;1;7;1;3;12;1;50
2021-01-07 13:00:00+01:00;157;7-1-2021;1;7;1;3;13;1;50
2021-01-07 14:00:00+01:00;158;7-1-2021;1;7;1;3;14;1;80
2021-01-07 15:00:00+01:00;159;7-1-2021;1;7;1;3;15;1;80
2021-01-07 16:00:00+01:00;160;7-1-2021;1;7;1;3;16;1;80
2021-01-07 17:00:00+01:00;161;7-1-2021;1;7;1;3;17;1;50
2021-01-07 18:00:00+01:00;162;7-1-2021;1;7;1;3;18;1;42
2021-01-07 19:00:00+01:00;163;7-1-2021;1;7;1;3;19;1;33
2021-01-07 20:00:00+01:00;164;7-1-2021;1;7;1;3;20;1;25
2021-01-07 21:00:00+01:00;165;7-1-2021;1;7;1;3;21;1;17
2021-01-07 22:00:00+01:00;166;7-1-2021;1;7;1;3;22;1;8
2021-01-07 23:00:00+01:00;167;7-1-2021;1;7;1;3;23;1;0
2021-01-08 00:00:00+01:00;168;8-1-2021;1;8;1;4;0;1;0
2021-01-08 01:00:00+01:00;169;8-1-2021;1;8;1;4;1;1;0
2021-01-08 02:00:00+01:00;170;8-1-2021;1;8;1;4;2;1;0
2021-01-08 03:00:00+01:00;171;8-1-2021;1;8;1;4;3;1;0
2021-01-08 04:00:00+01:00;172;8-1-2021;1;8;1;4;4;1;0
2021-01-08 05:00:00+01:00;173;8-1-2021;1;8;1;4;5;1;0
2021-01-08 06:00:00+01:00;174;8-1-2021;1;8;1;4;6;1;0
2021-01-08 07:00:00+01:00;175;8-1-2021;1;8;1;4;7;1;0
2021-01-08 08:00:00+01:00;176;8-1-2021;1;8;1;4;8;1;60
2021-01-08 09:00:00+01:00;177;8-1-2021;1;8;1;4;9;1;60
2021-01-08 10:00:00+01:00;178;8-1-2021;1;8;1;4;10;1;90
2021-01-08 11:00:00+01:00;179;8-1-2021;1;8;1;4;11;1;90
2021-01-08 12:00:00+01:00;180;8-1-2021;1;8;1;4;12;1;50
2021-01-08 13:00:00+01:00;181;8-1-2021;1;8;1;4;13;1;50
2021-01-08 14:00:00+01:00;182;8-1-2021;1;8;1;4;14;1;80
2021-01-08 15:00:00+01:00;183;8-1-2021;1;8;1;4;15;1;80
2021-01-08 16:00:00+01:00;184;8-1-2021;1;8;1;4;16;1;80
2021-01-08 17:00:00+01:00;185;8-1-2021;1;8;1;4;17;1;50
2021-01-08 18:00:00+01:00;186;8-1-2021;1;8;1;4;18;1;42
2021-01-08 19:00:00+01:00;187;8-1-2021;1;8;1;4;19;1;33
2021-01-08 20:00:00+01:00;188;8-1-2021;1;8;1;4;20;1;25
2021-01-08 21:00:00+01:00;189;8-1-2021;1;8;1;4;21;1;17
2021-01-08 22:00:00+01:00;190;8-1-2021;1;8;1;4;22;1;8
2021-01-08 23:00:00+01:00;191;8-1-2021;1;8;1;4;23;1;0
2021-01-09 00:00:00+01:00;192;9-1-2021;1;9;1;5;0;2;0
2021-01-09 01:00:00+01:00;193;9-1-2021;1;9;1;5;1;2;0
2021-01-09 02:00:00+01:00;194;9-1-2021;1;9;1;5;2;2;0
2021-01-09 03:00:00+01:00;195;9-1-2021;1;9;1;5;3;2;0
2021-01-09 04:00:00+01:00;196;9-1-2021;1;9;1;5;4;2;0
2021-01-09 05:00:00+01:00;197;9-1-2021;1;9;1;5;5;2;0
2021-01-09 06:00:00+01:00;198;9-1-2021;1;9;1;5;6;2;0
2021-01-09 07:00:00+01:00;199;9-1-2021;1;9;1;5;7;2;0
2021-01-09 08:00:00+01:00;200;9-1-2021;1;9;1;5;8;2;0
2021-01-09 09:00:00+01:00;201;9-1-2021;1;9;1;5;9;2;0
2021-01-09 10:00:00+01:00;202;9-1-2021;1;9;1;5;10;2;50
2021-01-09 11:00:00+01:00;203;9-1-2021;1;9;1;5;11;2;50
2021-01-09 12:00:00+01:00;204;9-1-2021;1;9;1;5;12;2;30
2021-01-09 13:00:00+01:00;205;9-1-2021;1;9;1;5;13;2;30
2021-01-09 14:00:00+01:00;206;9-1-2021;1;9;1;5;14;2;50
2021-01-09 15:00:00+01:00;207;9-1-2021;1;9;1;5;15;2;50
2021-01-09 16:00:00+01:00;208;9-1-2021;1;9;1;5;16;2;50
2021-01-09 17:00:00+01:00;209;9-1-2021;1;9;1;5;17;2;0
2021-01-09 18:00:00+01:00;210;9-1-2021;1;9;1;5;18;2;0
2021-01-09 19:00:00+01:00;211;9-1-2021;1;9;1;5;19;2;0
2021-01-09 20:00:00+01:00;212;9-1-2021;1;9;1;5;20;2;0
2021-01-09 21:00:00+01:00;213;9-1-2021;1;9;1;5;21;2;0
2021-01-09 22:00:00+01:00;214;9-1-2021;1;9;1;5;22;2;0
2021-01-09 23:00:00+01:00;215;9-1-2021;1;9;1;5;23;2;0
2021-01-10 00:00:00+01:00;216;10-1-2021;1;10;1;6;0;3;0
2021-01-10 01:00:00+01:00;217;10-1-2021;1;10;1;6;1;3;0
2021-01-10 02:00:00+01:00;218;10-1-2021;1;10;1;6;2;3;0
2021-01-10 03:00:00+01:00;219;10-1-2021;1;10;1;6;3;3;0
2021-01-10 04:00:00+01:00;220;10-1-2021;1;10;1;6;4;3;0
2021-01-10 05:00:00+01:00;221;10-1-2021;1;10;1;6;5;3;0
2021-01-10 06:00:00+01:00;222;10-1-2021;1;10;1;6;6;3;0
2021-01-10 07:00:00+01:00;223;10-1-2021;1;10;1;6;7;3;0
2021-01-10 08:00:00+01:00;224;10-1-2021;1;10;1;6;8;3;0
2021-01-10 09:00:00+01:00;225;10-1-2021;1;10;1;6;9;3;0
2021-01-10 10:00:00+01:00;226;10-1-2021;1;10;1;6;10;3;0
2021-01-10 11:00:00+01:00;227;10-1-2021;1;10;1;6;11;3;0
2021-01-10 12:00:00+01:00;228;10-1-2021;1;10;1;6;12;3;0
2021-01-10 13:00:00+01:00;229;10-1-2021;1;10;1;6;13;3;0
2021-01-10 14:00:00+01:00;230;10-1-2021;1;10;1;6;14;3;0
2021-01-10 15:00:00+01:00;231;10-1-2021;1;10;1;6;15;3;0
2021-01-10 16:00:00+01:00;232;10-1-2021;1;10;1;6;16;3;0
2021-01-10 17:00:00+01:00;233;10-1-2021;1;10;1;6;17;3;0
2021-01-10 18:00:00+01:00;234;10-1-2021;1;10;1;6;18;3;0
2021-01-10 19:00:00+01:00;235;10-1-2021;1;10;1;6;19;3;0
2021-01-10 20:00:00+01:00;236;10-1-2021;1;10;1;6;20;3;0
2021-01-10 21:00:00+01:00;237;10-1-2021;1;10;1;6;21;3;0
2021-01-10 22:00:00+01:00;238;10-1-2021;1;10;1;6;22;3;0
2021-01-10 23:00:00+01:00;239;10-1-2021;1;10;1;6;23;3;0
2021-01-11 00:00:00+01:00;240;11-1-2021;1;11;2;0;0;1;0
2021-01-11 01:00:00+01:00;241;11-1-2021;1;11;2;0;1;1;0
2021-01-11 02:00:00+01:00;242;11-1-2021;1;11;2;0;2;1;0
2021-01-11 03:00:00+01:00;243;11-1-2021;1;11;2;0;3;1;0
2021-01-11 04:00:00+01:00;244;11-1-2021;1;11;2;0;4;1;0
2021-01-11 05:00:00+01:00;245;11-1-2021;1;11;2;0;5;1;0
2021-01-11 06:00:00+01:00;246;11-1-2021;1;11;2;0;6;1;0
2021-01-11 07:00:00+01:00;247;11-1-2021;1;11;2;0;7;1;0
2021-01-11 08:00:00+01:00;248;11-1-2021;1;11;2;0;8;1;60
2021-01-11 09:00:00+01:00;249;11-1-2021;1;11;2;0;9;1;60
2021-01-11 10:00:00+01:00;250;11-1-2021;1;11;2;0;10;1;90
2021-01-11 11:00:00+01:00;251;11-1-2021;1;11;2;0;11;1;90
2021-01-11 12:00:00+01:00;252;11-1-2021;1;11;2;0;12;1;50
2021-01-11 13:00:00+01:00;253;11-1-2021;1;11;2;0;13;1;50
2021-01-11 14:00:00+01:00;254;11-1-2021;1;11;2;0;14;1;80
2021-01-11 15:00:00+01:00;255;11-1-2021;1;11;2;0;15;1;80
2021-01-11 16:00:00+01:00;256;11-1-2021;1;11;2;0;16;1;80
2021-01-11 17:00:00+01:00;257;11-1-2021;1;11;2;0;17;1;50
2021-01-11 18:00:00+01:00;258;11-1-2021;1;11;2;0;18;1;42
2021-01-11 19:00:00+01:00;259;11-1-2021;1;11;2;0;19;1;33
2021-01-11 20:00:00+01:00;260;11-1-2021;1;11;2;0;20;1;25
2021-01-11 21:00:00+01:00;261;11-1-2021;1;11;2;0;21;1;17
2021-01-11 22:00:00+01:00;262;11-1-2021;1;11;2;0;22;1;8
2021-01-11 23:00:00+01:00;263;11-1-2021;1;11;2;0;23;1;0
2021-01-12 00:00:00+01:00;264;12-1-2021;1;12;2;1;0;1;0
2021-01-12 01:00:00+01:00;265;12-1-2021;1;12;2;1;1;1;0
2021-01-12 02:00:00+01:00;266;12-1-2021;1;12;2;1;2;1;0
2021-01-12 03:00:00+01:00;267;12-1-2021;1;12;2;1;3;1;0
2021-01-12 04:00:00+01:00;268;12-1-2021;1;12;2;1;4;1;0
2021-01-12 05:00:00+01:00;269;12-1-2021;1;12;2;1;5;1;0
2021-01-12 06:00:00+01:00;270;12-1-2021;1;12;2;1;6;1;0
2021-01-12 07:00:00+01:00;271;12-1-2021;1;12;2;1;7;1;0
2021-01-12 08:00:00+01:00;272;12-1-2021;1;12;2;1;8;1;60
2021-01-12 09:00:00+01:00;273;12-1-2021;1;12;2;1;9;1;60
2021-01-12 10:00:00+01:00;274;12-1-2021;1;12;2;1;10;1;90
2021-01-12 11:00:00+01:00;275;12-1-2021;1;12;2;1;11;1;90
2021-01-12 12:00:00+01:00;276;12-1-2021;1;12;2;1;12;1;50
2021-01-12 13:00:00+01:00;277;12-1-2021;1;12;2;1;13;1;50
2021-01-12 14:00:00+01:00;278;12-1-2021;1;12;2;1;14;1;80
2021-01-12 15:00:00+01:00;279;12-1-2021;1;12;2;1;15;1;80
2021-01-12 16:00:00+01:00;280;12-1-2021;1;12;2;1;16;1;80
2021-01-12 17:00:00+01:00;281;12-1-2021;1;12;2;1;17;1;50
2021-01-12 18:00:00+01:00;282;12-1-2021;1;12;2;1;18;1;42
2021-01-12 19:00:00+01:00;283;12-1-2021;1;12;2;1;19;1;33
2021-01-12 20:00:00+01:00;284;12-1-2021;1;12;2;1;20;1;25
2021-01-12 21:00:00+01:00;285;12-1-2021;1;12;2;1;21;1;17
2021-01-12 22:00:00+01:00;286;12-1-2021;1;12;2;1;22;1;8
2021-01-12 23:00:00+01:00;287;12-1-2021;1;12;2;1;23;1;0
2021-01-13 00:00:00+01:00;288;13-1-2021;1;13;2;2;0;1;0
2021-01-13 01:00:00+01:00;289;13-1-2021;1;13;2;2;1;1;0
2021-01-13 02:00:00+01:00;290;13-1-2021;1;13;2;2;2;1;0
2021-01-13 03:00:00+01:00;291;13-1-2021;1;13;2;2;3;1;0
2021-01-13 04:00:00+01:00;292;13-1-2021;1;13;2;2;4;1;0
2021-01-13 05:00:00+01:00;293;13-1-2021;1;13;2;2;5;1;0
2021-01-13 06:00:00+01:00;294;13-1-2021;1;13;2;2;6;1;0
2021-01-13 07:00:00+01:00;295;13-1-2021;1;13;2;2;7;1;0
2021-01-13 08:00:00+01:00;296;13-1-2021;1;13;2;2;8;1;60
2021-01-13 09:00:00+01:00;297;13-1-2021;1;13;2;2;9;1;60
2021-01-13 10:00:00+01:00;298;13-1-2021;1;13;2;2;10;1;90
2021-01-13 11:00:00+01:00;299;13-1-2021;1;13;2;2;11;1;90
2021-01-13 12:00:00+01:00;300;13-1-2021;1;13;2;2;12;1;50
2021-01-13 13:00:00+01:00;301;13-1-2021;1;13;2;2;13;1;50
2021-01-13 14:00:00+01:00;302;13-1-2021;1;13;2;2;14;1;80
2021-01-13 15:00:00+01:00;303;13-1-2021;1;13;2;2;15;1;80
2021-01-13 16:00:00+01:00;304;13-1-2021;1;13;2;2;16;1;80
2021-01-13 17:00:00+01:00;305;13-1-2021;1;13;2;2;17;1;50
2021-01-13 18:00:00+01:00;306;13-1-2021;1;13;2;2;18;1;42
2021-01-13 19:00:00+01:00;307;13-1-2021;1;13;2;2;19;1;33
2021-01-13 20:00:00+01:00;308;13-1-2021;1;13;2;2;20;1;25
2021-01-13 21:00:00+01:00;309;13-1-2021;1;13;2;2;21;1;17
2021-01-13 22:00:00+01:00;310;13-1-2021;1;13;2;2;22;1;8
2021-01-13 23:00:00+01:00;311;13-1-2021;1;13;2;2;23;1;0
2021-01-14 00:00:00+01:00;312;14-1-2021;1;14;2;3;0;1;0
2021-01-14 01:00:00+01:00;313;14-1-2021;1;14;2;3;1;1;0
2021-01-14 02:00:00+01:00;314;14-1-2021;1;14;2;3;2;1;0
2021-01-14 03:00:00+01:00;315;14-1-2021;1;14;2;3;3;1;0
2021-01-14 04:00:00+01:00;316;14-1-2021;1;14;2;3;4;1;0
2021-01-14 05:00:00+01:00;317;14-1-2021;1;14;2;3;5;1;0
2021-01-14 06:00:00+01:00;318;14-1-2021;1;14;2;3;6;1;0
2021-01-14 07:00:00+01:00;319;14-1-2021;1;14;2;3;7;1;0
2021-01-14 08:00:00+01:00;320;14-1-2021;1;14;2;3;8;1;60
2021-01-14 09:00:00+01:00;321;14-1-2021;1;14;2;3;9;1;60
2021-01-14 10:00:00+01:00;322;14-1-2021;1;14;2;3;10;1;90
2021-01-14 11:00:00+01:00;323;14-1-2021;1;14;2;3;11;1;90
2021-01-14 12:00:00+01:00;324;14-1-2021;1;14;2;3;12;1;50
2021-01-14 13:00:00+01:00;325;14-1-2021;1;14;2;3;13;1;50
2021-01-14 14:00:00+01:00;326;14-1-2021;1;14;2;3;14;1;80
2021-01-14 15:00:00+01:00;327;14-1-2021;1;14;2;3;15;1;80
2021-01-14 16:00:00+01:00;328;14-1-2021;1;14;2;3;16;1;80
2021-01-14 17:00:00+01:00;329;14-1-2021;1;14;2;3;17;1;50
2021-01-14 18:00:00+01:00;330;14-1-2021;1;14;2;3;18;1;42
2021-01-14 19:00:00+01:00;331;14-1-2021;1;14;2;3;19;1;33
2021-01-14 20:00:00+01:00;332;14-1-2021;1;14;2;3;20;1;25
2021-01-14 21:00:00+01:00;333;14-1-2021;1;14;2;3;21;1;17
2021-01-14 22:00:00+01:00;334;14-1-2021;1;14;2;3;22;1;8
2021-01-14 23:00:00+01:00;335;14-1-2021;1;14;2;3;23;1;0
2021-01-15 00:00:00+01:00;336;15-1-2021;1;15;2;4;0;1;0
2021-01-15 01:00:00+01:00;337;15-1-2021;1;15;2;4;1;1;0
2021-01-15 02:00:00+01:00;338;15-1-2021;1;15;2;4;2;1;0
2021-01-15 03:00:00+01:00;339;15-1-2021;1;15;2;4;3;1;0
2021-01-15 04:00:00+01:00;340;15-1-2021;1;15;2;4;4;1;0
2021-01-15 05:00:00+01:00;341;15-1-2021;1;15;2;4;5;1;0
2021-01-15 06:00:00+01:00;342;15-1-2021;1;15;2;4;6;1;0
2021-01-15 07:00:00+01:00;343;15-1-2021;1;15;2;4;7;1;0
2021-01-15 08:00:00+01:00;344;15-1-2021;1;15;2;4;8;1;60
2021-01-15 09:00:00+01:00;345;15-1-2021;1;15;2;4;9;1;60
2021-01-15 10:00:00+01:00;346;15-1-2021;1;15;2;4;10;1;90
2021-01-15 11:00:00+01:00;347;15-1-2021;1;15;2;4;11;1;90
2021-01-15 12:00:00+01:00;348;15-1-2021;1;15;2;4;12;1;50
2021-01-15 13:00:00+01:00;349;15-1-2021;1;15;2;4;13;1;50
2021-01-15 14:00:00+01:00;350;15-1-2021;1;15;2;4;14;1;80
2021-01-15 15:00:00+01:00;351;15-1-2021;1;15;2;4;15;1;80
2021-01-15 16:00:00+01:00;352;15-1-2021;1;15;2;4;16;1;80
2021-01-15 17:00:00+01:00;353;15-1-2021;1;15;2;4;17;1;50
2021-01-15 18:00:00+01:00;354;15-1-2021;1;15;2;4;18;1;42
2021-01-15 19:00:00+01:00;355;15-1-2021;1;15;2;4;19;1;33
2021-01-15 20:00:00+01:00;356;15-1-2021;1;15;2;4;20;1;25
2021-01-15 21:00:00+01:00;357;15-1-2021;1;15;2;4;21;1;17
2021-01-15 22:00:00+01:00;358;15-1-2021;1;15;2;4;22;1;8
2021-01-15 23:00:00+01:00;359;15-1-2021;1;15;2;4;23;1;0
2021-01-16 00:00:00+01:00;360;16-1-2021;1;16;2;5;0;2;0
2021-01-16 01:00:00+01:00;361;16-1-2021;1;16;2;5;1;2;0
2021-01-16 02:00:00+01:00;362;16-1-2021;1;16;2;5;2;2;0
2021-01-16 03:00:00+01:00;363;16-1-2021;1;16;2;5;3;2;0
2021-01-16 04:00:00+01:00;364;16-1-2021;1;16;2;5;4;2;0
2021-01-16 05:00:00+01:00;365;16-1-2021;1;16;2;5;5;2;0
2021-01-16 06:00:00+01:00;366;16-1-2021;1;16;2;5;6;2;0
2021-01-16 07:00:00+01:00;367;16-1-2021;1;16;2;5;7;2;0
2021-01-16 08:00:00+01:00;368;16-1-2021;1;16;2;5;8;2;0
2021-01-16 09:00:00+01:00;369;16-1-2021;1;16;2;5;9;2;0
2021-01-16 10:00:00+01:00;370;16-1-2021;1;16;2;5;10;2;50
2021-01-16 11:00:00+01:00;371;16-1-2021;1;16;2;5;11;2;50
2021-01-16 12:00:00+01:00;372;16-1-2021;1;16;2;5;12;2;30
2021-01-16 13:00:00+01:00;373;16-1-2021;1;16;2;5;13;2;30
2021-01-16 14:00:00+01:00;374;16-1-2021;1;16;2;5;14;2;50
2021-01-16 15:00:00+01:00;375;16-1-2021;1;16;2;5;15;2;50
2021-01-16 16:00:00+01:00;376;16-1-2021;1;16;2;5;16;2;50
2021-01-16 17:00:00+01:00;377;16-1-2021;1;16;2;5;17;2;0
2021-01-16 18:00:00+01:00;378;16-1-2021;1;16;2;5;18;2;0
2021-01-16 19:00:00+01:00;379;16-1-2021;1;16;2;5;19;2;0
2021-01-16 20:00:00+01:00;380;16-1-2021;1;16;2;5;20;2;0
2021-01-16 21:00:00+01:00;381;16-1-2021;1;16;2;5;21;2;0
2021-01-16 22:00:00+01:00;382;16-1-2021;1;16;2;5;22;2;0
2021-01-16 23:00:00+01:00;383;16-1-2021;1;16;2;5;23;2;0
2021-01-17 00:00:00+01:00;384;17-1-2021;1;17;2;6;0;3;0
2021-01-17 01:00:00+01:00;385;17-1-2021;1;17;2;6;1;3;0
2021-01-17 02:00:00+01:00;386;17-1-2021;1;17;2;6;2;3;0
2021-01-17 03:00:00+01:00;387;17-1-2021;1;17;2;6;3;3;0
2021-01-17 04:00:00+01:00;388;17-1-2021;1;17;2;6;4;3;0
2021-01-17 05:00:00+01:00;389;17-1-2021;1;17;2;6;5;3;0
2021-01-17 06:00:00+01:00;390;17-1-2021;1;17;2;6;6;3;0
2021-01-17 07:00:00+01:00;391;17-1-2021;1;17;2;6;7;3;0
2021-01-17 08:00:00+01:00;392;17-1-2021;1;17;2;6;8;3;0
2021-01-17 09:00:00+01:00;393;17-1-2021;1;17;2;6;9;3;0
2021-01-17 10:00:00+01:00;394;17-1-2021;1;17;2;6;10;3;0
2021-01-17 11:00:00+01:00;395;17-1-2021;1;17;2;6;11;3;0
2021-01-17 12:00:00+01:00;396;17-1-2021;1;17;2;6;12;3;0
2021-01-17 13:00:00+01:00;397;17-1-2021;1;17;2;6;13;3;0
2021-01-17 14:00:00+01:00;398;17-1-2021;1;17;2;6;14;3;0
2021-01-17 15:00:00+01:00;399;17-1-2021;1;17;2;6;15;3;0
2021-01-17 16:00:00+01:00;400;17-1-2021;1;17;2;6;16;3;0
2021-01-17 17:00:00+01:00;401;17-1-2021;1;17;2;6;17;3;0
2021-01-17 18:00:00+01:00;402;17-1-2021;1;17;2;6;18;3;0
2021-01-17 19:00:00+01:00;403;17-1-2021;1;17;2;6;19;3;0
2021-01-17 20:00:00+01:00;404;17-1-2021;1;17;2;6;20;3;0
2021-01-17 21:00:00+01:00;405;17-1-2021;1;17;2;6;21;3;0
2021-01-17 22:00:00+01:00;406;17-1-2021;1;17;2;6;22;3;0
2021-01-17 23:00:00+01:00;407;17-1-2021;1;17;2;6;23;3;0
2021-01-18 00:00:00+01:00;408;18-1-2021;1;18;3;0;0;1;0
2021-01-18 01:00:00+01:00;409;18-1-2021;1;18;3;0;1;1;0
2021-01-18 02:00:00+01:00;410;18-1-2021;1;18;3;0;2;1;0
2021-01-18 03:00:00+01:00;411;18-1-2021;1;18;3;0;3;1;0
2021-01-18 04:00:00+01:00;412;18-1-2021;1;18;3;0;4;1;0
2021-01-18 05:00:00+01:00;413;18-1-2021;1;18;3;0;5;1;0
2021-01-18 06:00:00+01:00;414;18-1-2021;1;18;3;0;6;1;0
2021-01-18 07:00:00+01:00;415;18-1-2021;1;18;3;0;7;1;0
2021-01-18 08:00:00+01:00;416;18-1-2021;1;18;3;0;8;1;60
2021-01-18 09:00:00+01:00;417;18-1-2021;1;18;3;0;9;1;60
2021-01-18 10:00:00+01:00;418;18-1-2021;1;18;3;0;10;1;90
2021-01-18 11:00:00+01:00;419;18-1-2021;1;18;3;0;11;1;90
2021-01-18 12:00:00+01:00;420;18-1-2021;1;18;3;0;12;1;50
2021-01-18 13:00:00+01:00;421;18-1-2021;1;18;3;0;13;1;50
2021-01-18 14:00:00+01:00;422;18-1-2021;1;18;3;0;14;1;80
2021-01-18 15:00:00+01:00;423;18-1-2021;1;18;3;0;15;1;80
2021-01-18 16:00:00+01:00;424;18-1-2021;1;18;3;0;16;1;80
2021-01-18 17:00:00+01:00;425;18-1-2021;1;18;3;0;17;1;50
2021-01-18 18:00:00+01:00;426;18-1-2021;1;18;3;0;18;1;42
2021-01-18 19:00:00+01:00;427;18-1-2021;1;18;3;0;19;1;33
2021-01-18 20:00:00+01:00;428;18-1-2021;1;18;3;0;20;1;25
2021-01-18 21:00:00+01:00;429;18-1-2021;1;18;3;0;21;1;17
2021-01-18 22:00:00+01:00;430;18-1-2021;1;18;3;0;22;1;8
2021-01-18 23:00:00+01:00;431;18-1-2021;1;18;3;0;23;1;0
2021-01-19 00:00:00+01:00;432;19-1-2021;1;19;3;1;0;1;0
2021-01-19 01:00:00+01:00;433;19-1-2021;1;19;3;1;1;1;0
2021-01-19 02:00:00+01:00;434;19-1-2021;1;19;3;1;2;1;0
2021-01-19 03:00:00+01:00;435;19-1-2021;1;19;3;1;3;1;0
2021-01-19 04:00:00+01:00;436;19-1-2021;1;19;3;1;4;1;0
2021-01-19 05:00:00+01:00;437;19-1-2021;1;19;3;1;5;1;0
2021-01-19 06:00:00+01:00;438;19-1-2021;1;19;3;1;6;1;0
2021-01-19 07:00:00+01:00;439;19-1-2021;1;19;3;1;7;1;0
2021-01-19 08:00:00+01:00;440;19-1-2021;1;19;3;1;8;1;60
2021-01-19 09:00:00+01:00;441;19-1-2021;1;19;3;1;9;1;60
2021-01-19 10:00:00+01:00;442;19-1-2021;1;19;3;1;10;1;90
2021-01-19 11:00:00+01:00;443;19-1-2021;1;19;3;1;11;1;90
2021-01-19 12:00:00+01:00;444;19-1-2021;1;19;3;1;12;1;50
2021-01-19 13:00:00+01:00;445;19-1-2021;1;19;3;1;13;1;50
2021-01-19 14:00:00+01:00;446;19-1-2021;1;19;3;1;14;1;80
2021-01-19 15:00:00+01:00;447;19-1-2021;1;19;3;1;15;1;80
2021-01-19 16:00:00+01:00;448;19-1-2021;1;19;3;1;16;1;80
2021-01-19 17:00:00+01:00;449;19-1-2021;1;19;3;1;17;1;50
2021-01-19 18:00:00+01:00;450;19-1-2021;1;19;3;1;18;1;42
2021-01-19 19:00:00+01:00;451;19-1-2021;1;19;3;1;19;1;33
2021-01-19 20:00:00+01:00;452;19-1-2021;1;19;3;1;20;1;25
2021-01-19 21:00:00+01:00;453;19-1-2021;1;19;3;1;21;1;17
2021-01-19 22:00:00+01:00;454;19-1-2021;1;19;3;1;22;1;8
2021-01-19 23:00:00+01:00;455;19-1-2021;1;19;3;1;23;1;0
2021-01-20 00:00:00+01:00;456;20-1-2021;1;20;3;2;0;1;0
2021-01-20 01:00:00+01:00;457;20-1-2021;1;20;3;2;1;1;0
2021-01-20 02:00:00+01:00;458;20-1-2021;1;20;3;2;2;1;0
2021-01-20 03:00:00+01:00;459;20-1-2021;1;20;3;2;3;1;0
2021-01-20 04:00:00+01:00;460;20-1-2021;1;20;3;2;4;1;0
2021-01-20 05:00:00+01:00;461;20-1-2021;1;20;3;2;5;1;0
2021-01-20 06:00:00+01:00;462;20-1-2021;1;20;3;2;6;1;0
2021-01-20 07:00:00+01:00;463;20-1-2021;1;20;3;2;7;1;0
2021-01-20 08:00:00+01:00;464;20-1-2021;1;20;3;2;8;1;60
2021-01-20 09:00:00+01:00;465;20-1-2021;1;20;3;2;9;1;60
2021-01-20 10:00:00+01:00;466;20-1-2021;1;20;3;2;10;1;90
2021-01-20 11:00:00+01:00;467;20-1-2021;1;20;3;2;11;1;90
2021-01-20 12:00:00+01:00;468;20-1-2021;1;20;3;2;12;1;50
2021-01-20 13:00:00+01:00;469;20-1-2021;1;20;3;2;13;1;50
2021-01-20 14:00:00+01:00;470;20-1-2021;1;20;3;2;14;1;80
2021-01-20 15:00:00+01:00;471;20-1-2021;1;20;3;2;15;1;80
2021-01-20 16:00:00+01:00;472;20-1-2021;1;20;3;2;16;1;80
2021-01-20 17:00:00+01:00;473;20-1-2021;1;20;3;2;17;1;50
2021-01-20 18:00:00+01:00;474;20-1-2021;1;20;3;2;18;1;42
2021-01-20 19:00:00+01:00;475;20-1-2021;1;20;3;2;19;1;33
2021-01-20 20:00:00+01:00;476;20-1-2021;1;20;3;2;20;1;25
2021-01-20 21:00:00+01:00;477;20-1-2021;1;20;3;2;21;1;17
2021-01-20 22:00:00+01:00;478;20-1-2021;1;20;3;2;22;1;8
2021-01-20 23:00:00+01:00;479;20-1-2021;1;20;3;2;23;1;0
2021-01-21 00:00:00+01:00;480;21-1-2021;1;21;3;3;0;1;0
2021-01-21 01:00:00+01:00;481;21-1-2021;1;21;3;3;1;1;0
2021-01-21 02:00:00+01:00;482;21-1-2021;1;21;3;3;2;1;0
2021-01-21 03:00:00+01:00;483;21-1-2021;1;21;3;3;3;1;0
2021-01-21 04:00:00+01:00;484;21-1-2021;1;21;3;3;4;1;0
2021-01-21 05:00:00+01:00;485;21-1-2021;1;21;3;3;5;1;0
2021-01-21 06:00:00+01:00;486;21-1-2021;1;21;3;3;6;1;0
2021-01-21 07:00:00+01:00;487;21-1-2021;1;21;3;3;7;1;0
2021-01-21 08:00:00+01:00;488;21-1-2021;1;21;3;3;8;1;60
2021-01-21 09:00:00+01:00;489;21-1-2021;1;21;3;3;9;1;60
2021-01-21 10:00:00+01:00;490;21-1-2021;1;21;3;3;10;1;90
2021-01-21 11:00:00+01:00;491;21-1-2021;1;21;3;3;11;1;90
2021-01-21 12:00:00+01:00;492;21-1-2021;1;21;3;3;12;1;50
2021-01-21 13:00:00+01:00;493;21-1-2021;1;21;3;3;13;1;50
2021-01-21 14:00:00+01:00;494;21-1-2021;1;21;3;3;14;1;80
2021-01-21 15:00:00+01:00;495;21-1-2021;1;21;3;3;15;1;80
2021-01-21 16:00:00+01:00;496;21-1-2021;1;21;3;3;16;1;80
2021-01-21 17:00:00+01:00;497;21-1-2021;1;21;3;3;17;1;50
2021-01-21 18:00:00+01:00;498;21-1-2021;1;21;3;3;18;1;42
2021-01-21 19:00:00+01:00;499;21-1-2021;1;21;3;3;19;1;33
2021-01-21 20:00:00+01:00;500;21-1-2021;1;21;3;3;20;1;25
2021-01-21 21:00:00+01:00;501;21-1-2021;1;21;3;3;21;1;17
2021-01-21 22:00:00+01:00;502;21-1-2021;1;21;3;3;22;1;8
2021-01-21 23:00:00+01:00;503;21-1-2021;1;21;3;3;23;1;0
2021-01-22 00:00:00+01:00;504;22-1-2021;1;22;3;4;0;1;0
2021-01-22 01:00:00+01:00;505;22-1-2021;1;22;3;4;1;1;0
2021-01-22 02:00:00+01:00;506;22-1-2021;1;22;3;4;2;1;0
2021-01-22 03:00:00+01:00;507;22-1-2021;1;22;3;4;3;1;0
2021-01-22 04:00:00+01:00;508;22-1-2021;1;22;3;4;4;1;0
2021-01-22 05:00:00+01:00;509;22-1-2021;1;22;3;4;5;1;0
2021-01-22 06:00:00+01:00;510;22-1-2021;1;22;3;4;6;1;0
2021-01-22 07:00:00+01:00;511;22-1-2021;1;22;3;4;7;1;0
2021-01-22 08:00:00+01:00;512;22-1-2021;1;22;3;4;8;1;60
2021-01-22 09:00:00+01:00;513;22-1-2021;1;22;3;4;9;1;60
2021-01-22 10:00:00+01:00;514;22-1-2021;1;22;3;4;10;1;90
2021-01-22 11:00:00+01:00;515;22-1-2021;1;22;3;4;11;1;90
2021-01-22 12:00:00+01:00;516;22-1-2021;1;22;3;4;12;1;50
2021-01-22 13:00:00+01:00;517;22-1-2021;1;22;3;4;13;1;50
2021-01-22 14:00:00+01:00;518;22-1-2021;1;22;3;4;14;1;80
2021-01-22 15:00:00+01:00;519;22-1-2021;1;22;3;4;15;1;80
2021-01-22 16:00:00+01:00;520;22-1-2021;1;22;3;4;16;1;80
2021-01-22 17:00:00+01:00;521;22-1-2021;1;22;3;4;17;1;50
2021-01-22 18:00:00+01:00;522;22-1-2021;1;22;3;4;18;1;42
2021-01-22 19:00:00+01:00;523;22-1-2021;1;22;3;4;19;1;33
2021-01-22 20:00:00+01:00;524;22-1-2021;1;22;3;4;20;1;25
2021-01-22 21:00:00+01:00;525;22-1-2021;1;22;3;4;21;1;17
2021-01-22 22:00:00+01:00;526;22-1-2021;1;22;3;4;22;1;8
2021-01-22 23:00:00+01:00;527;22-1-2021;1;22;3;4;23;1;0
2021-01-23 00:00:00+01:00;528;23-1-2021;1;23;3;5;0;2;0
2021-01-23 01:00:00+01:00;529;23-1-2021;1;23;3;5;1;2;0
2021-01-23 02:00:00+01:00;530;23-1-2021;1;23;3;5;2;2;0
2021-01-23 03:00:00+01:00;531;23-1-2021;1;23;3;5;3;2;0
2021-01-23 04:00:00+01:00;532;23-1-2021;1;23;3;5;4;2;0
2021-01-23 05:00:00+01:00;533;23-1-2021;1;23;3;5;5;2;0
2021-01-23 06:00:00+01:00;534;23-1-2021;1;23;3;5;6;2;0
2021-01-23 07:00:00+01:00;535;23-1-2021;1;23;3;5;7;2;0
2021-01-23 08:00:00+01:00;536;23-1-2021;1;23;3;5;8;2;0
2021-01-23 09:00:00+01:00;537;23-1-2021;1;23;3;5;9;2;0
2021-01-23 10:00:00+01:00;538;23-1-2021;1;23;3;5;10;2;50
2021-01-23 11:00:00+01:00;539;23-1-2021;1;23;3;5;11;2;50
2021-01-23 12:00:00+01:00;540;23-1-2021;1;23;3;5;12;2;30
2021-01-23 13:00:00+01:00;541;23-1-2021;1;23;3;5;13;2;30
2021-01-23 14:00:00+01:00;542;23-1-2021;1;23;3;5;14;2;50
2021-01-23 15:00:00+01:00;543;23-1-2021;1;23;3;5;15;2;50
2021-01-23 16:00:00+01:00;544;23-1-2021;1;23;3;5;16;2;50
2021-01-23 17:00:00+01:00;545;23-1-2021;1;23;3;5;17;2;0
2021-01-23 18:00:00+01:00;546;23-1-2021;1;23;3;5;18;2;0
2021-01-23 19:00:00+01:00;547;23-1-2021;1;23;3;5;19;2;0
2021-01-23 20:00:00+01:00;548;23-1-2021;1;23;3;5;20;2;0
2021-01-23 21:00:00+01:00;549;23-1-2021;1;23;3;5;21;2;0
2021-01-23 22:00:00+01:00;550;23-1-2021;1;23;3;5;22;2;0
2021-01-23 23:00:00+01:00;551;23-1-2021;1;23;3;5;23;2;0
2021-01-24 00:00:00+01:00;552;24-1-2021;1;24;3;6;0;3;0
2021-01-24 01:00:00+01:00;553;24-1-2021;1;24;3;6;1;3;0
2021-01-24 02:00:00+01:00;554;24-1-2021;1;24;3;6;2;3;0
2021-01-24 03:00:00+01:00;555;24-1-2021;1;24;3;6;3;3;0
2021-01-24 04:00:00+01:00;556;24-1-2021;1;24;3;6;4;3;0
2021-01-24 05:00:00+01:00;557;24-1-2021;1;24;3;6;5;3;0
2021-01-24 06:00:00+01:00;558;24-1-2021;1;24;3;6;6;3;0
2021-01-24 07:00:00+01:00;559;24-1-2021;1;24;3;6;7;3;0
2021-01-24 08:00:00+01:00;560;24-1-2021;1;24;3;6;8;3;0
2021-01-24 09:00:00+01:00;561;24-1-2021;1;24;3;6;9;3;0
2021-01-24 10:00:00+01:00;562;24-1-2021;1;24;3;6;10;3;0
2021-01-24 11:00:00+01:00;563;24-1-2021;1;24;3;6;11;3;0
2021-01-24 12:00:00+01:00;564;24-1-2021;1;24;3;6;12;3;0
2021-01-24 13:00:00+01:00;565;24-1-2021;1;24;3;6;13;3;0
2021-01-24 14:00:00+01:00;566;24-1-2021;1;24;3;6;14;3;0
2021-01-24 15:00:00+01:00;567;24-1-2021;1;24;3;6;15;3;0
2021-01-24 16:00:00+01:00;568;24-1-2021;1;24;3;6;16;3;0
2021-01-24 17:00:00+01:00;569;24-1-2021;1;24;3;6;17;3;0
2021-01-24 18:00:00+01:00;570;24-1-2021;1;24;3;6;18;3;0
2021-01-24 19:00:00+01:00;571;24-1-2021;1;24;3;6;19;3;0
2021-01-24 20:00:00+01:00;572;24-1-2021;1;24;3;6;20;3;0
2021-01-24 21:00:00+01:00;573;24-1-2021;1;24;3;6;21;3;0
2021-01-24 22:00:00+01:00;574;24-1-2021;1;24;3;6;22;3;0
2021-01-24 23:00:00+01:00;575;24-1-2021;1;24;3;6;23;3;0
2021-01-25 00:00:00+01:00;576;25-1-2021;1;25;4;0;0;1;0
2021-01-25 01:00:00+01:00;577;25-1-2021;1;25;4;0;1;1;0
2021-01-25 02:00:00+01:00;578;25-1-2021;1;25;4;0;2;1;0
2021-01-25 03:00:00+01:00;579;25-1-2021;1;25;4;0;3;1;0
2021-01-25 04:00:00+01:00;580;25-1-2021;1;25;4;0;4;1;0
2021-01-25 05:00:00+01:00;581;25-1-2021;1;25;4;0;5;1;0
2021-01-25 06:00:00+01:00;582;25-1-2021;1;25;4;0;6;1;0
2021-01-25 07:00:00+01:00;583;25-1-2021;1;25;4;0;7;1;0
2021-01-25 08:00:00+01:00;584;25-1-2021;1;25;4;0;8;1;60
2021-01-25 09:00:00+01:00;585;25-1-2021;1;25;4;0;9;1;60
2021-01-25 10:00:00+01:00;586;25-1-2021;1;25;4;0;10;1;90
2021-01-25 11:00:00+01:00;587;25-1-2021;1;25;4;0;11;1;90
2021-01-25 12:00:00+01:00;588;25-1-2021;1;25;4;0;12;1;50
2021-01-25 13:00:00+01:00;589;25-1-2021;1;25;4;0;13;1;50
2021-01-25 14:00:00+01:00;590;25-1-2021;1;25;4;0;14;1;80
2021-01-25 15:00:00+01:00;591;25-1-2021;1;25;4;0;15;1;80
2021-01-25 16:00:00+01:00;592;25-1-2021;1;25;4;0;16;1;80
2021-01-25 17:00:00+01:00;593;25-1-2021;1;25;4;0;17;1;50
2021-01-25 18:00:00+01:00;594;25-1-2021;1;25;4;0;18;1;42
2021-01-25 19:00:00+01:00;595;25-1-2021;1;25;4;0;19;1;33
2021-01-25 20:00:00+01:00;596;25-1-2021;1;25;4;0;20;1;25
2021-01-25 21:00:00+01:00;597;25-1-2021;1;25;4;0;21;1;17
2021-01-25 22:00:00+01:00;598;25-1-2021;1;25;4;0;22;1;8
2021-01-25 23:00:00+01:00;599;25-1-2021;1;25;4;0;23;1;0
2021-01-26 00:00:00+01:00;600;26-1-2021;1;26;4;1;0;1;0
2021-01-26 01:00:00+01:00;601;26-1-2021;1;26;4;1;1;1;0
2021-01-26 02:00:00+01:00;602;26-1-2021;1;26;4;1;2;1;0
2021-01-26 03:00:00+01:00;603;26-1-2021;1;26;4;1;3;1;0
2021-01-26 04:00:00+01:00;604;26-1-2021;1;26;4;1;4;1;0
2021-01-26 05:00:00+01:00;605;26-1-2021;1;26;4;1;5;1;0
2021-01-26 06:00:00+01:00;606;26-1-2021;1;26;4;1;6;1;0
2021-01-26 07:00:00+01:00;607;26-1-2021;1;26;4;1;7;1;0
2021-01-26 08:00:00+01:00;608;26-1-2021;1;26;4;1;8;1;60
2021-01-26 09:00:00+01:00;609;26-1-2021;1;26;4;1;9;1;60
2021-01-26 10:00:00+01:00;610;26-1-2021;1;26;4;1;10;1;90
2021-01-26 11:00:00+01:00;611;26-1-2021;1;26;4;1;11;1;90
2021-01-26 12:00:00+01:00;612;26-1-2021;1;26;4;1;12;1;50
2021-01-26 13:00:00+01:00;613;26-1-2021;1;26;4;1;13;1;50
2021-01-26 14:00:00+01:00;614;26-1-2021;1;26;4;1;14;1;80
2021-01-26 15:00:00+01:00;615;26-1-2021;1;26;4;1;15;1;80
2021-01-26 16:00:00+01:00;616;26-1-2021;1;26;4;1;16;1;80
2021-01-26 17:00:00+01:00;617;26-1-2021;1;26;4;1;17;1;50
2021-01-26 18:00:00+01:00;618;26-1-2021;1;26;4;1;18;1;42
2021-01-26 19:00:00+01:00;619;26-1-2021;1;26;4;1;19;1;33
2021-01-26 20:00:00+01:00;620;26-1-2021;1;26;4;1;20;1;25
2021-01-26 21:00:00+01:00;621;26-1-2021;1;26;4;1;21;1;17
2021-01-26 22:00:00+01:00;622;26-1-2021;1;26;4;1;22;1;8
2021-01-26 23:00:00+01:00;623;26-1-2021;1;26;4;1;23;1;0
2021-01-27 00:00:00+01:00;624;27-1-2021;1;27;4;2;0;1;0
2021-01-27 01:00:00+01:00;625;27-1-2021;1;27;4;2;1;1;0
2021-01-27 02:00:00+01:00;626;27-1-2021;1;27;4;2;2;1;0
2021-01-27 03:00:00+01:00;627;27-1-2021;1;27;4;2;3;1;0
2021-01-27 04:00:00+01:00;628;27-1-2021;1;27;4;2;4;1;0
2021-01-27 05:00:00+01:00;629;27-1-2021;1;27;4;2;5;1;0
2021-01-27 06:00:00+01:00;630;27-1-2021;1;27;4;2;6;1;0
2021-01-27 07:00:00+01:00;631;27-1-2021;1;27;4;2;7;1;0
2021-01-27 08:00:00+01:00;632;27-1-2021;1;27;4;2;8;1;60
2021-01-27 09:00:00+01:00;633;27-1-2021;1;27;4;2;9;1;60
2021-01-27 10:00:00+01:00;634;27-1-2021;1;27;4;2;10;1;90
2021-01-27 11:00:00+01:00;635;27-1-2021;1;27;4;2;11;1;90
2021-01-27 12:00:00+01:00;636;27-1-2021;1;27;4;2;12;1;50
2021-01-27 13:00:00+01:00;637;27-1-2021;1;27;4;2;13;1;50
2021-01-27 14:00:00+01:00;638;27-1-2021;1;27;4;2;14;1;80
2021-01-27 15:00:00+01:00;639;27-1-2021;1;27;4;2;15;1;80
2021-01-27 16:00:00+01:00;640;27-1-2021;1;27;4;2;16;1;80
2021-01-27 17:00:00+01:00;641;27-1-2021;1;27;4;2;17;1;50
2021-01-27 18:00:00+01:00;642;27-1-2021;1;27;4;2;18;1;42
2021-01-27 19:00:00+01:00;643;27-1-2021;1;27;4;2;19;1;33
2021-01-27 20:00:00+01:00;644;27-1-2021;1;27;4;2;20;1;25
2021-01-27 21:00:00+01:00;645;27-1-2021;1;27;4;2;21;1;17
2021-01-27 22:00:00+01:00;646;27-1-2021;1;27;4;2;22;1;8
2021-01-27 23:00:00+01:00;647;27-1-2021;1;27;4;2;23;1;0
2021-01-28 00:00:00+01:00;648;28-1-2021;1;28;4;3;0;1;0
2021-01-28 01:00:00+01:00;649;28-1-2021;1;28;4;3;1;1;0
2021-01-28 02:00:00+01:00;650;28-1-2021;1;28;4;3;2;1;0
2021-01-28 03:00:00+01:00;651;28-1-2021;1;28;4;3;3;1;0
2021-01-28 04:00:00+01:00;652;28-1-2021;1;28;4;3;4;1;0
2021-01-28 05:00:00+01:00;653;28-1-2021;1;28;4;3;5;1;0
2021-01-28 06:00:00+01:00;654;28-1-2021;1;28;4;3;6;1;0
2021-01-28 07:00:00+01:00;655;28-1-2021;1;28;4;3;7;1;0
2021-01-28 08:00:00+01:00;656;28-1-2021;1;28;4;3;8;1;60
2021-01-28 09:00:00+01:00;657;28-1-2021;1;28;4;3;9;1;60
2021-01-28 10:00:00+01:00;658;28-1-2021;1;28;4;3;10;1;90
2021-01-28 11:00:00+01:00;659;28-1-2021;1;28;4;3;11;1;90
2021-01-28 12:00:00+01:00;660;28-1-2021;1;28;4;3;12;1;50
2021-01-28 13:00:00+01:00;661;28-1-2021;1;28;4;3;13;1;50
2021-01-28 14:00:00+01:00;662;28-1-2021;1;28;4;3;14;1;80
2021-01-28 15:00:00+01:00;663;28-1-2021;1;28;4;3;15;1;80
2021-01-28 16:00:00+01:00;664;28-1-2021;1;28;4;3;16;1;80
2021-01-28 17:00:00+01:00;665;28-1-2021;1;28;4;3;17;1;50
2021-01-28 18:00:00+01:00;666;28-1-2021;1;28;4;3;18;1;42
2021-01-28 19:00:00+01:00;667;28-1-2021;1;28;4;3;19;1;33
2021-01-28 20:00:00+01:00;668;28-1-2021;1;28;4;3;20;1;25
2021-01-28 21:00:00+01:00;669;28-1-2021;1;28;4;3;21;1;17
2021-01-28 22:00:00+01:00;670;28-1-2021;1;28;4;3;22;1;8
2021-01-28 23:00:00+01:00;671;28-1-2021;1;28;4;3;23;1;0
2021-01-29 00:00:00+01:00;672;29-1-2021;1;29;4;4;0;1;0
2021-01-29 01:00:00+01:00;673;29-1-2021;1;29;4;4;1;1;0
2021-01-29 02:00:00+01:00;674;29-1-2021;1;29;4;4;2;1;0
2021-01-29 03:00:00+01:00;675;29-1-2021;1;29;4;4;3;1;0
2021-01-29 04:00:00+01:00;676;29-1-2021;1;29;4;4;4;1;0
2021-01-29 05:00:00+01:00;677;29-1-2021;1;29;4;4;5;1;0
2021-01-29 06:00:00+01:00;678;29-1-2021;1;29;4;4;6;1;0
2021-01-29 07:00:00+01:00;679;29-1-2021;1;29;4;4;7;1;0
2021-01-29 08:00:00+01:00;680;29-1-2021;1;29;4;4;8;1;60
2021-01-29 09:00:00+01:00;681;29-1-2021;1;29;4;4;9;1;60
2021-01-29 10:00:00+01:00;682;29-1-2021;1;29;4;4;10;1;90
2021-01-29 11:00:00+01:00;683;29-1-2021;1;29;4;4;11;1;90
2021-01-29 12:00:00+01:00;684;29-1-2021;1;29;4;4;12;1;50
2021-01-29 13:00:00+01:00;685;29-1-2021;1;29;4;4;13;1;50
2021-01-29 14:00:00+01:00;686;29-1-2021;1;29;4;4;14;1;80
2021-01-29 15:00:00+01:00;687;29-1-2021;1;29;4;4;15;1;80
2021-01-29 16:00:00+01:00;688;29-1-2021;1;29;4;4;16;1;80
2021-01-29 17:00:00+01:00;689;29-1-2021;1;29;4;4;17;1;50
2021-01-29 18:00:00+01:00;690;29-1-2021;1;29;4;4;18;1;42
2021-01-29 19:00:00+01:00;691;29-1-2021;1;29;4;4;19;1;33
2021-01-29 20:00:00+01:00;692;29-1-2021;1;29;4;4;20;1;25
2021-01-29 21:00:00+01:00;693;29-1-2021;1;29;4;4;21;1;17
2021-01-29 22:00:00+01:00;694;29-1-2021;1;29;4;4;22;1;8
2021-01-29 23:00:00+01:00;695;29-1-2021;1;29;4;4;23;1;0
2021-01-30 00:00:00+01:00;696;30-1-2021;1;30;4;5;0;2;0
2021-01-30 01:00:00+01:00;697;30-1-2021;1;30;4;5;1;2;0
2021-01-30 02:00:00+01:00;698;30-1-2021;1;30;4;5;2;2;0
2021-01-30 03:00:00+01:00;699;30-1-2021;1;30;4;5;3;2;0
2021-01-30 04:00:00+01:00;700;30-1-2021;1;30;4;5;4;2;0
2021-01-30 05:00:00+01:00;701;30-1-2021;1;30;4;5;5;2;0
2021-01-30 06:00:00+01:00;702;30-1-2021;1;30;4;5;6;2;0
2021-01-30 07:00:00+01:00;703;30-1-2021;1;30;4;5;7;2;0
2021-01-30 08:00:00+01:00;704;30-1-2021;1;30;4;5;8;2;0
2021-01-30 09:00:00+01:00;705;30-1-2021;1;30;4;5;9;2;0
2021-01-30 10:00:00+01:00;706;30-1-2021;1;30;4;5;10;2;50
2021-01-30 11:00:00+01:00;707;30-1-2021;1;30;4;5;11;2;50
2021-01-30 12:00:00+01:00;708;30-1-2021;1;30;4;5;12;2;30
2021-01-30 13:00:00+01:00;709;30-1-2021;1;30;4;5;13;2;30
2021-01-30 14:00:00+01:00;710;30-1-2021;1;30;4;5;14;2;50
2021-01-30 15:00:00+01:00;711;30-1-2021;1;30;4;5;15;2;50
2021-01-30 16:00:00+01:00;712;30-1-2021;1;30;4;5;16;2;50
2021-01-30 17:00:00+01:00;713;30-1-2021;1;30;4;5;17;2;0
2021-01-30 18:00:00+01:00;714;30-1-2021;1;30;4;5;18;2;0
2021-01-30 19:00:00+01:00;715;30-1-2021;1;30;4;5;19;2;0
2021-01-30 20:00:00+01:00;716;30-1-2021;1;30;4;5;20;2;0
2021-01-30 21:00:00+01:00;717;30-1-2021;1;30;4;5;21;2;0
2021-01-30 22:00:00+01:00;718;30-1-2021;1;30;4;5;22;2;0
2021-01-30 23:00:00+01:00;719;30-1-2021;1;30;4;5;23;2;0
2021-01-31 00:00:00+01:00;720;31-1-2021;1;31;4;6;0;3;0
2021-01-31 01:00:00+01:00;721;31-1-2021;1;31;4;6;1;3;0
2021-01-31 02:00:00+01:00;722;31-1-2021;1;31;4;6;2;3;0
2021-01-31 03:00:00+01:00;723;31-1-2021;1;31;4;6;3;3;0
2021-01-31 04:00:00+01:00;724;31-1-2021;1;31;4;6;4;3;0
2021-01-31 05:00:00+01:00;725;31-1-2021;1;31;4;6;5;3;0
2021-01-31 06:00:00+01:00;726;31-1-2021;1;31;4;6;6;3;0
2021-01-31 07:00:00+01:00;727;31-1-2021;1;31;4;6;7;3;0
2021-01-31 08:00:00+01:00;728;31-1-2021;1;31;4;6;8;3;0
2021-01-31 09:00:00+01:00;729;31-1-2021;1;31;4;6;9;3;0
2021-01-31 10:00:00+01:00;730;31-1-2021;1;31;4;6;10;3;0
2021-01-31 11:00:00+01:00;731;31-1-2021;1;31;4;6;11;3;0
2021-01-31 12:00:00+01:00;732;31-1-2021;1;31;4;6;12;3;0
2021-01-31 13:00:00+01:00;733;31-1-2021;1;31;4;6;13;3;0
2021-01-31 14:00:00+01:00;734;31-1-2021;1;31;4;6;14;3;0
2021-01-31 15:00:00+01:00;735;31-1-2021;1;31;4;6;15;3;0
2021-01-31 16:00:00+01:00;736;31-1-2021;1;31;4;6;16;3;0
2021-01-31 17:00:00+01:00;737;31-1-2021;1;31;4;6;17;3;0
2021-01-31 18:00:00+01:00;738;31-1-2021;1;31;4;6;18;3;0
2021-01-31 19:00:00+01:00;739;31-1-2021;1;31;4;6;19;3;0
2021-01-31 20:00:00+01:00;740;31-1-2021;1;31;4;6;20;3;0
2021-01-31 21:00:00+01:00;741;31-1-2021;1;31;4;6;21;3;0
2021-01-31 22:00:00+01:00;742;31-1-2021;1;31;4;6;22;3;0
2021-01-31 23:00:00+01:00;743;31-1-2021;1;31;4;6;23;3;0
2021-02-01 00:00:00+01:00;744;1-2-2021;2;1;5;0;0;1;0
2021-02-01 01:00:00+01:00;745;1-2-2021;2;1;5;0;1;1;0
2021-02-01 02:00:00+01:00;746;1-2-2021;2;1;5;0;2;1;0
2021-02-01 03:00:00+01:00;747;1-2-2021;2;1;5;0;3;1;0
2021-02-01 04:00:00+01:00;748;1-2-2021;2;1;5;0;4;1;0
2021-02-01 05:00:00+01:00;749;1-2-2021;2;1;5;0;5;1;0
2021-02-01 06:00:00+01:00;750;1-2-2021;2;1;5;0;6;1;0
2021-02-01 07:00:00+01:00;751;1-2-2021;2;1;5;0;7;1;0
2021-02-01 08:00:00+01:00;752;1-2-2021;2;1;5;0;8;1;60
2021-02-01 09:00:00+01:00;753;1-2-2021;2;1;5;0;9;1;60
2021-02-01 10:00:00+01:00;754;1-2-2021;2;1;5;0;10;1;90
2021-02-01 11:00:00+01:00;755;1-2-2021;2;1;5;0;11;1;90
2021-02-01 12:00:00+01:00;756;1-2-2021;2;1;5;0;12;1;50
2021-02-01 13:00:00+01:00;757;1-2-2021;2;1;5;0;13;1;50
2021-02-01 14:00:00+01:00;758;1-2-2021;2;1;5;0;14;1;80
2021-02-01 15:00:00+01:00;759;1-2-2021;2;1;5;0;15;1;80
2021-02-01 16:00:00+01:00;760;1-2-2021;2;1;5;0;16;1;80
2021-02-01 17:00:00+01:00;761;1-2-2021;2;1;5;0;17;1;50
2021-02-01 18:00:00+01:00;762;1-2-2021;2;1;5;0;18;1;42
2021-02-01 19:00:00+01:00;763;1-2-2021;2;1;5;0;19;1;33
2021-02-01 20:00:00+01:00;764;1-2-2021;2;1;5;0;20;1;25
2021-02-01 21:00:00+01:00;765;1-2-2021;2;1;5;0;21;1;17
2021-02-01 22:00:00+01:00;766;1-2-2021;2;1;5;0;22;1;8
2021-02-01 23:00:00+01:00;767;1-2-2021;2;1;5;0;23;1;0
2021-02-02 00:00:00+01:00;768;2-2-2021;2;2;5;1;0;1;0
2021-02-02 01:00:00+01:00;769;2-2-2021;2;2;5;1;1;1;0
2021-02-02 02:00:00+01:00;770;2-2-2021;2;2;5;1;2;1;0
2021-02-02 03:00:00+01:00;771;2-2-2021;2;2;5;1;3;1;0
2021-02-02 04:00:00+01:00;772;2-2-2021;2;2;5;1;4;1;0
2021-02-02 05:00:00+01:00;773;2-2-2021;2;2;5;1;5;1;0
2021-02-02 06:00:00+01:00;774;2-2-2021;2;2;5;1;6;1;0
2021-02-02 07:00:00+01:00;775;2-2-2021;2;2;5;1;7;1;0
2021-02-02 08:00:00+01:00;776;2-2-2021;2;2;5;1;8;1;60
2021-02-02 09:00:00+01:00;777;2-2-2021;2;2;5;1;9;1;60
2021-02-02 10:00:00+01:00;778;2-2-2021;2;2;5;1;10;1;90
2021-02-02 11:00:00+01:00;779;2-2-2021;2;2;5;1;11;1;90
2021-02-02 12:00:00+01:00;780;2-2-2021;2;2;5;1;12;1;50
2021-02-02 13:00:00+01:00;781;2-2-2021;2;2;5;1;13;1;50
2021-02-02 14:00:00+01:00;782;2-2-2021;2;2;5;1;14;1;80
2021-02-02 15:00:00+01:00;783;2-2-2021;2;2;5;1;15;1;80
2021-02-02 16:00:00+01:00;784;2-2-2021;2;2;5;1;16;1;80
2021-02-02 17:00:00+01:00;785;2-2-2021;2;2;5;1;17;1;50
2021-02-02 18:00:00+01:00;786;2-2-2021;2;2;5;1;18;1;42
2021-02-02 19:00:00+01:00;787;2-2-2021;2;2;5;1;19;1;33
2021-02-02 20:00:00+01:00;788;2-2-2021;2;2;5;1;20;1;25
2021-02-02 21:00:00+01:00;789;2-2-2021;2;2;5;1;21;1;17
2021-02-02 22:00:00+01:00;790;2-2-2021;2;2;5;1;22;1;8
2021-02-02 23:00:00+01:00;791;2-2-2021;2;2;5;1;23;1;0
2021-02-03 00:00:00+01:00;792;3-2-2021;2;3;5;2;0;1;0
2021-02-03 01:00:00+01:00;793;3-2-2021;2;3;5;2;1;1;0
2021-02-03 02:00:00+01:00;794;3-2-2021;2;3;5;2;2;1;0
2021-02-03 03:00:00+01:00;795;3-2-2021;2;3;5;2;3;1;0
2021-02-03 04:00:00+01:00;796;3-2-2021;2;3;5;2;4;1;0
2021-02-03 05:00:00+01:00;797;3-2-2021;2;3;5;2;5;1;0
2021-02-03 06:00:00+01:00;798;3-2-2021;2;3;5;2;6;1;0
2021-02-03 07:00:00+01:00;799;3-2-2021;2;3;5;2;7;1;0
2021-02-03 08:00:00+01:00;800;3-2-2021;2;3;5;2;8;1;60
2021-02-03 09:00:00+01:00;801;3-2-2021;2;3;5;2;9;1;60
2021-02-03 10:00:00+01:00;802;3-2-2021;2;3;5;2;10;1;90
2021-02-03 11:00:00+01:00;803;3-2-2021;2;3;5;2;11;1;90
2021-02-03 12:00:00+01:00;804;3-2-2021;2;3;5;2;12;1;50
2021-02-03 13:00:00+01:00;805;3-2-2021;2;3;5;2;13;1;50
2021-02-03 14:00:00+01:00;806;3-2-2021;2;3;5;2;14;1;80
2021-02-03 15:00:00+01:00;807;3-2-2021;2;3;5;2;15;1;80
2021-02-03 16:00:00+01:00;808;3-2-2021;2;3;5;2;16;1;80
2021-02-03 17:00:00+01:00;809;3-2-2021;2;3;5;2;17;1;50
2021-02-03 18:00:00+01:00;810;3-2-2021;2;3;5;2;18;1;42
2021-02-03 19:00:00+01:00;811;3-2-2021;2;3;5;2;19;1;33
2021-02-03 20:00:00+01:00;812;3-2-2021;2;3;5;2;20;1;25
2021-02-03 21:00:00+01:00;813;3-2-2021;2;3;5;2;21;1;17
2021-02-03 22:00:00+01:00;814;3-2-2021;2;3;5;2;22;1;8
2021-02-03 23:00:00+01:00;815;3-2-2021;2;3;5;2;23;1;0
2021-02-04 00:00:00+01:00;816;4-2-2021;2;4;5;3;0;1;0
2021-02-04 01:00:00+01:00;817;4-2-2021;2;4;5;3;1;1;0
2021-02-04 02:00:00+01:00;818;4-2-2021;2;4;5;3;2;1;0
2021-02-04 03:00:00+01:00;819;4-2-2021;2;4;5;3;3;1;0
2021-02-04 04:00:00+01:00;820;4-2-2021;2;4;5;3;4;1;0
2021-02-04 05:00:00+01:00;821;4-2-2021;2;4;5;3;5;1;0
2021-02-04 06:00:00+01:00;822;4-2-2021;2;4;5;3;6;1;0
2021-02-04 07:00:00+01:00;823;4-2-2021;2;4;5;3;7;1;0
2021-02-04 08:00:00+01:00;824;4-2-2021;2;4;5;3;8;1;60
2021-02-04 09:00:00+01:00;825;4-2-2021;2;4;5;3;9;1;60
2021-02-04 10:00:00+01:00;826;4-2-2021;2;4;5;3;10;1;90
2021-02-04 11:00:00+01:00;827;4-2-2021;2;4;5;3;11;1;90
2021-02-04 12:00:00+01:00;828;4-2-2021;2;4;5;3;12;1;50
2021-02-04 13:00:00+01:00;829;4-2-2021;2;4;5;3;13;1;50
2021-02-04 14:00:00+01:00;830;4-2-2021;2;4;5;3;14;1;80
2021-02-04 15:00:00+01:00;831;4-2-2021;2;4;5;3;15;1;80
2021-02-04 16:00:00+01:00;832;4-2-2021;2;4;5;3;16;1;80
2021-02-04 17:00:00+01:00;833;4-2-2021;2;4;5;3;17;1;50
2021-02-04 18:00:00+01:00;834;4-2-2021;2;4;5;3;18;1;42
2021-02-04 19:00:00+01:00;835;4-2-2021;2;4;5;3;19;1;33
2021-02-04 20:00:00+01:00;836;4-2-2021;2;4;5;3;20;1;25
2021-02-04 21:00:00+01:00;837;4-2-2021;2;4;5;3;21;1;17
2021-02-04 22:00:00+01:00;838;4-2-2021;2;4;5;3;22;1;8
2021-02-04 23:00:00+01:00;839;4-2-2021;2;4;5;3;23;1;0
2021-02-05 00:00:00+01:00;840;5-2-2021;2;5;5;4;0;1;0
2021-02-05 01:00:00+01:00;841;5-2-2021;2;5;5;4;1;1;0
2021-02-05 02:00:00+01:00;842;5-2-2021;2;5;5;4;2;1;0
2021-02-05 03:00:00+01:00;843;5-2-2021;2;5;5;4;3;1;0
2021-02-05 04:00:00+01:00;844;5-2-2021;2;5;5;4;4;1;0
2021-02-05 05:00:00+01:00;845;5-2-2021;2;5;5;4;5;1;0
2021-02-05 06:00:00+01:00;846;5-2-2021;2;5;5;4;6;1;0
2021-02-05 07:00:00+01:00;847;5-2-2021;2;5;5;4;7;1;0
2021-02-05 08:00:00+01:00;848;5-2-2021;2;5;5;4;8;1;60
2021-02-05 09:00:00+01:00;849;5-2-2021;2;5;5;4;9;1;60
2021-02-05 10:00:00+01:00;850;5-2-2021;2;5;5;4;10;1;90
2021-02-05 11:00:00+01:00;851;5-2-2021;2;5;5;4;11;1;90
2021-02-05 12:00:00+01:00;852;5-2-2021;2;5;5;4;12;1;50
2021-02-05 13:00:00+01:00;853;5-2-2021;2;5;5;4;13;1;50
2021-02-05 14:00:00+01:00;854;5-2-2021;2;5;5;4;14;1;80
2021-02-05 15:00:00+01:00;855;5-2-2021;2;5;5;4;15;1;80
2021-02-05 16:00:00+01:00;856;5-2-2021;2;5;5;4;16;1;80
2021-02-05 17:00:00+01:00;857;5-2-2021;2;5;5;4;17;1;50
2021-02-05 18:00:00+01:00;858;5-2-2021;2;5;5;4;18;1;42
2021-02-05 19:00:00+01:00;859;5-2-2021;2;5;5;4;19;1;33
2021-02-05 20:00:00+01:00;860;5-2-2021;2;5;5;4;20;1;25
2021-02-05 21:00:00+01:00;861;5-2-2021;2;5;5;4;21;1;17
2021-02-05 22:00:00+01:00;862;5-2-2021;2;5;5;4;22;1;8
2021-02-05 23:00:00+01:00;863;5-2-2021;2;5;5;4;23;1;0
2021-02-06 00:00:00+01:00;864;6-2-2021;2;6;5;5;0;2;0
2021-02-06 01:00:00+01:00;865;6-2-2021;2;6;5;5;1;2;0
2021-02-06 02:00:00+01:00;866;6-2-2021;2;6;5;5;2;2;0
2021-02-06 03:00:00+01:00;867;6-2-2021;2;6;5;5;3;2;0
2021-02-06 04:00:00+01:00;868;6-2-2021;2;6;5;5;4;2;0
2021-02-06 05:00:00+01:00;869;6-2-2021;2;6;5;5;5;2;0
2021-02-06 06:00:00+01:00;870;6-2-2021;2;6;5;5;6;2;0
2021-02-06 07:00:00+01:00;871;6-2-2021;2;6;5;5;7;2;0
2021-02-06 08:00:00+01:00;872;6-2-2021;2;6;5;5;8;2;0
2021-02-06 09:00:00+01:00;873;6-2-2021;2;6;5;5;9;2;0
2021-02-06 10:00:00+01:00;874;6-2-2021;2;6;5;5;10;2;50
2021-02-06 11:00:00+01:00;875;6-2-2021;2;6;5;5;11;2;50
2021-02-06 12:00:00+01:00;876;6-2-2021;2;6;5;5;12;2;30
2021-02-06 13:00:00+01:00;877;6-2-2021;2;6;5;5;13;2;30
2021-02-06 14:00:00+01:00;878;6-2-2021;2;6;5;5;14;2;50
2021-02-06 15:00:00+01:00;879;6-2-2021;2;6;5;5;15;2;50
2021-02-06 16:00:00+01:00;880;6-2-2021;2;6;5;5;16;2;50
2021-02-06 17:00:00+01:00;881;6-2-2021;2;6;5;5;17;2;0
2021-02-06 18:00:00+01:00;882;6-2-2021;2;6;5;5;18;2;0
2021-02-06 19:00:00+01:00;883;6-2-2021;2;6;5;5;19;2;0
2021-02-06 20:00:00+01:00;884;6-2-2021;2;6;5;5;20;2;0
2021-02-06 21:00:00+01:00;885;6-2-2021;2;6;5;5;21;2;0
2021-02-06 22:00:00+01:00;886;6-2-2021;2;6;5;5;22;2;0
2021-02-06 23:00:00+01:00;887;6-2-2021;2;6;5;5;23;2;0
2021-02-07 00:00:00+01:00;888;7-2-2021;2;7;5;6;0;3;0
2021-02-07 01:00:00+01:00;889;7-2-2021;2;7;5;6;1;3;0
2021-02-07 02:00:00+01:00;890;7-2-2021;2;7;5;6;2;3;0
2021-02-07 03:00:00+01:00;891;7-2-2021;2;7;5;6;3;3;0
2021-02-07 04:00:00+01:00;892;7-2-2021;2;7;5;6;4;3;0
2021-02-07 05:00:00+01:00;893;7-2-2021;2;7;5;6;5;3;0
2021-02-07 06:00:00+01:00;894;7-2-2021;2;7;5;6;6;3;0
2021-02-07 07:00:00+01:00;895;7-2-2021;2;7;5;6;7;3;0
2021-02-07 08:00:00+01:00;896;7-2-2021;2;7;5;6;8;3;0
2021-02-07 09:00:00+01:00;897;7-2-2021;2;7;5;6;9;3;0
2021-02-07 10:00:00+01:00;898;7-2-2021;2;7;5;6;10;3;0
2021-02-07 11:00:00+01:00;899;7-2-2021;2;7;5;6;11;3;0
2021-02-07 12:00:00+01:00;900;7-2-2021;2;7;5;6;12;3;0
2021-02-07 13:00:00+01:00;901;7-2-2021;2;7;5;6;13;3;0
2021-02-07 14:00:00+01:00;902;7-2-2021;2;7;5;6;14;3;0
2021-02-07 15:00:00+01:00;903;7-2-2021;2;7;5;6;15;3;0
2021-02-07 16:00:00+01:00;904;7-2-2021;2;7;5;6;16;3;0
2021-02-07 17:00:00+01:00;905;7-2-2021;2;7;5;6;17;3;0
2021-02-07 18:00:00+01:00;906;7-2-2021;2;7;5;6;18;3;0
2021-02-07 19:00:00+01:00;907;7-2-2021;2;7;5;6;19;3;0
2021-02-07 20:00:00+01:00;908;7-2-2021;2;7;5;6;20;3;0
2021-02-07 21:00:00+01:00;909;7-2-2021;2;7;5;6;21;3;0
2021-02-07 22:00:00+01:00;910;7-2-2021;2;7;5;6;22;3;0
2021-02-07 23:00:00+01:00;911;7-2-2021;2;7;5;6;23;3;0
2021-02-08 00:00:00+01:00;912;8-2-2021;2;8;6;0;0;1;0
2021-02-08 01:00:00+01:00;913;8-2-2021;2;8;6;0;1;1;0
2021-02-08 02:00:00+01:00;914;8-2-2021;2;8;6;0;2;1;0
2021-02-08 03:00:00+01:00;915;8-2-2021;2;8;6;0;3;1;0
2021-02-08 04:00:00+01:00;916;8-2-2021;2;8;6;0;4;1;0
2021-02-08 05:00:00+01:00;917;8-2-2021;2;8;6;0;5;1;0
2021-02-08 06:00:00+01:00;918;8-2-2021;2;8;6;0;6;1;0
2021-02-08 07:00:00+01:00;919;8-2-2021;2;8;6;0;7;1;0
2021-02-08 08:00:00+01:00;920;8-2-2021;2;8;6;0;8;1;60
2021-02-08 09:00:00+01:00;921;8-2-2021;2;8;6;0;9;1;60
2021-02-08 10:00:00+01:00;922;8-2-2021;2;8;6;0;10;1;90
2021-02-08 11:00:00+01:00;923;8-2-2021;2;8;6;0;11;1;90
2021-02-08 12:00:00+01:00;924;8-2-2021;2;8;6;0;12;1;50
2021-02-08 13:00:00+01:00;925;8-2-2021;2;8;6;0;13;1;50
2021-02-08 14:00:00+01:00;926;8-2-2021;2;8;6;0;14;1;80
2021-02-08 15:00:00+01:00;927;8-2-2021;2;8;6;0;15;1;80
2021-02-08 16:00:00+01:00;928;8-2-2021;2;8;6;0;16;1;80
2021-02-08 17:00:00+01:00;929;8-2-2021;2;8;6;0;17;1;50
2021-02-08 18:00:00+01:00;930;8-2-2021;2;8;6;0;18;1;42
2021-02-08 19:00:00+01:00;931;8-2-2021;2;8;6;0;19;1;33
2021-02-08 20:00:00+01:00;932;8-2-2021;2;8;6;0;20;1;25
2021-02-08 21:00:00+01:00;933;8-2-2021;2;8;6;0;21;1;17
2021-02-08 22:00:00+01:00;934;8-2-2021;2;8;6;0;22;1;8
2021-02-08 23:00:00+01:00;935;8-2-2021;2;8;6;0;23;1;0
2021-02-09 00:00:00+01:00;936;9-2-2021;2;9;6;1;0;1;0
2021-02-09 01:00:00+01:00;937;9-2-2021;2;9;6;1;1;1;0
2021-02-09 02:00:00+01:00;938;9-2-2021;2;9;6;1;2;1;0
2021-02-09 03:00:00+01:00;939;9-2-2021;2;9;6;1;3;1;0
2021-02-09 04:00:00+01:00;940;9-2-2021;2;9;6;1;4;1;0
2021-02-09 05:00:00+01:00;941;9-2-2021;2;9;6;1;5;1;0
2021-02-09 06:00:00+01:00;942;9-2-2021;2;9;6;1;6;1;0
2021-02-09 07:00:00+01:00;943;9-2-2021;2;9;6;1;7;1;0
2021-02-09 08:00:00+01:00;944;9-2-2021;2;9;6;1;8;1;60
2021-02-09 09:00:00+01:00;945;9-2-2021;2;9;6;1;9;1;60
2021-02-09 10:00:00+01:00;946;9-2-2021;2;9;6;1;10;1;90
2021-02-09 11:00:00+01:00;947;9-2-2021;2;9;6;1;11;1;90
2021-02-09 12:00:00+01:00;948;9-2-2021;2;9;6;1;12;1;50
2021-02-09 13:00:00+01:00;949;9-2-2021;2;9;6;1;13;1;50
2021-02-09 14:00:00+01:00;950;9-2-2021;2;9;6;1;14;1;80
2021-02-09 15:00:00+01:00;951;9-2-2021;2;9;6;1;15;1;80
2021-02-09 16:00:00+01:00;952;9-2-2021;2;9;6;1;16;1;80
2021-02-09 17:00:00+01:00;953;9-2-2021;2;9;6;1;17;1;50
2021-02-09 18:00:00+01:00;954;9-2-2021;2;9;6;1;18;1;42
2021-02-09 19:00:00+01:00;955;9-2-2021;2;9;6;1;19;1;33
2021-02-09 20:00:00+01:00;956;9-2-2021;2;9;6;1;20;1;25
2021-02-09 21:00:00+01:00;957;9-2-2021;2;9;6;1;21;1;17
2021-02-09 22:00:00+01:00;958;9-2-2021;2;9;6;1;22;1;8
2021-02-09 23:00:00+01:00;959;9-2-2021;2;9;6;1;23;1;0
2021-02-10 00:00:00+01:00;960;10-2-2021;2;10;6;2;0;1;0
2021-02-10 01:00:00+01:00;961;10-2-2021;2;10;6;2;1;1;0
2021-02-10 02:00:00+01:00;962;10-2-2021;2;10;6;2;2;1;0
2021-02-10 03:00:00+01:00;963;10-2-2021;2;10;6;2;3;1;0
2021-02-10 04:00:00+01:00;964;10-2-2021;2;10;6;2;4;1;0
2021-02-10 05:00:00+01:00;965;10-2-2021;2;10;6;2;5;1;0
2021-02-10 06:00:00+01:00;966;10-2-2021;2;10;6;2;6;1;0
2021-02-10 07:00:00+01:00;967;10-2-2021;2;10;6;2;7;1;0
2021-02-10 08:00:00+01:00;968;10-2-2021;2;10;6;2;8;1;60
2021-02-10 09:00:00+01:00;969;10-2-2021;2;10;6;2;9;1;60
2021-02-10 10:00:00+01:00;970;10-2-2021;2;10;6;2;10;1;90
2021-02-10 11:00:00+01:00;971;10-2-2021;2;10;6;2;11;1;90
2021-02-10 12:00:00+01:00;972;10-2-2021;2;10;6;2;12;1;50
2021-02-10 13:00:00+01:00;973;10-2-2021;2;10;6;2;13;1;50
2021-02-10 14:00:00+01:00;974;10-2-2021;2;10;6;2;14;1;80
2021-02-10 15:00:00+01:00;975;10-2-2021;2;10;6;2;15;1;80
2021-02-10 16:00:00+01:00;976;10-2-2021;2;10;6;2;16;1;80
2021-02-10 17:00:00+01:00;977;10-2-2021;2;10;6;2;17;1;50
2021-02-10 18:00:00+01:00;978;10-2-2021;2;10;6;2;18;1;42
2021-02-10 19:00:00+01:00;979;10-2-2021;2;10;6;2;19;1;33
2021-02-10 20:00:00+01:00;980;10-2-2021;2;10;6;2;20;1;25
2021-02-10 21:00:00+01:00;981;10-2-2021;2;10;6;2;21;1;17
2021-02-10 22:00:00+01:00;982;10-2-2021;2;10;6;2;22;1;8
2021-02-10 23:00:00+01:00;983;10-2-2021;2;10;6;2;23;1;0
2021-02-11 00:00:00+01:00;984;11-2-2021;2;11;6;3;0;1;0
2021-02-11 01:00:00+01:00;985;11-2-2021;2;11;6;3;1;1;0
2021-02-11 02:00:00+01:00;986;11-2-2021;2;11;6;3;2;1;0
2021-02-11 03:00:00+01:00;987;11-2-2021;2;11;6;3;3;1;0
2021-02-11 04:00:00+01:00;988;11-2-2021;2;11;6;3;4;1;0
2021-02-11 05:00:00+01:00;989;11-2-2021;2;11;6;3;5;1;0
2021-02-11 06:00:00+01:00;990;11-2-2021;2;11;6;3;6;1;0
2021-02-11 07:00:00+01:00;991;11-2-2021;2;11;6;3;7;1;0
2021-02-11 08:00:00+01:00;992;11-2-2021;2;11;6;3;8;1;60
2021-02-11 09:00:00+01:00;993;11-2-2021;2;11;6;3;9;1;60
2021-02-11 10:00:00+01:00;994;11-2-2021;2;11;6;3;10;1;90
2021-02-11 11:00:00+01:00;995;11-2-2021;2;11;6;3;11;1;90
2021-02-11 12:00:00+01:00;996;11-2-2021;2;11;6;3;12;1;50
2021-02-11 13:00:00+01:00;997;11-2-2021;2;11;6;3;13;1;50
2021-02-11 14:00:00+01:00;998;11-2-2021;2;11;6;3;14;1;80
2021-02-11 15:00:00+01:00;999;11-2-2021;2;11;6;3;15;1;80
2021-02-11 16:00:00+01:00;1000;11-2-2021;2;11;6;3;16;1;80
2021-02-11 17:00:00+01:00;1001;11-2-2021;2;11;6;3;17;1;50
2021-02-11 18:00:00+01:00;1002;11-2-2021;2;11;6;3;18;1;42
2021-02-11 19:00:00+01:00;1003;11-2-2021;2;11;6;3;19;1;33
2021-02-11 20:00:00+01:00;1004;11-2-2021;2;11;6;3;20;1;25
2021-02-11 21:00:00+01:00;1005;11-2-2021;2;11;6;3;21;1;17
2021-02-11 22:00:00+01:00;1006;11-2-2021;2;11;6;3;22;1;8
2021-02-11 23:00:00+01:00;1007;11-2-2021;2;11;6;3;23;1;0
2021-02-12 00:00:00+01:00;1008;12-2-2021;2;12;6;4;0;1;0
2021-02-12 01:00:00+01:00;1009;12-2-2021;2;12;6;4;1;1;0
2021-02-12 02:00:00+01:00;1010;12-2-2021;2;12;6;4;2;1;0
2021-02-12 03:00:00+01:00;1011;12-2-2021;2;12;6;4;3;1;0
2021-02-12 04:00:00+01:00;1012;12-2-2021;2;12;6;4;4;1;0
2021-02-12 05:00:00+01:00;1013;12-2-2021;2;12;6;4;5;1;0
2021-02-12 06:00:00+01:00;1014;12-2-2021;2;12;6;4;6;1;0
2021-02-12 07:00:00+01:00;1015;12-2-2021;2;12;6;4;7;1;0
2021-02-12 08:00:00+01:00;1016;12-2-2021;2;12;6;4;8;1;60
2021-02-12 09:00:00+01:00;1017;12-2-2021;2;12;6;4;9;1;60
2021-02-12 10:00:00+01:00;1018;12-2-2021;2;12;6;4;10;1;90
2021-02-12 11:00:00+01:00;1019;12-2-2021;2;12;6;4;11;1;90
2021-02-12 12:00:00+01:00;1020;12-2-2021;2;12;6;4;12;1;50
2021-02-12 13:00:00+01:00;1021;12-2-2021;2;12;6;4;13;1;50
2021-02-12 14:00:00+01:00;1022;12-2-2021;2;12;6;4;14;1;80
2021-02-12 15:00:00+01:00;1023;12-2-2021;2;12;6;4;15;1;80
2021-02-12 16:00:00+01:00;1024;12-2-2021;2;12;6;4;16;1;80
2021-02-12 17:00:00+01:00;1025;12-2-2021;2;12;6;4;17;1;50
2021-02-12 18:00:00+01:00;1026;12-2-2021;2;12;6;4;18;1;42
2021-02-12 19:00:00+01:00;1027;12-2-2021;2;12;6;4;19;1;33
2021-02-12 20:00:00+01:00;1028;12-2-2021;2;12;6;4;20;1;25
2021-02-12 21:00:00+01:00;1029;12-2-2021;2;12;6;4;21;1;17
2021-02-12 22:00:00+01:00;1030;12-2-2021;2;12;6;4;22;1;8
2021-02-12 23:00:00+01:00;1031;12-2-2021;2;12;6;4;23;1;0
2021-02-13 00:00:00+01:00;1032;13-2-2021;2;13;6;5;0;2;0
2021-02-13 01:00:00+01:00;1033;13-2-2021;2;13;6;5;1;2;0
2021-02-13 02:00:00+01:00;1034;13-2-2021;2;13;6;5;2;2;0
2021-02-13 03:00:00+01:00;1035;13-2-2021;2;13;6;5;3;2;0
2021-02-13 04:00:00+01:00;1036;13-2-2021;2;13;6;5;4;2;0
2021-02-13 05:00:00+01:00;1037;13-2-2021;2;13;6;5;5;2;0
2021-02-13 06:00:00+01:00;1038;13-2-2021;2;13;6;5;6;2;0
2021-02-13 07:00:00+01:00;1039;13-2-2021;2;13;6;5;7;2;0
2021-02-13 08:00:00+01:00;1040;13-2-2021;2;13;6;5;8;2;0
2021-02-13 09:00:00+01:00;1041;13-2-2021;2;13;6;5;9;2;0
2021-02-13 10:00:00+01:00;1042;13-2-2021;2;13;6;5;10;2;50
2021-02-13 11:00:00+01:00;1043;13-2-2021;2;13;6;5;11;2;50
2021-02-13 12:00:00+01:00;1044;13-2-2021;2;13;6;5;12;2;30
2021-02-13 13:00:00+01:00;1045;13-2-2021;2;13;6;5;13;2;30
2021-02-13 14:00:00+01:00;1046;13-2-2021;2;13;6;5;14;2;50
2021-02-13 15:00:00+01:00;1047;13-2-2021;2;13;6;5;15;2;50
2021-02-13 16:00:00+01:00;1048;13-2-2021;2;13;6;5;16;2;50
2021-02-13 17:00:00+01:00;1049;13-2-2021;2;13;6;5;17;2;0
2021-02-13 18:00:00+01:00;1050;13-2-2021;2;13;6;5;18;2;0
2021-02-13 19:00:00+01:00;1051;13-2-2021;2;13;6;5;19;2;0
2021-02-13 20:00:00+01:00;1052;13-2-2021;2;13;6;5;20;2;0
2021-02-13 21:00:00+01:00;1053;13-2-2021;2;13;6;5;21;2;0
2021-02-13 22:00:00+01:00;1054;13-2-2021;2;13;6;5;22;2;0
2021-02-13 23:00:00+01:00;1055;13-2-2021;2;13;6;5;23;2;0
2021-02-14 00:00:00+01:00;1056;14-2-2021;2;14;6;6;0;3;0
2021-02-14 01:00:00+01:00;1057;14-2-2021;2;14;6;6;1;3;0
2021-02-14 02:00:00+01:00;1058;14-2-2021;2;14;6;6;2;3;0
2021-02-14 03:00:00+01:00;1059;14-2-2021;2;14;6;6;3;3;0
2021-02-14 04:00:00+01:00;1060;14-2-2021;2;14;6;6;4;3;0
2021-02-14 05:00:00+01:00;1061;14-2-2021;2;14;6;6;5;3;0
2021-02-14 06:00:00+01:00;1062;14-2-2021;2;14;6;6;6;3;0
2021-02-14 07:00:00+01:00;1063;14-2-2021;2;14;6;6;7;3;0
2021-02-14 08:00:00+01:00;1064;14-2-2021;2;14;6;6;8;3;0
2021-02-14 09:00:00+01:00;1065;14-2-2021;2;14;6;6;9;3;0
2021-02-14 10:00:00+01:00;1066;14-2-2021;2;14;6;6;10;3;0
2021-02-14 11:00:00+01:00;1067;14-2-2021;2;14;6;6;11;3;0
2021-02-14 12:00:00+01:00;1068;14-2-2021;2;14;6;6;12;3;0
2021-02-14 13:00:00+01:00;1069;14-2-2021;2;14;6;6;13;3;0
2021-02-14 14:00:00+01:00;1070;14-2-2021;2;14;6;6;14;3;0
2021-02-14 15:00:00+01:00;1071;14-2-2021;2;14;6;6;15;3;0
2021-02-14 16:00:00+01:00;1072;14-2-2021;2;14;6;6;16;3;0
2021-02-14 17:00:00+01:00;1073;14-2-2021;2;14;6;6;17;3;0
2021-02-14 18:00:00+01:00;1074;14-2-2021;2;14;6;6;18;3;0
2021-02-14 19:00:00+01:00;1075;14-2-2021;2;14;6;6;19;3;0
2021-02-14 20:00:00+01:00;1076;14-2-2021;2;14;6;6;20;3;0
2021-02-14 21:00:00+01:00;1077;14-2-2021;2;14;6;6;21;3;0
2021-02-14 22:00:00+01:00;1078;14-2-2021;2;14;6;6;22;3;0
2021-02-14 23:00:00+01:00;1079;14-2-2021;2;14;6;6;23;3;0
2021-02-15 00:00:00+01:00;1080;15-2-2021;2;15;7;0;0;1;0
2021-02-15 01:00:00+01:00;1081;15-2-2021;2;15;7;0;1;1;0
2021-02-15 02:00:00+01:00;1082;15-2-2021;2;15;7;0;2;1;0
2021-02-15 03:00:00+01:00;1083;15-2-2021;2;15;7;0;3;1;0
2021-02-15 04:00:00+01:00;1084;15-2-2021;2;15;7;0;4;1;0
2021-02-15 05:00:00+01:00;1085;15-2-2021;2;15;7;0;5;1;0
2021-02-15 06:00:00+01:00;1086;15-2-2021;2;15;7;0;6;1;0
2021-02-15 07:00:00+01:00;1087;15-2-2021;2;15;7;0;7;1;0
2021-02-15 08:00:00+01:00;1088;15-2-2021;2;15;7;0;8;1;60
2021-02-15 09:00:00+01:00;1089;15-2-2021;2;15;7;0;9;1;60
2021-02-15 10:00:00+01:00;1090;15-2-2021;2;15;7;0;10;1;90
2021-02-15 11:00:00+01:00;1091;15-2-2021;2;15;7;0;11;1;90
2021-02-15 12:00:00+01:00;1092;15-2-2021;2;15;7;0;12;1;50
2021-02-15 13:00:00+01:00;1093;15-2-2021;2;15;7;0;13;1;50
2021-02-15 14:00:00+01:00;1094;15-2-2021;2;15;7;0;14;1;80
2021-02-15 15:00:00+01:00;1095;15-2-2021;2;15;7;0;15;1;80
2021-02-15 16:00:00+01:00;1096;15-2-2021;2;15;7;0;16;1;80
2021-02-15 17:00:00+01:00;1097;15-2-2021;2;15;7;0;17;1;50
2021-02-15 18:00:00+01:00;1098;15-2-2021;2;15;7;0;18;1;42
2021-02-15 19:00:00+01:00;1099;15-2-2021;2;15;7;0;19;1;33
2021-02-15 20:00:00+01:00;1100;15-2-2021;2;15;7;0;20;1;25
2021-02-15 21:00:00+01:00;1101;15-2-2021;2;15;7;0;21;1;17
2021-02-15 22:00:00+01:00;1102;15-2-2021;2;15;7;0;22;1;8
2021-02-15 23:00:00+01:00;1103;15-2-2021;2;15;7;0;23;1;0
2021-02-16 00:00:00+01:00;1104;16-2-2021;2;16;7;1;0;1;0
2021-02-16 01:00:00+01:00;1105;16-2-2021;2;16;7;1;1;1;0
2021-02-16 02:00:00+01:00;1106;16-2-2021;2;16;7;1;2;1;0
2021-02-16 03:00:00+01:00;1107;16-2-2021;2;16;7;1;3;1;0
2021-02-16 04:00:00+01:00;1108;16-2-2021;2;16;7;1;4;1;0
2021-02-16 05:00:00+01:00;1109;16-2-2021;2;16;7;1;5;1;0
2021-02-16 06:00:00+01:00;1110;16-2-2021;2;16;7;1;6;1;0
2021-02-16 07:00:00+01:00;1111;16-2-2021;2;16;7;1;7;1;0
2021-02-16 08:00:00+01:00;1112;16-2-2021;2;16;7;1;8;1;60
2021-02-16 09:00:00+01:00;1113;16-2-2021;2;16;7;1;9;1;60
2021-02-16 10:00:00+01:00;1114;16-2-2021;2;16;7;1;10;1;90
2021-02-16 11:00:00+01:00;1115;16-2-2021;2;16;7;1;11;1;90
2021-02-16 12:00:00+01:00;1116;16-2-2021;2;16;7;1;12;1;50
2021-02-16 13:00:00+01:00;1117;16-2-2021;2;16;7;1;13;1;50
2021-02-16 14:00:00+01:00;1118;16-2-2021;2;16;7;1;14;1;80
2021-02-16 15:00:00+01:00;1119;16-2-2021;2;16;7;1;15;1;80
2021-02-16 16:00:00+01:00;1120;16-2-2021;2;16;7;1;16;1;80
2021-02-16 17:00:00+01:00;1121;16-2-2021;2;16;7;1;17;1;50
2021-02-16 18:00:00+01:00;1122;16-2-2021;2;16;7;1;18;1;42
2021-02-16 19:00:00+01:00;1123;16-2-2021;2;16;7;1;19;1;33
2021-02-16 20:00:00+01:00;1124;16-2-2021;2;16;7;1;20;1;25
2021-02-16 21:00:00+01:00;1125;16-2-2021;2;16;7;1;21;1;17
2021-02-16 22:00:00+01:00;1126;16-2-2021;2;16;7;1;22;1;8
2021-02-16 23:00:00+01:00;1127;16-2-2021;2;16;7;1;23;1;0
2021-02-17 00:00:00+01:00;1128;17-2-2021;2;17;7;2;0;1;0
2021-02-17 01:00:00+01:00;1129;17-2-2021;2;17;7;2;1;1;0
2021-02-17 02:00:00+01:00;1130;17-2-2021;2;17;7;2;2;1;0
2021-02-17 03:00:00+01:00;1131;17-2-2021;2;17;7;2;3;1;0
2021-02-17 04:00:00+01:00;1132;17-2-2021;2;17;7;2;4;1;0
2021-02-17 05:00:00+01:00;1133;17-2-2021;2;17;7;2;5;1;0
2021-02-17 06:00:00+01:00;1134;17-2-2021;2;17;7;2;6;1;0
2021-02-17 07:00:00+01:00;1135;17-2-2021;2;17;7;2;7;1;0
2021-02-17 08:00:00+01:00;1136;17-2-2021;2;17;7;2;8;1;60
2021-02-17 09:00:00+01:00;1137;17-2-2021;2;17;7;2;9;1;60
2021-02-17 10:00:00+01:00;1138;17-2-2021;2;17;7;2;10;1;90
2021-02-17 11:00:00+01:00;1139;17-2-2021;2;17;7;2;11;1;90
2021-02-17 12:00:00+01:00;1140;17-2-2021;2;17;7;2;12;1;50
2021-02-17 13:00:00+01:00;1141;17-2-2021;2;17;7;2;13;1;50
2021-02-17 14:00:00+01:00;1142;17-2-2021;2;17;7;2;14;1;80
2021-02-17 15:00:00+01:00;1143;17-2-2021;2;17;7;2;15;1;80
2021-02-17 16:00:00+01:00;1144;17-2-2021;2;17;7;2;16;1;80
2021-02-17 17:00:00+01:00;1145;17-2-2021;2;17;7;2;17;1;50
2021-02-17 18:00:00+01:00;1146;17-2-2021;2;17;7;2;18;1;42
2021-02-17 19:00:00+01:00;1147;17-2-2021;2;17;7;2;19;1;33
2021-02-17 20:00:00+01:00;1148;17-2-2021;2;17;7;2;20;1;25
2021-02-17 21:00:00+01:00;1149;17-2-2021;2;17;7;2;21;1;17
2021-02-17 22:00:00+01:00;1150;17-2-2021;2;17;7;2;22;1;8
2021-02-17 23:00:00+01:00;1151;17-2-2021;2;17;7;2;23;1;0
2021-02-18 00:00:00+01:00;1152;18-2-2021;2;18;7;3;0;1;0
2021-02-18 01:00:00+01:00;1153;18-2-2021;2;18;7;3;1;1;0
2021-02-18 02:00:00+01:00;1154;18-2-2021;2;18;7;3;2;1;0
2021-02-18 03:00:00+01:00;1155;18-2-2021;2;18;7;3;3;1;0
2021-02-18 04:00:00+01:00;1156;18-2-2021;2;18;7;3;4;1;0
2021-02-18 05:00:00+01:00;1157;18-2-2021;2;18;7;3;5;1;0
2021-02-18 06:00:00+01:00;1158;18-2-2021;2;18;7;3;6;1;0
2021-02-18 07:00:00+01:00;1159;18-2-2021;2;18;7;3;7;1;0
2021-02-18 08:00:00+01:00;1160;18-2-2021;2;18;7;3;8;1;60
2021-02-18 09:00:00+01:00;1161;18-2-2021;2;18;7;3;9;1;60
2021-02-18 10:00:00+01:00;1162;18-2-2021;2;18;7;3;10;1;90
2021-02-18 11:00:00+01:00;1163;18-2-2021;2;18;7;3;11;1;90
2021-02-18 12:00:00+01:00;1164;18-2-2021;2;18;7;3;12;1;50
2021-02-18 13:00:00+01:00;1165;18-2-2021;2;18;7;3;13;1;50
2021-02-18 14:00:00+01:00;1166;18-2-2021;2;18;7;3;14;1;80
2021-02-18 15:00:00+01:00;1167;18-2-2021;2;18;7;3;15;1;80
2021-02-18 16:00:00+01:00;1168;18-2-2021;2;18;7;3;16;1;80
2021-02-18 17:00:00+01:00;1169;18-2-2021;2;18;7;3;17;1;50
2021-02-18 18:00:00+01:00;1170;18-2-2021;2;18;7;3;18;1;42
2021-02-18 19:00:00+01:00;1171;18-2-2021;2;18;7;3;19;1;33
2021-02-18 20:00:00+01:00;1172;18-2-2021;2;18;7;3;20;1;25
2021-02-18 21:00:00+01:00;1173;18-2-2021;2;18;7;3;21;1;17
2021-02-18 22:00:00+01:00;1174;18-2-2021;2;18;7;3;22;1;8
2021-02-18 23:00:00+01:00;1175;18-2-2021;2;18;7;3;23;1;0
2021-02-19 00:00:00+01:00;1176;19-2-2021;2;19;7;4;0;1;0
2021-02-19 01:00:00+01:00;1177;19-2-2021;2;19;7;4;1;1;0
2021-02-19 02:00:00+01:00;1178;19-2-2021;2;19;7;4;2;1;0
2021-02-19 03:00:00+01:00;1179;19-2-2021;2;19;7;4;3;1;0
2021-02-19 04:00:00+01:00;1180;19-2-2021;2;19;7;4;4;1;0
2021-02-19 05:00:00+01:00;1181;19-2-2021;2;19;7;4;5;1;0
2021-02-19 06:00:00+01:00;1182;19-2-2021;2;19;7;4;6;1;0
2021-02-19 07:00:00+01:00;1183;19-2-2021;2;19;7;4;7;1;0
2021-02-19 08:00:00+01:00;1184;19-2-2021;2;19;7;4;8;1;60
2021-02-19 09:00:00+01:00;1185;19-2-2021;2;19;7;4;9;1;60
2021-02-19 10:00:00+01:00;1186;19-2-2021;2;19;7;4;10;1;90
2021-02-19 11:00:00+01:00;1187;19-2-2021;2;19;7;4;11;1;90
2021-02-19 12:00:00+01:00;1188;19-2-2021;2;19;7;4;12;1;50
2021-02-19 13:00:00+01:00;1189;19-2-2021;2;19;7;4;13;1;50
2021-02-19 14:00:00+01:00;1190;19-2-2021;2;19;7;4;14;1;80
2021-02-19 15:00:00+01:00;1191;19-2-2021;2;19;7;4;15;1;80
2021-02-19 16:00:00+01:00;1192;19-2-2021;2;19;7;4;16;1;80
2021-02-19 17:00:00+01:00;1193;19-2-2021;2;19;7;4;17;1;50
2021-02-19 18:00:00+01:00;1194;19-2-2021;2;19;7;4;18;1;42
2021-02-19 19:00:00+01:00;1195;19-2-2021;2;19;7;4;19;1;33
2021-02-19 20:00:00+01:00;1196;19-2-2021;2;19;7;4;20;1;25
2021-02-19 21:00:00+01:00;1197;19-2-2021;2;19;7;4;21;1;17
2021-02-19 22:00:00+01:00;1198;19-2-2021;2;19;7;4;22;1;8
2021-02-19 23:00:00+01:00;1199;19-2-2021;2;19;7;4;23;1;0
2021-02-20 00:00:00+01:00;1200;20-2-2021;2;20;7;5;0;2;0
2021-02-20 01:00:00+01:00;1201;20-2-2021;2;20;7;5;1;2;0
2021-02-20 02:00:00+01:00;1202;20-2-2021;2;20;7;5;2;2;0
2021-02-20 03:00:00+01:00;1203;20-2-2021;2;20;7;5;3;2;0
2021-02-20 04:00:00+01:00;1204;20-2-2021;2;20;7;5;4;2;0
2021-02-20 05:00:00+01:00;1205;20-2-2021;2;20;7;5;5;2;0
2021-02-20 06:00:00+01:00;1206;20-2-2021;2;20;7;5;6;2;0
2021-02-20 07:00:00+01:00;1207;20-2-2021;2;20;7;5;7;2;0
2021-02-20 08:00:00+01:00;1208;20-2-2021;2;20;7;5;8;2;0
2021-02-20 09:00:00+01:00;1209;20-2-2021;2;20;7;5;9;2;0
2021-02-20 10:00:00+01:00;1210;20-2-2021;2;20;7;5;10;2;50
2021-02-20 11:00:00+01:00;1211;20-2-2021;2;20;7;5;11;2;50
2021-02-20 12:00:00+01:00;1212;20-2-2021;2;20;7;5;12;2;30
2021-02-20 13:00:00+01:00;1213;20-2-2021;2;20;7;5;13;2;30
2021-02-20 14:00:00+01:00;1214;20-2-2021;2;20;7;5;14;2;50
2021-02-20 15:00:00+01:00;1215;20-2-2021;2;20;7;5;15;2;50
2021-02-20 16:00:00+01:00;1216;20-2-2021;2;20;7;5;16;2;50
2021-02-20 17:00:00+01:00;1217;20-2-2021;2;20;7;5;17;2;0
2021-02-20 18:00:00+01:00;1218;20-2-2021;2;20;7;5;18;2;0
2021-02-20 19:00:00+01:00;1219;20-2-2021;2;20;7;5;19;2;0
2021-02-20 20:00:00+01:00;1220;20-2-2021;2;20;7;5;20;2;0
2021-02-20 21:00:00+01:00;1221;20-2-2021;2;20;7;5;21;2;0
2021-02-20 22:00:00+01:00;1222;20-2-2021;2;20;7;5;22;2;0
2021-02-20 23:00:00+01:00;1223;20-2-2021;2;20;7;5;23;2;0
2021-02-21 00:00:00+01:00;1224;21-2-2021;2;21;7;6;0;3;0
2021-02-21 01:00:00+01:00;1225;21-2-2021;2;21;7;6;1;3;0
2021-02-21 02:00:00+01:00;1226;21-2-2021;2;21;7;6;2;3;0
2021-02-21 03:00:00+01:00;1227;21-2-2021;2;21;7;6;3;3;0
2021-02-21 04:00:00+01:00;1228;21-2-2021;2;21;7;6;4;3;0
2021-02-21 05:00:00+01:00;1229;21-2-2021;2;21;7;6;5;3;0
2021-02-21 06:00:00+01:00;1230;21-2-2021;2;21;7;6;6;3;0
2021-02-21 07:00:00+01:00;1231;21-2-2021;2;21;7;6;7;3;0
2021-02-21 08:00:00+01:00;1232;21-2-2021;2;21;7;6;8;3;0
2021-02-21 09:00:00+01:00;1233;21-2-2021;2;21;7;6;9;3;0
2021-02-21 10:00:00+01:00;1234;21-2-2021;2;21;7;6;10;3;0
2021-02-21 11:00:00+01:00;1235;21-2-2021;2;21;7;6;11;3;0
2021-02-21 12:00:00+01:00;1236;21-2-2021;2;21;7;6;12;3;0
2021-02-21 13:00:00+01:00;1237;21-2-2021;2;21;7;6;13;3;0
2021-02-21 14:00:00+01:00;1238;21-2-2021;2;21;7;6;14;3;0
2021-02-21 15:00:00+01:00;1239;21-2-2021;2;21;7;6;15;3;0
2021-02-21 16:00:00+01:00;1240;21-2-2021;2;21;7;6;16;3;0
2021-02-21 17:00:00+01:00;1241;21-2-2021;2;21;7;6;17;3;0
2021-02-21 18:00:00+01:00;1242;21-2-2021;2;21;7;6;18;3;0
2021-02-21 19:00:00+01:00;1243;21-2-2021;2;21;7;6;19;3;0
2021-02-21 20:00:00+01:00;1244;21-2-2021;2;21;7;6;20;3;0
2021-02-21 21:00:00+01:00;1245;21-2-2021;2;21;7;6;21;3;0
2021-02-21 22:00:00+01:00;1246;21-2-2021;2;21;7;6;22;3;0
2021-02-21 23:00:00+01:00;1247;21-2-2021;2;21;7;6;23;3;0
2021-02-22 00:00:00+01:00;1248;22-2-2021;2;22;8;0;0;1;0
2021-02-22 01:00:00+01:00;1249;22-2-2021;2;22;8;0;1;1;0
2021-02-22 02:00:00+01:00;1250;22-2-2021;2;22;8;0;2;1;0
2021-02-22 03:00:00+01:00;1251;22-2-2021;2;22;8;0;3;1;0
2021-02-22 04:00:00+01:00;1252;22-2-2021;2;22;8;0;4;1;0
2021-02-22 05:00:00+01:00;1253;22-2-2021;2;22;8;0;5;1;0
2021-02-22 06:00:00+01:00;1254;22-2-2021;2;22;8;0;6;1;0
2021-02-22 07:00:00+01:00;1255;22-2-2021;2;22;8;0;7;1;0
2021-02-22 08:00:00+01:00;1256;22-2-2021;2;22;8;0;8;1;60
2021-02-22 09:00:00+01:00;1257;22-2-2021;2;22;8;0;9;1;60
2021-02-22 10:00:00+01:00;1258;22-2-2021;2;22;8;0;10;1;90
2021-02-22 11:00:00+01:00;1259;22-2-2021;2;22;8;0;11;1;90
2021-02-22 12:00:00+01:00;1260;22-2-2021;2;22;8;0;12;1;50
2021-02-22 13:00:00+01:00;1261;22-2-2021;2;22;8;0;13;1;50
2021-02-22 14:00:00+01:00;1262;22-2-2021;2;22;8;0;14;1;80
2021-02-22 15:00:00+01:00;1263;22-2-2021;2;22;8;0;15;1;80
2021-02-22 16:00:00+01:00;1264;22-2-2021;2;22;8;0;16;1;80
2021-02-22 17:00:00+01:00;1265;22-2-2021;2;22;8;0;17;1;50
2021-02-22 18:00:00+01:00;1266;22-2-2021;2;22;8;0;18;1;42
2021-02-22 19:00:00+01:00;1267;22-2-2021;2;22;8;0;19;1;33
2021-02-22 20:00:00+01:00;1268;22-2-2021;2;22;8;0;20;1;25
2021-02-22 21:00:00+01:00;1269;22-2-2021;2;22;8;0;21;1;17
2021-02-22 22:00:00+01:00;1270;22-2-2021;2;22;8;0;22;1;8
2021-02-22 23:00:00+01:00;1271;22-2-2021;2;22;8;0;23;1;0
2021-02-23 00:00:00+01:00;1272;23-2-2021;2;23;8;1;0;1;0
2021-02-23 01:00:00+01:00;1273;23-2-2021;2;23;8;1;1;1;0
2021-02-23 02:00:00+01:00;1274;23-2-2021;2;23;8;1;2;1;0
2021-02-23 03:00:00+01:00;1275;23-2-2021;2;23;8;1;3;1;0
2021-02-23 04:00:00+01:00;1276;23-2-2021;2;23;8;1;4;1;0
2021-02-23 05:00:00+01:00;1277;23-2-2021;2;23;8;1;5;1;0
2021-02-23 06:00:00+01:00;1278;23-2-2021;2;23;8;1;6;1;0
2021-02-23 07:00:00+01:00;1279;23-2-2021;2;23;8;1;7;1;0
2021-02-23 08:00:00+01:00;1280;23-2-2021;2;23;8;1;8;1;60
2021-02-23 09:00:00+01:00;1281;23-2-2021;2;23;8;1;9;1;60
2021-02-23 10:00:00+01:00;1282;23-2-2021;2;23;8;1;10;1;90
2021-02-23 11:00:00+01:00;1283;23-2-2021;2;23;8;1;11;1;90
2021-02-23 12:00:00+01:00;1284;23-2-2021;2;23;8;1;12;1;50
2021-02-23 13:00:00+01:00;1285;23-2-2021;2;23;8;1;13;1;50
2021-02-23 14:00:00+01:00;1286;23-2-2021;2;23;8;1;14;1;80
2021-02-23 15:00:00+01:00;1287;23-2-2021;2;23;8;1;15;1;80
2021-02-23 16:00:00+01:00;1288;23-2-2021;2;23;8;1;16;1;80
2021-02-23 17:00:00+01:00;1289;23-2-2021;2;23;8;1;17;1;50
2021-02-23 18:00:00+01:00;1290;23-2-2021;2;23;8;1;18;1;42
2021-02-23 19:00:00+01:00;1291;23-2-2021;2;23;8;1;19;1;33
2021-02-23 20:00:00+01:00;1292;23-2-2021;2;23;8;1;20;1;25
2021-02-23 21:00:00+01:00;1293;23-2-2021;2;23;8;1;21;1;17
2021-02-23 22:00:00+01:00;1294;23-2-2021;2;23;8;1;22;1;8
2021-02-23 23:00:00+01:00;1295;23-2-2021;2;23;8;1;23;1;0
2021-02-24 00:00:00+01:00;1296;24-2-2021;2;24;8;2;0;1;0
2021-02-24 01:00:00+01:00;1297;24-2-2021;2;24;8;2;1;1;0
2021-02-24 02:00:00+01:00;1298;24-2-2021;2;24;8;2;2;1;0
2021-02-24 03:00:00+01:00;1299;24-2-2021;2;24;8;2;3;1;0
2021-02-24 04:00:00+01:00;1300;24-2-2021;2;24;8;2;4;1;0
2021-02-24 05:00:00+01:00;1301;24-2-2021;2;24;8;2;5;1;0
2021-02-24 06:00:00+01:00;1302;24-2-2021;2;24;8;2;6;1;0
2021-02-24 07:00:00+01:00;1303;24-2-2021;2;24;8;2;7;1;0
2021-02-24 08:00:00+01:00;1304;24-2-2021;2;24;8;2;8;1;60
2021-02-24 09:00:00+01:00;1305;24-2-2021;2;24;8;2;9;1;60
2021-02-24 10:00:00+01:00;1306;24-2-2021;2;24;8;2;10;1;90
2021-02-24 11:00:00+01:00;1307;24-2-2021;2;24;8;2;11;1;90
2021-02-24 12:00:00+01:00;1308;24-2-2021;2;24;8;2;12;1;50
2021-02-24 13:00:00+01:00;1309;24-2-2021;2;24;8;2;13;1;50
2021-02-24 14:00:00+01:00;1310;24-2-2021;2;24;8;2;14;1;80
2021-02-24 15:00:00+01:00;1311;24-2-2021;2;24;8;2;15;1;80
2021-02-24 16:00:00+01:00;1312;24-2-2021;2;24;8;2;16;1;80
2021-02-24 17:00:00+01:00;1313;24-2-2021;2;24;8;2;17;1;50
2021-02-24 18:00:00+01:00;1314;24-2-2021;2;24;8;2;18;1;42
2021-02-24 19:00:00+01:00;1315;24-2-2021;2;24;8;2;19;1;33
2021-02-24 20:00:00+01:00;1316;24-2-2021;2;24;8;2;20;1;25
2021-02-24 21:00:00+01:00;1317;24-2-2021;2;24;8;2;21;1;17
2021-02-24 22:00:00+01:00;1318;24-2-2021;2;24;8;2;22;1;8
2021-02-24 23:00:00+01:00;1319;24-2-2021;2;24;8;2;23;1;0
2021-02-25 00:00:00+01:00;1320;25-2-2021;2;25;8;3;0;1;0
2021-02-25 01:00:00+01:00;1321;25-2-2021;2;25;8;3;1;1;0
2021-02-25 02:00:00+01:00;1322;25-2-2021;2;25;8;3;2;1;0
2021-02-25 03:00:00+01:00;1323;25-2-2021;2;25;8;3;3;1;0
2021-02-25 04:00:00+01:00;1324;25-2-2021;2;25;8;3;4;1;0
2021-02-25 05:00:00+01:00;1325;25-2-2021;2;25;8;3;5;1;0
2021-02-25 06:00:00+01:00;1326;25-2-2021;2;25;8;3;6;1;0
2021-02-25 07:00:00+01:00;1327;25-2-2021;2;25;8;3;7;1;0
2021-02-25 08:00:00+01:00;1328;25-2-2021;2;25;8;3;8;1;60
2021-02-25 09:00:00+01:00;1329;25-2-2021;2;25;8;3;9;1;60
2021-02-25 10:00:00+01:00;1330;25-2-2021;2;25;8;3;10;1;90
2021-02-25 11:00:00+01:00;1331;25-2-2021;2;25;8;3;11;1;90
2021-02-25 12:00:00+01:00;1332;25-2-2021;2;25;8;3;12;1;50
2021-02-25 13:00:00+01:00;1333;25-2-2021;2;25;8;3;13;1;50
2021-02-25 14:00:00+01:00;1334;25-2-2021;2;25;8;3;14;1;80
2021-02-25 15:00:00+01:00;1335;25-2-2021;2;25;8;3;15;1;80
2021-02-25 16:00:00+01:00;1336;25-2-2021;2;25;8;3;16;1;80
2021-02-25 17:00:00+01:00;1337;25-2-2021;2;25;8;3;17;1;50
2021-02-25 18:00:00+01:00;1338;25-2-2021;2;25;8;3;18;1;42
2021-02-25 19:00:00+01:00;1339;25-2-2021;2;25;8;3;19;1;33
2021-02-25 20:00:00+01:00;1340;25-2-2021;2;25;8;3;20;1;25
2021-02-25 21:00:00+01:00;1341;25-2-2021;2;25;8;3;21;1;17
2021-02-25 22:00:00+01:00;1342;25-2-2021;2;25;8;3;22;1;8
2021-02-25 23:00:00+01:00;1343;25-2-2021;2;25;8;3;23;1;0
2021-02-26 00:00:00+01:00;1344;26-2-2021;2;26;8;4;0;1;0
2021-02-26 01:00:00+01:00;1345;26-2-2021;2;26;8;4;1;1;0
2021-02-26 02:00:00+01:00;1346;26-2-2021;2;26;8;4;2;1;0
2021-02-26 03:00:00+01:00;1347;26-2-2021;2;26;8;4;3;1;0
2021-02-26 04:00:00+01:00;1348;26-2-2021;2;26;8;4;4;1;0
2021-02-26 05:00:00+01:00;1349;26-2-2021;2;26;8;4;5;1;0
2021-02-26 06:00:00+01:00;1350;26-2-2021;2;26;8;4;6;1;0
2021-02-26 07:00:00+01:00;1351;26-2-2021;2;26;8;4;7;1;0
2021-02-26 08:00:00+01:00;1352;26-2-2021;2;26;8;4;8;1;60
2021-02-26 09:00:00+01:00;1353;26-2-2021;2;26;8;4;9;1;60
2021-02-26 10:00:00+01:00;1354;26-2-2021;2;26;8;4;10;1;90
2021-02-26 11:00:00+01:00;1355;26-2-2021;2;26;8;4;11;1;90
2021-02-26 12:00:00+01:00;1356;26-2-2021;2;26;8;4;12;1;50
2021-02-26 13:00:00+01:00;1357;26-2-2021;2;26;8;4;13;1;50
2021-02-26 14:00:00+01:00;1358;26-2-2021;2;26;8;4;14;1;80
2021-02-26 15:00:00+01:00;1359;26-2-2021;2;26;8;4;15;1;80
2021-02-26 16:00:00+01:00;1360;26-2-2021;2;26;8;4;16;1;80
2021-02-26 17:00:00+01:00;1361;26-2-2021;2;26;8;4;17;1;50
2021-02-26 18:00:00+01:00;1362;26-2-2021;2;26;8;4;18;1;42
2021-02-26 19:00:00+01:00;1363;26-2-2021;2;26;8;4;19;1;33
2021-02-26 20:00:00+01:00;1364;26-2-2021;2;26;8;4;20;1;25
2021-02-26 21:00:00+01:00;1365;26-2-2021;2;26;8;4;21;1;17
2021-02-26 22:00:00+01:00;1366;26-2-2021;2;26;8;4;22;1;8
2021-02-26 23:00:00+01:00;1367;26-2-2021;2;26;8;4;23;1;0
2021-02-27 00:00:00+01:00;1368;27-2-2021;2;27;8;5;0;2;0
2021-02-27 01:00:00+01:00;1369;27-2-2021;2;27;8;5;1;2;0
2021-02-27 02:00:00+01:00;1370;27-2-2021;2;27;8;5;2;2;0
2021-02-27 03:00:00+01:00;1371;27-2-2021;2;27;8;5;3;2;0
2021-02-27 04:00:00+01:00;1372;27-2-2021;2;27;8;5;4;2;0
2021-02-27 05:00:00+01:00;1373;27-2-2021;2;27;8;5;5;2;0
2021-02-27 06:00:00+01:00;1374;27-2-2021;2;27;8;5;6;2;0
2021-02-27 07:00:00+01:00;1375;27-2-2021;2;27;8;5;7;2;0
2021-02-27 08:00:00+01:00;1376;27-2-2021;2;27;8;5;8;2;0
2021-02-27 09:00:00+01:00;1377;27-2-2021;2;27;8;5;9;2;0
2021-02-27 10:00:00+01:00;1378;27-2-2021;2;27;8;5;10;2;50
2021-02-27 11:00:00+01:00;1379;27-2-2021;2;27;8;5;11;2;50
2021-02-27 12:00:00+01:00;1380;27-2-2021;2;27;8;5;12;2;30
2021-02-27 13:00:00+01:00;1381;27-2-2021;2;27;8;5;13;2;30
2021-02-27 14:00:00+01:00;1382;27-2-2021;2;27;8;5;14;2;50
2021-02-27 15:00:00+01:00;1383;27-2-2021;2;27;8;5;15;2;50
2021-02-27 16:00:00+01:00;1384;27-2-2021;2;27;8;5;16;2;50
2021-02-27 17:00:00+01:00;1385;27-2-2021;2;27;8;5;17;2;0
2021-02-27 18:00:00+01:00;1386;27-2-2021;2;27;8;5;18;2;0
2021-02-27 19:00:00+01:00;1387;27-2-2021;2;27;8;5;19;2;0
2021-02-27 20:00:00+01:00;1388;27-2-2021;2;27;8;5;20;2;0
2021-02-27 21:00:00+01:00;1389;27-2-2021;2;27;8;5;21;2;0
2021-02-27 22:00:00+01:00;1390;27-2-2021;2;27;8;5;22;2;0
2021-02-27 23:00:00+01:00;1391;27-2-2021;2;27;8;5;23;2;0
2021-02-28 00:00:00+01:00;1392;28-2-2021;2;28;8;6;0;3;0
2021-02-28 01:00:00+01:00;1393;28-2-2021;2;28;8;6;1;3;0
2021-02-28 02:00:00+01:00;1394;28-2-2021;2;28;8;6;2;3;0
2021-02-28 03:00:00+01:00;1395;28-2-2021;2;28;8;6;3;3;0
2021-02-28 04:00:00+01:00;1396;28-2-2021;2;28;8;6;4;3;0
2021-02-28 05:00:00+01:00;1397;28-2-2021;2;28;8;6;5;3;0
2021-02-28 06:00:00+01:00;1398;28-2-2021;2;28;8;6;6;3;0
2021-02-28 07:00:00+01:00;1399;28-2-2021;2;28;8;6;7;3;0
2021-02-28 08:00:00+01:00;1400;28-2-2021;2;28;8;6;8;3;0
2021-02-28 09:00:00+01:00;1401;28-2-2021;2;28;8;6;9;3;0
2021-02-28 10:00:00+01:00;1402;28-2-2021;2;28;8;6;10;3;0
2021-02-28 11:00:00+01:00;1403;28-2-2021;2;28;8;6;11;3;0
2021-02-28 12:00:00+01:00;1404;28-2-2021;2;28;8;6;12;3;0
2021-02-28 13:00:00+01:00;1405;28-2-2021;2;28;8;6;13;3;0
2021-02-28 14:00:00+01:00;1406;28-2-2021;2;28;8;6;14;3;0
2021-02-28 15:00:00+01:00;1407;28-2-2021;2;28;8;6;15;3;0
2021-02-28 16:00:00+01:00;1408;28-2-2021;2;28;8;6;16;3;0
2021-02-28 17:00:00+01:00;1409;28-2-2021;2;28;8;6;17;3;0
2021-02-28 18:00:00+01:00;1410;28-2-2021;2;28;8;6;18;3;0
2021-02-28 19:00:00+01:00;1411;28-2-2021;2;28;8;6;19;3;0
2021-02-28 20:00:00+01:00;1412;28-2-2021;2;28;8;6;20;3;0
2021-02-28 21:00:00+01:00;1413;28-2-2021;2;28;8;6;21;3;0
2021-02-28 22:00:00+01:00;1414;28-2-2021;2;28;8;6;22;3;0
2021-02-28 23:00:00+01:00;1415;28-2-2021;2;28;8;6;23;3;0
2021-03-01 00:00:00+01:00;1416;1-3-2021;3;1;9;0;0;1;0
2021-03-01 01:00:00+01:00;1417;1-3-2021;3;1;9;0;1;1;0
2021-03-01 02:00:00+01:00;1418;1-3-2021;3;1;9;0;2;1;0
2021-03-01 03:00:00+01:00;1419;1-3-2021;3;1;9;0;3;1;0
2021-03-01 04:00:00+01:00;1420;1-3-2021;3;1;9;0;4;1;0
2021-03-01 05:00:00+01:00;1421;1-3-2021;3;1;9;0;5;1;0
2021-03-01 06:00:00+01:00;1422;1-3-2021;3;1;9;0;6;1;0
2021-03-01 07:00:00+01:00;1423;1-3-2021;3;1;9;0;7;1;0
2021-03-01 08:00:00+01:00;1424;1-3-2021;3;1;9;0;8;1;60
2021-03-01 09:00:00+01:00;1425;1-3-2021;3;1;9;0;9;1;60
2021-03-01 10:00:00+01:00;1426;1-3-2021;3;1;9;0;10;1;90
2021-03-01 11:00:00+01:00;1427;1-3-2021;3;1;9;0;11;1;90
2021-03-01 12:00:00+01:00;1428;1-3-2021;3;1;9;0;12;1;50
2021-03-01 13:00:00+01:00;1429;1-3-2021;3;1;9;0;13;1;50
2021-03-01 14:00:00+01:00;1430;1-3-2021;3;1;9;0;14;1;80
2021-03-01 15:00:00+01:00;1431;1-3-2021;3;1;9;0;15;1;80
2021-03-01 16:00:00+01:00;1432;1-3-2021;3;1;9;0;16;1;80
2021-03-01 17:00:00+01:00;1433;1-3-2021;3;1;9;0;17;1;50
2021-03-01 18:00:00+01:00;1434;1-3-2021;3;1;9;0;18;1;42
2021-03-01 19:00:00+01:00;1435;1-3-2021;3;1;9;0;19;1;33
2021-03-01 20:00:00+01:00;1436;1-3-2021;3;1;9;0;20;1;25
2021-03-01 21:00:00+01:00;1437;1-3-2021;3;1;9;0;21;1;17
2021-03-01 22:00:00+01:00;1438;1-3-2021;3;1;9;0;22;1;8
2021-03-01 23:00:00+01:00;1439;1-3-2021;3;1;9;0;23;1;0
2021-03-02 00:00:00+01:00;1440;2-3-2021;3;2;9;1;0;1;0
2021-03-02 01:00:00+01:00;1441;2-3-2021;3;2;9;1;1;1;0
2021-03-02 02:00:00+01:00;1442;2-3-2021;3;2;9;1;2;1;0
2021-03-02 03:00:00+01:00;1443;2-3-2021;3;2;9;1;3;1;0
2021-03-02 04:00:00+01:00;1444;2-3-2021;3;2;9;1;4;1;0
2021-03-02 05:00:00+01:00;1445;2-3-2021;3;2;9;1;5;1;0
2021-03-02 06:00:00+01:00;1446;2-3-2021;3;2;9;1;6;1;0
2021-03-02 07:00:00+01:00;1447;2-3-2021;3;2;9;1;7;1;0
2021-03-02 08:00:00+01:00;1448;2-3-2021;3;2;9;1;8;1;60
2021-03-02 09:00:00+01:00;1449;2-3-2021;3;2;9;1;9;1;60
2021-03-02 10:00:00+01:00;1450;2-3-2021;3;2;9;1;10;1;90
2021-03-02 11:00:00+01:00;1451;2-3-2021;3;2;9;1;11;1;90
2021-03-02 12:00:00+01:00;1452;2-3-2021;3;2;9;1;12;1;50
2021-03-02 13:00:00+01:00;1453;2-3-2021;3;2;9;1;13;1;50
2021-03-02 14:00:00+01:00;1454;2-3-2021;3;2;9;1;14;1;80
2021-03-02 15:00:00+01:00;1455;2-3-2021;3;2;9;1;15;1;80
2021-03-02 16:00:00+01:00;1456;2-3-2021;3;2;9;1;16;1;80
2021-03-02 17:00:00+01:00;1457;2-3-2021;3;2;9;1;17;1;50
2021-03-02 18:00:00+01:00;1458;2-3-2021;3;2;9;1;18;1;42
2021-03-02 19:00:00+01:00;1459;2-3-2021;3;2;9;1;19;1;33
2021-03-02 20:00:00+01:00;1460;2-3-2021;3;2;9;1;20;1;25
2021-03-02 21:00:00+01:00;1461;2-3-2021;3;2;9;1;21;1;17
2021-03-02 22:00:00+01:00;1462;2-3-2021;3;2;9;1;22;1;8
2021-03-02 23:00:00+01:00;1463;2-3-2021;3;2;9;1;23;1;0
2021-03-03 00:00:00+01:00;1464;3-3-2021;3;3;9;2;0;1;0
2021-03-03 01:00:00+01:00;1465;3-3-2021;3;3;9;2;1;1;0
2021-03-03 02:00:00+01:00;1466;3-3-2021;3;3;9;2;2;1;0
2021-03-03 03:00:00+01:00;1467;3-3-2021;3;3;9;2;3;1;0
2021-03-03 04:00:00+01:00;1468;3-3-2021;3;3;9;2;4;1;0
2021-03-03 05:00:00+01:00;1469;3-3-2021;3;3;9;2;5;1;0
2021-03-03 06:00:00+01:00;1470;3-3-2021;3;3;9;2;6;1;0
2021-03-03 07:00:00+01:00;1471;3-3-2021;3;3;9;2;7;1;0
2021-03-03 08:00:00+01:00;1472;3-3-2021;3;3;9;2;8;1;60
2021-03-03 09:00:00+01:00;1473;3-3-2021;3;3;9;2;9;1;60
2021-03-03 10:00:00+01:00;1474;3-3-2021;3;3;9;2;10;1;90
2021-03-03 11:00:00+01:00;1475;3-3-2021;3;3;9;2;11;1;90
2021-03-03 12:00:00+01:00;1476;3-3-2021;3;3;9;2;12;1;50
2021-03-03 13:00:00+01:00;1477;3-3-2021;3;3;9;2;13;1;50
2021-03-03 14:00:00+01:00;1478;3-3-2021;3;3;9;2;14;1;80
2021-03-03 15:00:00+01:00;1479;3-3-2021;3;3;9;2;15;1;80
2021-03-03 16:00:00+01:00;1480;3-3-2021;3;3;9;2;16;1;80
2021-03-03 17:00:00+01:00;1481;3-3-2021;3;3;9;2;17;1;50
2021-03-03 18:00:00+01:00;1482;3-3-2021;3;3;9;2;18;1;42
2021-03-03 19:00:00+01:00;1483;3-3-2021;3;3;9;2;19;1;33
2021-03-03 20:00:00+01:00;1484;3-3-2021;3;3;9;2;20;1;25
2021-03-03 21:00:00+01:00;1485;3-3-2021;3;3;9;2;21;1;17
2021-03-03 22:00:00+01:00;1486;3-3-2021;3;3;9;2;22;1;8
2021-03-03 23:00:00+01:00;1487;3-3-2021;3;3;9;2;23;1;0
2021-03-04 00:00:00+01:00;1488;4-3-2021;3;4;9;3;0;1;0
2021-03-04 01:00:00+01:00;1489;4-3-2021;3;4;9;3;1;1;0
2021-03-04 02:00:00+01:00;1490;4-3-2021;3;4;9;3;2;1;0
2021-03-04 03:00:00+01:00;1491;4-3-2021;3;4;9;3;3;1;0
2021-03-04 04:00:00+01:00;1492;4-3-2021;3;4;9;3;4;1;0
2021-03-04 05:00:00+01:00;1493;4-3-2021;3;4;9;3;5;1;0
2021-03-04 06:00:00+01:00;1494;4-3-2021;3;4;9;3;6;1;0
2021-03-04 07:00:00+01:00;1495;4-3-2021;3;4;9;3;7;1;0
2021-03-04 08:00:00+01:00;1496;4-3-2021;3;4;9;3;8;1;60
2021-03-04 09:00:00+01:00;1497;4-3-2021;3;4;9;3;9;1;60
2021-03-04 10:00:00+01:00;1498;4-3-2021;3;4;9;3;10;1;90
2021-03-04 11:00:00+01:00;1499;4-3-2021;3;4;9;3;11;1;90
2021-03-04 12:00:00+01:00;1500;4-3-2021;3;4;9;3;12;1;50
2021-03-04 13:00:00+01:00;1501;4-3-2021;3;4;9;3;13;1;50
2021-03-04 14:00:00+01:00;1502;4-3-2021;3;4;9;3;14;1;80
2021-03-04 15:00:00+01:00;1503;4-3-2021;3;4;9;3;15;1;80
2021-03-04 16:00:00+01:00;1504;4-3-2021;3;4;9;3;16;1;80
2021-03-04 17:00:00+01:00;1505;4-3-2021;3;4;9;3;17;1;50
2021-03-04 18:00:00+01:00;1506;4-3-2021;3;4;9;3;18;1;42
2021-03-04 19:00:00+01:00;1507;4-3-2021;3;4;9;3;19;1;33
2021-03-04 20:00:00+01:00;1508;4-3-2021;3;4;9;3;20;1;25
2021-03-04 21:00:00+01:00;1509;4-3-2021;3;4;9;3;21;1;17
2021-03-04 22:00:00+01:00;1510;4-3-2021;3;4;9;3;22;1;8
2021-03-04 23:00:00+01:00;1511;4-3-2021;3;4;9;3;23;1;0
2021-03-05 00:00:00+01:00;1512;5-3-2021;3;5;9;4;0;1;0
2021-03-05 01:00:00+01:00;1513;5-3-2021;3;5;9;4;1;1;0
2021-03-05 02:00:00+01:00;1514;5-3-2021;3;5;9;4;2;1;0
2021-03-05 03:00:00+01:00;1515;5-3-2021;3;5;9;4;3;1;0
2021-03-05 04:00:00+01:00;1516;5-3-2021;3;5;9;4;4;1;0
2021-03-05 05:00:00+01:00;1517;5-3-2021;3;5;9;4;5;1;0
2021-03-05 06:00:00+01:00;1518;5-3-2021;3;5;9;4;6;1;0
2021-03-05 07:00:00+01:00;1519;5-3-2021;3;5;9;4;7;1;0
2021-03-05 08:00:00+01:00;1520;5-3-2021;3;5;9;4;8;1;60
2021-03-05 09:00:00+01:00;1521;5-3-2021;3;5;9;4;9;1;60
2021-03-05 10:00:00+01:00;1522;5-3-2021;3;5;9;4;10;1;90
2021-03-05 11:00:00+01:00;1523;5-3-2021;3;5;9;4;11;1;90
2021-03-05 12:00:00+01:00;1524;5-3-2021;3;5;9;4;12;1;50
2021-03-05 13:00:00+01:00;1525;5-3-2021;3;5;9;4;13;1;50
2021-03-05 14:00:00+01:00;1526;5-3-2021;3;5;9;4;14;1;80
2021-03-05 15:00:00+01:00;1527;5-3-2021;3;5;9;4;15;1;80
2021-03-05 16:00:00+01:00;1528;5-3-2021;3;5;9;4;16;1;80
2021-03-05 17:00:00+01:00;1529;5-3-2021;3;5;9;4;17;1;50
2021-03-05 18:00:00+01:00;1530;5-3-2021;3;5;9;4;18;1;42
2021-03-05 19:00:00+01:00;1531;5-3-2021;3;5;9;4;19;1;33
2021-03-05 20:00:00+01:00;1532;5-3-2021;3;5;9;4;20;1;25
2021-03-05 21:00:00+01:00;1533;5-3-2021;3;5;9;4;21;1;17
2021-03-05 22:00:00+01:00;1534;5-3-2021;3;5;9;4;22;1;8
2021-03-05 23:00:00+01:00;1535;5-3-2021;3;5;9;4;23;1;0
2021-03-06 00:00:00+01:00;1536;6-3-2021;3;6;9;5;0;2;0
2021-03-06 01:00:00+01:00;1537;6-3-2021;3;6;9;5;1;2;0
2021-03-06 02:00:00+01:00;1538;6-3-2021;3;6;9;5;2;2;0
2021-03-06 03:00:00+01:00;1539;6-3-2021;3;6;9;5;3;2;0
2021-03-06 04:00:00+01:00;1540;6-3-2021;3;6;9;5;4;2;0
2021-03-06 05:00:00+01:00;1541;6-3-2021;3;6;9;5;5;2;0
2021-03-06 06:00:00+01:00;1542;6-3-2021;3;6;9;5;6;2;0
2021-03-06 07:00:00+01:00;1543;6-3-2021;3;6;9;5;7;2;0
2021-03-06 08:00:00+01:00;1544;6-3-2021;3;6;9;5;8;2;0
2021-03-06 09:00:00+01:00;1545;6-3-2021;3;6;9;5;9;2;0
2021-03-06 10:00:00+01:00;1546;6-3-2021;3;6;9;5;10;2;50
2021-03-06 11:00:00+01:00;1547;6-3-2021;3;6;9;5;11;2;50
2021-03-06 12:00:00+01:00;1548;6-3-2021;3;6;9;5;12;2;30
2021-03-06 13:00:00+01:00;1549;6-3-2021;3;6;9;5;13;2;30
2021-03-06 14:00:00+01:00;1550;6-3-2021;3;6;9;5;14;2;50
2021-03-06 15:00:00+01:00;1551;6-3-2021;3;6;9;5;15;2;50
2021-03-06 16:00:00+01:00;1552;6-3-2021;3;6;9;5;16;2;50
2021-03-06 17:00:00+01:00;1553;6-3-2021;3;6;9;5;17;2;0
2021-03-06 18:00:00+01:00;1554;6-3-2021;3;6;9;5;18;2;0
2021-03-06 19:00:00+01:00;1555;6-3-2021;3;6;9;5;19;2;0
2021-03-06 20:00:00+01:00;1556;6-3-2021;3;6;9;5;20;2;0
2021-03-06 21:00:00+01:00;1557;6-3-2021;3;6;9;5;21;2;0
2021-03-06 22:00:00+01:00;1558;6-3-2021;3;6;9;5;22;2;0
2021-03-06 23:00:00+01:00;1559;6-3-2021;3;6;9;5;23;2;0
2021-03-07 00:00:00+01:00;1560;7-3-2021;3;7;9;6;0;3;0
2021-03-07 01:00:00+01:00;1561;7-3-2021;3;7;9;6;1;3;0
2021-03-07 02:00:00+01:00;1562;7-3-2021;3;7;9;6;2;3;0
2021-03-07 03:00:00+01:00;1563;7-3-2021;3;7;9;6;3;3;0
2021-03-07 04:00:00+01:00;1564;7-3-2021;3;7;9;6;4;3;0
2021-03-07 05:00:00+01:00;1565;7-3-2021;3;7;9;6;5;3;0
2021-03-07 06:00:00+01:00;1566;7-3-2021;3;7;9;6;6;3;0
2021-03-07 07:00:00+01:00;1567;7-3-2021;3;7;9;6;7;3;0
2021-03-07 08:00:00+01:00;1568;7-3-2021;3;7;9;6;8;3;0
2021-03-07 09:00:00+01:00;1569;7-3-2021;3;7;9;6;9;3;0
2021-03-07 10:00:00+01:00;1570;7-3-2021;3;7;9;6;10;3;0
2021-03-07 11:00:00+01:00;1571;7-3-2021;3;7;9;6;11;3;0
2021-03-07 12:00:00+01:00;1572;7-3-2021;3;7;9;6;12;3;0
2021-03-07 13:00:00+01:00;1573;7-3-2021;3;7;9;6;13;3;0
2021-03-07 14:00:00+01:00;1574;7-3-2021;3;7;9;6;14;3;0
2021-03-07 15:00:00+01:00;1575;7-3-2021;3;7;9;6;15;3;0
2021-03-07 16:00:00+01:00;1576;7-3-2021;3;7;9;6;16;3;0
2021-03-07 17:00:00+01:00;1577;7-3-2021;3;7;9;6;17;3;0
2021-03-07 18:00:00+01:00;1578;7-3-2021;3;7;9;6;18;3;0
2021-03-07 19:00:00+01:00;1579;7-3-2021;3;7;9;6;19;3;0
2021-03-07 20:00:00+01:00;1580;7-3-2021;3;7;9;6;20;3;0
2021-03-07 21:00:00+01:00;1581;7-3-2021;3;7;9;6;21;3;0
2021-03-07 22:00:00+01:00;1582;7-3-2021;3;7;9;6;22;3;0
2021-03-07 23:00:00+01:00;1583;7-3-2021;3;7;9;6;23;3;0
2021-03-08 00:00:00+01:00;1584;8-3-2021;3;8;10;0;0;1;0
2021-03-08 01:00:00+01:00;1585;8-3-2021;3;8;10;0;1;1;0
2021-03-08 02:00:00+01:00;1586;8-3-2021;3;8;10;0;2;1;0
2021-03-08 03:00:00+01:00;1587;8-3-2021;3;8;10;0;3;1;0
2021-03-08 04:00:00+01:00;1588;8-3-2021;3;8;10;0;4;1;0
2021-03-08 05:00:00+01:00;1589;8-3-2021;3;8;10;0;5;1;0
2021-03-08 06:00:00+01:00;1590;8-3-2021;3;8;10;0;6;1;0
2021-03-08 07:00:00+01:00;1591;8-3-2021;3;8;10;0;7;1;0
2021-03-08 08:00:00+01:00;1592;8-3-2021;3;8;10;0;8;1;60
2021-03-08 09:00:00+01:00;1593;8-3-2021;3;8;10;0;9;1;60
2021-03-08 10:00:00+01:00;1594;8-3-2021;3;8;10;0;10;1;90
2021-03-08 11:00:00+01:00;1595;8-3-2021;3;8;10;0;11;1;90
2021-03-08 12:00:00+01:00;1596;8-3-2021;3;8;10;0;12;1;50
2021-03-08 13:00:00+01:00;1597;8-3-2021;3;8;10;0;13;1;50
2021-03-08 14:00:00+01:00;1598;8-3-2021;3;8;10;0;14;1;80
2021-03-08 15:00:00+01:00;1599;8-3-2021;3;8;10;0;15;1;80
2021-03-08 16:00:00+01:00;1600;8-3-2021;3;8;10;0;16;1;80
2021-03-08 17:00:00+01:00;1601;8-3-2021;3;8;10;0;17;1;50
2021-03-08 18:00:00+01:00;1602;8-3-2021;3;8;10;0;18;1;42
2021-03-08 19:00:00+01:00;1603;8-3-2021;3;8;10;0;19;1;33
2021-03-08 20:00:00+01:00;1604;8-3-2021;3;8;10;0;20;1;25
2021-03-08 21:00:00+01:00;1605;8-3-2021;3;8;10;0;21;1;17
2021-03-08 22:00:00+01:00;1606;8-3-2021;3;8;10;0;22;1;8
2021-03-08 23:00:00+01:00;1607;8-3-2021;3;8;10;0;23;1;0
2021-03-09 00:00:00+01:00;1608;9-3-2021;3;9;10;1;0;1;0
2021-03-09 01:00:00+01:00;1609;9-3-2021;3;9;10;1;1;1;0
2021-03-09 02:00:00+01:00;1610;9-3-2021;3;9;10;1;2;1;0
2021-03-09 03:00:00+01:00;1611;9-3-2021;3;9;10;1;3;1;0
2021-03-09 04:00:00+01:00;1612;9-3-2021;3;9;10;1;4;1;0
2021-03-09 05:00:00+01:00;1613;9-3-2021;3;9;10;1;5;1;0
2021-03-09 06:00:00+01:00;1614;9-3-2021;3;9;10;1;6;1;0
2021-03-09 07:00:00+01:00;1615;9-3-2021;3;9;10;1;7;1;0
2021-03-09 08:00:00+01:00;1616;9-3-2021;3;9;10;1;8;1;60
2021-03-09 09:00:00+01:00;1617;9-3-2021;3;9;10;1;9;1;60
2021-03-09 10:00:00+01:00;1618;9-3-2021;3;9;10;1;10;1;90
2021-03-09 11:00:00+01:00;1619;9-3-2021;3;9;10;1;11;1;90
2021-03-09 12:00:00+01:00;1620;9-3-2021;3;9;10;1;12;1;50
2021-03-09 13:00:00+01:00;1621;9-3-2021;3;9;10;1;13;1;50
2021-03-09 14:00:00+01:00;1622;9-3-2021;3;9;10;1;14;1;80
2021-03-09 15:00:00+01:00;1623;9-3-2021;3;9;10;1;15;1;80
2021-03-09 16:00:00+01:00;1624;9-3-2021;3;9;10;1;16;1;80
2021-03-09 17:00:00+01:00;1625;9-3-2021;3;9;10;1;17;1;50
2021-03-09 18:00:00+01:00;1626;9-3-2021;3;9;10;1;18;1;42
2021-03-09 19:00:00+01:00;1627;9-3-2021;3;9;10;1;19;1;33
2021-03-09 20:00:00+01:00;1628;9-3-2021;3;9;10;1;20;1;25
2021-03-09 21:00:00+01:00;1629;9-3-2021;3;9;10;1;21;1;17
2021-03-09 22:00:00+01:00;1630;9-3-2021;3;9;10;1;22;1;8
2021-03-09 23:00:00+01:00;1631;9-3-2021;3;9;10;1;23;1;0
2021-03-10 00:00:00+01:00;1632;10-3-2021;3;10;10;2;0;1;0
2021-03-10 01:00:00+01:00;1633;10-3-2021;3;10;10;2;1;1;0
2021-03-10 02:00:00+01:00;1634;10-3-2021;3;10;10;2;2;1;0
2021-03-10 03:00:00+01:00;1635;10-3-2021;3;10;10;2;3;1;0
2021-03-10 04:00:00+01:00;1636;10-3-2021;3;10;10;2;4;1;0
2021-03-10 05:00:00+01:00;1637;10-3-2021;3;10;10;2;5;1;0
2021-03-10 06:00:00+01:00;1638;10-3-2021;3;10;10;2;6;1;0
2021-03-10 07:00:00+01:00;1639;10-3-2021;3;10;10;2;7;1;0
2021-03-10 08:00:00+01:00;1640;10-3-2021;3;10;10;2;8;1;60
2021-03-10 09:00:00+01:00;1641;10-3-2021;3;10;10;2;9;1;60
2021-03-10 10:00:00+01:00;1642;10-3-2021;3;10;10;2;10;1;90
2021-03-10 11:00:00+01:00;1643;10-3-2021;3;10;10;2;11;1;90
2021-03-10 12:00:00+01:00;1644;10-3-2021;3;10;10;2;12;1;50
2021-03-10 13:00:00+01:00;1645;10-3-2021;3;10;10;2;13;1;50
2021-03-10 14:00:00+01:00;1646;10-3-2021;3;10;10;2;14;1;80
2021-03-10 15:00:00+01:00;1647;10-3-2021;3;10;10;2;15;1;80
2021-03-10 16:00:00+01:00;1648;10-3-2021;3;10;10;2;16;1;80
2021-03-10 17:00:00+01:00;1649;10-3-2021;3;10;10;2;17;1;50
2021-03-10 18:00:00+01:00;1650;10-3-2021;3;10;10;2;18;1;42
2021-03-10 19:00:00+01:00;1651;10-3-2021;3;10;10;2;19;1;33
2021-03-10 20:00:00+01:00;1652;10-3-2021;3;10;10;2;20;1;25
2021-03-10 21:00:00+01:00;1653;10-3-2021;3;10;10;2;21;1;17
2021-03-10 22:00:00+01:00;1654;10-3-2021;3;10;10;2;22;1;8
2021-03-10 23:00:00+01:00;1655;10-3-2021;3;10;10;2;23;1;0
2021-03-11 00:00:00+01:00;1656;11-3-2021;3;11;10;3;0;1;0
2021-03-11 01:00:00+01:00;1657;11-3-2021;3;11;10;3;1;1;0
2021-03-11 02:00:00+01:00;1658;11-3-2021;3;11;10;3;2;1;0
2021-03-11 03:00:00+01:00;1659;11-3-2021;3;11;10;3;3;1;0
2021-03-11 04:00:00+01:00;1660;11-3-2021;3;11;10;3;4;1;0
2021-03-11 05:00:00+01:00;1661;11-3-2021;3;11;10;3;5;1;0
2021-03-11 06:00:00+01:00;1662;11-3-2021;3;11;10;3;6;1;0
2021-03-11 07:00:00+01:00;1663;11-3-2021;3;11;10;3;7;1;0
2021-03-11 08:00:00+01:00;1664;11-3-2021;3;11;10;3;8;1;60
2021-03-11 09:00:00+01:00;1665;11-3-2021;3;11;10;3;9;1;60
2021-03-11 10:00:00+01:00;1666;11-3-2021;3;11;10;3;10;1;90
2021-03-11 11:00:00+01:00;1667;11-3-2021;3;11;10;3;11;1;90
2021-03-11 12:00:00+01:00;1668;11-3-2021;3;11;10;3;12;1;50
2021-03-11 13:00:00+01:00;1669;11-3-2021;3;11;10;3;13;1;50
2021-03-11 14:00:00+01:00;1670;11-3-2021;3;11;10;3;14;1;80
2021-03-11 15:00:00+01:00;1671;11-3-2021;3;11;10;3;15;1;80
2021-03-11 16:00:00+01:00;1672;11-3-2021;3;11;10;3;16;1;80
2021-03-11 17:00:00+01:00;1673;11-3-2021;3;11;10;3;17;1;50
2021-03-11 18:00:00+01:00;1674;11-3-2021;3;11;10;3;18;1;42
2021-03-11 19:00:00+01:00;1675;11-3-2021;3;11;10;3;19;1;33
2021-03-11 20:00:00+01:00;1676;11-3-2021;3;11;10;3;20;1;25
2021-03-11 21:00:00+01:00;1677;11-3-2021;3;11;10;3;21;1;17
2021-03-11 22:00:00+01:00;1678;11-3-2021;3;11;10;3;22;1;8
2021-03-11 23:00:00+01:00;1679;11-3-2021;3;11;10;3;23;1;0
2021-03-12 00:00:00+01:00;1680;12-3-2021;3;12;10;4;0;1;0
2021-03-12 01:00:00+01:00;1681;12-3-2021;3;12;10;4;1;1;0
2021-03-12 02:00:00+01:00;1682;12-3-2021;3;12;10;4;2;1;0
2021-03-12 03:00:00+01:00;1683;12-3-2021;3;12;10;4;3;1;0
2021-03-12 04:00:00+01:00;1684;12-3-2021;3;12;10;4;4;1;0
2021-03-12 05:00:00+01:00;1685;12-3-2021;3;12;10;4;5;1;0
2021-03-12 06:00:00+01:00;1686;12-3-2021;3;12;10;4;6;1;0
2021-03-12 07:00:00+01:00;1687;12-3-2021;3;12;10;4;7;1;0
2021-03-12 08:00:00+01:00;1688;12-3-2021;3;12;10;4;8;1;60
2021-03-12 09:00:00+01:00;1689;12-3-2021;3;12;10;4;9;1;60
2021-03-12 10:00:00+01:00;1690;12-3-2021;3;12;10;4;10;1;90
2021-03-12 11:00:00+01:00;1691;12-3-2021;3;12;10;4;11;1;90
2021-03-12 12:00:00+01:00;1692;12-3-2021;3;12;10;4;12;1;50
2021-03-12 13:00:00+01:00;1693;12-3-2021;3;12;10;4;13;1;50
2021-03-12 14:00:00+01:00;1694;12-3-2021;3;12;10;4;14;1;80
2021-03-12 15:00:00+01:00;1695;12-3-2021;3;12;10;4;15;1;80
2021-03-12 16:00:00+01:00;1696;12-3-2021;3;12;10;4;16;1;80
2021-03-12 17:00:00+01:00;1697;12-3-2021;3;12;10;4;17;1;50
2021-03-12 18:00:00+01:00;1698;12-3-2021;3;12;10;4;18;1;42
2021-03-12 19:00:00+01:00;1699;12-3-2021;3;12;10;4;19;1;33
2021-03-12 20:00:00+01:00;1700;12-3-2021;3;12;10;4;20;1;25
2021-03-12 21:00:00+01:00;1701;12-3-2021;3;12;10;4;21;1;17
2021-03-12 22:00:00+01:00;1702;12-3-2021;3;12;10;4;22;1;8
2021-03-12 23:00:00+01:00;1703;12-3-2021;3;12;10;4;23;1;0
2021-03-13 00:00:00+01:00;1704;13-3-2021;3;13;10;5;0;2;0
2021-03-13 01:00:00+01:00;1705;13-3-2021;3;13;10;5;1;2;0
2021-03-13 02:00:00+01:00;1706;13-3-2021;3;13;10;5;2;2;0
2021-03-13 03:00:00+01:00;1707;13-3-2021;3;13;10;5;3;2;0
2021-03-13 04:00:00+01:00;1708;13-3-2021;3;13;10;5;4;2;0
2021-03-13 05:00:00+01:00;1709;13-3-2021;3;13;10;5;5;2;0
2021-03-13 06:00:00+01:00;1710;13-3-2021;3;13;10;5;6;2;0
2021-03-13 07:00:00+01:00;1711;13-3-2021;3;13;10;5;7;2;0
2021-03-13 08:00:00+01:00;1712;13-3-2021;3;13;10;5;8;2;0
2021-03-13 09:00:00+01:00;1713;13-3-2021;3;13;10;5;9;2;0
2021-03-13 10:00:00+01:00;1714;13-3-2021;3;13;10;5;10;2;50
2021-03-13 11:00:00+01:00;1715;13-3-2021;3;13;10;5;11;2;50
2021-03-13 12:00:00+01:00;1716;13-3-2021;3;13;10;5;12;2;30
2021-03-13 13:00:00+01:00;1717;13-3-2021;3;13;10;5;13;2;30
2021-03-13 14:00:00+01:00;1718;13-3-2021;3;13;10;5;14;2;50
2021-03-13 15:00:00+01:00;1719;13-3-2021;3;13;10;5;15;2;50
2021-03-13 16:00:00+01:00;1720;13-3-2021;3;13;10;5;16;2;50
2021-03-13 17:00:00+01:00;1721;13-3-2021;3;13;10;5;17;2;0
2021-03-13 18:00:00+01:00;1722;13-3-2021;3;13;10;5;18;2;0
2021-03-13 19:00:00+01:00;1723;13-3-2021;3;13;10;5;19;2;0
2021-03-13 20:00:00+01:00;1724;13-3-2021;3;13;10;5;20;2;0
2021-03-13 21:00:00+01:00;1725;13-3-2021;3;13;10;5;21;2;0
2021-03-13 22:00:00+01:00;1726;13-3-2021;3;13;10;5;22;2;0
2021-03-13 23:00:00+01:00;1727;13-3-2021;3;13;10;5;23;2;0
2021-03-14 00:00:00+01:00;1728;14-3-2021;3;14;10;6;0;3;0
2021-03-14 01:00:00+01:00;1729;14-3-2021;3;14;10;6;1;3;0
2021-03-14 02:00:00+01:00;1730;14-3-2021;3;14;10;6;2;3;0
2021-03-14 03:00:00+01:00;1731;14-3-2021;3;14;10;6;3;3;0
2021-03-14 04:00:00+01:00;1732;14-3-2021;3;14;10;6;4;3;0
2021-03-14 05:00:00+01:00;1733;14-3-2021;3;14;10;6;5;3;0
2021-03-14 06:00:00+01:00;1734;14-3-2021;3;14;10;6;6;3;0
2021-03-14 07:00:00+01:00;1735;14-3-2021;3;14;10;6;7;3;0
2021-03-14 08:00:00+01:00;1736;14-3-2021;3;14;10;6;8;3;0
2021-03-14 09:00:00+01:00;1737;14-3-2021;3;14;10;6;9;3;0
2021-03-14 10:00:00+01:00;1738;14-3-2021;3;14;10;6;10;3;0
2021-03-14 11:00:00+01:00;1739;14-3-2021;3;14;10;6;11;3;0
2021-03-14 12:00:00+01:00;1740;14-3-2021;3;14;10;6;12;3;0
2021-03-14 13:00:00+01:00;1741;14-3-2021;3;14;10;6;13;3;0
2021-03-14 14:00:00+01:00;1742;14-3-2021;3;14;10;6;14;3;0
2021-03-14 15:00:00+01:00;1743;14-3-2021;3;14;10;6;15;3;0
2021-03-14 16:00:00+01:00;1744;14-3-2021;3;14;10;6;16;3;0
2021-03-14 17:00:00+01:00;1745;14-3-2021;3;14;10;6;17;3;0
2021-03-14 18:00:00+01:00;1746;14-3-2021;3;14;10;6;18;3;0
2021-03-14 19:00:00+01:00;1747;14-3-2021;3;14;10;6;19;3;0
2021-03-14 20:00:00+01:00;1748;14-3-2021;3;14;10;6;20;3;0
2021-03-14 21:00:00+01:00;1749;14-3-2021;3;14;10;6;21;3;0
2021-03-14 22:00:00+01:00;1750;14-3-2021;3;14;10;6;22;3;0
2021-03-14 23:00:00+01:00;1751;14-3-2021;3;14;10;6;23;3;0
2021-03-15 00:00:00+01:00;1752;15-3-2021;3;15;11;0;0;1;0
2021-03-15 01:00:00+01:00;1753;15-3-2021;3;15;11;0;1;1;0
2021-03-15 02:00:00+01:00;1754;15-3-2021;3;15;11;0;2;1;0
2021-03-15 03:00:00+01:00;1755;15-3-2021;3;15;11;0;3;1;0
2021-03-15 04:00:00+01:00;1756;15-3-2021;3;15;11;0;4;1;0
2021-03-15 05:00:00+01:00;1757;15-3-2021;3;15;11;0;5;1;0
2021-03-15 06:00:00+01:00;1758;15-3-2021;3;15;11;0;6;1;0
2021-03-15 07:00:00+01:00;1759;15-3-2021;3;15;11;0;7;1;0
2021-03-15 08:00:00+01:00;1760;15-3-2021;3;15;11;0;8;1;60
2021-03-15 09:00:00+01:00;1761;15-3-2021;3;15;11;0;9;1;60
2021-03-15 10:00:00+01:00;1762;15-3-2021;3;15;11;0;10;1;90
2021-03-15 11:00:00+01:00;1763;15-3-2021;3;15;11;0;11;1;90
2021-03-15 12:00:00+01:00;1764;15-3-2021;3;15;11;0;12;1;50
2021-03-15 13:00:00+01:00;1765;15-3-2021;3;15;11;0;13;1;50
2021-03-15 14:00:00+01:00;1766;15-3-2021;3;15;11;0;14;1;80
2021-03-15 15:00:00+01:00;1767;15-3-2021;3;15;11;0;15;1;80
2021-03-15 16:00:00+01:00;1768;15-3-2021;3;15;11;0;16;1;80
2021-03-15 17:00:00+01:00;1769;15-3-2021;3;15;11;0;17;1;50
2021-03-15 18:00:00+01:00;1770;15-3-2021;3;15;11;0;18;1;42
2021-03-15 19:00:00+01:00;1771;15-3-2021;3;15;11;0;19;1;33
2021-03-15 20:00:00+01:00;1772;15-3-2021;3;15;11;0;20;1;25
2021-03-15 21:00:00+01:00;1773;15-3-2021;3;15;11;0;21;1;17
2021-03-15 22:00:00+01:00;1774;15-3-2021;3;15;11;0;22;1;8
2021-03-15 23:00:00+01:00;1775;15-3-2021;3;15;11;0;23;1;0
2021-03-16 00:00:00+01:00;1776;16-3-2021;3;16;11;1;0;1;0
2021-03-16 01:00:00+01:00;1777;16-3-2021;3;16;11;1;1;1;0
2021-03-16 02:00:00+01:00;1778;16-3-2021;3;16;11;1;2;1;0
2021-03-16 03:00:00+01:00;1779;16-3-2021;3;16;11;1;3;1;0
2021-03-16 04:00:00+01:00;1780;16-3-2021;3;16;11;1;4;1;0
2021-03-16 05:00:00+01:00;1781;16-3-2021;3;16;11;1;5;1;0
2021-03-16 06:00:00+01:00;1782;16-3-2021;3;16;11;1;6;1;0
2021-03-16 07:00:00+01:00;1783;16-3-2021;3;16;11;1;7;1;0
2021-03-16 08:00:00+01:00;1784;16-3-2021;3;16;11;1;8;1;60
2021-03-16 09:00:00+01:00;1785;16-3-2021;3;16;11;1;9;1;60
2021-03-16 10:00:00+01:00;1786;16-3-2021;3;16;11;1;10;1;90
2021-03-16 11:00:00+01:00;1787;16-3-2021;3;16;11;1;11;1;90
2021-03-16 12:00:00+01:00;1788;16-3-2021;3;16;11;1;12;1;50
2021-03-16 13:00:00+01:00;1789;16-3-2021;3;16;11;1;13;1;50
2021-03-16 14:00:00+01:00;1790;16-3-2021;3;16;11;1;14;1;80
2021-03-16 15:00:00+01:00;1791;16-3-2021;3;16;11;1;15;1;80
2021-03-16 16:00:00+01:00;1792;16-3-2021;3;16;11;1;16;1;80
2021-03-16 17:00:00+01:00;1793;16-3-2021;3;16;11;1;17;1;50
2021-03-16 18:00:00+01:00;1794;16-3-2021;3;16;11;1;18;1;42
2021-03-16 19:00:00+01:00;1795;16-3-2021;3;16;11;1;19;1;33
2021-03-16 20:00:00+01:00;1796;16-3-2021;3;16;11;1;20;1;25
2021-03-16 21:00:00+01:00;1797;16-3-2021;3;16;11;1;21;1;17
2021-03-16 22:00:00+01:00;1798;16-3-2021;3;16;11;1;22;1;8
2021-03-16 23:00:00+01:00;1799;16-3-2021;3;16;11;1;23;1;0
2021-03-17 00:00:00+01:00;1800;17-3-2021;3;17;11;2;0;1;0
2021-03-17 01:00:00+01:00;1801;17-3-2021;3;17;11;2;1;1;0
2021-03-17 02:00:00+01:00;1802;17-3-2021;3;17;11;2;2;1;0
2021-03-17 03:00:00+01:00;1803;17-3-2021;3;17;11;2;3;1;0
2021-03-17 04:00:00+01:00;1804;17-3-2021;3;17;11;2;4;1;0
2021-03-17 05:00:00+01:00;1805;17-3-2021;3;17;11;2;5;1;0
2021-03-17 06:00:00+01:00;1806;17-3-2021;3;17;11;2;6;1;0
2021-03-17 07:00:00+01:00;1807;17-3-2021;3;17;11;2;7;1;0
2021-03-17 08:00:00+01:00;1808;17-3-2021;3;17;11;2;8;1;60
2021-03-17 09:00:00+01:00;1809;17-3-2021;3;17;11;2;9;1;60
2021-03-17 10:00:00+01:00;1810;17-3-2021;3;17;11;2;10;1;90
2021-03-17 11:00:00+01:00;1811;17-3-2021;3;17;11;2;11;1;90
2021-03-17 12:00:00+01:00;1812;17-3-2021;3;17;11;2;12;1;50
2021-03-17 13:00:00+01:00;1813;17-3-2021;3;17;11;2;13;1;50
2021-03-17 14:00:00+01:00;1814;17-3-2021;3;17;11;2;14;1;80
2021-03-17 15:00:00+01:00;1815;17-3-2021;3;17;11;2;15;1;80
2021-03-17 16:00:00+01:00;1816;17-3-2021;3;17;11;2;16;1;80
2021-03-17 17:00:00+01:00;1817;17-3-2021;3;17;11;2;17;1;50
2021-03-17 18:00:00+01:00;1818;17-3-2021;3;17;11;2;18;1;42
2021-03-17 19:00:00+01:00;1819;17-3-2021;3;17;11;2;19;1;33
2021-03-17 20:00:00+01:00;1820;17-3-2021;3;17;11;2;20;1;25
2021-03-17 21:00:00+01:00;1821;17-3-2021;3;17;11;2;21;1;17
2021-03-17 22:00:00+01:00;1822;17-3-2021;3;17;11;2;22;1;8
2021-03-17 23:00:00+01:00;1823;17-3-2021;3;17;11;2;23;1;0
2021-03-18 00:00:00+01:00;1824;18-3-2021;3;18;11;3;0;1;0
2021-03-18 01:00:00+01:00;1825;18-3-2021;3;18;11;3;1;1;0
2021-03-18 02:00:00+01:00;1826;18-3-2021;3;18;11;3;2;1;0
2021-03-18 03:00:00+01:00;1827;18-3-2021;3;18;11;3;3;1;0
2021-03-18 04:00:00+01:00;1828;18-3-2021;3;18;11;3;4;1;0
2021-03-18 05:00:00+01:00;1829;18-3-2021;3;18;11;3;5;1;0
2021-03-18 06:00:00+01:00;1830;18-3-2021;3;18;11;3;6;1;0
2021-03-18 07:00:00+01:00;1831;18-3-2021;3;18;11;3;7;1;0
2021-03-18 08:00:00+01:00;1832;18-3-2021;3;18;11;3;8;1;60
2021-03-18 09:00:00+01:00;1833;18-3-2021;3;18;11;3;9;1;60
2021-03-18 10:00:00+01:00;1834;18-3-2021;3;18;11;3;10;1;90
2021-03-18 11:00:00+01:00;1835;18-3-2021;3;18;11;3;11;1;90
2021-03-18 12:00:00+01:00;1836;18-3-2021;3;18;11;3;12;1;50
2021-03-18 13:00:00+01:00;1837;18-3-2021;3;18;11;3;13;1;50
2021-03-18 14:00:00+01:00;1838;18-3-2021;3;18;11;3;14;1;80
2021-03-18 15:00:00+01:00;1839;18-3-2021;3;18;11;3;15;1;80
2021-03-18 16:00:00+01:00;1840;18-3-2021;3;18;11;3;16;1;80
2021-03-18 17:00:00+01:00;1841;18-3-2021;3;18;11;3;17;1;50
2021-03-18 18:00:00+01:00;1842;18-3-2021;3;18;11;3;18;1;42
2021-03-18 19:00:00+01:00;1843;18-3-2021;3;18;11;3;19;1;33
2021-03-18 20:00:00+01:00;1844;18-3-2021;3;18;11;3;20;1;25
2021-03-18 21:00:00+01:00;1845;18-3-2021;3;18;11;3;21;1;17
2021-03-18 22:00:00+01:00;1846;18-3-2021;3;18;11;3;22;1;8
2021-03-18 23:00:00+01:00;1847;18-3-2021;3;18;11;3;23;1;0
2021-03-19 00:00:00+01:00;1848;19-3-2021;3;19;11;4;0;1;0
2021-03-19 01:00:00+01:00;1849;19-3-2021;3;19;11;4;1;1;0
2021-03-19 02:00:00+01:00;1850;19-3-2021;3;19;11;4;2;1;0
2021-03-19 03:00:00+01:00;1851;19-3-2021;3;19;11;4;3;1;0
2021-03-19 04:00:00+01:00;1852;19-3-2021;3;19;11;4;4;1;0
2021-03-19 05:00:00+01:00;1853;19-3-2021;3;19;11;4;5;1;0
2021-03-19 06:00:00+01:00;1854;19-3-2021;3;19;11;4;6;1;0
2021-03-19 07:00:00+01:00;1855;19-3-2021;3;19;11;4;7;1;0
2021-03-19 08:00:00+01:00;1856;19-3-2021;3;19;11;4;8;1;60
2021-03-19 09:00:00+01:00;1857;19-3-2021;3;19;11;4;9;1;60
2021-03-19 10:00:00+01:00;1858;19-3-2021;3;19;11;4;10;1;90
2021-03-19 11:00:00+01:00;1859;19-3-2021;3;19;11;4;11;1;90
2021-03-19 12:00:00+01:00;1860;19-3-2021;3;19;11;4;12;1;50
2021-03-19 13:00:00+01:00;1861;19-3-2021;3;19;11;4;13;1;50
2021-03-19 14:00:00+01:00;1862;19-3-2021;3;19;11;4;14;1;80
2021-03-19 15:00:00+01:00;1863;19-3-2021;3;19;11;4;15;1;80
2021-03-19 16:00:00+01:00;1864;19-3-2021;3;19;11;4;16;1;80
2021-03-19 17:00:00+01:00;1865;19-3-2021;3;19;11;4;17;1;50
2021-03-19 18:00:00+01:00;1866;19-3-2021;3;19;11;4;18;1;42
2021-03-19 19:00:00+01:00;1867;19-3-2021;3;19;11;4;19;1;33
2021-03-19 20:00:00+01:00;1868;19-3-2021;3;19;11;4;20;1;25
2021-03-19 21:00:00+01:00;1869;19-3-2021;3;19;11;4;21;1;17
2021-03-19 22:00:00+01:00;1870;19-3-2021;3;19;11;4;22;1;8
2021-03-19 23:00:00+01:00;1871;19-3-2021;3;19;11;4;23;1;0
2021-03-20 00:00:00+01:00;1872;20-3-2021;3;20;11;5;0;2;0
2021-03-20 01:00:00+01:00;1873;20-3-2021;3;20;11;5;1;2;0
2021-03-20 02:00:00+01:00;1874;20-3-2021;3;20;11;5;2;2;0
2021-03-20 03:00:00+01:00;1875;20-3-2021;3;20;11;5;3;2;0
2021-03-20 04:00:00+01:00;1876;20-3-2021;3;20;11;5;4;2;0
2021-03-20 05:00:00+01:00;1877;20-3-2021;3;20;11;5;5;2;0
2021-03-20 06:00:00+01:00;1878;20-3-2021;3;20;11;5;6;2;0
2021-03-20 07:00:00+01:00;1879;20-3-2021;3;20;11;5;7;2;0
2021-03-20 08:00:00+01:00;1880;20-3-2021;3;20;11;5;8;2;0
2021-03-20 09:00:00+01:00;1881;20-3-2021;3;20;11;5;9;2;0
2021-03-20 10:00:00+01:00;1882;20-3-2021;3;20;11;5;10;2;50
2021-03-20 11:00:00+01:00;1883;20-3-2021;3;20;11;5;11;2;50
2021-03-20 12:00:00+01:00;1884;20-3-2021;3;20;11;5;12;2;30
2021-03-20 13:00:00+01:00;1885;20-3-2021;3;20;11;5;13;2;30
2021-03-20 14:00:00+01:00;1886;20-3-2021;3;20;11;5;14;2;50
2021-03-20 15:00:00+01:00;1887;20-3-2021;3;20;11;5;15;2;50
2021-03-20 16:00:00+01:00;1888;20-3-2021;3;20;11;5;16;2;50
2021-03-20 17:00:00+01:00;1889;20-3-2021;3;20;11;5;17;2;0
2021-03-20 18:00:00+01:00;1890;20-3-2021;3;20;11;5;18;2;0
2021-03-20 19:00:00+01:00;1891;20-3-2021;3;20;11;5;19;2;0
2021-03-20 20:00:00+01:00;1892;20-3-2021;3;20;11;5;20;2;0
2021-03-20 21:00:00+01:00;1893;20-3-2021;3;20;11;5;21;2;0
2021-03-20 22:00:00+01:00;1894;20-3-2021;3;20;11;5;22;2;0
2021-03-20 23:00:00+01:00;1895;20-3-2021;3;20;11;5;23;2;0
2021-03-21 00:00:00+01:00;1896;21-3-2021;3;21;11;6;0;3;0
2021-03-21 01:00:00+01:00;1897;21-3-2021;3;21;11;6;1;3;0
2021-03-21 02:00:00+01:00;1898;21-3-2021;3;21;11;6;2;3;0
2021-03-21 03:00:00+01:00;1899;21-3-2021;3;21;11;6;3;3;0
2021-03-21 04:00:00+01:00;1900;21-3-2021;3;21;11;6;4;3;0
2021-03-21 05:00:00+01:00;1901;21-3-2021;3;21;11;6;5;3;0
2021-03-21 06:00:00+01:00;1902;21-3-2021;3;21;11;6;6;3;0
2021-03-21 07:00:00+01:00;1903;21-3-2021;3;21;11;6;7;3;0
2021-03-21 08:00:00+01:00;1904;21-3-2021;3;21;11;6;8;3;0
2021-03-21 09:00:00+01:00;1905;21-3-2021;3;21;11;6;9;3;0
2021-03-21 10:00:00+01:00;1906;21-3-2021;3;21;11;6;10;3;0
2021-03-21 11:00:00+01:00;1907;21-3-2021;3;21;11;6;11;3;0
2021-03-21 12:00:00+01:00;1908;21-3-2021;3;21;11;6;12;3;0
2021-03-21 13:00:00+01:00;1909;21-3-2021;3;21;11;6;13;3;0
2021-03-21 14:00:00+01:00;1910;21-3-2021;3;21;11;6;14;3;0
2021-03-21 15:00:00+01:00;1911;21-3-2021;3;21;11;6;15;3;0
2021-03-21 16:00:00+01:00;1912;21-3-2021;3;21;11;6;16;3;0
2021-03-21 17:00:00+01:00;1913;21-3-2021;3;21;11;6;17;3;0
2021-03-21 18:00:00+01:00;1914;21-3-2021;3;21;11;6;18;3;0
2021-03-21 19:00:00+01:00;1915;21-3-2021;3;21;11;6;19;3;0
2021-03-21 20:00:00+01:00;1916;21-3-2021;3;21;11;6;20;3;0
2021-03-21 21:00:00+01:00;1917;21-3-2021;3;21;11;6;21;3;0
2021-03-21 22:00:00+01:00;1918;21-3-2021;3;21;11;6;22;3;0
2021-03-21 23:00:00+01:00;1919;21-3-2021;3;21;11;6;23;3;0
2021-03-22 00:00:00+01:00;1920;22-3-2021;3;22;12;0;0;1;0
2021-03-22 01:00:00+01:00;1921;22-3-2021;3;22;12;0;1;1;0
2021-03-22 02:00:00+01:00;1922;22-3-2021;3;22;12;0;2;1;0
2021-03-22 03:00:00+01:00;1923;22-3-2021;3;22;12;0;3;1;0
2021-03-22 04:00:00+01:00;1924;22-3-2021;3;22;12;0;4;1;0
2021-03-22 05:00:00+01:00;1925;22-3-2021;3;22;12;0;5;1;0
2021-03-22 06:00:00+01:00;1926;22-3-2021;3;22;12;0;6;1;0
2021-03-22 07:00:00+01:00;1927;22-3-2021;3;22;12;0;7;1;0
2021-03-22 08:00:00+01:00;1928;22-3-2021;3;22;12;0;8;1;60
2021-03-22 09:00:00+01:00;1929;22-3-2021;3;22;12;0;9;1;60
2021-03-22 10:00:00+01:00;1930;22-3-2021;3;22;12;0;10;1;90
2021-03-22 11:00:00+01:00;1931;22-3-2021;3;22;12;0;11;1;90
2021-03-22 12:00:00+01:00;1932;22-3-2021;3;22;12;0;12;1;50
2021-03-22 13:00:00+01:00;1933;22-3-2021;3;22;12;0;13;1;50
2021-03-22 14:00:00+01:00;1934;22-3-2021;3;22;12;0;14;1;80
2021-03-22 15:00:00+01:00;1935;22-3-2021;3;22;12;0;15;1;80
2021-03-22 16:00:00+01:00;1936;22-3-2021;3;22;12;0;16;1;80
2021-03-22 17:00:00+01:00;1937;22-3-2021;3;22;12;0;17;1;50
2021-03-22 18:00:00+01:00;1938;22-3-2021;3;22;12;0;18;1;42
2021-03-22 19:00:00+01:00;1939;22-3-2021;3;22;12;0;19;1;33
2021-03-22 20:00:00+01:00;1940;22-3-2021;3;22;12;0;20;1;25
2021-03-22 21:00:00+01:00;1941;22-3-2021;3;22;12;0;21;1;17
2021-03-22 22:00:00+01:00;1942;22-3-2021;3;22;12;0;22;1;8
2021-03-22 23:00:00+01:00;1943;22-3-2021;3;22;12;0;23;1;0
2021-03-23 00:00:00+01:00;1944;23-3-2021;3;23;12;1;0;1;0
2021-03-23 01:00:00+01:00;1945;23-3-2021;3;23;12;1;1;1;0
2021-03-23 02:00:00+01:00;1946;23-3-2021;3;23;12;1;2;1;0
2021-03-23 03:00:00+01:00;1947;23-3-2021;3;23;12;1;3;1;0
2021-03-23 04:00:00+01:00;1948;23-3-2021;3;23;12;1;4;1;0
2021-03-23 05:00:00+01:00;1949;23-3-2021;3;23;12;1;5;1;0
2021-03-23 06:00:00+01:00;1950;23-3-2021;3;23;12;1;6;1;0
2021-03-23 07:00:00+01:00;1951;23-3-2021;3;23;12;1;7;1;0
2021-03-23 08:00:00+01:00;1952;23-3-2021;3;23;12;1;8;1;60
2021-03-23 09:00:00+01:00;1953;23-3-2021;3;23;12;1;9;1;60
2021-03-23 10:00:00+01:00;1954;23-3-2021;3;23;12;1;10;1;90
2021-03-23 11:00:00+01:00;1955;23-3-2021;3;23;12;1;11;1;90
2021-03-23 12:00:00+01:00;1956;23-3-2021;3;23;12;1;12;1;50
2021-03-23 13:00:00+01:00;1957;23-3-2021;3;23;12;1;13;1;50
2021-03-23 14:00:00+01:00;1958;23-3-2021;3;23;12;1;14;1;80
2021-03-23 15:00:00+01:00;1959;23-3-2021;3;23;12;1;15;1;80
2021-03-23 16:00:00+01:00;1960;23-3-2021;3;23;12;1;16;1;80
2021-03-23 17:00:00+01:00;1961;23-3-2021;3;23;12;1;17;1;50
2021-03-23 18:00:00+01:00;1962;23-3-2021;3;23;12;1;18;1;42
2021-03-23 19:00:00+01:00;1963;23-3-2021;3;23;12;1;19;1;33
2021-03-23 20:00:00+01:00;1964;23-3-2021;3;23;12;1;20;1;25
2021-03-23 21:00:00+01:00;1965;23-3-2021;3;23;12;1;21;1;17
2021-03-23 22:00:00+01:00;1966;23-3-2021;3;23;12;1;22;1;8
2021-03-23 23:00:00+01:00;1967;23-3-2021;3;23;12;1;23;1;0
2021-03-24 00:00:00+01:00;1968;24-3-2021;3;24;12;2;0;1;0
2021-03-24 01:00:00+01:00;1969;24-3-2021;3;24;12;2;1;1;0
2021-03-24 02:00:00+01:00;1970;24-3-2021;3;24;12;2;2;1;0
2021-03-24 03:00:00+01:00;1971;24-3-2021;3;24;12;2;3;1;0
2021-03-24 04:00:00+01:00;1972;24-3-2021;3;24;12;2;4;1;0
2021-03-24 05:00:00+01:00;1973;24-3-2021;3;24;12;2;5;1;0
2021-03-24 06:00:00+01:00;1974;24-3-2021;3;24;12;2;6;1;0
2021-03-24 07:00:00+01:00;1975;24-3-2021;3;24;12;2;7;1;0
2021-03-24 08:00:00+01:00;1976;24-3-2021;3;24;12;2;8;1;60
2021-03-24 09:00:00+01:00;1977;24-3-2021;3;24;12;2;9;1;60
2021-03-24 10:00:00+01:00;1978;24-3-2021;3;24;12;2;10;1;90
2021-03-24 11:00:00+01:00;1979;24-3-2021;3;24;12;2;11;1;90
2021-03-24 12:00:00+01:00;1980;24-3-2021;3;24;12;2;12;1;50
2021-03-24 13:00:00+01:00;1981;24-3-2021;3;24;12;2;13;1;50
2021-03-24 14:00:00+01:00;1982;24-3-2021;3;24;12;2;14;1;80
2021-03-24 15:00:00+01:00;1983;24-3-2021;3;24;12;2;15;1;80
2021-03-24 16:00:00+01:00;1984;24-3-2021;3;24;12;2;16;1;80
2021-03-24 17:00:00+01:00;1985;24-3-2021;3;24;12;2;17;1;50
2021-03-24 18:00:00+01:00;1986;24-3-2021;3;24;12;2;18;1;42
2021-03-24 19:00:00+01:00;1987;24-3-2021;3;24;12;2;19;1;33
2021-03-24 20:00:00+01:00;1988;24-3-2021;3;24;12;2;20;1;25
2021-03-24 21:00:00+01:00;1989;24-3-2021;3;24;12;2;21;1;17
2021-03-24 22:00:00+01:00;1990;24-3-2021;3;24;12;2;22;1;8
2021-03-24 23:00:00+01:00;1991;24-3-2021;3;24;12;2;23;1;0
2021-03-25 00:00:00+01:00;1992;25-3-2021;3;25;12;3;0;1;0
2021-03-25 01:00:00+01:00;1993;25-3-2021;3;25;12;3;1;1;0
2021-03-25 02:00:00+01:00;1994;25-3-2021;3;25;12;3;2;1;0
2021-03-25 03:00:00+01:00;1995;25-3-2021;3;25;12;3;3;1;0
2021-03-25 04:00:00+01:00;1996;25-3-2021;3;25;12;3;4;1;0
2021-03-25 05:00:00+01:00;1997;25-3-2021;3;25;12;3;5;1;0
2021-03-25 06:00:00+01:00;1998;25-3-2021;3;25;12;3;6;1;0
2021-03-25 07:00:00+01:00;1999;25-3-2021;3;25;12;3;7;1;0
2021-03-25 08:00:00+01:00;2000;25-3-2021;3;25;12;3;8;1;60
2021-03-25 09:00:00+01:00;2001;25-3-2021;3;25;12;3;9;1;60
2021-03-25 10:00:00+01:00;2002;25-3-2021;3;25;12;3;10;1;90
2021-03-25 11:00:00+01:00;2003;25-3-2021;3;25;12;3;11;1;90
2021-03-25 12:00:00+01:00;2004;25-3-2021;3;25;12;3;12;1;50
2021-03-25 13:00:00+01:00;2005;25-3-2021;3;25;12;3;13;1;50
2021-03-25 14:00:00+01:00;2006;25-3-2021;3;25;12;3;14;1;80
2021-03-25 15:00:00+01:00;2007;25-3-2021;3;25;12;3;15;1;80
2021-03-25 16:00:00+01:00;2008;25-3-2021;3;25;12;3;16;1;80
2021-03-25 17:00:00+01:00;2009;25-3-2021;3;25;12;3;17;1;50
2021-03-25 18:00:00+01:00;2010;25-3-2021;3;25;12;3;18;1;42
2021-03-25 19:00:00+01:00;2011;25-3-2021;3;25;12;3;19;1;33
2021-03-25 20:00:00+01:00;2012;25-3-2021;3;25;12;3;20;1;25
2021-03-25 21:00:00+01:00;2013;25-3-2021;3;25;12;3;21;1;17
2021-03-25 22:00:00+01:00;2014;25-3-2021;3;25;12;3;22;1;8
2021-03-25 23:00:00+01:00;2015;25-3-2021;3;25;12;3;23;1;0
2021-03-26 00:00:00+01:00;2016;26-3-2021;3;26;12;4;0;1;0
2021-03-26 01:00:00+01:00;2017;26-3-2021;3;26;12;4;1;1;0
2021-03-26 02:00:00+01:00;2018;26-3-2021;3;26;12;4;2;1;0
2021-03-26 03:00:00+01:00;2019;26-3-2021;3;26;12;4;3;1;0
2021-03-26 04:00:00+01:00;2020;26-3-2021;3;26;12;4;4;1;0
2021-03-26 05:00:00+01:00;2021;26-3-2021;3;26;12;4;5;1;0
2021-03-26 06:00:00+01:00;2022;26-3-2021;3;26;12;4;6;1;0
2021-03-26 07:00:00+01:00;2023;26-3-2021;3;26;12;4;7;1;0
2021-03-26 08:00:00+01:00;2024;26-3-2021;3;26;12;4;8;1;60
2021-03-26 09:00:00+01:00;2025;26-3-2021;3;26;12;4;9;1;60
2021-03-26 10:00:00+01:00;2026;26-3-2021;3;26;12;4;10;1;90
2021-03-26 11:00:00+01:00;2027;26-3-2021;3;26;12;4;11;1;90
2021-03-26 12:00:00+01:00;2028;26-3-2021;3;26;12;4;12;1;50
2021-03-26 13:00:00+01:00;2029;26-3-2021;3;26;12;4;13;1;50
2021-03-26 14:00:00+01:00;2030;26-3-2021;3;26;12;4;14;1;80
2021-03-26 15:00:00+01:00;2031;26-3-2021;3;26;12;4;15;1;80
2021-03-26 16:00:00+01:00;2032;26-3-2021;3;26;12;4;16;1;80
2021-03-26 17:00:00+01:00;2033;26-3-2021;3;26;12;4;17;1;50
2021-03-26 18:00:00+01:00;2034;26-3-2021;3;26;12;4;18;1;42
2021-03-26 19:00:00+01:00;2035;26-3-2021;3;26;12;4;19;1;33
2021-03-26 20:00:00+01:00;2036;26-3-2021;3;26;12;4;20;1;25
2021-03-26 21:00:00+01:00;2037;26-3-2021;3;26;12;4;21;1;17
2021-03-26 22:00:00+01:00;2038;26-3-2021;3;26;12;4;22;1;8
2021-03-26 23:00:00+01:00;2039;26-3-2021;3;26;12;4;23;1;0
2021-03-27 00:00:00+01:00;2040;27-3-2021;3;27;12;5;0;2;0
2021-03-27 01:00:00+01:00;2041;27-3-2021;3;27;12;5;1;2;0
2021-03-27 02:00:00+01:00;2042;27-3-2021;3;27;12;5;2;2;0
2021-03-27 03:00:00+01:00;2043;27-3-2021;3;27;12;5;3;2;0
2021-03-27 04:00:00+01:00;2044;27-3-2021;3;27;12;5;4;2;0
2021-03-27 05:00:00+01:00;2045;27-3-2021;3;27;12;5;5;2;0
2021-03-27 06:00:00+01:00;2046;27-3-2021;3;27;12;5;6;2;0
2021-03-27 07:00:00+01:00;2047;27-3-2021;3;27;12;5;7;2;0
2021-03-27 08:00:00+01:00;2048;27-3-2021;3;27;12;5;8;2;0
2021-03-27 09:00:00+01:00;2049;27-3-2021;3;27;12;5;9;2;0
2021-03-27 10:00:00+01:00;2050;27-3-2021;3;27;12;5;10;2;50
2021-03-27 11:00:00+01:00;2051;27-3-2021;3;27;12;5;11;2;50
2021-03-27 12:00:00+01:00;2052;27-3-2021;3;27;12;5;12;2;30
2021-03-27 13:00:00+01:00;2053;27-3-2021;3;27;12;5;13;2;30
2021-03-27 14:00:00+01:00;2054;27-3-2021;3;27;12;5;14;2;50
2021-03-27 15:00:00+01:00;2055;27-3-2021;3;27;12;5;15;2;50
2021-03-27 16:00:00+01:00;2056;27-3-2021;3;27;12;5;16;2;50
2021-03-27 17:00:00+01:00;2057;27-3-2021;3;27;12;5;17;2;0
2021-03-27 18:00:00+01:00;2058;27-3-2021;3;27;12;5;18;2;0
2021-03-27 19:00:00+01:00;2059;27-3-2021;3;27;12;5;19;2;0
2021-03-27 20:00:00+01:00;2060;27-3-2021;3;27;12;5;20;2;0
2021-03-27 21:00:00+01:00;2061;27-3-2021;3;27;12;5;21;2;0
2021-03-27 22:00:00+01:00;2062;27-3-2021;3;27;12;5;22;2;0
2021-03-27 23:00:00+01:00;2063;27-3-2021;3;27;12;5;23;2;0
2021-03-28 00:00:00+01:00;2064;28-3-2021;3;28;12;6;0;3;0
2021-03-28 01:00:00+01:00;2065;28-3-2021;3;28;12;6;1;3;0
2021-03-28 03:00:00+02:00;2066;28-3-2021;3;28;12;6;3;3;0
2021-03-28 04:00:00+02:00;2067;28-3-2021;3;28;12;6;4;3;0
2021-03-28 05:00:00+02:00;2068;28-3-2021;3;28;12;6;5;3;0
2021-03-28 06:00:00+02:00;2069;28-3-2021;3;28;12;6;6;3;0
2021-03-28 07:00:00+02:00;2070;28-3-2021;3;28;12;6;7;3;0
2021-03-28 08:00:00+02:00;2071;28-3-2021;3;28;12;6;8;3;0
2021-03-28 09:00:00+02:00;2072;28-3-2021;3;28;12;6;9;3;0
2021-03-28 10:00:00+02:00;2073;28-3-2021;3;28;12;6;10;3;0
2021-03-28 11:00:00+02:00;2074;28-3-2021;3;28;12;6;11;3;0
2021-03-28 12:00:00+02:00;2075;28-3-2021;3;28;12;6;12;3;0
2021-03-28 13:00:00+02:00;2076;28-3-2021;3;28;12;6;13;3;0
2021-03-28 14:00:00+02:00;2077;28-3-2021;3;28;12;6;14;3;0
2021-03-28 15:00:00+02:00;2078;28-3-2021;3;28;12;6;15;3;0
2021-03-28 16:00:00+02:00;2079;28-3-2021;3;28;12;6;16;3;0
2021-03-28 17:00:00+02:00;2080;28-3-2021;3;28;12;6;17;3;0
2021-03-28 18:00:00+02:00;2081;28-3-2021;3;28;12;6;18;3;0
2021-03-28 19:00:00+02:00;2082;28-3-2021;3;28;12;6;19;3;0
2021-03-28 20:00:00+02:00;2083;28-3-2021;3;28;12;6;20;3;0
2021-03-28 21:00:00+02:00;2084;28-3-2021;3;28;12;6;21;3;0
2021-03-28 22:00:00+02:00;2085;28-3-2021;3;28;12;6;22;3;0
2021-03-28 23:00:00+02:00;2086;28-3-2021;3;28;12;6;23;3;0
2021-03-29 00:00:00+02:00;2087;29-3-2021;3;29;13;0;0;1;0
2021-03-29 01:00:00+02:00;2088;29-3-2021;3;29;13;0;1;1;0
2021-03-29 02:00:00+02:00;2089;29-3-2021;3;29;13;0;2;1;0
2021-03-29 03:00:00+02:00;2090;29-3-2021;3;29;13;0;3;1;0
2021-03-29 04:00:00+02:00;2091;29-3-2021;3;29;13;0;4;1;0
2021-03-29 05:00:00+02:00;2092;29-3-2021;3;29;13;0;5;1;0
2021-03-29 06:00:00+02:00;2093;29-3-2021;3;29;13;0;6;1;0
2021-03-29 07:00:00+02:00;2094;29-3-2021;3;29;13;0;7;1;0
2021-03-29 08:00:00+02:00;2095;29-3-2021;3;29;13;0;8;1;60
2021-03-29 09:00:00+02:00;2096;29-3-2021;3;29;13;0;9;1;60
2021-03-29 10:00:00+02:00;2097;29-3-2021;3;29;13;0;10;1;90
2021-03-29 11:00:00+02:00;2098;29-3-2021;3;29;13;0;11;1;90
2021-03-29 12:00:00+02:00;2099;29-3-2021;3;29;13;0;12;1;50
2021-03-29 13:00:00+02:00;2100;29-3-2021;3;29;13;0;13;1;50
2021-03-29 14:00:00+02:00;2101;29-3-2021;3;29;13;0;14;1;80
2021-03-29 15:00:00+02:00;2102;29-3-2021;3;29;13;0;15;1;80
2021-03-29 16:00:00+02:00;2103;29-3-2021;3;29;13;0;16;1;80
2021-03-29 17:00:00+02:00;2104;29-3-2021;3;29;13;0;17;1;50
2021-03-29 18:00:00+02:00;2105;29-3-2021;3;29;13;0;18;1;42
2021-03-29 19:00:00+02:00;2106;29-3-2021;3;29;13;0;19;1;33
2021-03-29 20:00:00+02:00;2107;29-3-2021;3;29;13;0;20;1;25
2021-03-29 21:00:00+02:00;2108;29-3-2021;3;29;13;0;21;1;17
2021-03-29 22:00:00+02:00;2109;29-3-2021;3;29;13;0;22;1;8
2021-03-29 23:00:00+02:00;2110;29-3-2021;3;29;13;0;23;1;0
2021-03-30 00:00:00+02:00;2111;30-3-2021;3;30;13;1;0;1;0
2021-03-30 01:00:00+02:00;2112;30-3-2021;3;30;13;1;1;1;0
2021-03-30 02:00:00+02:00;2113;30-3-2021;3;30;13;1;2;1;0
2021-03-30 03:00:00+02:00;2114;30-3-2021;3;30;13;1;3;1;0
2021-03-30 04:00:00+02:00;2115;30-3-2021;3;30;13;1;4;1;0
2021-03-30 05:00:00+02:00;2116;30-3-2021;3;30;13;1;5;1;0
2021-03-30 06:00:00+02:00;2117;30-3-2021;3;30;13;1;6;1;0
2021-03-30 07:00:00+02:00;2118;30-3-2021;3;30;13;1;7;1;0
2021-03-30 08:00:00+02:00;2119;30-3-2021;3;30;13;1;8;1;60
2021-03-30 09:00:00+02:00;2120;30-3-2021;3;30;13;1;9;1;60
2021-03-30 10:00:00+02:00;2121;30-3-2021;3;30;13;1;10;1;90
2021-03-30 11:00:00+02:00;2122;30-3-2021;3;30;13;1;11;1;90
2021-03-30 12:00:00+02:00;2123;30-3-2021;3;30;13;1;12;1;50
2021-03-30 13:00:00+02:00;2124;30-3-2021;3;30;13;1;13;1;50
2021-03-30 14:00:00+02:00;2125;30-3-2021;3;30;13;1;14;1;80
2021-03-30 15:00:00+02:00;2126;30-3-2021;3;30;13;1;15;1;80
2021-03-30 16:00:00+02:00;2127;30-3-2021;3;30;13;1;16;1;80
2021-03-30 17:00:00+02:00;2128;30-3-2021;3;30;13;1;17;1;50
2021-03-30 18:00:00+02:00;2129;30-3-2021;3;30;13;1;18;1;42
2021-03-30 19:00:00+02:00;2130;30-3-2021;3;30;13;1;19;1;33
2021-03-30 20:00:00+02:00;2131;30-3-2021;3;30;13;1;20;1;25
2021-03-30 21:00:00+02:00;2132;30-3-2021;3;30;13;1;21;1;17
2021-03-30 22:00:00+02:00;2133;30-3-2021;3;30;13;1;22;1;8
2021-03-30 23:00:00+02:00;2134;30-3-2021;3;30;13;1;23;1;0
2021-03-31 00:00:00+02:00;2135;31-3-2021;3;31;13;2;0;1;0
2021-03-31 01:00:00+02:00;2136;31-3-2021;3;31;13;2;1;1;0
2021-03-31 02:00:00+02:00;2137;31-3-2021;3;31;13;2;2;1;0
2021-03-31 03:00:00+02:00;2138;31-3-2021;3;31;13;2;3;1;0
2021-03-31 04:00:00+02:00;2139;31-3-2021;3;31;13;2;4;1;0
2021-03-31 05:00:00+02:00;2140;31-3-2021;3;31;13;2;5;1;0
2021-03-31 06:00:00+02:00;2141;31-3-2021;3;31;13;2;6;1;0
2021-03-31 07:00:00+02:00;2142;31-3-2021;3;31;13;2;7;1;0
2021-03-31 08:00:00+02:00;2143;31-3-2021;3;31;13;2;8;1;60
2021-03-31 09:00:00+02:00;2144;31-3-2021;3;31;13;2;9;1;60
2021-03-31 10:00:00+02:00;2145;31-3-2021;3;31;13;2;10;1;90
2021-03-31 11:00:00+02:00;2146;31-3-2021;3;31;13;2;11;1;90
2021-03-31 12:00:00+02:00;2147;31-3-2021;3;31;13;2;12;1;50
2021-03-31 13:00:00+02:00;2148;31-3-2021;3;31;13;2;13;1;50
2021-03-31 14:00:00+02:00;2149;31-3-2021;3;31;13;2;14;1;80
2021-03-31 15:00:00+02:00;2150;31-3-2021;3;31;13;2;15;1;80
2021-03-31 16:00:00+02:00;2151;31-3-2021;3;31;13;2;16;1;80
2021-03-31 17:00:00+02:00;2152;31-3-2021;3;31;13;2;17;1;50
2021-03-31 18:00:00+02:00;2153;31-3-2021;3;31;13;2;18;1;42
2021-03-31 19:00:00+02:00;2154;31-3-2021;3;31;13;2;19;1;33
2021-03-31 20:00:00+02:00;2155;31-3-2021;3;31;13;2;20;1;25
2021-03-31 21:00:00+02:00;2156;31-3-2021;3;31;13;2;21;1;17
2021-03-31 22:00:00+02:00;2157;31-3-2021;3;31;13;2;22;1;8
2021-03-31 23:00:00+02:00;2158;31-3-2021;3;31;13;2;23;1;0
2021-04-01 00:00:00+02:00;2159;1-4-2021;4;1;13;3;0;1;0
2021-04-01 01:00:00+02:00;2160;1-4-2021;4;1;13;3;1;1;0
2021-04-01 02:00:00+02:00;2161;1-4-2021;4;1;13;3;2;1;0
2021-04-01 03:00:00+02:00;2162;1-4-2021;4;1;13;3;3;1;0
2021-04-01 04:00:00+02:00;2163;1-4-2021;4;1;13;3;4;1;0
2021-04-01 05:00:00+02:00;2164;1-4-2021;4;1;13;3;5;1;0
2021-04-01 06:00:00+02:00;2165;1-4-2021;4;1;13;3;6;1;0
2021-04-01 07:00:00+02:00;2166;1-4-2021;4;1;13;3;7;1;0
2021-04-01 08:00:00+02:00;2167;1-4-2021;4;1;13;3;8;1;60
2021-04-01 09:00:00+02:00;2168;1-4-2021;4;1;13;3;9;1;60
2021-04-01 10:00:00+02:00;2169;1-4-2021;4;1;13;3;10;1;90
2021-04-01 11:00:00+02:00;2170;1-4-2021;4;1;13;3;11;1;90
2021-04-01 12:00:00+02:00;2171;1-4-2021;4;1;13;3;12;1;50
2021-04-01 13:00:00+02:00;2172;1-4-2021;4;1;13;3;13;1;50
2021-04-01 14:00:00+02:00;2173;1-4-2021;4;1;13;3;14;1;80
2021-04-01 15:00:00+02:00;2174;1-4-2021;4;1;13;3;15;1;80
2021-04-01 16:00:00+02:00;2175;1-4-2021;4;1;13;3;16;1;80
2021-04-01 17:00:00+02:00;2176;1-4-2021;4;1;13;3;17;1;50
2021-04-01 18:00:00+02:00;2177;1-4-2021;4;1;13;3;18;1;42
2021-04-01 19:00:00+02:00;2178;1-4-2021;4;1;13;3;19;1;33
2021-04-01 20:00:00+02:00;2179;1-4-2021;4;1;13;3;20;1;25
2021-04-01 21:00:00+02:00;2180;1-4-2021;4;1;13;3;21;1;17
2021-04-01 22:00:00+02:00;2181;1-4-2021;4;1;13;3;22;1;8
2021-04-01 23:00:00+02:00;2182;1-4-2021;4;1;13;3;23;1;0
2021-04-02 00:00:00+02:00;2183;2-4-2021;4;2;13;4;0;1;0
2021-04-02 01:00:00+02:00;2184;2-4-2021;4;2;13;4;1;1;0
2021-04-02 02:00:00+02:00;2185;2-4-2021;4;2;13;4;2;1;0
2021-04-02 03:00:00+02:00;2186;2-4-2021;4;2;13;4;3;1;0
2021-04-02 04:00:00+02:00;2187;2-4-2021;4;2;13;4;4;1;0
2021-04-02 05:00:00+02:00;2188;2-4-2021;4;2;13;4;5;1;0
2021-04-02 06:00:00+02:00;2189;2-4-2021;4;2;13;4;6;1;0
2021-04-02 07:00:00+02:00;2190;2-4-2021;4;2;13;4;7;1;0
2021-04-02 08:00:00+02:00;2191;2-4-2021;4;2;13;4;8;1;60
2021-04-02 09:00:00+02:00;2192;2-4-2021;4;2;13;4;9;1;60
2021-04-02 10:00:00+02:00;2193;2-4-2021;4;2;13;4;10;1;90
2021-04-02 11:00:00+02:00;2194;2-4-2021;4;2;13;4;11;1;90
2021-04-02 12:00:00+02:00;2195;2-4-2021;4;2;13;4;12;1;50
2021-04-02 13:00:00+02:00;2196;2-4-2021;4;2;13;4;13;1;50
2021-04-02 14:00:00+02:00;2197;2-4-2021;4;2;13;4;14;1;80
2021-04-02 15:00:00+02:00;2198;2-4-2021;4;2;13;4;15;1;80
2021-04-02 16:00:00+02:00;2199;2-4-2021;4;2;13;4;16;1;80
2021-04-02 17:00:00+02:00;2200;2-4-2021;4;2;13;4;17;1;50
2021-04-02 18:00:00+02:00;2201;2-4-2021;4;2;13;4;18;1;42
2021-04-02 19:00:00+02:00;2202;2-4-2021;4;2;13;4;19;1;33
2021-04-02 20:00:00+02:00;2203;2-4-2021;4;2;13;4;20;1;25
2021-04-02 21:00:00+02:00;2204;2-4-2021;4;2;13;4;21;1;17
2021-04-02 22:00:00+02:00;2205;2-4-2021;4;2;13;4;22;1;8
2021-04-02 23:00:00+02:00;2206;2-4-2021;4;2;13;4;23;1;0
2021-04-03 00:00:00+02:00;2207;3-4-2021;4;3;13;5;0;2;0
2021-04-03 01:00:00+02:00;2208;3-4-2021;4;3;13;5;1;2;0
2021-04-03 02:00:00+02:00;2209;3-4-2021;4;3;13;5;2;2;0
2021-04-03 03:00:00+02:00;2210;3-4-2021;4;3;13;5;3;2;0
2021-04-03 04:00:00+02:00;2211;3-4-2021;4;3;13;5;4;2;0
2021-04-03 05:00:00+02:00;2212;3-4-2021;4;3;13;5;5;2;0
2021-04-03 06:00:00+02:00;2213;3-4-2021;4;3;13;5;6;2;0
2021-04-03 07:00:00+02:00;2214;3-4-2021;4;3;13;5;7;2;0
2021-04-03 08:00:00+02:00;2215;3-4-2021;4;3;13;5;8;2;0
2021-04-03 09:00:00+02:00;2216;3-4-2021;4;3;13;5;9;2;0
2021-04-03 10:00:00+02:00;2217;3-4-2021;4;3;13;5;10;2;50
2021-04-03 11:00:00+02:00;2218;3-4-2021;4;3;13;5;11;2;50
2021-04-03 12:00:00+02:00;2219;3-4-2021;4;3;13;5;12;2;30
2021-04-03 13:00:00+02:00;2220;3-4-2021;4;3;13;5;13;2;30
2021-04-03 14:00:00+02:00;2221;3-4-2021;4;3;13;5;14;2;50
2021-04-03 15:00:00+02:00;2222;3-4-2021;4;3;13;5;15;2;50
2021-04-03 16:00:00+02:00;2223;3-4-2021;4;3;13;5;16;2;50
2021-04-03 17:00:00+02:00;2224;3-4-2021;4;3;13;5;17;2;0
2021-04-03 18:00:00+02:00;2225;3-4-2021;4;3;13;5;18;2;0
2021-04-03 19:00:00+02:00;2226;3-4-2021;4;3;13;5;19;2;0
2021-04-03 20:00:00+02:00;2227;3-4-2021;4;3;13;5;20;2;0
2021-04-03 21:00:00+02:00;2228;3-4-2021;4;3;13;5;21;2;0
2021-04-03 22:00:00+02:00;2229;3-4-2021;4;3;13;5;22;2;0
2021-04-03 23:00:00+02:00;2230;3-4-2021;4;3;13;5;23;2;0
2021-04-04 00:00:00+02:00;2231;4-4-2021;4;4;13;6;0;3;0
2021-04-04 01:00:00+02:00;2232;4-4-2021;4;4;13;6;1;3;0
2021-04-04 02:00:00+02:00;2233;4-4-2021;4;4;13;6;2;3;0
2021-04-04 03:00:00+02:00;2234;4-4-2021;4;4;13;6;3;3;0
2021-04-04 04:00:00+02:00;2235;4-4-2021;4;4;13;6;4;3;0
2021-04-04 05:00:00+02:00;2236;4-4-2021;4;4;13;6;5;3;0
2021-04-04 06:00:00+02:00;2237;4-4-2021;4;4;13;6;6;3;0
2021-04-04 07:00:00+02:00;2238;4-4-2021;4;4;13;6;7;3;0
2021-04-04 08:00:00+02:00;2239;4-4-2021;4;4;13;6;8;3;0
2021-04-04 09:00:00+02:00;2240;4-4-2021;4;4;13;6;9;3;0
2021-04-04 10:00:00+02:00;2241;4-4-2021;4;4;13;6;10;3;0
2021-04-04 11:00:00+02:00;2242;4-4-2021;4;4;13;6;11;3;0
2021-04-04 12:00:00+02:00;2243;4-4-2021;4;4;13;6;12;3;0
2021-04-04 13:00:00+02:00;2244;4-4-2021;4;4;13;6;13;3;0
2021-04-04 14:00:00+02:00;2245;4-4-2021;4;4;13;6;14;3;0
2021-04-04 15:00:00+02:00;2246;4-4-2021;4;4;13;6;15;3;0
2021-04-04 16:00:00+02:00;2247;4-4-2021;4;4;13;6;16;3;0
2021-04-04 17:00:00+02:00;2248;4-4-2021;4;4;13;6;17;3;0
2021-04-04 18:00:00+02:00;2249;4-4-2021;4;4;13;6;18;3;0
2021-04-04 19:00:00+02:00;2250;4-4-2021;4;4;13;6;19;3;0
2021-04-04 20:00:00+02:00;2251;4-4-2021;4;4;13;6;20;3;0
2021-04-04 21:00:00+02:00;2252;4-4-2021;4;4;13;6;21;3;0
2021-04-04 22:00:00+02:00;2253;4-4-2021;4;4;13;6;22;3;0
2021-04-04 23:00:00+02:00;2254;4-4-2021;4;4;13;6;23;3;0
2021-04-05 00:00:00+02:00;2255;5-4-2021;4;5;14;0;0;1;0
2021-04-05 01:00:00+02:00;2256;5-4-2021;4;5;14;0;1;1;0
2021-04-05 02:00:00+02:00;2257;5-4-2021;4;5;14;0;2;1;0
2021-04-05 03:00:00+02:00;2258;5-4-2021;4;5;14;0;3;1;0
2021-04-05 04:00:00+02:00;2259;5-4-2021;4;5;14;0;4;1;0
2021-04-05 05:00:00+02:00;2260;5-4-2021;4;5;14;0;5;1;0
2021-04-05 06:00:00+02:00;2261;5-4-2021;4;5;14;0;6;1;0
2021-04-05 07:00:00+02:00;2262;5-4-2021;4;5;14;0;7;1;0
2021-04-05 08:00:00+02:00;2263;5-4-2021;4;5;14;0;8;1;60
2021-04-05 09:00:00+02:00;2264;5-4-2021;4;5;14;0;9;1;60
2021-04-05 10:00:00+02:00;2265;5-4-2021;4;5;14;0;10;1;90
2021-04-05 11:00:00+02:00;2266;5-4-2021;4;5;14;0;11;1;90
2021-04-05 12:00:00+02:00;2267;5-4-2021;4;5;14;0;12;1;50
2021-04-05 13:00:00+02:00;2268;5-4-2021;4;5;14;0;13;1;50
2021-04-05 14:00:00+02:00;2269;5-4-2021;4;5;14;0;14;1;80
2021-04-05 15:00:00+02:00;2270;5-4-2021;4;5;14;0;15;1;80
2021-04-05 16:00:00+02:00;2271;5-4-2021;4;5;14;0;16;1;80
2021-04-05 17:00:00+02:00;2272;5-4-2021;4;5;14;0;17;1;50
2021-04-05 18:00:00+02:00;2273;5-4-2021;4;5;14;0;18;1;42
2021-04-05 19:00:00+02:00;2274;5-4-2021;4;5;14;0;19;1;33
2021-04-05 20:00:00+02:00;2275;5-4-2021;4;5;14;0;20;1;25
2021-04-05 21:00:00+02:00;2276;5-4-2021;4;5;14;0;21;1;17
2021-04-05 22:00:00+02:00;2277;5-4-2021;4;5;14;0;22;1;8
2021-04-05 23:00:00+02:00;2278;5-4-2021;4;5;14;0;23;1;0
2021-04-06 00:00:00+02:00;2279;6-4-2021;4;6;14;1;0;1;0
2021-04-06 01:00:00+02:00;2280;6-4-2021;4;6;14;1;1;1;0
2021-04-06 02:00:00+02:00;2281;6-4-2021;4;6;14;1;2;1;0
2021-04-06 03:00:00+02:00;2282;6-4-2021;4;6;14;1;3;1;0
2021-04-06 04:00:00+02:00;2283;6-4-2021;4;6;14;1;4;1;0
2021-04-06 05:00:00+02:00;2284;6-4-2021;4;6;14;1;5;1;0
2021-04-06 06:00:00+02:00;2285;6-4-2021;4;6;14;1;6;1;0
2021-04-06 07:00:00+02:00;2286;6-4-2021;4;6;14;1;7;1;0
2021-04-06 08:00:00+02:00;2287;6-4-2021;4;6;14;1;8;1;60
2021-04-06 09:00:00+02:00;2288;6-4-2021;4;6;14;1;9;1;60
2021-04-06 10:00:00+02:00;2289;6-4-2021;4;6;14;1;10;1;90
2021-04-06 11:00:00+02:00;2290;6-4-2021;4;6;14;1;11;1;90
2021-04-06 12:00:00+02:00;2291;6-4-2021;4;6;14;1;12;1;50
2021-04-06 13:00:00+02:00;2292;6-4-2021;4;6;14;1;13;1;50
2021-04-06 14:00:00+02:00;2293;6-4-2021;4;6;14;1;14;1;80
2021-04-06 15:00:00+02:00;2294;6-4-2021;4;6;14;1;15;1;80
2021-04-06 16:00:00+02:00;2295;6-4-2021;4;6;14;1;16;1;80
2021-04-06 17:00:00+02:00;2296;6-4-2021;4;6;14;1;17;1;50
2021-04-06 18:00:00+02:00;2297;6-4-2021;4;6;14;1;18;1;42
2021-04-06 19:00:00+02:00;2298;6-4-2021;4;6;14;1;19;1;33
2021-04-06 20:00:00+02:00;2299;6-4-2021;4;6;14;1;20;1;25
2021-04-06 21:00:00+02:00;2300;6-4-2021;4;6;14;1;21;1;17
2021-04-06 22:00:00+02:00;2301;6-4-2021;4;6;14;1;22;1;8
2021-04-06 23:00:00+02:00;2302;6-4-2021;4;6;14;1;23;1;0
2021-04-07 00:00:00+02:00;2303;7-4-2021;4;7;14;2;0;1;0
2021-04-07 01:00:00+02:00;2304;7-4-2021;4;7;14;2;1;1;0
2021-04-07 02:00:00+02:00;2305;7-4-2021;4;7;14;2;2;1;0
2021-04-07 03:00:00+02:00;2306;7-4-2021;4;7;14;2;3;1;0
2021-04-07 04:00:00+02:00;2307;7-4-2021;4;7;14;2;4;1;0
2021-04-07 05:00:00+02:00;2308;7-4-2021;4;7;14;2;5;1;0
2021-04-07 06:00:00+02:00;2309;7-4-2021;4;7;14;2;6;1;0
2021-04-07 07:00:00+02:00;2310;7-4-2021;4;7;14;2;7;1;0
2021-04-07 08:00:00+02:00;2311;7-4-2021;4;7;14;2;8;1;60
2021-04-07 09:00:00+02:00;2312;7-4-2021;4;7;14;2;9;1;60
2021-04-07 10:00:00+02:00;2313;7-4-2021;4;7;14;2;10;1;90
2021-04-07 11:00:00+02:00;2314;7-4-2021;4;7;14;2;11;1;90
2021-04-07 12:00:00+02:00;2315;7-4-2021;4;7;14;2;12;1;50
2021-04-07 13:00:00+02:00;2316;7-4-2021;4;7;14;2;13;1;50
2021-04-07 14:00:00+02:00;2317;7-4-2021;4;7;14;2;14;1;80
2021-04-07 15:00:00+02:00;2318;7-4-2021;4;7;14;2;15;1;80
2021-04-07 16:00:00+02:00;2319;7-4-2021;4;7;14;2;16;1;80
2021-04-07 17:00:00+02:00;2320;7-4-2021;4;7;14;2;17;1;50
2021-04-07 18:00:00+02:00;2321;7-4-2021;4;7;14;2;18;1;42
2021-04-07 19:00:00+02:00;2322;7-4-2021;4;7;14;2;19;1;33
2021-04-07 20:00:00+02:00;2323;7-4-2021;4;7;14;2;20;1;25
2021-04-07 21:00:00+02:00;2324;7-4-2021;4;7;14;2;21;1;17
2021-04-07 22:00:00+02:00;2325;7-4-2021;4;7;14;2;22;1;8
2021-04-07 23:00:00+02:00;2326;7-4-2021;4;7;14;2;23;1;0
2021-04-08 00:00:00+02:00;2327;8-4-2021;4;8;14;3;0;1;0
2021-04-08 01:00:00+02:00;2328;8-4-2021;4;8;14;3;1;1;0
2021-04-08 02:00:00+02:00;2329;8-4-2021;4;8;14;3;2;1;0
2021-04-08 03:00:00+02:00;2330;8-4-2021;4;8;14;3;3;1;0
2021-04-08 04:00:00+02:00;2331;8-4-2021;4;8;14;3;4;1;0
2021-04-08 05:00:00+02:00;2332;8-4-2021;4;8;14;3;5;1;0
2021-04-08 06:00:00+02:00;2333;8-4-2021;4;8;14;3;6;1;0
2021-04-08 07:00:00+02:00;2334;8-4-2021;4;8;14;3;7;1;0
2021-04-08 08:00:00+02:00;2335;8-4-2021;4;8;14;3;8;1;60
2021-04-08 09:00:00+02:00;2336;8-4-2021;4;8;14;3;9;1;60
2021-04-08 10:00:00+02:00;2337;8-4-2021;4;8;14;3;10;1;90
2021-04-08 11:00:00+02:00;2338;8-4-2021;4;8;14;3;11;1;90
2021-04-08 12:00:00+02:00;2339;8-4-2021;4;8;14;3;12;1;50
2021-04-08 13:00:00+02:00;2340;8-4-2021;4;8;14;3;13;1;50
2021-04-08 14:00:00+02:00;2341;8-4-2021;4;8;14;3;14;1;80
2021-04-08 15:00:00+02:00;2342;8-4-2021;4;8;14;3;15;1;80
2021-04-08 16:00:00+02:00;2343;8-4-2021;4;8;14;3;16;1;80
2021-04-08 17:00:00+02:00;2344;8-4-2021;4;8;14;3;17;1;50
2021-04-08 18:00:00+02:00;2345;8-4-2021;4;8;14;3;18;1;42
2021-04-08 19:00:00+02:00;2346;8-4-2021;4;8;14;3;19;1;33
2021-04-08 20:00:00+02:00;2347;8-4-2021;4;8;14;3;20;1;25
2021-04-08 21:00:00+02:00;2348;8-4-2021;4;8;14;3;21;1;17
2021-04-08 22:00:00+02:00;2349;8-4-2021;4;8;14;3;22;1;8
2021-04-08 23:00:00+02:00;2350;8-4-2021;4;8;14;3;23;1;0
2021-04-09 00:00:00+02:00;2351;9-4-2021;4;9;14;4;0;1;0
2021-04-09 01:00:00+02:00;2352;9-4-2021;4;9;14;4;1;1;0
2021-04-09 02:00:00+02:00;2353;9-4-2021;4;9;14;4;2;1;0
2021-04-09 03:00:00+02:00;2354;9-4-2021;4;9;14;4;3;1;0
2021-04-09 04:00:00+02:00;2355;9-4-2021;4;9;14;4;4;1;0
2021-04-09 05:00:00+02:00;2356;9-4-2021;4;9;14;4;5;1;0
2021-04-09 06:00:00+02:00;2357;9-4-2021;4;9;14;4;6;1;0
2021-04-09 07:00:00+02:00;2358;9-4-2021;4;9;14;4;7;1;0
2021-04-09 08:00:00+02:00;2359;9-4-2021;4;9;14;4;8;1;60
2021-04-09 09:00:00+02:00;2360;9-4-2021;4;9;14;4;9;1;60
2021-04-09 10:00:00+02:00;2361;9-4-2021;4;9;14;4;10;1;90
2021-04-09 11:00:00+02:00;2362;9-4-2021;4;9;14;4;11;1;90
2021-04-09 12:00:00+02:00;2363;9-4-2021;4;9;14;4;12;1;50
2021-04-09 13:00:00+02:00;2364;9-4-2021;4;9;14;4;13;1;50
2021-04-09 14:00:00+02:00;2365;9-4-2021;4;9;14;4;14;1;80
2021-04-09 15:00:00+02:00;2366;9-4-2021;4;9;14;4;15;1;80
2021-04-09 16:00:00+02:00;2367;9-4-2021;4;9;14;4;16;1;80
2021-04-09 17:00:00+02:00;2368;9-4-2021;4;9;14;4;17;1;50
2021-04-09 18:00:00+02:00;2369;9-4-2021;4;9;14;4;18;1;42
2021-04-09 19:00:00+02:00;2370;9-4-2021;4;9;14;4;19;1;33
2021-04-09 20:00:00+02:00;2371;9-4-2021;4;9;14;4;20;1;25
2021-04-09 21:00:00+02:00;2372;9-4-2021;4;9;14;4;21;1;17
2021-04-09 22:00:00+02:00;2373;9-4-2021;4;9;14;4;22;1;8
2021-04-09 23:00:00+02:00;2374;9-4-2021;4;9;14;4;23;1;0
2021-04-10 00:00:00+02:00;2375;10-4-2021;4;10;14;5;0;2;0
2021-04-10 01:00:00+02:00;2376;10-4-2021;4;10;14;5;1;2;0
2021-04-10 02:00:00+02:00;2377;10-4-2021;4;10;14;5;2;2;0
2021-04-10 03:00:00+02:00;2378;10-4-2021;4;10;14;5;3;2;0
2021-04-10 04:00:00+02:00;2379;10-4-2021;4;10;14;5;4;2;0
2021-04-10 05:00:00+02:00;2380;10-4-2021;4;10;14;5;5;2;0
2021-04-10 06:00:00+02:00;2381;10-4-2021;4;10;14;5;6;2;0
2021-04-10 07:00:00+02:00;2382;10-4-2021;4;10;14;5;7;2;0
2021-04-10 08:00:00+02:00;2383;10-4-2021;4;10;14;5;8;2;0
2021-04-10 09:00:00+02:00;2384;10-4-2021;4;10;14;5;9;2;0
2021-04-10 10:00:00+02:00;2385;10-4-2021;4;10;14;5;10;2;50
2021-04-10 11:00:00+02:00;2386;10-4-2021;4;10;14;5;11;2;50
2021-04-10 12:00:00+02:00;2387;10-4-2021;4;10;14;5;12;2;30
2021-04-10 13:00:00+02:00;2388;10-4-2021;4;10;14;5;13;2;30
2021-04-10 14:00:00+02:00;2389;10-4-2021;4;10;14;5;14;2;50
2021-04-10 15:00:00+02:00;2390;10-4-2021;4;10;14;5;15;2;50
2021-04-10 16:00:00+02:00;2391;10-4-2021;4;10;14;5;16;2;50
2021-04-10 17:00:00+02:00;2392;10-4-2021;4;10;14;5;17;2;0
2021-04-10 18:00:00+02:00;2393;10-4-2021;4;10;14;5;18;2;0
2021-04-10 19:00:00+02:00;2394;10-4-2021;4;10;14;5;19;2;0
2021-04-10 20:00:00+02:00;2395;10-4-2021;4;10;14;5;20;2;0
2021-04-10 21:00:00+02:00;2396;10-4-2021;4;10;14;5;21;2;0
2021-04-10 22:00:00+02:00;2397;10-4-2021;4;10;14;5;22;2;0
2021-04-10 23:00:00+02:00;2398;10-4-2021;4;10;14;5;23;2;0
2021-04-11 00:00:00+02:00;2399;11-4-2021;4;11;14;6;0;3;0
2021-04-11 01:00:00+02:00;2400;11-4-2021;4;11;14;6;1;3;0
2021-04-11 02:00:00+02:00;2401;11-4-2021;4;11;14;6;2;3;0
2021-04-11 03:00:00+02:00;2402;11-4-2021;4;11;14;6;3;3;0
2021-04-11 04:00:00+02:00;2403;11-4-2021;4;11;14;6;4;3;0
2021-04-11 05:00:00+02:00;2404;11-4-2021;4;11;14;6;5;3;0
2021-04-11 06:00:00+02:00;2405;11-4-2021;4;11;14;6;6;3;0
2021-04-11 07:00:00+02:00;2406;11-4-2021;4;11;14;6;7;3;0
2021-04-11 08:00:00+02:00;2407;11-4-2021;4;11;14;6;8;3;0
2021-04-11 09:00:00+02:00;2408;11-4-2021;4;11;14;6;9;3;0
2021-04-11 10:00:00+02:00;2409;11-4-2021;4;11;14;6;10;3;0
2021-04-11 11:00:00+02:00;2410;11-4-2021;4;11;14;6;11;3;0
2021-04-11 12:00:00+02:00;2411;11-4-2021;4;11;14;6;12;3;0
2021-04-11 13:00:00+02:00;2412;11-4-2021;4;11;14;6;13;3;0
2021-04-11 14:00:00+02:00;2413;11-4-2021;4;11;14;6;14;3;0
2021-04-11 15:00:00+02:00;2414;11-4-2021;4;11;14;6;15;3;0
2021-04-11 16:00:00+02:00;2415;11-4-2021;4;11;14;6;16;3;0
2021-04-11 17:00:00+02:00;2416;11-4-2021;4;11;14;6;17;3;0
2021-04-11 18:00:00+02:00;2417;11-4-2021;4;11;14;6;18;3;0
2021-04-11 19:00:00+02:00;2418;11-4-2021;4;11;14;6;19;3;0
2021-04-11 20:00:00+02:00;2419;11-4-2021;4;11;14;6;20;3;0
2021-04-11 21:00:00+02:00;2420;11-4-2021;4;11;14;6;21;3;0
2021-04-11 22:00:00+02:00;2421;11-4-2021;4;11;14;6;22;3;0
2021-04-11 23:00:00+02:00;2422;11-4-2021;4;11;14;6;23;3;0
2021-04-12 00:00:00+02:00;2423;12-4-2021;4;12;15;0;0;1;0
2021-04-12 01:00:00+02:00;2424;12-4-2021;4;12;15;0;1;1;0
2021-04-12 02:00:00+02:00;2425;12-4-2021;4;12;15;0;2;1;0
2021-04-12 03:00:00+02:00;2426;12-4-2021;4;12;15;0;3;1;0
2021-04-12 04:00:00+02:00;2427;12-4-2021;4;12;15;0;4;1;0
2021-04-12 05:00:00+02:00;2428;12-4-2021;4;12;15;0;5;1;0
2021-04-12 06:00:00+02:00;2429;12-4-2021;4;12;15;0;6;1;0
2021-04-12 07:00:00+02:00;2430;12-4-2021;4;12;15;0;7;1;0
2021-04-12 08:00:00+02:00;2431;12-4-2021;4;12;15;0;8;1;60
2021-04-12 09:00:00+02:00;2432;12-4-2021;4;12;15;0;9;1;60
2021-04-12 10:00:00+02:00;2433;12-4-2021;4;12;15;0;10;1;90
2021-04-12 11:00:00+02:00;2434;12-4-2021;4;12;15;0;11;1;90
2021-04-12 12:00:00+02:00;2435;12-4-2021;4;12;15;0;12;1;50
2021-04-12 13:00:00+02:00;2436;12-4-2021;4;12;15;0;13;1;50
2021-04-12 14:00:00+02:00;2437;12-4-2021;4;12;15;0;14;1;80
2021-04-12 15:00:00+02:00;2438;12-4-2021;4;12;15;0;15;1;80
2021-04-12 16:00:00+02:00;2439;12-4-2021;4;12;15;0;16;1;80
2021-04-12 17:00:00+02:00;2440;12-4-2021;4;12;15;0;17;1;50
2021-04-12 18:00:00+02:00;2441;12-4-2021;4;12;15;0;18;1;42
2021-04-12 19:00:00+02:00;2442;12-4-2021;4;12;15;0;19;1;33
2021-04-12 20:00:00+02:00;2443;12-4-2021;4;12;15;0;20;1;25
2021-04-12 21:00:00+02:00;2444;12-4-2021;4;12;15;0;21;1;17
2021-04-12 22:00:00+02:00;2445;12-4-2021;4;12;15;0;22;1;8
2021-04-12 23:00:00+02:00;2446;12-4-2021;4;12;15;0;23;1;0
2021-04-13 00:00:00+02:00;2447;13-4-2021;4;13;15;1;0;1;0
2021-04-13 01:00:00+02:00;2448;13-4-2021;4;13;15;1;1;1;0
2021-04-13 02:00:00+02:00;2449;13-4-2021;4;13;15;1;2;1;0
2021-04-13 03:00:00+02:00;2450;13-4-2021;4;13;15;1;3;1;0
2021-04-13 04:00:00+02:00;2451;13-4-2021;4;13;15;1;4;1;0
2021-04-13 05:00:00+02:00;2452;13-4-2021;4;13;15;1;5;1;0
2021-04-13 06:00:00+02:00;2453;13-4-2021;4;13;15;1;6;1;0
2021-04-13 07:00:00+02:00;2454;13-4-2021;4;13;15;1;7;1;0
2021-04-13 08:00:00+02:00;2455;13-4-2021;4;13;15;1;8;1;60
2021-04-13 09:00:00+02:00;2456;13-4-2021;4;13;15;1;9;1;60
2021-04-13 10:00:00+02:00;2457;13-4-2021;4;13;15;1;10;1;90
2021-04-13 11:00:00+02:00;2458;13-4-2021;4;13;15;1;11;1;90
2021-04-13 12:00:00+02:00;2459;13-4-2021;4;13;15;1;12;1;50
2021-04-13 13:00:00+02:00;2460;13-4-2021;4;13;15;1;13;1;50
2021-04-13 14:00:00+02:00;2461;13-4-2021;4;13;15;1;14;1;80
2021-04-13 15:00:00+02:00;2462;13-4-2021;4;13;15;1;15;1;80
2021-04-13 16:00:00+02:00;2463;13-4-2021;4;13;15;1;16;1;80
2021-04-13 17:00:00+02:00;2464;13-4-2021;4;13;15;1;17;1;50
2021-04-13 18:00:00+02:00;2465;13-4-2021;4;13;15;1;18;1;42
2021-04-13 19:00:00+02:00;2466;13-4-2021;4;13;15;1;19;1;33
2021-04-13 20:00:00+02:00;2467;13-4-2021;4;13;15;1;20;1;25
2021-04-13 21:00:00+02:00;2468;13-4-2021;4;13;15;1;21;1;17
2021-04-13 22:00:00+02:00;2469;13-4-2021;4;13;15;1;22;1;8
2021-04-13 23:00:00+02:00;2470;13-4-2021;4;13;15;1;23;1;0
2021-04-14 00:00:00+02:00;2471;14-4-2021;4;14;15;2;0;1;0
2021-04-14 01:00:00+02:00;2472;14-4-2021;4;14;15;2;1;1;0
2021-04-14 02:00:00+02:00;2473;14-4-2021;4;14;15;2;2;1;0
2021-04-14 03:00:00+02:00;2474;14-4-2021;4;14;15;2;3;1;0
2021-04-14 04:00:00+02:00;2475;14-4-2021;4;14;15;2;4;1;0
2021-04-14 05:00:00+02:00;2476;14-4-2021;4;14;15;2;5;1;0
2021-04-14 06:00:00+02:00;2477;14-4-2021;4;14;15;2;6;1;0
2021-04-14 07:00:00+02:00;2478;14-4-2021;4;14;15;2;7;1;0
2021-04-14 08:00:00+02:00;2479;14-4-2021;4;14;15;2;8;1;60
2021-04-14 09:00:00+02:00;2480;14-4-2021;4;14;15;2;9;1;60
2021-04-14 10:00:00+02:00;2481;14-4-2021;4;14;15;2;10;1;90
2021-04-14 11:00:00+02:00;2482;14-4-2021;4;14;15;2;11;1;90
2021-04-14 12:00:00+02:00;2483;14-4-2021;4;14;15;2;12;1;50
2021-04-14 13:00:00+02:00;2484;14-4-2021;4;14;15;2;13;1;50
2021-04-14 14:00:00+02:00;2485;14-4-2021;4;14;15;2;14;1;80
2021-04-14 15:00:00+02:00;2486;14-4-2021;4;14;15;2;15;1;80
2021-04-14 16:00:00+02:00;2487;14-4-2021;4;14;15;2;16;1;80
2021-04-14 17:00:00+02:00;2488;14-4-2021;4;14;15;2;17;1;50
2021-04-14 18:00:00+02:00;2489;14-4-2021;4;14;15;2;18;1;42
2021-04-14 19:00:00+02:00;2490;14-4-2021;4;14;15;2;19;1;33
2021-04-14 20:00:00+02:00;2491;14-4-2021;4;14;15;2;20;1;25
2021-04-14 21:00:00+02:00;2492;14-4-2021;4;14;15;2;21;1;17
2021-04-14 22:00:00+02:00;2493;14-4-2021;4;14;15;2;22;1;8
2021-04-14 23:00:00+02:00;2494;14-4-2021;4;14;15;2;23;1;0
2021-04-15 00:00:00+02:00;2495;15-4-2021;4;15;15;3;0;1;0
2021-04-15 01:00:00+02:00;2496;15-4-2021;4;15;15;3;1;1;0
2021-04-15 02:00:00+02:00;2497;15-4-2021;4;15;15;3;2;1;0
2021-04-15 03:00:00+02:00;2498;15-4-2021;4;15;15;3;3;1;0
2021-04-15 04:00:00+02:00;2499;15-4-2021;4;15;15;3;4;1;0
2021-04-15 05:00:00+02:00;2500;15-4-2021;4;15;15;3;5;1;0
2021-04-15 06:00:00+02:00;2501;15-4-2021;4;15;15;3;6;1;0
2021-04-15 07:00:00+02:00;2502;15-4-2021;4;15;15;3;7;1;0
2021-04-15 08:00:00+02:00;2503;15-4-2021;4;15;15;3;8;1;60
2021-04-15 09:00:00+02:00;2504;15-4-2021;4;15;15;3;9;1;60
2021-04-15 10:00:00+02:00;2505;15-4-2021;4;15;15;3;10;1;90
2021-04-15 11:00:00+02:00;2506;15-4-2021;4;15;15;3;11;1;90
2021-04-15 12:00:00+02:00;2507;15-4-2021;4;15;15;3;12;1;50
2021-04-15 13:00:00+02:00;2508;15-4-2021;4;15;15;3;13;1;50
2021-04-15 14:00:00+02:00;2509;15-4-2021;4;15;15;3;14;1;80
2021-04-15 15:00:00+02:00;2510;15-4-2021;4;15;15;3;15;1;80
2021-04-15 16:00:00+02:00;2511;15-4-2021;4;15;15;3;16;1;80
2021-04-15 17:00:00+02:00;2512;15-4-2021;4;15;15;3;17;1;50
2021-04-15 18:00:00+02:00;2513;15-4-2021;4;15;15;3;18;1;42
2021-04-15 19:00:00+02:00;2514;15-4-2021;4;15;15;3;19;1;33
2021-04-15 20:00:00+02:00;2515;15-4-2021;4;15;15;3;20;1;25
2021-04-15 21:00:00+02:00;2516;15-4-2021;4;15;15;3;21;1;17
2021-04-15 22:00:00+02:00;2517;15-4-2021;4;15;15;3;22;1;8
2021-04-15 23:00:00+02:00;2518;15-4-2021;4;15;15;3;23;1;0
2021-04-16 00:00:00+02:00;2519;16-4-2021;4;16;15;4;0;1;0
2021-04-16 01:00:00+02:00;2520;16-4-2021;4;16;15;4;1;1;0
2021-04-16 02:00:00+02:00;2521;16-4-2021;4;16;15;4;2;1;0
2021-04-16 03:00:00+02:00;2522;16-4-2021;4;16;15;4;3;1;0
2021-04-16 04:00:00+02:00;2523;16-4-2021;4;16;15;4;4;1;0
2021-04-16 05:00:00+02:00;2524;16-4-2021;4;16;15;4;5;1;0
2021-04-16 06:00:00+02:00;2525;16-4-2021;4;16;15;4;6;1;0
2021-04-16 07:00:00+02:00;2526;16-4-2021;4;16;15;4;7;1;0
2021-04-16 08:00:00+02:00;2527;16-4-2021;4;16;15;4;8;1;60
2021-04-16 09:00:00+02:00;2528;16-4-2021;4;16;15;4;9;1;60
2021-04-16 10:00:00+02:00;2529;16-4-2021;4;16;15;4;10;1;90
2021-04-16 11:00:00+02:00;2530;16-4-2021;4;16;15;4;11;1;90
2021-04-16 12:00:00+02:00;2531;16-4-2021;4;16;15;4;12;1;50
2021-04-16 13:00:00+02:00;2532;16-4-2021;4;16;15;4;13;1;50
2021-04-16 14:00:00+02:00;2533;16-4-2021;4;16;15;4;14;1;80
2021-04-16 15:00:00+02:00;2534;16-4-2021;4;16;15;4;15;1;80
2021-04-16 16:00:00+02:00;2535;16-4-2021;4;16;15;4;16;1;80
2021-04-16 17:00:00+02:00;2536;16-4-2021;4;16;15;4;17;1;50
2021-04-16 18:00:00+02:00;2537;16-4-2021;4;16;15;4;18;1;42
2021-04-16 19:00:00+02:00;2538;16-4-2021;4;16;15;4;19;1;33
2021-04-16 20:00:00+02:00;2539;16-4-2021;4;16;15;4;20;1;25
2021-04-16 21:00:00+02:00;2540;16-4-2021;4;16;15;4;21;1;17
2021-04-16 22:00:00+02:00;2541;16-4-2021;4;16;15;4;22;1;8
2021-04-16 23:00:00+02:00;2542;16-4-2021;4;16;15;4;23;1;0
2021-04-17 00:00:00+02:00;2543;17-4-2021;4;17;15;5;0;2;0
2021-04-17 01:00:00+02:00;2544;17-4-2021;4;17;15;5;1;2;0
2021-04-17 02:00:00+02:00;2545;17-4-2021;4;17;15;5;2;2;0
2021-04-17 03:00:00+02:00;2546;17-4-2021;4;17;15;5;3;2;0
2021-04-17 04:00:00+02:00;2547;17-4-2021;4;17;15;5;4;2;0
2021-04-17 05:00:00+02:00;2548;17-4-2021;4;17;15;5;5;2;0
2021-04-17 06:00:00+02:00;2549;17-4-2021;4;17;15;5;6;2;0
2021-04-17 07:00:00+02:00;2550;17-4-2021;4;17;15;5;7;2;0
2021-04-17 08:00:00+02:00;2551;17-4-2021;4;17;15;5;8;2;0
2021-04-17 09:00:00+02:00;2552;17-4-2021;4;17;15;5;9;2;0
2021-04-17 10:00:00+02:00;2553;17-4-2021;4;17;15;5;10;2;50
2021-04-17 11:00:00+02:00;2554;17-4-2021;4;17;15;5;11;2;50
2021-04-17 12:00:00+02:00;2555;17-4-2021;4;17;15;5;12;2;30
2021-04-17 13:00:00+02:00;2556;17-4-2021;4;17;15;5;13;2;30
2021-04-17 14:00:00+02:00;2557;17-4-2021;4;17;15;5;14;2;50
2021-04-17 15:00:00+02:00;2558;17-4-2021;4;17;15;5;15;2;50
2021-04-17 16:00:00+02:00;2559;17-4-2021;4;17;15;5;16;2;50
2021-04-17 17:00:00+02:00;2560;17-4-2021;4;17;15;5;17;2;0
2021-04-17 18:00:00+02:00;2561;17-4-2021;4;17;15;5;18;2;0
2021-04-17 19:00:00+02:00;2562;17-4-2021;4;17;15;5;19;2;0
2021-04-17 20:00:00+02:00;2563;17-4-2021;4;17;15;5;20;2;0
2021-04-17 21:00:00+02:00;2564;17-4-2021;4;17;15;5;21;2;0
2021-04-17 22:00:00+02:00;2565;17-4-2021;4;17;15;5;22;2;0
2021-04-17 23:00:00+02:00;2566;17-4-2021;4;17;15;5;23;2;0
2021-04-18 00:00:00+02:00;2567;18-4-2021;4;18;15;6;0;3;0
2021-04-18 01:00:00+02:00;2568;18-4-2021;4;18;15;6;1;3;0
2021-04-18 02:00:00+02:00;2569;18-4-2021;4;18;15;6;2;3;0
2021-04-18 03:00:00+02:00;2570;18-4-2021;4;18;15;6;3;3;0
2021-04-18 04:00:00+02:00;2571;18-4-2021;4;18;15;6;4;3;0
2021-04-18 05:00:00+02:00;2572;18-4-2021;4;18;15;6;5;3;0
2021-04-18 06:00:00+02:00;2573;18-4-2021;4;18;15;6;6;3;0
2021-04-18 07:00:00+02:00;2574;18-4-2021;4;18;15;6;7;3;0
2021-04-18 08:00:00+02:00;2575;18-4-2021;4;18;15;6;8;3;0
2021-04-18 09:00:00+02:00;2576;18-4-2021;4;18;15;6;9;3;0
2021-04-18 10:00:00+02:00;2577;18-4-2021;4;18;15;6;10;3;0
2021-04-18 11:00:00+02:00;2578;18-4-2021;4;18;15;6;11;3;0
2021-04-18 12:00:00+02:00;2579;18-4-2021;4;18;15;6;12;3;0
2021-04-18 13:00:00+02:00;2580;18-4-2021;4;18;15;6;13;3;0
2021-04-18 14:00:00+02:00;2581;18-4-2021;4;18;15;6;14;3;0
2021-04-18 15:00:00+02:00;2582;18-4-2021;4;18;15;6;15;3;0
2021-04-18 16:00:00+02:00;2583;18-4-2021;4;18;15;6;16;3;0
2021-04-18 17:00:00+02:00;2584;18-4-2021;4;18;15;6;17;3;0
2021-04-18 18:00:00+02:00;2585;18-4-2021;4;18;15;6;18;3;0
2021-04-18 19:00:00+02:00;2586;18-4-2021;4;18;15;6;19;3;0
2021-04-18 20:00:00+02:00;2587;18-4-2021;4;18;15;6;20;3;0
2021-04-18 21:00:00+02:00;2588;18-4-2021;4;18;15;6;21;3;0
2021-04-18 22:00:00+02:00;2589;18-4-2021;4;18;15;6;22;3;0
2021-04-18 23:00:00+02:00;2590;18-4-2021;4;18;15;6;23;3;0
2021-04-19 00:00:00+02:00;2591;19-4-2021;4;19;16;0;0;1;0
2021-04-19 01:00:00+02:00;2592;19-4-2021;4;19;16;0;1;1;0
2021-04-19 02:00:00+02:00;2593;19-4-2021;4;19;16;0;2;1;0
2021-04-19 03:00:00+02:00;2594;19-4-2021;4;19;16;0;3;1;0
2021-04-19 04:00:00+02:00;2595;19-4-2021;4;19;16;0;4;1;0
2021-04-19 05:00:00+02:00;2596;19-4-2021;4;19;16;0;5;1;0
2021-04-19 06:00:00+02:00;2597;19-4-2021;4;19;16;0;6;1;0
2021-04-19 07:00:00+02:00;2598;19-4-2021;4;19;16;0;7;1;0
2021-04-19 08:00:00+02:00;2599;19-4-2021;4;19;16;0;8;1;60
2021-04-19 09:00:00+02:00;2600;19-4-2021;4;19;16;0;9;1;60
2021-04-19 10:00:00+02:00;2601;19-4-2021;4;19;16;0;10;1;90
2021-04-19 11:00:00+02:00;2602;19-4-2021;4;19;16;0;11;1;90
2021-04-19 12:00:00+02:00;2603;19-4-2021;4;19;16;0;12;1;50
2021-04-19 13:00:00+02:00;2604;19-4-2021;4;19;16;0;13;1;50
2021-04-19 14:00:00+02:00;2605;19-4-2021;4;19;16;0;14;1;80
2021-04-19 15:00:00+02:00;2606;19-4-2021;4;19;16;0;15;1;80
2021-04-19 16:00:00+02:00;2607;19-4-2021;4;19;16;0;16;1;80
2021-04-19 17:00:00+02:00;2608;19-4-2021;4;19;16;0;17;1;50
2021-04-19 18:00:00+02:00;2609;19-4-2021;4;19;16;0;18;1;42
2021-04-19 19:00:00+02:00;2610;19-4-2021;4;19;16;0;19;1;33
2021-04-19 20:00:00+02:00;2611;19-4-2021;4;19;16;0;20;1;25
2021-04-19 21:00:00+02:00;2612;19-4-2021;4;19;16;0;21;1;17
2021-04-19 22:00:00+02:00;2613;19-4-2021;4;19;16;0;22;1;8
2021-04-19 23:00:00+02:00;2614;19-4-2021;4;19;16;0;23;1;0
2021-04-20 00:00:00+02:00;2615;20-4-2021;4;20;16;1;0;1;0
2021-04-20 01:00:00+02:00;2616;20-4-2021;4;20;16;1;1;1;0
2021-04-20 02:00:00+02:00;2617;20-4-2021;4;20;16;1;2;1;0
2021-04-20 03:00:00+02:00;2618;20-4-2021;4;20;16;1;3;1;0
2021-04-20 04:00:00+02:00;2619;20-4-2021;4;20;16;1;4;1;0
2021-04-20 05:00:00+02:00;2620;20-4-2021;4;20;16;1;5;1;0
2021-04-20 06:00:00+02:00;2621;20-4-2021;4;20;16;1;6;1;0
2021-04-20 07:00:00+02:00;2622;20-4-2021;4;20;16;1;7;1;0
2021-04-20 08:00:00+02:00;2623;20-4-2021;4;20;16;1;8;1;60
2021-04-20 09:00:00+02:00;2624;20-4-2021;4;20;16;1;9;1;60
2021-04-20 10:00:00+02:00;2625;20-4-2021;4;20;16;1;10;1;90
2021-04-20 11:00:00+02:00;2626;20-4-2021;4;20;16;1;11;1;90
2021-04-20 12:00:00+02:00;2627;20-4-2021;4;20;16;1;12;1;50
2021-04-20 13:00:00+02:00;2628;20-4-2021;4;20;16;1;13;1;50
2021-04-20 14:00:00+02:00;2629;20-4-2021;4;20;16;1;14;1;80
2021-04-20 15:00:00+02:00;2630;20-4-2021;4;20;16;1;15;1;80
2021-04-20 16:00:00+02:00;2631;20-4-2021;4;20;16;1;16;1;80
2021-04-20 17:00:00+02:00;2632;20-4-2021;4;20;16;1;17;1;50
2021-04-20 18:00:00+02:00;2633;20-4-2021;4;20;16;1;18;1;42
2021-04-20 19:00:00+02:00;2634;20-4-2021;4;20;16;1;19;1;33
2021-04-20 20:00:00+02:00;2635;20-4-2021;4;20;16;1;20;1;25
2021-04-20 21:00:00+02:00;2636;20-4-2021;4;20;16;1;21;1;17
2021-04-20 22:00:00+02:00;2637;20-4-2021;4;20;16;1;22;1;8
2021-04-20 23:00:00+02:00;2638;20-4-2021;4;20;16;1;23;1;0
2021-04-21 00:00:00+02:00;2639;21-4-2021;4;21;16;2;0;1;0
2021-04-21 01:00:00+02:00;2640;21-4-2021;4;21;16;2;1;1;0
2021-04-21 02:00:00+02:00;2641;21-4-2021;4;21;16;2;2;1;0
2021-04-21 03:00:00+02:00;2642;21-4-2021;4;21;16;2;3;1;0
2021-04-21 04:00:00+02:00;2643;21-4-2021;4;21;16;2;4;1;0
2021-04-21 05:00:00+02:00;2644;21-4-2021;4;21;16;2;5;1;0
2021-04-21 06:00:00+02:00;2645;21-4-2021;4;21;16;2;6;1;0
2021-04-21 07:00:00+02:00;2646;21-4-2021;4;21;16;2;7;1;0
2021-04-21 08:00:00+02:00;2647;21-4-2021;4;21;16;2;8;1;60
2021-04-21 09:00:00+02:00;2648;21-4-2021;4;21;16;2;9;1;60
2021-04-21 10:00:00+02:00;2649;21-4-2021;4;21;16;2;10;1;90
2021-04-21 11:00:00+02:00;2650;21-4-2021;4;21;16;2;11;1;90
2021-04-21 12:00:00+02:00;2651;21-4-2021;4;21;16;2;12;1;50
2021-04-21 13:00:00+02:00;2652;21-4-2021;4;21;16;2;13;1;50
2021-04-21 14:00:00+02:00;2653;21-4-2021;4;21;16;2;14;1;80
2021-04-21 15:00:00+02:00;2654;21-4-2021;4;21;16;2;15;1;80
2021-04-21 16:00:00+02:00;2655;21-4-2021;4;21;16;2;16;1;80
2021-04-21 17:00:00+02:00;2656;21-4-2021;4;21;16;2;17;1;50
2021-04-21 18:00:00+02:00;2657;21-4-2021;4;21;16;2;18;1;42
2021-04-21 19:00:00+02:00;2658;21-4-2021;4;21;16;2;19;1;33
2021-04-21 20:00:00+02:00;2659;21-4-2021;4;21;16;2;20;1;25
2021-04-21 21:00:00+02:00;2660;21-4-2021;4;21;16;2;21;1;17
2021-04-21 22:00:00+02:00;2661;21-4-2021;4;21;16;2;22;1;8
2021-04-21 23:00:00+02:00;2662;21-4-2021;4;21;16;2;23;1;0
2021-04-22 00:00:00+02:00;2663;22-4-2021;4;22;16;3;0;1;0
2021-04-22 01:00:00+02:00;2664;22-4-2021;4;22;16;3;1;1;0
2021-04-22 02:00:00+02:00;2665;22-4-2021;4;22;16;3;2;1;0
2021-04-22 03:00:00+02:00;2666;22-4-2021;4;22;16;3;3;1;0
2021-04-22 04:00:00+02:00;2667;22-4-2021;4;22;16;3;4;1;0
2021-04-22 05:00:00+02:00;2668;22-4-2021;4;22;16;3;5;1;0
2021-04-22 06:00:00+02:00;2669;22-4-2021;4;22;16;3;6;1;0
2021-04-22 07:00:00+02:00;2670;22-4-2021;4;22;16;3;7;1;0
2021-04-22 08:00:00+02:00;2671;22-4-2021;4;22;16;3;8;1;60
2021-04-22 09:00:00+02:00;2672;22-4-2021;4;22;16;3;9;1;60
2021-04-22 10:00:00+02:00;2673;22-4-2021;4;22;16;3;10;1;90
2021-04-22 11:00:00+02:00;2674;22-4-2021;4;22;16;3;11;1;90
2021-04-22 12:00:00+02:00;2675;22-4-2021;4;22;16;3;12;1;50
2021-04-22 13:00:00+02:00;2676;22-4-2021;4;22;16;3;13;1;50
2021-04-22 14:00:00+02:00;2677;22-4-2021;4;22;16;3;14;1;80
2021-04-22 15:00:00+02:00;2678;22-4-2021;4;22;16;3;15;1;80
2021-04-22 16:00:00+02:00;2679;22-4-2021;4;22;16;3;16;1;80
2021-04-22 17:00:00+02:00;2680;22-4-2021;4;22;16;3;17;1;50
2021-04-22 18:00:00+02:00;2681;22-4-2021;4;22;16;3;18;1;42
2021-04-22 19:00:00+02:00;2682;22-4-2021;4;22;16;3;19;1;33
2021-04-22 20:00:00+02:00;2683;22-4-2021;4;22;16;3;20;1;25
2021-04-22 21:00:00+02:00;2684;22-4-2021;4;22;16;3;21;1;17
2021-04-22 22:00:00+02:00;2685;22-4-2021;4;22;16;3;22;1;8
2021-04-22 23:00:00+02:00;2686;22-4-2021;4;22;16;3;23;1;0
2021-04-23 00:00:00+02:00;2687;23-4-2021;4;23;16;4;0;1;0
2021-04-23 01:00:00+02:00;2688;23-4-2021;4;23;16;4;1;1;0
2021-04-23 02:00:00+02:00;2689;23-4-2021;4;23;16;4;2;1;0
2021-04-23 03:00:00+02:00;2690;23-4-2021;4;23;16;4;3;1;0
2021-04-23 04:00:00+02:00;2691;23-4-2021;4;23;16;4;4;1;0
2021-04-23 05:00:00+02:00;2692;23-4-2021;4;23;16;4;5;1;0
2021-04-23 06:00:00+02:00;2693;23-4-2021;4;23;16;4;6;1;0
2021-04-23 07:00:00+02:00;2694;23-4-2021;4;23;16;4;7;1;0
2021-04-23 08:00:00+02:00;2695;23-4-2021;4;23;16;4;8;1;60
2021-04-23 09:00:00+02:00;2696;23-4-2021;4;23;16;4;9;1;60
2021-04-23 10:00:00+02:00;2697;23-4-2021;4;23;16;4;10;1;90
2021-04-23 11:00:00+02:00;2698;23-4-2021;4;23;16;4;11;1;90
2021-04-23 12:00:00+02:00;2699;23-4-2021;4;23;16;4;12;1;50
2021-04-23 13:00:00+02:00;2700;23-4-2021;4;23;16;4;13;1;50
2021-04-23 14:00:00+02:00;2701;23-4-2021;4;23;16;4;14;1;80
2021-04-23 15:00:00+02:00;2702;23-4-2021;4;23;16;4;15;1;80
2021-04-23 16:00:00+02:00;2703;23-4-2021;4;23;16;4;16;1;80
2021-04-23 17:00:00+02:00;2704;23-4-2021;4;23;16;4;17;1;50
2021-04-23 18:00:00+02:00;2705;23-4-2021;4;23;16;4;18;1;42
2021-04-23 19:00:00+02:00;2706;23-4-2021;4;23;16;4;19;1;33
2021-04-23 20:00:00+02:00;2707;23-4-2021;4;23;16;4;20;1;25
2021-04-23 21:00:00+02:00;2708;23-4-2021;4;23;16;4;21;1;17
2021-04-23 22:00:00+02:00;2709;23-4-2021;4;23;16;4;22;1;8
2021-04-23 23:00:00+02:00;2710;23-4-2021;4;23;16;4;23;1;0
2021-04-24 00:00:00+02:00;2711;24-4-2021;4;24;16;5;0;2;0
2021-04-24 01:00:00+02:00;2712;24-4-2021;4;24;16;5;1;2;0
2021-04-24 02:00:00+02:00;2713;24-4-2021;4;24;16;5;2;2;0
2021-04-24 03:00:00+02:00;2714;24-4-2021;4;24;16;5;3;2;0
2021-04-24 04:00:00+02:00;2715;24-4-2021;4;24;16;5;4;2;0
2021-04-24 05:00:00+02:00;2716;24-4-2021;4;24;16;5;5;2;0
2021-04-24 06:00:00+02:00;2717;24-4-2021;4;24;16;5;6;2;0
2021-04-24 07:00:00+02:00;2718;24-4-2021;4;24;16;5;7;2;0
2021-04-24 08:00:00+02:00;2719;24-4-2021;4;24;16;5;8;2;0
2021-04-24 09:00:00+02:00;2720;24-4-2021;4;24;16;5;9;2;0
2021-04-24 10:00:00+02:00;2721;24-4-2021;4;24;16;5;10;2;50
2021-04-24 11:00:00+02:00;2722;24-4-2021;4;24;16;5;11;2;50
2021-04-24 12:00:00+02:00;2723;24-4-2021;4;24;16;5;12;2;30
2021-04-24 13:00:00+02:00;2724;24-4-2021;4;24;16;5;13;2;30
2021-04-24 14:00:00+02:00;2725;24-4-2021;4;24;16;5;14;2;50
2021-04-24 15:00:00+02:00;2726;24-4-2021;4;24;16;5;15;2;50
2021-04-24 16:00:00+02:00;2727;24-4-2021;4;24;16;5;16;2;50
2021-04-24 17:00:00+02:00;2728;24-4-2021;4;24;16;5;17;2;0
2021-04-24 18:00:00+02:00;2729;24-4-2021;4;24;16;5;18;2;0
2021-04-24 19:00:00+02:00;2730;24-4-2021;4;24;16;5;19;2;0
2021-04-24 20:00:00+02:00;2731;24-4-2021;4;24;16;5;20;2;0
2021-04-24 21:00:00+02:00;2732;24-4-2021;4;24;16;5;21;2;0
2021-04-24 22:00:00+02:00;2733;24-4-2021;4;24;16;5;22;2;0
2021-04-24 23:00:00+02:00;2734;24-4-2021;4;24;16;5;23;2;0
2021-04-25 00:00:00+02:00;2735;25-4-2021;4;25;16;6;0;3;0
2021-04-25 01:00:00+02:00;2736;25-4-2021;4;25;16;6;1;3;0
2021-04-25 02:00:00+02:00;2737;25-4-2021;4;25;16;6;2;3;0
2021-04-25 03:00:00+02:00;2738;25-4-2021;4;25;16;6;3;3;0
2021-04-25 04:00:00+02:00;2739;25-4-2021;4;25;16;6;4;3;0
2021-04-25 05:00:00+02:00;2740;25-4-2021;4;25;16;6;5;3;0
2021-04-25 06:00:00+02:00;2741;25-4-2021;4;25;16;6;6;3;0
2021-04-25 07:00:00+02:00;2742;25-4-2021;4;25;16;6;7;3;0
2021-04-25 08:00:00+02:00;2743;25-4-2021;4;25;16;6;8;3;0
2021-04-25 09:00:00+02:00;2744;25-4-2021;4;25;16;6;9;3;0
2021-04-25 10:00:00+02:00;2745;25-4-2021;4;25;16;6;10;3;0
2021-04-25 11:00:00+02:00;2746;25-4-2021;4;25;16;6;11;3;0
2021-04-25 12:00:00+02:00;2747;25-4-2021;4;25;16;6;12;3;0
2021-04-25 13:00:00+02:00;2748;25-4-2021;4;25;16;6;13;3;0
2021-04-25 14:00:00+02:00;2749;25-4-2021;4;25;16;6;14;3;0
2021-04-25 15:00:00+02:00;2750;25-4-2021;4;25;16;6;15;3;0
2021-04-25 16:00:00+02:00;2751;25-4-2021;4;25;16;6;16;3;0
2021-04-25 17:00:00+02:00;2752;25-4-2021;4;25;16;6;17;3;0
2021-04-25 18:00:00+02:00;2753;25-4-2021;4;25;16;6;18;3;0
2021-04-25 19:00:00+02:00;2754;25-4-2021;4;25;16;6;19;3;0
2021-04-25 20:00:00+02:00;2755;25-4-2021;4;25;16;6;20;3;0
2021-04-25 21:00:00+02:00;2756;25-4-2021;4;25;16;6;21;3;0
2021-04-25 22:00:00+02:00;2757;25-4-2021;4;25;16;6;22;3;0
2021-04-25 23:00:00+02:00;2758;25-4-2021;4;25;16;6;23;3;0
2021-04-26 00:00:00+02:00;2759;26-4-2021;4;26;17;0;0;1;0
2021-04-26 01:00:00+02:00;2760;26-4-2021;4;26;17;0;1;1;0
2021-04-26 02:00:00+02:00;2761;26-4-2021;4;26;17;0;2;1;0
2021-04-26 03:00:00+02:00;2762;26-4-2021;4;26;17;0;3;1;0
2021-04-26 04:00:00+02:00;2763;26-4-2021;4;26;17;0;4;1;0
2021-04-26 05:00:00+02:00;2764;26-4-2021;4;26;17;0;5;1;0
2021-04-26 06:00:00+02:00;2765;26-4-2021;4;26;17;0;6;1;0
2021-04-26 07:00:00+02:00;2766;26-4-2021;4;26;17;0;7;1;0
2021-04-26 08:00:00+02:00;2767;26-4-2021;4;26;17;0;8;1;60
2021-04-26 09:00:00+02:00;2768;26-4-2021;4;26;17;0;9;1;60
2021-04-26 10:00:00+02:00;2769;26-4-2021;4;26;17;0;10;1;90
2021-04-26 11:00:00+02:00;2770;26-4-2021;4;26;17;0;11;1;90
2021-04-26 12:00:00+02:00;2771;26-4-2021;4;26;17;0;12;1;50
2021-04-26 13:00:00+02:00;2772;26-4-2021;4;26;17;0;13;1;50
2021-04-26 14:00:00+02:00;2773;26-4-2021;4;26;17;0;14;1;80
2021-04-26 15:00:00+02:00;2774;26-4-2021;4;26;17;0;15;1;80
2021-04-26 16:00:00+02:00;2775;26-4-2021;4;26;17;0;16;1;80
2021-04-26 17:00:00+02:00;2776;26-4-2021;4;26;17;0;17;1;50
2021-04-26 18:00:00+02:00;2777;26-4-2021;4;26;17;0;18;1;42
2021-04-26 19:00:00+02:00;2778;26-4-2021;4;26;17;0;19;1;33
2021-04-26 20:00:00+02:00;2779;26-4-2021;4;26;17;0;20;1;25
2021-04-26 21:00:00+02:00;2780;26-4-2021;4;26;17;0;21;1;17
2021-04-26 22:00:00+02:00;2781;26-4-2021;4;26;17;0;22;1;8
2021-04-26 23:00:00+02:00;2782;26-4-2021;4;26;17;0;23;1;0
2021-04-27 00:00:00+02:00;2783;27-4-2021;4;27;17;1;0;1;0
2021-04-27 01:00:00+02:00;2784;27-4-2021;4;27;17;1;1;1;0
2021-04-27 02:00:00+02:00;2785;27-4-2021;4;27;17;1;2;1;0
2021-04-27 03:00:00+02:00;2786;27-4-2021;4;27;17;1;3;1;0
2021-04-27 04:00:00+02:00;2787;27-4-2021;4;27;17;1;4;1;0
2021-04-27 05:00:00+02:00;2788;27-4-2021;4;27;17;1;5;1;0
2021-04-27 06:00:00+02:00;2789;27-4-2021;4;27;17;1;6;1;0
2021-04-27 07:00:00+02:00;2790;27-4-2021;4;27;17;1;7;1;0
2021-04-27 08:00:00+02:00;2791;27-4-2021;4;27;17;1;8;1;60
2021-04-27 09:00:00+02:00;2792;27-4-2021;4;27;17;1;9;1;60
2021-04-27 10:00:00+02:00;2793;27-4-2021;4;27;17;1;10;1;90
2021-04-27 11:00:00+02:00;2794;27-4-2021;4;27;17;1;11;1;90
2021-04-27 12:00:00+02:00;2795;27-4-2021;4;27;17;1;12;1;50
2021-04-27 13:00:00+02:00;2796;27-4-2021;4;27;17;1;13;1;50
2021-04-27 14:00:00+02:00;2797;27-4-2021;4;27;17;1;14;1;80
2021-04-27 15:00:00+02:00;2798;27-4-2021;4;27;17;1;15;1;80
2021-04-27 16:00:00+02:00;2799;27-4-2021;4;27;17;1;16;1;80
2021-04-27 17:00:00+02:00;2800;27-4-2021;4;27;17;1;17;1;50
2021-04-27 18:00:00+02:00;2801;27-4-2021;4;27;17;1;18;1;42
2021-04-27 19:00:00+02:00;2802;27-4-2021;4;27;17;1;19;1;33
2021-04-27 20:00:00+02:00;2803;27-4-2021;4;27;17;1;20;1;25
2021-04-27 21:00:00+02:00;2804;27-4-2021;4;27;17;1;21;1;17
2021-04-27 22:00:00+02:00;2805;27-4-2021;4;27;17;1;22;1;8
2021-04-27 23:00:00+02:00;2806;27-4-2021;4;27;17;1;23;1;0
2021-04-28 00:00:00+02:00;2807;28-4-2021;4;28;17;2;0;1;0
2021-04-28 01:00:00+02:00;2808;28-4-2021;4;28;17;2;1;1;0
2021-04-28 02:00:00+02:00;2809;28-4-2021;4;28;17;2;2;1;0
2021-04-28 03:00:00+02:00;2810;28-4-2021;4;28;17;2;3;1;0
2021-04-28 04:00:00+02:00;2811;28-4-2021;4;28;17;2;4;1;0
2021-04-28 05:00:00+02:00;2812;28-4-2021;4;28;17;2;5;1;0
2021-04-28 06:00:00+02:00;2813;28-4-2021;4;28;17;2;6;1;0
2021-04-28 07:00:00+02:00;2814;28-4-2021;4;28;17;2;7;1;0
2021-04-28 08:00:00+02:00;2815;28-4-2021;4;28;17;2;8;1;60
2021-04-28 09:00:00+02:00;2816;28-4-2021;4;28;17;2;9;1;60
2021-04-28 10:00:00+02:00;2817;28-4-2021;4;28;17;2;10;1;90
2021-04-28 11:00:00+02:00;2818;28-4-2021;4;28;17;2;11;1;90
2021-04-28 12:00:00+02:00;2819;28-4-2021;4;28;17;2;12;1;50
2021-04-28 13:00:00+02:00;2820;28-4-2021;4;28;17;2;13;1;50
2021-04-28 14:00:00+02:00;2821;28-4-2021;4;28;17;2;14;1;80
2021-04-28 15:00:00+02:00;2822;28-4-2021;4;28;17;2;15;1;80
2021-04-28 16:00:00+02:00;2823;28-4-2021;4;28;17;2;16;1;80
2021-04-28 17:00:00+02:00;2824;28-4-2021;4;28;17;2;17;1;50
2021-04-28 18:00:00+02:00;2825;28-4-2021;4;28;17;2;18;1;42
2021-04-28 19:00:00+02:00;2826;28-4-2021;4;28;17;2;19;1;33
2021-04-28 20:00:00+02:00;2827;28-4-2021;4;28;17;2;20;1;25
2021-04-28 21:00:00+02:00;2828;28-4-2021;4;28;17;2;21;1;17
2021-04-28 22:00:00+02:00;2829;28-4-2021;4;28;17;2;22;1;8
2021-04-28 23:00:00+02:00;2830;28-4-2021;4;28;17;2;23;1;0
2021-04-29 00:00:00+02:00;2831;29-4-2021;4;29;17;3;0;1;0
2021-04-29 01:00:00+02:00;2832;29-4-2021;4;29;17;3;1;1;0
2021-04-29 02:00:00+02:00;2833;29-4-2021;4;29;17;3;2;1;0
2021-04-29 03:00:00+02:00;2834;29-4-2021;4;29;17;3;3;1;0
2021-04-29 04:00:00+02:00;2835;29-4-2021;4;29;17;3;4;1;0
2021-04-29 05:00:00+02:00;2836;29-4-2021;4;29;17;3;5;1;0
2021-04-29 06:00:00+02:00;2837;29-4-2021;4;29;17;3;6;1;0
2021-04-29 07:00:00+02:00;2838;29-4-2021;4;29;17;3;7;1;0
2021-04-29 08:00:00+02:00;2839;29-4-2021;4;29;17;3;8;1;60
2021-04-29 09:00:00+02:00;2840;29-4-2021;4;29;17;3;9;1;60
2021-04-29 10:00:00+02:00;2841;29-4-2021;4;29;17;3;10;1;90
2021-04-29 11:00:00+02:00;2842;29-4-2021;4;29;17;3;11;1;90
2021-04-29 12:00:00+02:00;2843;29-4-2021;4;29;17;3;12;1;50
2021-04-29 13:00:00+02:00;2844;29-4-2021;4;29;17;3;13;1;50
2021-04-29 14:00:00+02:00;2845;29-4-2021;4;29;17;3;14;1;80
2021-04-29 15:00:00+02:00;2846;29-4-2021;4;29;17;3;15;1;80
2021-04-29 16:00:00+02:00;2847;29-4-2021;4;29;17;3;16;1;80
2021-04-29 17:00:00+02:00;2848;29-4-2021;4;29;17;3;17;1;50
2021-04-29 18:00:00+02:00;2849;29-4-2021;4;29;17;3;18;1;42
2021-04-29 19:00:00+02:00;2850;29-4-2021;4;29;17;3;19;1;33
2021-04-29 20:00:00+02:00;2851;29-4-2021;4;29;17;3;20;1;25
2021-04-29 21:00:00+02:00;2852;29-4-2021;4;29;17;3;21;1;17
2021-04-29 22:00:00+02:00;2853;29-4-2021;4;29;17;3;22;1;8
2021-04-29 23:00:00+02:00;2854;29-4-2021;4;29;17;3;23;1;0
2021-04-30 00:00:00+02:00;2855;30-4-2021;4;30;17;4;0;1;0
2021-04-30 01:00:00+02:00;2856;30-4-2021;4;30;17;4;1;1;0
2021-04-30 02:00:00+02:00;2857;30-4-2021;4;30;17;4;2;1;0
2021-04-30 03:00:00+02:00;2858;30-4-2021;4;30;17;4;3;1;0
2021-04-30 04:00:00+02:00;2859;30-4-2021;4;30;17;4;4;1;0
2021-04-30 05:00:00+02:00;2860;30-4-2021;4;30;17;4;5;1;0
2021-04-30 06:00:00+02:00;2861;30-4-2021;4;30;17;4;6;1;0
2021-04-30 07:00:00+02:00;2862;30-4-2021;4;30;17;4;7;1;0
2021-04-30 08:00:00+02:00;2863;30-4-2021;4;30;17;4;8;1;60
2021-04-30 09:00:00+02:00;2864;30-4-2021;4;30;17;4;9;1;60
2021-04-30 10:00:00+02:00;2865;30-4-2021;4;30;17;4;10;1;90
2021-04-30 11:00:00+02:00;2866;30-4-2021;4;30;17;4;11;1;90
2021-04-30 12:00:00+02:00;2867;30-4-2021;4;30;17;4;12;1;50
2021-04-30 13:00:00+02:00;2868;30-4-2021;4;30;17;4;13;1;50
2021-04-30 14:00:00+02:00;2869;30-4-2021;4;30;17;4;14;1;80
2021-04-30 15:00:00+02:00;2870;30-4-2021;4;30;17;4;15;1;80
2021-04-30 16:00:00+02:00;2871;30-4-2021;4;30;17;4;16;1;80
2021-04-30 17:00:00+02:00;2872;30-4-2021;4;30;17;4;17;1;50
2021-04-30 18:00:00+02:00;2873;30-4-2021;4;30;17;4;18;1;42
2021-04-30 19:00:00+02:00;2874;30-4-2021;4;30;17;4;19;1;33
2021-04-30 20:00:00+02:00;2875;30-4-2021;4;30;17;4;20;1;25
2021-04-30 21:00:00+02:00;2876;30-4-2021;4;30;17;4;21;1;17
2021-04-30 22:00:00+02:00;2877;30-4-2021;4;30;17;4;22;1;8
2021-04-30 23:00:00+02:00;2878;30-4-2021;4;30;17;4;23;1;0
2021-05-01 00:00:00+02:00;2879;1-5-2021;5;1;17;5;0;2;0
2021-05-01 01:00:00+02:00;2880;1-5-2021;5;1;17;5;1;2;0
2021-05-01 02:00:00+02:00;2881;1-5-2021;5;1;17;5;2;2;0
2021-05-01 03:00:00+02:00;2882;1-5-2021;5;1;17;5;3;2;0
2021-05-01 04:00:00+02:00;2883;1-5-2021;5;1;17;5;4;2;0
2021-05-01 05:00:00+02:00;2884;1-5-2021;5;1;17;5;5;2;0
2021-05-01 06:00:00+02:00;2885;1-5-2021;5;1;17;5;6;2;0
2021-05-01 07:00:00+02:00;2886;1-5-2021;5;1;17;5;7;2;0
2021-05-01 08:00:00+02:00;2887;1-5-2021;5;1;17;5;8;2;0
2021-05-01 09:00:00+02:00;2888;1-5-2021;5;1;17;5;9;2;0
2021-05-01 10:00:00+02:00;2889;1-5-2021;5;1;17;5;10;2;50
2021-05-01 11:00:00+02:00;2890;1-5-2021;5;1;17;5;11;2;50
2021-05-01 12:00:00+02:00;2891;1-5-2021;5;1;17;5;12;2;30
2021-05-01 13:00:00+02:00;2892;1-5-2021;5;1;17;5;13;2;30
2021-05-01 14:00:00+02:00;2893;1-5-2021;5;1;17;5;14;2;50
2021-05-01 15:00:00+02:00;2894;1-5-2021;5;1;17;5;15;2;50
2021-05-01 16:00:00+02:00;2895;1-5-2021;5;1;17;5;16;2;50
2021-05-01 17:00:00+02:00;2896;1-5-2021;5;1;17;5;17;2;0
2021-05-01 18:00:00+02:00;2897;1-5-2021;5;1;17;5;18;2;0
2021-05-01 19:00:00+02:00;2898;1-5-2021;5;1;17;5;19;2;0
2021-05-01 20:00:00+02:00;2899;1-5-2021;5;1;17;5;20;2;0
2021-05-01 21:00:00+02:00;2900;1-5-2021;5;1;17;5;21;2;0
2021-05-01 22:00:00+02:00;2901;1-5-2021;5;1;17;5;22;2;0
2021-05-01 23:00:00+02:00;2902;1-5-2021;5;1;17;5;23;2;0
2021-05-02 00:00:00+02:00;2903;2-5-2021;5;2;17;6;0;3;0
2021-05-02 01:00:00+02:00;2904;2-5-2021;5;2;17;6;1;3;0
2021-05-02 02:00:00+02:00;2905;2-5-2021;5;2;17;6;2;3;0
2021-05-02 03:00:00+02:00;2906;2-5-2021;5;2;17;6;3;3;0
2021-05-02 04:00:00+02:00;2907;2-5-2021;5;2;17;6;4;3;0
2021-05-02 05:00:00+02:00;2908;2-5-2021;5;2;17;6;5;3;0
2021-05-02 06:00:00+02:00;2909;2-5-2021;5;2;17;6;6;3;0
2021-05-02 07:00:00+02:00;2910;2-5-2021;5;2;17;6;7;3;0
2021-05-02 08:00:00+02:00;2911;2-5-2021;5;2;17;6;8;3;0
2021-05-02 09:00:00+02:00;2912;2-5-2021;5;2;17;6;9;3;0
2021-05-02 10:00:00+02:00;2913;2-5-2021;5;2;17;6;10;3;0
2021-05-02 11:00:00+02:00;2914;2-5-2021;5;2;17;6;11;3;0
2021-05-02 12:00:00+02:00;2915;2-5-2021;5;2;17;6;12;3;0
2021-05-02 13:00:00+02:00;2916;2-5-2021;5;2;17;6;13;3;0
2021-05-02 14:00:00+02:00;2917;2-5-2021;5;2;17;6;14;3;0
2021-05-02 15:00:00+02:00;2918;2-5-2021;5;2;17;6;15;3;0
2021-05-02 16:00:00+02:00;2919;2-5-2021;5;2;17;6;16;3;0
2021-05-02 17:00:00+02:00;2920;2-5-2021;5;2;17;6;17;3;0
2021-05-02 18:00:00+02:00;2921;2-5-2021;5;2;17;6;18;3;0
2021-05-02 19:00:00+02:00;2922;2-5-2021;5;2;17;6;19;3;0
2021-05-02 20:00:00+02:00;2923;2-5-2021;5;2;17;6;20;3;0
2021-05-02 21:00:00+02:00;2924;2-5-2021;5;2;17;6;21;3;0
2021-05-02 22:00:00+02:00;2925;2-5-2021;5;2;17;6;22;3;0
2021-05-02 23:00:00+02:00;2926;2-5-2021;5;2;17;6;23;3;0
2021-05-03 00:00:00+02:00;2927;3-5-2021;5;3;18;0;0;1;0
2021-05-03 01:00:00+02:00;2928;3-5-2021;5;3;18;0;1;1;0
2021-05-03 02:00:00+02:00;2929;3-5-2021;5;3;18;0;2;1;0
2021-05-03 03:00:00+02:00;2930;3-5-2021;5;3;18;0;3;1;0
2021-05-03 04:00:00+02:00;2931;3-5-2021;5;3;18;0;4;1;0
2021-05-03 05:00:00+02:00;2932;3-5-2021;5;3;18;0;5;1;0
2021-05-03 06:00:00+02:00;2933;3-5-2021;5;3;18;0;6;1;0
2021-05-03 07:00:00+02:00;2934;3-5-2021;5;3;18;0;7;1;0
2021-05-03 08:00:00+02:00;2935;3-5-2021;5;3;18;0;8;1;60
2021-05-03 09:00:00+02:00;2936;3-5-2021;5;3;18;0;9;1;60
2021-05-03 10:00:00+02:00;2937;3-5-2021;5;3;18;0;10;1;90
2021-05-03 11:00:00+02:00;2938;3-5-2021;5;3;18;0;11;1;90
2021-05-03 12:00:00+02:00;2939;3-5-2021;5;3;18;0;12;1;50
2021-05-03 13:00:00+02:00;2940;3-5-2021;5;3;18;0;13;1;50
2021-05-03 14:00:00+02:00;2941;3-5-2021;5;3;18;0;14;1;80
2021-05-03 15:00:00+02:00;2942;3-5-2021;5;3;18;0;15;1;80
2021-05-03 16:00:00+02:00;2943;3-5-2021;5;3;18;0;16;1;80
2021-05-03 17:00:00+02:00;2944;3-5-2021;5;3;18;0;17;1;50
2021-05-03 18:00:00+02:00;2945;3-5-2021;5;3;18;0;18;1;42
2021-05-03 19:00:00+02:00;2946;3-5-2021;5;3;18;0;19;1;33
2021-05-03 20:00:00+02:00;2947;3-5-2021;5;3;18;0;20;1;25
2021-05-03 21:00:00+02:00;2948;3-5-2021;5;3;18;0;21;1;17
2021-05-03 22:00:00+02:00;2949;3-5-2021;5;3;18;0;22;1;8
2021-05-03 23:00:00+02:00;2950;3-5-2021;5;3;18;0;23;1;0
2021-05-04 00:00:00+02:00;2951;4-5-2021;5;4;18;1;0;1;0
2021-05-04 01:00:00+02:00;2952;4-5-2021;5;4;18;1;1;1;0
2021-05-04 02:00:00+02:00;2953;4-5-2021;5;4;18;1;2;1;0
2021-05-04 03:00:00+02:00;2954;4-5-2021;5;4;18;1;3;1;0
2021-05-04 04:00:00+02:00;2955;4-5-2021;5;4;18;1;4;1;0
2021-05-04 05:00:00+02:00;2956;4-5-2021;5;4;18;1;5;1;0
2021-05-04 06:00:00+02:00;2957;4-5-2021;5;4;18;1;6;1;0
2021-05-04 07:00:00+02:00;2958;4-5-2021;5;4;18;1;7;1;0
2021-05-04 08:00:00+02:00;2959;4-5-2021;5;4;18;1;8;1;60
2021-05-04 09:00:00+02:00;2960;4-5-2021;5;4;18;1;9;1;60
2021-05-04 10:00:00+02:00;2961;4-5-2021;5;4;18;1;10;1;90
2021-05-04 11:00:00+02:00;2962;4-5-2021;5;4;18;1;11;1;90
2021-05-04 12:00:00+02:00;2963;4-5-2021;5;4;18;1;12;1;50
2021-05-04 13:00:00+02:00;2964;4-5-2021;5;4;18;1;13;1;50
2021-05-04 14:00:00+02:00;2965;4-5-2021;5;4;18;1;14;1;80
2021-05-04 15:00:00+02:00;2966;4-5-2021;5;4;18;1;15;1;80
2021-05-04 16:00:00+02:00;2967;4-5-2021;5;4;18;1;16;1;80
2021-05-04 17:00:00+02:00;2968;4-5-2021;5;4;18;1;17;1;50
2021-05-04 18:00:00+02:00;2969;4-5-2021;5;4;18;1;18;1;42
2021-05-04 19:00:00+02:00;2970;4-5-2021;5;4;18;1;19;1;33
2021-05-04 20:00:00+02:00;2971;4-5-2021;5;4;18;1;20;1;25
2021-05-04 21:00:00+02:00;2972;4-5-2021;5;4;18;1;21;1;17
2021-05-04 22:00:00+02:00;2973;4-5-2021;5;4;18;1;22;1;8
2021-05-04 23:00:00+02:00;2974;4-5-2021;5;4;18;1;23;1;0
2021-05-05 00:00:00+02:00;2975;5-5-2021;5;5;18;2;0;1;0
2021-05-05 01:00:00+02:00;2976;5-5-2021;5;5;18;2;1;1;0
2021-05-05 02:00:00+02:00;2977;5-5-2021;5;5;18;2;2;1;0
2021-05-05 03:00:00+02:00;2978;5-5-2021;5;5;18;2;3;1;0
2021-05-05 04:00:00+02:00;2979;5-5-2021;5;5;18;2;4;1;0
2021-05-05 05:00:00+02:00;2980;5-5-2021;5;5;18;2;5;1;0
2021-05-05 06:00:00+02:00;2981;5-5-2021;5;5;18;2;6;1;0
2021-05-05 07:00:00+02:00;2982;5-5-2021;5;5;18;2;7;1;0
2021-05-05 08:00:00+02:00;2983;5-5-2021;5;5;18;2;8;1;60
2021-05-05 09:00:00+02:00;2984;5-5-2021;5;5;18;2;9;1;60
2021-05-05 10:00:00+02:00;2985;5-5-2021;5;5;18;2;10;1;90
2021-05-05 11:00:00+02:00;2986;5-5-2021;5;5;18;2;11;1;90
2021-05-05 12:00:00+02:00;2987;5-5-2021;5;5;18;2;12;1;50
2021-05-05 13:00:00+02:00;2988;5-5-2021;5;5;18;2;13;1;50
2021-05-05 14:00:00+02:00;2989;5-5-2021;5;5;18;2;14;1;80
2021-05-05 15:00:00+02:00;2990;5-5-2021;5;5;18;2;15;1;80
2021-05-05 16:00:00+02:00;2991;5-5-2021;5;5;18;2;16;1;80
2021-05-05 17:00:00+02:00;2992;5-5-2021;5;5;18;2;17;1;50
2021-05-05 18:00:00+02:00;2993;5-5-2021;5;5;18;2;18;1;42
2021-05-05 19:00:00+02:00;2994;5-5-2021;5;5;18;2;19;1;33
2021-05-05 20:00:00+02:00;2995;5-5-2021;5;5;18;2;20;1;25
2021-05-05 21:00:00+02:00;2996;5-5-2021;5;5;18;2;21;1;17
2021-05-05 22:00:00+02:00;2997;5-5-2021;5;5;18;2;22;1;8
2021-05-05 23:00:00+02:00;2998;5-5-2021;5;5;18;2;23;1;0
2021-05-06 00:00:00+02:00;2999;6-5-2021;5;6;18;3;0;1;0
2021-05-06 01:00:00+02:00;3000;6-5-2021;5;6;18;3;1;1;0
2021-05-06 02:00:00+02:00;3001;6-5-2021;5;6;18;3;2;1;0
2021-05-06 03:00:00+02:00;3002;6-5-2021;5;6;18;3;3;1;0
2021-05-06 04:00:00+02:00;3003;6-5-2021;5;6;18;3;4;1;0
2021-05-06 05:00:00+02:00;3004;6-5-2021;5;6;18;3;5;1;0
2021-05-06 06:00:00+02:00;3005;6-5-2021;5;6;18;3;6;1;0
2021-05-06 07:00:00+02:00;3006;6-5-2021;5;6;18;3;7;1;0
2021-05-06 08:00:00+02:00;3007;6-5-2021;5;6;18;3;8;1;60
2021-05-06 09:00:00+02:00;3008;6-5-2021;5;6;18;3;9;1;60
2021-05-06 10:00:00+02:00;3009;6-5-2021;5;6;18;3;10;1;90
2021-05-06 11:00:00+02:00;3010;6-5-2021;5;6;18;3;11;1;90
2021-05-06 12:00:00+02:00;3011;6-5-2021;5;6;18;3;12;1;50
2021-05-06 13:00:00+02:00;3012;6-5-2021;5;6;18;3;13;1;50
2021-05-06 14:00:00+02:00;3013;6-5-2021;5;6;18;3;14;1;80
2021-05-06 15:00:00+02:00;3014;6-5-2021;5;6;18;3;15;1;80
2021-05-06 16:00:00+02:00;3015;6-5-2021;5;6;18;3;16;1;80
2021-05-06 17:00:00+02:00;3016;6-5-2021;5;6;18;3;17;1;50
2021-05-06 18:00:00+02:00;3017;6-5-2021;5;6;18;3;18;1;42
2021-05-06 19:00:00+02:00;3018;6-5-2021;5;6;18;3;19;1;33
2021-05-06 20:00:00+02:00;3019;6-5-2021;5;6;18;3;20;1;25
2021-05-06 21:00:00+02:00;3020;6-5-2021;5;6;18;3;21;1;17
2021-05-06 22:00:00+02:00;3021;6-5-2021;5;6;18;3;22;1;8
2021-05-06 23:00:00+02:00;3022;6-5-2021;5;6;18;3;23;1;0
2021-05-07 00:00:00+02:00;3023;7-5-2021;5;7;18;4;0;1;0
2021-05-07 01:00:00+02:00;3024;7-5-2021;5;7;18;4;1;1;0
2021-05-07 02:00:00+02:00;3025;7-5-2021;5;7;18;4;2;1;0
2021-05-07 03:00:00+02:00;3026;7-5-2021;5;7;18;4;3;1;0
2021-05-07 04:00:00+02:00;3027;7-5-2021;5;7;18;4;4;1;0
2021-05-07 05:00:00+02:00;3028;7-5-2021;5;7;18;4;5;1;0
2021-05-07 06:00:00+02:00;3029;7-5-2021;5;7;18;4;6;1;0
2021-05-07 07:00:00+02:00;3030;7-5-2021;5;7;18;4;7;1;0
2021-05-07 08:00:00+02:00;3031;7-5-2021;5;7;18;4;8;1;60
2021-05-07 09:00:00+02:00;3032;7-5-2021;5;7;18;4;9;1;60
2021-05-07 10:00:00+02:00;3033;7-5-2021;5;7;18;4;10;1;90
2021-05-07 11:00:00+02:00;3034;7-5-2021;5;7;18;4;11;1;90
2021-05-07 12:00:00+02:00;3035;7-5-2021;5;7;18;4;12;1;50
2021-05-07 13:00:00+02:00;3036;7-5-2021;5;7;18;4;13;1;50
2021-05-07 14:00:00+02:00;3037;7-5-2021;5;7;18;4;14;1;80
2021-05-07 15:00:00+02:00;3038;7-5-2021;5;7;18;4;15;1;80
2021-05-07 16:00:00+02:00;3039;7-5-2021;5;7;18;4;16;1;80
2021-05-07 17:00:00+02:00;3040;7-5-2021;5;7;18;4;17;1;50
2021-05-07 18:00:00+02:00;3041;7-5-2021;5;7;18;4;18;1;42
2021-05-07 19:00:00+02:00;3042;7-5-2021;5;7;18;4;19;1;33
2021-05-07 20:00:00+02:00;3043;7-5-2021;5;7;18;4;20;1;25
2021-05-07 21:00:00+02:00;3044;7-5-2021;5;7;18;4;21;1;17
2021-05-07 22:00:00+02:00;3045;7-5-2021;5;7;18;4;22;1;8
2021-05-07 23:00:00+02:00;3046;7-5-2021;5;7;18;4;23;1;0
2021-05-08 00:00:00+02:00;3047;8-5-2021;5;8;18;5;0;2;0
2021-05-08 01:00:00+02:00;3048;8-5-2021;5;8;18;5;1;2;0
2021-05-08 02:00:00+02:00;3049;8-5-2021;5;8;18;5;2;2;0
2021-05-08 03:00:00+02:00;3050;8-5-2021;5;8;18;5;3;2;0
2021-05-08 04:00:00+02:00;3051;8-5-2021;5;8;18;5;4;2;0
2021-05-08 05:00:00+02:00;3052;8-5-2021;5;8;18;5;5;2;0
2021-05-08 06:00:00+02:00;3053;8-5-2021;5;8;18;5;6;2;0
2021-05-08 07:00:00+02:00;3054;8-5-2021;5;8;18;5;7;2;0
2021-05-08 08:00:00+02:00;3055;8-5-2021;5;8;18;5;8;2;0
2021-05-08 09:00:00+02:00;3056;8-5-2021;5;8;18;5;9;2;0
2021-05-08 10:00:00+02:00;3057;8-5-2021;5;8;18;5;10;2;50
2021-05-08 11:00:00+02:00;3058;8-5-2021;5;8;18;5;11;2;50
2021-05-08 12:00:00+02:00;3059;8-5-2021;5;8;18;5;12;2;30
2021-05-08 13:00:00+02:00;3060;8-5-2021;5;8;18;5;13;2;30
2021-05-08 14:00:00+02:00;3061;8-5-2021;5;8;18;5;14;2;50
2021-05-08 15:00:00+02:00;3062;8-5-2021;5;8;18;5;15;2;50
2021-05-08 16:00:00+02:00;3063;8-5-2021;5;8;18;5;16;2;50
2021-05-08 17:00:00+02:00;3064;8-5-2021;5;8;18;5;17;2;0
2021-05-08 18:00:00+02:00;3065;8-5-2021;5;8;18;5;18;2;0
2021-05-08 19:00:00+02:00;3066;8-5-2021;5;8;18;5;19;2;0
2021-05-08 20:00:00+02:00;3067;8-5-2021;5;8;18;5;20;2;0
2021-05-08 21:00:00+02:00;3068;8-5-2021;5;8;18;5;21;2;0
2021-05-08 22:00:00+02:00;3069;8-5-2021;5;8;18;5;22;2;0
2021-05-08 23:00:00+02:00;3070;8-5-2021;5;8;18;5;23;2;0
2021-05-09 00:00:00+02:00;3071;9-5-2021;5;9;18;6;0;3;0
2021-05-09 01:00:00+02:00;3072;9-5-2021;5;9;18;6;1;3;0
2021-05-09 02:00:00+02:00;3073;9-5-2021;5;9;18;6;2;3;0
2021-05-09 03:00:00+02:00;3074;9-5-2021;5;9;18;6;3;3;0
2021-05-09 04:00:00+02:00;3075;9-5-2021;5;9;18;6;4;3;0
2021-05-09 05:00:00+02:00;3076;9-5-2021;5;9;18;6;5;3;0
2021-05-09 06:00:00+02:00;3077;9-5-2021;5;9;18;6;6;3;0
2021-05-09 07:00:00+02:00;3078;9-5-2021;5;9;18;6;7;3;0
2021-05-09 08:00:00+02:00;3079;9-5-2021;5;9;18;6;8;3;0
2021-05-09 09:00:00+02:00;3080;9-5-2021;5;9;18;6;9;3;0
2021-05-09 10:00:00+02:00;3081;9-5-2021;5;9;18;6;10;3;0
2021-05-09 11:00:00+02:00;3082;9-5-2021;5;9;18;6;11;3;0
2021-05-09 12:00:00+02:00;3083;9-5-2021;5;9;18;6;12;3;0
2021-05-09 13:00:00+02:00;3084;9-5-2021;5;9;18;6;13;3;0
2021-05-09 14:00:00+02:00;3085;9-5-2021;5;9;18;6;14;3;0
2021-05-09 15:00:00+02:00;3086;9-5-2021;5;9;18;6;15;3;0
2021-05-09 16:00:00+02:00;3087;9-5-2021;5;9;18;6;16;3;0
2021-05-09 17:00:00+02:00;3088;9-5-2021;5;9;18;6;17;3;0
2021-05-09 18:00:00+02:00;3089;9-5-2021;5;9;18;6;18;3;0
2021-05-09 19:00:00+02:00;3090;9-5-2021;5;9;18;6;19;3;0
2021-05-09 20:00:00+02:00;3091;9-5-2021;5;9;18;6;20;3;0
2021-05-09 21:00:00+02:00;3092;9-5-2021;5;9;18;6;21;3;0
2021-05-09 22:00:00+02:00;3093;9-5-2021;5;9;18;6;22;3;0
2021-05-09 23:00:00+02:00;3094;9-5-2021;5;9;18;6;23;3;0
2021-05-10 00:00:00+02:00;3095;10-5-2021;5;10;19;0;0;1;0
2021-05-10 01:00:00+02:00;3096;10-5-2021;5;10;19;0;1;1;0
2021-05-10 02:00:00+02:00;3097;10-5-2021;5;10;19;0;2;1;0
2021-05-10 03:00:00+02:00;3098;10-5-2021;5;10;19;0;3;1;0
2021-05-10 04:00:00+02:00;3099;10-5-2021;5;10;19;0;4;1;0
2021-05-10 05:00:00+02:00;3100;10-5-2021;5;10;19;0;5;1;0
2021-05-10 06:00:00+02:00;3101;10-5-2021;5;10;19;0;6;1;0
2021-05-10 07:00:00+02:00;3102;10-5-2021;5;10;19;0;7;1;0
2021-05-10 08:00:00+02:00;3103;10-5-2021;5;10;19;0;8;1;60
2021-05-10 09:00:00+02:00;3104;10-5-2021;5;10;19;0;9;1;60
2021-05-10 10:00:00+02:00;3105;10-5-2021;5;10;19;0;10;1;90
2021-05-10 11:00:00+02:00;3106;10-5-2021;5;10;19;0;11;1;90
2021-05-10 12:00:00+02:00;3107;10-5-2021;5;10;19;0;12;1;50
2021-05-10 13:00:00+02:00;3108;10-5-2021;5;10;19;0;13;1;50
2021-05-10 14:00:00+02:00;3109;10-5-2021;5;10;19;0;14;1;80
2021-05-10 15:00:00+02:00;3110;10-5-2021;5;10;19;0;15;1;80
2021-05-10 16:00:00+02:00;3111;10-5-2021;5;10;19;0;16;1;80
2021-05-10 17:00:00+02:00;3112;10-5-2021;5;10;19;0;17;1;50
2021-05-10 18:00:00+02:00;3113;10-5-2021;5;10;19;0;18;1;42
2021-05-10 19:00:00+02:00;3114;10-5-2021;5;10;19;0;19;1;33
2021-05-10 20:00:00+02:00;3115;10-5-2021;5;10;19;0;20;1;25
2021-05-10 21:00:00+02:00;3116;10-5-2021;5;10;19;0;21;1;17
2021-05-10 22:00:00+02:00;3117;10-5-2021;5;10;19;0;22;1;8
2021-05-10 23:00:00+02:00;3118;10-5-2021;5;10;19;0;23;1;0
2021-05-11 00:00:00+02:00;3119;11-5-2021;5;11;19;1;0;1;0
2021-05-11 01:00:00+02:00;3120;11-5-2021;5;11;19;1;1;1;0
2021-05-11 02:00:00+02:00;3121;11-5-2021;5;11;19;1;2;1;0
2021-05-11 03:00:00+02:00;3122;11-5-2021;5;11;19;1;3;1;0
2021-05-11 04:00:00+02:00;3123;11-5-2021;5;11;19;1;4;1;0
2021-05-11 05:00:00+02:00;3124;11-5-2021;5;11;19;1;5;1;0
2021-05-11 06:00:00+02:00;3125;11-5-2021;5;11;19;1;6;1;0
2021-05-11 07:00:00+02:00;3126;11-5-2021;5;11;19;1;7;1;0
2021-05-11 08:00:00+02:00;3127;11-5-2021;5;11;19;1;8;1;60
2021-05-11 09:00:00+02:00;3128;11-5-2021;5;11;19;1;9;1;60
2021-05-11 10:00:00+02:00;3129;11-5-2021;5;11;19;1;10;1;90
2021-05-11 11:00:00+02:00;3130;11-5-2021;5;11;19;1;11;1;90
2021-05-11 12:00:00+02:00;3131;11-5-2021;5;11;19;1;12;1;50
2021-05-11 13:00:00+02:00;3132;11-5-2021;5;11;19;1;13;1;50
2021-05-11 14:00:00+02:00;3133;11-5-2021;5;11;19;1;14;1;80
2021-05-11 15:00:00+02:00;3134;11-5-2021;5;11;19;1;15;1;80
2021-05-11 16:00:00+02:00;3135;11-5-2021;5;11;19;1;16;1;80
2021-05-11 17:00:00+02:00;3136;11-5-2021;5;11;19;1;17;1;50
2021-05-11 18:00:00+02:00;3137;11-5-2021;5;11;19;1;18;1;42
2021-05-11 19:00:00+02:00;3138;11-5-2021;5;11;19;1;19;1;33
2021-05-11 20:00:00+02:00;3139;11-5-2021;5;11;19;1;20;1;25
2021-05-11 21:00:00+02:00;3140;11-5-2021;5;11;19;1;21;1;17
2021-05-11 22:00:00+02:00;3141;11-5-2021;5;11;19;1;22;1;8
2021-05-11 23:00:00+02:00;3142;11-5-2021;5;11;19;1;23;1;0
2021-05-12 00:00:00+02:00;3143;12-5-2021;5;12;19;2;0;1;0
2021-05-12 01:00:00+02:00;3144;12-5-2021;5;12;19;2;1;1;0
2021-05-12 02:00:00+02:00;3145;12-5-2021;5;12;19;2;2;1;0
2021-05-12 03:00:00+02:00;3146;12-5-2021;5;12;19;2;3;1;0
2021-05-12 04:00:00+02:00;3147;12-5-2021;5;12;19;2;4;1;0
2021-05-12 05:00:00+02:00;3148;12-5-2021;5;12;19;2;5;1;0
2021-05-12 06:00:00+02:00;3149;12-5-2021;5;12;19;2;6;1;0
2021-05-12 07:00:00+02:00;3150;12-5-2021;5;12;19;2;7;1;0
2021-05-12 08:00:00+02:00;3151;12-5-2021;5;12;19;2;8;1;60
2021-05-12 09:00:00+02:00;3152;12-5-2021;5;12;19;2;9;1;60
2021-05-12 10:00:00+02:00;3153;12-5-2021;5;12;19;2;10;1;90
2021-05-12 11:00:00+02:00;3154;12-5-2021;5;12;19;2;11;1;90
2021-05-12 12:00:00+02:00;3155;12-5-2021;5;12;19;2;12;1;50
2021-05-12 13:00:00+02:00;3156;12-5-2021;5;12;19;2;13;1;50
2021-05-12 14:00:00+02:00;3157;12-5-2021;5;12;19;2;14;1;80
2021-05-12 15:00:00+02:00;3158;12-5-2021;5;12;19;2;15;1;80
2021-05-12 16:00:00+02:00;3159;12-5-2021;5;12;19;2;16;1;80
2021-05-12 17:00:00+02:00;3160;12-5-2021;5;12;19;2;17;1;50
2021-05-12 18:00:00+02:00;3161;12-5-2021;5;12;19;2;18;1;42
2021-05-12 19:00:00+02:00;3162;12-5-2021;5;12;19;2;19;1;33
2021-05-12 20:00:00+02:00;3163;12-5-2021;5;12;19;2;20;1;25
2021-05-12 21:00:00+02:00;3164;12-5-2021;5;12;19;2;21;1;17
2021-05-12 22:00:00+02:00;3165;12-5-2021;5;12;19;2;22;1;8
2021-05-12 23:00:00+02:00;3166;12-5-2021;5;12;19;2;23;1;0
2021-05-13 00:00:00+02:00;3167;13-5-2021;5;13;19;3;0;1;0
2021-05-13 01:00:00+02:00;3168;13-5-2021;5;13;19;3;1;1;0
2021-05-13 02:00:00+02:00;3169;13-5-2021;5;13;19;3;2;1;0
2021-05-13 03:00:00+02:00;3170;13-5-2021;5;13;19;3;3;1;0
2021-05-13 04:00:00+02:00;3171;13-5-2021;5;13;19;3;4;1;0
2021-05-13 05:00:00+02:00;3172;13-5-2021;5;13;19;3;5;1;0
2021-05-13 06:00:00+02:00;3173;13-5-2021;5;13;19;3;6;1;0
2021-05-13 07:00:00+02:00;3174;13-5-2021;5;13;19;3;7;1;0
2021-05-13 08:00:00+02:00;3175;13-5-2021;5;13;19;3;8;1;60
2021-05-13 09:00:00+02:00;3176;13-5-2021;5;13;19;3;9;1;60
2021-05-13 10:00:00+02:00;3177;13-5-2021;5;13;19;3;10;1;90
2021-05-13 11:00:00+02:00;3178;13-5-2021;5;13;19;3;11;1;90
2021-05-13 12:00:00+02:00;3179;13-5-2021;5;13;19;3;12;1;50
2021-05-13 13:00:00+02:00;3180;13-5-2021;5;13;19;3;13;1;50
2021-05-13 14:00:00+02:00;3181;13-5-2021;5;13;19;3;14;1;80
2021-05-13 15:00:00+02:00;3182;13-5-2021;5;13;19;3;15;1;80
2021-05-13 16:00:00+02:00;3183;13-5-2021;5;13;19;3;16;1;80
2021-05-13 17:00:00+02:00;3184;13-5-2021;5;13;19;3;17;1;50
2021-05-13 18:00:00+02:00;3185;13-5-2021;5;13;19;3;18;1;42
2021-05-13 19:00:00+02:00;3186;13-5-2021;5;13;19;3;19;1;33
2021-05-13 20:00:00+02:00;3187;13-5-2021;5;13;19;3;20;1;25
2021-05-13 21:00:00+02:00;3188;13-5-2021;5;13;19;3;21;1;17
2021-05-13 22:00:00+02:00;3189;13-5-2021;5;13;19;3;22;1;8
2021-05-13 23:00:00+02:00;3190;13-5-2021;5;13;19;3;23;1;0
2021-05-14 00:00:00+02:00;3191;14-5-2021;5;14;19;4;0;1;0
2021-05-14 01:00:00+02:00;3192;14-5-2021;5;14;19;4;1;1;0
2021-05-14 02:00:00+02:00;3193;14-5-2021;5;14;19;4;2;1;0
2021-05-14 03:00:00+02:00;3194;14-5-2021;5;14;19;4;3;1;0
2021-05-14 04:00:00+02:00;3195;14-5-2021;5;14;19;4;4;1;0
2021-05-14 05:00:00+02:00;3196;14-5-2021;5;14;19;4;5;1;0
2021-05-14 06:00:00+02:00;3197;14-5-2021;5;14;19;4;6;1;0
2021-05-14 07:00:00+02:00;3198;14-5-2021;5;14;19;4;7;1;0
2021-05-14 08:00:00+02:00;3199;14-5-2021;5;14;19;4;8;1;60
2021-05-14 09:00:00+02:00;3200;14-5-2021;5;14;19;4;9;1;60
2021-05-14 10:00:00+02:00;3201;14-5-2021;5;14;19;4;10;1;90
2021-05-14 11:00:00+02:00;3202;14-5-2021;5;14;19;4;11;1;90
2021-05-14 12:00:00+02:00;3203;14-5-2021;5;14;19;4;12;1;50
2021-05-14 13:00:00+02:00;3204;14-5-2021;5;14;19;4;13;1;50
2021-05-14 14:00:00+02:00;3205;14-5-2021;5;14;19;4;14;1;80
2021-05-14 15:00:00+02:00;3206;14-5-2021;5;14;19;4;15;1;80
2021-05-14 16:00:00+02:00;3207;14-5-2021;5;14;19;4;16;1;80
2021-05-14 17:00:00+02:00;3208;14-5-2021;5;14;19;4;17;1;50
2021-05-14 18:00:00+02:00;3209;14-5-2021;5;14;19;4;18;1;42
2021-05-14 19:00:00+02:00;3210;14-5-2021;5;14;19;4;19;1;33
2021-05-14 20:00:00+02:00;3211;14-5-2021;5;14;19;4;20;1;25
2021-05-14 21:00:00+02:00;3212;14-5-2021;5;14;19;4;21;1;17
2021-05-14 22:00:00+02:00;3213;14-5-2021;5;14;19;4;22;1;8
2021-05-14 23:00:00+02:00;3214;14-5-2021;5;14;19;4;23;1;0
2021-05-15 00:00:00+02:00;3215;15-5-2021;5;15;19;5;0;2;0
2021-05-15 01:00:00+02:00;3216;15-5-2021;5;15;19;5;1;2;0
2021-05-15 02:00:00+02:00;3217;15-5-2021;5;15;19;5;2;2;0
2021-05-15 03:00:00+02:00;3218;15-5-2021;5;15;19;5;3;2;0
2021-05-15 04:00:00+02:00;3219;15-5-2021;5;15;19;5;4;2;0
2021-05-15 05:00:00+02:00;3220;15-5-2021;5;15;19;5;5;2;0
2021-05-15 06:00:00+02:00;3221;15-5-2021;5;15;19;5;6;2;0
2021-05-15 07:00:00+02:00;3222;15-5-2021;5;15;19;5;7;2;0
2021-05-15 08:00:00+02:00;3223;15-5-2021;5;15;19;5;8;2;0
2021-05-15 09:00:00+02:00;3224;15-5-2021;5;15;19;5;9;2;0
2021-05-15 10:00:00+02:00;3225;15-5-2021;5;15;19;5;10;2;50
2021-05-15 11:00:00+02:00;3226;15-5-2021;5;15;19;5;11;2;50
2021-05-15 12:00:00+02:00;3227;15-5-2021;5;15;19;5;12;2;30
2021-05-15 13:00:00+02:00;3228;15-5-2021;5;15;19;5;13;2;30
2021-05-15 14:00:00+02:00;3229;15-5-2021;5;15;19;5;14;2;50
2021-05-15 15:00:00+02:00;3230;15-5-2021;5;15;19;5;15;2;50
2021-05-15 16:00:00+02:00;3231;15-5-2021;5;15;19;5;16;2;50
2021-05-15 17:00:00+02:00;3232;15-5-2021;5;15;19;5;17;2;0
2021-05-15 18:00:00+02:00;3233;15-5-2021;5;15;19;5;18;2;0
2021-05-15 19:00:00+02:00;3234;15-5-2021;5;15;19;5;19;2;0
2021-05-15 20:00:00+02:00;3235;15-5-2021;5;15;19;5;20;2;0
2021-05-15 21:00:00+02:00;3236;15-5-2021;5;15;19;5;21;2;0
2021-05-15 22:00:00+02:00;3237;15-5-2021;5;15;19;5;22;2;0
2021-05-15 23:00:00+02:00;3238;15-5-2021;5;15;19;5;23;2;0
2021-05-16 00:00:00+02:00;3239;16-5-2021;5;16;19;6;0;3;0
2021-05-16 01:00:00+02:00;3240;16-5-2021;5;16;19;6;1;3;0
2021-05-16 02:00:00+02:00;3241;16-5-2021;5;16;19;6;2;3;0
2021-05-16 03:00:00+02:00;3242;16-5-2021;5;16;19;6;3;3;0
2021-05-16 04:00:00+02:00;3243;16-5-2021;5;16;19;6;4;3;0
2021-05-16 05:00:00+02:00;3244;16-5-2021;5;16;19;6;5;3;0
2021-05-16 06:00:00+02:00;3245;16-5-2021;5;16;19;6;6;3;0
2021-05-16 07:00:00+02:00;3246;16-5-2021;5;16;19;6;7;3;0
2021-05-16 08:00:00+02:00;3247;16-5-2021;5;16;19;6;8;3;0
2021-05-16 09:00:00+02:00;3248;16-5-2021;5;16;19;6;9;3;0
2021-05-16 10:00:00+02:00;3249;16-5-2021;5;16;19;6;10;3;0
2021-05-16 11:00:00+02:00;3250;16-5-2021;5;16;19;6;11;3;0
2021-05-16 12:00:00+02:00;3251;16-5-2021;5;16;19;6;12;3;0
2021-05-16 13:00:00+02:00;3252;16-5-2021;5;16;19;6;13;3;0
2021-05-16 14:00:00+02:00;3253;16-5-2021;5;16;19;6;14;3;0
2021-05-16 15:00:00+02:00;3254;16-5-2021;5;16;19;6;15;3;0
2021-05-16 16:00:00+02:00;3255;16-5-2021;5;16;19;6;16;3;0
2021-05-16 17:00:00+02:00;3256;16-5-2021;5;16;19;6;17;3;0
2021-05-16 18:00:00+02:00;3257;16-5-2021;5;16;19;6;18;3;0
2021-05-16 19:00:00+02:00;3258;16-5-2021;5;16;19;6;19;3;0
2021-05-16 20:00:00+02:00;3259;16-5-2021;5;16;19;6;20;3;0
2021-05-16 21:00:00+02:00;3260;16-5-2021;5;16;19;6;21;3;0
2021-05-16 22:00:00+02:00;3261;16-5-2021;5;16;19;6;22;3;0
2021-05-16 23:00:00+02:00;3262;16-5-2021;5;16;19;6;23;3;0
2021-05-17 00:00:00+02:00;3263;17-5-2021;5;17;20;0;0;1;0
2021-05-17 01:00:00+02:00;3264;17-5-2021;5;17;20;0;1;1;0
2021-05-17 02:00:00+02:00;3265;17-5-2021;5;17;20;0;2;1;0
2021-05-17 03:00:00+02:00;3266;17-5-2021;5;17;20;0;3;1;0
2021-05-17 04:00:00+02:00;3267;17-5-2021;5;17;20;0;4;1;0
2021-05-17 05:00:00+02:00;3268;17-5-2021;5;17;20;0;5;1;0
2021-05-17 06:00:00+02:00;3269;17-5-2021;5;17;20;0;6;1;0
2021-05-17 07:00:00+02:00;3270;17-5-2021;5;17;20;0;7;1;0
2021-05-17 08:00:00+02:00;3271;17-5-2021;5;17;20;0;8;1;60
2021-05-17 09:00:00+02:00;3272;17-5-2021;5;17;20;0;9;1;60
2021-05-17 10:00:00+02:00;3273;17-5-2021;5;17;20;0;10;1;90
2021-05-17 11:00:00+02:00;3274;17-5-2021;5;17;20;0;11;1;90
2021-05-17 12:00:00+02:00;3275;17-5-2021;5;17;20;0;12;1;50
2021-05-17 13:00:00+02:00;3276;17-5-2021;5;17;20;0;13;1;50
2021-05-17 14:00:00+02:00;3277;17-5-2021;5;17;20;0;14;1;80
2021-05-17 15:00:00+02:00;3278;17-5-2021;5;17;20;0;15;1;80
2021-05-17 16:00:00+02:00;3279;17-5-2021;5;17;20;0;16;1;80
2021-05-17 17:00:00+02:00;3280;17-5-2021;5;17;20;0;17;1;50
2021-05-17 18:00:00+02:00;3281;17-5-2021;5;17;20;0;18;1;42
2021-05-17 19:00:00+02:00;3282;17-5-2021;5;17;20;0;19;1;33
2021-05-17 20:00:00+02:00;3283;17-5-2021;5;17;20;0;20;1;25
2021-05-17 21:00:00+02:00;3284;17-5-2021;5;17;20;0;21;1;17
2021-05-17 22:00:00+02:00;3285;17-5-2021;5;17;20;0;22;1;8
2021-05-17 23:00:00+02:00;3286;17-5-2021;5;17;20;0;23;1;0
2021-05-18 00:00:00+02:00;3287;18-5-2021;5;18;20;1;0;1;0
2021-05-18 01:00:00+02:00;3288;18-5-2021;5;18;20;1;1;1;0
2021-05-18 02:00:00+02:00;3289;18-5-2021;5;18;20;1;2;1;0
2021-05-18 03:00:00+02:00;3290;18-5-2021;5;18;20;1;3;1;0
2021-05-18 04:00:00+02:00;3291;18-5-2021;5;18;20;1;4;1;0
2021-05-18 05:00:00+02:00;3292;18-5-2021;5;18;20;1;5;1;0
2021-05-18 06:00:00+02:00;3293;18-5-2021;5;18;20;1;6;1;0
2021-05-18 07:00:00+02:00;3294;18-5-2021;5;18;20;1;7;1;0
2021-05-18 08:00:00+02:00;3295;18-5-2021;5;18;20;1;8;1;60
2021-05-18 09:00:00+02:00;3296;18-5-2021;5;18;20;1;9;1;60
2021-05-18 10:00:00+02:00;3297;18-5-2021;5;18;20;1;10;1;90
2021-05-18 11:00:00+02:00;3298;18-5-2021;5;18;20;1;11;1;90
2021-05-18 12:00:00+02:00;3299;18-5-2021;5;18;20;1;12;1;50
2021-05-18 13:00:00+02:00;3300;18-5-2021;5;18;20;1;13;1;50
2021-05-18 14:00:00+02:00;3301;18-5-2021;5;18;20;1;14;1;80
2021-05-18 15:00:00+02:00;3302;18-5-2021;5;18;20;1;15;1;80
2021-05-18 16:00:00+02:00;3303;18-5-2021;5;18;20;1;16;1;80
2021-05-18 17:00:00+02:00;3304;18-5-2021;5;18;20;1;17;1;50
2021-05-18 18:00:00+02:00;3305;18-5-2021;5;18;20;1;18;1;42
2021-05-18 19:00:00+02:00;3306;18-5-2021;5;18;20;1;19;1;33
2021-05-18 20:00:00+02:00;3307;18-5-2021;5;18;20;1;20;1;25
2021-05-18 21:00:00+02:00;3308;18-5-2021;5;18;20;1;21;1;17
2021-05-18 22:00:00+02:00;3309;18-5-2021;5;18;20;1;22;1;8
2021-05-18 23:00:00+02:00;3310;18-5-2021;5;18;20;1;23;1;0
2021-05-19 00:00:00+02:00;3311;19-5-2021;5;19;20;2;0;1;0
2021-05-19 01:00:00+02:00;3312;19-5-2021;5;19;20;2;1;1;0
2021-05-19 02:00:00+02:00;3313;19-5-2021;5;19;20;2;2;1;0
2021-05-19 03:00:00+02:00;3314;19-5-2021;5;19;20;2;3;1;0
2021-05-19 04:00:00+02:00;3315;19-5-2021;5;19;20;2;4;1;0
2021-05-19 05:00:00+02:00;3316;19-5-2021;5;19;20;2;5;1;0
2021-05-19 06:00:00+02:00;3317;19-5-2021;5;19;20;2;6;1;0
2021-05-19 07:00:00+02:00;3318;19-5-2021;5;19;20;2;7;1;0
2021-05-19 08:00:00+02:00;3319;19-5-2021;5;19;20;2;8;1;60
2021-05-19 09:00:00+02:00;3320;19-5-2021;5;19;20;2;9;1;60
2021-05-19 10:00:00+02:00;3321;19-5-2021;5;19;20;2;10;1;90
2021-05-19 11:00:00+02:00;3322;19-5-2021;5;19;20;2;11;1;90
2021-05-19 12:00:00+02:00;3323;19-5-2021;5;19;20;2;12;1;50
2021-05-19 13:00:00+02:00;3324;19-5-2021;5;19;20;2;13;1;50
2021-05-19 14:00:00+02:00;3325;19-5-2021;5;19;20;2;14;1;80
2021-05-19 15:00:00+02:00;3326;19-5-2021;5;19;20;2;15;1;80
2021-05-19 16:00:00+02:00;3327;19-5-2021;5;19;20;2;16;1;80
2021-05-19 17:00:00+02:00;3328;19-5-2021;5;19;20;2;17;1;50
2021-05-19 18:00:00+02:00;3329;19-5-2021;5;19;20;2;18;1;42
2021-05-19 19:00:00+02:00;3330;19-5-2021;5;19;20;2;19;1;33
2021-05-19 20:00:00+02:00;3331;19-5-2021;5;19;20;2;20;1;25
2021-05-19 21:00:00+02:00;3332;19-5-2021;5;19;20;2;21;1;17
2021-05-19 22:00:00+02:00;3333;19-5-2021;5;19;20;2;22;1;8
2021-05-19 23:00:00+02:00;3334;19-5-2021;5;19;20;2;23;1;0
2021-05-20 00:00:00+02:00;3335;20-5-2021;5;20;20;3;0;1;0
2021-05-20 01:00:00+02:00;3336;20-5-2021;5;20;20;3;1;1;0
2021-05-20 02:00:00+02:00;3337;20-5-2021;5;20;20;3;2;1;0
2021-05-20 03:00:00+02:00;3338;20-5-2021;5;20;20;3;3;1;0
2021-05-20 04:00:00+02:00;3339;20-5-2021;5;20;20;3;4;1;0
2021-05-20 05:00:00+02:00;3340;20-5-2021;5;20;20;3;5;1;0
2021-05-20 06:00:00+02:00;3341;20-5-2021;5;20;20;3;6;1;0
2021-05-20 07:00:00+02:00;3342;20-5-2021;5;20;20;3;7;1;0
2021-05-20 08:00:00+02:00;3343;20-5-2021;5;20;20;3;8;1;60
2021-05-20 09:00:00+02:00;3344;20-5-2021;5;20;20;3;9;1;60
2021-05-20 10:00:00+02:00;3345;20-5-2021;5;20;20;3;10;1;90
2021-05-20 11:00:00+02:00;3346;20-5-2021;5;20;20;3;11;1;90
2021-05-20 12:00:00+02:00;3347;20-5-2021;5;20;20;3;12;1;50
2021-05-20 13:00:00+02:00;3348;20-5-2021;5;20;20;3;13;1;50
2021-05-20 14:00:00+02:00;3349;20-5-2021;5;20;20;3;14;1;80
2021-05-20 15:00:00+02:00;3350;20-5-2021;5;20;20;3;15;1;80
2021-05-20 16:00:00+02:00;3351;20-5-2021;5;20;20;3;16;1;80
2021-05-20 17:00:00+02:00;3352;20-5-2021;5;20;20;3;17;1;50
2021-05-20 18:00:00+02:00;3353;20-5-2021;5;20;20;3;18;1;42
2021-05-20 19:00:00+02:00;3354;20-5-2021;5;20;20;3;19;1;33
2021-05-20 20:00:00+02:00;3355;20-5-2021;5;20;20;3;20;1;25
2021-05-20 21:00:00+02:00;3356;20-5-2021;5;20;20;3;21;1;17
2021-05-20 22:00:00+02:00;3357;20-5-2021;5;20;20;3;22;1;8
2021-05-20 23:00:00+02:00;3358;20-5-2021;5;20;20;3;23;1;0
2021-05-21 00:00:00+02:00;3359;21-5-2021;5;21;20;4;0;1;0
2021-05-21 01:00:00+02:00;3360;21-5-2021;5;21;20;4;1;1;0
2021-05-21 02:00:00+02:00;3361;21-5-2021;5;21;20;4;2;1;0
2021-05-21 03:00:00+02:00;3362;21-5-2021;5;21;20;4;3;1;0
2021-05-21 04:00:00+02:00;3363;21-5-2021;5;21;20;4;4;1;0
2021-05-21 05:00:00+02:00;3364;21-5-2021;5;21;20;4;5;1;0
2021-05-21 06:00:00+02:00;3365;21-5-2021;5;21;20;4;6;1;0
2021-05-21 07:00:00+02:00;3366;21-5-2021;5;21;20;4;7;1;0
2021-05-21 08:00:00+02:00;3367;21-5-2021;5;21;20;4;8;1;60
2021-05-21 09:00:00+02:00;3368;21-5-2021;5;21;20;4;9;1;60
2021-05-21 10:00:00+02:00;3369;21-5-2021;5;21;20;4;10;1;90
2021-05-21 11:00:00+02:00;3370;21-5-2021;5;21;20;4;11;1;90
2021-05-21 12:00:00+02:00;3371;21-5-2021;5;21;20;4;12;1;50
2021-05-21 13:00:00+02:00;3372;21-5-2021;5;21;20;4;13;1;50
2021-05-21 14:00:00+02:00;3373;21-5-2021;5;21;20;4;14;1;80
2021-05-21 15:00:00+02:00;3374;21-5-2021;5;21;20;4;15;1;80
2021-05-21 16:00:00+02:00;3375;21-5-2021;5;21;20;4;16;1;80
2021-05-21 17:00:00+02:00;3376;21-5-2021;5;21;20;4;17;1;50
2021-05-21 18:00:00+02:00;3377;21-5-2021;5;21;20;4;18;1;42
2021-05-21 19:00:00+02:00;3378;21-5-2021;5;21;20;4;19;1;33
2021-05-21 20:00:00+02:00;3379;21-5-2021;5;21;20;4;20;1;25
2021-05-21 21:00:00+02:00;3380;21-5-2021;5;21;20;4;21;1;17
2021-05-21 22:00:00+02:00;3381;21-5-2021;5;21;20;4;22;1;8
2021-05-21 23:00:00+02:00;3382;21-5-2021;5;21;20;4;23;1;0
2021-05-22 00:00:00+02:00;3383;22-5-2021;5;22;20;5;0;2;0
2021-05-22 01:00:00+02:00;3384;22-5-2021;5;22;20;5;1;2;0
2021-05-22 02:00:00+02:00;3385;22-5-2021;5;22;20;5;2;2;0
2021-05-22 03:00:00+02:00;3386;22-5-2021;5;22;20;5;3;2;0
2021-05-22 04:00:00+02:00;3387;22-5-2021;5;22;20;5;4;2;0
2021-05-22 05:00:00+02:00;3388;22-5-2021;5;22;20;5;5;2;0
2021-05-22 06:00:00+02:00;3389;22-5-2021;5;22;20;5;6;2;0
2021-05-22 07:00:00+02:00;3390;22-5-2021;5;22;20;5;7;2;0
2021-05-22 08:00:00+02:00;3391;22-5-2021;5;22;20;5;8;2;0
2021-05-22 09:00:00+02:00;3392;22-5-2021;5;22;20;5;9;2;0
2021-05-22 10:00:00+02:00;3393;22-5-2021;5;22;20;5;10;2;50
2021-05-22 11:00:00+02:00;3394;22-5-2021;5;22;20;5;11;2;50
2021-05-22 12:00:00+02:00;3395;22-5-2021;5;22;20;5;12;2;30
2021-05-22 13:00:00+02:00;3396;22-5-2021;5;22;20;5;13;2;30
2021-05-22 14:00:00+02:00;3397;22-5-2021;5;22;20;5;14;2;50
2021-05-22 15:00:00+02:00;3398;22-5-2021;5;22;20;5;15;2;50
2021-05-22 16:00:00+02:00;3399;22-5-2021;5;22;20;5;16;2;50
2021-05-22 17:00:00+02:00;3400;22-5-2021;5;22;20;5;17;2;0
2021-05-22 18:00:00+02:00;3401;22-5-2021;5;22;20;5;18;2;0
2021-05-22 19:00:00+02:00;3402;22-5-2021;5;22;20;5;19;2;0
2021-05-22 20:00:00+02:00;3403;22-5-2021;5;22;20;5;20;2;0
2021-05-22 21:00:00+02:00;3404;22-5-2021;5;22;20;5;21;2;0
2021-05-22 22:00:00+02:00;3405;22-5-2021;5;22;20;5;22;2;0
2021-05-22 23:00:00+02:00;3406;22-5-2021;5;22;20;5;23;2;0
2021-05-23 00:00:00+02:00;3407;23-5-2021;5;23;20;6;0;3;0
2021-05-23 01:00:00+02:00;3408;23-5-2021;5;23;20;6;1;3;0
2021-05-23 02:00:00+02:00;3409;23-5-2021;5;23;20;6;2;3;0
2021-05-23 03:00:00+02:00;3410;23-5-2021;5;23;20;6;3;3;0
2021-05-23 04:00:00+02:00;3411;23-5-2021;5;23;20;6;4;3;0
2021-05-23 05:00:00+02:00;3412;23-5-2021;5;23;20;6;5;3;0
2021-05-23 06:00:00+02:00;3413;23-5-2021;5;23;20;6;6;3;0
2021-05-23 07:00:00+02:00;3414;23-5-2021;5;23;20;6;7;3;0
2021-05-23 08:00:00+02:00;3415;23-5-2021;5;23;20;6;8;3;0
2021-05-23 09:00:00+02:00;3416;23-5-2021;5;23;20;6;9;3;0
2021-05-23 10:00:00+02:00;3417;23-5-2021;5;23;20;6;10;3;0
2021-05-23 11:00:00+02:00;3418;23-5-2021;5;23;20;6;11;3;0
2021-05-23 12:00:00+02:00;3419;23-5-2021;5;23;20;6;12;3;0
2021-05-23 13:00:00+02:00;3420;23-5-2021;5;23;20;6;13;3;0
2021-05-23 14:00:00+02:00;3421;23-5-2021;5;23;20;6;14;3;0
2021-05-23 15:00:00+02:00;3422;23-5-2021;5;23;20;6;15;3;0
2021-05-23 16:00:00+02:00;3423;23-5-2021;5;23;20;6;16;3;0
2021-05-23 17:00:00+02:00;3424;23-5-2021;5;23;20;6;17;3;0
2021-05-23 18:00:00+02:00;3425;23-5-2021;5;23;20;6;18;3;0
2021-05-23 19:00:00+02:00;3426;23-5-2021;5;23;20;6;19;3;0
2021-05-23 20:00:00+02:00;3427;23-5-2021;5;23;20;6;20;3;0
2021-05-23 21:00:00+02:00;3428;23-5-2021;5;23;20;6;21;3;0
2021-05-23 22:00:00+02:00;3429;23-5-2021;5;23;20;6;22;3;0
2021-05-23 23:00:00+02:00;3430;23-5-2021;5;23;20;6;23;3;0
2021-05-24 00:00:00+02:00;3431;24-5-2021;5;24;21;0;0;1;0
2021-05-24 01:00:00+02:00;3432;24-5-2021;5;24;21;0;1;1;0
2021-05-24 02:00:00+02:00;3433;24-5-2021;5;24;21;0;2;1;0
2021-05-24 03:00:00+02:00;3434;24-5-2021;5;24;21;0;3;1;0
2021-05-24 04:00:00+02:00;3435;24-5-2021;5;24;21;0;4;1;0
2021-05-24 05:00:00+02:00;3436;24-5-2021;5;24;21;0;5;1;0
2021-05-24 06:00:00+02:00;3437;24-5-2021;5;24;21;0;6;1;0
2021-05-24 07:00:00+02:00;3438;24-5-2021;5;24;21;0;7;1;0
2021-05-24 08:00:00+02:00;3439;24-5-2021;5;24;21;0;8;1;60
2021-05-24 09:00:00+02:00;3440;24-5-2021;5;24;21;0;9;1;60
2021-05-24 10:00:00+02:00;3441;24-5-2021;5;24;21;0;10;1;90
2021-05-24 11:00:00+02:00;3442;24-5-2021;5;24;21;0;11;1;90
2021-05-24 12:00:00+02:00;3443;24-5-2021;5;24;21;0;12;1;50
2021-05-24 13:00:00+02:00;3444;24-5-2021;5;24;21;0;13;1;50
2021-05-24 14:00:00+02:00;3445;24-5-2021;5;24;21;0;14;1;80
2021-05-24 15:00:00+02:00;3446;24-5-2021;5;24;21;0;15;1;80
2021-05-24 16:00:00+02:00;3447;24-5-2021;5;24;21;0;16;1;80
2021-05-24 17:00:00+02:00;3448;24-5-2021;5;24;21;0;17;1;50
2021-05-24 18:00:00+02:00;3449;24-5-2021;5;24;21;0;18;1;42
2021-05-24 19:00:00+02:00;3450;24-5-2021;5;24;21;0;19;1;33
2021-05-24 20:00:00+02:00;3451;24-5-2021;5;24;21;0;20;1;25
2021-05-24 21:00:00+02:00;3452;24-5-2021;5;24;21;0;21;1;17
2021-05-24 22:00:00+02:00;3453;24-5-2021;5;24;21;0;22;1;8
2021-05-24 23:00:00+02:00;3454;24-5-2021;5;24;21;0;23;1;0
2021-05-25 00:00:00+02:00;3455;25-5-2021;5;25;21;1;0;1;0
2021-05-25 01:00:00+02:00;3456;25-5-2021;5;25;21;1;1;1;0
2021-05-25 02:00:00+02:00;3457;25-5-2021;5;25;21;1;2;1;0
2021-05-25 03:00:00+02:00;3458;25-5-2021;5;25;21;1;3;1;0
2021-05-25 04:00:00+02:00;3459;25-5-2021;5;25;21;1;4;1;0
2021-05-25 05:00:00+02:00;3460;25-5-2021;5;25;21;1;5;1;0
2021-05-25 06:00:00+02:00;3461;25-5-2021;5;25;21;1;6;1;0
2021-05-25 07:00:00+02:00;3462;25-5-2021;5;25;21;1;7;1;0
2021-05-25 08:00:00+02:00;3463;25-5-2021;5;25;21;1;8;1;60
2021-05-25 09:00:00+02:00;3464;25-5-2021;5;25;21;1;9;1;60
2021-05-25 10:00:00+02:00;3465;25-5-2021;5;25;21;1;10;1;90
2021-05-25 11:00:00+02:00;3466;25-5-2021;5;25;21;1;11;1;90
2021-05-25 12:00:00+02:00;3467;25-5-2021;5;25;21;1;12;1;50
2021-05-25 13:00:00+02:00;3468;25-5-2021;5;25;21;1;13;1;50
2021-05-25 14:00:00+02:00;3469;25-5-2021;5;25;21;1;14;1;80
2021-05-25 15:00:00+02:00;3470;25-5-2021;5;25;21;1;15;1;80
2021-05-25 16:00:00+02:00;3471;25-5-2021;5;25;21;1;16;1;80
2021-05-25 17:00:00+02:00;3472;25-5-2021;5;25;21;1;17;1;50
2021-05-25 18:00:00+02:00;3473;25-5-2021;5;25;21;1;18;1;42
2021-05-25 19:00:00+02:00;3474;25-5-2021;5;25;21;1;19;1;33
2021-05-25 20:00:00+02:00;3475;25-5-2021;5;25;21;1;20;1;25
2021-05-25 21:00:00+02:00;3476;25-5-2021;5;25;21;1;21;1;17
2021-05-25 22:00:00+02:00;3477;25-5-2021;5;25;21;1;22;1;8
2021-05-25 23:00:00+02:00;3478;25-5-2021;5;25;21;1;23;1;0
2021-05-26 00:00:00+02:00;3479;26-5-2021;5;26;21;2;0;1;0
2021-05-26 01:00:00+02:00;3480;26-5-2021;5;26;21;2;1;1;0
2021-05-26 02:00:00+02:00;3481;26-5-2021;5;26;21;2;2;1;0
2021-05-26 03:00:00+02:00;3482;26-5-2021;5;26;21;2;3;1;0
2021-05-26 04:00:00+02:00;3483;26-5-2021;5;26;21;2;4;1;0
2021-05-26 05:00:00+02:00;3484;26-5-2021;5;26;21;2;5;1;0
2021-05-26 06:00:00+02:00;3485;26-5-2021;5;26;21;2;6;1;0
2021-05-26 07:00:00+02:00;3486;26-5-2021;5;26;21;2;7;1;0
2021-05-26 08:00:00+02:00;3487;26-5-2021;5;26;21;2;8;1;60
2021-05-26 09:00:00+02:00;3488;26-5-2021;5;26;21;2;9;1;60
2021-05-26 10:00:00+02:00;3489;26-5-2021;5;26;21;2;10;1;90
2021-05-26 11:00:00+02:00;3490;26-5-2021;5;26;21;2;11;1;90
2021-05-26 12:00:00+02:00;3491;26-5-2021;5;26;21;2;12;1;50
2021-05-26 13:00:00+02:00;3492;26-5-2021;5;26;21;2;13;1;50
2021-05-26 14:00:00+02:00;3493;26-5-2021;5;26;21;2;14;1;80
2021-05-26 15:00:00+02:00;3494;26-5-2021;5;26;21;2;15;1;80
2021-05-26 16:00:00+02:00;3495;26-5-2021;5;26;21;2;16;1;80
2021-05-26 17:00:00+02:00;3496;26-5-2021;5;26;21;2;17;1;50
2021-05-26 18:00:00+02:00;3497;26-5-2021;5;26;21;2;18;1;42
2021-05-26 19:00:00+02:00;3498;26-5-2021;5;26;21;2;19;1;33
2021-05-26 20:00:00+02:00;3499;26-5-2021;5;26;21;2;20;1;25
2021-05-26 21:00:00+02:00;3500;26-5-2021;5;26;21;2;21;1;17
2021-05-26 22:00:00+02:00;3501;26-5-2021;5;26;21;2;22;1;8
2021-05-26 23:00:00+02:00;3502;26-5-2021;5;26;21;2;23;1;0
2021-05-27 00:00:00+02:00;3503;27-5-2021;5;27;21;3;0;1;0
2021-05-27 01:00:00+02:00;3504;27-5-2021;5;27;21;3;1;1;0
2021-05-27 02:00:00+02:00;3505;27-5-2021;5;27;21;3;2;1;0
2021-05-27 03:00:00+02:00;3506;27-5-2021;5;27;21;3;3;1;0
2021-05-27 04:00:00+02:00;3507;27-5-2021;5;27;21;3;4;1;0
2021-05-27 05:00:00+02:00;3508;27-5-2021;5;27;21;3;5;1;0
2021-05-27 06:00:00+02:00;3509;27-5-2021;5;27;21;3;6;1;0
2021-05-27 07:00:00+02:00;3510;27-5-2021;5;27;21;3;7;1;0
2021-05-27 08:00:00+02:00;3511;27-5-2021;5;27;21;3;8;1;60
2021-05-27 09:00:00+02:00;3512;27-5-2021;5;27;21;3;9;1;60
2021-05-27 10:00:00+02:00;3513;27-5-2021;5;27;21;3;10;1;90
2021-05-27 11:00:00+02:00;3514;27-5-2021;5;27;21;3;11;1;90
2021-05-27 12:00:00+02:00;3515;27-5-2021;5;27;21;3;12;1;50
2021-05-27 13:00:00+02:00;3516;27-5-2021;5;27;21;3;13;1;50
2021-05-27 14:00:00+02:00;3517;27-5-2021;5;27;21;3;14;1;80
2021-05-27 15:00:00+02:00;3518;27-5-2021;5;27;21;3;15;1;80
2021-05-27 16:00:00+02:00;3519;27-5-2021;5;27;21;3;16;1;80
2021-05-27 17:00:00+02:00;3520;27-5-2021;5;27;21;3;17;1;50
2021-05-27 18:00:00+02:00;3521;27-5-2021;5;27;21;3;18;1;42
2021-05-27 19:00:00+02:00;3522;27-5-2021;5;27;21;3;19;1;33
2021-05-27 20:00:00+02:00;3523;27-5-2021;5;27;21;3;20;1;25
2021-05-27 21:00:00+02:00;3524;27-5-2021;5;27;21;3;21;1;17
2021-05-27 22:00:00+02:00;3525;27-5-2021;5;27;21;3;22;1;8
2021-05-27 23:00:00+02:00;3526;27-5-2021;5;27;21;3;23;1;0
2021-05-28 00:00:00+02:00;3527;28-5-2021;5;28;21;4;0;1;0
2021-05-28 01:00:00+02:00;3528;28-5-2021;5;28;21;4;1;1;0
2021-05-28 02:00:00+02:00;3529;28-5-2021;5;28;21;4;2;1;0
2021-05-28 03:00:00+02:00;3530;28-5-2021;5;28;21;4;3;1;0
2021-05-28 04:00:00+02:00;3531;28-5-2021;5;28;21;4;4;1;0
2021-05-28 05:00:00+02:00;3532;28-5-2021;5;28;21;4;5;1;0
2021-05-28 06:00:00+02:00;3533;28-5-2021;5;28;21;4;6;1;0
2021-05-28 07:00:00+02:00;3534;28-5-2021;5;28;21;4;7;1;0
2021-05-28 08:00:00+02:00;3535;28-5-2021;5;28;21;4;8;1;60
2021-05-28 09:00:00+02:00;3536;28-5-2021;5;28;21;4;9;1;60
2021-05-28 10:00:00+02:00;3537;28-5-2021;5;28;21;4;10;1;90
2021-05-28 11:00:00+02:00;3538;28-5-2021;5;28;21;4;11;1;90
2021-05-28 12:00:00+02:00;3539;28-5-2021;5;28;21;4;12;1;50
2021-05-28 13:00:00+02:00;3540;28-5-2021;5;28;21;4;13;1;50
2021-05-28 14:00:00+02:00;3541;28-5-2021;5;28;21;4;14;1;80
2021-05-28 15:00:00+02:00;3542;28-5-2021;5;28;21;4;15;1;80
2021-05-28 16:00:00+02:00;3543;28-5-2021;5;28;21;4;16;1;80
2021-05-28 17:00:00+02:00;3544;28-5-2021;5;28;21;4;17;1;50
2021-05-28 18:00:00+02:00;3545;28-5-2021;5;28;21;4;18;1;42
2021-05-28 19:00:00+02:00;3546;28-5-2021;5;28;21;4;19;1;33
2021-05-28 20:00:00+02:00;3547;28-5-2021;5;28;21;4;20;1;25
2021-05-28 21:00:00+02:00;3548;28-5-2021;5;28;21;4;21;1;17
2021-05-28 22:00:00+02:00;3549;28-5-2021;5;28;21;4;22;1;8
2021-05-28 23:00:00+02:00;3550;28-5-2021;5;28;21;4;23;1;0
2021-05-29 00:00:00+02:00;3551;29-5-2021;5;29;21;5;0;2;0
2021-05-29 01:00:00+02:00;3552;29-5-2021;5;29;21;5;1;2;0
2021-05-29 02:00:00+02:00;3553;29-5-2021;5;29;21;5;2;2;0
2021-05-29 03:00:00+02:00;3554;29-5-2021;5;29;21;5;3;2;0
2021-05-29 04:00:00+02:00;3555;29-5-2021;5;29;21;5;4;2;0
2021-05-29 05:00:00+02:00;3556;29-5-2021;5;29;21;5;5;2;0
2021-05-29 06:00:00+02:00;3557;29-5-2021;5;29;21;5;6;2;0
2021-05-29 07:00:00+02:00;3558;29-5-2021;5;29;21;5;7;2;0
2021-05-29 08:00:00+02:00;3559;29-5-2021;5;29;21;5;8;2;0
2021-05-29 09:00:00+02:00;3560;29-5-2021;5;29;21;5;9;2;0
2021-05-29 10:00:00+02:00;3561;29-5-2021;5;29;21;5;10;2;50
2021-05-29 11:00:00+02:00;3562;29-5-2021;5;29;21;5;11;2;50
2021-05-29 12:00:00+02:00;3563;29-5-2021;5;29;21;5;12;2;30
2021-05-29 13:00:00+02:00;3564;29-5-2021;5;29;21;5;13;2;30
2021-05-29 14:00:00+02:00;3565;29-5-2021;5;29;21;5;14;2;50
2021-05-29 15:00:00+02:00;3566;29-5-2021;5;29;21;5;15;2;50
2021-05-29 16:00:00+02:00;3567;29-5-2021;5;29;21;5;16;2;50
2021-05-29 17:00:00+02:00;3568;29-5-2021;5;29;21;5;17;2;0
2021-05-29 18:00:00+02:00;3569;29-5-2021;5;29;21;5;18;2;0
2021-05-29 19:00:00+02:00;3570;29-5-2021;5;29;21;5;19;2;0
2021-05-29 20:00:00+02:00;3571;29-5-2021;5;29;21;5;20;2;0
2021-05-29 21:00:00+02:00;3572;29-5-2021;5;29;21;5;21;2;0
2021-05-29 22:00:00+02:00;3573;29-5-2021;5;29;21;5;22;2;0
2021-05-29 23:00:00+02:00;3574;29-5-2021;5;29;21;5;23;2;0
2021-05-30 00:00:00+02:00;3575;30-5-2021;5;30;21;6;0;3;0
2021-05-30 01:00:00+02:00;3576;30-5-2021;5;30;21;6;1;3;0
2021-05-30 02:00:00+02:00;3577;30-5-2021;5;30;21;6;2;3;0
2021-05-30 03:00:00+02:00;3578;30-5-2021;5;30;21;6;3;3;0
2021-05-30 04:00:00+02:00;3579;30-5-2021;5;30;21;6;4;3;0
2021-05-30 05:00:00+02:00;3580;30-5-2021;5;30;21;6;5;3;0
2021-05-30 06:00:00+02:00;3581;30-5-2021;5;30;21;6;6;3;0
2021-05-30 07:00:00+02:00;3582;30-5-2021;5;30;21;6;7;3;0
2021-05-30 08:00:00+02:00;3583;30-5-2021;5;30;21;6;8;3;0
2021-05-30 09:00:00+02:00;3584;30-5-2021;5;30;21;6;9;3;0
2021-05-30 10:00:00+02:00;3585;30-5-2021;5;30;21;6;10;3;0
2021-05-30 11:00:00+02:00;3586;30-5-2021;5;30;21;6;11;3;0
2021-05-30 12:00:00+02:00;3587;30-5-2021;5;30;21;6;12;3;0
2021-05-30 13:00:00+02:00;3588;30-5-2021;5;30;21;6;13;3;0
2021-05-30 14:00:00+02:00;3589;30-5-2021;5;30;21;6;14;3;0
2021-05-30 15:00:00+02:00;3590;30-5-2021;5;30;21;6;15;3;0
2021-05-30 16:00:00+02:00;3591;30-5-2021;5;30;21;6;16;3;0
2021-05-30 17:00:00+02:00;3592;30-5-2021;5;30;21;6;17;3;0
2021-05-30 18:00:00+02:00;3593;30-5-2021;5;30;21;6;18;3;0
2021-05-30 19:00:00+02:00;3594;30-5-2021;5;30;21;6;19;3;0
2021-05-30 20:00:00+02:00;3595;30-5-2021;5;30;21;6;20;3;0
2021-05-30 21:00:00+02:00;3596;30-5-2021;5;30;21;6;21;3;0
2021-05-30 22:00:00+02:00;3597;30-5-2021;5;30;21;6;22;3;0
2021-05-30 23:00:00+02:00;3598;30-5-2021;5;30;21;6;23;3;0
2021-05-31 00:00:00+02:00;3599;31-5-2021;5;31;22;0;0;1;0
2021-05-31 01:00:00+02:00;3600;31-5-2021;5;31;22;0;1;1;0
2021-05-31 02:00:00+02:00;3601;31-5-2021;5;31;22;0;2;1;0
2021-05-31 03:00:00+02:00;3602;31-5-2021;5;31;22;0;3;1;0
2021-05-31 04:00:00+02:00;3603;31-5-2021;5;31;22;0;4;1;0
2021-05-31 05:00:00+02:00;3604;31-5-2021;5;31;22;0;5;1;0
2021-05-31 06:00:00+02:00;3605;31-5-2021;5;31;22;0;6;1;0
2021-05-31 07:00:00+02:00;3606;31-5-2021;5;31;22;0;7;1;0
2021-05-31 08:00:00+02:00;3607;31-5-2021;5;31;22;0;8;1;60
2021-05-31 09:00:00+02:00;3608;31-5-2021;5;31;22;0;9;1;60
2021-05-31 10:00:00+02:00;3609;31-5-2021;5;31;22;0;10;1;90
2021-05-31 11:00:00+02:00;3610;31-5-2021;5;31;22;0;11;1;90
2021-05-31 12:00:00+02:00;3611;31-5-2021;5;31;22;0;12;1;50
2021-05-31 13:00:00+02:00;3612;31-5-2021;5;31;22;0;13;1;50
2021-05-31 14:00:00+02:00;3613;31-5-2021;5;31;22;0;14;1;80
2021-05-31 15:00:00+02:00;3614;31-5-2021;5;31;22;0;15;1;80
2021-05-31 16:00:00+02:00;3615;31-5-2021;5;31;22;0;16;1;80
2021-05-31 17:00:00+02:00;3616;31-5-2021;5;31;22;0;17;1;50
2021-05-31 18:00:00+02:00;3617;31-5-2021;5;31;22;0;18;1;42
2021-05-31 19:00:00+02:00;3618;31-5-2021;5;31;22;0;19;1;33
2021-05-31 20:00:00+02:00;3619;31-5-2021;5;31;22;0;20;1;25
2021-05-31 21:00:00+02:00;3620;31-5-2021;5;31;22;0;21;1;17
2021-05-31 22:00:00+02:00;3621;31-5-2021;5;31;22;0;22;1;8
2021-05-31 23:00:00+02:00;3622;31-5-2021;5;31;22;0;23;1;0
2021-06-01 00:00:00+02:00;3623;1-6-2021;6;1;22;1;0;1;0
2021-06-01 01:00:00+02:00;3624;1-6-2021;6;1;22;1;1;1;0
2021-06-01 02:00:00+02:00;3625;1-6-2021;6;1;22;1;2;1;0
2021-06-01 03:00:00+02:00;3626;1-6-2021;6;1;22;1;3;1;0
2021-06-01 04:00:00+02:00;3627;1-6-2021;6;1;22;1;4;1;0
2021-06-01 05:00:00+02:00;3628;1-6-2021;6;1;22;1;5;1;0
2021-06-01 06:00:00+02:00;3629;1-6-2021;6;1;22;1;6;1;0
2021-06-01 07:00:00+02:00;3630;1-6-2021;6;1;22;1;7;1;0
2021-06-01 08:00:00+02:00;3631;1-6-2021;6;1;22;1;8;1;60
2021-06-01 09:00:00+02:00;3632;1-6-2021;6;1;22;1;9;1;60
2021-06-01 10:00:00+02:00;3633;1-6-2021;6;1;22;1;10;1;90
2021-06-01 11:00:00+02:00;3634;1-6-2021;6;1;22;1;11;1;90
2021-06-01 12:00:00+02:00;3635;1-6-2021;6;1;22;1;12;1;50
2021-06-01 13:00:00+02:00;3636;1-6-2021;6;1;22;1;13;1;50
2021-06-01 14:00:00+02:00;3637;1-6-2021;6;1;22;1;14;1;80
2021-06-01 15:00:00+02:00;3638;1-6-2021;6;1;22;1;15;1;80
2021-06-01 16:00:00+02:00;3639;1-6-2021;6;1;22;1;16;1;80
2021-06-01 17:00:00+02:00;3640;1-6-2021;6;1;22;1;17;1;50
2021-06-01 18:00:00+02:00;3641;1-6-2021;6;1;22;1;18;1;42
2021-06-01 19:00:00+02:00;3642;1-6-2021;6;1;22;1;19;1;33
2021-06-01 20:00:00+02:00;3643;1-6-2021;6;1;22;1;20;1;25
2021-06-01 21:00:00+02:00;3644;1-6-2021;6;1;22;1;21;1;17
2021-06-01 22:00:00+02:00;3645;1-6-2021;6;1;22;1;22;1;8
2021-06-01 23:00:00+02:00;3646;1-6-2021;6;1;22;1;23;1;0
2021-06-02 00:00:00+02:00;3647;2-6-2021;6;2;22;2;0;1;0
2021-06-02 01:00:00+02:00;3648;2-6-2021;6;2;22;2;1;1;0
2021-06-02 02:00:00+02:00;3649;2-6-2021;6;2;22;2;2;1;0
2021-06-02 03:00:00+02:00;3650;2-6-2021;6;2;22;2;3;1;0
2021-06-02 04:00:00+02:00;3651;2-6-2021;6;2;22;2;4;1;0
2021-06-02 05:00:00+02:00;3652;2-6-2021;6;2;22;2;5;1;0
2021-06-02 06:00:00+02:00;3653;2-6-2021;6;2;22;2;6;1;0
2021-06-02 07:00:00+02:00;3654;2-6-2021;6;2;22;2;7;1;0
2021-06-02 08:00:00+02:00;3655;2-6-2021;6;2;22;2;8;1;60
2021-06-02 09:00:00+02:00;3656;2-6-2021;6;2;22;2;9;1;60
2021-06-02 10:00:00+02:00;3657;2-6-2021;6;2;22;2;10;1;90
2021-06-02 11:00:00+02:00;3658;2-6-2021;6;2;22;2;11;1;90
2021-06-02 12:00:00+02:00;3659;2-6-2021;6;2;22;2;12;1;50
2021-06-02 13:00:00+02:00;3660;2-6-2021;6;2;22;2;13;1;50
2021-06-02 14:00:00+02:00;3661;2-6-2021;6;2;22;2;14;1;80
2021-06-02 15:00:00+02:00;3662;2-6-2021;6;2;22;2;15;1;80
2021-06-02 16:00:00+02:00;3663;2-6-2021;6;2;22;2;16;1;80
2021-06-02 17:00:00+02:00;3664;2-6-2021;6;2;22;2;17;1;50
2021-06-02 18:00:00+02:00;3665;2-6-2021;6;2;22;2;18;1;42
2021-06-02 19:00:00+02:00;3666;2-6-2021;6;2;22;2;19;1;33
2021-06-02 20:00:00+02:00;3667;2-6-2021;6;2;22;2;20;1;25
2021-06-02 21:00:00+02:00;3668;2-6-2021;6;2;22;2;21;1;17
2021-06-02 22:00:00+02:00;3669;2-6-2021;6;2;22;2;22;1;8
2021-06-02 23:00:00+02:00;3670;2-6-2021;6;2;22;2;23;1;0
2021-06-03 00:00:00+02:00;3671;3-6-2021;6;3;22;3;0;1;0
2021-06-03 01:00:00+02:00;3672;3-6-2021;6;3;22;3;1;1;0
2021-06-03 02:00:00+02:00;3673;3-6-2021;6;3;22;3;2;1;0
2021-06-03 03:00:00+02:00;3674;3-6-2021;6;3;22;3;3;1;0
2021-06-03 04:00:00+02:00;3675;3-6-2021;6;3;22;3;4;1;0
2021-06-03 05:00:00+02:00;3676;3-6-2021;6;3;22;3;5;1;0
2021-06-03 06:00:00+02:00;3677;3-6-2021;6;3;22;3;6;1;0
2021-06-03 07:00:00+02:00;3678;3-6-2021;6;3;22;3;7;1;0
2021-06-03 08:00:00+02:00;3679;3-6-2021;6;3;22;3;8;1;60
2021-06-03 09:00:00+02:00;3680;3-6-2021;6;3;22;3;9;1;60
2021-06-03 10:00:00+02:00;3681;3-6-2021;6;3;22;3;10;1;90
2021-06-03 11:00:00+02:00;3682;3-6-2021;6;3;22;3;11;1;90
2021-06-03 12:00:00+02:00;3683;3-6-2021;6;3;22;3;12;1;50
2021-06-03 13:00:00+02:00;3684;3-6-2021;6;3;22;3;13;1;50
2021-06-03 14:00:00+02:00;3685;3-6-2021;6;3;22;3;14;1;80
2021-06-03 15:00:00+02:00;3686;3-6-2021;6;3;22;3;15;1;80
2021-06-03 16:00:00+02:00;3687;3-6-2021;6;3;22;3;16;1;80
2021-06-03 17:00:00+02:00;3688;3-6-2021;6;3;22;3;17;1;50
2021-06-03 18:00:00+02:00;3689;3-6-2021;6;3;22;3;18;1;42
2021-06-03 19:00:00+02:00;3690;3-6-2021;6;3;22;3;19;1;33
2021-06-03 20:00:00+02:00;3691;3-6-2021;6;3;22;3;20;1;25
2021-06-03 21:00:00+02:00;3692;3-6-2021;6;3;22;3;21;1;17
2021-06-03 22:00:00+02:00;3693;3-6-2021;6;3;22;3;22;1;8
2021-06-03 23:00:00+02:00;3694;3-6-2021;6;3;22;3;23;1;0
2021-06-04 00:00:00+02:00;3695;4-6-2021;6;4;22;4;0;1;0
2021-06-04 01:00:00+02:00;3696;4-6-2021;6;4;22;4;1;1;0
2021-06-04 02:00:00+02:00;3697;4-6-2021;6;4;22;4;2;1;0
2021-06-04 03:00:00+02:00;3698;4-6-2021;6;4;22;4;3;1;0
2021-06-04 04:00:00+02:00;3699;4-6-2021;6;4;22;4;4;1;0
2021-06-04 05:00:00+02:00;3700;4-6-2021;6;4;22;4;5;1;0
2021-06-04 06:00:00+02:00;3701;4-6-2021;6;4;22;4;6;1;0
2021-06-04 07:00:00+02:00;3702;4-6-2021;6;4;22;4;7;1;0
2021-06-04 08:00:00+02:00;3703;4-6-2021;6;4;22;4;8;1;60
2021-06-04 09:00:00+02:00;3704;4-6-2021;6;4;22;4;9;1;60
2021-06-04 10:00:00+02:00;3705;4-6-2021;6;4;22;4;10;1;90
2021-06-04 11:00:00+02:00;3706;4-6-2021;6;4;22;4;11;1;90
2021-06-04 12:00:00+02:00;3707;4-6-2021;6;4;22;4;12;1;50
2021-06-04 13:00:00+02:00;3708;4-6-2021;6;4;22;4;13;1;50
2021-06-04 14:00:00+02:00;3709;4-6-2021;6;4;22;4;14;1;80
2021-06-04 15:00:00+02:00;3710;4-6-2021;6;4;22;4;15;1;80
2021-06-04 16:00:00+02:00;3711;4-6-2021;6;4;22;4;16;1;80
2021-06-04 17:00:00+02:00;3712;4-6-2021;6;4;22;4;17;1;50
2021-06-04 18:00:00+02:00;3713;4-6-2021;6;4;22;4;18;1;42
2021-06-04 19:00:00+02:00;3714;4-6-2021;6;4;22;4;19;1;33
2021-06-04 20:00:00+02:00;3715;4-6-2021;6;4;22;4;20;1;25
2021-06-04 21:00:00+02:00;3716;4-6-2021;6;4;22;4;21;1;17
2021-06-04 22:00:00+02:00;3717;4-6-2021;6;4;22;4;22;1;8
2021-06-04 23:00:00+02:00;3718;4-6-2021;6;4;22;4;23;1;0
2021-06-05 00:00:00+02:00;3719;5-6-2021;6;5;22;5;0;2;0
2021-06-05 01:00:00+02:00;3720;5-6-2021;6;5;22;5;1;2;0
2021-06-05 02:00:00+02:00;3721;5-6-2021;6;5;22;5;2;2;0
2021-06-05 03:00:00+02:00;3722;5-6-2021;6;5;22;5;3;2;0
2021-06-05 04:00:00+02:00;3723;5-6-2021;6;5;22;5;4;2;0
2021-06-05 05:00:00+02:00;3724;5-6-2021;6;5;22;5;5;2;0
2021-06-05 06:00:00+02:00;3725;5-6-2021;6;5;22;5;6;2;0
2021-06-05 07:00:00+02:00;3726;5-6-2021;6;5;22;5;7;2;0
2021-06-05 08:00:00+02:00;3727;5-6-2021;6;5;22;5;8;2;0
2021-06-05 09:00:00+02:00;3728;5-6-2021;6;5;22;5;9;2;0
2021-06-05 10:00:00+02:00;3729;5-6-2021;6;5;22;5;10;2;50
2021-06-05 11:00:00+02:00;3730;5-6-2021;6;5;22;5;11;2;50
2021-06-05 12:00:00+02:00;3731;5-6-2021;6;5;22;5;12;2;30
2021-06-05 13:00:00+02:00;3732;5-6-2021;6;5;22;5;13;2;30
2021-06-05 14:00:00+02:00;3733;5-6-2021;6;5;22;5;14;2;50
2021-06-05 15:00:00+02:00;3734;5-6-2021;6;5;22;5;15;2;50
2021-06-05 16:00:00+02:00;3735;5-6-2021;6;5;22;5;16;2;50
2021-06-05 17:00:00+02:00;3736;5-6-2021;6;5;22;5;17;2;0
2021-06-05 18:00:00+02:00;3737;5-6-2021;6;5;22;5;18;2;0
2021-06-05 19:00:00+02:00;3738;5-6-2021;6;5;22;5;19;2;0
2021-06-05 20:00:00+02:00;3739;5-6-2021;6;5;22;5;20;2;0
2021-06-05 21:00:00+02:00;3740;5-6-2021;6;5;22;5;21;2;0
2021-06-05 22:00:00+02:00;3741;5-6-2021;6;5;22;5;22;2;0
2021-06-05 23:00:00+02:00;3742;5-6-2021;6;5;22;5;23;2;0
2021-06-06 00:00:00+02:00;3743;6-6-2021;6;6;22;6;0;3;0
2021-06-06 01:00:00+02:00;3744;6-6-2021;6;6;22;6;1;3;0
2021-06-06 02:00:00+02:00;3745;6-6-2021;6;6;22;6;2;3;0
2021-06-06 03:00:00+02:00;3746;6-6-2021;6;6;22;6;3;3;0
2021-06-06 04:00:00+02:00;3747;6-6-2021;6;6;22;6;4;3;0
2021-06-06 05:00:00+02:00;3748;6-6-2021;6;6;22;6;5;3;0
2021-06-06 06:00:00+02:00;3749;6-6-2021;6;6;22;6;6;3;0
2021-06-06 07:00:00+02:00;3750;6-6-2021;6;6;22;6;7;3;0
2021-06-06 08:00:00+02:00;3751;6-6-2021;6;6;22;6;8;3;0
2021-06-06 09:00:00+02:00;3752;6-6-2021;6;6;22;6;9;3;0
2021-06-06 10:00:00+02:00;3753;6-6-2021;6;6;22;6;10;3;0
2021-06-06 11:00:00+02:00;3754;6-6-2021;6;6;22;6;11;3;0
2021-06-06 12:00:00+02:00;3755;6-6-2021;6;6;22;6;12;3;0
2021-06-06 13:00:00+02:00;3756;6-6-2021;6;6;22;6;13;3;0
2021-06-06 14:00:00+02:00;3757;6-6-2021;6;6;22;6;14;3;0
2021-06-06 15:00:00+02:00;3758;6-6-2021;6;6;22;6;15;3;0
2021-06-06 16:00:00+02:00;3759;6-6-2021;6;6;22;6;16;3;0
2021-06-06 17:00:00+02:00;3760;6-6-2021;6;6;22;6;17;3;0
2021-06-06 18:00:00+02:00;3761;6-6-2021;6;6;22;6;18;3;0
2021-06-06 19:00:00+02:00;3762;6-6-2021;6;6;22;6;19;3;0
2021-06-06 20:00:00+02:00;3763;6-6-2021;6;6;22;6;20;3;0
2021-06-06 21:00:00+02:00;3764;6-6-2021;6;6;22;6;21;3;0
2021-06-06 22:00:00+02:00;3765;6-6-2021;6;6;22;6;22;3;0
2021-06-06 23:00:00+02:00;3766;6-6-2021;6;6;22;6;23;3;0
2021-06-07 00:00:00+02:00;3767;7-6-2021;6;7;23;0;0;1;0
2021-06-07 01:00:00+02:00;3768;7-6-2021;6;7;23;0;1;1;0
2021-06-07 02:00:00+02:00;3769;7-6-2021;6;7;23;0;2;1;0
2021-06-07 03:00:00+02:00;3770;7-6-2021;6;7;23;0;3;1;0
2021-06-07 04:00:00+02:00;3771;7-6-2021;6;7;23;0;4;1;0
2021-06-07 05:00:00+02:00;3772;7-6-2021;6;7;23;0;5;1;0
2021-06-07 06:00:00+02:00;3773;7-6-2021;6;7;23;0;6;1;0
2021-06-07 07:00:00+02:00;3774;7-6-2021;6;7;23;0;7;1;0
2021-06-07 08:00:00+02:00;3775;7-6-2021;6;7;23;0;8;1;60
2021-06-07 09:00:00+02:00;3776;7-6-2021;6;7;23;0;9;1;60
2021-06-07 10:00:00+02:00;3777;7-6-2021;6;7;23;0;10;1;90
2021-06-07 11:00:00+02:00;3778;7-6-2021;6;7;23;0;11;1;90
2021-06-07 12:00:00+02:00;3779;7-6-2021;6;7;23;0;12;1;50
2021-06-07 13:00:00+02:00;3780;7-6-2021;6;7;23;0;13;1;50
2021-06-07 14:00:00+02:00;3781;7-6-2021;6;7;23;0;14;1;80
2021-06-07 15:00:00+02:00;3782;7-6-2021;6;7;23;0;15;1;80
2021-06-07 16:00:00+02:00;3783;7-6-2021;6;7;23;0;16;1;80
2021-06-07 17:00:00+02:00;3784;7-6-2021;6;7;23;0;17;1;50
2021-06-07 18:00:00+02:00;3785;7-6-2021;6;7;23;0;18;1;42
2021-06-07 19:00:00+02:00;3786;7-6-2021;6;7;23;0;19;1;33
2021-06-07 20:00:00+02:00;3787;7-6-2021;6;7;23;0;20;1;25
2021-06-07 21:00:00+02:00;3788;7-6-2021;6;7;23;0;21;1;17
2021-06-07 22:00:00+02:00;3789;7-6-2021;6;7;23;0;22;1;8
2021-06-07 23:00:00+02:00;3790;7-6-2021;6;7;23;0;23;1;0
2021-06-08 00:00:00+02:00;3791;8-6-2021;6;8;23;1;0;1;0
2021-06-08 01:00:00+02:00;3792;8-6-2021;6;8;23;1;1;1;0
2021-06-08 02:00:00+02:00;3793;8-6-2021;6;8;23;1;2;1;0
2021-06-08 03:00:00+02:00;3794;8-6-2021;6;8;23;1;3;1;0
2021-06-08 04:00:00+02:00;3795;8-6-2021;6;8;23;1;4;1;0
2021-06-08 05:00:00+02:00;3796;8-6-2021;6;8;23;1;5;1;0
2021-06-08 06:00:00+02:00;3797;8-6-2021;6;8;23;1;6;1;0
2021-06-08 07:00:00+02:00;3798;8-6-2021;6;8;23;1;7;1;0
2021-06-08 08:00:00+02:00;3799;8-6-2021;6;8;23;1;8;1;60
2021-06-08 09:00:00+02:00;3800;8-6-2021;6;8;23;1;9;1;60
2021-06-08 10:00:00+02:00;3801;8-6-2021;6;8;23;1;10;1;90
2021-06-08 11:00:00+02:00;3802;8-6-2021;6;8;23;1;11;1;90
2021-06-08 12:00:00+02:00;3803;8-6-2021;6;8;23;1;12;1;50
2021-06-08 13:00:00+02:00;3804;8-6-2021;6;8;23;1;13;1;50
2021-06-08 14:00:00+02:00;3805;8-6-2021;6;8;23;1;14;1;80
2021-06-08 15:00:00+02:00;3806;8-6-2021;6;8;23;1;15;1;80
2021-06-08 16:00:00+02:00;3807;8-6-2021;6;8;23;1;16;1;80
2021-06-08 17:00:00+02:00;3808;8-6-2021;6;8;23;1;17;1;50
2021-06-08 18:00:00+02:00;3809;8-6-2021;6;8;23;1;18;1;42
2021-06-08 19:00:00+02:00;3810;8-6-2021;6;8;23;1;19;1;33
2021-06-08 20:00:00+02:00;3811;8-6-2021;6;8;23;1;20;1;25
2021-06-08 21:00:00+02:00;3812;8-6-2021;6;8;23;1;21;1;17
2021-06-08 22:00:00+02:00;3813;8-6-2021;6;8;23;1;22;1;8
2021-06-08 23:00:00+02:00;3814;8-6-2021;6;8;23;1;23;1;0
2021-06-09 00:00:00+02:00;3815;9-6-2021;6;9;23;2;0;1;0
2021-06-09 01:00:00+02:00;3816;9-6-2021;6;9;23;2;1;1;0
2021-06-09 02:00:00+02:00;3817;9-6-2021;6;9;23;2;2;1;0
2021-06-09 03:00:00+02:00;3818;9-6-2021;6;9;23;2;3;1;0
2021-06-09 04:00:00+02:00;3819;9-6-2021;6;9;23;2;4;1;0
2021-06-09 05:00:00+02:00;3820;9-6-2021;6;9;23;2;5;1;0
2021-06-09 06:00:00+02:00;3821;9-6-2021;6;9;23;2;6;1;0
2021-06-09 07:00:00+02:00;3822;9-6-2021;6;9;23;2;7;1;0
2021-06-09 08:00:00+02:00;3823;9-6-2021;6;9;23;2;8;1;60
2021-06-09 09:00:00+02:00;3824;9-6-2021;6;9;23;2;9;1;60
2021-06-09 10:00:00+02:00;3825;9-6-2021;6;9;23;2;10;1;90
2021-06-09 11:00:00+02:00;3826;9-6-2021;6;9;23;2;11;1;90
2021-06-09 12:00:00+02:00;3827;9-6-2021;6;9;23;2;12;1;50
2021-06-09 13:00:00+02:00;3828;9-6-2021;6;9;23;2;13;1;50
2021-06-09 14:00:00+02:00;3829;9-6-2021;6;9;23;2;14;1;80
2021-06-09 15:00:00+02:00;3830;9-6-2021;6;9;23;2;15;1;80
2021-06-09 16:00:00+02:00;3831;9-6-2021;6;9;23;2;16;1;80
2021-06-09 17:00:00+02:00;3832;9-6-2021;6;9;23;2;17;1;50
2021-06-09 18:00:00+02:00;3833;9-6-2021;6;9;23;2;18;1;42
2021-06-09 19:00:00+02:00;3834;9-6-2021;6;9;23;2;19;1;33
2021-06-09 20:00:00+02:00;3835;9-6-2021;6;9;23;2;20;1;25
2021-06-09 21:00:00+02:00;3836;9-6-2021;6;9;23;2;21;1;17
2021-06-09 22:00:00+02:00;3837;9-6-2021;6;9;23;2;22;1;8
2021-06-09 23:00:00+02:00;3838;9-6-2021;6;9;23;2;23;1;0
2021-06-10 00:00:00+02:00;3839;10-6-2021;6;10;23;3;0;1;0
2021-06-10 01:00:00+02:00;3840;10-6-2021;6;10;23;3;1;1;0
2021-06-10 02:00:00+02:00;3841;10-6-2021;6;10;23;3;2;1;0
2021-06-10 03:00:00+02:00;3842;10-6-2021;6;10;23;3;3;1;0
2021-06-10 04:00:00+02:00;3843;10-6-2021;6;10;23;3;4;1;0
2021-06-10 05:00:00+02:00;3844;10-6-2021;6;10;23;3;5;1;0
2021-06-10 06:00:00+02:00;3845;10-6-2021;6;10;23;3;6;1;0
2021-06-10 07:00:00+02:00;3846;10-6-2021;6;10;23;3;7;1;0
2021-06-10 08:00:00+02:00;3847;10-6-2021;6;10;23;3;8;1;60
2021-06-10 09:00:00+02:00;3848;10-6-2021;6;10;23;3;9;1;60
2021-06-10 10:00:00+02:00;3849;10-6-2021;6;10;23;3;10;1;90
2021-06-10 11:00:00+02:00;3850;10-6-2021;6;10;23;3;11;1;90
2021-06-10 12:00:00+02:00;3851;10-6-2021;6;10;23;3;12;1;50
2021-06-10 13:00:00+02:00;3852;10-6-2021;6;10;23;3;13;1;50
2021-06-10 14:00:00+02:00;3853;10-6-2021;6;10;23;3;14;1;80
2021-06-10 15:00:00+02:00;3854;10-6-2021;6;10;23;3;15;1;80
2021-06-10 16:00:00+02:00;3855;10-6-2021;6;10;23;3;16;1;80
2021-06-10 17:00:00+02:00;3856;10-6-2021;6;10;23;3;17;1;50
2021-06-10 18:00:00+02:00;3857;10-6-2021;6;10;23;3;18;1;42
2021-06-10 19:00:00+02:00;3858;10-6-2021;6;10;23;3;19;1;33
2021-06-10 20:00:00+02:00;3859;10-6-2021;6;10;23;3;20;1;25
2021-06-10 21:00:00+02:00;3860;10-6-2021;6;10;23;3;21;1;17
2021-06-10 22:00:00+02:00;3861;10-6-2021;6;10;23;3;22;1;8
2021-06-10 23:00:00+02:00;3862;10-6-2021;6;10;23;3;23;1;0
2021-06-11 00:00:00+02:00;3863;11-6-2021;6;11;23;4;0;1;0
2021-06-11 01:00:00+02:00;3864;11-6-2021;6;11;23;4;1;1;0
2021-06-11 02:00:00+02:00;3865;11-6-2021;6;11;23;4;2;1;0
2021-06-11 03:00:00+02:00;3866;11-6-2021;6;11;23;4;3;1;0
2021-06-11 04:00:00+02:00;3867;11-6-2021;6;11;23;4;4;1;0
2021-06-11 05:00:00+02:00;3868;11-6-2021;6;11;23;4;5;1;0
2021-06-11 06:00:00+02:00;3869;11-6-2021;6;11;23;4;6;1;0
2021-06-11 07:00:00+02:00;3870;11-6-2021;6;11;23;4;7;1;0
2021-06-11 08:00:00+02:00;3871;11-6-2021;6;11;23;4;8;1;60
2021-06-11 09:00:00+02:00;3872;11-6-2021;6;11;23;4;9;1;60
2021-06-11 10:00:00+02:00;3873;11-6-2021;6;11;23;4;10;1;90
2021-06-11 11:00:00+02:00;3874;11-6-2021;6;11;23;4;11;1;90
2021-06-11 12:00:00+02:00;3875;11-6-2021;6;11;23;4;12;1;50
2021-06-11 13:00:00+02:00;3876;11-6-2021;6;11;23;4;13;1;50
2021-06-11 14:00:00+02:00;3877;11-6-2021;6;11;23;4;14;1;80
2021-06-11 15:00:00+02:00;3878;11-6-2021;6;11;23;4;15;1;80
2021-06-11 16:00:00+02:00;3879;11-6-2021;6;11;23;4;16;1;80
2021-06-11 17:00:00+02:00;3880;11-6-2021;6;11;23;4;17;1;50
2021-06-11 18:00:00+02:00;3881;11-6-2021;6;11;23;4;18;1;42
2021-06-11 19:00:00+02:00;3882;11-6-2021;6;11;23;4;19;1;33
2021-06-11 20:00:00+02:00;3883;11-6-2021;6;11;23;4;20;1;25
2021-06-11 21:00:00+02:00;3884;11-6-2021;6;11;23;4;21;1;17
2021-06-11 22:00:00+02:00;3885;11-6-2021;6;11;23;4;22;1;8
2021-06-11 23:00:00+02:00;3886;11-6-2021;6;11;23;4;23;1;0
2021-06-12 00:00:00+02:00;3887;12-6-2021;6;12;23;5;0;2;0
2021-06-12 01:00:00+02:00;3888;12-6-2021;6;12;23;5;1;2;0
2021-06-12 02:00:00+02:00;3889;12-6-2021;6;12;23;5;2;2;0
2021-06-12 03:00:00+02:00;3890;12-6-2021;6;12;23;5;3;2;0
2021-06-12 04:00:00+02:00;3891;12-6-2021;6;12;23;5;4;2;0
2021-06-12 05:00:00+02:00;3892;12-6-2021;6;12;23;5;5;2;0
2021-06-12 06:00:00+02:00;3893;12-6-2021;6;12;23;5;6;2;0
2021-06-12 07:00:00+02:00;3894;12-6-2021;6;12;23;5;7;2;0
2021-06-12 08:00:00+02:00;3895;12-6-2021;6;12;23;5;8;2;0
2021-06-12 09:00:00+02:00;3896;12-6-2021;6;12;23;5;9;2;0
2021-06-12 10:00:00+02:00;3897;12-6-2021;6;12;23;5;10;2;50
2021-06-12 11:00:00+02:00;3898;12-6-2021;6;12;23;5;11;2;50
2021-06-12 12:00:00+02:00;3899;12-6-2021;6;12;23;5;12;2;30
2021-06-12 13:00:00+02:00;3900;12-6-2021;6;12;23;5;13;2;30
2021-06-12 14:00:00+02:00;3901;12-6-2021;6;12;23;5;14;2;50
2021-06-12 15:00:00+02:00;3902;12-6-2021;6;12;23;5;15;2;50
2021-06-12 16:00:00+02:00;3903;12-6-2021;6;12;23;5;16;2;50
2021-06-12 17:00:00+02:00;3904;12-6-2021;6;12;23;5;17;2;0
2021-06-12 18:00:00+02:00;3905;12-6-2021;6;12;23;5;18;2;0
2021-06-12 19:00:00+02:00;3906;12-6-2021;6;12;23;5;19;2;0
2021-06-12 20:00:00+02:00;3907;12-6-2021;6;12;23;5;20;2;0
2021-06-12 21:00:00+02:00;3908;12-6-2021;6;12;23;5;21;2;0
2021-06-12 22:00:00+02:00;3909;12-6-2021;6;12;23;5;22;2;0
2021-06-12 23:00:00+02:00;3910;12-6-2021;6;12;23;5;23;2;0
2021-06-13 00:00:00+02:00;3911;13-6-2021;6;13;23;6;0;3;0
2021-06-13 01:00:00+02:00;3912;13-6-2021;6;13;23;6;1;3;0
2021-06-13 02:00:00+02:00;3913;13-6-2021;6;13;23;6;2;3;0
2021-06-13 03:00:00+02:00;3914;13-6-2021;6;13;23;6;3;3;0
2021-06-13 04:00:00+02:00;3915;13-6-2021;6;13;23;6;4;3;0
2021-06-13 05:00:00+02:00;3916;13-6-2021;6;13;23;6;5;3;0
2021-06-13 06:00:00+02:00;3917;13-6-2021;6;13;23;6;6;3;0
2021-06-13 07:00:00+02:00;3918;13-6-2021;6;13;23;6;7;3;0
2021-06-13 08:00:00+02:00;3919;13-6-2021;6;13;23;6;8;3;0
2021-06-13 09:00:00+02:00;3920;13-6-2021;6;13;23;6;9;3;0
2021-06-13 10:00:00+02:00;3921;13-6-2021;6;13;23;6;10;3;0
2021-06-13 11:00:00+02:00;3922;13-6-2021;6;13;23;6;11;3;0
2021-06-13 12:00:00+02:00;3923;13-6-2021;6;13;23;6;12;3;0
2021-06-13 13:00:00+02:00;3924;13-6-2021;6;13;23;6;13;3;0
2021-06-13 14:00:00+02:00;3925;13-6-2021;6;13;23;6;14;3;0
2021-06-13 15:00:00+02:00;3926;13-6-2021;6;13;23;6;15;3;0
2021-06-13 16:00:00+02:00;3927;13-6-2021;6;13;23;6;16;3;0
2021-06-13 17:00:00+02:00;3928;13-6-2021;6;13;23;6;17;3;0
2021-06-13 18:00:00+02:00;3929;13-6-2021;6;13;23;6;18;3;0
2021-06-13 19:00:00+02:00;3930;13-6-2021;6;13;23;6;19;3;0
2021-06-13 20:00:00+02:00;3931;13-6-2021;6;13;23;6;20;3;0
2021-06-13 21:00:00+02:00;3932;13-6-2021;6;13;23;6;21;3;0
2021-06-13 22:00:00+02:00;3933;13-6-2021;6;13;23;6;22;3;0
2021-06-13 23:00:00+02:00;3934;13-6-2021;6;13;23;6;23;3;0
2021-06-14 00:00:00+02:00;3935;14-6-2021;6;14;24;0;0;1;0
2021-06-14 01:00:00+02:00;3936;14-6-2021;6;14;24;0;1;1;0
2021-06-14 02:00:00+02:00;3937;14-6-2021;6;14;24;0;2;1;0
2021-06-14 03:00:00+02:00;3938;14-6-2021;6;14;24;0;3;1;0
2021-06-14 04:00:00+02:00;3939;14-6-2021;6;14;24;0;4;1;0
2021-06-14 05:00:00+02:00;3940;14-6-2021;6;14;24;0;5;1;0
2021-06-14 06:00:00+02:00;3941;14-6-2021;6;14;24;0;6;1;0
2021-06-14 07:00:00+02:00;3942;14-6-2021;6;14;24;0;7;1;0
2021-06-14 08:00:00+02:00;3943;14-6-2021;6;14;24;0;8;1;60
2021-06-14 09:00:00+02:00;3944;14-6-2021;6;14;24;0;9;1;60
2021-06-14 10:00:00+02:00;3945;14-6-2021;6;14;24;0;10;1;90
2021-06-14 11:00:00+02:00;3946;14-6-2021;6;14;24;0;11;1;90
2021-06-14 12:00:00+02:00;3947;14-6-2021;6;14;24;0;12;1;50
2021-06-14 13:00:00+02:00;3948;14-6-2021;6;14;24;0;13;1;50
2021-06-14 14:00:00+02:00;3949;14-6-2021;6;14;24;0;14;1;80
2021-06-14 15:00:00+02:00;3950;14-6-2021;6;14;24;0;15;1;80
2021-06-14 16:00:00+02:00;3951;14-6-2021;6;14;24;0;16;1;80
2021-06-14 17:00:00+02:00;3952;14-6-2021;6;14;24;0;17;1;50
2021-06-14 18:00:00+02:00;3953;14-6-2021;6;14;24;0;18;1;42
2021-06-14 19:00:00+02:00;3954;14-6-2021;6;14;24;0;19;1;33
2021-06-14 20:00:00+02:00;3955;14-6-2021;6;14;24;0;20;1;25
2021-06-14 21:00:00+02:00;3956;14-6-2021;6;14;24;0;21;1;17
2021-06-14 22:00:00+02:00;3957;14-6-2021;6;14;24;0;22;1;8
2021-06-14 23:00:00+02:00;3958;14-6-2021;6;14;24;0;23;1;0
2021-06-15 00:00:00+02:00;3959;15-6-2021;6;15;24;1;0;1;0
2021-06-15 01:00:00+02:00;3960;15-6-2021;6;15;24;1;1;1;0
2021-06-15 02:00:00+02:00;3961;15-6-2021;6;15;24;1;2;1;0
2021-06-15 03:00:00+02:00;3962;15-6-2021;6;15;24;1;3;1;0
2021-06-15 04:00:00+02:00;3963;15-6-2021;6;15;24;1;4;1;0
2021-06-15 05:00:00+02:00;3964;15-6-2021;6;15;24;1;5;1;0
2021-06-15 06:00:00+02:00;3965;15-6-2021;6;15;24;1;6;1;0
2021-06-15 07:00:00+02:00;3966;15-6-2021;6;15;24;1;7;1;0
2021-06-15 08:00:00+02:00;3967;15-6-2021;6;15;24;1;8;1;60
2021-06-15 09:00:00+02:00;3968;15-6-2021;6;15;24;1;9;1;60
2021-06-15 10:00:00+02:00;3969;15-6-2021;6;15;24;1;10;1;90
2021-06-15 11:00:00+02:00;3970;15-6-2021;6;15;24;1;11;1;90
2021-06-15 12:00:00+02:00;3971;15-6-2021;6;15;24;1;12;1;50
2021-06-15 13:00:00+02:00;3972;15-6-2021;6;15;24;1;13;1;50
2021-06-15 14:00:00+02:00;3973;15-6-2021;6;15;24;1;14;1;80
2021-06-15 15:00:00+02:00;3974;15-6-2021;6;15;24;1;15;1;80
2021-06-15 16:00:00+02:00;3975;15-6-2021;6;15;24;1;16;1;80
2021-06-15 17:00:00+02:00;3976;15-6-2021;6;15;24;1;17;1;50
2021-06-15 18:00:00+02:00;3977;15-6-2021;6;15;24;1;18;1;42
2021-06-15 19:00:00+02:00;3978;15-6-2021;6;15;24;1;19;1;33
2021-06-15 20:00:00+02:00;3979;15-6-2021;6;15;24;1;20;1;25
2021-06-15 21:00:00+02:00;3980;15-6-2021;6;15;24;1;21;1;17
2021-06-15 22:00:00+02:00;3981;15-6-2021;6;15;24;1;22;1;8
2021-06-15 23:00:00+02:00;3982;15-6-2021;6;15;24;1;23;1;0
2021-06-16 00:00:00+02:00;3983;16-6-2021;6;16;24;2;0;1;0
2021-06-16 01:00:00+02:00;3984;16-6-2021;6;16;24;2;1;1;0
2021-06-16 02:00:00+02:00;3985;16-6-2021;6;16;24;2;2;1;0
2021-06-16 03:00:00+02:00;3986;16-6-2021;6;16;24;2;3;1;0
2021-06-16 04:00:00+02:00;3987;16-6-2021;6;16;24;2;4;1;0
2021-06-16 05:00:00+02:00;3988;16-6-2021;6;16;24;2;5;1;0
2021-06-16 06:00:00+02:00;3989;16-6-2021;6;16;24;2;6;1;0
2021-06-16 07:00:00+02:00;3990;16-6-2021;6;16;24;2;7;1;0
2021-06-16 08:00:00+02:00;3991;16-6-2021;6;16;24;2;8;1;60
2021-06-16 09:00:00+02:00;3992;16-6-2021;6;16;24;2;9;1;60
2021-06-16 10:00:00+02:00;3993;16-6-2021;6;16;24;2;10;1;90
2021-06-16 11:00:00+02:00;3994;16-6-2021;6;16;24;2;11;1;90
2021-06-16 12:00:00+02:00;3995;16-6-2021;6;16;24;2;12;1;50
2021-06-16 13:00:00+02:00;3996;16-6-2021;6;16;24;2;13;1;50
2021-06-16 14:00:00+02:00;3997;16-6-2021;6;16;24;2;14;1;80
2021-06-16 15:00:00+02:00;3998;16-6-2021;6;16;24;2;15;1;80
2021-06-16 16:00:00+02:00;3999;16-6-2021;6;16;24;2;16;1;80
2021-06-16 17:00:00+02:00;4000;16-6-2021;6;16;24;2;17;1;50
2021-06-16 18:00:00+02:00;4001;16-6-2021;6;16;24;2;18;1;42
2021-06-16 19:00:00+02:00;4002;16-6-2021;6;16;24;2;19;1;33
2021-06-16 20:00:00+02:00;4003;16-6-2021;6;16;24;2;20;1;25
2021-06-16 21:00:00+02:00;4004;16-6-2021;6;16;24;2;21;1;17
2021-06-16 22:00:00+02:00;4005;16-6-2021;6;16;24;2;22;1;8
2021-06-16 23:00:00+02:00;4006;16-6-2021;6;16;24;2;23;1;0
2021-06-17 00:00:00+02:00;4007;17-6-2021;6;17;24;3;0;1;0
2021-06-17 01:00:00+02:00;4008;17-6-2021;6;17;24;3;1;1;0
2021-06-17 02:00:00+02:00;4009;17-6-2021;6;17;24;3;2;1;0
2021-06-17 03:00:00+02:00;4010;17-6-2021;6;17;24;3;3;1;0
2021-06-17 04:00:00+02:00;4011;17-6-2021;6;17;24;3;4;1;0
2021-06-17 05:00:00+02:00;4012;17-6-2021;6;17;24;3;5;1;0
2021-06-17 06:00:00+02:00;4013;17-6-2021;6;17;24;3;6;1;0
2021-06-17 07:00:00+02:00;4014;17-6-2021;6;17;24;3;7;1;0
2021-06-17 08:00:00+02:00;4015;17-6-2021;6;17;24;3;8;1;60
2021-06-17 09:00:00+02:00;4016;17-6-2021;6;17;24;3;9;1;60
2021-06-17 10:00:00+02:00;4017;17-6-2021;6;17;24;3;10;1;90
2021-06-17 11:00:00+02:00;4018;17-6-2021;6;17;24;3;11;1;90
2021-06-17 12:00:00+02:00;4019;17-6-2021;6;17;24;3;12;1;50
2021-06-17 13:00:00+02:00;4020;17-6-2021;6;17;24;3;13;1;50
2021-06-17 14:00:00+02:00;4021;17-6-2021;6;17;24;3;14;1;80
2021-06-17 15:00:00+02:00;4022;17-6-2021;6;17;24;3;15;1;80
2021-06-17 16:00:00+02:00;4023;17-6-2021;6;17;24;3;16;1;80
2021-06-17 17:00:00+02:00;4024;17-6-2021;6;17;24;3;17;1;50
2021-06-17 18:00:00+02:00;4025;17-6-2021;6;17;24;3;18;1;42
2021-06-17 19:00:00+02:00;4026;17-6-2021;6;17;24;3;19;1;33
2021-06-17 20:00:00+02:00;4027;17-6-2021;6;17;24;3;20;1;25
2021-06-17 21:00:00+02:00;4028;17-6-2021;6;17;24;3;21;1;17
2021-06-17 22:00:00+02:00;4029;17-6-2021;6;17;24;3;22;1;8
2021-06-17 23:00:00+02:00;4030;17-6-2021;6;17;24;3;23;1;0
2021-06-18 00:00:00+02:00;4031;18-6-2021;6;18;24;4;0;1;0
2021-06-18 01:00:00+02:00;4032;18-6-2021;6;18;24;4;1;1;0
2021-06-18 02:00:00+02:00;4033;18-6-2021;6;18;24;4;2;1;0
2021-06-18 03:00:00+02:00;4034;18-6-2021;6;18;24;4;3;1;0
2021-06-18 04:00:00+02:00;4035;18-6-2021;6;18;24;4;4;1;0
2021-06-18 05:00:00+02:00;4036;18-6-2021;6;18;24;4;5;1;0
2021-06-18 06:00:00+02:00;4037;18-6-2021;6;18;24;4;6;1;0
2021-06-18 07:00:00+02:00;4038;18-6-2021;6;18;24;4;7;1;0
2021-06-18 08:00:00+02:00;4039;18-6-2021;6;18;24;4;8;1;60
2021-06-18 09:00:00+02:00;4040;18-6-2021;6;18;24;4;9;1;60
2021-06-18 10:00:00+02:00;4041;18-6-2021;6;18;24;4;10;1;90
2021-06-18 11:00:00+02:00;4042;18-6-2021;6;18;24;4;11;1;90
2021-06-18 12:00:00+02:00;4043;18-6-2021;6;18;24;4;12;1;50
2021-06-18 13:00:00+02:00;4044;18-6-2021;6;18;24;4;13;1;50
2021-06-18 14:00:00+02:00;4045;18-6-2021;6;18;24;4;14;1;80
2021-06-18 15:00:00+02:00;4046;18-6-2021;6;18;24;4;15;1;80
2021-06-18 16:00:00+02:00;4047;18-6-2021;6;18;24;4;16;1;80
2021-06-18 17:00:00+02:00;4048;18-6-2021;6;18;24;4;17;1;50
2021-06-18 18:00:00+02:00;4049;18-6-2021;6;18;24;4;18;1;42
2021-06-18 19:00:00+02:00;4050;18-6-2021;6;18;24;4;19;1;33
2021-06-18 20:00:00+02:00;4051;18-6-2021;6;18;24;4;20;1;25
2021-06-18 21:00:00+02:00;4052;18-6-2021;6;18;24;4;21;1;17
2021-06-18 22:00:00+02:00;4053;18-6-2021;6;18;24;4;22;1;8
2021-06-18 23:00:00+02:00;4054;18-6-2021;6;18;24;4;23;1;0
2021-06-19 00:00:00+02:00;4055;19-6-2021;6;19;24;5;0;2;0
2021-06-19 01:00:00+02:00;4056;19-6-2021;6;19;24;5;1;2;0
2021-06-19 02:00:00+02:00;4057;19-6-2021;6;19;24;5;2;2;0
2021-06-19 03:00:00+02:00;4058;19-6-2021;6;19;24;5;3;2;0
2021-06-19 04:00:00+02:00;4059;19-6-2021;6;19;24;5;4;2;0
2021-06-19 05:00:00+02:00;4060;19-6-2021;6;19;24;5;5;2;0
2021-06-19 06:00:00+02:00;4061;19-6-2021;6;19;24;5;6;2;0
2021-06-19 07:00:00+02:00;4062;19-6-2021;6;19;24;5;7;2;0
2021-06-19 08:00:00+02:00;4063;19-6-2021;6;19;24;5;8;2;0
2021-06-19 09:00:00+02:00;4064;19-6-2021;6;19;24;5;9;2;0
2021-06-19 10:00:00+02:00;4065;19-6-2021;6;19;24;5;10;2;50
2021-06-19 11:00:00+02:00;4066;19-6-2021;6;19;24;5;11;2;50
2021-06-19 12:00:00+02:00;4067;19-6-2021;6;19;24;5;12;2;30
2021-06-19 13:00:00+02:00;4068;19-6-2021;6;19;24;5;13;2;30
2021-06-19 14:00:00+02:00;4069;19-6-2021;6;19;24;5;14;2;50
2021-06-19 15:00:00+02:00;4070;19-6-2021;6;19;24;5;15;2;50
2021-06-19 16:00:00+02:00;4071;19-6-2021;6;19;24;5;16;2;50
2021-06-19 17:00:00+02:00;4072;19-6-2021;6;19;24;5;17;2;0
2021-06-19 18:00:00+02:00;4073;19-6-2021;6;19;24;5;18;2;0
2021-06-19 19:00:00+02:00;4074;19-6-2021;6;19;24;5;19;2;0
2021-06-19 20:00:00+02:00;4075;19-6-2021;6;19;24;5;20;2;0
2021-06-19 21:00:00+02:00;4076;19-6-2021;6;19;24;5;21;2;0
2021-06-19 22:00:00+02:00;4077;19-6-2021;6;19;24;5;22;2;0
2021-06-19 23:00:00+02:00;4078;19-6-2021;6;19;24;5;23;2;0
2021-06-20 00:00:00+02:00;4079;20-6-2021;6;20;24;6;0;3;0
2021-06-20 01:00:00+02:00;4080;20-6-2021;6;20;24;6;1;3;0
2021-06-20 02:00:00+02:00;4081;20-6-2021;6;20;24;6;2;3;0
2021-06-20 03:00:00+02:00;4082;20-6-2021;6;20;24;6;3;3;0
2021-06-20 04:00:00+02:00;4083;20-6-2021;6;20;24;6;4;3;0
2021-06-20 05:00:00+02:00;4084;20-6-2021;6;20;24;6;5;3;0
2021-06-20 06:00:00+02:00;4085;20-6-2021;6;20;24;6;6;3;0
2021-06-20 07:00:00+02:00;4086;20-6-2021;6;20;24;6;7;3;0
2021-06-20 08:00:00+02:00;4087;20-6-2021;6;20;24;6;8;3;0
2021-06-20 09:00:00+02:00;4088;20-6-2021;6;20;24;6;9;3;0
2021-06-20 10:00:00+02:00;4089;20-6-2021;6;20;24;6;10;3;0
2021-06-20 11:00:00+02:00;4090;20-6-2021;6;20;24;6;11;3;0
2021-06-20 12:00:00+02:00;4091;20-6-2021;6;20;24;6;12;3;0
2021-06-20 13:00:00+02:00;4092;20-6-2021;6;20;24;6;13;3;0
2021-06-20 14:00:00+02:00;4093;20-6-2021;6;20;24;6;14;3;0
2021-06-20 15:00:00+02:00;4094;20-6-2021;6;20;24;6;15;3;0
2021-06-20 16:00:00+02:00;4095;20-6-2021;6;20;24;6;16;3;0
2021-06-20 17:00:00+02:00;4096;20-6-2021;6;20;24;6;17;3;0
2021-06-20 18:00:00+02:00;4097;20-6-2021;6;20;24;6;18;3;0
2021-06-20 19:00:00+02:00;4098;20-6-2021;6;20;24;6;19;3;0
2021-06-20 20:00:00+02:00;4099;20-6-2021;6;20;24;6;20;3;0
2021-06-20 21:00:00+02:00;4100;20-6-2021;6;20;24;6;21;3;0
2021-06-20 22:00:00+02:00;4101;20-6-2021;6;20;24;6;22;3;0
2021-06-20 23:00:00+02:00;4102;20-6-2021;6;20;24;6;23;3;0
2021-06-21 00:00:00+02:00;4103;21-6-2021;6;21;25;0;0;1;0
2021-06-21 01:00:00+02:00;4104;21-6-2021;6;21;25;0;1;1;0
2021-06-21 02:00:00+02:00;4105;21-6-2021;6;21;25;0;2;1;0
2021-06-21 03:00:00+02:00;4106;21-6-2021;6;21;25;0;3;1;0
2021-06-21 04:00:00+02:00;4107;21-6-2021;6;21;25;0;4;1;0
2021-06-21 05:00:00+02:00;4108;21-6-2021;6;21;25;0;5;1;0
2021-06-21 06:00:00+02:00;4109;21-6-2021;6;21;25;0;6;1;0
2021-06-21 07:00:00+02:00;4110;21-6-2021;6;21;25;0;7;1;0
2021-06-21 08:00:00+02:00;4111;21-6-2021;6;21;25;0;8;1;60
2021-06-21 09:00:00+02:00;4112;21-6-2021;6;21;25;0;9;1;60
2021-06-21 10:00:00+02:00;4113;21-6-2021;6;21;25;0;10;1;90
2021-06-21 11:00:00+02:00;4114;21-6-2021;6;21;25;0;11;1;90
2021-06-21 12:00:00+02:00;4115;21-6-2021;6;21;25;0;12;1;50
2021-06-21 13:00:00+02:00;4116;21-6-2021;6;21;25;0;13;1;50
2021-06-21 14:00:00+02:00;4117;21-6-2021;6;21;25;0;14;1;80
2021-06-21 15:00:00+02:00;4118;21-6-2021;6;21;25;0;15;1;80
2021-06-21 16:00:00+02:00;4119;21-6-2021;6;21;25;0;16;1;80
2021-06-21 17:00:00+02:00;4120;21-6-2021;6;21;25;0;17;1;50
2021-06-21 18:00:00+02:00;4121;21-6-2021;6;21;25;0;18;1;42
2021-06-21 19:00:00+02:00;4122;21-6-2021;6;21;25;0;19;1;33
2021-06-21 20:00:00+02:00;4123;21-6-2021;6;21;25;0;20;1;25
2021-06-21 21:00:00+02:00;4124;21-6-2021;6;21;25;0;21;1;17
2021-06-21 22:00:00+02:00;4125;21-6-2021;6;21;25;0;22;1;8
2021-06-21 23:00:00+02:00;4126;21-6-2021;6;21;25;0;23;1;0
2021-06-22 00:00:00+02:00;4127;22-6-2021;6;22;25;1;0;1;0
2021-06-22 01:00:00+02:00;4128;22-6-2021;6;22;25;1;1;1;0
2021-06-22 02:00:00+02:00;4129;22-6-2021;6;22;25;1;2;1;0
2021-06-22 03:00:00+02:00;4130;22-6-2021;6;22;25;1;3;1;0
2021-06-22 04:00:00+02:00;4131;22-6-2021;6;22;25;1;4;1;0
2021-06-22 05:00:00+02:00;4132;22-6-2021;6;22;25;1;5;1;0
2021-06-22 06:00:00+02:00;4133;22-6-2021;6;22;25;1;6;1;0
2021-06-22 07:00:00+02:00;4134;22-6-2021;6;22;25;1;7;1;0
2021-06-22 08:00:00+02:00;4135;22-6-2021;6;22;25;1;8;1;60
2021-06-22 09:00:00+02:00;4136;22-6-2021;6;22;25;1;9;1;60
2021-06-22 10:00:00+02:00;4137;22-6-2021;6;22;25;1;10;1;90
2021-06-22 11:00:00+02:00;4138;22-6-2021;6;22;25;1;11;1;90
2021-06-22 12:00:00+02:00;4139;22-6-2021;6;22;25;1;12;1;50
2021-06-22 13:00:00+02:00;4140;22-6-2021;6;22;25;1;13;1;50
2021-06-22 14:00:00+02:00;4141;22-6-2021;6;22;25;1;14;1;80
2021-06-22 15:00:00+02:00;4142;22-6-2021;6;22;25;1;15;1;80
2021-06-22 16:00:00+02:00;4143;22-6-2021;6;22;25;1;16;1;80
2021-06-22 17:00:00+02:00;4144;22-6-2021;6;22;25;1;17;1;50
2021-06-22 18:00:00+02:00;4145;22-6-2021;6;22;25;1;18;1;42
2021-06-22 19:00:00+02:00;4146;22-6-2021;6;22;25;1;19;1;33
2021-06-22 20:00:00+02:00;4147;22-6-2021;6;22;25;1;20;1;25
2021-06-22 21:00:00+02:00;4148;22-6-2021;6;22;25;1;21;1;17
2021-06-22 22:00:00+02:00;4149;22-6-2021;6;22;25;1;22;1;8
2021-06-22 23:00:00+02:00;4150;22-6-2021;6;22;25;1;23;1;0
2021-06-23 00:00:00+02:00;4151;23-6-2021;6;23;25;2;0;1;0
2021-06-23 01:00:00+02:00;4152;23-6-2021;6;23;25;2;1;1;0
2021-06-23 02:00:00+02:00;4153;23-6-2021;6;23;25;2;2;1;0
2021-06-23 03:00:00+02:00;4154;23-6-2021;6;23;25;2;3;1;0
2021-06-23 04:00:00+02:00;4155;23-6-2021;6;23;25;2;4;1;0
2021-06-23 05:00:00+02:00;4156;23-6-2021;6;23;25;2;5;1;0
2021-06-23 06:00:00+02:00;4157;23-6-2021;6;23;25;2;6;1;0
2021-06-23 07:00:00+02:00;4158;23-6-2021;6;23;25;2;7;1;0
2021-06-23 08:00:00+02:00;4159;23-6-2021;6;23;25;2;8;1;60
2021-06-23 09:00:00+02:00;4160;23-6-2021;6;23;25;2;9;1;60
2021-06-23 10:00:00+02:00;4161;23-6-2021;6;23;25;2;10;1;90
2021-06-23 11:00:00+02:00;4162;23-6-2021;6;23;25;2;11;1;90
2021-06-23 12:00:00+02:00;4163;23-6-2021;6;23;25;2;12;1;50
2021-06-23 13:00:00+02:00;4164;23-6-2021;6;23;25;2;13;1;50
2021-06-23 14:00:00+02:00;4165;23-6-2021;6;23;25;2;14;1;80
2021-06-23 15:00:00+02:00;4166;23-6-2021;6;23;25;2;15;1;80
2021-06-23 16:00:00+02:00;4167;23-6-2021;6;23;25;2;16;1;80
2021-06-23 17:00:00+02:00;4168;23-6-2021;6;23;25;2;17;1;50
2021-06-23 18:00:00+02:00;4169;23-6-2021;6;23;25;2;18;1;42
2021-06-23 19:00:00+02:00;4170;23-6-2021;6;23;25;2;19;1;33
2021-06-23 20:00:00+02:00;4171;23-6-2021;6;23;25;2;20;1;25
2021-06-23 21:00:00+02:00;4172;23-6-2021;6;23;25;2;21;1;17
2021-06-23 22:00:00+02:00;4173;23-6-2021;6;23;25;2;22;1;8
2021-06-23 23:00:00+02:00;4174;23-6-2021;6;23;25;2;23;1;0
2021-06-24 00:00:00+02:00;4175;24-6-2021;6;24;25;3;0;1;0
2021-06-24 01:00:00+02:00;4176;24-6-2021;6;24;25;3;1;1;0
2021-06-24 02:00:00+02:00;4177;24-6-2021;6;24;25;3;2;1;0
2021-06-24 03:00:00+02:00;4178;24-6-2021;6;24;25;3;3;1;0
2021-06-24 04:00:00+02:00;4179;24-6-2021;6;24;25;3;4;1;0
2021-06-24 05:00:00+02:00;4180;24-6-2021;6;24;25;3;5;1;0
2021-06-24 06:00:00+02:00;4181;24-6-2021;6;24;25;3;6;1;0
2021-06-24 07:00:00+02:00;4182;24-6-2021;6;24;25;3;7;1;0
2021-06-24 08:00:00+02:00;4183;24-6-2021;6;24;25;3;8;1;60
2021-06-24 09:00:00+02:00;4184;24-6-2021;6;24;25;3;9;1;60
2021-06-24 10:00:00+02:00;4185;24-6-2021;6;24;25;3;10;1;90
2021-06-24 11:00:00+02:00;4186;24-6-2021;6;24;25;3;11;1;90
2021-06-24 12:00:00+02:00;4187;24-6-2021;6;24;25;3;12;1;50
2021-06-24 13:00:00+02:00;4188;24-6-2021;6;24;25;3;13;1;50
2021-06-24 14:00:00+02:00;4189;24-6-2021;6;24;25;3;14;1;80
2021-06-24 15:00:00+02:00;4190;24-6-2021;6;24;25;3;15;1;80
2021-06-24 16:00:00+02:00;4191;24-6-2021;6;24;25;3;16;1;80
2021-06-24 17:00:00+02:00;4192;24-6-2021;6;24;25;3;17;1;50
2021-06-24 18:00:00+02:00;4193;24-6-2021;6;24;25;3;18;1;42
2021-06-24 19:00:00+02:00;4194;24-6-2021;6;24;25;3;19;1;33
2021-06-24 20:00:00+02:00;4195;24-6-2021;6;24;25;3;20;1;25
2021-06-24 21:00:00+02:00;4196;24-6-2021;6;24;25;3;21;1;17
2021-06-24 22:00:00+02:00;4197;24-6-2021;6;24;25;3;22;1;8
2021-06-24 23:00:00+02:00;4198;24-6-2021;6;24;25;3;23;1;0
2021-06-25 00:00:00+02:00;4199;25-6-2021;6;25;25;4;0;1;0
2021-06-25 01:00:00+02:00;4200;25-6-2021;6;25;25;4;1;1;0
2021-06-25 02:00:00+02:00;4201;25-6-2021;6;25;25;4;2;1;0
2021-06-25 03:00:00+02:00;4202;25-6-2021;6;25;25;4;3;1;0
2021-06-25 04:00:00+02:00;4203;25-6-2021;6;25;25;4;4;1;0
2021-06-25 05:00:00+02:00;4204;25-6-2021;6;25;25;4;5;1;0
2021-06-25 06:00:00+02:00;4205;25-6-2021;6;25;25;4;6;1;0
2021-06-25 07:00:00+02:00;4206;25-6-2021;6;25;25;4;7;1;0
2021-06-25 08:00:00+02:00;4207;25-6-2021;6;25;25;4;8;1;60
2021-06-25 09:00:00+02:00;4208;25-6-2021;6;25;25;4;9;1;60
2021-06-25 10:00:00+02:00;4209;25-6-2021;6;25;25;4;10;1;90
2021-06-25 11:00:00+02:00;4210;25-6-2021;6;25;25;4;11;1;90
2021-06-25 12:00:00+02:00;4211;25-6-2021;6;25;25;4;12;1;50
2021-06-25 13:00:00+02:00;4212;25-6-2021;6;25;25;4;13;1;50
2021-06-25 14:00:00+02:00;4213;25-6-2021;6;25;25;4;14;1;80
2021-06-25 15:00:00+02:00;4214;25-6-2021;6;25;25;4;15;1;80
2021-06-25 16:00:00+02:00;4215;25-6-2021;6;25;25;4;16;1;80
2021-06-25 17:00:00+02:00;4216;25-6-2021;6;25;25;4;17;1;50
2021-06-25 18:00:00+02:00;4217;25-6-2021;6;25;25;4;18;1;42
2021-06-25 19:00:00+02:00;4218;25-6-2021;6;25;25;4;19;1;33
2021-06-25 20:00:00+02:00;4219;25-6-2021;6;25;25;4;20;1;25
2021-06-25 21:00:00+02:00;4220;25-6-2021;6;25;25;4;21;1;17
2021-06-25 22:00:00+02:00;4221;25-6-2021;6;25;25;4;22;1;8
2021-06-25 23:00:00+02:00;4222;25-6-2021;6;25;25;4;23;1;0
2021-06-26 00:00:00+02:00;4223;26-6-2021;6;26;25;5;0;2;0
2021-06-26 01:00:00+02:00;4224;26-6-2021;6;26;25;5;1;2;0
2021-06-26 02:00:00+02:00;4225;26-6-2021;6;26;25;5;2;2;0
2021-06-26 03:00:00+02:00;4226;26-6-2021;6;26;25;5;3;2;0
2021-06-26 04:00:00+02:00;4227;26-6-2021;6;26;25;5;4;2;0
2021-06-26 05:00:00+02:00;4228;26-6-2021;6;26;25;5;5;2;0
2021-06-26 06:00:00+02:00;4229;26-6-2021;6;26;25;5;6;2;0
2021-06-26 07:00:00+02:00;4230;26-6-2021;6;26;25;5;7;2;0
2021-06-26 08:00:00+02:00;4231;26-6-2021;6;26;25;5;8;2;0
2021-06-26 09:00:00+02:00;4232;26-6-2021;6;26;25;5;9;2;0
2021-06-26 10:00:00+02:00;4233;26-6-2021;6;26;25;5;10;2;50
2021-06-26 11:00:00+02:00;4234;26-6-2021;6;26;25;5;11;2;50
2021-06-26 12:00:00+02:00;4235;26-6-2021;6;26;25;5;12;2;30
2021-06-26 13:00:00+02:00;4236;26-6-2021;6;26;25;5;13;2;30
2021-06-26 14:00:00+02:00;4237;26-6-2021;6;26;25;5;14;2;50
2021-06-26 15:00:00+02:00;4238;26-6-2021;6;26;25;5;15;2;50
2021-06-26 16:00:00+02:00;4239;26-6-2021;6;26;25;5;16;2;50
2021-06-26 17:00:00+02:00;4240;26-6-2021;6;26;25;5;17;2;0
2021-06-26 18:00:00+02:00;4241;26-6-2021;6;26;25;5;18;2;0
2021-06-26 19:00:00+02:00;4242;26-6-2021;6;26;25;5;19;2;0
2021-06-26 20:00:00+02:00;4243;26-6-2021;6;26;25;5;20;2;0
2021-06-26 21:00:00+02:00;4244;26-6-2021;6;26;25;5;21;2;0
2021-06-26 22:00:00+02:00;4245;26-6-2021;6;26;25;5;22;2;0
2021-06-26 23:00:00+02:00;4246;26-6-2021;6;26;25;5;23;2;0
2021-06-27 00:00:00+02:00;4247;27-6-2021;6;27;25;6;0;3;0
2021-06-27 01:00:00+02:00;4248;27-6-2021;6;27;25;6;1;3;0
2021-06-27 02:00:00+02:00;4249;27-6-2021;6;27;25;6;2;3;0
2021-06-27 03:00:00+02:00;4250;27-6-2021;6;27;25;6;3;3;0
2021-06-27 04:00:00+02:00;4251;27-6-2021;6;27;25;6;4;3;0
2021-06-27 05:00:00+02:00;4252;27-6-2021;6;27;25;6;5;3;0
2021-06-27 06:00:00+02:00;4253;27-6-2021;6;27;25;6;6;3;0
2021-06-27 07:00:00+02:00;4254;27-6-2021;6;27;25;6;7;3;0
2021-06-27 08:00:00+02:00;4255;27-6-2021;6;27;25;6;8;3;0
2021-06-27 09:00:00+02:00;4256;27-6-2021;6;27;25;6;9;3;0
2021-06-27 10:00:00+02:00;4257;27-6-2021;6;27;25;6;10;3;0
2021-06-27 11:00:00+02:00;4258;27-6-2021;6;27;25;6;11;3;0
2021-06-27 12:00:00+02:00;4259;27-6-2021;6;27;25;6;12;3;0
2021-06-27 13:00:00+02:00;4260;27-6-2021;6;27;25;6;13;3;0
2021-06-27 14:00:00+02:00;4261;27-6-2021;6;27;25;6;14;3;0
2021-06-27 15:00:00+02:00;4262;27-6-2021;6;27;25;6;15;3;0
2021-06-27 16:00:00+02:00;4263;27-6-2021;6;27;25;6;16;3;0
2021-06-27 17:00:00+02:00;4264;27-6-2021;6;27;25;6;17;3;0
2021-06-27 18:00:00+02:00;4265;27-6-2021;6;27;25;6;18;3;0
2021-06-27 19:00:00+02:00;4266;27-6-2021;6;27;25;6;19;3;0
2021-06-27 20:00:00+02:00;4267;27-6-2021;6;27;25;6;20;3;0
2021-06-27 21:00:00+02:00;4268;27-6-2021;6;27;25;6;21;3;0
2021-06-27 22:00:00+02:00;4269;27-6-2021;6;27;25;6;22;3;0
2021-06-27 23:00:00+02:00;4270;27-6-2021;6;27;25;6;23;3;0
2021-06-28 00:00:00+02:00;4271;28-6-2021;6;28;26;0;0;1;0
2021-06-28 01:00:00+02:00;4272;28-6-2021;6;28;26;0;1;1;0
2021-06-28 02:00:00+02:00;4273;28-6-2021;6;28;26;0;2;1;0
2021-06-28 03:00:00+02:00;4274;28-6-2021;6;28;26;0;3;1;0
2021-06-28 04:00:00+02:00;4275;28-6-2021;6;28;26;0;4;1;0
2021-06-28 05:00:00+02:00;4276;28-6-2021;6;28;26;0;5;1;0
2021-06-28 06:00:00+02:00;4277;28-6-2021;6;28;26;0;6;1;0
2021-06-28 07:00:00+02:00;4278;28-6-2021;6;28;26;0;7;1;0
2021-06-28 08:00:00+02:00;4279;28-6-2021;6;28;26;0;8;1;60
2021-06-28 09:00:00+02:00;4280;28-6-2021;6;28;26;0;9;1;60
2021-06-28 10:00:00+02:00;4281;28-6-2021;6;28;26;0;10;1;90
2021-06-28 11:00:00+02:00;4282;28-6-2021;6;28;26;0;11;1;90
2021-06-28 12:00:00+02:00;4283;28-6-2021;6;28;26;0;12;1;50
2021-06-28 13:00:00+02:00;4284;28-6-2021;6;28;26;0;13;1;50
2021-06-28 14:00:00+02:00;4285;28-6-2021;6;28;26;0;14;1;80
2021-06-28 15:00:00+02:00;4286;28-6-2021;6;28;26;0;15;1;80
2021-06-28 16:00:00+02:00;4287;28-6-2021;6;28;26;0;16;1;80
2021-06-28 17:00:00+02:00;4288;28-6-2021;6;28;26;0;17;1;50
2021-06-28 18:00:00+02:00;4289;28-6-2021;6;28;26;0;18;1;42
2021-06-28 19:00:00+02:00;4290;28-6-2021;6;28;26;0;19;1;33
2021-06-28 20:00:00+02:00;4291;28-6-2021;6;28;26;0;20;1;25
2021-06-28 21:00:00+02:00;4292;28-6-2021;6;28;26;0;21;1;17
2021-06-28 22:00:00+02:00;4293;28-6-2021;6;28;26;0;22;1;8
2021-06-28 23:00:00+02:00;4294;28-6-2021;6;28;26;0;23;1;0
2021-06-29 00:00:00+02:00;4295;29-6-2021;6;29;26;1;0;1;0
2021-06-29 01:00:00+02:00;4296;29-6-2021;6;29;26;1;1;1;0
2021-06-29 02:00:00+02:00;4297;29-6-2021;6;29;26;1;2;1;0
2021-06-29 03:00:00+02:00;4298;29-6-2021;6;29;26;1;3;1;0
2021-06-29 04:00:00+02:00;4299;29-6-2021;6;29;26;1;4;1;0
2021-06-29 05:00:00+02:00;4300;29-6-2021;6;29;26;1;5;1;0
2021-06-29 06:00:00+02:00;4301;29-6-2021;6;29;26;1;6;1;0
2021-06-29 07:00:00+02:00;4302;29-6-2021;6;29;26;1;7;1;0
2021-06-29 08:00:00+02:00;4303;29-6-2021;6;29;26;1;8;1;60
2021-06-29 09:00:00+02:00;4304;29-6-2021;6;29;26;1;9;1;60
2021-06-29 10:00:00+02:00;4305;29-6-2021;6;29;26;1;10;1;90
2021-06-29 11:00:00+02:00;4306;29-6-2021;6;29;26;1;11;1;90
2021-06-29 12:00:00+02:00;4307;29-6-2021;6;29;26;1;12;1;50
2021-06-29 13:00:00+02:00;4308;29-6-2021;6;29;26;1;13;1;50
2021-06-29 14:00:00+02:00;4309;29-6-2021;6;29;26;1;14;1;80
2021-06-29 15:00:00+02:00;4310;29-6-2021;6;29;26;1;15;1;80
2021-06-29 16:00:00+02:00;4311;29-6-2021;6;29;26;1;16;1;80
2021-06-29 17:00:00+02:00;4312;29-6-2021;6;29;26;1;17;1;50
2021-06-29 18:00:00+02:00;4313;29-6-2021;6;29;26;1;18;1;42
2021-06-29 19:00:00+02:00;4314;29-6-2021;6;29;26;1;19;1;33
2021-06-29 20:00:00+02:00;4315;29-6-2021;6;29;26;1;20;1;25
2021-06-29 21:00:00+02:00;4316;29-6-2021;6;29;26;1;21;1;17
2021-06-29 22:00:00+02:00;4317;29-6-2021;6;29;26;1;22;1;8
2021-06-29 23:00:00+02:00;4318;29-6-2021;6;29;26;1;23;1;0
2021-06-30 00:00:00+02:00;4319;30-6-2021;6;30;26;2;0;1;0
2021-06-30 01:00:00+02:00;4320;30-6-2021;6;30;26;2;1;1;0
2021-06-30 02:00:00+02:00;4321;30-6-2021;6;30;26;2;2;1;0
2021-06-30 03:00:00+02:00;4322;30-6-2021;6;30;26;2;3;1;0
2021-06-30 04:00:00+02:00;4323;30-6-2021;6;30;26;2;4;1;0
2021-06-30 05:00:00+02:00;4324;30-6-2021;6;30;26;2;5;1;0
2021-06-30 06:00:00+02:00;4325;30-6-2021;6;30;26;2;6;1;0
2021-06-30 07:00:00+02:00;4326;30-6-2021;6;30;26;2;7;1;0
2021-06-30 08:00:00+02:00;4327;30-6-2021;6;30;26;2;8;1;60
2021-06-30 09:00:00+02:00;4328;30-6-2021;6;30;26;2;9;1;60
2021-06-30 10:00:00+02:00;4329;30-6-2021;6;30;26;2;10;1;90
2021-06-30 11:00:00+02:00;4330;30-6-2021;6;30;26;2;11;1;90
2021-06-30 12:00:00+02:00;4331;30-6-2021;6;30;26;2;12;1;50
2021-06-30 13:00:00+02:00;4332;30-6-2021;6;30;26;2;13;1;50
2021-06-30 14:00:00+02:00;4333;30-6-2021;6;30;26;2;14;1;80
2021-06-30 15:00:00+02:00;4334;30-6-2021;6;30;26;2;15;1;80
2021-06-30 16:00:00+02:00;4335;30-6-2021;6;30;26;2;16;1;80
2021-06-30 17:00:00+02:00;4336;30-6-2021;6;30;26;2;17;1;50
2021-06-30 18:00:00+02:00;4337;30-6-2021;6;30;26;2;18;1;42
2021-06-30 19:00:00+02:00;4338;30-6-2021;6;30;26;2;19;1;33
2021-06-30 20:00:00+02:00;4339;30-6-2021;6;30;26;2;20;1;25
2021-06-30 21:00:00+02:00;4340;30-6-2021;6;30;26;2;21;1;17
2021-06-30 22:00:00+02:00;4341;30-6-2021;6;30;26;2;22;1;8
2021-06-30 23:00:00+02:00;4342;30-6-2021;6;30;26;2;23;1;0
2021-07-01 00:00:00+02:00;4343;1-7-2021;7;1;26;3;0;1;0
2021-07-01 01:00:00+02:00;4344;1-7-2021;7;1;26;3;1;1;0
2021-07-01 02:00:00+02:00;4345;1-7-2021;7;1;26;3;2;1;0
2021-07-01 03:00:00+02:00;4346;1-7-2021;7;1;26;3;3;1;0
2021-07-01 04:00:00+02:00;4347;1-7-2021;7;1;26;3;4;1;0
2021-07-01 05:00:00+02:00;4348;1-7-2021;7;1;26;3;5;1;0
2021-07-01 06:00:00+02:00;4349;1-7-2021;7;1;26;3;6;1;0
2021-07-01 07:00:00+02:00;4350;1-7-2021;7;1;26;3;7;1;0
2021-07-01 08:00:00+02:00;4351;1-7-2021;7;1;26;3;8;1;60
2021-07-01 09:00:00+02:00;4352;1-7-2021;7;1;26;3;9;1;60
2021-07-01 10:00:00+02:00;4353;1-7-2021;7;1;26;3;10;1;90
2021-07-01 11:00:00+02:00;4354;1-7-2021;7;1;26;3;11;1;90
2021-07-01 12:00:00+02:00;4355;1-7-2021;7;1;26;3;12;1;50
2021-07-01 13:00:00+02:00;4356;1-7-2021;7;1;26;3;13;1;50
2021-07-01 14:00:00+02:00;4357;1-7-2021;7;1;26;3;14;1;80
2021-07-01 15:00:00+02:00;4358;1-7-2021;7;1;26;3;15;1;80
2021-07-01 16:00:00+02:00;4359;1-7-2021;7;1;26;3;16;1;80
2021-07-01 17:00:00+02:00;4360;1-7-2021;7;1;26;3;17;1;50
2021-07-01 18:00:00+02:00;4361;1-7-2021;7;1;26;3;18;1;42
2021-07-01 19:00:00+02:00;4362;1-7-2021;7;1;26;3;19;1;33
2021-07-01 20:00:00+02:00;4363;1-7-2021;7;1;26;3;20;1;25
2021-07-01 21:00:00+02:00;4364;1-7-2021;7;1;26;3;21;1;17
2021-07-01 22:00:00+02:00;4365;1-7-2021;7;1;26;3;22;1;8
2021-07-01 23:00:00+02:00;4366;1-7-2021;7;1;26;3;23;1;0
2021-07-02 00:00:00+02:00;4367;2-7-2021;7;2;26;4;0;1;0
2021-07-02 01:00:00+02:00;4368;2-7-2021;7;2;26;4;1;1;0
2021-07-02 02:00:00+02:00;4369;2-7-2021;7;2;26;4;2;1;0
2021-07-02 03:00:00+02:00;4370;2-7-2021;7;2;26;4;3;1;0
2021-07-02 04:00:00+02:00;4371;2-7-2021;7;2;26;4;4;1;0
2021-07-02 05:00:00+02:00;4372;2-7-2021;7;2;26;4;5;1;0
2021-07-02 06:00:00+02:00;4373;2-7-2021;7;2;26;4;6;1;0
2021-07-02 07:00:00+02:00;4374;2-7-2021;7;2;26;4;7;1;0
2021-07-02 08:00:00+02:00;4375;2-7-2021;7;2;26;4;8;1;60
2021-07-02 09:00:00+02:00;4376;2-7-2021;7;2;26;4;9;1;60
2021-07-02 10:00:00+02:00;4377;2-7-2021;7;2;26;4;10;1;90
2021-07-02 11:00:00+02:00;4378;2-7-2021;7;2;26;4;11;1;90
2021-07-02 12:00:00+02:00;4379;2-7-2021;7;2;26;4;12;1;50
2021-07-02 13:00:00+02:00;4380;2-7-2021;7;2;26;4;13;1;50
2021-07-02 14:00:00+02:00;4381;2-7-2021;7;2;26;4;14;1;80
2021-07-02 15:00:00+02:00;4382;2-7-2021;7;2;26;4;15;1;80
2021-07-02 16:00:00+02:00;4383;2-7-2021;7;2;26;4;16;1;80
2021-07-02 17:00:00+02:00;4384;2-7-2021;7;2;26;4;17;1;50
2021-07-02 18:00:00+02:00;4385;2-7-2021;7;2;26;4;18;1;42
2021-07-02 19:00:00+02:00;4386;2-7-2021;7;2;26;4;19;1;33
2021-07-02 20:00:00+02:00;4387;2-7-2021;7;2;26;4;20;1;25
2021-07-02 21:00:00+02:00;4388;2-7-2021;7;2;26;4;21;1;17
2021-07-02 22:00:00+02:00;4389;2-7-2021;7;2;26;4;22;1;8
2021-07-02 23:00:00+02:00;4390;2-7-2021;7;2;26;4;23;1;0
2021-07-03 00:00:00+02:00;4391;3-7-2021;7;3;26;5;0;2;0
2021-07-03 01:00:00+02:00;4392;3-7-2021;7;3;26;5;1;2;0
2021-07-03 02:00:00+02:00;4393;3-7-2021;7;3;26;5;2;2;0
2021-07-03 03:00:00+02:00;4394;3-7-2021;7;3;26;5;3;2;0
2021-07-03 04:00:00+02:00;4395;3-7-2021;7;3;26;5;4;2;0
2021-07-03 05:00:00+02:00;4396;3-7-2021;7;3;26;5;5;2;0
2021-07-03 06:00:00+02:00;4397;3-7-2021;7;3;26;5;6;2;0
2021-07-03 07:00:00+02:00;4398;3-7-2021;7;3;26;5;7;2;0
2021-07-03 08:00:00+02:00;4399;3-7-2021;7;3;26;5;8;2;0
2021-07-03 09:00:00+02:00;4400;3-7-2021;7;3;26;5;9;2;0
2021-07-03 10:00:00+02:00;4401;3-7-2021;7;3;26;5;10;2;50
2021-07-03 11:00:00+02:00;4402;3-7-2021;7;3;26;5;11;2;50
2021-07-03 12:00:00+02:00;4403;3-7-2021;7;3;26;5;12;2;30
2021-07-03 13:00:00+02:00;4404;3-7-2021;7;3;26;5;13;2;30
2021-07-03 14:00:00+02:00;4405;3-7-2021;7;3;26;5;14;2;50
2021-07-03 15:00:00+02:00;4406;3-7-2021;7;3;26;5;15;2;50
2021-07-03 16:00:00+02:00;4407;3-7-2021;7;3;26;5;16;2;50
2021-07-03 17:00:00+02:00;4408;3-7-2021;7;3;26;5;17;2;0
2021-07-03 18:00:00+02:00;4409;3-7-2021;7;3;26;5;18;2;0
2021-07-03 19:00:00+02:00;4410;3-7-2021;7;3;26;5;19;2;0
2021-07-03 20:00:00+02:00;4411;3-7-2021;7;3;26;5;20;2;0
2021-07-03 21:00:00+02:00;4412;3-7-2021;7;3;26;5;21;2;0
2021-07-03 22:00:00+02:00;4413;3-7-2021;7;3;26;5;22;2;0
2021-07-03 23:00:00+02:00;4414;3-7-2021;7;3;26;5;23;2;0
2021-07-04 00:00:00+02:00;4415;4-7-2021;7;4;26;6;0;3;0
2021-07-04 01:00:00+02:00;4416;4-7-2021;7;4;26;6;1;3;0
2021-07-04 02:00:00+02:00;4417;4-7-2021;7;4;26;6;2;3;0
2021-07-04 03:00:00+02:00;4418;4-7-2021;7;4;26;6;3;3;0
2021-07-04 04:00:00+02:00;4419;4-7-2021;7;4;26;6;4;3;0
2021-07-04 05:00:00+02:00;4420;4-7-2021;7;4;26;6;5;3;0
2021-07-04 06:00:00+02:00;4421;4-7-2021;7;4;26;6;6;3;0
2021-07-04 07:00:00+02:00;4422;4-7-2021;7;4;26;6;7;3;0
2021-07-04 08:00:00+02:00;4423;4-7-2021;7;4;26;6;8;3;0
2021-07-04 09:00:00+02:00;4424;4-7-2021;7;4;26;6;9;3;0
2021-07-04 10:00:00+02:00;4425;4-7-2021;7;4;26;6;10;3;0
2021-07-04 11:00:00+02:00;4426;4-7-2021;7;4;26;6;11;3;0
2021-07-04 12:00:00+02:00;4427;4-7-2021;7;4;26;6;12;3;0
2021-07-04 13:00:00+02:00;4428;4-7-2021;7;4;26;6;13;3;0
2021-07-04 14:00:00+02:00;4429;4-7-2021;7;4;26;6;14;3;0
2021-07-04 15:00:00+02:00;4430;4-7-2021;7;4;26;6;15;3;0
2021-07-04 16:00:00+02:00;4431;4-7-2021;7;4;26;6;16;3;0
2021-07-04 17:00:00+02:00;4432;4-7-2021;7;4;26;6;17;3;0
2021-07-04 18:00:00+02:00;4433;4-7-2021;7;4;26;6;18;3;0
2021-07-04 19:00:00+02:00;4434;4-7-2021;7;4;26;6;19;3;0
2021-07-04 20:00:00+02:00;4435;4-7-2021;7;4;26;6;20;3;0
2021-07-04 21:00:00+02:00;4436;4-7-2021;7;4;26;6;21;3;0
2021-07-04 22:00:00+02:00;4437;4-7-2021;7;4;26;6;22;3;0
2021-07-04 23:00:00+02:00;4438;4-7-2021;7;4;26;6;23;3;0
2021-07-05 00:00:00+02:00;4439;5-7-2021;7;5;27;0;0;3;0
2021-07-05 01:00:00+02:00;4440;5-7-2021;7;5;27;0;1;3;0
2021-07-05 02:00:00+02:00;4441;5-7-2021;7;5;27;0;2;3;0
2021-07-05 03:00:00+02:00;4442;5-7-2021;7;5;27;0;3;3;0
2021-07-05 04:00:00+02:00;4443;5-7-2021;7;5;27;0;4;3;0
2021-07-05 05:00:00+02:00;4444;5-7-2021;7;5;27;0;5;3;0
2021-07-05 06:00:00+02:00;4445;5-7-2021;7;5;27;0;6;3;0
2021-07-05 07:00:00+02:00;4446;5-7-2021;7;5;27;0;7;3;0
2021-07-05 08:00:00+02:00;4447;5-7-2021;7;5;27;0;8;3;0
2021-07-05 09:00:00+02:00;4448;5-7-2021;7;5;27;0;9;3;0
2021-07-05 10:00:00+02:00;4449;5-7-2021;7;5;27;0;10;3;0
2021-07-05 11:00:00+02:00;4450;5-7-2021;7;5;27;0;11;3;0
2021-07-05 12:00:00+02:00;4451;5-7-2021;7;5;27;0;12;3;0
2021-07-05 13:00:00+02:00;4452;5-7-2021;7;5;27;0;13;3;0
2021-07-05 14:00:00+02:00;4453;5-7-2021;7;5;27;0;14;3;0
2021-07-05 15:00:00+02:00;4454;5-7-2021;7;5;27;0;15;3;0
2021-07-05 16:00:00+02:00;4455;5-7-2021;7;5;27;0;16;3;0
2021-07-05 17:00:00+02:00;4456;5-7-2021;7;5;27;0;17;3;0
2021-07-05 18:00:00+02:00;4457;5-7-2021;7;5;27;0;18;3;0
2021-07-05 19:00:00+02:00;4458;5-7-2021;7;5;27;0;19;3;0
2021-07-05 20:00:00+02:00;4459;5-7-2021;7;5;27;0;20;3;0
2021-07-05 21:00:00+02:00;4460;5-7-2021;7;5;27;0;21;3;0
2021-07-05 22:00:00+02:00;4461;5-7-2021;7;5;27;0;22;3;0
2021-07-05 23:00:00+02:00;4462;5-7-2021;7;5;27;0;23;3;0
2021-07-06 00:00:00+02:00;4463;6-7-2021;7;6;27;1;0;3;0
2021-07-06 01:00:00+02:00;4464;6-7-2021;7;6;27;1;1;3;0
2021-07-06 02:00:00+02:00;4465;6-7-2021;7;6;27;1;2;3;0
2021-07-06 03:00:00+02:00;4466;6-7-2021;7;6;27;1;3;3;0
2021-07-06 04:00:00+02:00;4467;6-7-2021;7;6;27;1;4;3;0
2021-07-06 05:00:00+02:00;4468;6-7-2021;7;6;27;1;5;3;0
2021-07-06 06:00:00+02:00;4469;6-7-2021;7;6;27;1;6;3;0
2021-07-06 07:00:00+02:00;4470;6-7-2021;7;6;27;1;7;3;0
2021-07-06 08:00:00+02:00;4471;6-7-2021;7;6;27;1;8;3;0
2021-07-06 09:00:00+02:00;4472;6-7-2021;7;6;27;1;9;3;0
2021-07-06 10:00:00+02:00;4473;6-7-2021;7;6;27;1;10;3;0
2021-07-06 11:00:00+02:00;4474;6-7-2021;7;6;27;1;11;3;0
2021-07-06 12:00:00+02:00;4475;6-7-2021;7;6;27;1;12;3;0
2021-07-06 13:00:00+02:00;4476;6-7-2021;7;6;27;1;13;3;0
2021-07-06 14:00:00+02:00;4477;6-7-2021;7;6;27;1;14;3;0
2021-07-06 15:00:00+02:00;4478;6-7-2021;7;6;27;1;15;3;0
2021-07-06 16:00:00+02:00;4479;6-7-2021;7;6;27;1;16;3;0
2021-07-06 17:00:00+02:00;4480;6-7-2021;7;6;27;1;17;3;0
2021-07-06 18:00:00+02:00;4481;6-7-2021;7;6;27;1;18;3;0
2021-07-06 19:00:00+02:00;4482;6-7-2021;7;6;27;1;19;3;0
2021-07-06 20:00:00+02:00;4483;6-7-2021;7;6;27;1;20;3;0
2021-07-06 21:00:00+02:00;4484;6-7-2021;7;6;27;1;21;3;0
2021-07-06 22:00:00+02:00;4485;6-7-2021;7;6;27;1;22;3;0
2021-07-06 23:00:00+02:00;4486;6-7-2021;7;6;27;1;23;3;0
2021-07-07 00:00:00+02:00;4487;7-7-2021;7;7;27;2;0;3;0
2021-07-07 01:00:00+02:00;4488;7-7-2021;7;7;27;2;1;3;0
2021-07-07 02:00:00+02:00;4489;7-7-2021;7;7;27;2;2;3;0
2021-07-07 03:00:00+02:00;4490;7-7-2021;7;7;27;2;3;3;0
2021-07-07 04:00:00+02:00;4491;7-7-2021;7;7;27;2;4;3;0
2021-07-07 05:00:00+02:00;4492;7-7-2021;7;7;27;2;5;3;0
2021-07-07 06:00:00+02:00;4493;7-7-2021;7;7;27;2;6;3;0
2021-07-07 07:00:00+02:00;4494;7-7-2021;7;7;27;2;7;3;0
2021-07-07 08:00:00+02:00;4495;7-7-2021;7;7;27;2;8;3;0
2021-07-07 09:00:00+02:00;4496;7-7-2021;7;7;27;2;9;3;0
2021-07-07 10:00:00+02:00;4497;7-7-2021;7;7;27;2;10;3;0
2021-07-07 11:00:00+02:00;4498;7-7-2021;7;7;27;2;11;3;0
2021-07-07 12:00:00+02:00;4499;7-7-2021;7;7;27;2;12;3;0
2021-07-07 13:00:00+02:00;4500;7-7-2021;7;7;27;2;13;3;0
2021-07-07 14:00:00+02:00;4501;7-7-2021;7;7;27;2;14;3;0
2021-07-07 15:00:00+02:00;4502;7-7-2021;7;7;27;2;15;3;0
2021-07-07 16:00:00+02:00;4503;7-7-2021;7;7;27;2;16;3;0
2021-07-07 17:00:00+02:00;4504;7-7-2021;7;7;27;2;17;3;0
2021-07-07 18:00:00+02:00;4505;7-7-2021;7;7;27;2;18;3;0
2021-07-07 19:00:00+02:00;4506;7-7-2021;7;7;27;2;19;3;0
2021-07-07 20:00:00+02:00;4507;7-7-2021;7;7;27;2;20;3;0
2021-07-07 21:00:00+02:00;4508;7-7-2021;7;7;27;2;21;3;0
2021-07-07 22:00:00+02:00;4509;7-7-2021;7;7;27;2;22;3;0
2021-07-07 23:00:00+02:00;4510;7-7-2021;7;7;27;2;23;3;0
2021-07-08 00:00:00+02:00;4511;8-7-2021;7;8;27;3;0;3;0
2021-07-08 01:00:00+02:00;4512;8-7-2021;7;8;27;3;1;3;0
2021-07-08 02:00:00+02:00;4513;8-7-2021;7;8;27;3;2;3;0
2021-07-08 03:00:00+02:00;4514;8-7-2021;7;8;27;3;3;3;0
2021-07-08 04:00:00+02:00;4515;8-7-2021;7;8;27;3;4;3;0
2021-07-08 05:00:00+02:00;4516;8-7-2021;7;8;27;3;5;3;0
2021-07-08 06:00:00+02:00;4517;8-7-2021;7;8;27;3;6;3;0
2021-07-08 07:00:00+02:00;4518;8-7-2021;7;8;27;3;7;3;0
2021-07-08 08:00:00+02:00;4519;8-7-2021;7;8;27;3;8;3;0
2021-07-08 09:00:00+02:00;4520;8-7-2021;7;8;27;3;9;3;0
2021-07-08 10:00:00+02:00;4521;8-7-2021;7;8;27;3;10;3;0
2021-07-08 11:00:00+02:00;4522;8-7-2021;7;8;27;3;11;3;0
2021-07-08 12:00:00+02:00;4523;8-7-2021;7;8;27;3;12;3;0
2021-07-08 13:00:00+02:00;4524;8-7-2021;7;8;27;3;13;3;0
2021-07-08 14:00:00+02:00;4525;8-7-2021;7;8;27;3;14;3;0
2021-07-08 15:00:00+02:00;4526;8-7-2021;7;8;27;3;15;3;0
2021-07-08 16:00:00+02:00;4527;8-7-2021;7;8;27;3;16;3;0
2021-07-08 17:00:00+02:00;4528;8-7-2021;7;8;27;3;17;3;0
2021-07-08 18:00:00+02:00;4529;8-7-2021;7;8;27;3;18;3;0
2021-07-08 19:00:00+02:00;4530;8-7-2021;7;8;27;3;19;3;0
2021-07-08 20:00:00+02:00;4531;8-7-2021;7;8;27;3;20;3;0
2021-07-08 21:00:00+02:00;4532;8-7-2021;7;8;27;3;21;3;0
2021-07-08 22:00:00+02:00;4533;8-7-2021;7;8;27;3;22;3;0
2021-07-08 23:00:00+02:00;4534;8-7-2021;7;8;27;3;23;3;0
2021-07-09 00:00:00+02:00;4535;9-7-2021;7;9;27;4;0;3;0
2021-07-09 01:00:00+02:00;4536;9-7-2021;7;9;27;4;1;3;0
2021-07-09 02:00:00+02:00;4537;9-7-2021;7;9;27;4;2;3;0
2021-07-09 03:00:00+02:00;4538;9-7-2021;7;9;27;4;3;3;0
2021-07-09 04:00:00+02:00;4539;9-7-2021;7;9;27;4;4;3;0
2021-07-09 05:00:00+02:00;4540;9-7-2021;7;9;27;4;5;3;0
2021-07-09 06:00:00+02:00;4541;9-7-2021;7;9;27;4;6;3;0
2021-07-09 07:00:00+02:00;4542;9-7-2021;7;9;27;4;7;3;0
2021-07-09 08:00:00+02:00;4543;9-7-2021;7;9;27;4;8;3;0
2021-07-09 09:00:00+02:00;4544;9-7-2021;7;9;27;4;9;3;0
2021-07-09 10:00:00+02:00;4545;9-7-2021;7;9;27;4;10;3;0
2021-07-09 11:00:00+02:00;4546;9-7-2021;7;9;27;4;11;3;0
2021-07-09 12:00:00+02:00;4547;9-7-2021;7;9;27;4;12;3;0
2021-07-09 13:00:00+02:00;4548;9-7-2021;7;9;27;4;13;3;0
2021-07-09 14:00:00+02:00;4549;9-7-2021;7;9;27;4;14;3;0
2021-07-09 15:00:00+02:00;4550;9-7-2021;7;9;27;4;15;3;0
2021-07-09 16:00:00+02:00;4551;9-7-2021;7;9;27;4;16;3;0
2021-07-09 17:00:00+02:00;4552;9-7-2021;7;9;27;4;17;3;0
2021-07-09 18:00:00+02:00;4553;9-7-2021;7;9;27;4;18;3;0
2021-07-09 19:00:00+02:00;4554;9-7-2021;7;9;27;4;19;3;0
2021-07-09 20:00:00+02:00;4555;9-7-2021;7;9;27;4;20;3;0
2021-07-09 21:00:00+02:00;4556;9-7-2021;7;9;27;4;21;3;0
2021-07-09 22:00:00+02:00;4557;9-7-2021;7;9;27;4;22;3;0
2021-07-09 23:00:00+02:00;4558;9-7-2021;7;9;27;4;23;3;0
2021-07-10 00:00:00+02:00;4559;10-7-2021;7;10;27;5;0;3;0
2021-07-10 01:00:00+02:00;4560;10-7-2021;7;10;27;5;1;3;0
2021-07-10 02:00:00+02:00;4561;10-7-2021;7;10;27;5;2;3;0
2021-07-10 03:00:00+02:00;4562;10-7-2021;7;10;27;5;3;3;0
2021-07-10 04:00:00+02:00;4563;10-7-2021;7;10;27;5;4;3;0
2021-07-10 05:00:00+02:00;4564;10-7-2021;7;10;27;5;5;3;0
2021-07-10 06:00:00+02:00;4565;10-7-2021;7;10;27;5;6;3;0
2021-07-10 07:00:00+02:00;4566;10-7-2021;7;10;27;5;7;3;0
2021-07-10 08:00:00+02:00;4567;10-7-2021;7;10;27;5;8;3;0
2021-07-10 09:00:00+02:00;4568;10-7-2021;7;10;27;5;9;3;0
2021-07-10 10:00:00+02:00;4569;10-7-2021;7;10;27;5;10;3;0
2021-07-10 11:00:00+02:00;4570;10-7-2021;7;10;27;5;11;3;0
2021-07-10 12:00:00+02:00;4571;10-7-2021;7;10;27;5;12;3;0
2021-07-10 13:00:00+02:00;4572;10-7-2021;7;10;27;5;13;3;0
2021-07-10 14:00:00+02:00;4573;10-7-2021;7;10;27;5;14;3;0
2021-07-10 15:00:00+02:00;4574;10-7-2021;7;10;27;5;15;3;0
2021-07-10 16:00:00+02:00;4575;10-7-2021;7;10;27;5;16;3;0
2021-07-10 17:00:00+02:00;4576;10-7-2021;7;10;27;5;17;3;0
2021-07-10 18:00:00+02:00;4577;10-7-2021;7;10;27;5;18;3;0
2021-07-10 19:00:00+02:00;4578;10-7-2021;7;10;27;5;19;3;0
2021-07-10 20:00:00+02:00;4579;10-7-2021;7;10;27;5;20;3;0
2021-07-10 21:00:00+02:00;4580;10-7-2021;7;10;27;5;21;3;0
2021-07-10 22:00:00+02:00;4581;10-7-2021;7;10;27;5;22;3;0
2021-07-10 23:00:00+02:00;4582;10-7-2021;7;10;27;5;23;3;0
2021-07-11 00:00:00+02:00;4583;11-7-2021;7;11;27;6;0;3;0
2021-07-11 01:00:00+02:00;4584;11-7-2021;7;11;27;6;1;3;0
2021-07-11 02:00:00+02:00;4585;11-7-2021;7;11;27;6;2;3;0
2021-07-11 03:00:00+02:00;4586;11-7-2021;7;11;27;6;3;3;0
2021-07-11 04:00:00+02:00;4587;11-7-2021;7;11;27;6;4;3;0
2021-07-11 05:00:00+02:00;4588;11-7-2021;7;11;27;6;5;3;0
2021-07-11 06:00:00+02:00;4589;11-7-2021;7;11;27;6;6;3;0
2021-07-11 07:00:00+02:00;4590;11-7-2021;7;11;27;6;7;3;0
2021-07-11 08:00:00+02:00;4591;11-7-2021;7;11;27;6;8;3;0
2021-07-11 09:00:00+02:00;4592;11-7-2021;7;11;27;6;9;3;0
2021-07-11 10:00:00+02:00;4593;11-7-2021;7;11;27;6;10;3;0
2021-07-11 11:00:00+02:00;4594;11-7-2021;7;11;27;6;11;3;0
2021-07-11 12:00:00+02:00;4595;11-7-2021;7;11;27;6;12;3;0
2021-07-11 13:00:00+02:00;4596;11-7-2021;7;11;27;6;13;3;0
2021-07-11 14:00:00+02:00;4597;11-7-2021;7;11;27;6;14;3;0
2021-07-11 15:00:00+02:00;4598;11-7-2021;7;11;27;6;15;3;0
2021-07-11 16:00:00+02:00;4599;11-7-2021;7;11;27;6;16;3;0
2021-07-11 17:00:00+02:00;4600;11-7-2021;7;11;27;6;17;3;0
2021-07-11 18:00:00+02:00;4601;11-7-2021;7;11;27;6;18;3;0
2021-07-11 19:00:00+02:00;4602;11-7-2021;7;11;27;6;19;3;0
2021-07-11 20:00:00+02:00;4603;11-7-2021;7;11;27;6;20;3;0
2021-07-11 21:00:00+02:00;4604;11-7-2021;7;11;27;6;21;3;0
2021-07-11 22:00:00+02:00;4605;11-7-2021;7;11;27;6;22;3;0
2021-07-11 23:00:00+02:00;4606;11-7-2021;7;11;27;6;23;3;0
2021-07-12 00:00:00+02:00;4607;12-7-2021;7;12;28;0;0;3;0
2021-07-12 01:00:00+02:00;4608;12-7-2021;7;12;28;0;1;3;0
2021-07-12 02:00:00+02:00;4609;12-7-2021;7;12;28;0;2;3;0
2021-07-12 03:00:00+02:00;4610;12-7-2021;7;12;28;0;3;3;0
2021-07-12 04:00:00+02:00;4611;12-7-2021;7;12;28;0;4;3;0
2021-07-12 05:00:00+02:00;4612;12-7-2021;7;12;28;0;5;3;0
2021-07-12 06:00:00+02:00;4613;12-7-2021;7;12;28;0;6;3;0
2021-07-12 07:00:00+02:00;4614;12-7-2021;7;12;28;0;7;3;0
2021-07-12 08:00:00+02:00;4615;12-7-2021;7;12;28;0;8;3;0
2021-07-12 09:00:00+02:00;4616;12-7-2021;7;12;28;0;9;3;0
2021-07-12 10:00:00+02:00;4617;12-7-2021;7;12;28;0;10;3;0
2021-07-12 11:00:00+02:00;4618;12-7-2021;7;12;28;0;11;3;0
2021-07-12 12:00:00+02:00;4619;12-7-2021;7;12;28;0;12;3;0
2021-07-12 13:00:00+02:00;4620;12-7-2021;7;12;28;0;13;3;0
2021-07-12 14:00:00+02:00;4621;12-7-2021;7;12;28;0;14;3;0
2021-07-12 15:00:00+02:00;4622;12-7-2021;7;12;28;0;15;3;0
2021-07-12 16:00:00+02:00;4623;12-7-2021;7;12;28;0;16;3;0
2021-07-12 17:00:00+02:00;4624;12-7-2021;7;12;28;0;17;3;0
2021-07-12 18:00:00+02:00;4625;12-7-2021;7;12;28;0;18;3;0
2021-07-12 19:00:00+02:00;4626;12-7-2021;7;12;28;0;19;3;0
2021-07-12 20:00:00+02:00;4627;12-7-2021;7;12;28;0;20;3;0
2021-07-12 21:00:00+02:00;4628;12-7-2021;7;12;28;0;21;3;0
2021-07-12 22:00:00+02:00;4629;12-7-2021;7;12;28;0;22;3;0
2021-07-12 23:00:00+02:00;4630;12-7-2021;7;12;28;0;23;3;0
2021-07-13 00:00:00+02:00;4631;13-7-2021;7;13;28;1;0;3;0
2021-07-13 01:00:00+02:00;4632;13-7-2021;7;13;28;1;1;3;0
2021-07-13 02:00:00+02:00;4633;13-7-2021;7;13;28;1;2;3;0
2021-07-13 03:00:00+02:00;4634;13-7-2021;7;13;28;1;3;3;0
2021-07-13 04:00:00+02:00;4635;13-7-2021;7;13;28;1;4;3;0
2021-07-13 05:00:00+02:00;4636;13-7-2021;7;13;28;1;5;3;0
2021-07-13 06:00:00+02:00;4637;13-7-2021;7;13;28;1;6;3;0
2021-07-13 07:00:00+02:00;4638;13-7-2021;7;13;28;1;7;3;0
2021-07-13 08:00:00+02:00;4639;13-7-2021;7;13;28;1;8;3;0
2021-07-13 09:00:00+02:00;4640;13-7-2021;7;13;28;1;9;3;0
2021-07-13 10:00:00+02:00;4641;13-7-2021;7;13;28;1;10;3;0
2021-07-13 11:00:00+02:00;4642;13-7-2021;7;13;28;1;11;3;0
2021-07-13 12:00:00+02:00;4643;13-7-2021;7;13;28;1;12;3;0
2021-07-13 13:00:00+02:00;4644;13-7-2021;7;13;28;1;13;3;0
2021-07-13 14:00:00+02:00;4645;13-7-2021;7;13;28;1;14;3;0
2021-07-13 15:00:00+02:00;4646;13-7-2021;7;13;28;1;15;3;0
2021-07-13 16:00:00+02:00;4647;13-7-2021;7;13;28;1;16;3;0
2021-07-13 17:00:00+02:00;4648;13-7-2021;7;13;28;1;17;3;0
2021-07-13 18:00:00+02:00;4649;13-7-2021;7;13;28;1;18;3;0
2021-07-13 19:00:00+02:00;4650;13-7-2021;7;13;28;1;19;3;0
2021-07-13 20:00:00+02:00;4651;13-7-2021;7;13;28;1;20;3;0
2021-07-13 21:00:00+02:00;4652;13-7-2021;7;13;28;1;21;3;0
2021-07-13 22:00:00+02:00;4653;13-7-2021;7;13;28;1;22;3;0
2021-07-13 23:00:00+02:00;4654;13-7-2021;7;13;28;1;23;3;0
2021-07-14 00:00:00+02:00;4655;14-7-2021;7;14;28;2;0;3;0
2021-07-14 01:00:00+02:00;4656;14-7-2021;7;14;28;2;1;3;0
2021-07-14 02:00:00+02:00;4657;14-7-2021;7;14;28;2;2;3;0
2021-07-14 03:00:00+02:00;4658;14-7-2021;7;14;28;2;3;3;0
2021-07-14 04:00:00+02:00;4659;14-7-2021;7;14;28;2;4;3;0
2021-07-14 05:00:00+02:00;4660;14-7-2021;7;14;28;2;5;3;0
2021-07-14 06:00:00+02:00;4661;14-7-2021;7;14;28;2;6;3;0
2021-07-14 07:00:00+02:00;4662;14-7-2021;7;14;28;2;7;3;0
2021-07-14 08:00:00+02:00;4663;14-7-2021;7;14;28;2;8;3;0
2021-07-14 09:00:00+02:00;4664;14-7-2021;7;14;28;2;9;3;0
2021-07-14 10:00:00+02:00;4665;14-7-2021;7;14;28;2;10;3;0
2021-07-14 11:00:00+02:00;4666;14-7-2021;7;14;28;2;11;3;0
2021-07-14 12:00:00+02:00;4667;14-7-2021;7;14;28;2;12;3;0
2021-07-14 13:00:00+02:00;4668;14-7-2021;7;14;28;2;13;3;0
2021-07-14 14:00:00+02:00;4669;14-7-2021;7;14;28;2;14;3;0
2021-07-14 15:00:00+02:00;4670;14-7-2021;7;14;28;2;15;3;0
2021-07-14 16:00:00+02:00;4671;14-7-2021;7;14;28;2;16;3;0
2021-07-14 17:00:00+02:00;4672;14-7-2021;7;14;28;2;17;3;0
2021-07-14 18:00:00+02:00;4673;14-7-2021;7;14;28;2;18;3;0
2021-07-14 19:00:00+02:00;4674;14-7-2021;7;14;28;2;19;3;0
2021-07-14 20:00:00+02:00;4675;14-7-2021;7;14;28;2;20;3;0
2021-07-14 21:00:00+02:00;4676;14-7-2021;7;14;28;2;21;3;0
2021-07-14 22:00:00+02:00;4677;14-7-2021;7;14;28;2;22;3;0
2021-07-14 23:00:00+02:00;4678;14-7-2021;7;14;28;2;23;3;0
2021-07-15 00:00:00+02:00;4679;15-7-2021;7;15;28;3;0;3;0
2021-07-15 01:00:00+02:00;4680;15-7-2021;7;15;28;3;1;3;0
2021-07-15 02:00:00+02:00;4681;15-7-2021;7;15;28;3;2;3;0
2021-07-15 03:00:00+02:00;4682;15-7-2021;7;15;28;3;3;3;0
2021-07-15 04:00:00+02:00;4683;15-7-2021;7;15;28;3;4;3;0
2021-07-15 05:00:00+02:00;4684;15-7-2021;7;15;28;3;5;3;0
2021-07-15 06:00:00+02:00;4685;15-7-2021;7;15;28;3;6;3;0
2021-07-15 07:00:00+02:00;4686;15-7-2021;7;15;28;3;7;3;0
2021-07-15 08:00:00+02:00;4687;15-7-2021;7;15;28;3;8;3;0
2021-07-15 09:00:00+02:00;4688;15-7-2021;7;15;28;3;9;3;0
2021-07-15 10:00:00+02:00;4689;15-7-2021;7;15;28;3;10;3;0
2021-07-15 11:00:00+02:00;4690;15-7-2021;7;15;28;3;11;3;0
2021-07-15 12:00:00+02:00;4691;15-7-2021;7;15;28;3;12;3;0
2021-07-15 13:00:00+02:00;4692;15-7-2021;7;15;28;3;13;3;0
2021-07-15 14:00:00+02:00;4693;15-7-2021;7;15;28;3;14;3;0
2021-07-15 15:00:00+02:00;4694;15-7-2021;7;15;28;3;15;3;0
2021-07-15 16:00:00+02:00;4695;15-7-2021;7;15;28;3;16;3;0
2021-07-15 17:00:00+02:00;4696;15-7-2021;7;15;28;3;17;3;0
2021-07-15 18:00:00+02:00;4697;15-7-2021;7;15;28;3;18;3;0
2021-07-15 19:00:00+02:00;4698;15-7-2021;7;15;28;3;19;3;0
2021-07-15 20:00:00+02:00;4699;15-7-2021;7;15;28;3;20;3;0
2021-07-15 21:00:00+02:00;4700;15-7-2021;7;15;28;3;21;3;0
2021-07-15 22:00:00+02:00;4701;15-7-2021;7;15;28;3;22;3;0
2021-07-15 23:00:00+02:00;4702;15-7-2021;7;15;28;3;23;3;0
2021-07-16 00:00:00+02:00;4703;16-7-2021;7;16;28;4;0;3;0
2021-07-16 01:00:00+02:00;4704;16-7-2021;7;16;28;4;1;3;0
2021-07-16 02:00:00+02:00;4705;16-7-2021;7;16;28;4;2;3;0
2021-07-16 03:00:00+02:00;4706;16-7-2021;7;16;28;4;3;3;0
2021-07-16 04:00:00+02:00;4707;16-7-2021;7;16;28;4;4;3;0
2021-07-16 05:00:00+02:00;4708;16-7-2021;7;16;28;4;5;3;0
2021-07-16 06:00:00+02:00;4709;16-7-2021;7;16;28;4;6;3;0
2021-07-16 07:00:00+02:00;4710;16-7-2021;7;16;28;4;7;3;0
2021-07-16 08:00:00+02:00;4711;16-7-2021;7;16;28;4;8;3;0
2021-07-16 09:00:00+02:00;4712;16-7-2021;7;16;28;4;9;3;0
2021-07-16 10:00:00+02:00;4713;16-7-2021;7;16;28;4;10;3;0
2021-07-16 11:00:00+02:00;4714;16-7-2021;7;16;28;4;11;3;0
2021-07-16 12:00:00+02:00;4715;16-7-2021;7;16;28;4;12;3;0
2021-07-16 13:00:00+02:00;4716;16-7-2021;7;16;28;4;13;3;0
2021-07-16 14:00:00+02:00;4717;16-7-2021;7;16;28;4;14;3;0
2021-07-16 15:00:00+02:00;4718;16-7-2021;7;16;28;4;15;3;0
2021-07-16 16:00:00+02:00;4719;16-7-2021;7;16;28;4;16;3;0
2021-07-16 17:00:00+02:00;4720;16-7-2021;7;16;28;4;17;3;0
2021-07-16 18:00:00+02:00;4721;16-7-2021;7;16;28;4;18;3;0
2021-07-16 19:00:00+02:00;4722;16-7-2021;7;16;28;4;19;3;0
2021-07-16 20:00:00+02:00;4723;16-7-2021;7;16;28;4;20;3;0
2021-07-16 21:00:00+02:00;4724;16-7-2021;7;16;28;4;21;3;0
2021-07-16 22:00:00+02:00;4725;16-7-2021;7;16;28;4;22;3;0
2021-07-16 23:00:00+02:00;4726;16-7-2021;7;16;28;4;23;3;0
2021-07-17 00:00:00+02:00;4727;17-7-2021;7;17;28;5;0;3;0
2021-07-17 01:00:00+02:00;4728;17-7-2021;7;17;28;5;1;3;0
2021-07-17 02:00:00+02:00;4729;17-7-2021;7;17;28;5;2;3;0
2021-07-17 03:00:00+02:00;4730;17-7-2021;7;17;28;5;3;3;0
2021-07-17 04:00:00+02:00;4731;17-7-2021;7;17;28;5;4;3;0
2021-07-17 05:00:00+02:00;4732;17-7-2021;7;17;28;5;5;3;0
2021-07-17 06:00:00+02:00;4733;17-7-2021;7;17;28;5;6;3;0
2021-07-17 07:00:00+02:00;4734;17-7-2021;7;17;28;5;7;3;0
2021-07-17 08:00:00+02:00;4735;17-7-2021;7;17;28;5;8;3;0
2021-07-17 09:00:00+02:00;4736;17-7-2021;7;17;28;5;9;3;0
2021-07-17 10:00:00+02:00;4737;17-7-2021;7;17;28;5;10;3;0
2021-07-17 11:00:00+02:00;4738;17-7-2021;7;17;28;5;11;3;0
2021-07-17 12:00:00+02:00;4739;17-7-2021;7;17;28;5;12;3;0
2021-07-17 13:00:00+02:00;4740;17-7-2021;7;17;28;5;13;3;0
2021-07-17 14:00:00+02:00;4741;17-7-2021;7;17;28;5;14;3;0
2021-07-17 15:00:00+02:00;4742;17-7-2021;7;17;28;5;15;3;0
2021-07-17 16:00:00+02:00;4743;17-7-2021;7;17;28;5;16;3;0
2021-07-17 17:00:00+02:00;4744;17-7-2021;7;17;28;5;17;3;0
2021-07-17 18:00:00+02:00;4745;17-7-2021;7;17;28;5;18;3;0
2021-07-17 19:00:00+02:00;4746;17-7-2021;7;17;28;5;19;3;0
2021-07-17 20:00:00+02:00;4747;17-7-2021;7;17;28;5;20;3;0
2021-07-17 21:00:00+02:00;4748;17-7-2021;7;17;28;5;21;3;0
2021-07-17 22:00:00+02:00;4749;17-7-2021;7;17;28;5;22;3;0
2021-07-17 23:00:00+02:00;4750;17-7-2021;7;17;28;5;23;3;0
2021-07-18 00:00:00+02:00;4751;18-7-2021;7;18;28;6;0;3;0
2021-07-18 01:00:00+02:00;4752;18-7-2021;7;18;28;6;1;3;0
2021-07-18 02:00:00+02:00;4753;18-7-2021;7;18;28;6;2;3;0
2021-07-18 03:00:00+02:00;4754;18-7-2021;7;18;28;6;3;3;0
2021-07-18 04:00:00+02:00;4755;18-7-2021;7;18;28;6;4;3;0
2021-07-18 05:00:00+02:00;4756;18-7-2021;7;18;28;6;5;3;0
2021-07-18 06:00:00+02:00;4757;18-7-2021;7;18;28;6;6;3;0
2021-07-18 07:00:00+02:00;4758;18-7-2021;7;18;28;6;7;3;0
2021-07-18 08:00:00+02:00;4759;18-7-2021;7;18;28;6;8;3;0
2021-07-18 09:00:00+02:00;4760;18-7-2021;7;18;28;6;9;3;0
2021-07-18 10:00:00+02:00;4761;18-7-2021;7;18;28;6;10;3;0
2021-07-18 11:00:00+02:00;4762;18-7-2021;7;18;28;6;11;3;0
2021-07-18 12:00:00+02:00;4763;18-7-2021;7;18;28;6;12;3;0
2021-07-18 13:00:00+02:00;4764;18-7-2021;7;18;28;6;13;3;0
2021-07-18 14:00:00+02:00;4765;18-7-2021;7;18;28;6;14;3;0
2021-07-18 15:00:00+02:00;4766;18-7-2021;7;18;28;6;15;3;0
2021-07-18 16:00:00+02:00;4767;18-7-2021;7;18;28;6;16;3;0
2021-07-18 17:00:00+02:00;4768;18-7-2021;7;18;28;6;17;3;0
2021-07-18 18:00:00+02:00;4769;18-7-2021;7;18;28;6;18;3;0
2021-07-18 19:00:00+02:00;4770;18-7-2021;7;18;28;6;19;3;0
2021-07-18 20:00:00+02:00;4771;18-7-2021;7;18;28;6;20;3;0
2021-07-18 21:00:00+02:00;4772;18-7-2021;7;18;28;6;21;3;0
2021-07-18 22:00:00+02:00;4773;18-7-2021;7;18;28;6;22;3;0
2021-07-18 23:00:00+02:00;4774;18-7-2021;7;18;28;6;23;3;0
2021-07-19 00:00:00+02:00;4775;19-7-2021;7;19;29;0;0;3;0
2021-07-19 01:00:00+02:00;4776;19-7-2021;7;19;29;0;1;3;0
2021-07-19 02:00:00+02:00;4777;19-7-2021;7;19;29;0;2;3;0
2021-07-19 03:00:00+02:00;4778;19-7-2021;7;19;29;0;3;3;0
2021-07-19 04:00:00+02:00;4779;19-7-2021;7;19;29;0;4;3;0
2021-07-19 05:00:00+02:00;4780;19-7-2021;7;19;29;0;5;3;0
2021-07-19 06:00:00+02:00;4781;19-7-2021;7;19;29;0;6;3;0
2021-07-19 07:00:00+02:00;4782;19-7-2021;7;19;29;0;7;3;0
2021-07-19 08:00:00+02:00;4783;19-7-2021;7;19;29;0;8;3;0
2021-07-19 09:00:00+02:00;4784;19-7-2021;7;19;29;0;9;3;0
2021-07-19 10:00:00+02:00;4785;19-7-2021;7;19;29;0;10;3;0
2021-07-19 11:00:00+02:00;4786;19-7-2021;7;19;29;0;11;3;0
2021-07-19 12:00:00+02:00;4787;19-7-2021;7;19;29;0;12;3;0
2021-07-19 13:00:00+02:00;4788;19-7-2021;7;19;29;0;13;3;0
2021-07-19 14:00:00+02:00;4789;19-7-2021;7;19;29;0;14;3;0
2021-07-19 15:00:00+02:00;4790;19-7-2021;7;19;29;0;15;3;0
2021-07-19 16:00:00+02:00;4791;19-7-2021;7;19;29;0;16;3;0
2021-07-19 17:00:00+02:00;4792;19-7-2021;7;19;29;0;17;3;0
2021-07-19 18:00:00+02:00;4793;19-7-2021;7;19;29;0;18;3;0
2021-07-19 19:00:00+02:00;4794;19-7-2021;7;19;29;0;19;3;0
2021-07-19 20:00:00+02:00;4795;19-7-2021;7;19;29;0;20;3;0
2021-07-19 21:00:00+02:00;4796;19-7-2021;7;19;29;0;21;3;0
2021-07-19 22:00:00+02:00;4797;19-7-2021;7;19;29;0;22;3;0
2021-07-19 23:00:00+02:00;4798;19-7-2021;7;19;29;0;23;3;0
2021-07-20 00:00:00+02:00;4799;20-7-2021;7;20;29;1;0;3;0
2021-07-20 01:00:00+02:00;4800;20-7-2021;7;20;29;1;1;3;0
2021-07-20 02:00:00+02:00;4801;20-7-2021;7;20;29;1;2;3;0
2021-07-20 03:00:00+02:00;4802;20-7-2021;7;20;29;1;3;3;0
2021-07-20 04:00:00+02:00;4803;20-7-2021;7;20;29;1;4;3;0
2021-07-20 05:00:00+02:00;4804;20-7-2021;7;20;29;1;5;3;0
2021-07-20 06:00:00+02:00;4805;20-7-2021;7;20;29;1;6;3;0
2021-07-20 07:00:00+02:00;4806;20-7-2021;7;20;29;1;7;3;0
2021-07-20 08:00:00+02:00;4807;20-7-2021;7;20;29;1;8;3;0
2021-07-20 09:00:00+02:00;4808;20-7-2021;7;20;29;1;9;3;0
2021-07-20 10:00:00+02:00;4809;20-7-2021;7;20;29;1;10;3;0
2021-07-20 11:00:00+02:00;4810;20-7-2021;7;20;29;1;11;3;0
2021-07-20 12:00:00+02:00;4811;20-7-2021;7;20;29;1;12;3;0
2021-07-20 13:00:00+02:00;4812;20-7-2021;7;20;29;1;13;3;0
2021-07-20 14:00:00+02:00;4813;20-7-2021;7;20;29;1;14;3;0
2021-07-20 15:00:00+02:00;4814;20-7-2021;7;20;29;1;15;3;0
2021-07-20 16:00:00+02:00;4815;20-7-2021;7;20;29;1;16;3;0
2021-07-20 17:00:00+02:00;4816;20-7-2021;7;20;29;1;17;3;0
2021-07-20 18:00:00+02:00;4817;20-7-2021;7;20;29;1;18;3;0
2021-07-20 19:00:00+02:00;4818;20-7-2021;7;20;29;1;19;3;0
2021-07-20 20:00:00+02:00;4819;20-7-2021;7;20;29;1;20;3;0
2021-07-20 21:00:00+02:00;4820;20-7-2021;7;20;29;1;21;3;0
2021-07-20 22:00:00+02:00;4821;20-7-2021;7;20;29;1;22;3;0
2021-07-20 23:00:00+02:00;4822;20-7-2021;7;20;29;1;23;3;0
2021-07-21 00:00:00+02:00;4823;21-7-2021;7;21;29;2;0;3;0
2021-07-21 01:00:00+02:00;4824;21-7-2021;7;21;29;2;1;3;0
2021-07-21 02:00:00+02:00;4825;21-7-2021;7;21;29;2;2;3;0
2021-07-21 03:00:00+02:00;4826;21-7-2021;7;21;29;2;3;3;0
2021-07-21 04:00:00+02:00;4827;21-7-2021;7;21;29;2;4;3;0
2021-07-21 05:00:00+02:00;4828;21-7-2021;7;21;29;2;5;3;0
2021-07-21 06:00:00+02:00;4829;21-7-2021;7;21;29;2;6;3;0
2021-07-21 07:00:00+02:00;4830;21-7-2021;7;21;29;2;7;3;0
2021-07-21 08:00:00+02:00;4831;21-7-2021;7;21;29;2;8;3;0
2021-07-21 09:00:00+02:00;4832;21-7-2021;7;21;29;2;9;3;0
2021-07-21 10:00:00+02:00;4833;21-7-2021;7;21;29;2;10;3;0
2021-07-21 11:00:00+02:00;4834;21-7-2021;7;21;29;2;11;3;0
2021-07-21 12:00:00+02:00;4835;21-7-2021;7;21;29;2;12;3;0
2021-07-21 13:00:00+02:00;4836;21-7-2021;7;21;29;2;13;3;0
2021-07-21 14:00:00+02:00;4837;21-7-2021;7;21;29;2;14;3;0
2021-07-21 15:00:00+02:00;4838;21-7-2021;7;21;29;2;15;3;0
2021-07-21 16:00:00+02:00;4839;21-7-2021;7;21;29;2;16;3;0
2021-07-21 17:00:00+02:00;4840;21-7-2021;7;21;29;2;17;3;0
2021-07-21 18:00:00+02:00;4841;21-7-2021;7;21;29;2;18;3;0
2021-07-21 19:00:00+02:00;4842;21-7-2021;7;21;29;2;19;3;0
2021-07-21 20:00:00+02:00;4843;21-7-2021;7;21;29;2;20;3;0
2021-07-21 21:00:00+02:00;4844;21-7-2021;7;21;29;2;21;3;0
2021-07-21 22:00:00+02:00;4845;21-7-2021;7;21;29;2;22;3;0
2021-07-21 23:00:00+02:00;4846;21-7-2021;7;21;29;2;23;3;0
2021-07-22 00:00:00+02:00;4847;22-7-2021;7;22;29;3;0;3;0
2021-07-22 01:00:00+02:00;4848;22-7-2021;7;22;29;3;1;3;0
2021-07-22 02:00:00+02:00;4849;22-7-2021;7;22;29;3;2;3;0
2021-07-22 03:00:00+02:00;4850;22-7-2021;7;22;29;3;3;3;0
2021-07-22 04:00:00+02:00;4851;22-7-2021;7;22;29;3;4;3;0
2021-07-22 05:00:00+02:00;4852;22-7-2021;7;22;29;3;5;3;0
2021-07-22 06:00:00+02:00;4853;22-7-2021;7;22;29;3;6;3;0
2021-07-22 07:00:00+02:00;4854;22-7-2021;7;22;29;3;7;3;0
2021-07-22 08:00:00+02:00;4855;22-7-2021;7;22;29;3;8;3;0
2021-07-22 09:00:00+02:00;4856;22-7-2021;7;22;29;3;9;3;0
2021-07-22 10:00:00+02:00;4857;22-7-2021;7;22;29;3;10;3;0
2021-07-22 11:00:00+02:00;4858;22-7-2021;7;22;29;3;11;3;0
2021-07-22 12:00:00+02:00;4859;22-7-2021;7;22;29;3;12;3;0
2021-07-22 13:00:00+02:00;4860;22-7-2021;7;22;29;3;13;3;0
2021-07-22 14:00:00+02:00;4861;22-7-2021;7;22;29;3;14;3;0
2021-07-22 15:00:00+02:00;4862;22-7-2021;7;22;29;3;15;3;0
2021-07-22 16:00:00+02:00;4863;22-7-2021;7;22;29;3;16;3;0
2021-07-22 17:00:00+02:00;4864;22-7-2021;7;22;29;3;17;3;0
2021-07-22 18:00:00+02:00;4865;22-7-2021;7;22;29;3;18;3;0
2021-07-22 19:00:00+02:00;4866;22-7-2021;7;22;29;3;19;3;0
2021-07-22 20:00:00+02:00;4867;22-7-2021;7;22;29;3;20;3;0
2021-07-22 21:00:00+02:00;4868;22-7-2021;7;22;29;3;21;3;0
2021-07-22 22:00:00+02:00;4869;22-7-2021;7;22;29;3;22;3;0
2021-07-22 23:00:00+02:00;4870;22-7-2021;7;22;29;3;23;3;0
2021-07-23 00:00:00+02:00;4871;23-7-2021;7;23;29;4;0;3;0
2021-07-23 01:00:00+02:00;4872;23-7-2021;7;23;29;4;1;3;0
2021-07-23 02:00:00+02:00;4873;23-7-2021;7;23;29;4;2;3;0
2021-07-23 03:00:00+02:00;4874;23-7-2021;7;23;29;4;3;3;0
2021-07-23 04:00:00+02:00;4875;23-7-2021;7;23;29;4;4;3;0
2021-07-23 05:00:00+02:00;4876;23-7-2021;7;23;29;4;5;3;0
2021-07-23 06:00:00+02:00;4877;23-7-2021;7;23;29;4;6;3;0
2021-07-23 07:00:00+02:00;4878;23-7-2021;7;23;29;4;7;3;0
2021-07-23 08:00:00+02:00;4879;23-7-2021;7;23;29;4;8;3;0
2021-07-23 09:00:00+02:00;4880;23-7-2021;7;23;29;4;9;3;0
2021-07-23 10:00:00+02:00;4881;23-7-2021;7;23;29;4;10;3;0
2021-07-23 11:00:00+02:00;4882;23-7-2021;7;23;29;4;11;3;0
2021-07-23 12:00:00+02:00;4883;23-7-2021;7;23;29;4;12;3;0
2021-07-23 13:00:00+02:00;4884;23-7-2021;7;23;29;4;13;3;0
2021-07-23 14:00:00+02:00;4885;23-7-2021;7;23;29;4;14;3;0
2021-07-23 15:00:00+02:00;4886;23-7-2021;7;23;29;4;15;3;0
2021-07-23 16:00:00+02:00;4887;23-7-2021;7;23;29;4;16;3;0
2021-07-23 17:00:00+02:00;4888;23-7-2021;7;23;29;4;17;3;0
2021-07-23 18:00:00+02:00;4889;23-7-2021;7;23;29;4;18;3;0
2021-07-23 19:00:00+02:00;4890;23-7-2021;7;23;29;4;19;3;0
2021-07-23 20:00:00+02:00;4891;23-7-2021;7;23;29;4;20;3;0
2021-07-23 21:00:00+02:00;4892;23-7-2021;7;23;29;4;21;3;0
2021-07-23 22:00:00+02:00;4893;23-7-2021;7;23;29;4;22;3;0
2021-07-23 23:00:00+02:00;4894;23-7-2021;7;23;29;4;23;3;0
2021-07-24 00:00:00+02:00;4895;24-7-2021;7;24;29;5;0;3;0
2021-07-24 01:00:00+02:00;4896;24-7-2021;7;24;29;5;1;3;0
2021-07-24 02:00:00+02:00;4897;24-7-2021;7;24;29;5;2;3;0
2021-07-24 03:00:00+02:00;4898;24-7-2021;7;24;29;5;3;3;0
2021-07-24 04:00:00+02:00;4899;24-7-2021;7;24;29;5;4;3;0
2021-07-24 05:00:00+02:00;4900;24-7-2021;7;24;29;5;5;3;0
2021-07-24 06:00:00+02:00;4901;24-7-2021;7;24;29;5;6;3;0
2021-07-24 07:00:00+02:00;4902;24-7-2021;7;24;29;5;7;3;0
2021-07-24 08:00:00+02:00;4903;24-7-2021;7;24;29;5;8;3;0
2021-07-24 09:00:00+02:00;4904;24-7-2021;7;24;29;5;9;3;0
2021-07-24 10:00:00+02:00;4905;24-7-2021;7;24;29;5;10;3;0
2021-07-24 11:00:00+02:00;4906;24-7-2021;7;24;29;5;11;3;0
2021-07-24 12:00:00+02:00;4907;24-7-2021;7;24;29;5;12;3;0
2021-07-24 13:00:00+02:00;4908;24-7-2021;7;24;29;5;13;3;0
2021-07-24 14:00:00+02:00;4909;24-7-2021;7;24;29;5;14;3;0
2021-07-24 15:00:00+02:00;4910;24-7-2021;7;24;29;5;15;3;0
2021-07-24 16:00:00+02:00;4911;24-7-2021;7;24;29;5;16;3;0
2021-07-24 17:00:00+02:00;4912;24-7-2021;7;24;29;5;17;3;0
2021-07-24 18:00:00+02:00;4913;24-7-2021;7;24;29;5;18;3;0
2021-07-24 19:00:00+02:00;4914;24-7-2021;7;24;29;5;19;3;0
2021-07-24 20:00:00+02:00;4915;24-7-2021;7;24;29;5;20;3;0
2021-07-24 21:00:00+02:00;4916;24-7-2021;7;24;29;5;21;3;0
2021-07-24 22:00:00+02:00;4917;24-7-2021;7;24;29;5;22;3;0
2021-07-24 23:00:00+02:00;4918;24-7-2021;7;24;29;5;23;3;0
2021-07-25 00:00:00+02:00;4919;25-7-2021;7;25;29;6;0;3;0
2021-07-25 01:00:00+02:00;4920;25-7-2021;7;25;29;6;1;3;0
2021-07-25 02:00:00+02:00;4921;25-7-2021;7;25;29;6;2;3;0
2021-07-25 03:00:00+02:00;4922;25-7-2021;7;25;29;6;3;3;0
2021-07-25 04:00:00+02:00;4923;25-7-2021;7;25;29;6;4;3;0
2021-07-25 05:00:00+02:00;4924;25-7-2021;7;25;29;6;5;3;0
2021-07-25 06:00:00+02:00;4925;25-7-2021;7;25;29;6;6;3;0
2021-07-25 07:00:00+02:00;4926;25-7-2021;7;25;29;6;7;3;0
2021-07-25 08:00:00+02:00;4927;25-7-2021;7;25;29;6;8;3;0
2021-07-25 09:00:00+02:00;4928;25-7-2021;7;25;29;6;9;3;0
2021-07-25 10:00:00+02:00;4929;25-7-2021;7;25;29;6;10;3;0
2021-07-25 11:00:00+02:00;4930;25-7-2021;7;25;29;6;11;3;0
2021-07-25 12:00:00+02:00;4931;25-7-2021;7;25;29;6;12;3;0
2021-07-25 13:00:00+02:00;4932;25-7-2021;7;25;29;6;13;3;0
2021-07-25 14:00:00+02:00;4933;25-7-2021;7;25;29;6;14;3;0
2021-07-25 15:00:00+02:00;4934;25-7-2021;7;25;29;6;15;3;0
2021-07-25 16:00:00+02:00;4935;25-7-2021;7;25;29;6;16;3;0
2021-07-25 17:00:00+02:00;4936;25-7-2021;7;25;29;6;17;3;0
2021-07-25 18:00:00+02:00;4937;25-7-2021;7;25;29;6;18;3;0
2021-07-25 19:00:00+02:00;4938;25-7-2021;7;25;29;6;19;3;0
2021-07-25 20:00:00+02:00;4939;25-7-2021;7;25;29;6;20;3;0
2021-07-25 21:00:00+02:00;4940;25-7-2021;7;25;29;6;21;3;0
2021-07-25 22:00:00+02:00;4941;25-7-2021;7;25;29;6;22;3;0
2021-07-25 23:00:00+02:00;4942;25-7-2021;7;25;29;6;23;3;0
2021-07-26 00:00:00+02:00;4943;26-7-2021;7;26;30;0;0;3;0
2021-07-26 01:00:00+02:00;4944;26-7-2021;7;26;30;0;1;3;0
2021-07-26 02:00:00+02:00;4945;26-7-2021;7;26;30;0;2;3;0
2021-07-26 03:00:00+02:00;4946;26-7-2021;7;26;30;0;3;3;0
2021-07-26 04:00:00+02:00;4947;26-7-2021;7;26;30;0;4;3;0
2021-07-26 05:00:00+02:00;4948;26-7-2021;7;26;30;0;5;3;0
2021-07-26 06:00:00+02:00;4949;26-7-2021;7;26;30;0;6;3;0
2021-07-26 07:00:00+02:00;4950;26-7-2021;7;26;30;0;7;3;0
2021-07-26 08:00:00+02:00;4951;26-7-2021;7;26;30;0;8;3;0
2021-07-26 09:00:00+02:00;4952;26-7-2021;7;26;30;0;9;3;0
2021-07-26 10:00:00+02:00;4953;26-7-2021;7;26;30;0;10;3;0
2021-07-26 11:00:00+02:00;4954;26-7-2021;7;26;30;0;11;3;0
2021-07-26 12:00:00+02:00;4955;26-7-2021;7;26;30;0;12;3;0
2021-07-26 13:00:00+02:00;4956;26-7-2021;7;26;30;0;13;3;0
2021-07-26 14:00:00+02:00;4957;26-7-2021;7;26;30;0;14;3;0
2021-07-26 15:00:00+02:00;4958;26-7-2021;7;26;30;0;15;3;0
2021-07-26 16:00:00+02:00;4959;26-7-2021;7;26;30;0;16;3;0
2021-07-26 17:00:00+02:00;4960;26-7-2021;7;26;30;0;17;3;0
2021-07-26 18:00:00+02:00;4961;26-7-2021;7;26;30;0;18;3;0
2021-07-26 19:00:00+02:00;4962;26-7-2021;7;26;30;0;19;3;0
2021-07-26 20:00:00+02:00;4963;26-7-2021;7;26;30;0;20;3;0
2021-07-26 21:00:00+02:00;4964;26-7-2021;7;26;30;0;21;3;0
2021-07-26 22:00:00+02:00;4965;26-7-2021;7;26;30;0;22;3;0
2021-07-26 23:00:00+02:00;4966;26-7-2021;7;26;30;0;23;3;0
2021-07-27 00:00:00+02:00;4967;27-7-2021;7;27;30;1;0;3;0
2021-07-27 01:00:00+02:00;4968;27-7-2021;7;27;30;1;1;3;0
2021-07-27 02:00:00+02:00;4969;27-7-2021;7;27;30;1;2;3;0
2021-07-27 03:00:00+02:00;4970;27-7-2021;7;27;30;1;3;3;0
2021-07-27 04:00:00+02:00;4971;27-7-2021;7;27;30;1;4;3;0
2021-07-27 05:00:00+02:00;4972;27-7-2021;7;27;30;1;5;3;0
2021-07-27 06:00:00+02:00;4973;27-7-2021;7;27;30;1;6;3;0
2021-07-27 07:00:00+02:00;4974;27-7-2021;7;27;30;1;7;3;0
2021-07-27 08:00:00+02:00;4975;27-7-2021;7;27;30;1;8;3;0
2021-07-27 09:00:00+02:00;4976;27-7-2021;7;27;30;1;9;3;0
2021-07-27 10:00:00+02:00;4977;27-7-2021;7;27;30;1;10;3;0
2021-07-27 11:00:00+02:00;4978;27-7-2021;7;27;30;1;11;3;0
2021-07-27 12:00:00+02:00;4979;27-7-2021;7;27;30;1;12;3;0
2021-07-27 13:00:00+02:00;4980;27-7-2021;7;27;30;1;13;3;0
2021-07-27 14:00:00+02:00;4981;27-7-2021;7;27;30;1;14;3;0
2021-07-27 15:00:00+02:00;4982;27-7-2021;7;27;30;1;15;3;0
2021-07-27 16:00:00+02:00;4983;27-7-2021;7;27;30;1;16;3;0
2021-07-27 17:00:00+02:00;4984;27-7-2021;7;27;30;1;17;3;0
2021-07-27 18:00:00+02:00;4985;27-7-2021;7;27;30;1;18;3;0
2021-07-27 19:00:00+02:00;4986;27-7-2021;7;27;30;1;19;3;0
2021-07-27 20:00:00+02:00;4987;27-7-2021;7;27;30;1;20;3;0
2021-07-27 21:00:00+02:00;4988;27-7-2021;7;27;30;1;21;3;0
2021-07-27 22:00:00+02:00;4989;27-7-2021;7;27;30;1;22;3;0
2021-07-27 23:00:00+02:00;4990;27-7-2021;7;27;30;1;23;3;0
2021-07-28 00:00:00+02:00;4991;28-7-2021;7;28;30;2;0;3;0
2021-07-28 01:00:00+02:00;4992;28-7-2021;7;28;30;2;1;3;0
2021-07-28 02:00:00+02:00;4993;28-7-2021;7;28;30;2;2;3;0
2021-07-28 03:00:00+02:00;4994;28-7-2021;7;28;30;2;3;3;0
2021-07-28 04:00:00+02:00;4995;28-7-2021;7;28;30;2;4;3;0
2021-07-28 05:00:00+02:00;4996;28-7-2021;7;28;30;2;5;3;0
2021-07-28 06:00:00+02:00;4997;28-7-2021;7;28;30;2;6;3;0
2021-07-28 07:00:00+02:00;4998;28-7-2021;7;28;30;2;7;3;0
2021-07-28 08:00:00+02:00;4999;28-7-2021;7;28;30;2;8;3;0
2021-07-28 09:00:00+02:00;5000;28-7-2021;7;28;30;2;9;3;0
2021-07-28 10:00:00+02:00;5001;28-7-2021;7;28;30;2;10;3;0
2021-07-28 11:00:00+02:00;5002;28-7-2021;7;28;30;2;11;3;0
2021-07-28 12:00:00+02:00;5003;28-7-2021;7;28;30;2;12;3;0
2021-07-28 13:00:00+02:00;5004;28-7-2021;7;28;30;2;13;3;0
2021-07-28 14:00:00+02:00;5005;28-7-2021;7;28;30;2;14;3;0
2021-07-28 15:00:00+02:00;5006;28-7-2021;7;28;30;2;15;3;0
2021-07-28 16:00:00+02:00;5007;28-7-2021;7;28;30;2;16;3;0
2021-07-28 17:00:00+02:00;5008;28-7-2021;7;28;30;2;17;3;0
2021-07-28 18:00:00+02:00;5009;28-7-2021;7;28;30;2;18;3;0
2021-07-28 19:00:00+02:00;5010;28-7-2021;7;28;30;2;19;3;0
2021-07-28 20:00:00+02:00;5011;28-7-2021;7;28;30;2;20;3;0
2021-07-28 21:00:00+02:00;5012;28-7-2021;7;28;30;2;21;3;0
2021-07-28 22:00:00+02:00;5013;28-7-2021;7;28;30;2;22;3;0
2021-07-28 23:00:00+02:00;5014;28-7-2021;7;28;30;2;23;3;0
2021-07-29 00:00:00+02:00;5015;29-7-2021;7;29;30;3;0;3;0
2021-07-29 01:00:00+02:00;5016;29-7-2021;7;29;30;3;1;3;0
2021-07-29 02:00:00+02:00;5017;29-7-2021;7;29;30;3;2;3;0
2021-07-29 03:00:00+02:00;5018;29-7-2021;7;29;30;3;3;3;0
2021-07-29 04:00:00+02:00;5019;29-7-2021;7;29;30;3;4;3;0
2021-07-29 05:00:00+02:00;5020;29-7-2021;7;29;30;3;5;3;0
2021-07-29 06:00:00+02:00;5021;29-7-2021;7;29;30;3;6;3;0
2021-07-29 07:00:00+02:00;5022;29-7-2021;7;29;30;3;7;3;0
2021-07-29 08:00:00+02:00;5023;29-7-2021;7;29;30;3;8;3;0
2021-07-29 09:00:00+02:00;5024;29-7-2021;7;29;30;3;9;3;0
2021-07-29 10:00:00+02:00;5025;29-7-2021;7;29;30;3;10;3;0
2021-07-29 11:00:00+02:00;5026;29-7-2021;7;29;30;3;11;3;0
2021-07-29 12:00:00+02:00;5027;29-7-2021;7;29;30;3;12;3;0
2021-07-29 13:00:00+02:00;5028;29-7-2021;7;29;30;3;13;3;0
2021-07-29 14:00:00+02:00;5029;29-7-2021;7;29;30;3;14;3;0
2021-07-29 15:00:00+02:00;5030;29-7-2021;7;29;30;3;15;3;0
2021-07-29 16:00:00+02:00;5031;29-7-2021;7;29;30;3;16;3;0
2021-07-29 17:00:00+02:00;5032;29-7-2021;7;29;30;3;17;3;0
2021-07-29 18:00:00+02:00;5033;29-7-2021;7;29;30;3;18;3;0
2021-07-29 19:00:00+02:00;5034;29-7-2021;7;29;30;3;19;3;0
2021-07-29 20:00:00+02:00;5035;29-7-2021;7;29;30;3;20;3;0
2021-07-29 21:00:00+02:00;5036;29-7-2021;7;29;30;3;21;3;0
2021-07-29 22:00:00+02:00;5037;29-7-2021;7;29;30;3;22;3;0
2021-07-29 23:00:00+02:00;5038;29-7-2021;7;29;30;3;23;3;0
2021-07-30 00:00:00+02:00;5039;30-7-2021;7;30;30;4;0;3;0
2021-07-30 01:00:00+02:00;5040;30-7-2021;7;30;30;4;1;3;0
2021-07-30 02:00:00+02:00;5041;30-7-2021;7;30;30;4;2;3;0
2021-07-30 03:00:00+02:00;5042;30-7-2021;7;30;30;4;3;3;0
2021-07-30 04:00:00+02:00;5043;30-7-2021;7;30;30;4;4;3;0
2021-07-30 05:00:00+02:00;5044;30-7-2021;7;30;30;4;5;3;0
2021-07-30 06:00:00+02:00;5045;30-7-2021;7;30;30;4;6;3;0
2021-07-30 07:00:00+02:00;5046;30-7-2021;7;30;30;4;7;3;0
2021-07-30 08:00:00+02:00;5047;30-7-2021;7;30;30;4;8;3;0
2021-07-30 09:00:00+02:00;5048;30-7-2021;7;30;30;4;9;3;0
2021-07-30 10:00:00+02:00;5049;30-7-2021;7;30;30;4;10;3;0
2021-07-30 11:00:00+02:00;5050;30-7-2021;7;30;30;4;11;3;0
2021-07-30 12:00:00+02:00;5051;30-7-2021;7;30;30;4;12;3;0
2021-07-30 13:00:00+02:00;5052;30-7-2021;7;30;30;4;13;3;0
2021-07-30 14:00:00+02:00;5053;30-7-2021;7;30;30;4;14;3;0
2021-07-30 15:00:00+02:00;5054;30-7-2021;7;30;30;4;15;3;0
2021-07-30 16:00:00+02:00;5055;30-7-2021;7;30;30;4;16;3;0
2021-07-30 17:00:00+02:00;5056;30-7-2021;7;30;30;4;17;3;0
2021-07-30 18:00:00+02:00;5057;30-7-2021;7;30;30;4;18;3;0
2021-07-30 19:00:00+02:00;5058;30-7-2021;7;30;30;4;19;3;0
2021-07-30 20:00:00+02:00;5059;30-7-2021;7;30;30;4;20;3;0
2021-07-30 21:00:00+02:00;5060;30-7-2021;7;30;30;4;21;3;0
2021-07-30 22:00:00+02:00;5061;30-7-2021;7;30;30;4;22;3;0
2021-07-30 23:00:00+02:00;5062;30-7-2021;7;30;30;4;23;3;0
2021-07-31 00:00:00+02:00;5063;31-7-2021;7;31;30;5;0;3;0
2021-07-31 01:00:00+02:00;5064;31-7-2021;7;31;30;5;1;3;0
2021-07-31 02:00:00+02:00;5065;31-7-2021;7;31;30;5;2;3;0
2021-07-31 03:00:00+02:00;5066;31-7-2021;7;31;30;5;3;3;0
2021-07-31 04:00:00+02:00;5067;31-7-2021;7;31;30;5;4;3;0
2021-07-31 05:00:00+02:00;5068;31-7-2021;7;31;30;5;5;3;0
2021-07-31 06:00:00+02:00;5069;31-7-2021;7;31;30;5;6;3;0
2021-07-31 07:00:00+02:00;5070;31-7-2021;7;31;30;5;7;3;0
2021-07-31 08:00:00+02:00;5071;31-7-2021;7;31;30;5;8;3;0
2021-07-31 09:00:00+02:00;5072;31-7-2021;7;31;30;5;9;3;0
2021-07-31 10:00:00+02:00;5073;31-7-2021;7;31;30;5;10;3;0
2021-07-31 11:00:00+02:00;5074;31-7-2021;7;31;30;5;11;3;0
2021-07-31 12:00:00+02:00;5075;31-7-2021;7;31;30;5;12;3;0
2021-07-31 13:00:00+02:00;5076;31-7-2021;7;31;30;5;13;3;0
2021-07-31 14:00:00+02:00;5077;31-7-2021;7;31;30;5;14;3;0
2021-07-31 15:00:00+02:00;5078;31-7-2021;7;31;30;5;15;3;0
2021-07-31 16:00:00+02:00;5079;31-7-2021;7;31;30;5;16;3;0
2021-07-31 17:00:00+02:00;5080;31-7-2021;7;31;30;5;17;3;0
2021-07-31 18:00:00+02:00;5081;31-7-2021;7;31;30;5;18;3;0
2021-07-31 19:00:00+02:00;5082;31-7-2021;7;31;30;5;19;3;0
2021-07-31 20:00:00+02:00;5083;31-7-2021;7;31;30;5;20;3;0
2021-07-31 21:00:00+02:00;5084;31-7-2021;7;31;30;5;21;3;0
2021-07-31 22:00:00+02:00;5085;31-7-2021;7;31;30;5;22;3;0
2021-07-31 23:00:00+02:00;5086;31-7-2021;7;31;30;5;23;3;0
2021-08-01 00:00:00+02:00;5087;1-8-2021;8;1;30;6;0;3;0
2021-08-01 01:00:00+02:00;5088;1-8-2021;8;1;30;6;1;3;0
2021-08-01 02:00:00+02:00;5089;1-8-2021;8;1;30;6;2;3;0
2021-08-01 03:00:00+02:00;5090;1-8-2021;8;1;30;6;3;3;0
2021-08-01 04:00:00+02:00;5091;1-8-2021;8;1;30;6;4;3;0
2021-08-01 05:00:00+02:00;5092;1-8-2021;8;1;30;6;5;3;0
2021-08-01 06:00:00+02:00;5093;1-8-2021;8;1;30;6;6;3;0
2021-08-01 07:00:00+02:00;5094;1-8-2021;8;1;30;6;7;3;0
2021-08-01 08:00:00+02:00;5095;1-8-2021;8;1;30;6;8;3;0
2021-08-01 09:00:00+02:00;5096;1-8-2021;8;1;30;6;9;3;0
2021-08-01 10:00:00+02:00;5097;1-8-2021;8;1;30;6;10;3;0
2021-08-01 11:00:00+02:00;5098;1-8-2021;8;1;30;6;11;3;0
2021-08-01 12:00:00+02:00;5099;1-8-2021;8;1;30;6;12;3;0
2021-08-01 13:00:00+02:00;5100;1-8-2021;8;1;30;6;13;3;0
2021-08-01 14:00:00+02:00;5101;1-8-2021;8;1;30;6;14;3;0
2021-08-01 15:00:00+02:00;5102;1-8-2021;8;1;30;6;15;3;0
2021-08-01 16:00:00+02:00;5103;1-8-2021;8;1;30;6;16;3;0
2021-08-01 17:00:00+02:00;5104;1-8-2021;8;1;30;6;17;3;0
2021-08-01 18:00:00+02:00;5105;1-8-2021;8;1;30;6;18;3;0
2021-08-01 19:00:00+02:00;5106;1-8-2021;8;1;30;6;19;3;0
2021-08-01 20:00:00+02:00;5107;1-8-2021;8;1;30;6;20;3;0
2021-08-01 21:00:00+02:00;5108;1-8-2021;8;1;30;6;21;3;0
2021-08-01 22:00:00+02:00;5109;1-8-2021;8;1;30;6;22;3;0
2021-08-01 23:00:00+02:00;5110;1-8-2021;8;1;30;6;23;3;0
2021-08-02 00:00:00+02:00;5111;2-8-2021;8;2;31;0;0;3;0
2021-08-02 01:00:00+02:00;5112;2-8-2021;8;2;31;0;1;3;0
2021-08-02 02:00:00+02:00;5113;2-8-2021;8;2;31;0;2;3;0
2021-08-02 03:00:00+02:00;5114;2-8-2021;8;2;31;0;3;3;0
2021-08-02 04:00:00+02:00;5115;2-8-2021;8;2;31;0;4;3;0
2021-08-02 05:00:00+02:00;5116;2-8-2021;8;2;31;0;5;3;0
2021-08-02 06:00:00+02:00;5117;2-8-2021;8;2;31;0;6;3;0
2021-08-02 07:00:00+02:00;5118;2-8-2021;8;2;31;0;7;3;0
2021-08-02 08:00:00+02:00;5119;2-8-2021;8;2;31;0;8;3;0
2021-08-02 09:00:00+02:00;5120;2-8-2021;8;2;31;0;9;3;0
2021-08-02 10:00:00+02:00;5121;2-8-2021;8;2;31;0;10;3;0
2021-08-02 11:00:00+02:00;5122;2-8-2021;8;2;31;0;11;3;0
2021-08-02 12:00:00+02:00;5123;2-8-2021;8;2;31;0;12;3;0
2021-08-02 13:00:00+02:00;5124;2-8-2021;8;2;31;0;13;3;0
2021-08-02 14:00:00+02:00;5125;2-8-2021;8;2;31;0;14;3;0
2021-08-02 15:00:00+02:00;5126;2-8-2021;8;2;31;0;15;3;0
2021-08-02 16:00:00+02:00;5127;2-8-2021;8;2;31;0;16;3;0
2021-08-02 17:00:00+02:00;5128;2-8-2021;8;2;31;0;17;3;0
2021-08-02 18:00:00+02:00;5129;2-8-2021;8;2;31;0;18;3;0
2021-08-02 19:00:00+02:00;5130;2-8-2021;8;2;31;0;19;3;0
2021-08-02 20:00:00+02:00;5131;2-8-2021;8;2;31;0;20;3;0
2021-08-02 21:00:00+02:00;5132;2-8-2021;8;2;31;0;21;3;0
2021-08-02 22:00:00+02:00;5133;2-8-2021;8;2;31;0;22;3;0
2021-08-02 23:00:00+02:00;5134;2-8-2021;8;2;31;0;23;3;0
2021-08-03 00:00:00+02:00;5135;3-8-2021;8;3;31;1;0;3;0
2021-08-03 01:00:00+02:00;5136;3-8-2021;8;3;31;1;1;3;0
2021-08-03 02:00:00+02:00;5137;3-8-2021;8;3;31;1;2;3;0
2021-08-03 03:00:00+02:00;5138;3-8-2021;8;3;31;1;3;3;0
2021-08-03 04:00:00+02:00;5139;3-8-2021;8;3;31;1;4;3;0
2021-08-03 05:00:00+02:00;5140;3-8-2021;8;3;31;1;5;3;0
2021-08-03 06:00:00+02:00;5141;3-8-2021;8;3;31;1;6;3;0
2021-08-03 07:00:00+02:00;5142;3-8-2021;8;3;31;1;7;3;0
2021-08-03 08:00:00+02:00;5143;3-8-2021;8;3;31;1;8;3;0
2021-08-03 09:00:00+02:00;5144;3-8-2021;8;3;31;1;9;3;0
2021-08-03 10:00:00+02:00;5145;3-8-2021;8;3;31;1;10;3;0
2021-08-03 11:00:00+02:00;5146;3-8-2021;8;3;31;1;11;3;0
2021-08-03 12:00:00+02:00;5147;3-8-2021;8;3;31;1;12;3;0
2021-08-03 13:00:00+02:00;5148;3-8-2021;8;3;31;1;13;3;0
2021-08-03 14:00:00+02:00;5149;3-8-2021;8;3;31;1;14;3;0
2021-08-03 15:00:00+02:00;5150;3-8-2021;8;3;31;1;15;3;0
2021-08-03 16:00:00+02:00;5151;3-8-2021;8;3;31;1;16;3;0
2021-08-03 17:00:00+02:00;5152;3-8-2021;8;3;31;1;17;3;0
2021-08-03 18:00:00+02:00;5153;3-8-2021;8;3;31;1;18;3;0
2021-08-03 19:00:00+02:00;5154;3-8-2021;8;3;31;1;19;3;0
2021-08-03 20:00:00+02:00;5155;3-8-2021;8;3;31;1;20;3;0
2021-08-03 21:00:00+02:00;5156;3-8-2021;8;3;31;1;21;3;0
2021-08-03 22:00:00+02:00;5157;3-8-2021;8;3;31;1;22;3;0
2021-08-03 23:00:00+02:00;5158;3-8-2021;8;3;31;1;23;3;0
2021-08-04 00:00:00+02:00;5159;4-8-2021;8;4;31;2;0;3;0
2021-08-04 01:00:00+02:00;5160;4-8-2021;8;4;31;2;1;3;0
2021-08-04 02:00:00+02:00;5161;4-8-2021;8;4;31;2;2;3;0
2021-08-04 03:00:00+02:00;5162;4-8-2021;8;4;31;2;3;3;0
2021-08-04 04:00:00+02:00;5163;4-8-2021;8;4;31;2;4;3;0
2021-08-04 05:00:00+02:00;5164;4-8-2021;8;4;31;2;5;3;0
2021-08-04 06:00:00+02:00;5165;4-8-2021;8;4;31;2;6;3;0
2021-08-04 07:00:00+02:00;5166;4-8-2021;8;4;31;2;7;3;0
2021-08-04 08:00:00+02:00;5167;4-8-2021;8;4;31;2;8;3;0
2021-08-04 09:00:00+02:00;5168;4-8-2021;8;4;31;2;9;3;0
2021-08-04 10:00:00+02:00;5169;4-8-2021;8;4;31;2;10;3;0
2021-08-04 11:00:00+02:00;5170;4-8-2021;8;4;31;2;11;3;0
2021-08-04 12:00:00+02:00;5171;4-8-2021;8;4;31;2;12;3;0
2021-08-04 13:00:00+02:00;5172;4-8-2021;8;4;31;2;13;3;0
2021-08-04 14:00:00+02:00;5173;4-8-2021;8;4;31;2;14;3;0
2021-08-04 15:00:00+02:00;5174;4-8-2021;8;4;31;2;15;3;0
2021-08-04 16:00:00+02:00;5175;4-8-2021;8;4;31;2;16;3;0
2021-08-04 17:00:00+02:00;5176;4-8-2021;8;4;31;2;17;3;0
2021-08-04 18:00:00+02:00;5177;4-8-2021;8;4;31;2;18;3;0
2021-08-04 19:00:00+02:00;5178;4-8-2021;8;4;31;2;19;3;0
2021-08-04 20:00:00+02:00;5179;4-8-2021;8;4;31;2;20;3;0
2021-08-04 21:00:00+02:00;5180;4-8-2021;8;4;31;2;21;3;0
2021-08-04 22:00:00+02:00;5181;4-8-2021;8;4;31;2;22;3;0
2021-08-04 23:00:00+02:00;5182;4-8-2021;8;4;31;2;23;3;0
2021-08-05 00:00:00+02:00;5183;5-8-2021;8;5;31;3;0;3;0
2021-08-05 01:00:00+02:00;5184;5-8-2021;8;5;31;3;1;3;0
2021-08-05 02:00:00+02:00;5185;5-8-2021;8;5;31;3;2;3;0
2021-08-05 03:00:00+02:00;5186;5-8-2021;8;5;31;3;3;3;0
2021-08-05 04:00:00+02:00;5187;5-8-2021;8;5;31;3;4;3;0
2021-08-05 05:00:00+02:00;5188;5-8-2021;8;5;31;3;5;3;0
2021-08-05 06:00:00+02:00;5189;5-8-2021;8;5;31;3;6;3;0
2021-08-05 07:00:00+02:00;5190;5-8-2021;8;5;31;3;7;3;0
2021-08-05 08:00:00+02:00;5191;5-8-2021;8;5;31;3;8;3;0
2021-08-05 09:00:00+02:00;5192;5-8-2021;8;5;31;3;9;3;0
2021-08-05 10:00:00+02:00;5193;5-8-2021;8;5;31;3;10;3;0
2021-08-05 11:00:00+02:00;5194;5-8-2021;8;5;31;3;11;3;0
2021-08-05 12:00:00+02:00;5195;5-8-2021;8;5;31;3;12;3;0
2021-08-05 13:00:00+02:00;5196;5-8-2021;8;5;31;3;13;3;0
2021-08-05 14:00:00+02:00;5197;5-8-2021;8;5;31;3;14;3;0
2021-08-05 15:00:00+02:00;5198;5-8-2021;8;5;31;3;15;3;0
2021-08-05 16:00:00+02:00;5199;5-8-2021;8;5;31;3;16;3;0
2021-08-05 17:00:00+02:00;5200;5-8-2021;8;5;31;3;17;3;0
2021-08-05 18:00:00+02:00;5201;5-8-2021;8;5;31;3;18;3;0
2021-08-05 19:00:00+02:00;5202;5-8-2021;8;5;31;3;19;3;0
2021-08-05 20:00:00+02:00;5203;5-8-2021;8;5;31;3;20;3;0
2021-08-05 21:00:00+02:00;5204;5-8-2021;8;5;31;3;21;3;0
2021-08-05 22:00:00+02:00;5205;5-8-2021;8;5;31;3;22;3;0
2021-08-05 23:00:00+02:00;5206;5-8-2021;8;5;31;3;23;3;0
2021-08-06 00:00:00+02:00;5207;6-8-2021;8;6;31;4;0;3;0
2021-08-06 01:00:00+02:00;5208;6-8-2021;8;6;31;4;1;3;0
2021-08-06 02:00:00+02:00;5209;6-8-2021;8;6;31;4;2;3;0
2021-08-06 03:00:00+02:00;5210;6-8-2021;8;6;31;4;3;3;0
2021-08-06 04:00:00+02:00;5211;6-8-2021;8;6;31;4;4;3;0
2021-08-06 05:00:00+02:00;5212;6-8-2021;8;6;31;4;5;3;0
2021-08-06 06:00:00+02:00;5213;6-8-2021;8;6;31;4;6;3;0
2021-08-06 07:00:00+02:00;5214;6-8-2021;8;6;31;4;7;3;0
2021-08-06 08:00:00+02:00;5215;6-8-2021;8;6;31;4;8;3;0
2021-08-06 09:00:00+02:00;5216;6-8-2021;8;6;31;4;9;3;0
2021-08-06 10:00:00+02:00;5217;6-8-2021;8;6;31;4;10;3;0
2021-08-06 11:00:00+02:00;5218;6-8-2021;8;6;31;4;11;3;0
2021-08-06 12:00:00+02:00;5219;6-8-2021;8;6;31;4;12;3;0
2021-08-06 13:00:00+02:00;5220;6-8-2021;8;6;31;4;13;3;0
2021-08-06 14:00:00+02:00;5221;6-8-2021;8;6;31;4;14;3;0
2021-08-06 15:00:00+02:00;5222;6-8-2021;8;6;31;4;15;3;0
2021-08-06 16:00:00+02:00;5223;6-8-2021;8;6;31;4;16;3;0
2021-08-06 17:00:00+02:00;5224;6-8-2021;8;6;31;4;17;3;0
2021-08-06 18:00:00+02:00;5225;6-8-2021;8;6;31;4;18;3;0
2021-08-06 19:00:00+02:00;5226;6-8-2021;8;6;31;4;19;3;0
2021-08-06 20:00:00+02:00;5227;6-8-2021;8;6;31;4;20;3;0
2021-08-06 21:00:00+02:00;5228;6-8-2021;8;6;31;4;21;3;0
2021-08-06 22:00:00+02:00;5229;6-8-2021;8;6;31;4;22;3;0
2021-08-06 23:00:00+02:00;5230;6-8-2021;8;6;31;4;23;3;0
2021-08-07 00:00:00+02:00;5231;7-8-2021;8;7;31;5;0;3;0
2021-08-07 01:00:00+02:00;5232;7-8-2021;8;7;31;5;1;3;0
2021-08-07 02:00:00+02:00;5233;7-8-2021;8;7;31;5;2;3;0
2021-08-07 03:00:00+02:00;5234;7-8-2021;8;7;31;5;3;3;0
2021-08-07 04:00:00+02:00;5235;7-8-2021;8;7;31;5;4;3;0
2021-08-07 05:00:00+02:00;5236;7-8-2021;8;7;31;5;5;3;0
2021-08-07 06:00:00+02:00;5237;7-8-2021;8;7;31;5;6;3;0
2021-08-07 07:00:00+02:00;5238;7-8-2021;8;7;31;5;7;3;0
2021-08-07 08:00:00+02:00;5239;7-8-2021;8;7;31;5;8;3;0
2021-08-07 09:00:00+02:00;5240;7-8-2021;8;7;31;5;9;3;0
2021-08-07 10:00:00+02:00;5241;7-8-2021;8;7;31;5;10;3;0
2021-08-07 11:00:00+02:00;5242;7-8-2021;8;7;31;5;11;3;0
2021-08-07 12:00:00+02:00;5243;7-8-2021;8;7;31;5;12;3;0
2021-08-07 13:00:00+02:00;5244;7-8-2021;8;7;31;5;13;3;0
2021-08-07 14:00:00+02:00;5245;7-8-2021;8;7;31;5;14;3;0
2021-08-07 15:00:00+02:00;5246;7-8-2021;8;7;31;5;15;3;0
2021-08-07 16:00:00+02:00;5247;7-8-2021;8;7;31;5;16;3;0
2021-08-07 17:00:00+02:00;5248;7-8-2021;8;7;31;5;17;3;0
2021-08-07 18:00:00+02:00;5249;7-8-2021;8;7;31;5;18;3;0
2021-08-07 19:00:00+02:00;5250;7-8-2021;8;7;31;5;19;3;0
2021-08-07 20:00:00+02:00;5251;7-8-2021;8;7;31;5;20;3;0
2021-08-07 21:00:00+02:00;5252;7-8-2021;8;7;31;5;21;3;0
2021-08-07 22:00:00+02:00;5253;7-8-2021;8;7;31;5;22;3;0
2021-08-07 23:00:00+02:00;5254;7-8-2021;8;7;31;5;23;3;0
2021-08-08 00:00:00+02:00;5255;8-8-2021;8;8;31;6;0;3;0
2021-08-08 01:00:00+02:00;5256;8-8-2021;8;8;31;6;1;3;0
2021-08-08 02:00:00+02:00;5257;8-8-2021;8;8;31;6;2;3;0
2021-08-08 03:00:00+02:00;5258;8-8-2021;8;8;31;6;3;3;0
2021-08-08 04:00:00+02:00;5259;8-8-2021;8;8;31;6;4;3;0
2021-08-08 05:00:00+02:00;5260;8-8-2021;8;8;31;6;5;3;0
2021-08-08 06:00:00+02:00;5261;8-8-2021;8;8;31;6;6;3;0
2021-08-08 07:00:00+02:00;5262;8-8-2021;8;8;31;6;7;3;0
2021-08-08 08:00:00+02:00;5263;8-8-2021;8;8;31;6;8;3;0
2021-08-08 09:00:00+02:00;5264;8-8-2021;8;8;31;6;9;3;0
2021-08-08 10:00:00+02:00;5265;8-8-2021;8;8;31;6;10;3;0
2021-08-08 11:00:00+02:00;5266;8-8-2021;8;8;31;6;11;3;0
2021-08-08 12:00:00+02:00;5267;8-8-2021;8;8;31;6;12;3;0
2021-08-08 13:00:00+02:00;5268;8-8-2021;8;8;31;6;13;3;0
2021-08-08 14:00:00+02:00;5269;8-8-2021;8;8;31;6;14;3;0
2021-08-08 15:00:00+02:00;5270;8-8-2021;8;8;31;6;15;3;0
2021-08-08 16:00:00+02:00;5271;8-8-2021;8;8;31;6;16;3;0
2021-08-08 17:00:00+02:00;5272;8-8-2021;8;8;31;6;17;3;0
2021-08-08 18:00:00+02:00;5273;8-8-2021;8;8;31;6;18;3;0
2021-08-08 19:00:00+02:00;5274;8-8-2021;8;8;31;6;19;3;0
2021-08-08 20:00:00+02:00;5275;8-8-2021;8;8;31;6;20;3;0
2021-08-08 21:00:00+02:00;5276;8-8-2021;8;8;31;6;21;3;0
2021-08-08 22:00:00+02:00;5277;8-8-2021;8;8;31;6;22;3;0
2021-08-08 23:00:00+02:00;5278;8-8-2021;8;8;31;6;23;3;0
2021-08-09 00:00:00+02:00;5279;9-8-2021;8;9;32;0;0;3;0
2021-08-09 01:00:00+02:00;5280;9-8-2021;8;9;32;0;1;3;0
2021-08-09 02:00:00+02:00;5281;9-8-2021;8;9;32;0;2;3;0
2021-08-09 03:00:00+02:00;5282;9-8-2021;8;9;32;0;3;3;0
2021-08-09 04:00:00+02:00;5283;9-8-2021;8;9;32;0;4;3;0
2021-08-09 05:00:00+02:00;5284;9-8-2021;8;9;32;0;5;3;0
2021-08-09 06:00:00+02:00;5285;9-8-2021;8;9;32;0;6;3;0
2021-08-09 07:00:00+02:00;5286;9-8-2021;8;9;32;0;7;3;0
2021-08-09 08:00:00+02:00;5287;9-8-2021;8;9;32;0;8;3;0
2021-08-09 09:00:00+02:00;5288;9-8-2021;8;9;32;0;9;3;0
2021-08-09 10:00:00+02:00;5289;9-8-2021;8;9;32;0;10;3;0
2021-08-09 11:00:00+02:00;5290;9-8-2021;8;9;32;0;11;3;0
2021-08-09 12:00:00+02:00;5291;9-8-2021;8;9;32;0;12;3;0
2021-08-09 13:00:00+02:00;5292;9-8-2021;8;9;32;0;13;3;0
2021-08-09 14:00:00+02:00;5293;9-8-2021;8;9;32;0;14;3;0
2021-08-09 15:00:00+02:00;5294;9-8-2021;8;9;32;0;15;3;0
2021-08-09 16:00:00+02:00;5295;9-8-2021;8;9;32;0;16;3;0
2021-08-09 17:00:00+02:00;5296;9-8-2021;8;9;32;0;17;3;0
2021-08-09 18:00:00+02:00;5297;9-8-2021;8;9;32;0;18;3;0
2021-08-09 19:00:00+02:00;5298;9-8-2021;8;9;32;0;19;3;0
2021-08-09 20:00:00+02:00;5299;9-8-2021;8;9;32;0;20;3;0
2021-08-09 21:00:00+02:00;5300;9-8-2021;8;9;32;0;21;3;0
2021-08-09 22:00:00+02:00;5301;9-8-2021;8;9;32;0;22;3;0
2021-08-09 23:00:00+02:00;5302;9-8-2021;8;9;32;0;23;3;0
2021-08-10 00:00:00+02:00;5303;10-8-2021;8;10;32;1;0;3;0
2021-08-10 01:00:00+02:00;5304;10-8-2021;8;10;32;1;1;3;0
2021-08-10 02:00:00+02:00;5305;10-8-2021;8;10;32;1;2;3;0
2021-08-10 03:00:00+02:00;5306;10-8-2021;8;10;32;1;3;3;0
2021-08-10 04:00:00+02:00;5307;10-8-2021;8;10;32;1;4;3;0
2021-08-10 05:00:00+02:00;5308;10-8-2021;8;10;32;1;5;3;0
2021-08-10 06:00:00+02:00;5309;10-8-2021;8;10;32;1;6;3;0
2021-08-10 07:00:00+02:00;5310;10-8-2021;8;10;32;1;7;3;0
2021-08-10 08:00:00+02:00;5311;10-8-2021;8;10;32;1;8;3;0
2021-08-10 09:00:00+02:00;5312;10-8-2021;8;10;32;1;9;3;0
2021-08-10 10:00:00+02:00;5313;10-8-2021;8;10;32;1;10;3;0
2021-08-10 11:00:00+02:00;5314;10-8-2021;8;10;32;1;11;3;0
2021-08-10 12:00:00+02:00;5315;10-8-2021;8;10;32;1;12;3;0
2021-08-10 13:00:00+02:00;5316;10-8-2021;8;10;32;1;13;3;0
2021-08-10 14:00:00+02:00;5317;10-8-2021;8;10;32;1;14;3;0
2021-08-10 15:00:00+02:00;5318;10-8-2021;8;10;32;1;15;3;0
2021-08-10 16:00:00+02:00;5319;10-8-2021;8;10;32;1;16;3;0
2021-08-10 17:00:00+02:00;5320;10-8-2021;8;10;32;1;17;3;0
2021-08-10 18:00:00+02:00;5321;10-8-2021;8;10;32;1;18;3;0
2021-08-10 19:00:00+02:00;5322;10-8-2021;8;10;32;1;19;3;0
2021-08-10 20:00:00+02:00;5323;10-8-2021;8;10;32;1;20;3;0
2021-08-10 21:00:00+02:00;5324;10-8-2021;8;10;32;1;21;3;0
2021-08-10 22:00:00+02:00;5325;10-8-2021;8;10;32;1;22;3;0
2021-08-10 23:00:00+02:00;5326;10-8-2021;8;10;32;1;23;3;0
2021-08-11 00:00:00+02:00;5327;11-8-2021;8;11;32;2;0;3;0
2021-08-11 01:00:00+02:00;5328;11-8-2021;8;11;32;2;1;3;0
2021-08-11 02:00:00+02:00;5329;11-8-2021;8;11;32;2;2;3;0
2021-08-11 03:00:00+02:00;5330;11-8-2021;8;11;32;2;3;3;0
2021-08-11 04:00:00+02:00;5331;11-8-2021;8;11;32;2;4;3;0
2021-08-11 05:00:00+02:00;5332;11-8-2021;8;11;32;2;5;3;0
2021-08-11 06:00:00+02:00;5333;11-8-2021;8;11;32;2;6;3;0
2021-08-11 07:00:00+02:00;5334;11-8-2021;8;11;32;2;7;3;0
2021-08-11 08:00:00+02:00;5335;11-8-2021;8;11;32;2;8;3;0
2021-08-11 09:00:00+02:00;5336;11-8-2021;8;11;32;2;9;3;0
2021-08-11 10:00:00+02:00;5337;11-8-2021;8;11;32;2;10;3;0
2021-08-11 11:00:00+02:00;5338;11-8-2021;8;11;32;2;11;3;0
2021-08-11 12:00:00+02:00;5339;11-8-2021;8;11;32;2;12;3;0
2021-08-11 13:00:00+02:00;5340;11-8-2021;8;11;32;2;13;3;0
2021-08-11 14:00:00+02:00;5341;11-8-2021;8;11;32;2;14;3;0
2021-08-11 15:00:00+02:00;5342;11-8-2021;8;11;32;2;15;3;0
2021-08-11 16:00:00+02:00;5343;11-8-2021;8;11;32;2;16;3;0
2021-08-11 17:00:00+02:00;5344;11-8-2021;8;11;32;2;17;3;0
2021-08-11 18:00:00+02:00;5345;11-8-2021;8;11;32;2;18;3;0
2021-08-11 19:00:00+02:00;5346;11-8-2021;8;11;32;2;19;3;0
2021-08-11 20:00:00+02:00;5347;11-8-2021;8;11;32;2;20;3;0
2021-08-11 21:00:00+02:00;5348;11-8-2021;8;11;32;2;21;3;0
2021-08-11 22:00:00+02:00;5349;11-8-2021;8;11;32;2;22;3;0
2021-08-11 23:00:00+02:00;5350;11-8-2021;8;11;32;2;23;3;0
2021-08-12 00:00:00+02:00;5351;12-8-2021;8;12;32;3;0;3;0
2021-08-12 01:00:00+02:00;5352;12-8-2021;8;12;32;3;1;3;0
2021-08-12 02:00:00+02:00;5353;12-8-2021;8;12;32;3;2;3;0
2021-08-12 03:00:00+02:00;5354;12-8-2021;8;12;32;3;3;3;0
2021-08-12 04:00:00+02:00;5355;12-8-2021;8;12;32;3;4;3;0
2021-08-12 05:00:00+02:00;5356;12-8-2021;8;12;32;3;5;3;0
2021-08-12 06:00:00+02:00;5357;12-8-2021;8;12;32;3;6;3;0
2021-08-12 07:00:00+02:00;5358;12-8-2021;8;12;32;3;7;3;0
2021-08-12 08:00:00+02:00;5359;12-8-2021;8;12;32;3;8;3;0
2021-08-12 09:00:00+02:00;5360;12-8-2021;8;12;32;3;9;3;0
2021-08-12 10:00:00+02:00;5361;12-8-2021;8;12;32;3;10;3;0
2021-08-12 11:00:00+02:00;5362;12-8-2021;8;12;32;3;11;3;0
2021-08-12 12:00:00+02:00;5363;12-8-2021;8;12;32;3;12;3;0
2021-08-12 13:00:00+02:00;5364;12-8-2021;8;12;32;3;13;3;0
2021-08-12 14:00:00+02:00;5365;12-8-2021;8;12;32;3;14;3;0
2021-08-12 15:00:00+02:00;5366;12-8-2021;8;12;32;3;15;3;0
2021-08-12 16:00:00+02:00;5367;12-8-2021;8;12;32;3;16;3;0
2021-08-12 17:00:00+02:00;5368;12-8-2021;8;12;32;3;17;3;0
2021-08-12 18:00:00+02:00;5369;12-8-2021;8;12;32;3;18;3;0
2021-08-12 19:00:00+02:00;5370;12-8-2021;8;12;32;3;19;3;0
2021-08-12 20:00:00+02:00;5371;12-8-2021;8;12;32;3;20;3;0
2021-08-12 21:00:00+02:00;5372;12-8-2021;8;12;32;3;21;3;0
2021-08-12 22:00:00+02:00;5373;12-8-2021;8;12;32;3;22;3;0
2021-08-12 23:00:00+02:00;5374;12-8-2021;8;12;32;3;23;3;0
2021-08-13 00:00:00+02:00;5375;13-8-2021;8;13;32;4;0;3;0
2021-08-13 01:00:00+02:00;5376;13-8-2021;8;13;32;4;1;3;0
2021-08-13 02:00:00+02:00;5377;13-8-2021;8;13;32;4;2;3;0
2021-08-13 03:00:00+02:00;5378;13-8-2021;8;13;32;4;3;3;0
2021-08-13 04:00:00+02:00;5379;13-8-2021;8;13;32;4;4;3;0
2021-08-13 05:00:00+02:00;5380;13-8-2021;8;13;32;4;5;3;0
2021-08-13 06:00:00+02:00;5381;13-8-2021;8;13;32;4;6;3;0
2021-08-13 07:00:00+02:00;5382;13-8-2021;8;13;32;4;7;3;0
2021-08-13 08:00:00+02:00;5383;13-8-2021;8;13;32;4;8;3;0
2021-08-13 09:00:00+02:00;5384;13-8-2021;8;13;32;4;9;3;0
2021-08-13 10:00:00+02:00;5385;13-8-2021;8;13;32;4;10;3;0
2021-08-13 11:00:00+02:00;5386;13-8-2021;8;13;32;4;11;3;0
2021-08-13 12:00:00+02:00;5387;13-8-2021;8;13;32;4;12;3;0
2021-08-13 13:00:00+02:00;5388;13-8-2021;8;13;32;4;13;3;0
2021-08-13 14:00:00+02:00;5389;13-8-2021;8;13;32;4;14;3;0
2021-08-13 15:00:00+02:00;5390;13-8-2021;8;13;32;4;15;3;0
2021-08-13 16:00:00+02:00;5391;13-8-2021;8;13;32;4;16;3;0
2021-08-13 17:00:00+02:00;5392;13-8-2021;8;13;32;4;17;3;0
2021-08-13 18:00:00+02:00;5393;13-8-2021;8;13;32;4;18;3;0
2021-08-13 19:00:00+02:00;5394;13-8-2021;8;13;32;4;19;3;0
2021-08-13 20:00:00+02:00;5395;13-8-2021;8;13;32;4;20;3;0
2021-08-13 21:00:00+02:00;5396;13-8-2021;8;13;32;4;21;3;0
2021-08-13 22:00:00+02:00;5397;13-8-2021;8;13;32;4;22;3;0
2021-08-13 23:00:00+02:00;5398;13-8-2021;8;13;32;4;23;3;0
2021-08-14 00:00:00+02:00;5399;14-8-2021;8;14;32;5;0;3;0
2021-08-14 01:00:00+02:00;5400;14-8-2021;8;14;32;5;1;3;0
2021-08-14 02:00:00+02:00;5401;14-8-2021;8;14;32;5;2;3;0
2021-08-14 03:00:00+02:00;5402;14-8-2021;8;14;32;5;3;3;0
2021-08-14 04:00:00+02:00;5403;14-8-2021;8;14;32;5;4;3;0
2021-08-14 05:00:00+02:00;5404;14-8-2021;8;14;32;5;5;3;0
2021-08-14 06:00:00+02:00;5405;14-8-2021;8;14;32;5;6;3;0
2021-08-14 07:00:00+02:00;5406;14-8-2021;8;14;32;5;7;3;0
2021-08-14 08:00:00+02:00;5407;14-8-2021;8;14;32;5;8;3;0
2021-08-14 09:00:00+02:00;5408;14-8-2021;8;14;32;5;9;3;0
2021-08-14 10:00:00+02:00;5409;14-8-2021;8;14;32;5;10;3;0
2021-08-14 11:00:00+02:00;5410;14-8-2021;8;14;32;5;11;3;0
2021-08-14 12:00:00+02:00;5411;14-8-2021;8;14;32;5;12;3;0
2021-08-14 13:00:00+02:00;5412;14-8-2021;8;14;32;5;13;3;0
2021-08-14 14:00:00+02:00;5413;14-8-2021;8;14;32;5;14;3;0
2021-08-14 15:00:00+02:00;5414;14-8-2021;8;14;32;5;15;3;0
2021-08-14 16:00:00+02:00;5415;14-8-2021;8;14;32;5;16;3;0
2021-08-14 17:00:00+02:00;5416;14-8-2021;8;14;32;5;17;3;0
2021-08-14 18:00:00+02:00;5417;14-8-2021;8;14;32;5;18;3;0
2021-08-14 19:00:00+02:00;5418;14-8-2021;8;14;32;5;19;3;0
2021-08-14 20:00:00+02:00;5419;14-8-2021;8;14;32;5;20;3;0
2021-08-14 21:00:00+02:00;5420;14-8-2021;8;14;32;5;21;3;0
2021-08-14 22:00:00+02:00;5421;14-8-2021;8;14;32;5;22;3;0
2021-08-14 23:00:00+02:00;5422;14-8-2021;8;14;32;5;23;3;0
2021-08-15 00:00:00+02:00;5423;15-8-2021;8;15;32;6;0;3;0
2021-08-15 01:00:00+02:00;5424;15-8-2021;8;15;32;6;1;3;0
2021-08-15 02:00:00+02:00;5425;15-8-2021;8;15;32;6;2;3;0
2021-08-15 03:00:00+02:00;5426;15-8-2021;8;15;32;6;3;3;0
2021-08-15 04:00:00+02:00;5427;15-8-2021;8;15;32;6;4;3;0
2021-08-15 05:00:00+02:00;5428;15-8-2021;8;15;32;6;5;3;0
2021-08-15 06:00:00+02:00;5429;15-8-2021;8;15;32;6;6;3;0
2021-08-15 07:00:00+02:00;5430;15-8-2021;8;15;32;6;7;3;0
2021-08-15 08:00:00+02:00;5431;15-8-2021;8;15;32;6;8;3;0
2021-08-15 09:00:00+02:00;5432;15-8-2021;8;15;32;6;9;3;0
2021-08-15 10:00:00+02:00;5433;15-8-2021;8;15;32;6;10;3;0
2021-08-15 11:00:00+02:00;5434;15-8-2021;8;15;32;6;11;3;0
2021-08-15 12:00:00+02:00;5435;15-8-2021;8;15;32;6;12;3;0
2021-08-15 13:00:00+02:00;5436;15-8-2021;8;15;32;6;13;3;0
2021-08-15 14:00:00+02:00;5437;15-8-2021;8;15;32;6;14;3;0
2021-08-15 15:00:00+02:00;5438;15-8-2021;8;15;32;6;15;3;0
2021-08-15 16:00:00+02:00;5439;15-8-2021;8;15;32;6;16;3;0
2021-08-15 17:00:00+02:00;5440;15-8-2021;8;15;32;6;17;3;0
2021-08-15 18:00:00+02:00;5441;15-8-2021;8;15;32;6;18;3;0
2021-08-15 19:00:00+02:00;5442;15-8-2021;8;15;32;6;19;3;0
2021-08-15 20:00:00+02:00;5443;15-8-2021;8;15;32;6;20;3;0
2021-08-15 21:00:00+02:00;5444;15-8-2021;8;15;32;6;21;3;0
2021-08-15 22:00:00+02:00;5445;15-8-2021;8;15;32;6;22;3;0
2021-08-15 23:00:00+02:00;5446;15-8-2021;8;15;32;6;23;3;0
2021-08-16 00:00:00+02:00;5447;16-8-2021;8;16;33;0;0;1;0
2021-08-16 01:00:00+02:00;5448;16-8-2021;8;16;33;0;1;1;0
2021-08-16 02:00:00+02:00;5449;16-8-2021;8;16;33;0;2;1;0
2021-08-16 03:00:00+02:00;5450;16-8-2021;8;16;33;0;3;1;0
2021-08-16 04:00:00+02:00;5451;16-8-2021;8;16;33;0;4;1;0
2021-08-16 05:00:00+02:00;5452;16-8-2021;8;16;33;0;5;1;0
2021-08-16 06:00:00+02:00;5453;16-8-2021;8;16;33;0;6;1;0
2021-08-16 07:00:00+02:00;5454;16-8-2021;8;16;33;0;7;1;0
2021-08-16 08:00:00+02:00;5455;16-8-2021;8;16;33;0;8;1;60
2021-08-16 09:00:00+02:00;5456;16-8-2021;8;16;33;0;9;1;60
2021-08-16 10:00:00+02:00;5457;16-8-2021;8;16;33;0;10;1;90
2021-08-16 11:00:00+02:00;5458;16-8-2021;8;16;33;0;11;1;90
2021-08-16 12:00:00+02:00;5459;16-8-2021;8;16;33;0;12;1;50
2021-08-16 13:00:00+02:00;5460;16-8-2021;8;16;33;0;13;1;50
2021-08-16 14:00:00+02:00;5461;16-8-2021;8;16;33;0;14;1;80
2021-08-16 15:00:00+02:00;5462;16-8-2021;8;16;33;0;15;1;80
2021-08-16 16:00:00+02:00;5463;16-8-2021;8;16;33;0;16;1;80
2021-08-16 17:00:00+02:00;5464;16-8-2021;8;16;33;0;17;1;50
2021-08-16 18:00:00+02:00;5465;16-8-2021;8;16;33;0;18;1;42
2021-08-16 19:00:00+02:00;5466;16-8-2021;8;16;33;0;19;1;33
2021-08-16 20:00:00+02:00;5467;16-8-2021;8;16;33;0;20;1;25
2021-08-16 21:00:00+02:00;5468;16-8-2021;8;16;33;0;21;1;17
2021-08-16 22:00:00+02:00;5469;16-8-2021;8;16;33;0;22;1;8
2021-08-16 23:00:00+02:00;5470;16-8-2021;8;16;33;0;23;1;0
2021-08-17 00:00:00+02:00;5471;17-8-2021;8;17;33;1;0;1;0
2021-08-17 01:00:00+02:00;5472;17-8-2021;8;17;33;1;1;1;0
2021-08-17 02:00:00+02:00;5473;17-8-2021;8;17;33;1;2;1;0
2021-08-17 03:00:00+02:00;5474;17-8-2021;8;17;33;1;3;1;0
2021-08-17 04:00:00+02:00;5475;17-8-2021;8;17;33;1;4;1;0
2021-08-17 05:00:00+02:00;5476;17-8-2021;8;17;33;1;5;1;0
2021-08-17 06:00:00+02:00;5477;17-8-2021;8;17;33;1;6;1;0
2021-08-17 07:00:00+02:00;5478;17-8-2021;8;17;33;1;7;1;0
2021-08-17 08:00:00+02:00;5479;17-8-2021;8;17;33;1;8;1;60
2021-08-17 09:00:00+02:00;5480;17-8-2021;8;17;33;1;9;1;60
2021-08-17 10:00:00+02:00;5481;17-8-2021;8;17;33;1;10;1;90
2021-08-17 11:00:00+02:00;5482;17-8-2021;8;17;33;1;11;1;90
2021-08-17 12:00:00+02:00;5483;17-8-2021;8;17;33;1;12;1;50
2021-08-17 13:00:00+02:00;5484;17-8-2021;8;17;33;1;13;1;50
2021-08-17 14:00:00+02:00;5485;17-8-2021;8;17;33;1;14;1;80
2021-08-17 15:00:00+02:00;5486;17-8-2021;8;17;33;1;15;1;80
2021-08-17 16:00:00+02:00;5487;17-8-2021;8;17;33;1;16;1;80
2021-08-17 17:00:00+02:00;5488;17-8-2021;8;17;33;1;17;1;50
2021-08-17 18:00:00+02:00;5489;17-8-2021;8;17;33;1;18;1;42
2021-08-17 19:00:00+02:00;5490;17-8-2021;8;17;33;1;19;1;33
2021-08-17 20:00:00+02:00;5491;17-8-2021;8;17;33;1;20;1;25
2021-08-17 21:00:00+02:00;5492;17-8-2021;8;17;33;1;21;1;17
2021-08-17 22:00:00+02:00;5493;17-8-2021;8;17;33;1;22;1;8
2021-08-17 23:00:00+02:00;5494;17-8-2021;8;17;33;1;23;1;0
2021-08-18 00:00:00+02:00;5495;18-8-2021;8;18;33;2;0;1;0
2021-08-18 01:00:00+02:00;5496;18-8-2021;8;18;33;2;1;1;0
2021-08-18 02:00:00+02:00;5497;18-8-2021;8;18;33;2;2;1;0
2021-08-18 03:00:00+02:00;5498;18-8-2021;8;18;33;2;3;1;0
2021-08-18 04:00:00+02:00;5499;18-8-2021;8;18;33;2;4;1;0
2021-08-18 05:00:00+02:00;5500;18-8-2021;8;18;33;2;5;1;0
2021-08-18 06:00:00+02:00;5501;18-8-2021;8;18;33;2;6;1;0
2021-08-18 07:00:00+02:00;5502;18-8-2021;8;18;33;2;7;1;0
2021-08-18 08:00:00+02:00;5503;18-8-2021;8;18;33;2;8;1;60
2021-08-18 09:00:00+02:00;5504;18-8-2021;8;18;33;2;9;1;60
2021-08-18 10:00:00+02:00;5505;18-8-2021;8;18;33;2;10;1;90
2021-08-18 11:00:00+02:00;5506;18-8-2021;8;18;33;2;11;1;90
2021-08-18 12:00:00+02:00;5507;18-8-2021;8;18;33;2;12;1;50
2021-08-18 13:00:00+02:00;5508;18-8-2021;8;18;33;2;13;1;50
2021-08-18 14:00:00+02:00;5509;18-8-2021;8;18;33;2;14;1;80
2021-08-18 15:00:00+02:00;5510;18-8-2021;8;18;33;2;15;1;80
2021-08-18 16:00:00+02:00;5511;18-8-2021;8;18;33;2;16;1;80
2021-08-18 17:00:00+02:00;5512;18-8-2021;8;18;33;2;17;1;50
2021-08-18 18:00:00+02:00;5513;18-8-2021;8;18;33;2;18;1;42
2021-08-18 19:00:00+02:00;5514;18-8-2021;8;18;33;2;19;1;33
2021-08-18 20:00:00+02:00;5515;18-8-2021;8;18;33;2;20;1;25
2021-08-18 21:00:00+02:00;5516;18-8-2021;8;18;33;2;21;1;17
2021-08-18 22:00:00+02:00;5517;18-8-2021;8;18;33;2;22;1;8
2021-08-18 23:00:00+02:00;5518;18-8-2021;8;18;33;2;23;1;0
2021-08-19 00:00:00+02:00;5519;19-8-2021;8;19;33;3;0;1;0
2021-08-19 01:00:00+02:00;5520;19-8-2021;8;19;33;3;1;1;0
2021-08-19 02:00:00+02:00;5521;19-8-2021;8;19;33;3;2;1;0
2021-08-19 03:00:00+02:00;5522;19-8-2021;8;19;33;3;3;1;0
2021-08-19 04:00:00+02:00;5523;19-8-2021;8;19;33;3;4;1;0
2021-08-19 05:00:00+02:00;5524;19-8-2021;8;19;33;3;5;1;0
2021-08-19 06:00:00+02:00;5525;19-8-2021;8;19;33;3;6;1;0
2021-08-19 07:00:00+02:00;5526;19-8-2021;8;19;33;3;7;1;0
2021-08-19 08:00:00+02:00;5527;19-8-2021;8;19;33;3;8;1;60
2021-08-19 09:00:00+02:00;5528;19-8-2021;8;19;33;3;9;1;60
2021-08-19 10:00:00+02:00;5529;19-8-2021;8;19;33;3;10;1;90
2021-08-19 11:00:00+02:00;5530;19-8-2021;8;19;33;3;11;1;90
2021-08-19 12:00:00+02:00;5531;19-8-2021;8;19;33;3;12;1;50
2021-08-19 13:00:00+02:00;5532;19-8-2021;8;19;33;3;13;1;50
2021-08-19 14:00:00+02:00;5533;19-8-2021;8;19;33;3;14;1;80
2021-08-19 15:00:00+02:00;5534;19-8-2021;8;19;33;3;15;1;80
2021-08-19 16:00:00+02:00;5535;19-8-2021;8;19;33;3;16;1;80
2021-08-19 17:00:00+02:00;5536;19-8-2021;8;19;33;3;17;1;50
2021-08-19 18:00:00+02:00;5537;19-8-2021;8;19;33;3;18;1;42
2021-08-19 19:00:00+02:00;5538;19-8-2021;8;19;33;3;19;1;33
2021-08-19 20:00:00+02:00;5539;19-8-2021;8;19;33;3;20;1;25
2021-08-19 21:00:00+02:00;5540;19-8-2021;8;19;33;3;21;1;17
2021-08-19 22:00:00+02:00;5541;19-8-2021;8;19;33;3;22;1;8
2021-08-19 23:00:00+02:00;5542;19-8-2021;8;19;33;3;23;1;0
2021-08-20 00:00:00+02:00;5543;20-8-2021;8;20;33;4;0;1;0
2021-08-20 01:00:00+02:00;5544;20-8-2021;8;20;33;4;1;1;0
2021-08-20 02:00:00+02:00;5545;20-8-2021;8;20;33;4;2;1;0
2021-08-20 03:00:00+02:00;5546;20-8-2021;8;20;33;4;3;1;0
2021-08-20 04:00:00+02:00;5547;20-8-2021;8;20;33;4;4;1;0
2021-08-20 05:00:00+02:00;5548;20-8-2021;8;20;33;4;5;1;0
2021-08-20 06:00:00+02:00;5549;20-8-2021;8;20;33;4;6;1;0
2021-08-20 07:00:00+02:00;5550;20-8-2021;8;20;33;4;7;1;0
2021-08-20 08:00:00+02:00;5551;20-8-2021;8;20;33;4;8;1;60
2021-08-20 09:00:00+02:00;5552;20-8-2021;8;20;33;4;9;1;60
2021-08-20 10:00:00+02:00;5553;20-8-2021;8;20;33;4;10;1;90
2021-08-20 11:00:00+02:00;5554;20-8-2021;8;20;33;4;11;1;90
2021-08-20 12:00:00+02:00;5555;20-8-2021;8;20;33;4;12;1;50
2021-08-20 13:00:00+02:00;5556;20-8-2021;8;20;33;4;13;1;50
2021-08-20 14:00:00+02:00;5557;20-8-2021;8;20;33;4;14;1;80
2021-08-20 15:00:00+02:00;5558;20-8-2021;8;20;33;4;15;1;80
2021-08-20 16:00:00+02:00;5559;20-8-2021;8;20;33;4;16;1;80
2021-08-20 17:00:00+02:00;5560;20-8-2021;8;20;33;4;17;1;50
2021-08-20 18:00:00+02:00;5561;20-8-2021;8;20;33;4;18;1;42
2021-08-20 19:00:00+02:00;5562;20-8-2021;8;20;33;4;19;1;33
2021-08-20 20:00:00+02:00;5563;20-8-2021;8;20;33;4;20;1;25
2021-08-20 21:00:00+02:00;5564;20-8-2021;8;20;33;4;21;1;17
2021-08-20 22:00:00+02:00;5565;20-8-2021;8;20;33;4;22;1;8
2021-08-20 23:00:00+02:00;5566;20-8-2021;8;20;33;4;23;1;0
2021-08-21 00:00:00+02:00;5567;21-8-2021;8;21;33;5;0;2;0
2021-08-21 01:00:00+02:00;5568;21-8-2021;8;21;33;5;1;2;0
2021-08-21 02:00:00+02:00;5569;21-8-2021;8;21;33;5;2;2;0
2021-08-21 03:00:00+02:00;5570;21-8-2021;8;21;33;5;3;2;0
2021-08-21 04:00:00+02:00;5571;21-8-2021;8;21;33;5;4;2;0
2021-08-21 05:00:00+02:00;5572;21-8-2021;8;21;33;5;5;2;0
2021-08-21 06:00:00+02:00;5573;21-8-2021;8;21;33;5;6;2;0
2021-08-21 07:00:00+02:00;5574;21-8-2021;8;21;33;5;7;2;0
2021-08-21 08:00:00+02:00;5575;21-8-2021;8;21;33;5;8;2;0
2021-08-21 09:00:00+02:00;5576;21-8-2021;8;21;33;5;9;2;0
2021-08-21 10:00:00+02:00;5577;21-8-2021;8;21;33;5;10;2;50
2021-08-21 11:00:00+02:00;5578;21-8-2021;8;21;33;5;11;2;50
2021-08-21 12:00:00+02:00;5579;21-8-2021;8;21;33;5;12;2;30
2021-08-21 13:00:00+02:00;5580;21-8-2021;8;21;33;5;13;2;30
2021-08-21 14:00:00+02:00;5581;21-8-2021;8;21;33;5;14;2;50
2021-08-21 15:00:00+02:00;5582;21-8-2021;8;21;33;5;15;2;50
2021-08-21 16:00:00+02:00;5583;21-8-2021;8;21;33;5;16;2;50
2021-08-21 17:00:00+02:00;5584;21-8-2021;8;21;33;5;17;2;0
2021-08-21 18:00:00+02:00;5585;21-8-2021;8;21;33;5;18;2;0
2021-08-21 19:00:00+02:00;5586;21-8-2021;8;21;33;5;19;2;0
2021-08-21 20:00:00+02:00;5587;21-8-2021;8;21;33;5;20;2;0
2021-08-21 21:00:00+02:00;5588;21-8-2021;8;21;33;5;21;2;0
2021-08-21 22:00:00+02:00;5589;21-8-2021;8;21;33;5;22;2;0
2021-08-21 23:00:00+02:00;5590;21-8-2021;8;21;33;5;23;2;0
2021-08-22 00:00:00+02:00;5591;22-8-2021;8;22;33;6;0;3;0
2021-08-22 01:00:00+02:00;5592;22-8-2021;8;22;33;6;1;3;0
2021-08-22 02:00:00+02:00;5593;22-8-2021;8;22;33;6;2;3;0
2021-08-22 03:00:00+02:00;5594;22-8-2021;8;22;33;6;3;3;0
2021-08-22 04:00:00+02:00;5595;22-8-2021;8;22;33;6;4;3;0
2021-08-22 05:00:00+02:00;5596;22-8-2021;8;22;33;6;5;3;0
2021-08-22 06:00:00+02:00;5597;22-8-2021;8;22;33;6;6;3;0
2021-08-22 07:00:00+02:00;5598;22-8-2021;8;22;33;6;7;3;0
2021-08-22 08:00:00+02:00;5599;22-8-2021;8;22;33;6;8;3;0
2021-08-22 09:00:00+02:00;5600;22-8-2021;8;22;33;6;9;3;0
2021-08-22 10:00:00+02:00;5601;22-8-2021;8;22;33;6;10;3;0
2021-08-22 11:00:00+02:00;5602;22-8-2021;8;22;33;6;11;3;0
2021-08-22 12:00:00+02:00;5603;22-8-2021;8;22;33;6;12;3;0
2021-08-22 13:00:00+02:00;5604;22-8-2021;8;22;33;6;13;3;0
2021-08-22 14:00:00+02:00;5605;22-8-2021;8;22;33;6;14;3;0
2021-08-22 15:00:00+02:00;5606;22-8-2021;8;22;33;6;15;3;0
2021-08-22 16:00:00+02:00;5607;22-8-2021;8;22;33;6;16;3;0
2021-08-22 17:00:00+02:00;5608;22-8-2021;8;22;33;6;17;3;0
2021-08-22 18:00:00+02:00;5609;22-8-2021;8;22;33;6;18;3;0
2021-08-22 19:00:00+02:00;5610;22-8-2021;8;22;33;6;19;3;0
2021-08-22 20:00:00+02:00;5611;22-8-2021;8;22;33;6;20;3;0
2021-08-22 21:00:00+02:00;5612;22-8-2021;8;22;33;6;21;3;0
2021-08-22 22:00:00+02:00;5613;22-8-2021;8;22;33;6;22;3;0
2021-08-22 23:00:00+02:00;5614;22-8-2021;8;22;33;6;23;3;0
2021-08-23 00:00:00+02:00;5615;23-8-2021;8;23;34;0;0;1;0
2021-08-23 01:00:00+02:00;5616;23-8-2021;8;23;34;0;1;1;0
2021-08-23 02:00:00+02:00;5617;23-8-2021;8;23;34;0;2;1;0
2021-08-23 03:00:00+02:00;5618;23-8-2021;8;23;34;0;3;1;0
2021-08-23 04:00:00+02:00;5619;23-8-2021;8;23;34;0;4;1;0
2021-08-23 05:00:00+02:00;5620;23-8-2021;8;23;34;0;5;1;0
2021-08-23 06:00:00+02:00;5621;23-8-2021;8;23;34;0;6;1;0
2021-08-23 07:00:00+02:00;5622;23-8-2021;8;23;34;0;7;1;0
2021-08-23 08:00:00+02:00;5623;23-8-2021;8;23;34;0;8;1;60
2021-08-23 09:00:00+02:00;5624;23-8-2021;8;23;34;0;9;1;60
2021-08-23 10:00:00+02:00;5625;23-8-2021;8;23;34;0;10;1;90
2021-08-23 11:00:00+02:00;5626;23-8-2021;8;23;34;0;11;1;90
2021-08-23 12:00:00+02:00;5627;23-8-2021;8;23;34;0;12;1;50
2021-08-23 13:00:00+02:00;5628;23-8-2021;8;23;34;0;13;1;50
2021-08-23 14:00:00+02:00;5629;23-8-2021;8;23;34;0;14;1;80
2021-08-23 15:00:00+02:00;5630;23-8-2021;8;23;34;0;15;1;80
2021-08-23 16:00:00+02:00;5631;23-8-2021;8;23;34;0;16;1;80
2021-08-23 17:00:00+02:00;5632;23-8-2021;8;23;34;0;17;1;50
2021-08-23 18:00:00+02:00;5633;23-8-2021;8;23;34;0;18;1;42
2021-08-23 19:00:00+02:00;5634;23-8-2021;8;23;34;0;19;1;33
2021-08-23 20:00:00+02:00;5635;23-8-2021;8;23;34;0;20;1;25
2021-08-23 21:00:00+02:00;5636;23-8-2021;8;23;34;0;21;1;17
2021-08-23 22:00:00+02:00;5637;23-8-2021;8;23;34;0;22;1;8
2021-08-23 23:00:00+02:00;5638;23-8-2021;8;23;34;0;23;1;0
2021-08-24 00:00:00+02:00;5639;24-8-2021;8;24;34;1;0;1;0
2021-08-24 01:00:00+02:00;5640;24-8-2021;8;24;34;1;1;1;0
2021-08-24 02:00:00+02:00;5641;24-8-2021;8;24;34;1;2;1;0
2021-08-24 03:00:00+02:00;5642;24-8-2021;8;24;34;1;3;1;0
2021-08-24 04:00:00+02:00;5643;24-8-2021;8;24;34;1;4;1;0
2021-08-24 05:00:00+02:00;5644;24-8-2021;8;24;34;1;5;1;0
2021-08-24 06:00:00+02:00;5645;24-8-2021;8;24;34;1;6;1;0
2021-08-24 07:00:00+02:00;5646;24-8-2021;8;24;34;1;7;1;0
2021-08-24 08:00:00+02:00;5647;24-8-2021;8;24;34;1;8;1;60
2021-08-24 09:00:00+02:00;5648;24-8-2021;8;24;34;1;9;1;60
2021-08-24 10:00:00+02:00;5649;24-8-2021;8;24;34;1;10;1;90
2021-08-24 11:00:00+02:00;5650;24-8-2021;8;24;34;1;11;1;90
2021-08-24 12:00:00+02:00;5651;24-8-2021;8;24;34;1;12;1;50
2021-08-24 13:00:00+02:00;5652;24-8-2021;8;24;34;1;13;1;50
2021-08-24 14:00:00+02:00;5653;24-8-2021;8;24;34;1;14;1;80
2021-08-24 15:00:00+02:00;5654;24-8-2021;8;24;34;1;15;1;80
2021-08-24 16:00:00+02:00;5655;24-8-2021;8;24;34;1;16;1;80
2021-08-24 17:00:00+02:00;5656;24-8-2021;8;24;34;1;17;1;50
2021-08-24 18:00:00+02:00;5657;24-8-2021;8;24;34;1;18;1;42
2021-08-24 19:00:00+02:00;5658;24-8-2021;8;24;34;1;19;1;33
2021-08-24 20:00:00+02:00;5659;24-8-2021;8;24;34;1;20;1;25
2021-08-24 21:00:00+02:00;5660;24-8-2021;8;24;34;1;21;1;17
2021-08-24 22:00:00+02:00;5661;24-8-2021;8;24;34;1;22;1;8
2021-08-24 23:00:00+02:00;5662;24-8-2021;8;24;34;1;23;1;0
2021-08-25 00:00:00+02:00;5663;25-8-2021;8;25;34;2;0;1;0
2021-08-25 01:00:00+02:00;5664;25-8-2021;8;25;34;2;1;1;0
2021-08-25 02:00:00+02:00;5665;25-8-2021;8;25;34;2;2;1;0
2021-08-25 03:00:00+02:00;5666;25-8-2021;8;25;34;2;3;1;0
2021-08-25 04:00:00+02:00;5667;25-8-2021;8;25;34;2;4;1;0
2021-08-25 05:00:00+02:00;5668;25-8-2021;8;25;34;2;5;1;0
2021-08-25 06:00:00+02:00;5669;25-8-2021;8;25;34;2;6;1;0
2021-08-25 07:00:00+02:00;5670;25-8-2021;8;25;34;2;7;1;0
2021-08-25 08:00:00+02:00;5671;25-8-2021;8;25;34;2;8;1;60
2021-08-25 09:00:00+02:00;5672;25-8-2021;8;25;34;2;9;1;60
2021-08-25 10:00:00+02:00;5673;25-8-2021;8;25;34;2;10;1;90
2021-08-25 11:00:00+02:00;5674;25-8-2021;8;25;34;2;11;1;90
2021-08-25 12:00:00+02:00;5675;25-8-2021;8;25;34;2;12;1;50
2021-08-25 13:00:00+02:00;5676;25-8-2021;8;25;34;2;13;1;50
2021-08-25 14:00:00+02:00;5677;25-8-2021;8;25;34;2;14;1;80
2021-08-25 15:00:00+02:00;5678;25-8-2021;8;25;34;2;15;1;80
2021-08-25 16:00:00+02:00;5679;25-8-2021;8;25;34;2;16;1;80
2021-08-25 17:00:00+02:00;5680;25-8-2021;8;25;34;2;17;1;50
2021-08-25 18:00:00+02:00;5681;25-8-2021;8;25;34;2;18;1;42
2021-08-25 19:00:00+02:00;5682;25-8-2021;8;25;34;2;19;1;33
2021-08-25 20:00:00+02:00;5683;25-8-2021;8;25;34;2;20;1;25
2021-08-25 21:00:00+02:00;5684;25-8-2021;8;25;34;2;21;1;17
2021-08-25 22:00:00+02:00;5685;25-8-2021;8;25;34;2;22;1;8
2021-08-25 23:00:00+02:00;5686;25-8-2021;8;25;34;2;23;1;0
2021-08-26 00:00:00+02:00;5687;26-8-2021;8;26;34;3;0;1;0
2021-08-26 01:00:00+02:00;5688;26-8-2021;8;26;34;3;1;1;0
2021-08-26 02:00:00+02:00;5689;26-8-2021;8;26;34;3;2;1;0
2021-08-26 03:00:00+02:00;5690;26-8-2021;8;26;34;3;3;1;0
2021-08-26 04:00:00+02:00;5691;26-8-2021;8;26;34;3;4;1;0
2021-08-26 05:00:00+02:00;5692;26-8-2021;8;26;34;3;5;1;0
2021-08-26 06:00:00+02:00;5693;26-8-2021;8;26;34;3;6;1;0
2021-08-26 07:00:00+02:00;5694;26-8-2021;8;26;34;3;7;1;0
2021-08-26 08:00:00+02:00;5695;26-8-2021;8;26;34;3;8;1;60
2021-08-26 09:00:00+02:00;5696;26-8-2021;8;26;34;3;9;1;60
2021-08-26 10:00:00+02:00;5697;26-8-2021;8;26;34;3;10;1;90
2021-08-26 11:00:00+02:00;5698;26-8-2021;8;26;34;3;11;1;90
2021-08-26 12:00:00+02:00;5699;26-8-2021;8;26;34;3;12;1;50
2021-08-26 13:00:00+02:00;5700;26-8-2021;8;26;34;3;13;1;50
2021-08-26 14:00:00+02:00;5701;26-8-2021;8;26;34;3;14;1;80
2021-08-26 15:00:00+02:00;5702;26-8-2021;8;26;34;3;15;1;80
2021-08-26 16:00:00+02:00;5703;26-8-2021;8;26;34;3;16;1;80
2021-08-26 17:00:00+02:00;5704;26-8-2021;8;26;34;3;17;1;50
2021-08-26 18:00:00+02:00;5705;26-8-2021;8;26;34;3;18;1;42
2021-08-26 19:00:00+02:00;5706;26-8-2021;8;26;34;3;19;1;33
2021-08-26 20:00:00+02:00;5707;26-8-2021;8;26;34;3;20;1;25
2021-08-26 21:00:00+02:00;5708;26-8-2021;8;26;34;3;21;1;17
2021-08-26 22:00:00+02:00;5709;26-8-2021;8;26;34;3;22;1;8
2021-08-26 23:00:00+02:00;5710;26-8-2021;8;26;34;3;23;1;0
2021-08-27 00:00:00+02:00;5711;27-8-2021;8;27;34;4;0;1;0
2021-08-27 01:00:00+02:00;5712;27-8-2021;8;27;34;4;1;1;0
2021-08-27 02:00:00+02:00;5713;27-8-2021;8;27;34;4;2;1;0
2021-08-27 03:00:00+02:00;5714;27-8-2021;8;27;34;4;3;1;0
2021-08-27 04:00:00+02:00;5715;27-8-2021;8;27;34;4;4;1;0
2021-08-27 05:00:00+02:00;5716;27-8-2021;8;27;34;4;5;1;0
2021-08-27 06:00:00+02:00;5717;27-8-2021;8;27;34;4;6;1;0
2021-08-27 07:00:00+02:00;5718;27-8-2021;8;27;34;4;7;1;0
2021-08-27 08:00:00+02:00;5719;27-8-2021;8;27;34;4;8;1;60
2021-08-27 09:00:00+02:00;5720;27-8-2021;8;27;34;4;9;1;60
2021-08-27 10:00:00+02:00;5721;27-8-2021;8;27;34;4;10;1;90
2021-08-27 11:00:00+02:00;5722;27-8-2021;8;27;34;4;11;1;90
2021-08-27 12:00:00+02:00;5723;27-8-2021;8;27;34;4;12;1;50
2021-08-27 13:00:00+02:00;5724;27-8-2021;8;27;34;4;13;1;50
2021-08-27 14:00:00+02:00;5725;27-8-2021;8;27;34;4;14;1;80
2021-08-27 15:00:00+02:00;5726;27-8-2021;8;27;34;4;15;1;80
2021-08-27 16:00:00+02:00;5727;27-8-2021;8;27;34;4;16;1;80
2021-08-27 17:00:00+02:00;5728;27-8-2021;8;27;34;4;17;1;50
2021-08-27 18:00:00+02:00;5729;27-8-2021;8;27;34;4;18;1;42
2021-08-27 19:00:00+02:00;5730;27-8-2021;8;27;34;4;19;1;33
2021-08-27 20:00:00+02:00;5731;27-8-2021;8;27;34;4;20;1;25
2021-08-27 21:00:00+02:00;5732;27-8-2021;8;27;34;4;21;1;17
2021-08-27 22:00:00+02:00;5733;27-8-2021;8;27;34;4;22;1;8
2021-08-27 23:00:00+02:00;5734;27-8-2021;8;27;34;4;23;1;0
2021-08-28 00:00:00+02:00;5735;28-8-2021;8;28;34;5;0;2;0
2021-08-28 01:00:00+02:00;5736;28-8-2021;8;28;34;5;1;2;0
2021-08-28 02:00:00+02:00;5737;28-8-2021;8;28;34;5;2;2;0
2021-08-28 03:00:00+02:00;5738;28-8-2021;8;28;34;5;3;2;0
2021-08-28 04:00:00+02:00;5739;28-8-2021;8;28;34;5;4;2;0
2021-08-28 05:00:00+02:00;5740;28-8-2021;8;28;34;5;5;2;0
2021-08-28 06:00:00+02:00;5741;28-8-2021;8;28;34;5;6;2;0
2021-08-28 07:00:00+02:00;5742;28-8-2021;8;28;34;5;7;2;0
2021-08-28 08:00:00+02:00;5743;28-8-2021;8;28;34;5;8;2;0
2021-08-28 09:00:00+02:00;5744;28-8-2021;8;28;34;5;9;2;0
2021-08-28 10:00:00+02:00;5745;28-8-2021;8;28;34;5;10;2;50
2021-08-28 11:00:00+02:00;5746;28-8-2021;8;28;34;5;11;2;50
2021-08-28 12:00:00+02:00;5747;28-8-2021;8;28;34;5;12;2;30
2021-08-28 13:00:00+02:00;5748;28-8-2021;8;28;34;5;13;2;30
2021-08-28 14:00:00+02:00;5749;28-8-2021;8;28;34;5;14;2;50
2021-08-28 15:00:00+02:00;5750;28-8-2021;8;28;34;5;15;2;50
2021-08-28 16:00:00+02:00;5751;28-8-2021;8;28;34;5;16;2;50
2021-08-28 17:00:00+02:00;5752;28-8-2021;8;28;34;5;17;2;0
2021-08-28 18:00:00+02:00;5753;28-8-2021;8;28;34;5;18;2;0
2021-08-28 19:00:00+02:00;5754;28-8-2021;8;28;34;5;19;2;0
2021-08-28 20:00:00+02:00;5755;28-8-2021;8;28;34;5;20;2;0
2021-08-28 21:00:00+02:00;5756;28-8-2021;8;28;34;5;21;2;0
2021-08-28 22:00:00+02:00;5757;28-8-2021;8;28;34;5;22;2;0
2021-08-28 23:00:00+02:00;5758;28-8-2021;8;28;34;5;23;2;0
2021-08-29 00:00:00+02:00;5759;29-8-2021;8;29;34;6;0;3;0
2021-08-29 01:00:00+02:00;5760;29-8-2021;8;29;34;6;1;3;0
2021-08-29 02:00:00+02:00;5761;29-8-2021;8;29;34;6;2;3;0
2021-08-29 03:00:00+02:00;5762;29-8-2021;8;29;34;6;3;3;0
2021-08-29 04:00:00+02:00;5763;29-8-2021;8;29;34;6;4;3;0
2021-08-29 05:00:00+02:00;5764;29-8-2021;8;29;34;6;5;3;0
2021-08-29 06:00:00+02:00;5765;29-8-2021;8;29;34;6;6;3;0
2021-08-29 07:00:00+02:00;5766;29-8-2021;8;29;34;6;7;3;0
2021-08-29 08:00:00+02:00;5767;29-8-2021;8;29;34;6;8;3;0
2021-08-29 09:00:00+02:00;5768;29-8-2021;8;29;34;6;9;3;0
2021-08-29 10:00:00+02:00;5769;29-8-2021;8;29;34;6;10;3;0
2021-08-29 11:00:00+02:00;5770;29-8-2021;8;29;34;6;11;3;0
2021-08-29 12:00:00+02:00;5771;29-8-2021;8;29;34;6;12;3;0
2021-08-29 13:00:00+02:00;5772;29-8-2021;8;29;34;6;13;3;0
2021-08-29 14:00:00+02:00;5773;29-8-2021;8;29;34;6;14;3;0
2021-08-29 15:00:00+02:00;5774;29-8-2021;8;29;34;6;15;3;0
2021-08-29 16:00:00+02:00;5775;29-8-2021;8;29;34;6;16;3;0
2021-08-29 17:00:00+02:00;5776;29-8-2021;8;29;34;6;17;3;0
2021-08-29 18:00:00+02:00;5777;29-8-2021;8;29;34;6;18;3;0
2021-08-29 19:00:00+02:00;5778;29-8-2021;8;29;34;6;19;3;0
2021-08-29 20:00:00+02:00;5779;29-8-2021;8;29;34;6;20;3;0
2021-08-29 21:00:00+02:00;5780;29-8-2021;8;29;34;6;21;3;0
2021-08-29 22:00:00+02:00;5781;29-8-2021;8;29;34;6;22;3;0
2021-08-29 23:00:00+02:00;5782;29-8-2021;8;29;34;6;23;3;0
2021-08-30 00:00:00+02:00;5783;30-8-2021;8;30;35;0;0;1;0
2021-08-30 01:00:00+02:00;5784;30-8-2021;8;30;35;0;1;1;0
2021-08-30 02:00:00+02:00;5785;30-8-2021;8;30;35;0;2;1;0
2021-08-30 03:00:00+02:00;5786;30-8-2021;8;30;35;0;3;1;0
2021-08-30 04:00:00+02:00;5787;30-8-2021;8;30;35;0;4;1;0
2021-08-30 05:00:00+02:00;5788;30-8-2021;8;30;35;0;5;1;0
2021-08-30 06:00:00+02:00;5789;30-8-2021;8;30;35;0;6;1;0
2021-08-30 07:00:00+02:00;5790;30-8-2021;8;30;35;0;7;1;0
2021-08-30 08:00:00+02:00;5791;30-8-2021;8;30;35;0;8;1;60
2021-08-30 09:00:00+02:00;5792;30-8-2021;8;30;35;0;9;1;60
2021-08-30 10:00:00+02:00;5793;30-8-2021;8;30;35;0;10;1;90
2021-08-30 11:00:00+02:00;5794;30-8-2021;8;30;35;0;11;1;90
2021-08-30 12:00:00+02:00;5795;30-8-2021;8;30;35;0;12;1;50
2021-08-30 13:00:00+02:00;5796;30-8-2021;8;30;35;0;13;1;50
2021-08-30 14:00:00+02:00;5797;30-8-2021;8;30;35;0;14;1;80
2021-08-30 15:00:00+02:00;5798;30-8-2021;8;30;35;0;15;1;80
2021-08-30 16:00:00+02:00;5799;30-8-2021;8;30;35;0;16;1;80
2021-08-30 17:00:00+02:00;5800;30-8-2021;8;30;35;0;17;1;50
2021-08-30 18:00:00+02:00;5801;30-8-2021;8;30;35;0;18;1;42
2021-08-30 19:00:00+02:00;5802;30-8-2021;8;30;35;0;19;1;33
2021-08-30 20:00:00+02:00;5803;30-8-2021;8;30;35;0;20;1;25
2021-08-30 21:00:00+02:00;5804;30-8-2021;8;30;35;0;21;1;17
2021-08-30 22:00:00+02:00;5805;30-8-2021;8;30;35;0;22;1;8
2021-08-30 23:00:00+02:00;5806;30-8-2021;8;30;35;0;23;1;0
2021-08-31 00:00:00+02:00;5807;31-8-2021;8;31;35;1;0;1;0
2021-08-31 01:00:00+02:00;5808;31-8-2021;8;31;35;1;1;1;0
2021-08-31 02:00:00+02:00;5809;31-8-2021;8;31;35;1;2;1;0
2021-08-31 03:00:00+02:00;5810;31-8-2021;8;31;35;1;3;1;0
2021-08-31 04:00:00+02:00;5811;31-8-2021;8;31;35;1;4;1;0
2021-08-31 05:00:00+02:00;5812;31-8-2021;8;31;35;1;5;1;0
2021-08-31 06:00:00+02:00;5813;31-8-2021;8;31;35;1;6;1;0
2021-08-31 07:00:00+02:00;5814;31-8-2021;8;31;35;1;7;1;0
2021-08-31 08:00:00+02:00;5815;31-8-2021;8;31;35;1;8;1;60
2021-08-31 09:00:00+02:00;5816;31-8-2021;8;31;35;1;9;1;60
2021-08-31 10:00:00+02:00;5817;31-8-2021;8;31;35;1;10;1;90
2021-08-31 11:00:00+02:00;5818;31-8-2021;8;31;35;1;11;1;90
2021-08-31 12:00:00+02:00;5819;31-8-2021;8;31;35;1;12;1;50
2021-08-31 13:00:00+02:00;5820;31-8-2021;8;31;35;1;13;1;50
2021-08-31 14:00:00+02:00;5821;31-8-2021;8;31;35;1;14;1;80
2021-08-31 15:00:00+02:00;5822;31-8-2021;8;31;35;1;15;1;80
2021-08-31 16:00:00+02:00;5823;31-8-2021;8;31;35;1;16;1;80
2021-08-31 17:00:00+02:00;5824;31-8-2021;8;31;35;1;17;1;50
2021-08-31 18:00:00+02:00;5825;31-8-2021;8;31;35;1;18;1;42
2021-08-31 19:00:00+02:00;5826;31-8-2021;8;31;35;1;19;1;33
2021-08-31 20:00:00+02:00;5827;31-8-2021;8;31;35;1;20;1;25
2021-08-31 21:00:00+02:00;5828;31-8-2021;8;31;35;1;21;1;17
2021-08-31 22:00:00+02:00;5829;31-8-2021;8;31;35;1;22;1;8
2021-08-31 23:00:00+02:00;5830;31-8-2021;8;31;35;1;23;1;0
2021-09-01 00:00:00+02:00;5831;1-9-2021;9;1;35;2;0;1;0
2021-09-01 01:00:00+02:00;5832;1-9-2021;9;1;35;2;1;1;0
2021-09-01 02:00:00+02:00;5833;1-9-2021;9;1;35;2;2;1;0
2021-09-01 03:00:00+02:00;5834;1-9-2021;9;1;35;2;3;1;0
2021-09-01 04:00:00+02:00;5835;1-9-2021;9;1;35;2;4;1;0
2021-09-01 05:00:00+02:00;5836;1-9-2021;9;1;35;2;5;1;0
2021-09-01 06:00:00+02:00;5837;1-9-2021;9;1;35;2;6;1;0
2021-09-01 07:00:00+02:00;5838;1-9-2021;9;1;35;2;7;1;0
2021-09-01 08:00:00+02:00;5839;1-9-2021;9;1;35;2;8;1;60
2021-09-01 09:00:00+02:00;5840;1-9-2021;9;1;35;2;9;1;60
2021-09-01 10:00:00+02:00;5841;1-9-2021;9;1;35;2;10;1;90
2021-09-01 11:00:00+02:00;5842;1-9-2021;9;1;35;2;11;1;90
2021-09-01 12:00:00+02:00;5843;1-9-2021;9;1;35;2;12;1;50
2021-09-01 13:00:00+02:00;5844;1-9-2021;9;1;35;2;13;1;50
2021-09-01 14:00:00+02:00;5845;1-9-2021;9;1;35;2;14;1;80
2021-09-01 15:00:00+02:00;5846;1-9-2021;9;1;35;2;15;1;80
2021-09-01 16:00:00+02:00;5847;1-9-2021;9;1;35;2;16;1;80
2021-09-01 17:00:00+02:00;5848;1-9-2021;9;1;35;2;17;1;50
2021-09-01 18:00:00+02:00;5849;1-9-2021;9;1;35;2;18;1;42
2021-09-01 19:00:00+02:00;5850;1-9-2021;9;1;35;2;19;1;33
2021-09-01 20:00:00+02:00;5851;1-9-2021;9;1;35;2;20;1;25
2021-09-01 21:00:00+02:00;5852;1-9-2021;9;1;35;2;21;1;17
2021-09-01 22:00:00+02:00;5853;1-9-2021;9;1;35;2;22;1;8
2021-09-01 23:00:00+02:00;5854;1-9-2021;9;1;35;2;23;1;0
2021-09-02 00:00:00+02:00;5855;2-9-2021;9;2;35;3;0;1;0
2021-09-02 01:00:00+02:00;5856;2-9-2021;9;2;35;3;1;1;0
2021-09-02 02:00:00+02:00;5857;2-9-2021;9;2;35;3;2;1;0
2021-09-02 03:00:00+02:00;5858;2-9-2021;9;2;35;3;3;1;0
2021-09-02 04:00:00+02:00;5859;2-9-2021;9;2;35;3;4;1;0
2021-09-02 05:00:00+02:00;5860;2-9-2021;9;2;35;3;5;1;0
2021-09-02 06:00:00+02:00;5861;2-9-2021;9;2;35;3;6;1;0
2021-09-02 07:00:00+02:00;5862;2-9-2021;9;2;35;3;7;1;0
2021-09-02 08:00:00+02:00;5863;2-9-2021;9;2;35;3;8;1;60
2021-09-02 09:00:00+02:00;5864;2-9-2021;9;2;35;3;9;1;60
2021-09-02 10:00:00+02:00;5865;2-9-2021;9;2;35;3;10;1;90
2021-09-02 11:00:00+02:00;5866;2-9-2021;9;2;35;3;11;1;90
2021-09-02 12:00:00+02:00;5867;2-9-2021;9;2;35;3;12;1;50
2021-09-02 13:00:00+02:00;5868;2-9-2021;9;2;35;3;13;1;50
2021-09-02 14:00:00+02:00;5869;2-9-2021;9;2;35;3;14;1;80
2021-09-02 15:00:00+02:00;5870;2-9-2021;9;2;35;3;15;1;80
2021-09-02 16:00:00+02:00;5871;2-9-2021;9;2;35;3;16;1;80
2021-09-02 17:00:00+02:00;5872;2-9-2021;9;2;35;3;17;1;50
2021-09-02 18:00:00+02:00;5873;2-9-2021;9;2;35;3;18;1;42
2021-09-02 19:00:00+02:00;5874;2-9-2021;9;2;35;3;19;1;33
2021-09-02 20:00:00+02:00;5875;2-9-2021;9;2;35;3;20;1;25
2021-09-02 21:00:00+02:00;5876;2-9-2021;9;2;35;3;21;1;17
2021-09-02 22:00:00+02:00;5877;2-9-2021;9;2;35;3;22;1;8
2021-09-02 23:00:00+02:00;5878;2-9-2021;9;2;35;3;23;1;0
2021-09-03 00:00:00+02:00;5879;3-9-2021;9;3;35;4;0;1;0
2021-09-03 01:00:00+02:00;5880;3-9-2021;9;3;35;4;1;1;0
2021-09-03 02:00:00+02:00;5881;3-9-2021;9;3;35;4;2;1;0
2021-09-03 03:00:00+02:00;5882;3-9-2021;9;3;35;4;3;1;0
2021-09-03 04:00:00+02:00;5883;3-9-2021;9;3;35;4;4;1;0
2021-09-03 05:00:00+02:00;5884;3-9-2021;9;3;35;4;5;1;0
2021-09-03 06:00:00+02:00;5885;3-9-2021;9;3;35;4;6;1;0
2021-09-03 07:00:00+02:00;5886;3-9-2021;9;3;35;4;7;1;0
2021-09-03 08:00:00+02:00;5887;3-9-2021;9;3;35;4;8;1;60
2021-09-03 09:00:00+02:00;5888;3-9-2021;9;3;35;4;9;1;60
2021-09-03 10:00:00+02:00;5889;3-9-2021;9;3;35;4;10;1;90
2021-09-03 11:00:00+02:00;5890;3-9-2021;9;3;35;4;11;1;90
2021-09-03 12:00:00+02:00;5891;3-9-2021;9;3;35;4;12;1;50
2021-09-03 13:00:00+02:00;5892;3-9-2021;9;3;35;4;13;1;50
2021-09-03 14:00:00+02:00;5893;3-9-2021;9;3;35;4;14;1;80
2021-09-03 15:00:00+02:00;5894;3-9-2021;9;3;35;4;15;1;80
2021-09-03 16:00:00+02:00;5895;3-9-2021;9;3;35;4;16;1;80
2021-09-03 17:00:00+02:00;5896;3-9-2021;9;3;35;4;17;1;50
2021-09-03 18:00:00+02:00;5897;3-9-2021;9;3;35;4;18;1;42
2021-09-03 19:00:00+02:00;5898;3-9-2021;9;3;35;4;19;1;33
2021-09-03 20:00:00+02:00;5899;3-9-2021;9;3;35;4;20;1;25
2021-09-03 21:00:00+02:00;5900;3-9-2021;9;3;35;4;21;1;17
2021-09-03 22:00:00+02:00;5901;3-9-2021;9;3;35;4;22;1;8
2021-09-03 23:00:00+02:00;5902;3-9-2021;9;3;35;4;23;1;0
2021-09-04 00:00:00+02:00;5903;4-9-2021;9;4;35;5;0;2;0
2021-09-04 01:00:00+02:00;5904;4-9-2021;9;4;35;5;1;2;0
2021-09-04 02:00:00+02:00;5905;4-9-2021;9;4;35;5;2;2;0
2021-09-04 03:00:00+02:00;5906;4-9-2021;9;4;35;5;3;2;0
2021-09-04 04:00:00+02:00;5907;4-9-2021;9;4;35;5;4;2;0
2021-09-04 05:00:00+02:00;5908;4-9-2021;9;4;35;5;5;2;0
2021-09-04 06:00:00+02:00;5909;4-9-2021;9;4;35;5;6;2;0
2021-09-04 07:00:00+02:00;5910;4-9-2021;9;4;35;5;7;2;0
2021-09-04 08:00:00+02:00;5911;4-9-2021;9;4;35;5;8;2;0
2021-09-04 09:00:00+02:00;5912;4-9-2021;9;4;35;5;9;2;0
2021-09-04 10:00:00+02:00;5913;4-9-2021;9;4;35;5;10;2;50
2021-09-04 11:00:00+02:00;5914;4-9-2021;9;4;35;5;11;2;50
2021-09-04 12:00:00+02:00;5915;4-9-2021;9;4;35;5;12;2;30
2021-09-04 13:00:00+02:00;5916;4-9-2021;9;4;35;5;13;2;30
2021-09-04 14:00:00+02:00;5917;4-9-2021;9;4;35;5;14;2;50
2021-09-04 15:00:00+02:00;5918;4-9-2021;9;4;35;5;15;2;50
2021-09-04 16:00:00+02:00;5919;4-9-2021;9;4;35;5;16;2;50
2021-09-04 17:00:00+02:00;5920;4-9-2021;9;4;35;5;17;2;0
2021-09-04 18:00:00+02:00;5921;4-9-2021;9;4;35;5;18;2;0
2021-09-04 19:00:00+02:00;5922;4-9-2021;9;4;35;5;19;2;0
2021-09-04 20:00:00+02:00;5923;4-9-2021;9;4;35;5;20;2;0
2021-09-04 21:00:00+02:00;5924;4-9-2021;9;4;35;5;21;2;0
2021-09-04 22:00:00+02:00;5925;4-9-2021;9;4;35;5;22;2;0
2021-09-04 23:00:00+02:00;5926;4-9-2021;9;4;35;5;23;2;0
2021-09-05 00:00:00+02:00;5927;5-9-2021;9;5;35;6;0;3;0
2021-09-05 01:00:00+02:00;5928;5-9-2021;9;5;35;6;1;3;0
2021-09-05 02:00:00+02:00;5929;5-9-2021;9;5;35;6;2;3;0
2021-09-05 03:00:00+02:00;5930;5-9-2021;9;5;35;6;3;3;0
2021-09-05 04:00:00+02:00;5931;5-9-2021;9;5;35;6;4;3;0
2021-09-05 05:00:00+02:00;5932;5-9-2021;9;5;35;6;5;3;0
2021-09-05 06:00:00+02:00;5933;5-9-2021;9;5;35;6;6;3;0
2021-09-05 07:00:00+02:00;5934;5-9-2021;9;5;35;6;7;3;0
2021-09-05 08:00:00+02:00;5935;5-9-2021;9;5;35;6;8;3;0
2021-09-05 09:00:00+02:00;5936;5-9-2021;9;5;35;6;9;3;0
2021-09-05 10:00:00+02:00;5937;5-9-2021;9;5;35;6;10;3;0
2021-09-05 11:00:00+02:00;5938;5-9-2021;9;5;35;6;11;3;0
2021-09-05 12:00:00+02:00;5939;5-9-2021;9;5;35;6;12;3;0
2021-09-05 13:00:00+02:00;5940;5-9-2021;9;5;35;6;13;3;0
2021-09-05 14:00:00+02:00;5941;5-9-2021;9;5;35;6;14;3;0
2021-09-05 15:00:00+02:00;5942;5-9-2021;9;5;35;6;15;3;0
2021-09-05 16:00:00+02:00;5943;5-9-2021;9;5;35;6;16;3;0
2021-09-05 17:00:00+02:00;5944;5-9-2021;9;5;35;6;17;3;0
2021-09-05 18:00:00+02:00;5945;5-9-2021;9;5;35;6;18;3;0
2021-09-05 19:00:00+02:00;5946;5-9-2021;9;5;35;6;19;3;0
2021-09-05 20:00:00+02:00;5947;5-9-2021;9;5;35;6;20;3;0
2021-09-05 21:00:00+02:00;5948;5-9-2021;9;5;35;6;21;3;0
2021-09-05 22:00:00+02:00;5949;5-9-2021;9;5;35;6;22;3;0
2021-09-05 23:00:00+02:00;5950;5-9-2021;9;5;35;6;23;3;0
2021-09-06 00:00:00+02:00;5951;6-9-2021;9;6;36;0;0;1;0
2021-09-06 01:00:00+02:00;5952;6-9-2021;9;6;36;0;1;1;0
2021-09-06 02:00:00+02:00;5953;6-9-2021;9;6;36;0;2;1;0
2021-09-06 03:00:00+02:00;5954;6-9-2021;9;6;36;0;3;1;0
2021-09-06 04:00:00+02:00;5955;6-9-2021;9;6;36;0;4;1;0
2021-09-06 05:00:00+02:00;5956;6-9-2021;9;6;36;0;5;1;0
2021-09-06 06:00:00+02:00;5957;6-9-2021;9;6;36;0;6;1;0
2021-09-06 07:00:00+02:00;5958;6-9-2021;9;6;36;0;7;1;0
2021-09-06 08:00:00+02:00;5959;6-9-2021;9;6;36;0;8;1;60
2021-09-06 09:00:00+02:00;5960;6-9-2021;9;6;36;0;9;1;60
2021-09-06 10:00:00+02:00;5961;6-9-2021;9;6;36;0;10;1;90
2021-09-06 11:00:00+02:00;5962;6-9-2021;9;6;36;0;11;1;90
2021-09-06 12:00:00+02:00;5963;6-9-2021;9;6;36;0;12;1;50
2021-09-06 13:00:00+02:00;5964;6-9-2021;9;6;36;0;13;1;50
2021-09-06 14:00:00+02:00;5965;6-9-2021;9;6;36;0;14;1;80
2021-09-06 15:00:00+02:00;5966;6-9-2021;9;6;36;0;15;1;80
2021-09-06 16:00:00+02:00;5967;6-9-2021;9;6;36;0;16;1;80
2021-09-06 17:00:00+02:00;5968;6-9-2021;9;6;36;0;17;1;50
2021-09-06 18:00:00+02:00;5969;6-9-2021;9;6;36;0;18;1;42
2021-09-06 19:00:00+02:00;5970;6-9-2021;9;6;36;0;19;1;33
2021-09-06 20:00:00+02:00;5971;6-9-2021;9;6;36;0;20;1;25
2021-09-06 21:00:00+02:00;5972;6-9-2021;9;6;36;0;21;1;17
2021-09-06 22:00:00+02:00;5973;6-9-2021;9;6;36;0;22;1;8
2021-09-06 23:00:00+02:00;5974;6-9-2021;9;6;36;0;23;1;0
2021-09-07 00:00:00+02:00;5975;7-9-2021;9;7;36;1;0;1;0
2021-09-07 01:00:00+02:00;5976;7-9-2021;9;7;36;1;1;1;0
2021-09-07 02:00:00+02:00;5977;7-9-2021;9;7;36;1;2;1;0
2021-09-07 03:00:00+02:00;5978;7-9-2021;9;7;36;1;3;1;0
2021-09-07 04:00:00+02:00;5979;7-9-2021;9;7;36;1;4;1;0
2021-09-07 05:00:00+02:00;5980;7-9-2021;9;7;36;1;5;1;0
2021-09-07 06:00:00+02:00;5981;7-9-2021;9;7;36;1;6;1;0
2021-09-07 07:00:00+02:00;5982;7-9-2021;9;7;36;1;7;1;0
2021-09-07 08:00:00+02:00;5983;7-9-2021;9;7;36;1;8;1;60
2021-09-07 09:00:00+02:00;5984;7-9-2021;9;7;36;1;9;1;60
2021-09-07 10:00:00+02:00;5985;7-9-2021;9;7;36;1;10;1;90
2021-09-07 11:00:00+02:00;5986;7-9-2021;9;7;36;1;11;1;90
2021-09-07 12:00:00+02:00;5987;7-9-2021;9;7;36;1;12;1;50
2021-09-07 13:00:00+02:00;5988;7-9-2021;9;7;36;1;13;1;50
2021-09-07 14:00:00+02:00;5989;7-9-2021;9;7;36;1;14;1;80
2021-09-07 15:00:00+02:00;5990;7-9-2021;9;7;36;1;15;1;80
2021-09-07 16:00:00+02:00;5991;7-9-2021;9;7;36;1;16;1;80
2021-09-07 17:00:00+02:00;5992;7-9-2021;9;7;36;1;17;1;50
2021-09-07 18:00:00+02:00;5993;7-9-2021;9;7;36;1;18;1;42
2021-09-07 19:00:00+02:00;5994;7-9-2021;9;7;36;1;19;1;33
2021-09-07 20:00:00+02:00;5995;7-9-2021;9;7;36;1;20;1;25
2021-09-07 21:00:00+02:00;5996;7-9-2021;9;7;36;1;21;1;17
2021-09-07 22:00:00+02:00;5997;7-9-2021;9;7;36;1;22;1;8
2021-09-07 23:00:00+02:00;5998;7-9-2021;9;7;36;1;23;1;0
2021-09-08 00:00:00+02:00;5999;8-9-2021;9;8;36;2;0;1;0
2021-09-08 01:00:00+02:00;6000;8-9-2021;9;8;36;2;1;1;0
2021-09-08 02:00:00+02:00;6001;8-9-2021;9;8;36;2;2;1;0
2021-09-08 03:00:00+02:00;6002;8-9-2021;9;8;36;2;3;1;0
2021-09-08 04:00:00+02:00;6003;8-9-2021;9;8;36;2;4;1;0
2021-09-08 05:00:00+02:00;6004;8-9-2021;9;8;36;2;5;1;0
2021-09-08 06:00:00+02:00;6005;8-9-2021;9;8;36;2;6;1;0
2021-09-08 07:00:00+02:00;6006;8-9-2021;9;8;36;2;7;1;0
2021-09-08 08:00:00+02:00;6007;8-9-2021;9;8;36;2;8;1;60
2021-09-08 09:00:00+02:00;6008;8-9-2021;9;8;36;2;9;1;60
2021-09-08 10:00:00+02:00;6009;8-9-2021;9;8;36;2;10;1;90
2021-09-08 11:00:00+02:00;6010;8-9-2021;9;8;36;2;11;1;90
2021-09-08 12:00:00+02:00;6011;8-9-2021;9;8;36;2;12;1;50
2021-09-08 13:00:00+02:00;6012;8-9-2021;9;8;36;2;13;1;50
2021-09-08 14:00:00+02:00;6013;8-9-2021;9;8;36;2;14;1;80
2021-09-08 15:00:00+02:00;6014;8-9-2021;9;8;36;2;15;1;80
2021-09-08 16:00:00+02:00;6015;8-9-2021;9;8;36;2;16;1;80
2021-09-08 17:00:00+02:00;6016;8-9-2021;9;8;36;2;17;1;50
2021-09-08 18:00:00+02:00;6017;8-9-2021;9;8;36;2;18;1;42
2021-09-08 19:00:00+02:00;6018;8-9-2021;9;8;36;2;19;1;33
2021-09-08 20:00:00+02:00;6019;8-9-2021;9;8;36;2;20;1;25
2021-09-08 21:00:00+02:00;6020;8-9-2021;9;8;36;2;21;1;17
2021-09-08 22:00:00+02:00;6021;8-9-2021;9;8;36;2;22;1;8
2021-09-08 23:00:00+02:00;6022;8-9-2021;9;8;36;2;23;1;0
2021-09-09 00:00:00+02:00;6023;9-9-2021;9;9;36;3;0;1;0
2021-09-09 01:00:00+02:00;6024;9-9-2021;9;9;36;3;1;1;0
2021-09-09 02:00:00+02:00;6025;9-9-2021;9;9;36;3;2;1;0
2021-09-09 03:00:00+02:00;6026;9-9-2021;9;9;36;3;3;1;0
2021-09-09 04:00:00+02:00;6027;9-9-2021;9;9;36;3;4;1;0
2021-09-09 05:00:00+02:00;6028;9-9-2021;9;9;36;3;5;1;0
2021-09-09 06:00:00+02:00;6029;9-9-2021;9;9;36;3;6;1;0
2021-09-09 07:00:00+02:00;6030;9-9-2021;9;9;36;3;7;1;0
2021-09-09 08:00:00+02:00;6031;9-9-2021;9;9;36;3;8;1;60
2021-09-09 09:00:00+02:00;6032;9-9-2021;9;9;36;3;9;1;60
2021-09-09 10:00:00+02:00;6033;9-9-2021;9;9;36;3;10;1;90
2021-09-09 11:00:00+02:00;6034;9-9-2021;9;9;36;3;11;1;90
2021-09-09 12:00:00+02:00;6035;9-9-2021;9;9;36;3;12;1;50
2021-09-09 13:00:00+02:00;6036;9-9-2021;9;9;36;3;13;1;50
2021-09-09 14:00:00+02:00;6037;9-9-2021;9;9;36;3;14;1;80
2021-09-09 15:00:00+02:00;6038;9-9-2021;9;9;36;3;15;1;80
2021-09-09 16:00:00+02:00;6039;9-9-2021;9;9;36;3;16;1;80
2021-09-09 17:00:00+02:00;6040;9-9-2021;9;9;36;3;17;1;50
2021-09-09 18:00:00+02:00;6041;9-9-2021;9;9;36;3;18;1;42
2021-09-09 19:00:00+02:00;6042;9-9-2021;9;9;36;3;19;1;33
2021-09-09 20:00:00+02:00;6043;9-9-2021;9;9;36;3;20;1;25
2021-09-09 21:00:00+02:00;6044;9-9-2021;9;9;36;3;21;1;17
2021-09-09 22:00:00+02:00;6045;9-9-2021;9;9;36;3;22;1;8
2021-09-09 23:00:00+02:00;6046;9-9-2021;9;9;36;3;23;1;0
2021-09-10 00:00:00+02:00;6047;10-9-2021;9;10;36;4;0;1;0
2021-09-10 01:00:00+02:00;6048;10-9-2021;9;10;36;4;1;1;0
2021-09-10 02:00:00+02:00;6049;10-9-2021;9;10;36;4;2;1;0
2021-09-10 03:00:00+02:00;6050;10-9-2021;9;10;36;4;3;1;0
2021-09-10 04:00:00+02:00;6051;10-9-2021;9;10;36;4;4;1;0
2021-09-10 05:00:00+02:00;6052;10-9-2021;9;10;36;4;5;1;0
2021-09-10 06:00:00+02:00;6053;10-9-2021;9;10;36;4;6;1;0
2021-09-10 07:00:00+02:00;6054;10-9-2021;9;10;36;4;7;1;0
2021-09-10 08:00:00+02:00;6055;10-9-2021;9;10;36;4;8;1;60
2021-09-10 09:00:00+02:00;6056;10-9-2021;9;10;36;4;9;1;60
2021-09-10 10:00:00+02:00;6057;10-9-2021;9;10;36;4;10;1;90
2021-09-10 11:00:00+02:00;6058;10-9-2021;9;10;36;4;11;1;90
2021-09-10 12:00:00+02:00;6059;10-9-2021;9;10;36;4;12;1;50
2021-09-10 13:00:00+02:00;6060;10-9-2021;9;10;36;4;13;1;50
2021-09-10 14:00:00+02:00;6061;10-9-2021;9;10;36;4;14;1;80
2021-09-10 15:00:00+02:00;6062;10-9-2021;9;10;36;4;15;1;80
2021-09-10 16:00:00+02:00;6063;10-9-2021;9;10;36;4;16;1;80
2021-09-10 17:00:00+02:00;6064;10-9-2021;9;10;36;4;17;1;50
2021-09-10 18:00:00+02:00;6065;10-9-2021;9;10;36;4;18;1;42
2021-09-10 19:00:00+02:00;6066;10-9-2021;9;10;36;4;19;1;33
2021-09-10 20:00:00+02:00;6067;10-9-2021;9;10;36;4;20;1;25
2021-09-10 21:00:00+02:00;6068;10-9-2021;9;10;36;4;21;1;17
2021-09-10 22:00:00+02:00;6069;10-9-2021;9;10;36;4;22;1;8
2021-09-10 23:00:00+02:00;6070;10-9-2021;9;10;36;4;23;1;0
2021-09-11 00:00:00+02:00;6071;11-9-2021;9;11;36;5;0;2;0
2021-09-11 01:00:00+02:00;6072;11-9-2021;9;11;36;5;1;2;0
2021-09-11 02:00:00+02:00;6073;11-9-2021;9;11;36;5;2;2;0
2021-09-11 03:00:00+02:00;6074;11-9-2021;9;11;36;5;3;2;0
2021-09-11 04:00:00+02:00;6075;11-9-2021;9;11;36;5;4;2;0
2021-09-11 05:00:00+02:00;6076;11-9-2021;9;11;36;5;5;2;0
2021-09-11 06:00:00+02:00;6077;11-9-2021;9;11;36;5;6;2;0
2021-09-11 07:00:00+02:00;6078;11-9-2021;9;11;36;5;7;2;0
2021-09-11 08:00:00+02:00;6079;11-9-2021;9;11;36;5;8;2;0
2021-09-11 09:00:00+02:00;6080;11-9-2021;9;11;36;5;9;2;0
2021-09-11 10:00:00+02:00;6081;11-9-2021;9;11;36;5;10;2;50
2021-09-11 11:00:00+02:00;6082;11-9-2021;9;11;36;5;11;2;50
2021-09-11 12:00:00+02:00;6083;11-9-2021;9;11;36;5;12;2;30
2021-09-11 13:00:00+02:00;6084;11-9-2021;9;11;36;5;13;2;30
2021-09-11 14:00:00+02:00;6085;11-9-2021;9;11;36;5;14;2;50
2021-09-11 15:00:00+02:00;6086;11-9-2021;9;11;36;5;15;2;50
2021-09-11 16:00:00+02:00;6087;11-9-2021;9;11;36;5;16;2;50
2021-09-11 17:00:00+02:00;6088;11-9-2021;9;11;36;5;17;2;0
2021-09-11 18:00:00+02:00;6089;11-9-2021;9;11;36;5;18;2;0
2021-09-11 19:00:00+02:00;6090;11-9-2021;9;11;36;5;19;2;0
2021-09-11 20:00:00+02:00;6091;11-9-2021;9;11;36;5;20;2;0
2021-09-11 21:00:00+02:00;6092;11-9-2021;9;11;36;5;21;2;0
2021-09-11 22:00:00+02:00;6093;11-9-2021;9;11;36;5;22;2;0
2021-09-11 23:00:00+02:00;6094;11-9-2021;9;11;36;5;23;2;0
2021-09-12 00:00:00+02:00;6095;12-9-2021;9;12;36;6;0;3;0
2021-09-12 01:00:00+02:00;6096;12-9-2021;9;12;36;6;1;3;0
2021-09-12 02:00:00+02:00;6097;12-9-2021;9;12;36;6;2;3;0
2021-09-12 03:00:00+02:00;6098;12-9-2021;9;12;36;6;3;3;0
2021-09-12 04:00:00+02:00;6099;12-9-2021;9;12;36;6;4;3;0
2021-09-12 05:00:00+02:00;6100;12-9-2021;9;12;36;6;5;3;0
2021-09-12 06:00:00+02:00;6101;12-9-2021;9;12;36;6;6;3;0
2021-09-12 07:00:00+02:00;6102;12-9-2021;9;12;36;6;7;3;0
2021-09-12 08:00:00+02:00;6103;12-9-2021;9;12;36;6;8;3;0
2021-09-12 09:00:00+02:00;6104;12-9-2021;9;12;36;6;9;3;0
2021-09-12 10:00:00+02:00;6105;12-9-2021;9;12;36;6;10;3;0
2021-09-12 11:00:00+02:00;6106;12-9-2021;9;12;36;6;11;3;0
2021-09-12 12:00:00+02:00;6107;12-9-2021;9;12;36;6;12;3;0
2021-09-12 13:00:00+02:00;6108;12-9-2021;9;12;36;6;13;3;0
2021-09-12 14:00:00+02:00;6109;12-9-2021;9;12;36;6;14;3;0
2021-09-12 15:00:00+02:00;6110;12-9-2021;9;12;36;6;15;3;0
2021-09-12 16:00:00+02:00;6111;12-9-2021;9;12;36;6;16;3;0
2021-09-12 17:00:00+02:00;6112;12-9-2021;9;12;36;6;17;3;0
2021-09-12 18:00:00+02:00;6113;12-9-2021;9;12;36;6;18;3;0
2021-09-12 19:00:00+02:00;6114;12-9-2021;9;12;36;6;19;3;0
2021-09-12 20:00:00+02:00;6115;12-9-2021;9;12;36;6;20;3;0
2021-09-12 21:00:00+02:00;6116;12-9-2021;9;12;36;6;21;3;0
2021-09-12 22:00:00+02:00;6117;12-9-2021;9;12;36;6;22;3;0
2021-09-12 23:00:00+02:00;6118;12-9-2021;9;12;36;6;23;3;0
2021-09-13 00:00:00+02:00;6119;13-9-2021;9;13;37;0;0;1;0
2021-09-13 01:00:00+02:00;6120;13-9-2021;9;13;37;0;1;1;0
2021-09-13 02:00:00+02:00;6121;13-9-2021;9;13;37;0;2;1;0
2021-09-13 03:00:00+02:00;6122;13-9-2021;9;13;37;0;3;1;0
2021-09-13 04:00:00+02:00;6123;13-9-2021;9;13;37;0;4;1;0
2021-09-13 05:00:00+02:00;6124;13-9-2021;9;13;37;0;5;1;0
2021-09-13 06:00:00+02:00;6125;13-9-2021;9;13;37;0;6;1;0
2021-09-13 07:00:00+02:00;6126;13-9-2021;9;13;37;0;7;1;0
2021-09-13 08:00:00+02:00;6127;13-9-2021;9;13;37;0;8;1;60
2021-09-13 09:00:00+02:00;6128;13-9-2021;9;13;37;0;9;1;60
2021-09-13 10:00:00+02:00;6129;13-9-2021;9;13;37;0;10;1;90
2021-09-13 11:00:00+02:00;6130;13-9-2021;9;13;37;0;11;1;90
2021-09-13 12:00:00+02:00;6131;13-9-2021;9;13;37;0;12;1;50
2021-09-13 13:00:00+02:00;6132;13-9-2021;9;13;37;0;13;1;50
2021-09-13 14:00:00+02:00;6133;13-9-2021;9;13;37;0;14;1;80
2021-09-13 15:00:00+02:00;6134;13-9-2021;9;13;37;0;15;1;80
2021-09-13 16:00:00+02:00;6135;13-9-2021;9;13;37;0;16;1;80
2021-09-13 17:00:00+02:00;6136;13-9-2021;9;13;37;0;17;1;50
2021-09-13 18:00:00+02:00;6137;13-9-2021;9;13;37;0;18;1;42
2021-09-13 19:00:00+02:00;6138;13-9-2021;9;13;37;0;19;1;33
2021-09-13 20:00:00+02:00;6139;13-9-2021;9;13;37;0;20;1;25
2021-09-13 21:00:00+02:00;6140;13-9-2021;9;13;37;0;21;1;17
2021-09-13 22:00:00+02:00;6141;13-9-2021;9;13;37;0;22;1;8
2021-09-13 23:00:00+02:00;6142;13-9-2021;9;13;37;0;23;1;0
2021-09-14 00:00:00+02:00;6143;14-9-2021;9;14;37;1;0;1;0
2021-09-14 01:00:00+02:00;6144;14-9-2021;9;14;37;1;1;1;0
2021-09-14 02:00:00+02:00;6145;14-9-2021;9;14;37;1;2;1;0
2021-09-14 03:00:00+02:00;6146;14-9-2021;9;14;37;1;3;1;0
2021-09-14 04:00:00+02:00;6147;14-9-2021;9;14;37;1;4;1;0
2021-09-14 05:00:00+02:00;6148;14-9-2021;9;14;37;1;5;1;0
2021-09-14 06:00:00+02:00;6149;14-9-2021;9;14;37;1;6;1;0
2021-09-14 07:00:00+02:00;6150;14-9-2021;9;14;37;1;7;1;0
2021-09-14 08:00:00+02:00;6151;14-9-2021;9;14;37;1;8;1;60
2021-09-14 09:00:00+02:00;6152;14-9-2021;9;14;37;1;9;1;60
2021-09-14 10:00:00+02:00;6153;14-9-2021;9;14;37;1;10;1;90
2021-09-14 11:00:00+02:00;6154;14-9-2021;9;14;37;1;11;1;90
2021-09-14 12:00:00+02:00;6155;14-9-2021;9;14;37;1;12;1;50
2021-09-14 13:00:00+02:00;6156;14-9-2021;9;14;37;1;13;1;50
2021-09-14 14:00:00+02:00;6157;14-9-2021;9;14;37;1;14;1;80
2021-09-14 15:00:00+02:00;6158;14-9-2021;9;14;37;1;15;1;80
2021-09-14 16:00:00+02:00;6159;14-9-2021;9;14;37;1;16;1;80
2021-09-14 17:00:00+02:00;6160;14-9-2021;9;14;37;1;17;1;50
2021-09-14 18:00:00+02:00;6161;14-9-2021;9;14;37;1;18;1;42
2021-09-14 19:00:00+02:00;6162;14-9-2021;9;14;37;1;19;1;33
2021-09-14 20:00:00+02:00;6163;14-9-2021;9;14;37;1;20;1;25
2021-09-14 21:00:00+02:00;6164;14-9-2021;9;14;37;1;21;1;17
2021-09-14 22:00:00+02:00;6165;14-9-2021;9;14;37;1;22;1;8
2021-09-14 23:00:00+02:00;6166;14-9-2021;9;14;37;1;23;1;0
2021-09-15 00:00:00+02:00;6167;15-9-2021;9;15;37;2;0;1;0
2021-09-15 01:00:00+02:00;6168;15-9-2021;9;15;37;2;1;1;0
2021-09-15 02:00:00+02:00;6169;15-9-2021;9;15;37;2;2;1;0
2021-09-15 03:00:00+02:00;6170;15-9-2021;9;15;37;2;3;1;0
2021-09-15 04:00:00+02:00;6171;15-9-2021;9;15;37;2;4;1;0
2021-09-15 05:00:00+02:00;6172;15-9-2021;9;15;37;2;5;1;0
2021-09-15 06:00:00+02:00;6173;15-9-2021;9;15;37;2;6;1;0
2021-09-15 07:00:00+02:00;6174;15-9-2021;9;15;37;2;7;1;0
2021-09-15 08:00:00+02:00;6175;15-9-2021;9;15;37;2;8;1;60
2021-09-15 09:00:00+02:00;6176;15-9-2021;9;15;37;2;9;1;60
2021-09-15 10:00:00+02:00;6177;15-9-2021;9;15;37;2;10;1;90
2021-09-15 11:00:00+02:00;6178;15-9-2021;9;15;37;2;11;1;90
2021-09-15 12:00:00+02:00;6179;15-9-2021;9;15;37;2;12;1;50
2021-09-15 13:00:00+02:00;6180;15-9-2021;9;15;37;2;13;1;50
2021-09-15 14:00:00+02:00;6181;15-9-2021;9;15;37;2;14;1;80
2021-09-15 15:00:00+02:00;6182;15-9-2021;9;15;37;2;15;1;80
2021-09-15 16:00:00+02:00;6183;15-9-2021;9;15;37;2;16;1;80
2021-09-15 17:00:00+02:00;6184;15-9-2021;9;15;37;2;17;1;50
2021-09-15 18:00:00+02:00;6185;15-9-2021;9;15;37;2;18;1;42
2021-09-15 19:00:00+02:00;6186;15-9-2021;9;15;37;2;19;1;33
2021-09-15 20:00:00+02:00;6187;15-9-2021;9;15;37;2;20;1;25
2021-09-15 21:00:00+02:00;6188;15-9-2021;9;15;37;2;21;1;17
2021-09-15 22:00:00+02:00;6189;15-9-2021;9;15;37;2;22;1;8
2021-09-15 23:00:00+02:00;6190;15-9-2021;9;15;37;2;23;1;0
2021-09-16 00:00:00+02:00;6191;16-9-2021;9;16;37;3;0;1;0
2021-09-16 01:00:00+02:00;6192;16-9-2021;9;16;37;3;1;1;0
2021-09-16 02:00:00+02:00;6193;16-9-2021;9;16;37;3;2;1;0
2021-09-16 03:00:00+02:00;6194;16-9-2021;9;16;37;3;3;1;0
2021-09-16 04:00:00+02:00;6195;16-9-2021;9;16;37;3;4;1;0
2021-09-16 05:00:00+02:00;6196;16-9-2021;9;16;37;3;5;1;0
2021-09-16 06:00:00+02:00;6197;16-9-2021;9;16;37;3;6;1;0
2021-09-16 07:00:00+02:00;6198;16-9-2021;9;16;37;3;7;1;0
2021-09-16 08:00:00+02:00;6199;16-9-2021;9;16;37;3;8;1;60
2021-09-16 09:00:00+02:00;6200;16-9-2021;9;16;37;3;9;1;60
2021-09-16 10:00:00+02:00;6201;16-9-2021;9;16;37;3;10;1;90
2021-09-16 11:00:00+02:00;6202;16-9-2021;9;16;37;3;11;1;90
2021-09-16 12:00:00+02:00;6203;16-9-2021;9;16;37;3;12;1;50
2021-09-16 13:00:00+02:00;6204;16-9-2021;9;16;37;3;13;1;50
2021-09-16 14:00:00+02:00;6205;16-9-2021;9;16;37;3;14;1;80
2021-09-16 15:00:00+02:00;6206;16-9-2021;9;16;37;3;15;1;80
2021-09-16 16:00:00+02:00;6207;16-9-2021;9;16;37;3;16;1;80
2021-09-16 17:00:00+02:00;6208;16-9-2021;9;16;37;3;17;1;50
2021-09-16 18:00:00+02:00;6209;16-9-2021;9;16;37;3;18;1;42
2021-09-16 19:00:00+02:00;6210;16-9-2021;9;16;37;3;19;1;33
2021-09-16 20:00:00+02:00;6211;16-9-2021;9;16;37;3;20;1;25
2021-09-16 21:00:00+02:00;6212;16-9-2021;9;16;37;3;21;1;17
2021-09-16 22:00:00+02:00;6213;16-9-2021;9;16;37;3;22;1;8
2021-09-16 23:00:00+02:00;6214;16-9-2021;9;16;37;3;23;1;0
2021-09-17 00:00:00+02:00;6215;17-9-2021;9;17;37;4;0;1;0
2021-09-17 01:00:00+02:00;6216;17-9-2021;9;17;37;4;1;1;0
2021-09-17 02:00:00+02:00;6217;17-9-2021;9;17;37;4;2;1;0
2021-09-17 03:00:00+02:00;6218;17-9-2021;9;17;37;4;3;1;0
2021-09-17 04:00:00+02:00;6219;17-9-2021;9;17;37;4;4;1;0
2021-09-17 05:00:00+02:00;6220;17-9-2021;9;17;37;4;5;1;0
2021-09-17 06:00:00+02:00;6221;17-9-2021;9;17;37;4;6;1;0
2021-09-17 07:00:00+02:00;6222;17-9-2021;9;17;37;4;7;1;0
2021-09-17 08:00:00+02:00;6223;17-9-2021;9;17;37;4;8;1;60
2021-09-17 09:00:00+02:00;6224;17-9-2021;9;17;37;4;9;1;60
2021-09-17 10:00:00+02:00;6225;17-9-2021;9;17;37;4;10;1;90
2021-09-17 11:00:00+02:00;6226;17-9-2021;9;17;37;4;11;1;90
2021-09-17 12:00:00+02:00;6227;17-9-2021;9;17;37;4;12;1;50
2021-09-17 13:00:00+02:00;6228;17-9-2021;9;17;37;4;13;1;50
2021-09-17 14:00:00+02:00;6229;17-9-2021;9;17;37;4;14;1;80
2021-09-17 15:00:00+02:00;6230;17-9-2021;9;17;37;4;15;1;80
2021-09-17 16:00:00+02:00;6231;17-9-2021;9;17;37;4;16;1;80
2021-09-17 17:00:00+02:00;6232;17-9-2021;9;17;37;4;17;1;50
2021-09-17 18:00:00+02:00;6233;17-9-2021;9;17;37;4;18;1;42
2021-09-17 19:00:00+02:00;6234;17-9-2021;9;17;37;4;19;1;33
2021-09-17 20:00:00+02:00;6235;17-9-2021;9;17;37;4;20;1;25
2021-09-17 21:00:00+02:00;6236;17-9-2021;9;17;37;4;21;1;17
2021-09-17 22:00:00+02:00;6237;17-9-2021;9;17;37;4;22;1;8
2021-09-17 23:00:00+02:00;6238;17-9-2021;9;17;37;4;23;1;0
2021-09-18 00:00:00+02:00;6239;18-9-2021;9;18;37;5;0;2;0
2021-09-18 01:00:00+02:00;6240;18-9-2021;9;18;37;5;1;2;0
2021-09-18 02:00:00+02:00;6241;18-9-2021;9;18;37;5;2;2;0
2021-09-18 03:00:00+02:00;6242;18-9-2021;9;18;37;5;3;2;0
2021-09-18 04:00:00+02:00;6243;18-9-2021;9;18;37;5;4;2;0
2021-09-18 05:00:00+02:00;6244;18-9-2021;9;18;37;5;5;2;0
2021-09-18 06:00:00+02:00;6245;18-9-2021;9;18;37;5;6;2;0
2021-09-18 07:00:00+02:00;6246;18-9-2021;9;18;37;5;7;2;0
2021-09-18 08:00:00+02:00;6247;18-9-2021;9;18;37;5;8;2;0
2021-09-18 09:00:00+02:00;6248;18-9-2021;9;18;37;5;9;2;0
2021-09-18 10:00:00+02:00;6249;18-9-2021;9;18;37;5;10;2;50
2021-09-18 11:00:00+02:00;6250;18-9-2021;9;18;37;5;11;2;50
2021-09-18 12:00:00+02:00;6251;18-9-2021;9;18;37;5;12;2;30
2021-09-18 13:00:00+02:00;6252;18-9-2021;9;18;37;5;13;2;30
2021-09-18 14:00:00+02:00;6253;18-9-2021;9;18;37;5;14;2;50
2021-09-18 15:00:00+02:00;6254;18-9-2021;9;18;37;5;15;2;50
2021-09-18 16:00:00+02:00;6255;18-9-2021;9;18;37;5;16;2;50
2021-09-18 17:00:00+02:00;6256;18-9-2021;9;18;37;5;17;2;0
2021-09-18 18:00:00+02:00;6257;18-9-2021;9;18;37;5;18;2;0
2021-09-18 19:00:00+02:00;6258;18-9-2021;9;18;37;5;19;2;0
2021-09-18 20:00:00+02:00;6259;18-9-2021;9;18;37;5;20;2;0
2021-09-18 21:00:00+02:00;6260;18-9-2021;9;18;37;5;21;2;0
2021-09-18 22:00:00+02:00;6261;18-9-2021;9;18;37;5;22;2;0
2021-09-18 23:00:00+02:00;6262;18-9-2021;9;18;37;5;23;2;0
2021-09-19 00:00:00+02:00;6263;19-9-2021;9;19;37;6;0;3;0
2021-09-19 01:00:00+02:00;6264;19-9-2021;9;19;37;6;1;3;0
2021-09-19 02:00:00+02:00;6265;19-9-2021;9;19;37;6;2;3;0
2021-09-19 03:00:00+02:00;6266;19-9-2021;9;19;37;6;3;3;0
2021-09-19 04:00:00+02:00;6267;19-9-2021;9;19;37;6;4;3;0
2021-09-19 05:00:00+02:00;6268;19-9-2021;9;19;37;6;5;3;0
2021-09-19 06:00:00+02:00;6269;19-9-2021;9;19;37;6;6;3;0
2021-09-19 07:00:00+02:00;6270;19-9-2021;9;19;37;6;7;3;0
2021-09-19 08:00:00+02:00;6271;19-9-2021;9;19;37;6;8;3;0
2021-09-19 09:00:00+02:00;6272;19-9-2021;9;19;37;6;9;3;0
2021-09-19 10:00:00+02:00;6273;19-9-2021;9;19;37;6;10;3;0
2021-09-19 11:00:00+02:00;6274;19-9-2021;9;19;37;6;11;3;0
2021-09-19 12:00:00+02:00;6275;19-9-2021;9;19;37;6;12;3;0
2021-09-19 13:00:00+02:00;6276;19-9-2021;9;19;37;6;13;3;0
2021-09-19 14:00:00+02:00;6277;19-9-2021;9;19;37;6;14;3;0
2021-09-19 15:00:00+02:00;6278;19-9-2021;9;19;37;6;15;3;0
2021-09-19 16:00:00+02:00;6279;19-9-2021;9;19;37;6;16;3;0
2021-09-19 17:00:00+02:00;6280;19-9-2021;9;19;37;6;17;3;0
2021-09-19 18:00:00+02:00;6281;19-9-2021;9;19;37;6;18;3;0
2021-09-19 19:00:00+02:00;6282;19-9-2021;9;19;37;6;19;3;0
2021-09-19 20:00:00+02:00;6283;19-9-2021;9;19;37;6;20;3;0
2021-09-19 21:00:00+02:00;6284;19-9-2021;9;19;37;6;21;3;0
2021-09-19 22:00:00+02:00;6285;19-9-2021;9;19;37;6;22;3;0
2021-09-19 23:00:00+02:00;6286;19-9-2021;9;19;37;6;23;3;0
2021-09-20 00:00:00+02:00;6287;20-9-2021;9;20;38;0;0;1;0
2021-09-20 01:00:00+02:00;6288;20-9-2021;9;20;38;0;1;1;0
2021-09-20 02:00:00+02:00;6289;20-9-2021;9;20;38;0;2;1;0
2021-09-20 03:00:00+02:00;6290;20-9-2021;9;20;38;0;3;1;0
2021-09-20 04:00:00+02:00;6291;20-9-2021;9;20;38;0;4;1;0
2021-09-20 05:00:00+02:00;6292;20-9-2021;9;20;38;0;5;1;0
2021-09-20 06:00:00+02:00;6293;20-9-2021;9;20;38;0;6;1;0
2021-09-20 07:00:00+02:00;6294;20-9-2021;9;20;38;0;7;1;0
2021-09-20 08:00:00+02:00;6295;20-9-2021;9;20;38;0;8;1;60
2021-09-20 09:00:00+02:00;6296;20-9-2021;9;20;38;0;9;1;60
2021-09-20 10:00:00+02:00;6297;20-9-2021;9;20;38;0;10;1;90
2021-09-20 11:00:00+02:00;6298;20-9-2021;9;20;38;0;11;1;90
2021-09-20 12:00:00+02:00;6299;20-9-2021;9;20;38;0;12;1;50
2021-09-20 13:00:00+02:00;6300;20-9-2021;9;20;38;0;13;1;50
2021-09-20 14:00:00+02:00;6301;20-9-2021;9;20;38;0;14;1;80
2021-09-20 15:00:00+02:00;6302;20-9-2021;9;20;38;0;15;1;80
2021-09-20 16:00:00+02:00;6303;20-9-2021;9;20;38;0;16;1;80
2021-09-20 17:00:00+02:00;6304;20-9-2021;9;20;38;0;17;1;50
2021-09-20 18:00:00+02:00;6305;20-9-2021;9;20;38;0;18;1;42
2021-09-20 19:00:00+02:00;6306;20-9-2021;9;20;38;0;19;1;33
2021-09-20 20:00:00+02:00;6307;20-9-2021;9;20;38;0;20;1;25
2021-09-20 21:00:00+02:00;6308;20-9-2021;9;20;38;0;21;1;17
2021-09-20 22:00:00+02:00;6309;20-9-2021;9;20;38;0;22;1;8
2021-09-20 23:00:00+02:00;6310;20-9-2021;9;20;38;0;23;1;0
2021-09-21 00:00:00+02:00;6311;21-9-2021;9;21;38;1;0;1;0
2021-09-21 01:00:00+02:00;6312;21-9-2021;9;21;38;1;1;1;0
2021-09-21 02:00:00+02:00;6313;21-9-2021;9;21;38;1;2;1;0
2021-09-21 03:00:00+02:00;6314;21-9-2021;9;21;38;1;3;1;0
2021-09-21 04:00:00+02:00;6315;21-9-2021;9;21;38;1;4;1;0
2021-09-21 05:00:00+02:00;6316;21-9-2021;9;21;38;1;5;1;0
2021-09-21 06:00:00+02:00;6317;21-9-2021;9;21;38;1;6;1;0
2021-09-21 07:00:00+02:00;6318;21-9-2021;9;21;38;1;7;1;0
2021-09-21 08:00:00+02:00;6319;21-9-2021;9;21;38;1;8;1;60
2021-09-21 09:00:00+02:00;6320;21-9-2021;9;21;38;1;9;1;60
2021-09-21 10:00:00+02:00;6321;21-9-2021;9;21;38;1;10;1;90
2021-09-21 11:00:00+02:00;6322;21-9-2021;9;21;38;1;11;1;90
2021-09-21 12:00:00+02:00;6323;21-9-2021;9;21;38;1;12;1;50
2021-09-21 13:00:00+02:00;6324;21-9-2021;9;21;38;1;13;1;50
2021-09-21 14:00:00+02:00;6325;21-9-2021;9;21;38;1;14;1;80
2021-09-21 15:00:00+02:00;6326;21-9-2021;9;21;38;1;15;1;80
2021-09-21 16:00:00+02:00;6327;21-9-2021;9;21;38;1;16;1;80
2021-09-21 17:00:00+02:00;6328;21-9-2021;9;21;38;1;17;1;50
2021-09-21 18:00:00+02:00;6329;21-9-2021;9;21;38;1;18;1;42
2021-09-21 19:00:00+02:00;6330;21-9-2021;9;21;38;1;19;1;33
2021-09-21 20:00:00+02:00;6331;21-9-2021;9;21;38;1;20;1;25
2021-09-21 21:00:00+02:00;6332;21-9-2021;9;21;38;1;21;1;17
2021-09-21 22:00:00+02:00;6333;21-9-2021;9;21;38;1;22;1;8
2021-09-21 23:00:00+02:00;6334;21-9-2021;9;21;38;1;23;1;0
2021-09-22 00:00:00+02:00;6335;22-9-2021;9;22;38;2;0;1;0
2021-09-22 01:00:00+02:00;6336;22-9-2021;9;22;38;2;1;1;0
2021-09-22 02:00:00+02:00;6337;22-9-2021;9;22;38;2;2;1;0
2021-09-22 03:00:00+02:00;6338;22-9-2021;9;22;38;2;3;1;0
2021-09-22 04:00:00+02:00;6339;22-9-2021;9;22;38;2;4;1;0
2021-09-22 05:00:00+02:00;6340;22-9-2021;9;22;38;2;5;1;0
2021-09-22 06:00:00+02:00;6341;22-9-2021;9;22;38;2;6;1;0
2021-09-22 07:00:00+02:00;6342;22-9-2021;9;22;38;2;7;1;0
2021-09-22 08:00:00+02:00;6343;22-9-2021;9;22;38;2;8;1;60
2021-09-22 09:00:00+02:00;6344;22-9-2021;9;22;38;2;9;1;60
2021-09-22 10:00:00+02:00;6345;22-9-2021;9;22;38;2;10;1;90
2021-09-22 11:00:00+02:00;6346;22-9-2021;9;22;38;2;11;1;90
2021-09-22 12:00:00+02:00;6347;22-9-2021;9;22;38;2;12;1;50
2021-09-22 13:00:00+02:00;6348;22-9-2021;9;22;38;2;13;1;50
2021-09-22 14:00:00+02:00;6349;22-9-2021;9;22;38;2;14;1;80
2021-09-22 15:00:00+02:00;6350;22-9-2021;9;22;38;2;15;1;80
2021-09-22 16:00:00+02:00;6351;22-9-2021;9;22;38;2;16;1;80
2021-09-22 17:00:00+02:00;6352;22-9-2021;9;22;38;2;17;1;50
2021-09-22 18:00:00+02:00;6353;22-9-2021;9;22;38;2;18;1;42
2021-09-22 19:00:00+02:00;6354;22-9-2021;9;22;38;2;19;1;33
2021-09-22 20:00:00+02:00;6355;22-9-2021;9;22;38;2;20;1;25
2021-09-22 21:00:00+02:00;6356;22-9-2021;9;22;38;2;21;1;17
2021-09-22 22:00:00+02:00;6357;22-9-2021;9;22;38;2;22;1;8
2021-09-22 23:00:00+02:00;6358;22-9-2021;9;22;38;2;23;1;0
2021-09-23 00:00:00+02:00;6359;23-9-2021;9;23;38;3;0;1;0
2021-09-23 01:00:00+02:00;6360;23-9-2021;9;23;38;3;1;1;0
2021-09-23 02:00:00+02:00;6361;23-9-2021;9;23;38;3;2;1;0
2021-09-23 03:00:00+02:00;6362;23-9-2021;9;23;38;3;3;1;0
2021-09-23 04:00:00+02:00;6363;23-9-2021;9;23;38;3;4;1;0
2021-09-23 05:00:00+02:00;6364;23-9-2021;9;23;38;3;5;1;0
2021-09-23 06:00:00+02:00;6365;23-9-2021;9;23;38;3;6;1;0
2021-09-23 07:00:00+02:00;6366;23-9-2021;9;23;38;3;7;1;0
2021-09-23 08:00:00+02:00;6367;23-9-2021;9;23;38;3;8;1;60
2021-09-23 09:00:00+02:00;6368;23-9-2021;9;23;38;3;9;1;60
2021-09-23 10:00:00+02:00;6369;23-9-2021;9;23;38;3;10;1;90
2021-09-23 11:00:00+02:00;6370;23-9-2021;9;23;38;3;11;1;90
2021-09-23 12:00:00+02:00;6371;23-9-2021;9;23;38;3;12;1;50
2021-09-23 13:00:00+02:00;6372;23-9-2021;9;23;38;3;13;1;50
2021-09-23 14:00:00+02:00;6373;23-9-2021;9;23;38;3;14;1;80
2021-09-23 15:00:00+02:00;6374;23-9-2021;9;23;38;3;15;1;80
2021-09-23 16:00:00+02:00;6375;23-9-2021;9;23;38;3;16;1;80
2021-09-23 17:00:00+02:00;6376;23-9-2021;9;23;38;3;17;1;50
2021-09-23 18:00:00+02:00;6377;23-9-2021;9;23;38;3;18;1;42
2021-09-23 19:00:00+02:00;6378;23-9-2021;9;23;38;3;19;1;33
2021-09-23 20:00:00+02:00;6379;23-9-2021;9;23;38;3;20;1;25
2021-09-23 21:00:00+02:00;6380;23-9-2021;9;23;38;3;21;1;17
2021-09-23 22:00:00+02:00;6381;23-9-2021;9;23;38;3;22;1;8
2021-09-23 23:00:00+02:00;6382;23-9-2021;9;23;38;3;23;1;0
2021-09-24 00:00:00+02:00;6383;24-9-2021;9;24;38;4;0;1;0
2021-09-24 01:00:00+02:00;6384;24-9-2021;9;24;38;4;1;1;0
2021-09-24 02:00:00+02:00;6385;24-9-2021;9;24;38;4;2;1;0
2021-09-24 03:00:00+02:00;6386;24-9-2021;9;24;38;4;3;1;0
2021-09-24 04:00:00+02:00;6387;24-9-2021;9;24;38;4;4;1;0
2021-09-24 05:00:00+02:00;6388;24-9-2021;9;24;38;4;5;1;0
2021-09-24 06:00:00+02:00;6389;24-9-2021;9;24;38;4;6;1;0
2021-09-24 07:00:00+02:00;6390;24-9-2021;9;24;38;4;7;1;0
2021-09-24 08:00:00+02:00;6391;24-9-2021;9;24;38;4;8;1;60
2021-09-24 09:00:00+02:00;6392;24-9-2021;9;24;38;4;9;1;60
2021-09-24 10:00:00+02:00;6393;24-9-2021;9;24;38;4;10;1;90
2021-09-24 11:00:00+02:00;6394;24-9-2021;9;24;38;4;11;1;90
2021-09-24 12:00:00+02:00;6395;24-9-2021;9;24;38;4;12;1;50
2021-09-24 13:00:00+02:00;6396;24-9-2021;9;24;38;4;13;1;50
2021-09-24 14:00:00+02:00;6397;24-9-2021;9;24;38;4;14;1;80
2021-09-24 15:00:00+02:00;6398;24-9-2021;9;24;38;4;15;1;80
2021-09-24 16:00:00+02:00;6399;24-9-2021;9;24;38;4;16;1;80
2021-09-24 17:00:00+02:00;6400;24-9-2021;9;24;38;4;17;1;50
2021-09-24 18:00:00+02:00;6401;24-9-2021;9;24;38;4;18;1;42
2021-09-24 19:00:00+02:00;6402;24-9-2021;9;24;38;4;19;1;33
2021-09-24 20:00:00+02:00;6403;24-9-2021;9;24;38;4;20;1;25
2021-09-24 21:00:00+02:00;6404;24-9-2021;9;24;38;4;21;1;17
2021-09-24 22:00:00+02:00;6405;24-9-2021;9;24;38;4;22;1;8
2021-09-24 23:00:00+02:00;6406;24-9-2021;9;24;38;4;23;1;0
2021-09-25 00:00:00+02:00;6407;25-9-2021;9;25;38;5;0;2;0
2021-09-25 01:00:00+02:00;6408;25-9-2021;9;25;38;5;1;2;0
2021-09-25 02:00:00+02:00;6409;25-9-2021;9;25;38;5;2;2;0
2021-09-25 03:00:00+02:00;6410;25-9-2021;9;25;38;5;3;2;0
2021-09-25 04:00:00+02:00;6411;25-9-2021;9;25;38;5;4;2;0
2021-09-25 05:00:00+02:00;6412;25-9-2021;9;25;38;5;5;2;0
2021-09-25 06:00:00+02:00;6413;25-9-2021;9;25;38;5;6;2;0
2021-09-25 07:00:00+02:00;6414;25-9-2021;9;25;38;5;7;2;0
2021-09-25 08:00:00+02:00;6415;25-9-2021;9;25;38;5;8;2;0
2021-09-25 09:00:00+02:00;6416;25-9-2021;9;25;38;5;9;2;0
2021-09-25 10:00:00+02:00;6417;25-9-2021;9;25;38;5;10;2;50
2021-09-25 11:00:00+02:00;6418;25-9-2021;9;25;38;5;11;2;50
2021-09-25 12:00:00+02:00;6419;25-9-2021;9;25;38;5;12;2;30
2021-09-25 13:00:00+02:00;6420;25-9-2021;9;25;38;5;13;2;30
2021-09-25 14:00:00+02:00;6421;25-9-2021;9;25;38;5;14;2;50
2021-09-25 15:00:00+02:00;6422;25-9-2021;9;25;38;5;15;2;50
2021-09-25 16:00:00+02:00;6423;25-9-2021;9;25;38;5;16;2;50
2021-09-25 17:00:00+02:00;6424;25-9-2021;9;25;38;5;17;2;0
2021-09-25 18:00:00+02:00;6425;25-9-2021;9;25;38;5;18;2;0
2021-09-25 19:00:00+02:00;6426;25-9-2021;9;25;38;5;19;2;0
2021-09-25 20:00:00+02:00;6427;25-9-2021;9;25;38;5;20;2;0
2021-09-25 21:00:00+02:00;6428;25-9-2021;9;25;38;5;21;2;0
2021-09-25 22:00:00+02:00;6429;25-9-2021;9;25;38;5;22;2;0
2021-09-25 23:00:00+02:00;6430;25-9-2021;9;25;38;5;23;2;0
2021-09-26 00:00:00+02:00;6431;26-9-2021;9;26;38;6;0;3;0
2021-09-26 01:00:00+02:00;6432;26-9-2021;9;26;38;6;1;3;0
2021-09-26 02:00:00+02:00;6433;26-9-2021;9;26;38;6;2;3;0
2021-09-26 03:00:00+02:00;6434;26-9-2021;9;26;38;6;3;3;0
2021-09-26 04:00:00+02:00;6435;26-9-2021;9;26;38;6;4;3;0
2021-09-26 05:00:00+02:00;6436;26-9-2021;9;26;38;6;5;3;0
2021-09-26 06:00:00+02:00;6437;26-9-2021;9;26;38;6;6;3;0
2021-09-26 07:00:00+02:00;6438;26-9-2021;9;26;38;6;7;3;0
2021-09-26 08:00:00+02:00;6439;26-9-2021;9;26;38;6;8;3;0
2021-09-26 09:00:00+02:00;6440;26-9-2021;9;26;38;6;9;3;0
2021-09-26 10:00:00+02:00;6441;26-9-2021;9;26;38;6;10;3;0
2021-09-26 11:00:00+02:00;6442;26-9-2021;9;26;38;6;11;3;0
2021-09-26 12:00:00+02:00;6443;26-9-2021;9;26;38;6;12;3;0
2021-09-26 13:00:00+02:00;6444;26-9-2021;9;26;38;6;13;3;0
2021-09-26 14:00:00+02:00;6445;26-9-2021;9;26;38;6;14;3;0
2021-09-26 15:00:00+02:00;6446;26-9-2021;9;26;38;6;15;3;0
2021-09-26 16:00:00+02:00;6447;26-9-2021;9;26;38;6;16;3;0
2021-09-26 17:00:00+02:00;6448;26-9-2021;9;26;38;6;17;3;0
2021-09-26 18:00:00+02:00;6449;26-9-2021;9;26;38;6;18;3;0
2021-09-26 19:00:00+02:00;6450;26-9-2021;9;26;38;6;19;3;0
2021-09-26 20:00:00+02:00;6451;26-9-2021;9;26;38;6;20;3;0
2021-09-26 21:00:00+02:00;6452;26-9-2021;9;26;38;6;21;3;0
2021-09-26 22:00:00+02:00;6453;26-9-2021;9;26;38;6;22;3;0
2021-09-26 23:00:00+02:00;6454;26-9-2021;9;26;38;6;23;3;0
2021-09-27 00:00:00+02:00;6455;27-9-2021;9;27;39;0;0;1;0
2021-09-27 01:00:00+02:00;6456;27-9-2021;9;27;39;0;1;1;0
2021-09-27 02:00:00+02:00;6457;27-9-2021;9;27;39;0;2;1;0
2021-09-27 03:00:00+02:00;6458;27-9-2021;9;27;39;0;3;1;0
2021-09-27 04:00:00+02:00;6459;27-9-2021;9;27;39;0;4;1;0
2021-09-27 05:00:00+02:00;6460;27-9-2021;9;27;39;0;5;1;0
2021-09-27 06:00:00+02:00;6461;27-9-2021;9;27;39;0;6;1;0
2021-09-27 07:00:00+02:00;6462;27-9-2021;9;27;39;0;7;1;0
2021-09-27 08:00:00+02:00;6463;27-9-2021;9;27;39;0;8;1;60
2021-09-27 09:00:00+02:00;6464;27-9-2021;9;27;39;0;9;1;60
2021-09-27 10:00:00+02:00;6465;27-9-2021;9;27;39;0;10;1;90
2021-09-27 11:00:00+02:00;6466;27-9-2021;9;27;39;0;11;1;90
2021-09-27 12:00:00+02:00;6467;27-9-2021;9;27;39;0;12;1;50
2021-09-27 13:00:00+02:00;6468;27-9-2021;9;27;39;0;13;1;50
2021-09-27 14:00:00+02:00;6469;27-9-2021;9;27;39;0;14;1;80
2021-09-27 15:00:00+02:00;6470;27-9-2021;9;27;39;0;15;1;80
2021-09-27 16:00:00+02:00;6471;27-9-2021;9;27;39;0;16;1;80
2021-09-27 17:00:00+02:00;6472;27-9-2021;9;27;39;0;17;1;50
2021-09-27 18:00:00+02:00;6473;27-9-2021;9;27;39;0;18;1;42
2021-09-27 19:00:00+02:00;6474;27-9-2021;9;27;39;0;19;1;33
2021-09-27 20:00:00+02:00;6475;27-9-2021;9;27;39;0;20;1;25
2021-09-27 21:00:00+02:00;6476;27-9-2021;9;27;39;0;21;1;17
2021-09-27 22:00:00+02:00;6477;27-9-2021;9;27;39;0;22;1;8
2021-09-27 23:00:00+02:00;6478;27-9-2021;9;27;39;0;23;1;0
2021-09-28 00:00:00+02:00;6479;28-9-2021;9;28;39;1;0;1;0
2021-09-28 01:00:00+02:00;6480;28-9-2021;9;28;39;1;1;1;0
2021-09-28 02:00:00+02:00;6481;28-9-2021;9;28;39;1;2;1;0
2021-09-28 03:00:00+02:00;6482;28-9-2021;9;28;39;1;3;1;0
2021-09-28 04:00:00+02:00;6483;28-9-2021;9;28;39;1;4;1;0
2021-09-28 05:00:00+02:00;6484;28-9-2021;9;28;39;1;5;1;0
2021-09-28 06:00:00+02:00;6485;28-9-2021;9;28;39;1;6;1;0
2021-09-28 07:00:00+02:00;6486;28-9-2021;9;28;39;1;7;1;0
2021-09-28 08:00:00+02:00;6487;28-9-2021;9;28;39;1;8;1;60
2021-09-28 09:00:00+02:00;6488;28-9-2021;9;28;39;1;9;1;60
2021-09-28 10:00:00+02:00;6489;28-9-2021;9;28;39;1;10;1;90
2021-09-28 11:00:00+02:00;6490;28-9-2021;9;28;39;1;11;1;90
2021-09-28 12:00:00+02:00;6491;28-9-2021;9;28;39;1;12;1;50
2021-09-28 13:00:00+02:00;6492;28-9-2021;9;28;39;1;13;1;50
2021-09-28 14:00:00+02:00;6493;28-9-2021;9;28;39;1;14;1;80
2021-09-28 15:00:00+02:00;6494;28-9-2021;9;28;39;1;15;1;80
2021-09-28 16:00:00+02:00;6495;28-9-2021;9;28;39;1;16;1;80
2021-09-28 17:00:00+02:00;6496;28-9-2021;9;28;39;1;17;1;50
2021-09-28 18:00:00+02:00;6497;28-9-2021;9;28;39;1;18;1;42
2021-09-28 19:00:00+02:00;6498;28-9-2021;9;28;39;1;19;1;33
2021-09-28 20:00:00+02:00;6499;28-9-2021;9;28;39;1;20;1;25
2021-09-28 21:00:00+02:00;6500;28-9-2021;9;28;39;1;21;1;17
2021-09-28 22:00:00+02:00;6501;28-9-2021;9;28;39;1;22;1;8
2021-09-28 23:00:00+02:00;6502;28-9-2021;9;28;39;1;23;1;0
2021-09-29 00:00:00+02:00;6503;29-9-2021;9;29;39;2;0;1;0
2021-09-29 01:00:00+02:00;6504;29-9-2021;9;29;39;2;1;1;0
2021-09-29 02:00:00+02:00;6505;29-9-2021;9;29;39;2;2;1;0
2021-09-29 03:00:00+02:00;6506;29-9-2021;9;29;39;2;3;1;0
2021-09-29 04:00:00+02:00;6507;29-9-2021;9;29;39;2;4;1;0
2021-09-29 05:00:00+02:00;6508;29-9-2021;9;29;39;2;5;1;0
2021-09-29 06:00:00+02:00;6509;29-9-2021;9;29;39;2;6;1;0
2021-09-29 07:00:00+02:00;6510;29-9-2021;9;29;39;2;7;1;0
2021-09-29 08:00:00+02:00;6511;29-9-2021;9;29;39;2;8;1;60
2021-09-29 09:00:00+02:00;6512;29-9-2021;9;29;39;2;9;1;60
2021-09-29 10:00:00+02:00;6513;29-9-2021;9;29;39;2;10;1;90
2021-09-29 11:00:00+02:00;6514;29-9-2021;9;29;39;2;11;1;90
2021-09-29 12:00:00+02:00;6515;29-9-2021;9;29;39;2;12;1;50
2021-09-29 13:00:00+02:00;6516;29-9-2021;9;29;39;2;13;1;50
2021-09-29 14:00:00+02:00;6517;29-9-2021;9;29;39;2;14;1;80
2021-09-29 15:00:00+02:00;6518;29-9-2021;9;29;39;2;15;1;80
2021-09-29 16:00:00+02:00;6519;29-9-2021;9;29;39;2;16;1;80
2021-09-29 17:00:00+02:00;6520;29-9-2021;9;29;39;2;17;1;50
2021-09-29 18:00:00+02:00;6521;29-9-2021;9;29;39;2;18;1;42
2021-09-29 19:00:00+02:00;6522;29-9-2021;9;29;39;2;19;1;33
2021-09-29 20:00:00+02:00;6523;29-9-2021;9;29;39;2;20;1;25
2021-09-29 21:00:00+02:00;6524;29-9-2021;9;29;39;2;21;1;17
2021-09-29 22:00:00+02:00;6525;29-9-2021;9;29;39;2;22;1;8
2021-09-29 23:00:00+02:00;6526;29-9-2021;9;29;39;2;23;1;0
2021-09-30 00:00:00+02:00;6527;30-9-2021;9;30;39;3;0;1;0
2021-09-30 01:00:00+02:00;6528;30-9-2021;9;30;39;3;1;1;0
2021-09-30 02:00:00+02:00;6529;30-9-2021;9;30;39;3;2;1;0
2021-09-30 03:00:00+02:00;6530;30-9-2021;9;30;39;3;3;1;0
2021-09-30 04:00:00+02:00;6531;30-9-2021;9;30;39;3;4;1;0
2021-09-30 05:00:00+02:00;6532;30-9-2021;9;30;39;3;5;1;0
2021-09-30 06:00:00+02:00;6533;30-9-2021;9;30;39;3;6;1;0
2021-09-30 07:00:00+02:00;6534;30-9-2021;9;30;39;3;7;1;0
2021-09-30 08:00:00+02:00;6535;30-9-2021;9;30;39;3;8;1;60
2021-09-30 09:00:00+02:00;6536;30-9-2021;9;30;39;3;9;1;60
2021-09-30 10:00:00+02:00;6537;30-9-2021;9;30;39;3;10;1;90
2021-09-30 11:00:00+02:00;6538;30-9-2021;9;30;39;3;11;1;90
2021-09-30 12:00:00+02:00;6539;30-9-2021;9;30;39;3;12;1;50
2021-09-30 13:00:00+02:00;6540;30-9-2021;9;30;39;3;13;1;50
2021-09-30 14:00:00+02:00;6541;30-9-2021;9;30;39;3;14;1;80
2021-09-30 15:00:00+02:00;6542;30-9-2021;9;30;39;3;15;1;80
2021-09-30 16:00:00+02:00;6543;30-9-2021;9;30;39;3;16;1;80
2021-09-30 17:00:00+02:00;6544;30-9-2021;9;30;39;3;17;1;50
2021-09-30 18:00:00+02:00;6545;30-9-2021;9;30;39;3;18;1;42
2021-09-30 19:00:00+02:00;6546;30-9-2021;9;30;39;3;19;1;33
2021-09-30 20:00:00+02:00;6547;30-9-2021;9;30;39;3;20;1;25
2021-09-30 21:00:00+02:00;6548;30-9-2021;9;30;39;3;21;1;17
2021-09-30 22:00:00+02:00;6549;30-9-2021;9;30;39;3;22;1;8
2021-09-30 23:00:00+02:00;6550;30-9-2021;9;30;39;3;23;1;0
2021-10-01 00:00:00+02:00;6551;1-10-2021;10;1;39;4;0;1;0
2021-10-01 01:00:00+02:00;6552;1-10-2021;10;1;39;4;1;1;0
2021-10-01 02:00:00+02:00;6553;1-10-2021;10;1;39;4;2;1;0
2021-10-01 03:00:00+02:00;6554;1-10-2021;10;1;39;4;3;1;0
2021-10-01 04:00:00+02:00;6555;1-10-2021;10;1;39;4;4;1;0
2021-10-01 05:00:00+02:00;6556;1-10-2021;10;1;39;4;5;1;0
2021-10-01 06:00:00+02:00;6557;1-10-2021;10;1;39;4;6;1;0
2021-10-01 07:00:00+02:00;6558;1-10-2021;10;1;39;4;7;1;0
2021-10-01 08:00:00+02:00;6559;1-10-2021;10;1;39;4;8;1;60
2021-10-01 09:00:00+02:00;6560;1-10-2021;10;1;39;4;9;1;60
2021-10-01 10:00:00+02:00;6561;1-10-2021;10;1;39;4;10;1;90
2021-10-01 11:00:00+02:00;6562;1-10-2021;10;1;39;4;11;1;90
2021-10-01 12:00:00+02:00;6563;1-10-2021;10;1;39;4;12;1;50
2021-10-01 13:00:00+02:00;6564;1-10-2021;10;1;39;4;13;1;50
2021-10-01 14:00:00+02:00;6565;1-10-2021;10;1;39;4;14;1;80
2021-10-01 15:00:00+02:00;6566;1-10-2021;10;1;39;4;15;1;80
2021-10-01 16:00:00+02:00;6567;1-10-2021;10;1;39;4;16;1;80
2021-10-01 17:00:00+02:00;6568;1-10-2021;10;1;39;4;17;1;50
2021-10-01 18:00:00+02:00;6569;1-10-2021;10;1;39;4;18;1;42
2021-10-01 19:00:00+02:00;6570;1-10-2021;10;1;39;4;19;1;33
2021-10-01 20:00:00+02:00;6571;1-10-2021;10;1;39;4;20;1;25
2021-10-01 21:00:00+02:00;6572;1-10-2021;10;1;39;4;21;1;17
2021-10-01 22:00:00+02:00;6573;1-10-2021;10;1;39;4;22;1;8
2021-10-01 23:00:00+02:00;6574;1-10-2021;10;1;39;4;23;1;0
2021-10-02 00:00:00+02:00;6575;2-10-2021;10;2;39;5;0;2;0
2021-10-02 01:00:00+02:00;6576;2-10-2021;10;2;39;5;1;2;0
2021-10-02 02:00:00+02:00;6577;2-10-2021;10;2;39;5;2;2;0
2021-10-02 03:00:00+02:00;6578;2-10-2021;10;2;39;5;3;2;0
2021-10-02 04:00:00+02:00;6579;2-10-2021;10;2;39;5;4;2;0
2021-10-02 05:00:00+02:00;6580;2-10-2021;10;2;39;5;5;2;0
2021-10-02 06:00:00+02:00;6581;2-10-2021;10;2;39;5;6;2;0
2021-10-02 07:00:00+02:00;6582;2-10-2021;10;2;39;5;7;2;0
2021-10-02 08:00:00+02:00;6583;2-10-2021;10;2;39;5;8;2;0
2021-10-02 09:00:00+02:00;6584;2-10-2021;10;2;39;5;9;2;0
2021-10-02 10:00:00+02:00;6585;2-10-2021;10;2;39;5;10;2;50
2021-10-02 11:00:00+02:00;6586;2-10-2021;10;2;39;5;11;2;50
2021-10-02 12:00:00+02:00;6587;2-10-2021;10;2;39;5;12;2;30
2021-10-02 13:00:00+02:00;6588;2-10-2021;10;2;39;5;13;2;30
2021-10-02 14:00:00+02:00;6589;2-10-2021;10;2;39;5;14;2;50
2021-10-02 15:00:00+02:00;6590;2-10-2021;10;2;39;5;15;2;50
2021-10-02 16:00:00+02:00;6591;2-10-2021;10;2;39;5;16;2;50
2021-10-02 17:00:00+02:00;6592;2-10-2021;10;2;39;5;17;2;0
2021-10-02 18:00:00+02:00;6593;2-10-2021;10;2;39;5;18;2;0
2021-10-02 19:00:00+02:00;6594;2-10-2021;10;2;39;5;19;2;0
2021-10-02 20:00:00+02:00;6595;2-10-2021;10;2;39;5;20;2;0
2021-10-02 21:00:00+02:00;6596;2-10-2021;10;2;39;5;21;2;0
2021-10-02 22:00:00+02:00;6597;2-10-2021;10;2;39;5;22;2;0
2021-10-02 23:00:00+02:00;6598;2-10-2021;10;2;39;5;23;2;0
2021-10-03 00:00:00+02:00;6599;3-10-2021;10;3;39;6;0;3;0
2021-10-03 01:00:00+02:00;6600;3-10-2021;10;3;39;6;1;3;0
2021-10-03 02:00:00+02:00;6601;3-10-2021;10;3;39;6;2;3;0
2021-10-03 03:00:00+02:00;6602;3-10-2021;10;3;39;6;3;3;0
2021-10-03 04:00:00+02:00;6603;3-10-2021;10;3;39;6;4;3;0
2021-10-03 05:00:00+02:00;6604;3-10-2021;10;3;39;6;5;3;0
2021-10-03 06:00:00+02:00;6605;3-10-2021;10;3;39;6;6;3;0
2021-10-03 07:00:00+02:00;6606;3-10-2021;10;3;39;6;7;3;0
2021-10-03 08:00:00+02:00;6607;3-10-2021;10;3;39;6;8;3;0
2021-10-03 09:00:00+02:00;6608;3-10-2021;10;3;39;6;9;3;0
2021-10-03 10:00:00+02:00;6609;3-10-2021;10;3;39;6;10;3;0
2021-10-03 11:00:00+02:00;6610;3-10-2021;10;3;39;6;11;3;0
2021-10-03 12:00:00+02:00;6611;3-10-2021;10;3;39;6;12;3;0
2021-10-03 13:00:00+02:00;6612;3-10-2021;10;3;39;6;13;3;0
2021-10-03 14:00:00+02:00;6613;3-10-2021;10;3;39;6;14;3;0
2021-10-03 15:00:00+02:00;6614;3-10-2021;10;3;39;6;15;3;0
2021-10-03 16:00:00+02:00;6615;3-10-2021;10;3;39;6;16;3;0
2021-10-03 17:00:00+02:00;6616;3-10-2021;10;3;39;6;17;3;0
2021-10-03 18:00:00+02:00;6617;3-10-2021;10;3;39;6;18;3;0
2021-10-03 19:00:00+02:00;6618;3-10-2021;10;3;39;6;19;3;0
2021-10-03 20:00:00+02:00;6619;3-10-2021;10;3;39;6;20;3;0
2021-10-03 21:00:00+02:00;6620;3-10-2021;10;3;39;6;21;3;0
2021-10-03 22:00:00+02:00;6621;3-10-2021;10;3;39;6;22;3;0
2021-10-03 23:00:00+02:00;6622;3-10-2021;10;3;39;6;23;3;0
2021-10-04 00:00:00+02:00;6623;4-10-2021;10;4;40;0;0;1;0
2021-10-04 01:00:00+02:00;6624;4-10-2021;10;4;40;0;1;1;0
2021-10-04 02:00:00+02:00;6625;4-10-2021;10;4;40;0;2;1;0
2021-10-04 03:00:00+02:00;6626;4-10-2021;10;4;40;0;3;1;0
2021-10-04 04:00:00+02:00;6627;4-10-2021;10;4;40;0;4;1;0
2021-10-04 05:00:00+02:00;6628;4-10-2021;10;4;40;0;5;1;0
2021-10-04 06:00:00+02:00;6629;4-10-2021;10;4;40;0;6;1;0
2021-10-04 07:00:00+02:00;6630;4-10-2021;10;4;40;0;7;1;0
2021-10-04 08:00:00+02:00;6631;4-10-2021;10;4;40;0;8;1;60
2021-10-04 09:00:00+02:00;6632;4-10-2021;10;4;40;0;9;1;60
2021-10-04 10:00:00+02:00;6633;4-10-2021;10;4;40;0;10;1;90
2021-10-04 11:00:00+02:00;6634;4-10-2021;10;4;40;0;11;1;90
2021-10-04 12:00:00+02:00;6635;4-10-2021;10;4;40;0;12;1;50
2021-10-04 13:00:00+02:00;6636;4-10-2021;10;4;40;0;13;1;50
2021-10-04 14:00:00+02:00;6637;4-10-2021;10;4;40;0;14;1;80
2021-10-04 15:00:00+02:00;6638;4-10-2021;10;4;40;0;15;1;80
2021-10-04 16:00:00+02:00;6639;4-10-2021;10;4;40;0;16;1;80
2021-10-04 17:00:00+02:00;6640;4-10-2021;10;4;40;0;17;1;50
2021-10-04 18:00:00+02:00;6641;4-10-2021;10;4;40;0;18;1;42
2021-10-04 19:00:00+02:00;6642;4-10-2021;10;4;40;0;19;1;33
2021-10-04 20:00:00+02:00;6643;4-10-2021;10;4;40;0;20;1;25
2021-10-04 21:00:00+02:00;6644;4-10-2021;10;4;40;0;21;1;17
2021-10-04 22:00:00+02:00;6645;4-10-2021;10;4;40;0;22;1;8
2021-10-04 23:00:00+02:00;6646;4-10-2021;10;4;40;0;23;1;0
2021-10-05 00:00:00+02:00;6647;5-10-2021;10;5;40;1;0;1;0
2021-10-05 01:00:00+02:00;6648;5-10-2021;10;5;40;1;1;1;0
2021-10-05 02:00:00+02:00;6649;5-10-2021;10;5;40;1;2;1;0
2021-10-05 03:00:00+02:00;6650;5-10-2021;10;5;40;1;3;1;0
2021-10-05 04:00:00+02:00;6651;5-10-2021;10;5;40;1;4;1;0
2021-10-05 05:00:00+02:00;6652;5-10-2021;10;5;40;1;5;1;0
2021-10-05 06:00:00+02:00;6653;5-10-2021;10;5;40;1;6;1;0
2021-10-05 07:00:00+02:00;6654;5-10-2021;10;5;40;1;7;1;0
2021-10-05 08:00:00+02:00;6655;5-10-2021;10;5;40;1;8;1;60
2021-10-05 09:00:00+02:00;6656;5-10-2021;10;5;40;1;9;1;60
2021-10-05 10:00:00+02:00;6657;5-10-2021;10;5;40;1;10;1;90
2021-10-05 11:00:00+02:00;6658;5-10-2021;10;5;40;1;11;1;90
2021-10-05 12:00:00+02:00;6659;5-10-2021;10;5;40;1;12;1;50
2021-10-05 13:00:00+02:00;6660;5-10-2021;10;5;40;1;13;1;50
2021-10-05 14:00:00+02:00;6661;5-10-2021;10;5;40;1;14;1;80
2021-10-05 15:00:00+02:00;6662;5-10-2021;10;5;40;1;15;1;80
2021-10-05 16:00:00+02:00;6663;5-10-2021;10;5;40;1;16;1;80
2021-10-05 17:00:00+02:00;6664;5-10-2021;10;5;40;1;17;1;50
2021-10-05 18:00:00+02:00;6665;5-10-2021;10;5;40;1;18;1;42
2021-10-05 19:00:00+02:00;6666;5-10-2021;10;5;40;1;19;1;33
2021-10-05 20:00:00+02:00;6667;5-10-2021;10;5;40;1;20;1;25
2021-10-05 21:00:00+02:00;6668;5-10-2021;10;5;40;1;21;1;17
2021-10-05 22:00:00+02:00;6669;5-10-2021;10;5;40;1;22;1;8
2021-10-05 23:00:00+02:00;6670;5-10-2021;10;5;40;1;23;1;0
2021-10-06 00:00:00+02:00;6671;6-10-2021;10;6;40;2;0;1;0
2021-10-06 01:00:00+02:00;6672;6-10-2021;10;6;40;2;1;1;0
2021-10-06 02:00:00+02:00;6673;6-10-2021;10;6;40;2;2;1;0
2021-10-06 03:00:00+02:00;6674;6-10-2021;10;6;40;2;3;1;0
2021-10-06 04:00:00+02:00;6675;6-10-2021;10;6;40;2;4;1;0
2021-10-06 05:00:00+02:00;6676;6-10-2021;10;6;40;2;5;1;0
2021-10-06 06:00:00+02:00;6677;6-10-2021;10;6;40;2;6;1;0
2021-10-06 07:00:00+02:00;6678;6-10-2021;10;6;40;2;7;1;0
2021-10-06 08:00:00+02:00;6679;6-10-2021;10;6;40;2;8;1;60
2021-10-06 09:00:00+02:00;6680;6-10-2021;10;6;40;2;9;1;60
2021-10-06 10:00:00+02:00;6681;6-10-2021;10;6;40;2;10;1;90
2021-10-06 11:00:00+02:00;6682;6-10-2021;10;6;40;2;11;1;90
2021-10-06 12:00:00+02:00;6683;6-10-2021;10;6;40;2;12;1;50
2021-10-06 13:00:00+02:00;6684;6-10-2021;10;6;40;2;13;1;50
2021-10-06 14:00:00+02:00;6685;6-10-2021;10;6;40;2;14;1;80
2021-10-06 15:00:00+02:00;6686;6-10-2021;10;6;40;2;15;1;80
2021-10-06 16:00:00+02:00;6687;6-10-2021;10;6;40;2;16;1;80
2021-10-06 17:00:00+02:00;6688;6-10-2021;10;6;40;2;17;1;50
2021-10-06 18:00:00+02:00;6689;6-10-2021;10;6;40;2;18;1;42
2021-10-06 19:00:00+02:00;6690;6-10-2021;10;6;40;2;19;1;33
2021-10-06 20:00:00+02:00;6691;6-10-2021;10;6;40;2;20;1;25
2021-10-06 21:00:00+02:00;6692;6-10-2021;10;6;40;2;21;1;17
2021-10-06 22:00:00+02:00;6693;6-10-2021;10;6;40;2;22;1;8
2021-10-06 23:00:00+02:00;6694;6-10-2021;10;6;40;2;23;1;0
2021-10-07 00:00:00+02:00;6695;7-10-2021;10;7;40;3;0;1;0
2021-10-07 01:00:00+02:00;6696;7-10-2021;10;7;40;3;1;1;0
2021-10-07 02:00:00+02:00;6697;7-10-2021;10;7;40;3;2;1;0
2021-10-07 03:00:00+02:00;6698;7-10-2021;10;7;40;3;3;1;0
2021-10-07 04:00:00+02:00;6699;7-10-2021;10;7;40;3;4;1;0
2021-10-07 05:00:00+02:00;6700;7-10-2021;10;7;40;3;5;1;0
2021-10-07 06:00:00+02:00;6701;7-10-2021;10;7;40;3;6;1;0
2021-10-07 07:00:00+02:00;6702;7-10-2021;10;7;40;3;7;1;0
2021-10-07 08:00:00+02:00;6703;7-10-2021;10;7;40;3;8;1;60
2021-10-07 09:00:00+02:00;6704;7-10-2021;10;7;40;3;9;1;60
2021-10-07 10:00:00+02:00;6705;7-10-2021;10;7;40;3;10;1;90
2021-10-07 11:00:00+02:00;6706;7-10-2021;10;7;40;3;11;1;90
2021-10-07 12:00:00+02:00;6707;7-10-2021;10;7;40;3;12;1;50
2021-10-07 13:00:00+02:00;6708;7-10-2021;10;7;40;3;13;1;50
2021-10-07 14:00:00+02:00;6709;7-10-2021;10;7;40;3;14;1;80
2021-10-07 15:00:00+02:00;6710;7-10-2021;10;7;40;3;15;1;80
2021-10-07 16:00:00+02:00;6711;7-10-2021;10;7;40;3;16;1;80
2021-10-07 17:00:00+02:00;6712;7-10-2021;10;7;40;3;17;1;50
2021-10-07 18:00:00+02:00;6713;7-10-2021;10;7;40;3;18;1;42
2021-10-07 19:00:00+02:00;6714;7-10-2021;10;7;40;3;19;1;33
2021-10-07 20:00:00+02:00;6715;7-10-2021;10;7;40;3;20;1;25
2021-10-07 21:00:00+02:00;6716;7-10-2021;10;7;40;3;21;1;17
2021-10-07 22:00:00+02:00;6717;7-10-2021;10;7;40;3;22;1;8
2021-10-07 23:00:00+02:00;6718;7-10-2021;10;7;40;3;23;1;0
2021-10-08 00:00:00+02:00;6719;8-10-2021;10;8;40;4;0;1;0
2021-10-08 01:00:00+02:00;6720;8-10-2021;10;8;40;4;1;1;0
2021-10-08 02:00:00+02:00;6721;8-10-2021;10;8;40;4;2;1;0
2021-10-08 03:00:00+02:00;6722;8-10-2021;10;8;40;4;3;1;0
2021-10-08 04:00:00+02:00;6723;8-10-2021;10;8;40;4;4;1;0
2021-10-08 05:00:00+02:00;6724;8-10-2021;10;8;40;4;5;1;0
2021-10-08 06:00:00+02:00;6725;8-10-2021;10;8;40;4;6;1;0
2021-10-08 07:00:00+02:00;6726;8-10-2021;10;8;40;4;7;1;0
2021-10-08 08:00:00+02:00;6727;8-10-2021;10;8;40;4;8;1;60
2021-10-08 09:00:00+02:00;6728;8-10-2021;10;8;40;4;9;1;60
2021-10-08 10:00:00+02:00;6729;8-10-2021;10;8;40;4;10;1;90
2021-10-08 11:00:00+02:00;6730;8-10-2021;10;8;40;4;11;1;90
2021-10-08 12:00:00+02:00;6731;8-10-2021;10;8;40;4;12;1;50
2021-10-08 13:00:00+02:00;6732;8-10-2021;10;8;40;4;13;1;50
2021-10-08 14:00:00+02:00;6733;8-10-2021;10;8;40;4;14;1;80
2021-10-08 15:00:00+02:00;6734;8-10-2021;10;8;40;4;15;1;80
2021-10-08 16:00:00+02:00;6735;8-10-2021;10;8;40;4;16;1;80
2021-10-08 17:00:00+02:00;6736;8-10-2021;10;8;40;4;17;1;50
2021-10-08 18:00:00+02:00;6737;8-10-2021;10;8;40;4;18;1;42
2021-10-08 19:00:00+02:00;6738;8-10-2021;10;8;40;4;19;1;33
2021-10-08 20:00:00+02:00;6739;8-10-2021;10;8;40;4;20;1;25
2021-10-08 21:00:00+02:00;6740;8-10-2021;10;8;40;4;21;1;17
2021-10-08 22:00:00+02:00;6741;8-10-2021;10;8;40;4;22;1;8
2021-10-08 23:00:00+02:00;6742;8-10-2021;10;8;40;4;23;1;0
2021-10-09 00:00:00+02:00;6743;9-10-2021;10;9;40;5;0;2;0
2021-10-09 01:00:00+02:00;6744;9-10-2021;10;9;40;5;1;2;0
2021-10-09 02:00:00+02:00;6745;9-10-2021;10;9;40;5;2;2;0
2021-10-09 03:00:00+02:00;6746;9-10-2021;10;9;40;5;3;2;0
2021-10-09 04:00:00+02:00;6747;9-10-2021;10;9;40;5;4;2;0
2021-10-09 05:00:00+02:00;6748;9-10-2021;10;9;40;5;5;2;0
2021-10-09 06:00:00+02:00;6749;9-10-2021;10;9;40;5;6;2;0
2021-10-09 07:00:00+02:00;6750;9-10-2021;10;9;40;5;7;2;0
2021-10-09 08:00:00+02:00;6751;9-10-2021;10;9;40;5;8;2;0
2021-10-09 09:00:00+02:00;6752;9-10-2021;10;9;40;5;9;2;0
2021-10-09 10:00:00+02:00;6753;9-10-2021;10;9;40;5;10;2;50
2021-10-09 11:00:00+02:00;6754;9-10-2021;10;9;40;5;11;2;50
2021-10-09 12:00:00+02:00;6755;9-10-2021;10;9;40;5;12;2;30
2021-10-09 13:00:00+02:00;6756;9-10-2021;10;9;40;5;13;2;30
2021-10-09 14:00:00+02:00;6757;9-10-2021;10;9;40;5;14;2;50
2021-10-09 15:00:00+02:00;6758;9-10-2021;10;9;40;5;15;2;50
2021-10-09 16:00:00+02:00;6759;9-10-2021;10;9;40;5;16;2;50
2021-10-09 17:00:00+02:00;6760;9-10-2021;10;9;40;5;17;2;0
2021-10-09 18:00:00+02:00;6761;9-10-2021;10;9;40;5;18;2;0
2021-10-09 19:00:00+02:00;6762;9-10-2021;10;9;40;5;19;2;0
2021-10-09 20:00:00+02:00;6763;9-10-2021;10;9;40;5;20;2;0
2021-10-09 21:00:00+02:00;6764;9-10-2021;10;9;40;5;21;2;0
2021-10-09 22:00:00+02:00;6765;9-10-2021;10;9;40;5;22;2;0
2021-10-09 23:00:00+02:00;6766;9-10-2021;10;9;40;5;23;2;0
2021-10-10 00:00:00+02:00;6767;10-10-2021;10;10;40;6;0;3;0
2021-10-10 01:00:00+02:00;6768;10-10-2021;10;10;40;6;1;3;0
2021-10-10 02:00:00+02:00;6769;10-10-2021;10;10;40;6;2;3;0
2021-10-10 03:00:00+02:00;6770;10-10-2021;10;10;40;6;3;3;0
2021-10-10 04:00:00+02:00;6771;10-10-2021;10;10;40;6;4;3;0
2021-10-10 05:00:00+02:00;6772;10-10-2021;10;10;40;6;5;3;0
2021-10-10 06:00:00+02:00;6773;10-10-2021;10;10;40;6;6;3;0
2021-10-10 07:00:00+02:00;6774;10-10-2021;10;10;40;6;7;3;0
2021-10-10 08:00:00+02:00;6775;10-10-2021;10;10;40;6;8;3;0
2021-10-10 09:00:00+02:00;6776;10-10-2021;10;10;40;6;9;3;0
2021-10-10 10:00:00+02:00;6777;10-10-2021;10;10;40;6;10;3;0
2021-10-10 11:00:00+02:00;6778;10-10-2021;10;10;40;6;11;3;0
2021-10-10 12:00:00+02:00;6779;10-10-2021;10;10;40;6;12;3;0
2021-10-10 13:00:00+02:00;6780;10-10-2021;10;10;40;6;13;3;0
2021-10-10 14:00:00+02:00;6781;10-10-2021;10;10;40;6;14;3;0
2021-10-10 15:00:00+02:00;6782;10-10-2021;10;10;40;6;15;3;0
2021-10-10 16:00:00+02:00;6783;10-10-2021;10;10;40;6;16;3;0
2021-10-10 17:00:00+02:00;6784;10-10-2021;10;10;40;6;17;3;0
2021-10-10 18:00:00+02:00;6785;10-10-2021;10;10;40;6;18;3;0
2021-10-10 19:00:00+02:00;6786;10-10-2021;10;10;40;6;19;3;0
2021-10-10 20:00:00+02:00;6787;10-10-2021;10;10;40;6;20;3;0
2021-10-10 21:00:00+02:00;6788;10-10-2021;10;10;40;6;21;3;0
2021-10-10 22:00:00+02:00;6789;10-10-2021;10;10;40;6;22;3;0
2021-10-10 23:00:00+02:00;6790;10-10-2021;10;10;40;6;23;3;0
2021-10-11 00:00:00+02:00;6791;11-10-2021;10;11;41;0;0;1;0
2021-10-11 01:00:00+02:00;6792;11-10-2021;10;11;41;0;1;1;0
2021-10-11 02:00:00+02:00;6793;11-10-2021;10;11;41;0;2;1;0
2021-10-11 03:00:00+02:00;6794;11-10-2021;10;11;41;0;3;1;0
2021-10-11 04:00:00+02:00;6795;11-10-2021;10;11;41;0;4;1;0
2021-10-11 05:00:00+02:00;6796;11-10-2021;10;11;41;0;5;1;0
2021-10-11 06:00:00+02:00;6797;11-10-2021;10;11;41;0;6;1;0
2021-10-11 07:00:00+02:00;6798;11-10-2021;10;11;41;0;7;1;0
2021-10-11 08:00:00+02:00;6799;11-10-2021;10;11;41;0;8;1;60
2021-10-11 09:00:00+02:00;6800;11-10-2021;10;11;41;0;9;1;60
2021-10-11 10:00:00+02:00;6801;11-10-2021;10;11;41;0;10;1;90
2021-10-11 11:00:00+02:00;6802;11-10-2021;10;11;41;0;11;1;90
2021-10-11 12:00:00+02:00;6803;11-10-2021;10;11;41;0;12;1;50
2021-10-11 13:00:00+02:00;6804;11-10-2021;10;11;41;0;13;1;50
2021-10-11 14:00:00+02:00;6805;11-10-2021;10;11;41;0;14;1;80
2021-10-11 15:00:00+02:00;6806;11-10-2021;10;11;41;0;15;1;80
2021-10-11 16:00:00+02:00;6807;11-10-2021;10;11;41;0;16;1;80
2021-10-11 17:00:00+02:00;6808;11-10-2021;10;11;41;0;17;1;50
2021-10-11 18:00:00+02:00;6809;11-10-2021;10;11;41;0;18;1;42
2021-10-11 19:00:00+02:00;6810;11-10-2021;10;11;41;0;19;1;33
2021-10-11 20:00:00+02:00;6811;11-10-2021;10;11;41;0;20;1;25
2021-10-11 21:00:00+02:00;6812;11-10-2021;10;11;41;0;21;1;17
2021-10-11 22:00:00+02:00;6813;11-10-2021;10;11;41;0;22;1;8
2021-10-11 23:00:00+02:00;6814;11-10-2021;10;11;41;0;23;1;0
2021-10-12 00:00:00+02:00;6815;12-10-2021;10;12;41;1;0;1;0
2021-10-12 01:00:00+02:00;6816;12-10-2021;10;12;41;1;1;1;0
2021-10-12 02:00:00+02:00;6817;12-10-2021;10;12;41;1;2;1;0
2021-10-12 03:00:00+02:00;6818;12-10-2021;10;12;41;1;3;1;0
2021-10-12 04:00:00+02:00;6819;12-10-2021;10;12;41;1;4;1;0
2021-10-12 05:00:00+02:00;6820;12-10-2021;10;12;41;1;5;1;0
2021-10-12 06:00:00+02:00;6821;12-10-2021;10;12;41;1;6;1;0
2021-10-12 07:00:00+02:00;6822;12-10-2021;10;12;41;1;7;1;0
2021-10-12 08:00:00+02:00;6823;12-10-2021;10;12;41;1;8;1;60
2021-10-12 09:00:00+02:00;6824;12-10-2021;10;12;41;1;9;1;60
2021-10-12 10:00:00+02:00;6825;12-10-2021;10;12;41;1;10;1;90
2021-10-12 11:00:00+02:00;6826;12-10-2021;10;12;41;1;11;1;90
2021-10-12 12:00:00+02:00;6827;12-10-2021;10;12;41;1;12;1;50
2021-10-12 13:00:00+02:00;6828;12-10-2021;10;12;41;1;13;1;50
2021-10-12 14:00:00+02:00;6829;12-10-2021;10;12;41;1;14;1;80
2021-10-12 15:00:00+02:00;6830;12-10-2021;10;12;41;1;15;1;80
2021-10-12 16:00:00+02:00;6831;12-10-2021;10;12;41;1;16;1;80
2021-10-12 17:00:00+02:00;6832;12-10-2021;10;12;41;1;17;1;50
2021-10-12 18:00:00+02:00;6833;12-10-2021;10;12;41;1;18;1;42
2021-10-12 19:00:00+02:00;6834;12-10-2021;10;12;41;1;19;1;33
2021-10-12 20:00:00+02:00;6835;12-10-2021;10;12;41;1;20;1;25
2021-10-12 21:00:00+02:00;6836;12-10-2021;10;12;41;1;21;1;17
2021-10-12 22:00:00+02:00;6837;12-10-2021;10;12;41;1;22;1;8
2021-10-12 23:00:00+02:00;6838;12-10-2021;10;12;41;1;23;1;0
2021-10-13 00:00:00+02:00;6839;13-10-2021;10;13;41;2;0;1;0
2021-10-13 01:00:00+02:00;6840;13-10-2021;10;13;41;2;1;1;0
2021-10-13 02:00:00+02:00;6841;13-10-2021;10;13;41;2;2;1;0
2021-10-13 03:00:00+02:00;6842;13-10-2021;10;13;41;2;3;1;0
2021-10-13 04:00:00+02:00;6843;13-10-2021;10;13;41;2;4;1;0
2021-10-13 05:00:00+02:00;6844;13-10-2021;10;13;41;2;5;1;0
2021-10-13 06:00:00+02:00;6845;13-10-2021;10;13;41;2;6;1;0
2021-10-13 07:00:00+02:00;6846;13-10-2021;10;13;41;2;7;1;0
2021-10-13 08:00:00+02:00;6847;13-10-2021;10;13;41;2;8;1;60
2021-10-13 09:00:00+02:00;6848;13-10-2021;10;13;41;2;9;1;60
2021-10-13 10:00:00+02:00;6849;13-10-2021;10;13;41;2;10;1;90
2021-10-13 11:00:00+02:00;6850;13-10-2021;10;13;41;2;11;1;90
2021-10-13 12:00:00+02:00;6851;13-10-2021;10;13;41;2;12;1;50
2021-10-13 13:00:00+02:00;6852;13-10-2021;10;13;41;2;13;1;50
2021-10-13 14:00:00+02:00;6853;13-10-2021;10;13;41;2;14;1;80
2021-10-13 15:00:00+02:00;6854;13-10-2021;10;13;41;2;15;1;80
2021-10-13 16:00:00+02:00;6855;13-10-2021;10;13;41;2;16;1;80
2021-10-13 17:00:00+02:00;6856;13-10-2021;10;13;41;2;17;1;50
2021-10-13 18:00:00+02:00;6857;13-10-2021;10;13;41;2;18;1;42
2021-10-13 19:00:00+02:00;6858;13-10-2021;10;13;41;2;19;1;33
2021-10-13 20:00:00+02:00;6859;13-10-2021;10;13;41;2;20;1;25
2021-10-13 21:00:00+02:00;6860;13-10-2021;10;13;41;2;21;1;17
2021-10-13 22:00:00+02:00;6861;13-10-2021;10;13;41;2;22;1;8
2021-10-13 23:00:00+02:00;6862;13-10-2021;10;13;41;2;23;1;0
2021-10-14 00:00:00+02:00;6863;14-10-2021;10;14;41;3;0;1;0
2021-10-14 01:00:00+02:00;6864;14-10-2021;10;14;41;3;1;1;0
2021-10-14 02:00:00+02:00;6865;14-10-2021;10;14;41;3;2;1;0
2021-10-14 03:00:00+02:00;6866;14-10-2021;10;14;41;3;3;1;0
2021-10-14 04:00:00+02:00;6867;14-10-2021;10;14;41;3;4;1;0
2021-10-14 05:00:00+02:00;6868;14-10-2021;10;14;41;3;5;1;0
2021-10-14 06:00:00+02:00;6869;14-10-2021;10;14;41;3;6;1;0
2021-10-14 07:00:00+02:00;6870;14-10-2021;10;14;41;3;7;1;0
2021-10-14 08:00:00+02:00;6871;14-10-2021;10;14;41;3;8;1;60
2021-10-14 09:00:00+02:00;6872;14-10-2021;10;14;41;3;9;1;60
2021-10-14 10:00:00+02:00;6873;14-10-2021;10;14;41;3;10;1;90
2021-10-14 11:00:00+02:00;6874;14-10-2021;10;14;41;3;11;1;90
2021-10-14 12:00:00+02:00;6875;14-10-2021;10;14;41;3;12;1;50
2021-10-14 13:00:00+02:00;6876;14-10-2021;10;14;41;3;13;1;50
2021-10-14 14:00:00+02:00;6877;14-10-2021;10;14;41;3;14;1;80
2021-10-14 15:00:00+02:00;6878;14-10-2021;10;14;41;3;15;1;80
2021-10-14 16:00:00+02:00;6879;14-10-2021;10;14;41;3;16;1;80
2021-10-14 17:00:00+02:00;6880;14-10-2021;10;14;41;3;17;1;50
2021-10-14 18:00:00+02:00;6881;14-10-2021;10;14;41;3;18;1;42
2021-10-14 19:00:00+02:00;6882;14-10-2021;10;14;41;3;19;1;33
2021-10-14 20:00:00+02:00;6883;14-10-2021;10;14;41;3;20;1;25
2021-10-14 21:00:00+02:00;6884;14-10-2021;10;14;41;3;21;1;17
2021-10-14 22:00:00+02:00;6885;14-10-2021;10;14;41;3;22;1;8
2021-10-14 23:00:00+02:00;6886;14-10-2021;10;14;41;3;23;1;0
2021-10-15 00:00:00+02:00;6887;15-10-2021;10;15;41;4;0;1;0
2021-10-15 01:00:00+02:00;6888;15-10-2021;10;15;41;4;1;1;0
2021-10-15 02:00:00+02:00;6889;15-10-2021;10;15;41;4;2;1;0
2021-10-15 03:00:00+02:00;6890;15-10-2021;10;15;41;4;3;1;0
2021-10-15 04:00:00+02:00;6891;15-10-2021;10;15;41;4;4;1;0
2021-10-15 05:00:00+02:00;6892;15-10-2021;10;15;41;4;5;1;0
2021-10-15 06:00:00+02:00;6893;15-10-2021;10;15;41;4;6;1;0
2021-10-15 07:00:00+02:00;6894;15-10-2021;10;15;41;4;7;1;0
2021-10-15 08:00:00+02:00;6895;15-10-2021;10;15;41;4;8;1;60
2021-10-15 09:00:00+02:00;6896;15-10-2021;10;15;41;4;9;1;60
2021-10-15 10:00:00+02:00;6897;15-10-2021;10;15;41;4;10;1;90
2021-10-15 11:00:00+02:00;6898;15-10-2021;10;15;41;4;11;1;90
2021-10-15 12:00:00+02:00;6899;15-10-2021;10;15;41;4;12;1;50
2021-10-15 13:00:00+02:00;6900;15-10-2021;10;15;41;4;13;1;50
2021-10-15 14:00:00+02:00;6901;15-10-2021;10;15;41;4;14;1;80
2021-10-15 15:00:00+02:00;6902;15-10-2021;10;15;41;4;15;1;80
2021-10-15 16:00:00+02:00;6903;15-10-2021;10;15;41;4;16;1;80
2021-10-15 17:00:00+02:00;6904;15-10-2021;10;15;41;4;17;1;50
2021-10-15 18:00:00+02:00;6905;15-10-2021;10;15;41;4;18;1;42
2021-10-15 19:00:00+02:00;6906;15-10-2021;10;15;41;4;19;1;33
2021-10-15 20:00:00+02:00;6907;15-10-2021;10;15;41;4;20;1;25
2021-10-15 21:00:00+02:00;6908;15-10-2021;10;15;41;4;21;1;17
2021-10-15 22:00:00+02:00;6909;15-10-2021;10;15;41;4;22;1;8
2021-10-15 23:00:00+02:00;6910;15-10-2021;10;15;41;4;23;1;0
2021-10-16 00:00:00+02:00;6911;16-10-2021;10;16;41;5;0;2;0
2021-10-16 01:00:00+02:00;6912;16-10-2021;10;16;41;5;1;2;0
2021-10-16 02:00:00+02:00;6913;16-10-2021;10;16;41;5;2;2;0
2021-10-16 03:00:00+02:00;6914;16-10-2021;10;16;41;5;3;2;0
2021-10-16 04:00:00+02:00;6915;16-10-2021;10;16;41;5;4;2;0
2021-10-16 05:00:00+02:00;6916;16-10-2021;10;16;41;5;5;2;0
2021-10-16 06:00:00+02:00;6917;16-10-2021;10;16;41;5;6;2;0
2021-10-16 07:00:00+02:00;6918;16-10-2021;10;16;41;5;7;2;0
2021-10-16 08:00:00+02:00;6919;16-10-2021;10;16;41;5;8;2;0
2021-10-16 09:00:00+02:00;6920;16-10-2021;10;16;41;5;9;2;0
2021-10-16 10:00:00+02:00;6921;16-10-2021;10;16;41;5;10;2;50
2021-10-16 11:00:00+02:00;6922;16-10-2021;10;16;41;5;11;2;50
2021-10-16 12:00:00+02:00;6923;16-10-2021;10;16;41;5;12;2;30
2021-10-16 13:00:00+02:00;6924;16-10-2021;10;16;41;5;13;2;30
2021-10-16 14:00:00+02:00;6925;16-10-2021;10;16;41;5;14;2;50
2021-10-16 15:00:00+02:00;6926;16-10-2021;10;16;41;5;15;2;50
2021-10-16 16:00:00+02:00;6927;16-10-2021;10;16;41;5;16;2;50
2021-10-16 17:00:00+02:00;6928;16-10-2021;10;16;41;5;17;2;0
2021-10-16 18:00:00+02:00;6929;16-10-2021;10;16;41;5;18;2;0
2021-10-16 19:00:00+02:00;6930;16-10-2021;10;16;41;5;19;2;0
2021-10-16 20:00:00+02:00;6931;16-10-2021;10;16;41;5;20;2;0
2021-10-16 21:00:00+02:00;6932;16-10-2021;10;16;41;5;21;2;0
2021-10-16 22:00:00+02:00;6933;16-10-2021;10;16;41;5;22;2;0
2021-10-16 23:00:00+02:00;6934;16-10-2021;10;16;41;5;23;2;0
2021-10-17 00:00:00+02:00;6935;17-10-2021;10;17;41;6;0;3;0
2021-10-17 01:00:00+02:00;6936;17-10-2021;10;17;41;6;1;3;0
2021-10-17 02:00:00+02:00;6937;17-10-2021;10;17;41;6;2;3;0
2021-10-17 03:00:00+02:00;6938;17-10-2021;10;17;41;6;3;3;0
2021-10-17 04:00:00+02:00;6939;17-10-2021;10;17;41;6;4;3;0
2021-10-17 05:00:00+02:00;6940;17-10-2021;10;17;41;6;5;3;0
2021-10-17 06:00:00+02:00;6941;17-10-2021;10;17;41;6;6;3;0
2021-10-17 07:00:00+02:00;6942;17-10-2021;10;17;41;6;7;3;0
2021-10-17 08:00:00+02:00;6943;17-10-2021;10;17;41;6;8;3;0
2021-10-17 09:00:00+02:00;6944;17-10-2021;10;17;41;6;9;3;0
2021-10-17 10:00:00+02:00;6945;17-10-2021;10;17;41;6;10;3;0
2021-10-17 11:00:00+02:00;6946;17-10-2021;10;17;41;6;11;3;0
2021-10-17 12:00:00+02:00;6947;17-10-2021;10;17;41;6;12;3;0
2021-10-17 13:00:00+02:00;6948;17-10-2021;10;17;41;6;13;3;0
2021-10-17 14:00:00+02:00;6949;17-10-2021;10;17;41;6;14;3;0
2021-10-17 15:00:00+02:00;6950;17-10-2021;10;17;41;6;15;3;0
2021-10-17 16:00:00+02:00;6951;17-10-2021;10;17;41;6;16;3;0
2021-10-17 17:00:00+02:00;6952;17-10-2021;10;17;41;6;17;3;0
2021-10-17 18:00:00+02:00;6953;17-10-2021;10;17;41;6;18;3;0
2021-10-17 19:00:00+02:00;6954;17-10-2021;10;17;41;6;19;3;0
2021-10-17 20:00:00+02:00;6955;17-10-2021;10;17;41;6;20;3;0
2021-10-17 21:00:00+02:00;6956;17-10-2021;10;17;41;6;21;3;0
2021-10-17 22:00:00+02:00;6957;17-10-2021;10;17;41;6;22;3;0
2021-10-17 23:00:00+02:00;6958;17-10-2021;10;17;41;6;23;3;0
2021-10-18 00:00:00+02:00;6959;18-10-2021;10;18;42;0;0;1;0
2021-10-18 01:00:00+02:00;6960;18-10-2021;10;18;42;0;1;1;0
2021-10-18 02:00:00+02:00;6961;18-10-2021;10;18;42;0;2;1;0
2021-10-18 03:00:00+02:00;6962;18-10-2021;10;18;42;0;3;1;0
2021-10-18 04:00:00+02:00;6963;18-10-2021;10;18;42;0;4;1;0
2021-10-18 05:00:00+02:00;6964;18-10-2021;10;18;42;0;5;1;0
2021-10-18 06:00:00+02:00;6965;18-10-2021;10;18;42;0;6;1;0
2021-10-18 07:00:00+02:00;6966;18-10-2021;10;18;42;0;7;1;0
2021-10-18 08:00:00+02:00;6967;18-10-2021;10;18;42;0;8;1;60
2021-10-18 09:00:00+02:00;6968;18-10-2021;10;18;42;0;9;1;60
2021-10-18 10:00:00+02:00;6969;18-10-2021;10;18;42;0;10;1;90
2021-10-18 11:00:00+02:00;6970;18-10-2021;10;18;42;0;11;1;90
2021-10-18 12:00:00+02:00;6971;18-10-2021;10;18;42;0;12;1;50
2021-10-18 13:00:00+02:00;6972;18-10-2021;10;18;42;0;13;1;50
2021-10-18 14:00:00+02:00;6973;18-10-2021;10;18;42;0;14;1;80
2021-10-18 15:00:00+02:00;6974;18-10-2021;10;18;42;0;15;1;80
2021-10-18 16:00:00+02:00;6975;18-10-2021;10;18;42;0;16;1;80
2021-10-18 17:00:00+02:00;6976;18-10-2021;10;18;42;0;17;1;50
2021-10-18 18:00:00+02:00;6977;18-10-2021;10;18;42;0;18;1;42
2021-10-18 19:00:00+02:00;6978;18-10-2021;10;18;42;0;19;1;33
2021-10-18 20:00:00+02:00;6979;18-10-2021;10;18;42;0;20;1;25
2021-10-18 21:00:00+02:00;6980;18-10-2021;10;18;42;0;21;1;17
2021-10-18 22:00:00+02:00;6981;18-10-2021;10;18;42;0;22;1;8
2021-10-18 23:00:00+02:00;6982;18-10-2021;10;18;42;0;23;1;0
2021-10-19 00:00:00+02:00;6983;19-10-2021;10;19;42;1;0;1;0
2021-10-19 01:00:00+02:00;6984;19-10-2021;10;19;42;1;1;1;0
2021-10-19 02:00:00+02:00;6985;19-10-2021;10;19;42;1;2;1;0
2021-10-19 03:00:00+02:00;6986;19-10-2021;10;19;42;1;3;1;0
2021-10-19 04:00:00+02:00;6987;19-10-2021;10;19;42;1;4;1;0
2021-10-19 05:00:00+02:00;6988;19-10-2021;10;19;42;1;5;1;0
2021-10-19 06:00:00+02:00;6989;19-10-2021;10;19;42;1;6;1;0
2021-10-19 07:00:00+02:00;6990;19-10-2021;10;19;42;1;7;1;0
2021-10-19 08:00:00+02:00;6991;19-10-2021;10;19;42;1;8;1;60
2021-10-19 09:00:00+02:00;6992;19-10-2021;10;19;42;1;9;1;60
2021-10-19 10:00:00+02:00;6993;19-10-2021;10;19;42;1;10;1;90
2021-10-19 11:00:00+02:00;6994;19-10-2021;10;19;42;1;11;1;90
2021-10-19 12:00:00+02:00;6995;19-10-2021;10;19;42;1;12;1;50
2021-10-19 13:00:00+02:00;6996;19-10-2021;10;19;42;1;13;1;50
2021-10-19 14:00:00+02:00;6997;19-10-2021;10;19;42;1;14;1;80
2021-10-19 15:00:00+02:00;6998;19-10-2021;10;19;42;1;15;1;80
2021-10-19 16:00:00+02:00;6999;19-10-2021;10;19;42;1;16;1;80
2021-10-19 17:00:00+02:00;7000;19-10-2021;10;19;42;1;17;1;50
2021-10-19 18:00:00+02:00;7001;19-10-2021;10;19;42;1;18;1;42
2021-10-19 19:00:00+02:00;7002;19-10-2021;10;19;42;1;19;1;33
2021-10-19 20:00:00+02:00;7003;19-10-2021;10;19;42;1;20;1;25
2021-10-19 21:00:00+02:00;7004;19-10-2021;10;19;42;1;21;1;17
2021-10-19 22:00:00+02:00;7005;19-10-2021;10;19;42;1;22;1;8
2021-10-19 23:00:00+02:00;7006;19-10-2021;10;19;42;1;23;1;0
2021-10-20 00:00:00+02:00;7007;20-10-2021;10;20;42;2;0;1;0
2021-10-20 01:00:00+02:00;7008;20-10-2021;10;20;42;2;1;1;0
2021-10-20 02:00:00+02:00;7009;20-10-2021;10;20;42;2;2;1;0
2021-10-20 03:00:00+02:00;7010;20-10-2021;10;20;42;2;3;1;0
2021-10-20 04:00:00+02:00;7011;20-10-2021;10;20;42;2;4;1;0
2021-10-20 05:00:00+02:00;7012;20-10-2021;10;20;42;2;5;1;0
2021-10-20 06:00:00+02:00;7013;20-10-2021;10;20;42;2;6;1;0
2021-10-20 07:00:00+02:00;7014;20-10-2021;10;20;42;2;7;1;0
2021-10-20 08:00:00+02:00;7015;20-10-2021;10;20;42;2;8;1;60
2021-10-20 09:00:00+02:00;7016;20-10-2021;10;20;42;2;9;1;60
2021-10-20 10:00:00+02:00;7017;20-10-2021;10;20;42;2;10;1;90
2021-10-20 11:00:00+02:00;7018;20-10-2021;10;20;42;2;11;1;90
2021-10-20 12:00:00+02:00;7019;20-10-2021;10;20;42;2;12;1;50
2021-10-20 13:00:00+02:00;7020;20-10-2021;10;20;42;2;13;1;50
2021-10-20 14:00:00+02:00;7021;20-10-2021;10;20;42;2;14;1;80
2021-10-20 15:00:00+02:00;7022;20-10-2021;10;20;42;2;15;1;80
2021-10-20 16:00:00+02:00;7023;20-10-2021;10;20;42;2;16;1;80
2021-10-20 17:00:00+02:00;7024;20-10-2021;10;20;42;2;17;1;50
2021-10-20 18:00:00+02:00;7025;20-10-2021;10;20;42;2;18;1;42
2021-10-20 19:00:00+02:00;7026;20-10-2021;10;20;42;2;19;1;33
2021-10-20 20:00:00+02:00;7027;20-10-2021;10;20;42;2;20;1;25
2021-10-20 21:00:00+02:00;7028;20-10-2021;10;20;42;2;21;1;17
2021-10-20 22:00:00+02:00;7029;20-10-2021;10;20;42;2;22;1;8
2021-10-20 23:00:00+02:00;7030;20-10-2021;10;20;42;2;23;1;0
2021-10-21 00:00:00+02:00;7031;21-10-2021;10;21;42;3;0;1;0
2021-10-21 01:00:00+02:00;7032;21-10-2021;10;21;42;3;1;1;0
2021-10-21 02:00:00+02:00;7033;21-10-2021;10;21;42;3;2;1;0
2021-10-21 03:00:00+02:00;7034;21-10-2021;10;21;42;3;3;1;0
2021-10-21 04:00:00+02:00;7035;21-10-2021;10;21;42;3;4;1;0
2021-10-21 05:00:00+02:00;7036;21-10-2021;10;21;42;3;5;1;0
2021-10-21 06:00:00+02:00;7037;21-10-2021;10;21;42;3;6;1;0
2021-10-21 07:00:00+02:00;7038;21-10-2021;10;21;42;3;7;1;0
2021-10-21 08:00:00+02:00;7039;21-10-2021;10;21;42;3;8;1;60
2021-10-21 09:00:00+02:00;7040;21-10-2021;10;21;42;3;9;1;60
2021-10-21 10:00:00+02:00;7041;21-10-2021;10;21;42;3;10;1;90
2021-10-21 11:00:00+02:00;7042;21-10-2021;10;21;42;3;11;1;90
2021-10-21 12:00:00+02:00;7043;21-10-2021;10;21;42;3;12;1;50
2021-10-21 13:00:00+02:00;7044;21-10-2021;10;21;42;3;13;1;50
2021-10-21 14:00:00+02:00;7045;21-10-2021;10;21;42;3;14;1;80
2021-10-21 15:00:00+02:00;7046;21-10-2021;10;21;42;3;15;1;80
2021-10-21 16:00:00+02:00;7047;21-10-2021;10;21;42;3;16;1;80
2021-10-21 17:00:00+02:00;7048;21-10-2021;10;21;42;3;17;1;50
2021-10-21 18:00:00+02:00;7049;21-10-2021;10;21;42;3;18;1;42
2021-10-21 19:00:00+02:00;7050;21-10-2021;10;21;42;3;19;1;33
2021-10-21 20:00:00+02:00;7051;21-10-2021;10;21;42;3;20;1;25
2021-10-21 21:00:00+02:00;7052;21-10-2021;10;21;42;3;21;1;17
2021-10-21 22:00:00+02:00;7053;21-10-2021;10;21;42;3;22;1;8
2021-10-21 23:00:00+02:00;7054;21-10-2021;10;21;42;3;23;1;0
2021-10-22 00:00:00+02:00;7055;22-10-2021;10;22;42;4;0;1;0
2021-10-22 01:00:00+02:00;7056;22-10-2021;10;22;42;4;1;1;0
2021-10-22 02:00:00+02:00;7057;22-10-2021;10;22;42;4;2;1;0
2021-10-22 03:00:00+02:00;7058;22-10-2021;10;22;42;4;3;1;0
2021-10-22 04:00:00+02:00;7059;22-10-2021;10;22;42;4;4;1;0
2021-10-22 05:00:00+02:00;7060;22-10-2021;10;22;42;4;5;1;0
2021-10-22 06:00:00+02:00;7061;22-10-2021;10;22;42;4;6;1;0
2021-10-22 07:00:00+02:00;7062;22-10-2021;10;22;42;4;7;1;0
2021-10-22 08:00:00+02:00;7063;22-10-2021;10;22;42;4;8;1;60
2021-10-22 09:00:00+02:00;7064;22-10-2021;10;22;42;4;9;1;60
2021-10-22 10:00:00+02:00;7065;22-10-2021;10;22;42;4;10;1;90
2021-10-22 11:00:00+02:00;7066;22-10-2021;10;22;42;4;11;1;90
2021-10-22 12:00:00+02:00;7067;22-10-2021;10;22;42;4;12;1;50
2021-10-22 13:00:00+02:00;7068;22-10-2021;10;22;42;4;13;1;50
2021-10-22 14:00:00+02:00;7069;22-10-2021;10;22;42;4;14;1;80
2021-10-22 15:00:00+02:00;7070;22-10-2021;10;22;42;4;15;1;80
2021-10-22 16:00:00+02:00;7071;22-10-2021;10;22;42;4;16;1;80
2021-10-22 17:00:00+02:00;7072;22-10-2021;10;22;42;4;17;1;50
2021-10-22 18:00:00+02:00;7073;22-10-2021;10;22;42;4;18;1;42
2021-10-22 19:00:00+02:00;7074;22-10-2021;10;22;42;4;19;1;33
2021-10-22 20:00:00+02:00;7075;22-10-2021;10;22;42;4;20;1;25
2021-10-22 21:00:00+02:00;7076;22-10-2021;10;22;42;4;21;1;17
2021-10-22 22:00:00+02:00;7077;22-10-2021;10;22;42;4;22;1;8
2021-10-22 23:00:00+02:00;7078;22-10-2021;10;22;42;4;23;1;0
2021-10-23 00:00:00+02:00;7079;23-10-2021;10;23;42;5;0;2;0
2021-10-23 01:00:00+02:00;7080;23-10-2021;10;23;42;5;1;2;0
2021-10-23 02:00:00+02:00;7081;23-10-2021;10;23;42;5;2;2;0
2021-10-23 03:00:00+02:00;7082;23-10-2021;10;23;42;5;3;2;0
2021-10-23 04:00:00+02:00;7083;23-10-2021;10;23;42;5;4;2;0
2021-10-23 05:00:00+02:00;7084;23-10-2021;10;23;42;5;5;2;0
2021-10-23 06:00:00+02:00;7085;23-10-2021;10;23;42;5;6;2;0
2021-10-23 07:00:00+02:00;7086;23-10-2021;10;23;42;5;7;2;0
2021-10-23 08:00:00+02:00;7087;23-10-2021;10;23;42;5;8;2;0
2021-10-23 09:00:00+02:00;7088;23-10-2021;10;23;42;5;9;2;0
2021-10-23 10:00:00+02:00;7089;23-10-2021;10;23;42;5;10;2;50
2021-10-23 11:00:00+02:00;7090;23-10-2021;10;23;42;5;11;2;50
2021-10-23 12:00:00+02:00;7091;23-10-2021;10;23;42;5;12;2;30
2021-10-23 13:00:00+02:00;7092;23-10-2021;10;23;42;5;13;2;30
2021-10-23 14:00:00+02:00;7093;23-10-2021;10;23;42;5;14;2;50
2021-10-23 15:00:00+02:00;7094;23-10-2021;10;23;42;5;15;2;50
2021-10-23 16:00:00+02:00;7095;23-10-2021;10;23;42;5;16;2;50
2021-10-23 17:00:00+02:00;7096;23-10-2021;10;23;42;5;17;2;0
2021-10-23 18:00:00+02:00;7097;23-10-2021;10;23;42;5;18;2;0
2021-10-23 19:00:00+02:00;7098;23-10-2021;10;23;42;5;19;2;0
2021-10-23 20:00:00+02:00;7099;23-10-2021;10;23;42;5;20;2;0
2021-10-23 21:00:00+02:00;7100;23-10-2021;10;23;42;5;21;2;0
2021-10-23 22:00:00+02:00;7101;23-10-2021;10;23;42;5;22;2;0
2021-10-23 23:00:00+02:00;7102;23-10-2021;10;23;42;5;23;2;0
2021-10-24 00:00:00+02:00;7103;24-10-2021;10;24;42;6;0;3;0
2021-10-24 01:00:00+02:00;7104;24-10-2021;10;24;42;6;1;3;0
2021-10-24 02:00:00+02:00;7105;24-10-2021;10;24;42;6;2;3;0
2021-10-24 03:00:00+02:00;7106;24-10-2021;10;24;42;6;3;3;0
2021-10-24 04:00:00+02:00;7107;24-10-2021;10;24;42;6;4;3;0
2021-10-24 05:00:00+02:00;7108;24-10-2021;10;24;42;6;5;3;0
2021-10-24 06:00:00+02:00;7109;24-10-2021;10;24;42;6;6;3;0
2021-10-24 07:00:00+02:00;7110;24-10-2021;10;24;42;6;7;3;0
2021-10-24 08:00:00+02:00;7111;24-10-2021;10;24;42;6;8;3;0
2021-10-24 09:00:00+02:00;7112;24-10-2021;10;24;42;6;9;3;0
2021-10-24 10:00:00+02:00;7113;24-10-2021;10;24;42;6;10;3;0
2021-10-24 11:00:00+02:00;7114;24-10-2021;10;24;42;6;11;3;0
2021-10-24 12:00:00+02:00;7115;24-10-2021;10;24;42;6;12;3;0
2021-10-24 13:00:00+02:00;7116;24-10-2021;10;24;42;6;13;3;0
2021-10-24 14:00:00+02:00;7117;24-10-2021;10;24;42;6;14;3;0
2021-10-24 15:00:00+02:00;7118;24-10-2021;10;24;42;6;15;3;0
2021-10-24 16:00:00+02:00;7119;24-10-2021;10;24;42;6;16;3;0
2021-10-24 17:00:00+02:00;7120;24-10-2021;10;24;42;6;17;3;0
2021-10-24 18:00:00+02:00;7121;24-10-2021;10;24;42;6;18;3;0
2021-10-24 19:00:00+02:00;7122;24-10-2021;10;24;42;6;19;3;0
2021-10-24 20:00:00+02:00;7123;24-10-2021;10;24;42;6;20;3;0
2021-10-24 21:00:00+02:00;7124;24-10-2021;10;24;42;6;21;3;0
2021-10-24 22:00:00+02:00;7125;24-10-2021;10;24;42;6;22;3;0
2021-10-24 23:00:00+02:00;7126;24-10-2021;10;24;42;6;23;3;0
2021-10-25 00:00:00+02:00;7127;25-10-2021;10;25;43;0;0;1;0
2021-10-25 01:00:00+02:00;7128;25-10-2021;10;25;43;0;1;1;0
2021-10-25 02:00:00+02:00;7129;25-10-2021;10;25;43;0;2;1;0
2021-10-25 03:00:00+02:00;7130;25-10-2021;10;25;43;0;3;1;0
2021-10-25 04:00:00+02:00;7131;25-10-2021;10;25;43;0;4;1;0
2021-10-25 05:00:00+02:00;7132;25-10-2021;10;25;43;0;5;1;0
2021-10-25 06:00:00+02:00;7133;25-10-2021;10;25;43;0;6;1;0
2021-10-25 07:00:00+02:00;7134;25-10-2021;10;25;43;0;7;1;0
2021-10-25 08:00:00+02:00;7135;25-10-2021;10;25;43;0;8;1;60
2021-10-25 09:00:00+02:00;7136;25-10-2021;10;25;43;0;9;1;60
2021-10-25 10:00:00+02:00;7137;25-10-2021;10;25;43;0;10;1;90
2021-10-25 11:00:00+02:00;7138;25-10-2021;10;25;43;0;11;1;90
2021-10-25 12:00:00+02:00;7139;25-10-2021;10;25;43;0;12;1;50
2021-10-25 13:00:00+02:00;7140;25-10-2021;10;25;43;0;13;1;50
2021-10-25 14:00:00+02:00;7141;25-10-2021;10;25;43;0;14;1;80
2021-10-25 15:00:00+02:00;7142;25-10-2021;10;25;43;0;15;1;80
2021-10-25 16:00:00+02:00;7143;25-10-2021;10;25;43;0;16;1;80
2021-10-25 17:00:00+02:00;7144;25-10-2021;10;25;43;0;17;1;50
2021-10-25 18:00:00+02:00;7145;25-10-2021;10;25;43;0;18;1;42
2021-10-25 19:00:00+02:00;7146;25-10-2021;10;25;43;0;19;1;33
2021-10-25 20:00:00+02:00;7147;25-10-2021;10;25;43;0;20;1;25
2021-10-25 21:00:00+02:00;7148;25-10-2021;10;25;43;0;21;1;17
2021-10-25 22:00:00+02:00;7149;25-10-2021;10;25;43;0;22;1;8
2021-10-25 23:00:00+02:00;7150;25-10-2021;10;25;43;0;23;1;0
2021-10-26 00:00:00+02:00;7151;26-10-2021;10;26;43;1;0;1;0
2021-10-26 01:00:00+02:00;7152;26-10-2021;10;26;43;1;1;1;0
2021-10-26 02:00:00+02:00;7153;26-10-2021;10;26;43;1;2;1;0
2021-10-26 03:00:00+02:00;7154;26-10-2021;10;26;43;1;3;1;0
2021-10-26 04:00:00+02:00;7155;26-10-2021;10;26;43;1;4;1;0
2021-10-26 05:00:00+02:00;7156;26-10-2021;10;26;43;1;5;1;0
2021-10-26 06:00:00+02:00;7157;26-10-2021;10;26;43;1;6;1;0
2021-10-26 07:00:00+02:00;7158;26-10-2021;10;26;43;1;7;1;0
2021-10-26 08:00:00+02:00;7159;26-10-2021;10;26;43;1;8;1;60
2021-10-26 09:00:00+02:00;7160;26-10-2021;10;26;43;1;9;1;60
2021-10-26 10:00:00+02:00;7161;26-10-2021;10;26;43;1;10;1;90
2021-10-26 11:00:00+02:00;7162;26-10-2021;10;26;43;1;11;1;90
2021-10-26 12:00:00+02:00;7163;26-10-2021;10;26;43;1;12;1;50
2021-10-26 13:00:00+02:00;7164;26-10-2021;10;26;43;1;13;1;50
2021-10-26 14:00:00+02:00;7165;26-10-2021;10;26;43;1;14;1;80
2021-10-26 15:00:00+02:00;7166;26-10-2021;10;26;43;1;15;1;80
2021-10-26 16:00:00+02:00;7167;26-10-2021;10;26;43;1;16;1;80
2021-10-26 17:00:00+02:00;7168;26-10-2021;10;26;43;1;17;1;50
2021-10-26 18:00:00+02:00;7169;26-10-2021;10;26;43;1;18;1;42
2021-10-26 19:00:00+02:00;7170;26-10-2021;10;26;43;1;19;1;33
2021-10-26 20:00:00+02:00;7171;26-10-2021;10;26;43;1;20;1;25
2021-10-26 21:00:00+02:00;7172;26-10-2021;10;26;43;1;21;1;17
2021-10-26 22:00:00+02:00;7173;26-10-2021;10;26;43;1;22;1;8
2021-10-26 23:00:00+02:00;7174;26-10-2021;10;26;43;1;23;1;0
2021-10-27 00:00:00+02:00;7175;27-10-2021;10;27;43;2;0;1;0
2021-10-27 01:00:00+02:00;7176;27-10-2021;10;27;43;2;1;1;0
2021-10-27 02:00:00+02:00;7177;27-10-2021;10;27;43;2;2;1;0
2021-10-27 03:00:00+02:00;7178;27-10-2021;10;27;43;2;3;1;0
2021-10-27 04:00:00+02:00;7179;27-10-2021;10;27;43;2;4;1;0
2021-10-27 05:00:00+02:00;7180;27-10-2021;10;27;43;2;5;1;0
2021-10-27 06:00:00+02:00;7181;27-10-2021;10;27;43;2;6;1;0
2021-10-27 07:00:00+02:00;7182;27-10-2021;10;27;43;2;7;1;0
2021-10-27 08:00:00+02:00;7183;27-10-2021;10;27;43;2;8;1;60
2021-10-27 09:00:00+02:00;7184;27-10-2021;10;27;43;2;9;1;60
2021-10-27 10:00:00+02:00;7185;27-10-2021;10;27;43;2;10;1;90
2021-10-27 11:00:00+02:00;7186;27-10-2021;10;27;43;2;11;1;90
2021-10-27 12:00:00+02:00;7187;27-10-2021;10;27;43;2;12;1;50
2021-10-27 13:00:00+02:00;7188;27-10-2021;10;27;43;2;13;1;50
2021-10-27 14:00:00+02:00;7189;27-10-2021;10;27;43;2;14;1;80
2021-10-27 15:00:00+02:00;7190;27-10-2021;10;27;43;2;15;1;80
2021-10-27 16:00:00+02:00;7191;27-10-2021;10;27;43;2;16;1;80
2021-10-27 17:00:00+02:00;7192;27-10-2021;10;27;43;2;17;1;50
2021-10-27 18:00:00+02:00;7193;27-10-2021;10;27;43;2;18;1;42
2021-10-27 19:00:00+02:00;7194;27-10-2021;10;27;43;2;19;1;33
2021-10-27 20:00:00+02:00;7195;27-10-2021;10;27;43;2;20;1;25
2021-10-27 21:00:00+02:00;7196;27-10-2021;10;27;43;2;21;1;17
2021-10-27 22:00:00+02:00;7197;27-10-2021;10;27;43;2;22;1;8
2021-10-27 23:00:00+02:00;7198;27-10-2021;10;27;43;2;23;1;0
2021-10-28 00:00:00+02:00;7199;28-10-2021;10;28;43;3;0;1;0
2021-10-28 01:00:00+02:00;7200;28-10-2021;10;28;43;3;1;1;0
2021-10-28 02:00:00+02:00;7201;28-10-2021;10;28;43;3;2;1;0
2021-10-28 03:00:00+02:00;7202;28-10-2021;10;28;43;3;3;1;0
2021-10-28 04:00:00+02:00;7203;28-10-2021;10;28;43;3;4;1;0
2021-10-28 05:00:00+02:00;7204;28-10-2021;10;28;43;3;5;1;0
2021-10-28 06:00:00+02:00;7205;28-10-2021;10;28;43;3;6;1;0
2021-10-28 07:00:00+02:00;7206;28-10-2021;10;28;43;3;7;1;0
2021-10-28 08:00:00+02:00;7207;28-10-2021;10;28;43;3;8;1;60
2021-10-28 09:00:00+02:00;7208;28-10-2021;10;28;43;3;9;1;60
2021-10-28 10:00:00+02:00;7209;28-10-2021;10;28;43;3;10;1;90
2021-10-28 11:00:00+02:00;7210;28-10-2021;10;28;43;3;11;1;90
2021-10-28 12:00:00+02:00;7211;28-10-2021;10;28;43;3;12;1;50
2021-10-28 13:00:00+02:00;7212;28-10-2021;10;28;43;3;13;1;50
2021-10-28 14:00:00+02:00;7213;28-10-2021;10;28;43;3;14;1;80
2021-10-28 15:00:00+02:00;7214;28-10-2021;10;28;43;3;15;1;80
2021-10-28 16:00:00+02:00;7215;28-10-2021;10;28;43;3;16;1;80
2021-10-28 17:00:00+02:00;7216;28-10-2021;10;28;43;3;17;1;50
2021-10-28 18:00:00+02:00;7217;28-10-2021;10;28;43;3;18;1;42
2021-10-28 19:00:00+02:00;7218;28-10-2021;10;28;43;3;19;1;33
2021-10-28 20:00:00+02:00;7219;28-10-2021;10;28;43;3;20;1;25
2021-10-28 21:00:00+02:00;7220;28-10-2021;10;28;43;3;21;1;17
2021-10-28 22:00:00+02:00;7221;28-10-2021;10;28;43;3;22;1;8
2021-10-28 23:00:00+02:00;7222;28-10-2021;10;28;43;3;23;1;0
2021-10-29 00:00:00+02:00;7223;29-10-2021;10;29;43;4;0;1;0
2021-10-29 01:00:00+02:00;7224;29-10-2021;10;29;43;4;1;1;0
2021-10-29 02:00:00+02:00;7225;29-10-2021;10;29;43;4;2;1;0
2021-10-29 03:00:00+02:00;7226;29-10-2021;10;29;43;4;3;1;0
2021-10-29 04:00:00+02:00;7227;29-10-2021;10;29;43;4;4;1;0
2021-10-29 05:00:00+02:00;7228;29-10-2021;10;29;43;4;5;1;0
2021-10-29 06:00:00+02:00;7229;29-10-2021;10;29;43;4;6;1;0
2021-10-29 07:00:00+02:00;7230;29-10-2021;10;29;43;4;7;1;0
2021-10-29 08:00:00+02:00;7231;29-10-2021;10;29;43;4;8;1;60
2021-10-29 09:00:00+02:00;7232;29-10-2021;10;29;43;4;9;1;60
2021-10-29 10:00:00+02:00;7233;29-10-2021;10;29;43;4;10;1;90
2021-10-29 11:00:00+02:00;7234;29-10-2021;10;29;43;4;11;1;90
2021-10-29 12:00:00+02:00;7235;29-10-2021;10;29;43;4;12;1;50
2021-10-29 13:00:00+02:00;7236;29-10-2021;10;29;43;4;13;1;50
2021-10-29 14:00:00+02:00;7237;29-10-2021;10;29;43;4;14;1;80
2021-10-29 15:00:00+02:00;7238;29-10-2021;10;29;43;4;15;1;80
2021-10-29 16:00:00+02:00;7239;29-10-2021;10;29;43;4;16;1;80
2021-10-29 17:00:00+02:00;7240;29-10-2021;10;29;43;4;17;1;50
2021-10-29 18:00:00+02:00;7241;29-10-2021;10;29;43;4;18;1;42
2021-10-29 19:00:00+02:00;7242;29-10-2021;10;29;43;4;19;1;33
2021-10-29 20:00:00+02:00;7243;29-10-2021;10;29;43;4;20;1;25
2021-10-29 21:00:00+02:00;7244;29-10-2021;10;29;43;4;21;1;17
2021-10-29 22:00:00+02:00;7245;29-10-2021;10;29;43;4;22;1;8
2021-10-29 23:00:00+02:00;7246;29-10-2021;10;29;43;4;23;1;0
2021-10-30 00:00:00+02:00;7247;30-10-2021;10;30;43;5;0;2;0
2021-10-30 01:00:00+02:00;7248;30-10-2021;10;30;43;5;1;2;0
2021-10-30 02:00:00+02:00;7249;30-10-2021;10;30;43;5;2;2;0
2021-10-30 03:00:00+02:00;7250;30-10-2021;10;30;43;5;3;2;0
2021-10-30 04:00:00+02:00;7251;30-10-2021;10;30;43;5;4;2;0
2021-10-30 05:00:00+02:00;7252;30-10-2021;10;30;43;5;5;2;0
2021-10-30 06:00:00+02:00;7253;30-10-2021;10;30;43;5;6;2;0
2021-10-30 07:00:00+02:00;7254;30-10-2021;10;30;43;5;7;2;0
2021-10-30 08:00:00+02:00;7255;30-10-2021;10;30;43;5;8;2;0
2021-10-30 09:00:00+02:00;7256;30-10-2021;10;30;43;5;9;2;0
2021-10-30 10:00:00+02:00;7257;30-10-2021;10;30;43;5;10;2;50
2021-10-30 11:00:00+02:00;7258;30-10-2021;10;30;43;5;11;2;50
2021-10-30 12:00:00+02:00;7259;30-10-2021;10;30;43;5;12;2;30
2021-10-30 13:00:00+02:00;7260;30-10-2021;10;30;43;5;13;2;30
2021-10-30 14:00:00+02:00;7261;30-10-2021;10;30;43;5;14;2;50
2021-10-30 15:00:00+02:00;7262;30-10-2021;10;30;43;5;15;2;50
2021-10-30 16:00:00+02:00;7263;30-10-2021;10;30;43;5;16;2;50
2021-10-30 17:00:00+02:00;7264;30-10-2021;10;30;43;5;17;2;0
2021-10-30 18:00:00+02:00;7265;30-10-2021;10;30;43;5;18;2;0
2021-10-30 19:00:00+02:00;7266;30-10-2021;10;30;43;5;19;2;0
2021-10-30 20:00:00+02:00;7267;30-10-2021;10;30;43;5;20;2;0
2021-10-30 21:00:00+02:00;7268;30-10-2021;10;30;43;5;21;2;0
2021-10-30 22:00:00+02:00;7269;30-10-2021;10;30;43;5;22;2;0
2021-10-30 23:00:00+02:00;7270;30-10-2021;10;30;43;5;23;2;0
2021-10-31 00:00:00+02:00;7271;31-10-2021;10;31;43;6;0;3;0
2021-10-31 01:00:00+02:00;7272;31-10-2021;10;31;43;6;1;3;0
2021-10-31 02:00:00+02:00;7273;31-10-2021;10;31;43;6;2;3;0
2021-10-31 02:00:00+01:00;7274;31-10-2021;10;31;43;6;2;3;0
2021-10-31 03:00:00+01:00;7275;31-10-2021;10;31;43;6;3;3;0
2021-10-31 04:00:00+01:00;7276;31-10-2021;10;31;43;6;4;3;0
2021-10-31 05:00:00+01:00;7277;31-10-2021;10;31;43;6;5;3;0
2021-10-31 06:00:00+01:00;7278;31-10-2021;10;31;43;6;6;3;0
2021-10-31 07:00:00+01:00;7279;31-10-2021;10;31;43;6;7;3;0
2021-10-31 08:00:00+01:00;7280;31-10-2021;10;31;43;6;8;3;0
2021-10-31 09:00:00+01:00;7281;31-10-2021;10;31;43;6;9;3;0
2021-10-31 10:00:00+01:00;7282;31-10-2021;10;31;43;6;10;3;0
2021-10-31 11:00:00+01:00;7283;31-10-2021;10;31;43;6;11;3;0
2021-10-31 12:00:00+01:00;7284;31-10-2021;10;31;43;6;12;3;0
2021-10-31 13:00:00+01:00;7285;31-10-2021;10;31;43;6;13;3;0
2021-10-31 14:00:00+01:00;7286;31-10-2021;10;31;43;6;14;3;0
2021-10-31 15:00:00+01:00;7287;31-10-2021;10;31;43;6;15;3;0
2021-10-31 16:00:00+01:00;7288;31-10-2021;10;31;43;6;16;3;0
2021-10-31 17:00:00+01:00;7289;31-10-2021;10;31;43;6;17;3;0
2021-10-31 18:00:00+01:00;7290;31-10-2021;10;31;43;6;18;3;0
2021-10-31 19:00:00+01:00;7291;31-10-2021;10;31;43;6;19;3;0
2021-10-31 20:00:00+01:00;7292;31-10-2021;10;31;43;6;20;3;0
2021-10-31 21:00:00+01:00;7293;31-10-2021;10;31;43;6;21;3;0
2021-10-31 22:00:00+01:00;7294;31-10-2021;10;31;43;6;22;3;0
2021-10-31 23:00:00+01:00;7295;31-10-2021;10;31;43;6;23;3;0
2021-11-01 00:00:00+01:00;7296;1-11-2021;11;1;44;0;0;1;0
2021-11-01 01:00:00+01:00;7297;1-11-2021;11;1;44;0;1;1;0
2021-11-01 02:00:00+01:00;7298;1-11-2021;11;1;44;0;2;1;0
2021-11-01 03:00:00+01:00;7299;1-11-2021;11;1;44;0;3;1;0
2021-11-01 04:00:00+01:00;7300;1-11-2021;11;1;44;0;4;1;0
2021-11-01 05:00:00+01:00;7301;1-11-2021;11;1;44;0;5;1;0
2021-11-01 06:00:00+01:00;7302;1-11-2021;11;1;44;0;6;1;0
2021-11-01 07:00:00+01:00;7303;1-11-2021;11;1;44;0;7;1;0
2021-11-01 08:00:00+01:00;7304;1-11-2021;11;1;44;0;8;1;60
2021-11-01 09:00:00+01:00;7305;1-11-2021;11;1;44;0;9;1;60
2021-11-01 10:00:00+01:00;7306;1-11-2021;11;1;44;0;10;1;90
2021-11-01 11:00:00+01:00;7307;1-11-2021;11;1;44;0;11;1;90
2021-11-01 12:00:00+01:00;7308;1-11-2021;11;1;44;0;12;1;50
2021-11-01 13:00:00+01:00;7309;1-11-2021;11;1;44;0;13;1;50
2021-11-01 14:00:00+01:00;7310;1-11-2021;11;1;44;0;14;1;80
2021-11-01 15:00:00+01:00;7311;1-11-2021;11;1;44;0;15;1;80
2021-11-01 16:00:00+01:00;7312;1-11-2021;11;1;44;0;16;1;80
2021-11-01 17:00:00+01:00;7313;1-11-2021;11;1;44;0;17;1;50
2021-11-01 18:00:00+01:00;7314;1-11-2021;11;1;44;0;18;1;42
2021-11-01 19:00:00+01:00;7315;1-11-2021;11;1;44;0;19;1;33
2021-11-01 20:00:00+01:00;7316;1-11-2021;11;1;44;0;20;1;25
2021-11-01 21:00:00+01:00;7317;1-11-2021;11;1;44;0;21;1;17
2021-11-01 22:00:00+01:00;7318;1-11-2021;11;1;44;0;22;1;8
2021-11-01 23:00:00+01:00;7319;1-11-2021;11;1;44;0;23;1;0
2021-11-02 00:00:00+01:00;7320;2-11-2021;11;2;44;1;0;1;0
2021-11-02 01:00:00+01:00;7321;2-11-2021;11;2;44;1;1;1;0
2021-11-02 02:00:00+01:00;7322;2-11-2021;11;2;44;1;2;1;0
2021-11-02 03:00:00+01:00;7323;2-11-2021;11;2;44;1;3;1;0
2021-11-02 04:00:00+01:00;7324;2-11-2021;11;2;44;1;4;1;0
2021-11-02 05:00:00+01:00;7325;2-11-2021;11;2;44;1;5;1;0
2021-11-02 06:00:00+01:00;7326;2-11-2021;11;2;44;1;6;1;0
2021-11-02 07:00:00+01:00;7327;2-11-2021;11;2;44;1;7;1;0
2021-11-02 08:00:00+01:00;7328;2-11-2021;11;2;44;1;8;1;60
2021-11-02 09:00:00+01:00;7329;2-11-2021;11;2;44;1;9;1;60
2021-11-02 10:00:00+01:00;7330;2-11-2021;11;2;44;1;10;1;90
2021-11-02 11:00:00+01:00;7331;2-11-2021;11;2;44;1;11;1;90
2021-11-02 12:00:00+01:00;7332;2-11-2021;11;2;44;1;12;1;50
2021-11-02 13:00:00+01:00;7333;2-11-2021;11;2;44;1;13;1;50
2021-11-02 14:00:00+01:00;7334;2-11-2021;11;2;44;1;14;1;80
2021-11-02 15:00:00+01:00;7335;2-11-2021;11;2;44;1;15;1;80
2021-11-02 16:00:00+01:00;7336;2-11-2021;11;2;44;1;16;1;80
2021-11-02 17:00:00+01:00;7337;2-11-2021;11;2;44;1;17;1;50
2021-11-02 18:00:00+01:00;7338;2-11-2021;11;2;44;1;18;1;42
2021-11-02 19:00:00+01:00;7339;2-11-2021;11;2;44;1;19;1;33
2021-11-02 20:00:00+01:00;7340;2-11-2021;11;2;44;1;20;1;25
2021-11-02 21:00:00+01:00;7341;2-11-2021;11;2;44;1;21;1;17
2021-11-02 22:00:00+01:00;7342;2-11-2021;11;2;44;1;22;1;8
2021-11-02 23:00:00+01:00;7343;2-11-2021;11;2;44;1;23;1;0
2021-11-03 00:00:00+01:00;7344;3-11-2021;11;3;44;2;0;1;0
2021-11-03 01:00:00+01:00;7345;3-11-2021;11;3;44;2;1;1;0
2021-11-03 02:00:00+01:00;7346;3-11-2021;11;3;44;2;2;1;0
2021-11-03 03:00:00+01:00;7347;3-11-2021;11;3;44;2;3;1;0
2021-11-03 04:00:00+01:00;7348;3-11-2021;11;3;44;2;4;1;0
2021-11-03 05:00:00+01:00;7349;3-11-2021;11;3;44;2;5;1;0
2021-11-03 06:00:00+01:00;7350;3-11-2021;11;3;44;2;6;1;0
2021-11-03 07:00:00+01:00;7351;3-11-2021;11;3;44;2;7;1;0
2021-11-03 08:00:00+01:00;7352;3-11-2021;11;3;44;2;8;1;60
2021-11-03 09:00:00+01:00;7353;3-11-2021;11;3;44;2;9;1;60
2021-11-03 10:00:00+01:00;7354;3-11-2021;11;3;44;2;10;1;90
2021-11-03 11:00:00+01:00;7355;3-11-2021;11;3;44;2;11;1;90
2021-11-03 12:00:00+01:00;7356;3-11-2021;11;3;44;2;12;1;50
2021-11-03 13:00:00+01:00;7357;3-11-2021;11;3;44;2;13;1;50
2021-11-03 14:00:00+01:00;7358;3-11-2021;11;3;44;2;14;1;80
2021-11-03 15:00:00+01:00;7359;3-11-2021;11;3;44;2;15;1;80
2021-11-03 16:00:00+01:00;7360;3-11-2021;11;3;44;2;16;1;80
2021-11-03 17:00:00+01:00;7361;3-11-2021;11;3;44;2;17;1;50
2021-11-03 18:00:00+01:00;7362;3-11-2021;11;3;44;2;18;1;42
2021-11-03 19:00:00+01:00;7363;3-11-2021;11;3;44;2;19;1;33
2021-11-03 20:00:00+01:00;7364;3-11-2021;11;3;44;2;20;1;25
2021-11-03 21:00:00+01:00;7365;3-11-2021;11;3;44;2;21;1;17
2021-11-03 22:00:00+01:00;7366;3-11-2021;11;3;44;2;22;1;8
2021-11-03 23:00:00+01:00;7367;3-11-2021;11;3;44;2;23;1;0
2021-11-04 00:00:00+01:00;7368;4-11-2021;11;4;44;3;0;1;0
2021-11-04 01:00:00+01:00;7369;4-11-2021;11;4;44;3;1;1;0
2021-11-04 02:00:00+01:00;7370;4-11-2021;11;4;44;3;2;1;0
2021-11-04 03:00:00+01:00;7371;4-11-2021;11;4;44;3;3;1;0
2021-11-04 04:00:00+01:00;7372;4-11-2021;11;4;44;3;4;1;0
2021-11-04 05:00:00+01:00;7373;4-11-2021;11;4;44;3;5;1;0
2021-11-04 06:00:00+01:00;7374;4-11-2021;11;4;44;3;6;1;0
2021-11-04 07:00:00+01:00;7375;4-11-2021;11;4;44;3;7;1;0
2021-11-04 08:00:00+01:00;7376;4-11-2021;11;4;44;3;8;1;60
2021-11-04 09:00:00+01:00;7377;4-11-2021;11;4;44;3;9;1;60
2021-11-04 10:00:00+01:00;7378;4-11-2021;11;4;44;3;10;1;90
2021-11-04 11:00:00+01:00;7379;4-11-2021;11;4;44;3;11;1;90
2021-11-04 12:00:00+01:00;7380;4-11-2021;11;4;44;3;12;1;50
2021-11-04 13:00:00+01:00;7381;4-11-2021;11;4;44;3;13;1;50
2021-11-04 14:00:00+01:00;7382;4-11-2021;11;4;44;3;14;1;80
2021-11-04 15:00:00+01:00;7383;4-11-2021;11;4;44;3;15;1;80
2021-11-04 16:00:00+01:00;7384;4-11-2021;11;4;44;3;16;1;80
2021-11-04 17:00:00+01:00;7385;4-11-2021;11;4;44;3;17;1;50
2021-11-04 18:00:00+01:00;7386;4-11-2021;11;4;44;3;18;1;42
2021-11-04 19:00:00+01:00;7387;4-11-2021;11;4;44;3;19;1;33
2021-11-04 20:00:00+01:00;7388;4-11-2021;11;4;44;3;20;1;25
2021-11-04 21:00:00+01:00;7389;4-11-2021;11;4;44;3;21;1;17
2021-11-04 22:00:00+01:00;7390;4-11-2021;11;4;44;3;22;1;8
2021-11-04 23:00:00+01:00;7391;4-11-2021;11;4;44;3;23;1;0
2021-11-05 00:00:00+01:00;7392;5-11-2021;11;5;44;4;0;1;0
2021-11-05 01:00:00+01:00;7393;5-11-2021;11;5;44;4;1;1;0
2021-11-05 02:00:00+01:00;7394;5-11-2021;11;5;44;4;2;1;0
2021-11-05 03:00:00+01:00;7395;5-11-2021;11;5;44;4;3;1;0
2021-11-05 04:00:00+01:00;7396;5-11-2021;11;5;44;4;4;1;0
2021-11-05 05:00:00+01:00;7397;5-11-2021;11;5;44;4;5;1;0
2021-11-05 06:00:00+01:00;7398;5-11-2021;11;5;44;4;6;1;0
2021-11-05 07:00:00+01:00;7399;5-11-2021;11;5;44;4;7;1;0
2021-11-05 08:00:00+01:00;7400;5-11-2021;11;5;44;4;8;1;60
2021-11-05 09:00:00+01:00;7401;5-11-2021;11;5;44;4;9;1;60
2021-11-05 10:00:00+01:00;7402;5-11-2021;11;5;44;4;10;1;90
2021-11-05 11:00:00+01:00;7403;5-11-2021;11;5;44;4;11;1;90
2021-11-05 12:00:00+01:00;7404;5-11-2021;11;5;44;4;12;1;50
2021-11-05 13:00:00+01:00;7405;5-11-2021;11;5;44;4;13;1;50
2021-11-05 14:00:00+01:00;7406;5-11-2021;11;5;44;4;14;1;80
2021-11-05 15:00:00+01:00;7407;5-11-2021;11;5;44;4;15;1;80
2021-11-05 16:00:00+01:00;7408;5-11-2021;11;5;44;4;16;1;80
2021-11-05 17:00:00+01:00;7409;5-11-2021;11;5;44;4;17;1;50
2021-11-05 18:00:00+01:00;7410;5-11-2021;11;5;44;4;18;1;42
2021-11-05 19:00:00+01:00;7411;5-11-2021;11;5;44;4;19;1;33
2021-11-05 20:00:00+01:00;7412;5-11-2021;11;5;44;4;20;1;25
2021-11-05 21:00:00+01:00;7413;5-11-2021;11;5;44;4;21;1;17
2021-11-05 22:00:00+01:00;7414;5-11-2021;11;5;44;4;22;1;8
2021-11-05 23:00:00+01:00;7415;5-11-2021;11;5;44;4;23;1;0
2021-11-06 00:00:00+01:00;7416;6-11-2021;11;6;44;5;0;2;0
2021-11-06 01:00:00+01:00;7417;6-11-2021;11;6;44;5;1;2;0
2021-11-06 02:00:00+01:00;7418;6-11-2021;11;6;44;5;2;2;0
2021-11-06 03:00:00+01:00;7419;6-11-2021;11;6;44;5;3;2;0
2021-11-06 04:00:00+01:00;7420;6-11-2021;11;6;44;5;4;2;0
2021-11-06 05:00:00+01:00;7421;6-11-2021;11;6;44;5;5;2;0
2021-11-06 06:00:00+01:00;7422;6-11-2021;11;6;44;5;6;2;0
2021-11-06 07:00:00+01:00;7423;6-11-2021;11;6;44;5;7;2;0
2021-11-06 08:00:00+01:00;7424;6-11-2021;11;6;44;5;8;2;0
2021-11-06 09:00:00+01:00;7425;6-11-2021;11;6;44;5;9;2;0
2021-11-06 10:00:00+01:00;7426;6-11-2021;11;6;44;5;10;2;50
2021-11-06 11:00:00+01:00;7427;6-11-2021;11;6;44;5;11;2;50
2021-11-06 12:00:00+01:00;7428;6-11-2021;11;6;44;5;12;2;30
2021-11-06 13:00:00+01:00;7429;6-11-2021;11;6;44;5;13;2;30
2021-11-06 14:00:00+01:00;7430;6-11-2021;11;6;44;5;14;2;50
2021-11-06 15:00:00+01:00;7431;6-11-2021;11;6;44;5;15;2;50
2021-11-06 16:00:00+01:00;7432;6-11-2021;11;6;44;5;16;2;50
2021-11-06 17:00:00+01:00;7433;6-11-2021;11;6;44;5;17;2;0
2021-11-06 18:00:00+01:00;7434;6-11-2021;11;6;44;5;18;2;0
2021-11-06 19:00:00+01:00;7435;6-11-2021;11;6;44;5;19;2;0
2021-11-06 20:00:00+01:00;7436;6-11-2021;11;6;44;5;20;2;0
2021-11-06 21:00:00+01:00;7437;6-11-2021;11;6;44;5;21;2;0
2021-11-06 22:00:00+01:00;7438;6-11-2021;11;6;44;5;22;2;0
2021-11-06 23:00:00+01:00;7439;6-11-2021;11;6;44;5;23;2;0
2021-11-07 00:00:00+01:00;7440;7-11-2021;11;7;44;6;0;3;0
2021-11-07 01:00:00+01:00;7441;7-11-2021;11;7;44;6;1;3;0
2021-11-07 02:00:00+01:00;7442;7-11-2021;11;7;44;6;2;3;0
2021-11-07 03:00:00+01:00;7443;7-11-2021;11;7;44;6;3;3;0
2021-11-07 04:00:00+01:00;7444;7-11-2021;11;7;44;6;4;3;0
2021-11-07 05:00:00+01:00;7445;7-11-2021;11;7;44;6;5;3;0
2021-11-07 06:00:00+01:00;7446;7-11-2021;11;7;44;6;6;3;0
2021-11-07 07:00:00+01:00;7447;7-11-2021;11;7;44;6;7;3;0
2021-11-07 08:00:00+01:00;7448;7-11-2021;11;7;44;6;8;3;0
2021-11-07 09:00:00+01:00;7449;7-11-2021;11;7;44;6;9;3;0
2021-11-07 10:00:00+01:00;7450;7-11-2021;11;7;44;6;10;3;0
2021-11-07 11:00:00+01:00;7451;7-11-2021;11;7;44;6;11;3;0
2021-11-07 12:00:00+01:00;7452;7-11-2021;11;7;44;6;12;3;0
2021-11-07 13:00:00+01:00;7453;7-11-2021;11;7;44;6;13;3;0
2021-11-07 14:00:00+01:00;7454;7-11-2021;11;7;44;6;14;3;0
2021-11-07 15:00:00+01:00;7455;7-11-2021;11;7;44;6;15;3;0
2021-11-07 16:00:00+01:00;7456;7-11-2021;11;7;44;6;16;3;0
2021-11-07 17:00:00+01:00;7457;7-11-2021;11;7;44;6;17;3;0
2021-11-07 18:00:00+01:00;7458;7-11-2021;11;7;44;6;18;3;0
2021-11-07 19:00:00+01:00;7459;7-11-2021;11;7;44;6;19;3;0
2021-11-07 20:00:00+01:00;7460;7-11-2021;11;7;44;6;20;3;0
2021-11-07 21:00:00+01:00;7461;7-11-2021;11;7;44;6;21;3;0
2021-11-07 22:00:00+01:00;7462;7-11-2021;11;7;44;6;22;3;0
2021-11-07 23:00:00+01:00;7463;7-11-2021;11;7;44;6;23;3;0
2021-11-08 00:00:00+01:00;7464;8-11-2021;11;8;45;0;0;1;0
2021-11-08 01:00:00+01:00;7465;8-11-2021;11;8;45;0;1;1;0
2021-11-08 02:00:00+01:00;7466;8-11-2021;11;8;45;0;2;1;0
2021-11-08 03:00:00+01:00;7467;8-11-2021;11;8;45;0;3;1;0
2021-11-08 04:00:00+01:00;7468;8-11-2021;11;8;45;0;4;1;0
2021-11-08 05:00:00+01:00;7469;8-11-2021;11;8;45;0;5;1;0
2021-11-08 06:00:00+01:00;7470;8-11-2021;11;8;45;0;6;1;0
2021-11-08 07:00:00+01:00;7471;8-11-2021;11;8;45;0;7;1;0
2021-11-08 08:00:00+01:00;7472;8-11-2021;11;8;45;0;8;1;60
2021-11-08 09:00:00+01:00;7473;8-11-2021;11;8;45;0;9;1;60
2021-11-08 10:00:00+01:00;7474;8-11-2021;11;8;45;0;10;1;90
2021-11-08 11:00:00+01:00;7475;8-11-2021;11;8;45;0;11;1;90
2021-11-08 12:00:00+01:00;7476;8-11-2021;11;8;45;0;12;1;50
2021-11-08 13:00:00+01:00;7477;8-11-2021;11;8;45;0;13;1;50
2021-11-08 14:00:00+01:00;7478;8-11-2021;11;8;45;0;14;1;80
2021-11-08 15:00:00+01:00;7479;8-11-2021;11;8;45;0;15;1;80
2021-11-08 16:00:00+01:00;7480;8-11-2021;11;8;45;0;16;1;80
2021-11-08 17:00:00+01:00;7481;8-11-2021;11;8;45;0;17;1;50
2021-11-08 18:00:00+01:00;7482;8-11-2021;11;8;45;0;18;1;42
2021-11-08 19:00:00+01:00;7483;8-11-2021;11;8;45;0;19;1;33
2021-11-08 20:00:00+01:00;7484;8-11-2021;11;8;45;0;20;1;25
2021-11-08 21:00:00+01:00;7485;8-11-2021;11;8;45;0;21;1;17
2021-11-08 22:00:00+01:00;7486;8-11-2021;11;8;45;0;22;1;8
2021-11-08 23:00:00+01:00;7487;8-11-2021;11;8;45;0;23;1;0
2021-11-09 00:00:00+01:00;7488;9-11-2021;11;9;45;1;0;1;0
2021-11-09 01:00:00+01:00;7489;9-11-2021;11;9;45;1;1;1;0
2021-11-09 02:00:00+01:00;7490;9-11-2021;11;9;45;1;2;1;0
2021-11-09 03:00:00+01:00;7491;9-11-2021;11;9;45;1;3;1;0
2021-11-09 04:00:00+01:00;7492;9-11-2021;11;9;45;1;4;1;0
2021-11-09 05:00:00+01:00;7493;9-11-2021;11;9;45;1;5;1;0
2021-11-09 06:00:00+01:00;7494;9-11-2021;11;9;45;1;6;1;0
2021-11-09 07:00:00+01:00;7495;9-11-2021;11;9;45;1;7;1;0
2021-11-09 08:00:00+01:00;7496;9-11-2021;11;9;45;1;8;1;60
2021-11-09 09:00:00+01:00;7497;9-11-2021;11;9;45;1;9;1;60
2021-11-09 10:00:00+01:00;7498;9-11-2021;11;9;45;1;10;1;90
2021-11-09 11:00:00+01:00;7499;9-11-2021;11;9;45;1;11;1;90
2021-11-09 12:00:00+01:00;7500;9-11-2021;11;9;45;1;12;1;50
2021-11-09 13:00:00+01:00;7501;9-11-2021;11;9;45;1;13;1;50
2021-11-09 14:00:00+01:00;7502;9-11-2021;11;9;45;1;14;1;80
2021-11-09 15:00:00+01:00;7503;9-11-2021;11;9;45;1;15;1;80
2021-11-09 16:00:00+01:00;7504;9-11-2021;11;9;45;1;16;1;80
2021-11-09 17:00:00+01:00;7505;9-11-2021;11;9;45;1;17;1;50
2021-11-09 18:00:00+01:00;7506;9-11-2021;11;9;45;1;18;1;42
2021-11-09 19:00:00+01:00;7507;9-11-2021;11;9;45;1;19;1;33
2021-11-09 20:00:00+01:00;7508;9-11-2021;11;9;45;1;20;1;25
2021-11-09 21:00:00+01:00;7509;9-11-2021;11;9;45;1;21;1;17
2021-11-09 22:00:00+01:00;7510;9-11-2021;11;9;45;1;22;1;8
2021-11-09 23:00:00+01:00;7511;9-11-2021;11;9;45;1;23;1;0
2021-11-10 00:00:00+01:00;7512;10-11-2021;11;10;45;2;0;1;0
2021-11-10 01:00:00+01:00;7513;10-11-2021;11;10;45;2;1;1;0
2021-11-10 02:00:00+01:00;7514;10-11-2021;11;10;45;2;2;1;0
2021-11-10 03:00:00+01:00;7515;10-11-2021;11;10;45;2;3;1;0
2021-11-10 04:00:00+01:00;7516;10-11-2021;11;10;45;2;4;1;0
2021-11-10 05:00:00+01:00;7517;10-11-2021;11;10;45;2;5;1;0
2021-11-10 06:00:00+01:00;7518;10-11-2021;11;10;45;2;6;1;0
2021-11-10 07:00:00+01:00;7519;10-11-2021;11;10;45;2;7;1;0
2021-11-10 08:00:00+01:00;7520;10-11-2021;11;10;45;2;8;1;60
2021-11-10 09:00:00+01:00;7521;10-11-2021;11;10;45;2;9;1;60
2021-11-10 10:00:00+01:00;7522;10-11-2021;11;10;45;2;10;1;90
2021-11-10 11:00:00+01:00;7523;10-11-2021;11;10;45;2;11;1;90
2021-11-10 12:00:00+01:00;7524;10-11-2021;11;10;45;2;12;1;50
2021-11-10 13:00:00+01:00;7525;10-11-2021;11;10;45;2;13;1;50
2021-11-10 14:00:00+01:00;7526;10-11-2021;11;10;45;2;14;1;80
2021-11-10 15:00:00+01:00;7527;10-11-2021;11;10;45;2;15;1;80
2021-11-10 16:00:00+01:00;7528;10-11-2021;11;10;45;2;16;1;80
2021-11-10 17:00:00+01:00;7529;10-11-2021;11;10;45;2;17;1;50
2021-11-10 18:00:00+01:00;7530;10-11-2021;11;10;45;2;18;1;42
2021-11-10 19:00:00+01:00;7531;10-11-2021;11;10;45;2;19;1;33
2021-11-10 20:00:00+01:00;7532;10-11-2021;11;10;45;2;20;1;25
2021-11-10 21:00:00+01:00;7533;10-11-2021;11;10;45;2;21;1;17
2021-11-10 22:00:00+01:00;7534;10-11-2021;11;10;45;2;22;1;8
2021-11-10 23:00:00+01:00;7535;10-11-2021;11;10;45;2;23;1;0
2021-11-11 00:00:00+01:00;7536;11-11-2021;11;11;45;3;0;1;0
2021-11-11 01:00:00+01:00;7537;11-11-2021;11;11;45;3;1;1;0
2021-11-11 02:00:00+01:00;7538;11-11-2021;11;11;45;3;2;1;0
2021-11-11 03:00:00+01:00;7539;11-11-2021;11;11;45;3;3;1;0
2021-11-11 04:00:00+01:00;7540;11-11-2021;11;11;45;3;4;1;0
2021-11-11 05:00:00+01:00;7541;11-11-2021;11;11;45;3;5;1;0
2021-11-11 06:00:00+01:00;7542;11-11-2021;11;11;45;3;6;1;0
2021-11-11 07:00:00+01:00;7543;11-11-2021;11;11;45;3;7;1;0
2021-11-11 08:00:00+01:00;7544;11-11-2021;11;11;45;3;8;1;60
2021-11-11 09:00:00+01:00;7545;11-11-2021;11;11;45;3;9;1;60
2021-11-11 10:00:00+01:00;7546;11-11-2021;11;11;45;3;10;1;90
2021-11-11 11:00:00+01:00;7547;11-11-2021;11;11;45;3;11;1;90
2021-11-11 12:00:00+01:00;7548;11-11-2021;11;11;45;3;12;1;50
2021-11-11 13:00:00+01:00;7549;11-11-2021;11;11;45;3;13;1;50
2021-11-11 14:00:00+01:00;7550;11-11-2021;11;11;45;3;14;1;80
2021-11-11 15:00:00+01:00;7551;11-11-2021;11;11;45;3;15;1;80
2021-11-11 16:00:00+01:00;7552;11-11-2021;11;11;45;3;16;1;80
2021-11-11 17:00:00+01:00;7553;11-11-2021;11;11;45;3;17;1;50
2021-11-11 18:00:00+01:00;7554;11-11-2021;11;11;45;3;18;1;42
2021-11-11 19:00:00+01:00;7555;11-11-2021;11;11;45;3;19;1;33
2021-11-11 20:00:00+01:00;7556;11-11-2021;11;11;45;3;20;1;25
2021-11-11 21:00:00+01:00;7557;11-11-2021;11;11;45;3;21;1;17
2021-11-11 22:00:00+01:00;7558;11-11-2021;11;11;45;3;22;1;8
2021-11-11 23:00:00+01:00;7559;11-11-2021;11;11;45;3;23;1;0
2021-11-12 00:00:00+01:00;7560;12-11-2021;11;12;45;4;0;1;0
2021-11-12 01:00:00+01:00;7561;12-11-2021;11;12;45;4;1;1;0
2021-11-12 02:00:00+01:00;7562;12-11-2021;11;12;45;4;2;1;0
2021-11-12 03:00:00+01:00;7563;12-11-2021;11;12;45;4;3;1;0
2021-11-12 04:00:00+01:00;7564;12-11-2021;11;12;45;4;4;1;0
2021-11-12 05:00:00+01:00;7565;12-11-2021;11;12;45;4;5;1;0
2021-11-12 06:00:00+01:00;7566;12-11-2021;11;12;45;4;6;1;0
2021-11-12 07:00:00+01:00;7567;12-11-2021;11;12;45;4;7;1;0
2021-11-12 08:00:00+01:00;7568;12-11-2021;11;12;45;4;8;1;60
2021-11-12 09:00:00+01:00;7569;12-11-2021;11;12;45;4;9;1;60
2021-11-12 10:00:00+01:00;7570;12-11-2021;11;12;45;4;10;1;90
2021-11-12 11:00:00+01:00;7571;12-11-2021;11;12;45;4;11;1;90
2021-11-12 12:00:00+01:00;7572;12-11-2021;11;12;45;4;12;1;50
2021-11-12 13:00:00+01:00;7573;12-11-2021;11;12;45;4;13;1;50
2021-11-12 14:00:00+01:00;7574;12-11-2021;11;12;45;4;14;1;80
2021-11-12 15:00:00+01:00;7575;12-11-2021;11;12;45;4;15;1;80
2021-11-12 16:00:00+01:00;7576;12-11-2021;11;12;45;4;16;1;80
2021-11-12 17:00:00+01:00;7577;12-11-2021;11;12;45;4;17;1;50
2021-11-12 18:00:00+01:00;7578;12-11-2021;11;12;45;4;18;1;42
2021-11-12 19:00:00+01:00;7579;12-11-2021;11;12;45;4;19;1;33
2021-11-12 20:00:00+01:00;7580;12-11-2021;11;12;45;4;20;1;25
2021-11-12 21:00:00+01:00;7581;12-11-2021;11;12;45;4;21;1;17
2021-11-12 22:00:00+01:00;7582;12-11-2021;11;12;45;4;22;1;8
2021-11-12 23:00:00+01:00;7583;12-11-2021;11;12;45;4;23;1;0
2021-11-13 00:00:00+01:00;7584;13-11-2021;11;13;45;5;0;2;0
2021-11-13 01:00:00+01:00;7585;13-11-2021;11;13;45;5;1;2;0
2021-11-13 02:00:00+01:00;7586;13-11-2021;11;13;45;5;2;2;0
2021-11-13 03:00:00+01:00;7587;13-11-2021;11;13;45;5;3;2;0
2021-11-13 04:00:00+01:00;7588;13-11-2021;11;13;45;5;4;2;0
2021-11-13 05:00:00+01:00;7589;13-11-2021;11;13;45;5;5;2;0
2021-11-13 06:00:00+01:00;7590;13-11-2021;11;13;45;5;6;2;0
2021-11-13 07:00:00+01:00;7591;13-11-2021;11;13;45;5;7;2;0
2021-11-13 08:00:00+01:00;7592;13-11-2021;11;13;45;5;8;2;0
2021-11-13 09:00:00+01:00;7593;13-11-2021;11;13;45;5;9;2;0
2021-11-13 10:00:00+01:00;7594;13-11-2021;11;13;45;5;10;2;50
2021-11-13 11:00:00+01:00;7595;13-11-2021;11;13;45;5;11;2;50
2021-11-13 12:00:00+01:00;7596;13-11-2021;11;13;45;5;12;2;30
2021-11-13 13:00:00+01:00;7597;13-11-2021;11;13;45;5;13;2;30
2021-11-13 14:00:00+01:00;7598;13-11-2021;11;13;45;5;14;2;50
2021-11-13 15:00:00+01:00;7599;13-11-2021;11;13;45;5;15;2;50
2021-11-13 16:00:00+01:00;7600;13-11-2021;11;13;45;5;16;2;50
2021-11-13 17:00:00+01:00;7601;13-11-2021;11;13;45;5;17;2;0
2021-11-13 18:00:00+01:00;7602;13-11-2021;11;13;45;5;18;2;0
2021-11-13 19:00:00+01:00;7603;13-11-2021;11;13;45;5;19;2;0
2021-11-13 20:00:00+01:00;7604;13-11-2021;11;13;45;5;20;2;0
2021-11-13 21:00:00+01:00;7605;13-11-2021;11;13;45;5;21;2;0
2021-11-13 22:00:00+01:00;7606;13-11-2021;11;13;45;5;22;2;0
2021-11-13 23:00:00+01:00;7607;13-11-2021;11;13;45;5;23;2;0
2021-11-14 00:00:00+01:00;7608;14-11-2021;11;14;45;6;0;3;0
2021-11-14 01:00:00+01:00;7609;14-11-2021;11;14;45;6;1;3;0
2021-11-14 02:00:00+01:00;7610;14-11-2021;11;14;45;6;2;3;0
2021-11-14 03:00:00+01:00;7611;14-11-2021;11;14;45;6;3;3;0
2021-11-14 04:00:00+01:00;7612;14-11-2021;11;14;45;6;4;3;0
2021-11-14 05:00:00+01:00;7613;14-11-2021;11;14;45;6;5;3;0
2021-11-14 06:00:00+01:00;7614;14-11-2021;11;14;45;6;6;3;0
2021-11-14 07:00:00+01:00;7615;14-11-2021;11;14;45;6;7;3;0
2021-11-14 08:00:00+01:00;7616;14-11-2021;11;14;45;6;8;3;0
2021-11-14 09:00:00+01:00;7617;14-11-2021;11;14;45;6;9;3;0
2021-11-14 10:00:00+01:00;7618;14-11-2021;11;14;45;6;10;3;0
2021-11-14 11:00:00+01:00;7619;14-11-2021;11;14;45;6;11;3;0
2021-11-14 12:00:00+01:00;7620;14-11-2021;11;14;45;6;12;3;0
2021-11-14 13:00:00+01:00;7621;14-11-2021;11;14;45;6;13;3;0
2021-11-14 14:00:00+01:00;7622;14-11-2021;11;14;45;6;14;3;0
2021-11-14 15:00:00+01:00;7623;14-11-2021;11;14;45;6;15;3;0
2021-11-14 16:00:00+01:00;7624;14-11-2021;11;14;45;6;16;3;0
2021-11-14 17:00:00+01:00;7625;14-11-2021;11;14;45;6;17;3;0
2021-11-14 18:00:00+01:00;7626;14-11-2021;11;14;45;6;18;3;0
2021-11-14 19:00:00+01:00;7627;14-11-2021;11;14;45;6;19;3;0
2021-11-14 20:00:00+01:00;7628;14-11-2021;11;14;45;6;20;3;0
2021-11-14 21:00:00+01:00;7629;14-11-2021;11;14;45;6;21;3;0
2021-11-14 22:00:00+01:00;7630;14-11-2021;11;14;45;6;22;3;0
2021-11-14 23:00:00+01:00;7631;14-11-2021;11;14;45;6;23;3;0
2021-11-15 00:00:00+01:00;7632;15-11-2021;11;15;46;0;0;1;0
2021-11-15 01:00:00+01:00;7633;15-11-2021;11;15;46;0;1;1;0
2021-11-15 02:00:00+01:00;7634;15-11-2021;11;15;46;0;2;1;0
2021-11-15 03:00:00+01:00;7635;15-11-2021;11;15;46;0;3;1;0
2021-11-15 04:00:00+01:00;7636;15-11-2021;11;15;46;0;4;1;0
2021-11-15 05:00:00+01:00;7637;15-11-2021;11;15;46;0;5;1;0
2021-11-15 06:00:00+01:00;7638;15-11-2021;11;15;46;0;6;1;0
2021-11-15 07:00:00+01:00;7639;15-11-2021;11;15;46;0;7;1;0
2021-11-15 08:00:00+01:00;7640;15-11-2021;11;15;46;0;8;1;60
2021-11-15 09:00:00+01:00;7641;15-11-2021;11;15;46;0;9;1;60
2021-11-15 10:00:00+01:00;7642;15-11-2021;11;15;46;0;10;1;90
2021-11-15 11:00:00+01:00;7643;15-11-2021;11;15;46;0;11;1;90
2021-11-15 12:00:00+01:00;7644;15-11-2021;11;15;46;0;12;1;50
2021-11-15 13:00:00+01:00;7645;15-11-2021;11;15;46;0;13;1;50
2021-11-15 14:00:00+01:00;7646;15-11-2021;11;15;46;0;14;1;80
2021-11-15 15:00:00+01:00;7647;15-11-2021;11;15;46;0;15;1;80
2021-11-15 16:00:00+01:00;7648;15-11-2021;11;15;46;0;16;1;80
2021-11-15 17:00:00+01:00;7649;15-11-2021;11;15;46;0;17;1;50
2021-11-15 18:00:00+01:00;7650;15-11-2021;11;15;46;0;18;1;42
2021-11-15 19:00:00+01:00;7651;15-11-2021;11;15;46;0;19;1;33
2021-11-15 20:00:00+01:00;7652;15-11-2021;11;15;46;0;20;1;25
2021-11-15 21:00:00+01:00;7653;15-11-2021;11;15;46;0;21;1;17
2021-11-15 22:00:00+01:00;7654;15-11-2021;11;15;46;0;22;1;8
2021-11-15 23:00:00+01:00;7655;15-11-2021;11;15;46;0;23;1;0
2021-11-16 00:00:00+01:00;7656;16-11-2021;11;16;46;1;0;1;0
2021-11-16 01:00:00+01:00;7657;16-11-2021;11;16;46;1;1;1;0
2021-11-16 02:00:00+01:00;7658;16-11-2021;11;16;46;1;2;1;0
2021-11-16 03:00:00+01:00;7659;16-11-2021;11;16;46;1;3;1;0
2021-11-16 04:00:00+01:00;7660;16-11-2021;11;16;46;1;4;1;0
2021-11-16 05:00:00+01:00;7661;16-11-2021;11;16;46;1;5;1;0
2021-11-16 06:00:00+01:00;7662;16-11-2021;11;16;46;1;6;1;0
2021-11-16 07:00:00+01:00;7663;16-11-2021;11;16;46;1;7;1;0
2021-11-16 08:00:00+01:00;7664;16-11-2021;11;16;46;1;8;1;60
2021-11-16 09:00:00+01:00;7665;16-11-2021;11;16;46;1;9;1;60
2021-11-16 10:00:00+01:00;7666;16-11-2021;11;16;46;1;10;1;90
2021-11-16 11:00:00+01:00;7667;16-11-2021;11;16;46;1;11;1;90
2021-11-16 12:00:00+01:00;7668;16-11-2021;11;16;46;1;12;1;50
2021-11-16 13:00:00+01:00;7669;16-11-2021;11;16;46;1;13;1;50
2021-11-16 14:00:00+01:00;7670;16-11-2021;11;16;46;1;14;1;80
2021-11-16 15:00:00+01:00;7671;16-11-2021;11;16;46;1;15;1;80
2021-11-16 16:00:00+01:00;7672;16-11-2021;11;16;46;1;16;1;80
2021-11-16 17:00:00+01:00;7673;16-11-2021;11;16;46;1;17;1;50
2021-11-16 18:00:00+01:00;7674;16-11-2021;11;16;46;1;18;1;42
2021-11-16 19:00:00+01:00;7675;16-11-2021;11;16;46;1;19;1;33
2021-11-16 20:00:00+01:00;7676;16-11-2021;11;16;46;1;20;1;25
2021-11-16 21:00:00+01:00;7677;16-11-2021;11;16;46;1;21;1;17
2021-11-16 22:00:00+01:00;7678;16-11-2021;11;16;46;1;22;1;8
2021-11-16 23:00:00+01:00;7679;16-11-2021;11;16;46;1;23;1;0
2021-11-17 00:00:00+01:00;7680;17-11-2021;11;17;46;2;0;1;0
2021-11-17 01:00:00+01:00;7681;17-11-2021;11;17;46;2;1;1;0
2021-11-17 02:00:00+01:00;7682;17-11-2021;11;17;46;2;2;1;0
2021-11-17 03:00:00+01:00;7683;17-11-2021;11;17;46;2;3;1;0
2021-11-17 04:00:00+01:00;7684;17-11-2021;11;17;46;2;4;1;0
2021-11-17 05:00:00+01:00;7685;17-11-2021;11;17;46;2;5;1;0
2021-11-17 06:00:00+01:00;7686;17-11-2021;11;17;46;2;6;1;0
2021-11-17 07:00:00+01:00;7687;17-11-2021;11;17;46;2;7;1;0
2021-11-17 08:00:00+01:00;7688;17-11-2021;11;17;46;2;8;1;60
2021-11-17 09:00:00+01:00;7689;17-11-2021;11;17;46;2;9;1;60
2021-11-17 10:00:00+01:00;7690;17-11-2021;11;17;46;2;10;1;90
2021-11-17 11:00:00+01:00;7691;17-11-2021;11;17;46;2;11;1;90
2021-11-17 12:00:00+01:00;7692;17-11-2021;11;17;46;2;12;1;50
2021-11-17 13:00:00+01:00;7693;17-11-2021;11;17;46;2;13;1;50
2021-11-17 14:00:00+01:00;7694;17-11-2021;11;17;46;2;14;1;80
2021-11-17 15:00:00+01:00;7695;17-11-2021;11;17;46;2;15;1;80
2021-11-17 16:00:00+01:00;7696;17-11-2021;11;17;46;2;16;1;80
2021-11-17 17:00:00+01:00;7697;17-11-2021;11;17;46;2;17;1;50
2021-11-17 18:00:00+01:00;7698;17-11-2021;11;17;46;2;18;1;42
2021-11-17 19:00:00+01:00;7699;17-11-2021;11;17;46;2;19;1;33
2021-11-17 20:00:00+01:00;7700;17-11-2021;11;17;46;2;20;1;25
2021-11-17 21:00:00+01:00;7701;17-11-2021;11;17;46;2;21;1;17
2021-11-17 22:00:00+01:00;7702;17-11-2021;11;17;46;2;22;1;8
2021-11-17 23:00:00+01:00;7703;17-11-2021;11;17;46;2;23;1;0
2021-11-18 00:00:00+01:00;7704;18-11-2021;11;18;46;3;0;1;0
2021-11-18 01:00:00+01:00;7705;18-11-2021;11;18;46;3;1;1;0
2021-11-18 02:00:00+01:00;7706;18-11-2021;11;18;46;3;2;1;0
2021-11-18 03:00:00+01:00;7707;18-11-2021;11;18;46;3;3;1;0
2021-11-18 04:00:00+01:00;7708;18-11-2021;11;18;46;3;4;1;0
2021-11-18 05:00:00+01:00;7709;18-11-2021;11;18;46;3;5;1;0
2021-11-18 06:00:00+01:00;7710;18-11-2021;11;18;46;3;6;1;0
2021-11-18 07:00:00+01:00;7711;18-11-2021;11;18;46;3;7;1;0
2021-11-18 08:00:00+01:00;7712;18-11-2021;11;18;46;3;8;1;60
2021-11-18 09:00:00+01:00;7713;18-11-2021;11;18;46;3;9;1;60
2021-11-18 10:00:00+01:00;7714;18-11-2021;11;18;46;3;10;1;90
2021-11-18 11:00:00+01:00;7715;18-11-2021;11;18;46;3;11;1;90
2021-11-18 12:00:00+01:00;7716;18-11-2021;11;18;46;3;12;1;50
2021-11-18 13:00:00+01:00;7717;18-11-2021;11;18;46;3;13;1;50
2021-11-18 14:00:00+01:00;7718;18-11-2021;11;18;46;3;14;1;80
2021-11-18 15:00:00+01:00;7719;18-11-2021;11;18;46;3;15;1;80
2021-11-18 16:00:00+01:00;7720;18-11-2021;11;18;46;3;16;1;80
2021-11-18 17:00:00+01:00;7721;18-11-2021;11;18;46;3;17;1;50
2021-11-18 18:00:00+01:00;7722;18-11-2021;11;18;46;3;18;1;42
2021-11-18 19:00:00+01:00;7723;18-11-2021;11;18;46;3;19;1;33
2021-11-18 20:00:00+01:00;7724;18-11-2021;11;18;46;3;20;1;25
2021-11-18 21:00:00+01:00;7725;18-11-2021;11;18;46;3;21;1;17
2021-11-18 22:00:00+01:00;7726;18-11-2021;11;18;46;3;22;1;8
2021-11-18 23:00:00+01:00;7727;18-11-2021;11;18;46;3;23;1;0
2021-11-19 00:00:00+01:00;7728;19-11-2021;11;19;46;4;0;1;0
2021-11-19 01:00:00+01:00;7729;19-11-2021;11;19;46;4;1;1;0
2021-11-19 02:00:00+01:00;7730;19-11-2021;11;19;46;4;2;1;0
2021-11-19 03:00:00+01:00;7731;19-11-2021;11;19;46;4;3;1;0
2021-11-19 04:00:00+01:00;7732;19-11-2021;11;19;46;4;4;1;0
2021-11-19 05:00:00+01:00;7733;19-11-2021;11;19;46;4;5;1;0
2021-11-19 06:00:00+01:00;7734;19-11-2021;11;19;46;4;6;1;0
2021-11-19 07:00:00+01:00;7735;19-11-2021;11;19;46;4;7;1;0
2021-11-19 08:00:00+01:00;7736;19-11-2021;11;19;46;4;8;1;60
2021-11-19 09:00:00+01:00;7737;19-11-2021;11;19;46;4;9;1;60
2021-11-19 10:00:00+01:00;7738;19-11-2021;11;19;46;4;10;1;90
2021-11-19 11:00:00+01:00;7739;19-11-2021;11;19;46;4;11;1;90
2021-11-19 12:00:00+01:00;7740;19-11-2021;11;19;46;4;12;1;50
2021-11-19 13:00:00+01:00;7741;19-11-2021;11;19;46;4;13;1;50
2021-11-19 14:00:00+01:00;7742;19-11-2021;11;19;46;4;14;1;80
2021-11-19 15:00:00+01:00;7743;19-11-2021;11;19;46;4;15;1;80
2021-11-19 16:00:00+01:00;7744;19-11-2021;11;19;46;4;16;1;80
2021-11-19 17:00:00+01:00;7745;19-11-2021;11;19;46;4;17;1;50
2021-11-19 18:00:00+01:00;7746;19-11-2021;11;19;46;4;18;1;42
2021-11-19 19:00:00+01:00;7747;19-11-2021;11;19;46;4;19;1;33
2021-11-19 20:00:00+01:00;7748;19-11-2021;11;19;46;4;20;1;25
2021-11-19 21:00:00+01:00;7749;19-11-2021;11;19;46;4;21;1;17
2021-11-19 22:00:00+01:00;7750;19-11-2021;11;19;46;4;22;1;8
2021-11-19 23:00:00+01:00;7751;19-11-2021;11;19;46;4;23;1;0
2021-11-20 00:00:00+01:00;7752;20-11-2021;11;20;46;5;0;2;0
2021-11-20 01:00:00+01:00;7753;20-11-2021;11;20;46;5;1;2;0
2021-11-20 02:00:00+01:00;7754;20-11-2021;11;20;46;5;2;2;0
2021-11-20 03:00:00+01:00;7755;20-11-2021;11;20;46;5;3;2;0
2021-11-20 04:00:00+01:00;7756;20-11-2021;11;20;46;5;4;2;0
2021-11-20 05:00:00+01:00;7757;20-11-2021;11;20;46;5;5;2;0
2021-11-20 06:00:00+01:00;7758;20-11-2021;11;20;46;5;6;2;0
2021-11-20 07:00:00+01:00;7759;20-11-2021;11;20;46;5;7;2;0
2021-11-20 08:00:00+01:00;7760;20-11-2021;11;20;46;5;8;2;0
2021-11-20 09:00:00+01:00;7761;20-11-2021;11;20;46;5;9;2;0
2021-11-20 10:00:00+01:00;7762;20-11-2021;11;20;46;5;10;2;50
2021-11-20 11:00:00+01:00;7763;20-11-2021;11;20;46;5;11;2;50
2021-11-20 12:00:00+01:00;7764;20-11-2021;11;20;46;5;12;2;30
2021-11-20 13:00:00+01:00;7765;20-11-2021;11;20;46;5;13;2;30
2021-11-20 14:00:00+01:00;7766;20-11-2021;11;20;46;5;14;2;50
2021-11-20 15:00:00+01:00;7767;20-11-2021;11;20;46;5;15;2;50
2021-11-20 16:00:00+01:00;7768;20-11-2021;11;20;46;5;16;2;50
2021-11-20 17:00:00+01:00;7769;20-11-2021;11;20;46;5;17;2;0
2021-11-20 18:00:00+01:00;7770;20-11-2021;11;20;46;5;18;2;0
2021-11-20 19:00:00+01:00;7771;20-11-2021;11;20;46;5;19;2;0
2021-11-20 20:00:00+01:00;7772;20-11-2021;11;20;46;5;20;2;0
2021-11-20 21:00:00+01:00;7773;20-11-2021;11;20;46;5;21;2;0
2021-11-20 22:00:00+01:00;7774;20-11-2021;11;20;46;5;22;2;0
2021-11-20 23:00:00+01:00;7775;20-11-2021;11;20;46;5;23;2;0
2021-11-21 00:00:00+01:00;7776;21-11-2021;11;21;46;6;0;3;0
2021-11-21 01:00:00+01:00;7777;21-11-2021;11;21;46;6;1;3;0
2021-11-21 02:00:00+01:00;7778;21-11-2021;11;21;46;6;2;3;0
2021-11-21 03:00:00+01:00;7779;21-11-2021;11;21;46;6;3;3;0
2021-11-21 04:00:00+01:00;7780;21-11-2021;11;21;46;6;4;3;0
2021-11-21 05:00:00+01:00;7781;21-11-2021;11;21;46;6;5;3;0
2021-11-21 06:00:00+01:00;7782;21-11-2021;11;21;46;6;6;3;0
2021-11-21 07:00:00+01:00;7783;21-11-2021;11;21;46;6;7;3;0
2021-11-21 08:00:00+01:00;7784;21-11-2021;11;21;46;6;8;3;0
2021-11-21 09:00:00+01:00;7785;21-11-2021;11;21;46;6;9;3;0
2021-11-21 10:00:00+01:00;7786;21-11-2021;11;21;46;6;10;3;0
2021-11-21 11:00:00+01:00;7787;21-11-2021;11;21;46;6;11;3;0
2021-11-21 12:00:00+01:00;7788;21-11-2021;11;21;46;6;12;3;0
2021-11-21 13:00:00+01:00;7789;21-11-2021;11;21;46;6;13;3;0
2021-11-21 14:00:00+01:00;7790;21-11-2021;11;21;46;6;14;3;0
2021-11-21 15:00:00+01:00;7791;21-11-2021;11;21;46;6;15;3;0
2021-11-21 16:00:00+01:00;7792;21-11-2021;11;21;46;6;16;3;0
2021-11-21 17:00:00+01:00;7793;21-11-2021;11;21;46;6;17;3;0
2021-11-21 18:00:00+01:00;7794;21-11-2021;11;21;46;6;18;3;0
2021-11-21 19:00:00+01:00;7795;21-11-2021;11;21;46;6;19;3;0
2021-11-21 20:00:00+01:00;7796;21-11-2021;11;21;46;6;20;3;0
2021-11-21 21:00:00+01:00;7797;21-11-2021;11;21;46;6;21;3;0
2021-11-21 22:00:00+01:00;7798;21-11-2021;11;21;46;6;22;3;0
2021-11-21 23:00:00+01:00;7799;21-11-2021;11;21;46;6;23;3;0
2021-11-22 00:00:00+01:00;7800;22-11-2021;11;22;47;0;0;1;0
2021-11-22 01:00:00+01:00;7801;22-11-2021;11;22;47;0;1;1;0
2021-11-22 02:00:00+01:00;7802;22-11-2021;11;22;47;0;2;1;0
2021-11-22 03:00:00+01:00;7803;22-11-2021;11;22;47;0;3;1;0
2021-11-22 04:00:00+01:00;7804;22-11-2021;11;22;47;0;4;1;0
2021-11-22 05:00:00+01:00;7805;22-11-2021;11;22;47;0;5;1;0
2021-11-22 06:00:00+01:00;7806;22-11-2021;11;22;47;0;6;1;0
2021-11-22 07:00:00+01:00;7807;22-11-2021;11;22;47;0;7;1;0
2021-11-22 08:00:00+01:00;7808;22-11-2021;11;22;47;0;8;1;60
2021-11-22 09:00:00+01:00;7809;22-11-2021;11;22;47;0;9;1;60
2021-11-22 10:00:00+01:00;7810;22-11-2021;11;22;47;0;10;1;90
2021-11-22 11:00:00+01:00;7811;22-11-2021;11;22;47;0;11;1;90
2021-11-22 12:00:00+01:00;7812;22-11-2021;11;22;47;0;12;1;50
2021-11-22 13:00:00+01:00;7813;22-11-2021;11;22;47;0;13;1;50
2021-11-22 14:00:00+01:00;7814;22-11-2021;11;22;47;0;14;1;80
2021-11-22 15:00:00+01:00;7815;22-11-2021;11;22;47;0;15;1;80
2021-11-22 16:00:00+01:00;7816;22-11-2021;11;22;47;0;16;1;80
2021-11-22 17:00:00+01:00;7817;22-11-2021;11;22;47;0;17;1;50
2021-11-22 18:00:00+01:00;7818;22-11-2021;11;22;47;0;18;1;42
2021-11-22 19:00:00+01:00;7819;22-11-2021;11;22;47;0;19;1;33
2021-11-22 20:00:00+01:00;7820;22-11-2021;11;22;47;0;20;1;25
2021-11-22 21:00:00+01:00;7821;22-11-2021;11;22;47;0;21;1;17
2021-11-22 22:00:00+01:00;7822;22-11-2021;11;22;47;0;22;1;8
2021-11-22 23:00:00+01:00;7823;22-11-2021;11;22;47;0;23;1;0
2021-11-23 00:00:00+01:00;7824;23-11-2021;11;23;47;1;0;1;0
2021-11-23 01:00:00+01:00;7825;23-11-2021;11;23;47;1;1;1;0
2021-11-23 02:00:00+01:00;7826;23-11-2021;11;23;47;1;2;1;0
2021-11-23 03:00:00+01:00;7827;23-11-2021;11;23;47;1;3;1;0
2021-11-23 04:00:00+01:00;7828;23-11-2021;11;23;47;1;4;1;0
2021-11-23 05:00:00+01:00;7829;23-11-2021;11;23;47;1;5;1;0
2021-11-23 06:00:00+01:00;7830;23-11-2021;11;23;47;1;6;1;0
2021-11-23 07:00:00+01:00;7831;23-11-2021;11;23;47;1;7;1;0
2021-11-23 08:00:00+01:00;7832;23-11-2021;11;23;47;1;8;1;60
2021-11-23 09:00:00+01:00;7833;23-11-2021;11;23;47;1;9;1;60
2021-11-23 10:00:00+01:00;7834;23-11-2021;11;23;47;1;10;1;90
2021-11-23 11:00:00+01:00;7835;23-11-2021;11;23;47;1;11;1;90
2021-11-23 12:00:00+01:00;7836;23-11-2021;11;23;47;1;12;1;50
2021-11-23 13:00:00+01:00;7837;23-11-2021;11;23;47;1;13;1;50
2021-11-23 14:00:00+01:00;7838;23-11-2021;11;23;47;1;14;1;80
2021-11-23 15:00:00+01:00;7839;23-11-2021;11;23;47;1;15;1;80
2021-11-23 16:00:00+01:00;7840;23-11-2021;11;23;47;1;16;1;80
2021-11-23 17:00:00+01:00;7841;23-11-2021;11;23;47;1;17;1;50
2021-11-23 18:00:00+01:00;7842;23-11-2021;11;23;47;1;18;1;42
2021-11-23 19:00:00+01:00;7843;23-11-2021;11;23;47;1;19;1;33
2021-11-23 20:00:00+01:00;7844;23-11-2021;11;23;47;1;20;1;25
2021-11-23 21:00:00+01:00;7845;23-11-2021;11;23;47;1;21;1;17
2021-11-23 22:00:00+01:00;7846;23-11-2021;11;23;47;1;22;1;8
2021-11-23 23:00:00+01:00;7847;23-11-2021;11;23;47;1;23;1;0
2021-11-24 00:00:00+01:00;7848;24-11-2021;11;24;47;2;0;1;0
2021-11-24 01:00:00+01:00;7849;24-11-2021;11;24;47;2;1;1;0
2021-11-24 02:00:00+01:00;7850;24-11-2021;11;24;47;2;2;1;0
2021-11-24 03:00:00+01:00;7851;24-11-2021;11;24;47;2;3;1;0
2021-11-24 04:00:00+01:00;7852;24-11-2021;11;24;47;2;4;1;0
2021-11-24 05:00:00+01:00;7853;24-11-2021;11;24;47;2;5;1;0
2021-11-24 06:00:00+01:00;7854;24-11-2021;11;24;47;2;6;1;0
2021-11-24 07:00:00+01:00;7855;24-11-2021;11;24;47;2;7;1;0
2021-11-24 08:00:00+01:00;7856;24-11-2021;11;24;47;2;8;1;60
2021-11-24 09:00:00+01:00;7857;24-11-2021;11;24;47;2;9;1;60
2021-11-24 10:00:00+01:00;7858;24-11-2021;11;24;47;2;10;1;90
2021-11-24 11:00:00+01:00;7859;24-11-2021;11;24;47;2;11;1;90
2021-11-24 12:00:00+01:00;7860;24-11-2021;11;24;47;2;12;1;50
2021-11-24 13:00:00+01:00;7861;24-11-2021;11;24;47;2;13;1;50
2021-11-24 14:00:00+01:00;7862;24-11-2021;11;24;47;2;14;1;80
2021-11-24 15:00:00+01:00;7863;24-11-2021;11;24;47;2;15;1;80
2021-11-24 16:00:00+01:00;7864;24-11-2021;11;24;47;2;16;1;80
2021-11-24 17:00:00+01:00;7865;24-11-2021;11;24;47;2;17;1;50
2021-11-24 18:00:00+01:00;7866;24-11-2021;11;24;47;2;18;1;42
2021-11-24 19:00:00+01:00;7867;24-11-2021;11;24;47;2;19;1;33
2021-11-24 20:00:00+01:00;7868;24-11-2021;11;24;47;2;20;1;25
2021-11-24 21:00:00+01:00;7869;24-11-2021;11;24;47;2;21;1;17
2021-11-24 22:00:00+01:00;7870;24-11-2021;11;24;47;2;22;1;8
2021-11-24 23:00:00+01:00;7871;24-11-2021;11;24;47;2;23;1;0
2021-11-25 00:00:00+01:00;7872;25-11-2021;11;25;47;3;0;1;0
2021-11-25 01:00:00+01:00;7873;25-11-2021;11;25;47;3;1;1;0
2021-11-25 02:00:00+01:00;7874;25-11-2021;11;25;47;3;2;1;0
2021-11-25 03:00:00+01:00;7875;25-11-2021;11;25;47;3;3;1;0
2021-11-25 04:00:00+01:00;7876;25-11-2021;11;25;47;3;4;1;0
2021-11-25 05:00:00+01:00;7877;25-11-2021;11;25;47;3;5;1;0
2021-11-25 06:00:00+01:00;7878;25-11-2021;11;25;47;3;6;1;0
2021-11-25 07:00:00+01:00;7879;25-11-2021;11;25;47;3;7;1;0
2021-11-25 08:00:00+01:00;7880;25-11-2021;11;25;47;3;8;1;60
2021-11-25 09:00:00+01:00;7881;25-11-2021;11;25;47;3;9;1;60
2021-11-25 10:00:00+01:00;7882;25-11-2021;11;25;47;3;10;1;90
2021-11-25 11:00:00+01:00;7883;25-11-2021;11;25;47;3;11;1;90
2021-11-25 12:00:00+01:00;7884;25-11-2021;11;25;47;3;12;1;50
2021-11-25 13:00:00+01:00;7885;25-11-2021;11;25;47;3;13;1;50
2021-11-25 14:00:00+01:00;7886;25-11-2021;11;25;47;3;14;1;80
2021-11-25 15:00:00+01:00;7887;25-11-2021;11;25;47;3;15;1;80
2021-11-25 16:00:00+01:00;7888;25-11-2021;11;25;47;3;16;1;80
2021-11-25 17:00:00+01:00;7889;25-11-2021;11;25;47;3;17;1;50
2021-11-25 18:00:00+01:00;7890;25-11-2021;11;25;47;3;18;1;42
2021-11-25 19:00:00+01:00;7891;25-11-2021;11;25;47;3;19;1;33
2021-11-25 20:00:00+01:00;7892;25-11-2021;11;25;47;3;20;1;25
2021-11-25 21:00:00+01:00;7893;25-11-2021;11;25;47;3;21;1;17
2021-11-25 22:00:00+01:00;7894;25-11-2021;11;25;47;3;22;1;8
2021-11-25 23:00:00+01:00;7895;25-11-2021;11;25;47;3;23;1;0
2021-11-26 00:00:00+01:00;7896;26-11-2021;11;26;47;4;0;1;0
2021-11-26 01:00:00+01:00;7897;26-11-2021;11;26;47;4;1;1;0
2021-11-26 02:00:00+01:00;7898;26-11-2021;11;26;47;4;2;1;0
2021-11-26 03:00:00+01:00;7899;26-11-2021;11;26;47;4;3;1;0
2021-11-26 04:00:00+01:00;7900;26-11-2021;11;26;47;4;4;1;0
2021-11-26 05:00:00+01:00;7901;26-11-2021;11;26;47;4;5;1;0
2021-11-26 06:00:00+01:00;7902;26-11-2021;11;26;47;4;6;1;0
2021-11-26 07:00:00+01:00;7903;26-11-2021;11;26;47;4;7;1;0
2021-11-26 08:00:00+01:00;7904;26-11-2021;11;26;47;4;8;1;60
2021-11-26 09:00:00+01:00;7905;26-11-2021;11;26;47;4;9;1;60
2021-11-26 10:00:00+01:00;7906;26-11-2021;11;26;47;4;10;1;90
2021-11-26 11:00:00+01:00;7907;26-11-2021;11;26;47;4;11;1;90
2021-11-26 12:00:00+01:00;7908;26-11-2021;11;26;47;4;12;1;50
2021-11-26 13:00:00+01:00;7909;26-11-2021;11;26;47;4;13;1;50
2021-11-26 14:00:00+01:00;7910;26-11-2021;11;26;47;4;14;1;80
2021-11-26 15:00:00+01:00;7911;26-11-2021;11;26;47;4;15;1;80
2021-11-26 16:00:00+01:00;7912;26-11-2021;11;26;47;4;16;1;80
2021-11-26 17:00:00+01:00;7913;26-11-2021;11;26;47;4;17;1;50
2021-11-26 18:00:00+01:00;7914;26-11-2021;11;26;47;4;18;1;42
2021-11-26 19:00:00+01:00;7915;26-11-2021;11;26;47;4;19;1;33
2021-11-26 20:00:00+01:00;7916;26-11-2021;11;26;47;4;20;1;25
2021-11-26 21:00:00+01:00;7917;26-11-2021;11;26;47;4;21;1;17
2021-11-26 22:00:00+01:00;7918;26-11-2021;11;26;47;4;22;1;8
2021-11-26 23:00:00+01:00;7919;26-11-2021;11;26;47;4;23;1;0
2021-11-27 00:00:00+01:00;7920;27-11-2021;11;27;47;5;0;2;0
2021-11-27 01:00:00+01:00;7921;27-11-2021;11;27;47;5;1;2;0
2021-11-27 02:00:00+01:00;7922;27-11-2021;11;27;47;5;2;2;0
2021-11-27 03:00:00+01:00;7923;27-11-2021;11;27;47;5;3;2;0
2021-11-27 04:00:00+01:00;7924;27-11-2021;11;27;47;5;4;2;0
2021-11-27 05:00:00+01:00;7925;27-11-2021;11;27;47;5;5;2;0
2021-11-27 06:00:00+01:00;7926;27-11-2021;11;27;47;5;6;2;0
2021-11-27 07:00:00+01:00;7927;27-11-2021;11;27;47;5;7;2;0
2021-11-27 08:00:00+01:00;7928;27-11-2021;11;27;47;5;8;2;0
2021-11-27 09:00:00+01:00;7929;27-11-2021;11;27;47;5;9;2;0
2021-11-27 10:00:00+01:00;7930;27-11-2021;11;27;47;5;10;2;50
2021-11-27 11:00:00+01:00;7931;27-11-2021;11;27;47;5;11;2;50
2021-11-27 12:00:00+01:00;7932;27-11-2021;11;27;47;5;12;2;30
2021-11-27 13:00:00+01:00;7933;27-11-2021;11;27;47;5;13;2;30
2021-11-27 14:00:00+01:00;7934;27-11-2021;11;27;47;5;14;2;50
2021-11-27 15:00:00+01:00;7935;27-11-2021;11;27;47;5;15;2;50
2021-11-27 16:00:00+01:00;7936;27-11-2021;11;27;47;5;16;2;50
2021-11-27 17:00:00+01:00;7937;27-11-2021;11;27;47;5;17;2;0
2021-11-27 18:00:00+01:00;7938;27-11-2021;11;27;47;5;18;2;0
2021-11-27 19:00:00+01:00;7939;27-11-2021;11;27;47;5;19;2;0
2021-11-27 20:00:00+01:00;7940;27-11-2021;11;27;47;5;20;2;0
2021-11-27 21:00:00+01:00;7941;27-11-2021;11;27;47;5;21;2;0
2021-11-27 22:00:00+01:00;7942;27-11-2021;11;27;47;5;22;2;0
2021-11-27 23:00:00+01:00;7943;27-11-2021;11;27;47;5;23;2;0
2021-11-28 00:00:00+01:00;7944;28-11-2021;11;28;47;6;0;3;0
2021-11-28 01:00:00+01:00;7945;28-11-2021;11;28;47;6;1;3;0
2021-11-28 02:00:00+01:00;7946;28-11-2021;11;28;47;6;2;3;0
2021-11-28 03:00:00+01:00;7947;28-11-2021;11;28;47;6;3;3;0
2021-11-28 04:00:00+01:00;7948;28-11-2021;11;28;47;6;4;3;0
2021-11-28 05:00:00+01:00;7949;28-11-2021;11;28;47;6;5;3;0
2021-11-28 06:00:00+01:00;7950;28-11-2021;11;28;47;6;6;3;0
2021-11-28 07:00:00+01:00;7951;28-11-2021;11;28;47;6;7;3;0
2021-11-28 08:00:00+01:00;7952;28-11-2021;11;28;47;6;8;3;0
2021-11-28 09:00:00+01:00;7953;28-11-2021;11;28;47;6;9;3;0
2021-11-28 10:00:00+01:00;7954;28-11-2021;11;28;47;6;10;3;0
2021-11-28 11:00:00+01:00;7955;28-11-2021;11;28;47;6;11;3;0
2021-11-28 12:00:00+01:00;7956;28-11-2021;11;28;47;6;12;3;0
2021-11-28 13:00:00+01:00;7957;28-11-2021;11;28;47;6;13;3;0
2021-11-28 14:00:00+01:00;7958;28-11-2021;11;28;47;6;14;3;0
2021-11-28 15:00:00+01:00;7959;28-11-2021;11;28;47;6;15;3;0
2021-11-28 16:00:00+01:00;7960;28-11-2021;11;28;47;6;16;3;0
2021-11-28 17:00:00+01:00;7961;28-11-2021;11;28;47;6;17;3;0
2021-11-28 18:00:00+01:00;7962;28-11-2021;11;28;47;6;18;3;0
2021-11-28 19:00:00+01:00;7963;28-11-2021;11;28;47;6;19;3;0
2021-11-28 20:00:00+01:00;7964;28-11-2021;11;28;47;6;20;3;0
2021-11-28 21:00:00+01:00;7965;28-11-2021;11;28;47;6;21;3;0
2021-11-28 22:00:00+01:00;7966;28-11-2021;11;28;47;6;22;3;0
2021-11-28 23:00:00+01:00;7967;28-11-2021;11;28;47;6;23;3;0
2021-11-29 00:00:00+01:00;7968;29-11-2021;11;29;48;0;0;1;0
2021-11-29 01:00:00+01:00;7969;29-11-2021;11;29;48;0;1;1;0
2021-11-29 02:00:00+01:00;7970;29-11-2021;11;29;48;0;2;1;0
2021-11-29 03:00:00+01:00;7971;29-11-2021;11;29;48;0;3;1;0
2021-11-29 04:00:00+01:00;7972;29-11-2021;11;29;48;0;4;1;0
2021-11-29 05:00:00+01:00;7973;29-11-2021;11;29;48;0;5;1;0
2021-11-29 06:00:00+01:00;7974;29-11-2021;11;29;48;0;6;1;0
2021-11-29 07:00:00+01:00;7975;29-11-2021;11;29;48;0;7;1;0
2021-11-29 08:00:00+01:00;7976;29-11-2021;11;29;48;0;8;1;60
2021-11-29 09:00:00+01:00;7977;29-11-2021;11;29;48;0;9;1;60
2021-11-29 10:00:00+01:00;7978;29-11-2021;11;29;48;0;10;1;90
2021-11-29 11:00:00+01:00;7979;29-11-2021;11;29;48;0;11;1;90
2021-11-29 12:00:00+01:00;7980;29-11-2021;11;29;48;0;12;1;50
2021-11-29 13:00:00+01:00;7981;29-11-2021;11;29;48;0;13;1;50
2021-11-29 14:00:00+01:00;7982;29-11-2021;11;29;48;0;14;1;80
2021-11-29 15:00:00+01:00;7983;29-11-2021;11;29;48;0;15;1;80
2021-11-29 16:00:00+01:00;7984;29-11-2021;11;29;48;0;16;1;80
2021-11-29 17:00:00+01:00;7985;29-11-2021;11;29;48;0;17;1;50
2021-11-29 18:00:00+01:00;7986;29-11-2021;11;29;48;0;18;1;42
2021-11-29 19:00:00+01:00;7987;29-11-2021;11;29;48;0;19;1;33
2021-11-29 20:00:00+01:00;7988;29-11-2021;11;29;48;0;20;1;25
2021-11-29 21:00:00+01:00;7989;29-11-2021;11;29;48;0;21;1;17
2021-11-29 22:00:00+01:00;7990;29-11-2021;11;29;48;0;22;1;8
2021-11-29 23:00:00+01:00;7991;29-11-2021;11;29;48;0;23;1;0
2021-11-30 00:00:00+01:00;7992;30-11-2021;11;30;48;1;0;1;0
2021-11-30 01:00:00+01:00;7993;30-11-2021;11;30;48;1;1;1;0
2021-11-30 02:00:00+01:00;7994;30-11-2021;11;30;48;1;2;1;0
2021-11-30 03:00:00+01:00;7995;30-11-2021;11;30;48;1;3;1;0
2021-11-30 04:00:00+01:00;7996;30-11-2021;11;30;48;1;4;1;0
2021-11-30 05:00:00+01:00;7997;30-11-2021;11;30;48;1;5;1;0
2021-11-30 06:00:00+01:00;7998;30-11-2021;11;30;48;1;6;1;0
2021-11-30 07:00:00+01:00;7999;30-11-2021;11;30;48;1;7;1;0
2021-11-30 08:00:00+01:00;8000;30-11-2021;11;30;48;1;8;1;60
2021-11-30 09:00:00+01:00;8001;30-11-2021;11;30;48;1;9;1;60
2021-11-30 10:00:00+01:00;8002;30-11-2021;11;30;48;1;10;1;90
2021-11-30 11:00:00+01:00;8003;30-11-2021;11;30;48;1;11;1;90
2021-11-30 12:00:00+01:00;8004;30-11-2021;11;30;48;1;12;1;50
2021-11-30 13:00:00+01:00;8005;30-11-2021;11;30;48;1;13;1;50
2021-11-30 14:00:00+01:00;8006;30-11-2021;11;30;48;1;14;1;80
2021-11-30 15:00:00+01:00;8007;30-11-2021;11;30;48;1;15;1;80
2021-11-30 16:00:00+01:00;8008;30-11-2021;11;30;48;1;16;1;80
2021-11-30 17:00:00+01:00;8009;30-11-2021;11;30;48;1;17;1;50
2021-11-30 18:00:00+01:00;8010;30-11-2021;11;30;48;1;18;1;42
2021-11-30 19:00:00+01:00;8011;30-11-2021;11;30;48;1;19;1;33
2021-11-30 20:00:00+01:00;8012;30-11-2021;11;30;48;1;20;1;25
2021-11-30 21:00:00+01:00;8013;30-11-2021;11;30;48;1;21;1;17
2021-11-30 22:00:00+01:00;8014;30-11-2021;11;30;48;1;22;1;8
2021-11-30 23:00:00+01:00;8015;30-11-2021;11;30;48;1;23;1;0
2021-12-01 00:00:00+01:00;8016;1-12-2021;12;1;48;2;0;1;0
2021-12-01 01:00:00+01:00;8017;1-12-2021;12;1;48;2;1;1;0
2021-12-01 02:00:00+01:00;8018;1-12-2021;12;1;48;2;2;1;0
2021-12-01 03:00:00+01:00;8019;1-12-2021;12;1;48;2;3;1;0
2021-12-01 04:00:00+01:00;8020;1-12-2021;12;1;48;2;4;1;0
2021-12-01 05:00:00+01:00;8021;1-12-2021;12;1;48;2;5;1;0
2021-12-01 06:00:00+01:00;8022;1-12-2021;12;1;48;2;6;1;0
2021-12-01 07:00:00+01:00;8023;1-12-2021;12;1;48;2;7;1;0
2021-12-01 08:00:00+01:00;8024;1-12-2021;12;1;48;2;8;1;60
2021-12-01 09:00:00+01:00;8025;1-12-2021;12;1;48;2;9;1;60
2021-12-01 10:00:00+01:00;8026;1-12-2021;12;1;48;2;10;1;90
2021-12-01 11:00:00+01:00;8027;1-12-2021;12;1;48;2;11;1;90
2021-12-01 12:00:00+01:00;8028;1-12-2021;12;1;48;2;12;1;50
2021-12-01 13:00:00+01:00;8029;1-12-2021;12;1;48;2;13;1;50
2021-12-01 14:00:00+01:00;8030;1-12-2021;12;1;48;2;14;1;80
2021-12-01 15:00:00+01:00;8031;1-12-2021;12;1;48;2;15;1;80
2021-12-01 16:00:00+01:00;8032;1-12-2021;12;1;48;2;16;1;80
2021-12-01 17:00:00+01:00;8033;1-12-2021;12;1;48;2;17;1;50
2021-12-01 18:00:00+01:00;8034;1-12-2021;12;1;48;2;18;1;42
2021-12-01 19:00:00+01:00;8035;1-12-2021;12;1;48;2;19;1;33
2021-12-01 20:00:00+01:00;8036;1-12-2021;12;1;48;2;20;1;25
2021-12-01 21:00:00+01:00;8037;1-12-2021;12;1;48;2;21;1;17
2021-12-01 22:00:00+01:00;8038;1-12-2021;12;1;48;2;22;1;8
2021-12-01 23:00:00+01:00;8039;1-12-2021;12;1;48;2;23;1;0
2021-12-02 00:00:00+01:00;8040;2-12-2021;12;2;48;3;0;1;0
2021-12-02 01:00:00+01:00;8041;2-12-2021;12;2;48;3;1;1;0
2021-12-02 02:00:00+01:00;8042;2-12-2021;12;2;48;3;2;1;0
2021-12-02 03:00:00+01:00;8043;2-12-2021;12;2;48;3;3;1;0
2021-12-02 04:00:00+01:00;8044;2-12-2021;12;2;48;3;4;1;0
2021-12-02 05:00:00+01:00;8045;2-12-2021;12;2;48;3;5;1;0
2021-12-02 06:00:00+01:00;8046;2-12-2021;12;2;48;3;6;1;0
2021-12-02 07:00:00+01:00;8047;2-12-2021;12;2;48;3;7;1;0
2021-12-02 08:00:00+01:00;8048;2-12-2021;12;2;48;3;8;1;60
2021-12-02 09:00:00+01:00;8049;2-12-2021;12;2;48;3;9;1;60
2021-12-02 10:00:00+01:00;8050;2-12-2021;12;2;48;3;10;1;90
2021-12-02 11:00:00+01:00;8051;2-12-2021;12;2;48;3;11;1;90
2021-12-02 12:00:00+01:00;8052;2-12-2021;12;2;48;3;12;1;50
2021-12-02 13:00:00+01:00;8053;2-12-2021;12;2;48;3;13;1;50
2021-12-02 14:00:00+01:00;8054;2-12-2021;12;2;48;3;14;1;80
2021-12-02 15:00:00+01:00;8055;2-12-2021;12;2;48;3;15;1;80
2021-12-02 16:00:00+01:00;8056;2-12-2021;12;2;48;3;16;1;80
2021-12-02 17:00:00+01:00;8057;2-12-2021;12;2;48;3;17;1;50
2021-12-02 18:00:00+01:00;8058;2-12-2021;12;2;48;3;18;1;42
2021-12-02 19:00:00+01:00;8059;2-12-2021;12;2;48;3;19;1;33
2021-12-02 20:00:00+01:00;8060;2-12-2021;12;2;48;3;20;1;25
2021-12-02 21:00:00+01:00;8061;2-12-2021;12;2;48;3;21;1;17
2021-12-02 22:00:00+01:00;8062;2-12-2021;12;2;48;3;22;1;8
2021-12-02 23:00:00+01:00;8063;2-12-2021;12;2;48;3;23;1;0
2021-12-03 00:00:00+01:00;8064;3-12-2021;12;3;48;4;0;1;0
2021-12-03 01:00:00+01:00;8065;3-12-2021;12;3;48;4;1;1;0
2021-12-03 02:00:00+01:00;8066;3-12-2021;12;3;48;4;2;1;0
2021-12-03 03:00:00+01:00;8067;3-12-2021;12;3;48;4;3;1;0
2021-12-03 04:00:00+01:00;8068;3-12-2021;12;3;48;4;4;1;0
2021-12-03 05:00:00+01:00;8069;3-12-2021;12;3;48;4;5;1;0
2021-12-03 06:00:00+01:00;8070;3-12-2021;12;3;48;4;6;1;0
2021-12-03 07:00:00+01:00;8071;3-12-2021;12;3;48;4;7;1;0
2021-12-03 08:00:00+01:00;8072;3-12-2021;12;3;48;4;8;1;60
2021-12-03 09:00:00+01:00;8073;3-12-2021;12;3;48;4;9;1;60
2021-12-03 10:00:00+01:00;8074;3-12-2021;12;3;48;4;10;1;90
2021-12-03 11:00:00+01:00;8075;3-12-2021;12;3;48;4;11;1;90
2021-12-03 12:00:00+01:00;8076;3-12-2021;12;3;48;4;12;1;50
2021-12-03 13:00:00+01:00;8077;3-12-2021;12;3;48;4;13;1;50
2021-12-03 14:00:00+01:00;8078;3-12-2021;12;3;48;4;14;1;80
2021-12-03 15:00:00+01:00;8079;3-12-2021;12;3;48;4;15;1;80
2021-12-03 16:00:00+01:00;8080;3-12-2021;12;3;48;4;16;1;80
2021-12-03 17:00:00+01:00;8081;3-12-2021;12;3;48;4;17;1;50
2021-12-03 18:00:00+01:00;8082;3-12-2021;12;3;48;4;18;1;42
2021-12-03 19:00:00+01:00;8083;3-12-2021;12;3;48;4;19;1;33
2021-12-03 20:00:00+01:00;8084;3-12-2021;12;3;48;4;20;1;25
2021-12-03 21:00:00+01:00;8085;3-12-2021;12;3;48;4;21;1;17
2021-12-03 22:00:00+01:00;8086;3-12-2021;12;3;48;4;22;1;8
2021-12-03 23:00:00+01:00;8087;3-12-2021;12;3;48;4;23;1;0
2021-12-04 00:00:00+01:00;8088;4-12-2021;12;4;48;5;0;2;0
2021-12-04 01:00:00+01:00;8089;4-12-2021;12;4;48;5;1;2;0
2021-12-04 02:00:00+01:00;8090;4-12-2021;12;4;48;5;2;2;0
2021-12-04 03:00:00+01:00;8091;4-12-2021;12;4;48;5;3;2;0
2021-12-04 04:00:00+01:00;8092;4-12-2021;12;4;48;5;4;2;0
2021-12-04 05:00:00+01:00;8093;4-12-2021;12;4;48;5;5;2;0
2021-12-04 06:00:00+01:00;8094;4-12-2021;12;4;48;5;6;2;0
2021-12-04 07:00:00+01:00;8095;4-12-2021;12;4;48;5;7;2;0
2021-12-04 08:00:00+01:00;8096;4-12-2021;12;4;48;5;8;2;0
2021-12-04 09:00:00+01:00;8097;4-12-2021;12;4;48;5;9;2;0
2021-12-04 10:00:00+01:00;8098;4-12-2021;12;4;48;5;10;2;50
2021-12-04 11:00:00+01:00;8099;4-12-2021;12;4;48;5;11;2;50
2021-12-04 12:00:00+01:00;8100;4-12-2021;12;4;48;5;12;2;30
2021-12-04 13:00:00+01:00;8101;4-12-2021;12;4;48;5;13;2;30
2021-12-04 14:00:00+01:00;8102;4-12-2021;12;4;48;5;14;2;50
2021-12-04 15:00:00+01:00;8103;4-12-2021;12;4;48;5;15;2;50
2021-12-04 16:00:00+01:00;8104;4-12-2021;12;4;48;5;16;2;50
2021-12-04 17:00:00+01:00;8105;4-12-2021;12;4;48;5;17;2;0
2021-12-04 18:00:00+01:00;8106;4-12-2021;12;4;48;5;18;2;0
2021-12-04 19:00:00+01:00;8107;4-12-2021;12;4;48;5;19;2;0
2021-12-04 20:00:00+01:00;8108;4-12-2021;12;4;48;5;20;2;0
2021-12-04 21:00:00+01:00;8109;4-12-2021;12;4;48;5;21;2;0
2021-12-04 22:00:00+01:00;8110;4-12-2021;12;4;48;5;22;2;0
2021-12-04 23:00:00+01:00;8111;4-12-2021;12;4;48;5;23;2;0
2021-12-05 00:00:00+01:00;8112;5-12-2021;12;5;48;6;0;3;0
2021-12-05 01:00:00+01:00;8113;5-12-2021;12;5;48;6;1;3;0
2021-12-05 02:00:00+01:00;8114;5-12-2021;12;5;48;6;2;3;0
2021-12-05 03:00:00+01:00;8115;5-12-2021;12;5;48;6;3;3;0
2021-12-05 04:00:00+01:00;8116;5-12-2021;12;5;48;6;4;3;0
2021-12-05 05:00:00+01:00;8117;5-12-2021;12;5;48;6;5;3;0
2021-12-05 06:00:00+01:00;8118;5-12-2021;12;5;48;6;6;3;0
2021-12-05 07:00:00+01:00;8119;5-12-2021;12;5;48;6;7;3;0
2021-12-05 08:00:00+01:00;8120;5-12-2021;12;5;48;6;8;3;0
2021-12-05 09:00:00+01:00;8121;5-12-2021;12;5;48;6;9;3;0
2021-12-05 10:00:00+01:00;8122;5-12-2021;12;5;48;6;10;3;0
2021-12-05 11:00:00+01:00;8123;5-12-2021;12;5;48;6;11;3;0
2021-12-05 12:00:00+01:00;8124;5-12-2021;12;5;48;6;12;3;0
2021-12-05 13:00:00+01:00;8125;5-12-2021;12;5;48;6;13;3;0
2021-12-05 14:00:00+01:00;8126;5-12-2021;12;5;48;6;14;3;0
2021-12-05 15:00:00+01:00;8127;5-12-2021;12;5;48;6;15;3;0
2021-12-05 16:00:00+01:00;8128;5-12-2021;12;5;48;6;16;3;0
2021-12-05 17:00:00+01:00;8129;5-12-2021;12;5;48;6;17;3;0
2021-12-05 18:00:00+01:00;8130;5-12-2021;12;5;48;6;18;3;0
2021-12-05 19:00:00+01:00;8131;5-12-2021;12;5;48;6;19;3;0
2021-12-05 20:00:00+01:00;8132;5-12-2021;12;5;48;6;20;3;0
2021-12-05 21:00:00+01:00;8133;5-12-2021;12;5;48;6;21;3;0
2021-12-05 22:00:00+01:00;8134;5-12-2021;12;5;48;6;22;3;0
2021-12-05 23:00:00+01:00;8135;5-12-2021;12;5;48;6;23;3;0
2021-12-06 00:00:00+01:00;8136;6-12-2021;12;6;49;0;0;1;0
2021-12-06 01:00:00+01:00;8137;6-12-2021;12;6;49;0;1;1;0
2021-12-06 02:00:00+01:00;8138;6-12-2021;12;6;49;0;2;1;0
2021-12-06 03:00:00+01:00;8139;6-12-2021;12;6;49;0;3;1;0
2021-12-06 04:00:00+01:00;8140;6-12-2021;12;6;49;0;4;1;0
2021-12-06 05:00:00+01:00;8141;6-12-2021;12;6;49;0;5;1;0
2021-12-06 06:00:00+01:00;8142;6-12-2021;12;6;49;0;6;1;0
2021-12-06 07:00:00+01:00;8143;6-12-2021;12;6;49;0;7;1;0
2021-12-06 08:00:00+01:00;8144;6-12-2021;12;6;49;0;8;1;60
2021-12-06 09:00:00+01:00;8145;6-12-2021;12;6;49;0;9;1;60
2021-12-06 10:00:00+01:00;8146;6-12-2021;12;6;49;0;10;1;90
2021-12-06 11:00:00+01:00;8147;6-12-2021;12;6;49;0;11;1;90
2021-12-06 12:00:00+01:00;8148;6-12-2021;12;6;49;0;12;1;50
2021-12-06 13:00:00+01:00;8149;6-12-2021;12;6;49;0;13;1;50
2021-12-06 14:00:00+01:00;8150;6-12-2021;12;6;49;0;14;1;80
2021-12-06 15:00:00+01:00;8151;6-12-2021;12;6;49;0;15;1;80
2021-12-06 16:00:00+01:00;8152;6-12-2021;12;6;49;0;16;1;80
2021-12-06 17:00:00+01:00;8153;6-12-2021;12;6;49;0;17;1;50
2021-12-06 18:00:00+01:00;8154;6-12-2021;12;6;49;0;18;1;42
2021-12-06 19:00:00+01:00;8155;6-12-2021;12;6;49;0;19;1;33
2021-12-06 20:00:00+01:00;8156;6-12-2021;12;6;49;0;20;1;25
2021-12-06 21:00:00+01:00;8157;6-12-2021;12;6;49;0;21;1;17
2021-12-06 22:00:00+01:00;8158;6-12-2021;12;6;49;0;22;1;8
2021-12-06 23:00:00+01:00;8159;6-12-2021;12;6;49;0;23;1;0
2021-12-07 00:00:00+01:00;8160;7-12-2021;12;7;49;1;0;1;0
2021-12-07 01:00:00+01:00;8161;7-12-2021;12;7;49;1;1;1;0
2021-12-07 02:00:00+01:00;8162;7-12-2021;12;7;49;1;2;1;0
2021-12-07 03:00:00+01:00;8163;7-12-2021;12;7;49;1;3;1;0
2021-12-07 04:00:00+01:00;8164;7-12-2021;12;7;49;1;4;1;0
2021-12-07 05:00:00+01:00;8165;7-12-2021;12;7;49;1;5;1;0
2021-12-07 06:00:00+01:00;8166;7-12-2021;12;7;49;1;6;1;0
2021-12-07 07:00:00+01:00;8167;7-12-2021;12;7;49;1;7;1;0
2021-12-07 08:00:00+01:00;8168;7-12-2021;12;7;49;1;8;1;60
2021-12-07 09:00:00+01:00;8169;7-12-2021;12;7;49;1;9;1;60
2021-12-07 10:00:00+01:00;8170;7-12-2021;12;7;49;1;10;1;90
2021-12-07 11:00:00+01:00;8171;7-12-2021;12;7;49;1;11;1;90
2021-12-07 12:00:00+01:00;8172;7-12-2021;12;7;49;1;12;1;50
2021-12-07 13:00:00+01:00;8173;7-12-2021;12;7;49;1;13;1;50
2021-12-07 14:00:00+01:00;8174;7-12-2021;12;7;49;1;14;1;80
2021-12-07 15:00:00+01:00;8175;7-12-2021;12;7;49;1;15;1;80
2021-12-07 16:00:00+01:00;8176;7-12-2021;12;7;49;1;16;1;80
2021-12-07 17:00:00+01:00;8177;7-12-2021;12;7;49;1;17;1;50
2021-12-07 18:00:00+01:00;8178;7-12-2021;12;7;49;1;18;1;42
2021-12-07 19:00:00+01:00;8179;7-12-2021;12;7;49;1;19;1;33
2021-12-07 20:00:00+01:00;8180;7-12-2021;12;7;49;1;20;1;25
2021-12-07 21:00:00+01:00;8181;7-12-2021;12;7;49;1;21;1;17
2021-12-07 22:00:00+01:00;8182;7-12-2021;12;7;49;1;22;1;8
2021-12-07 23:00:00+01:00;8183;7-12-2021;12;7;49;1;23;1;0
2021-12-08 00:00:00+01:00;8184;8-12-2021;12;8;49;2;0;1;0
2021-12-08 01:00:00+01:00;8185;8-12-2021;12;8;49;2;1;1;0
2021-12-08 02:00:00+01:00;8186;8-12-2021;12;8;49;2;2;1;0
2021-12-08 03:00:00+01:00;8187;8-12-2021;12;8;49;2;3;1;0
2021-12-08 04:00:00+01:00;8188;8-12-2021;12;8;49;2;4;1;0
2021-12-08 05:00:00+01:00;8189;8-12-2021;12;8;49;2;5;1;0
2021-12-08 06:00:00+01:00;8190;8-12-2021;12;8;49;2;6;1;0
2021-12-08 07:00:00+01:00;8191;8-12-2021;12;8;49;2;7;1;0
2021-12-08 08:00:00+01:00;8192;8-12-2021;12;8;49;2;8;1;60
2021-12-08 09:00:00+01:00;8193;8-12-2021;12;8;49;2;9;1;60
2021-12-08 10:00:00+01:00;8194;8-12-2021;12;8;49;2;10;1;90
2021-12-08 11:00:00+01:00;8195;8-12-2021;12;8;49;2;11;1;90
2021-12-08 12:00:00+01:00;8196;8-12-2021;12;8;49;2;12;1;50
2021-12-08 13:00:00+01:00;8197;8-12-2021;12;8;49;2;13;1;50
2021-12-08 14:00:00+01:00;8198;8-12-2021;12;8;49;2;14;1;80
2021-12-08 15:00:00+01:00;8199;8-12-2021;12;8;49;2;15;1;80
2021-12-08 16:00:00+01:00;8200;8-12-2021;12;8;49;2;16;1;80
2021-12-08 17:00:00+01:00;8201;8-12-2021;12;8;49;2;17;1;50
2021-12-08 18:00:00+01:00;8202;8-12-2021;12;8;49;2;18;1;42
2021-12-08 19:00:00+01:00;8203;8-12-2021;12;8;49;2;19;1;33
2021-12-08 20:00:00+01:00;8204;8-12-2021;12;8;49;2;20;1;25
2021-12-08 21:00:00+01:00;8205;8-12-2021;12;8;49;2;21;1;17
2021-12-08 22:00:00+01:00;8206;8-12-2021;12;8;49;2;22;1;8
2021-12-08 23:00:00+01:00;8207;8-12-2021;12;8;49;2;23;1;0
2021-12-09 00:00:00+01:00;8208;9-12-2021;12;9;49;3;0;1;0
2021-12-09 01:00:00+01:00;8209;9-12-2021;12;9;49;3;1;1;0
2021-12-09 02:00:00+01:00;8210;9-12-2021;12;9;49;3;2;1;0
2021-12-09 03:00:00+01:00;8211;9-12-2021;12;9;49;3;3;1;0
2021-12-09 04:00:00+01:00;8212;9-12-2021;12;9;49;3;4;1;0
2021-12-09 05:00:00+01:00;8213;9-12-2021;12;9;49;3;5;1;0
2021-12-09 06:00:00+01:00;8214;9-12-2021;12;9;49;3;6;1;0
2021-12-09 07:00:00+01:00;8215;9-12-2021;12;9;49;3;7;1;0
2021-12-09 08:00:00+01:00;8216;9-12-2021;12;9;49;3;8;1;60
2021-12-09 09:00:00+01:00;8217;9-12-2021;12;9;49;3;9;1;60
2021-12-09 10:00:00+01:00;8218;9-12-2021;12;9;49;3;10;1;90
2021-12-09 11:00:00+01:00;8219;9-12-2021;12;9;49;3;11;1;90
2021-12-09 12:00:00+01:00;8220;9-12-2021;12;9;49;3;12;1;50
2021-12-09 13:00:00+01:00;8221;9-12-2021;12;9;49;3;13;1;50
2021-12-09 14:00:00+01:00;8222;9-12-2021;12;9;49;3;14;1;80
2021-12-09 15:00:00+01:00;8223;9-12-2021;12;9;49;3;15;1;80
2021-12-09 16:00:00+01:00;8224;9-12-2021;12;9;49;3;16;1;80
2021-12-09 17:00:00+01:00;8225;9-12-2021;12;9;49;3;17;1;50
2021-12-09 18:00:00+01:00;8226;9-12-2021;12;9;49;3;18;1;42
2021-12-09 19:00:00+01:00;8227;9-12-2021;12;9;49;3;19;1;33
2021-12-09 20:00:00+01:00;8228;9-12-2021;12;9;49;3;20;1;25
2021-12-09 21:00:00+01:00;8229;9-12-2021;12;9;49;3;21;1;17
2021-12-09 22:00:00+01:00;8230;9-12-2021;12;9;49;3;22;1;8
2021-12-09 23:00:00+01:00;8231;9-12-2021;12;9;49;3;23;1;0
2021-12-10 00:00:00+01:00;8232;10-12-2021;12;10;49;4;0;1;0
2021-12-10 01:00:00+01:00;8233;10-12-2021;12;10;49;4;1;1;0
2021-12-10 02:00:00+01:00;8234;10-12-2021;12;10;49;4;2;1;0
2021-12-10 03:00:00+01:00;8235;10-12-2021;12;10;49;4;3;1;0
2021-12-10 04:00:00+01:00;8236;10-12-2021;12;10;49;4;4;1;0
2021-12-10 05:00:00+01:00;8237;10-12-2021;12;10;49;4;5;1;0
2021-12-10 06:00:00+01:00;8238;10-12-2021;12;10;49;4;6;1;0
2021-12-10 07:00:00+01:00;8239;10-12-2021;12;10;49;4;7;1;0
2021-12-10 08:00:00+01:00;8240;10-12-2021;12;10;49;4;8;1;60
2021-12-10 09:00:00+01:00;8241;10-12-2021;12;10;49;4;9;1;60
2021-12-10 10:00:00+01:00;8242;10-12-2021;12;10;49;4;10;1;90
2021-12-10 11:00:00+01:00;8243;10-12-2021;12;10;49;4;11;1;90
2021-12-10 12:00:00+01:00;8244;10-12-2021;12;10;49;4;12;1;50
2021-12-10 13:00:00+01:00;8245;10-12-2021;12;10;49;4;13;1;50
2021-12-10 14:00:00+01:00;8246;10-12-2021;12;10;49;4;14;1;80
2021-12-10 15:00:00+01:00;8247;10-12-2021;12;10;49;4;15;1;80
2021-12-10 16:00:00+01:00;8248;10-12-2021;12;10;49;4;16;1;80
2021-12-10 17:00:00+01:00;8249;10-12-2021;12;10;49;4;17;1;50
2021-12-10 18:00:00+01:00;8250;10-12-2021;12;10;49;4;18;1;42
2021-12-10 19:00:00+01:00;8251;10-12-2021;12;10;49;4;19;1;33
2021-12-10 20:00:00+01:00;8252;10-12-2021;12;10;49;4;20;1;25
2021-12-10 21:00:00+01:00;8253;10-12-2021;12;10;49;4;21;1;17
2021-12-10 22:00:00+01:00;8254;10-12-2021;12;10;49;4;22;1;8
2021-12-10 23:00:00+01:00;8255;10-12-2021;12;10;49;4;23;1;0
2021-12-11 00:00:00+01:00;8256;11-12-2021;12;11;49;5;0;2;0
2021-12-11 01:00:00+01:00;8257;11-12-2021;12;11;49;5;1;2;0
2021-12-11 02:00:00+01:00;8258;11-12-2021;12;11;49;5;2;2;0
2021-12-11 03:00:00+01:00;8259;11-12-2021;12;11;49;5;3;2;0
2021-12-11 04:00:00+01:00;8260;11-12-2021;12;11;49;5;4;2;0
2021-12-11 05:00:00+01:00;8261;11-12-2021;12;11;49;5;5;2;0
2021-12-11 06:00:00+01:00;8262;11-12-2021;12;11;49;5;6;2;0
2021-12-11 07:00:00+01:00;8263;11-12-2021;12;11;49;5;7;2;0
2021-12-11 08:00:00+01:00;8264;11-12-2021;12;11;49;5;8;2;0
2021-12-11 09:00:00+01:00;8265;11-12-2021;12;11;49;5;9;2;0
2021-12-11 10:00:00+01:00;8266;11-12-2021;12;11;49;5;10;2;50
2021-12-11 11:00:00+01:00;8267;11-12-2021;12;11;49;5;11;2;50
2021-12-11 12:00:00+01:00;8268;11-12-2021;12;11;49;5;12;2;30
2021-12-11 13:00:00+01:00;8269;11-12-2021;12;11;49;5;13;2;30
2021-12-11 14:00:00+01:00;8270;11-12-2021;12;11;49;5;14;2;50
2021-12-11 15:00:00+01:00;8271;11-12-2021;12;11;49;5;15;2;50
2021-12-11 16:00:00+01:00;8272;11-12-2021;12;11;49;5;16;2;50
2021-12-11 17:00:00+01:00;8273;11-12-2021;12;11;49;5;17;2;0
2021-12-11 18:00:00+01:00;8274;11-12-2021;12;11;49;5;18;2;0
2021-12-11 19:00:00+01:00;8275;11-12-2021;12;11;49;5;19;2;0
2021-12-11 20:00:00+01:00;8276;11-12-2021;12;11;49;5;20;2;0
2021-12-11 21:00:00+01:00;8277;11-12-2021;12;11;49;5;21;2;0
2021-12-11 22:00:00+01:00;8278;11-12-2021;12;11;49;5;22;2;0
2021-12-11 23:00:00+01:00;8279;11-12-2021;12;11;49;5;23;2;0
2021-12-12 00:00:00+01:00;8280;12-12-2021;12;12;49;6;0;3;0
2021-12-12 01:00:00+01:00;8281;12-12-2021;12;12;49;6;1;3;0
2021-12-12 02:00:00+01:00;8282;12-12-2021;12;12;49;6;2;3;0
2021-12-12 03:00:00+01:00;8283;12-12-2021;12;12;49;6;3;3;0
2021-12-12 04:00:00+01:00;8284;12-12-2021;12;12;49;6;4;3;0
2021-12-12 05:00:00+01:00;8285;12-12-2021;12;12;49;6;5;3;0
2021-12-12 06:00:00+01:00;8286;12-12-2021;12;12;49;6;6;3;0
2021-12-12 07:00:00+01:00;8287;12-12-2021;12;12;49;6;7;3;0
2021-12-12 08:00:00+01:00;8288;12-12-2021;12;12;49;6;8;3;0
2021-12-12 09:00:00+01:00;8289;12-12-2021;12;12;49;6;9;3;0
2021-12-12 10:00:00+01:00;8290;12-12-2021;12;12;49;6;10;3;0
2021-12-12 11:00:00+01:00;8291;12-12-2021;12;12;49;6;11;3;0
2021-12-12 12:00:00+01:00;8292;12-12-2021;12;12;49;6;12;3;0
2021-12-12 13:00:00+01:00;8293;12-12-2021;12;12;49;6;13;3;0
2021-12-12 14:00:00+01:00;8294;12-12-2021;12;12;49;6;14;3;0
2021-12-12 15:00:00+01:00;8295;12-12-2021;12;12;49;6;15;3;0
2021-12-12 16:00:00+01:00;8296;12-12-2021;12;12;49;6;16;3;0
2021-12-12 17:00:00+01:00;8297;12-12-2021;12;12;49;6;17;3;0
2021-12-12 18:00:00+01:00;8298;12-12-2021;12;12;49;6;18;3;0
2021-12-12 19:00:00+01:00;8299;12-12-2021;12;12;49;6;19;3;0
2021-12-12 20:00:00+01:00;8300;12-12-2021;12;12;49;6;20;3;0
2021-12-12 21:00:00+01:00;8301;12-12-2021;12;12;49;6;21;3;0
2021-12-12 22:00:00+01:00;8302;12-12-2021;12;12;49;6;22;3;0
2021-12-12 23:00:00+01:00;8303;12-12-2021;12;12;49;6;23;3;0
2021-12-13 00:00:00+01:00;8304;13-12-2021;12;13;50;0;0;1;0
2021-12-13 01:00:00+01:00;8305;13-12-2021;12;13;50;0;1;1;0
2021-12-13 02:00:00+01:00;8306;13-12-2021;12;13;50;0;2;1;0
2021-12-13 03:00:00+01:00;8307;13-12-2021;12;13;50;0;3;1;0
2021-12-13 04:00:00+01:00;8308;13-12-2021;12;13;50;0;4;1;0
2021-12-13 05:00:00+01:00;8309;13-12-2021;12;13;50;0;5;1;0
2021-12-13 06:00:00+01:00;8310;13-12-2021;12;13;50;0;6;1;0
2021-12-13 07:00:00+01:00;8311;13-12-2021;12;13;50;0;7;1;0
2021-12-13 08:00:00+01:00;8312;13-12-2021;12;13;50;0;8;1;60
2021-12-13 09:00:00+01:00;8313;13-12-2021;12;13;50;0;9;1;60
2021-12-13 10:00:00+01:00;8314;13-12-2021;12;13;50;0;10;1;90
2021-12-13 11:00:00+01:00;8315;13-12-2021;12;13;50;0;11;1;90
2021-12-13 12:00:00+01:00;8316;13-12-2021;12;13;50;0;12;1;50
2021-12-13 13:00:00+01:00;8317;13-12-2021;12;13;50;0;13;1;50
2021-12-13 14:00:00+01:00;8318;13-12-2021;12;13;50;0;14;1;80
2021-12-13 15:00:00+01:00;8319;13-12-2021;12;13;50;0;15;1;80
2021-12-13 16:00:00+01:00;8320;13-12-2021;12;13;50;0;16;1;80
2021-12-13 17:00:00+01:00;8321;13-12-2021;12;13;50;0;17;1;50
2021-12-13 18:00:00+01:00;8322;13-12-2021;12;13;50;0;18;1;42
2021-12-13 19:00:00+01:00;8323;13-12-2021;12;13;50;0;19;1;33
2021-12-13 20:00:00+01:00;8324;13-12-2021;12;13;50;0;20;1;25
2021-12-13 21:00:00+01:00;8325;13-12-2021;12;13;50;0;21;1;17
2021-12-13 22:00:00+01:00;8326;13-12-2021;12;13;50;0;22;1;8
2021-12-13 23:00:00+01:00;8327;13-12-2021;12;13;50;0;23;1;0
2021-12-14 00:00:00+01:00;8328;14-12-2021;12;14;50;1;0;1;0
2021-12-14 01:00:00+01:00;8329;14-12-2021;12;14;50;1;1;1;0
2021-12-14 02:00:00+01:00;8330;14-12-2021;12;14;50;1;2;1;0
2021-12-14 03:00:00+01:00;8331;14-12-2021;12;14;50;1;3;1;0
2021-12-14 04:00:00+01:00;8332;14-12-2021;12;14;50;1;4;1;0
2021-12-14 05:00:00+01:00;8333;14-12-2021;12;14;50;1;5;1;0
2021-12-14 06:00:00+01:00;8334;14-12-2021;12;14;50;1;6;1;0
2021-12-14 07:00:00+01:00;8335;14-12-2021;12;14;50;1;7;1;0
2021-12-14 08:00:00+01:00;8336;14-12-2021;12;14;50;1;8;1;60
2021-12-14 09:00:00+01:00;8337;14-12-2021;12;14;50;1;9;1;60
2021-12-14 10:00:00+01:00;8338;14-12-2021;12;14;50;1;10;1;90
2021-12-14 11:00:00+01:00;8339;14-12-2021;12;14;50;1;11;1;90
2021-12-14 12:00:00+01:00;8340;14-12-2021;12;14;50;1;12;1;50
2021-12-14 13:00:00+01:00;8341;14-12-2021;12;14;50;1;13;1;50
2021-12-14 14:00:00+01:00;8342;14-12-2021;12;14;50;1;14;1;80
2021-12-14 15:00:00+01:00;8343;14-12-2021;12;14;50;1;15;1;80
2021-12-14 16:00:00+01:00;8344;14-12-2021;12;14;50;1;16;1;80
2021-12-14 17:00:00+01:00;8345;14-12-2021;12;14;50;1;17;1;50
2021-12-14 18:00:00+01:00;8346;14-12-2021;12;14;50;1;18;1;42
2021-12-14 19:00:00+01:00;8347;14-12-2021;12;14;50;1;19;1;33
2021-12-14 20:00:00+01:00;8348;14-12-2021;12;14;50;1;20;1;25
2021-12-14 21:00:00+01:00;8349;14-12-2021;12;14;50;1;21;1;17
2021-12-14 22:00:00+01:00;8350;14-12-2021;12;14;50;1;22;1;8
2021-12-14 23:00:00+01:00;8351;14-12-2021;12;14;50;1;23;1;0
2021-12-15 00:00:00+01:00;8352;15-12-2021;12;15;50;2;0;1;0
2021-12-15 01:00:00+01:00;8353;15-12-2021;12;15;50;2;1;1;0
2021-12-15 02:00:00+01:00;8354;15-12-2021;12;15;50;2;2;1;0
2021-12-15 03:00:00+01:00;8355;15-12-2021;12;15;50;2;3;1;0
2021-12-15 04:00:00+01:00;8356;15-12-2021;12;15;50;2;4;1;0
2021-12-15 05:00:00+01:00;8357;15-12-2021;12;15;50;2;5;1;0
2021-12-15 06:00:00+01:00;8358;15-12-2021;12;15;50;2;6;1;0
2021-12-15 07:00:00+01:00;8359;15-12-2021;12;15;50;2;7;1;0
2021-12-15 08:00:00+01:00;8360;15-12-2021;12;15;50;2;8;1;60
2021-12-15 09:00:00+01:00;8361;15-12-2021;12;15;50;2;9;1;60
2021-12-15 10:00:00+01:00;8362;15-12-2021;12;15;50;2;10;1;90
2021-12-15 11:00:00+01:00;8363;15-12-2021;12;15;50;2;11;1;90
2021-12-15 12:00:00+01:00;8364;15-12-2021;12;15;50;2;12;1;50
2021-12-15 13:00:00+01:00;8365;15-12-2021;12;15;50;2;13;1;50
2021-12-15 14:00:00+01:00;8366;15-12-2021;12;15;50;2;14;1;80
2021-12-15 15:00:00+01:00;8367;15-12-2021;12;15;50;2;15;1;80
2021-12-15 16:00:00+01:00;8368;15-12-2021;12;15;50;2;16;1;80
2021-12-15 17:00:00+01:00;8369;15-12-2021;12;15;50;2;17;1;50
2021-12-15 18:00:00+01:00;8370;15-12-2021;12;15;50;2;18;1;42
2021-12-15 19:00:00+01:00;8371;15-12-2021;12;15;50;2;19;1;33
2021-12-15 20:00:00+01:00;8372;15-12-2021;12;15;50;2;20;1;25
2021-12-15 21:00:00+01:00;8373;15-12-2021;12;15;50;2;21;1;17
2021-12-15 22:00:00+01:00;8374;15-12-2021;12;15;50;2;22;1;8
2021-12-15 23:00:00+01:00;8375;15-12-2021;12;15;50;2;23;1;0
2021-12-16 00:00:00+01:00;8376;16-12-2021;12;16;50;3;0;1;0
2021-12-16 01:00:00+01:00;8377;16-12-2021;12;16;50;3;1;1;0
2021-12-16 02:00:00+01:00;8378;16-12-2021;12;16;50;3;2;1;0
2021-12-16 03:00:00+01:00;8379;16-12-2021;12;16;50;3;3;1;0
2021-12-16 04:00:00+01:00;8380;16-12-2021;12;16;50;3;4;1;0
2021-12-16 05:00:00+01:00;8381;16-12-2021;12;16;50;3;5;1;0
2021-12-16 06:00:00+01:00;8382;16-12-2021;12;16;50;3;6;1;0
2021-12-16 07:00:00+01:00;8383;16-12-2021;12;16;50;3;7;1;0
2021-12-16 08:00:00+01:00;8384;16-12-2021;12;16;50;3;8;1;60
2021-12-16 09:00:00+01:00;8385;16-12-2021;12;16;50;3;9;1;60
2021-12-16 10:00:00+01:00;8386;16-12-2021;12;16;50;3;10;1;90
2021-12-16 11:00:00+01:00;8387;16-12-2021;12;16;50;3;11;1;90
2021-12-16 12:00:00+01:00;8388;16-12-2021;12;16;50;3;12;1;50
2021-12-16 13:00:00+01:00;8389;16-12-2021;12;16;50;3;13;1;50
2021-12-16 14:00:00+01:00;8390;16-12-2021;12;16;50;3;14;1;80
2021-12-16 15:00:00+01:00;8391;16-12-2021;12;16;50;3;15;1;80
2021-12-16 16:00:00+01:00;8392;16-12-2021;12;16;50;3;16;1;80
2021-12-16 17:00:00+01:00;8393;16-12-2021;12;16;50;3;17;1;50
2021-12-16 18:00:00+01:00;8394;16-12-2021;12;16;50;3;18;1;42
2021-12-16 19:00:00+01:00;8395;16-12-2021;12;16;50;3;19;1;33
2021-12-16 20:00:00+01:00;8396;16-12-2021;12;16;50;3;20;1;25
2021-12-16 21:00:00+01:00;8397;16-12-2021;12;16;50;3;21;1;17
2021-12-16 22:00:00+01:00;8398;16-12-2021;12;16;50;3;22;1;8
2021-12-16 23:00:00+01:00;8399;16-12-2021;12;16;50;3;23;1;0
2021-12-17 00:00:00+01:00;8400;17-12-2021;12;17;50;4;0;1;0
2021-12-17 01:00:00+01:00;8401;17-12-2021;12;17;50;4;1;1;0
2021-12-17 02:00:00+01:00;8402;17-12-2021;12;17;50;4;2;1;0
2021-12-17 03:00:00+01:00;8403;17-12-2021;12;17;50;4;3;1;0
2021-12-17 04:00:00+01:00;8404;17-12-2021;12;17;50;4;4;1;0
2021-12-17 05:00:00+01:00;8405;17-12-2021;12;17;50;4;5;1;0
2021-12-17 06:00:00+01:00;8406;17-12-2021;12;17;50;4;6;1;0
2021-12-17 07:00:00+01:00;8407;17-12-2021;12;17;50;4;7;1;0
2021-12-17 08:00:00+01:00;8408;17-12-2021;12;17;50;4;8;1;60
2021-12-17 09:00:00+01:00;8409;17-12-2021;12;17;50;4;9;1;60
2021-12-17 10:00:00+01:00;8410;17-12-2021;12;17;50;4;10;1;90
2021-12-17 11:00:00+01:00;8411;17-12-2021;12;17;50;4;11;1;90
2021-12-17 12:00:00+01:00;8412;17-12-2021;12;17;50;4;12;1;50
2021-12-17 13:00:00+01:00;8413;17-12-2021;12;17;50;4;13;1;50
2021-12-17 14:00:00+01:00;8414;17-12-2021;12;17;50;4;14;1;80
2021-12-17 15:00:00+01:00;8415;17-12-2021;12;17;50;4;15;1;80
2021-12-17 16:00:00+01:00;8416;17-12-2021;12;17;50;4;16;1;80
2021-12-17 17:00:00+01:00;8417;17-12-2021;12;17;50;4;17;1;50
2021-12-17 18:00:00+01:00;8418;17-12-2021;12;17;50;4;18;1;42
2021-12-17 19:00:00+01:00;8419;17-12-2021;12;17;50;4;19;1;33
2021-12-17 20:00:00+01:00;8420;17-12-2021;12;17;50;4;20;1;25
2021-12-17 21:00:00+01:00;8421;17-12-2021;12;17;50;4;21;1;17
2021-12-17 22:00:00+01:00;8422;17-12-2021;12;17;50;4;22;1;8
2021-12-17 23:00:00+01:00;8423;17-12-2021;12;17;50;4;23;1;0
2021-12-18 00:00:00+01:00;8424;18-12-2021;12;18;50;5;0;2;0
2021-12-18 01:00:00+01:00;8425;18-12-2021;12;18;50;5;1;2;0
2021-12-18 02:00:00+01:00;8426;18-12-2021;12;18;50;5;2;2;0
2021-12-18 03:00:00+01:00;8427;18-12-2021;12;18;50;5;3;2;0
2021-12-18 04:00:00+01:00;8428;18-12-2021;12;18;50;5;4;2;0
2021-12-18 05:00:00+01:00;8429;18-12-2021;12;18;50;5;5;2;0
2021-12-18 06:00:00+01:00;8430;18-12-2021;12;18;50;5;6;2;0
2021-12-18 07:00:00+01:00;8431;18-12-2021;12;18;50;5;7;2;0
2021-12-18 08:00:00+01:00;8432;18-12-2021;12;18;50;5;8;2;0
2021-12-18 09:00:00+01:00;8433;18-12-2021;12;18;50;5;9;2;0
2021-12-18 10:00:00+01:00;8434;18-12-2021;12;18;50;5;10;2;50
2021-12-18 11:00:00+01:00;8435;18-12-2021;12;18;50;5;11;2;50
2021-12-18 12:00:00+01:00;8436;18-12-2021;12;18;50;5;12;2;30
2021-12-18 13:00:00+01:00;8437;18-12-2021;12;18;50;5;13;2;30
2021-12-18 14:00:00+01:00;8438;18-12-2021;12;18;50;5;14;2;50
2021-12-18 15:00:00+01:00;8439;18-12-2021;12;18;50;5;15;2;50
2021-12-18 16:00:00+01:00;8440;18-12-2021;12;18;50;5;16;2;50
2021-12-18 17:00:00+01:00;8441;18-12-2021;12;18;50;5;17;2;0
2021-12-18 18:00:00+01:00;8442;18-12-2021;12;18;50;5;18;2;0
2021-12-18 19:00:00+01:00;8443;18-12-2021;12;18;50;5;19;2;0
2021-12-18 20:00:00+01:00;8444;18-12-2021;12;18;50;5;20;2;0
2021-12-18 21:00:00+01:00;8445;18-12-2021;12;18;50;5;21;2;0
2021-12-18 22:00:00+01:00;8446;18-12-2021;12;18;50;5;22;2;0
2021-12-18 23:00:00+01:00;8447;18-12-2021;12;18;50;5;23;2;0
2021-12-19 00:00:00+01:00;8448;19-12-2021;12;19;50;6;0;3;0
2021-12-19 01:00:00+01:00;8449;19-12-2021;12;19;50;6;1;3;0
2021-12-19 02:00:00+01:00;8450;19-12-2021;12;19;50;6;2;3;0
2021-12-19 03:00:00+01:00;8451;19-12-2021;12;19;50;6;3;3;0
2021-12-19 04:00:00+01:00;8452;19-12-2021;12;19;50;6;4;3;0
2021-12-19 05:00:00+01:00;8453;19-12-2021;12;19;50;6;5;3;0
2021-12-19 06:00:00+01:00;8454;19-12-2021;12;19;50;6;6;3;0
2021-12-19 07:00:00+01:00;8455;19-12-2021;12;19;50;6;7;3;0
2021-12-19 08:00:00+01:00;8456;19-12-2021;12;19;50;6;8;3;0
2021-12-19 09:00:00+01:00;8457;19-12-2021;12;19;50;6;9;3;0
2021-12-19 10:00:00+01:00;8458;19-12-2021;12;19;50;6;10;3;0
2021-12-19 11:00:00+01:00;8459;19-12-2021;12;19;50;6;11;3;0
2021-12-19 12:00:00+01:00;8460;19-12-2021;12;19;50;6;12;3;0
2021-12-19 13:00:00+01:00;8461;19-12-2021;12;19;50;6;13;3;0
2021-12-19 14:00:00+01:00;8462;19-12-2021;12;19;50;6;14;3;0
2021-12-19 15:00:00+01:00;8463;19-12-2021;12;19;50;6;15;3;0
2021-12-19 16:00:00+01:00;8464;19-12-2021;12;19;50;6;16;3;0
2021-12-19 17:00:00+01:00;8465;19-12-2021;12;19;50;6;17;3;0
2021-12-19 18:00:00+01:00;8466;19-12-2021;12;19;50;6;18;3;0
2021-12-19 19:00:00+01:00;8467;19-12-2021;12;19;50;6;19;3;0
2021-12-19 20:00:00+01:00;8468;19-12-2021;12;19;50;6;20;3;0
2021-12-19 21:00:00+01:00;8469;19-12-2021;12;19;50;6;21;3;0
2021-12-19 22:00:00+01:00;8470;19-12-2021;12;19;50;6;22;3;0
2021-12-19 23:00:00+01:00;8471;19-12-2021;12;19;50;6;23;3;0
2021-12-20 00:00:00+01:00;8472;20-12-2021;12;20;51;0;0;1;0
2021-12-20 01:00:00+01:00;8473;20-12-2021;12;20;51;0;1;1;0
2021-12-20 02:00:00+01:00;8474;20-12-2021;12;20;51;0;2;1;0
2021-12-20 03:00:00+01:00;8475;20-12-2021;12;20;51;0;3;1;0
2021-12-20 04:00:00+01:00;8476;20-12-2021;12;20;51;0;4;1;0
2021-12-20 05:00:00+01:00;8477;20-12-2021;12;20;51;0;5;1;0
2021-12-20 06:00:00+01:00;8478;20-12-2021;12;20;51;0;6;1;0
2021-12-20 07:00:00+01:00;8479;20-12-2021;12;20;51;0;7;1;0
2021-12-20 08:00:00+01:00;8480;20-12-2021;12;20;51;0;8;1;60
2021-12-20 09:00:00+01:00;8481;20-12-2021;12;20;51;0;9;1;60
2021-12-20 10:00:00+01:00;8482;20-12-2021;12;20;51;0;10;1;90
2021-12-20 11:00:00+01:00;8483;20-12-2021;12;20;51;0;11;1;90
2021-12-20 12:00:00+01:00;8484;20-12-2021;12;20;51;0;12;1;50
2021-12-20 13:00:00+01:00;8485;20-12-2021;12;20;51;0;13;1;50
2021-12-20 14:00:00+01:00;8486;20-12-2021;12;20;51;0;14;1;80
2021-12-20 15:00:00+01:00;8487;20-12-2021;12;20;51;0;15;1;80
2021-12-20 16:00:00+01:00;8488;20-12-2021;12;20;51;0;16;1;80
2021-12-20 17:00:00+01:00;8489;20-12-2021;12;20;51;0;17;1;50
2021-12-20 18:00:00+01:00;8490;20-12-2021;12;20;51;0;18;1;42
2021-12-20 19:00:00+01:00;8491;20-12-2021;12;20;51;0;19;1;33
2021-12-20 20:00:00+01:00;8492;20-12-2021;12;20;51;0;20;1;25
2021-12-20 21:00:00+01:00;8493;20-12-2021;12;20;51;0;21;1;17
2021-12-20 22:00:00+01:00;8494;20-12-2021;12;20;51;0;22;1;8
2021-12-20 23:00:00+01:00;8495;20-12-2021;12;20;51;0;23;1;0
2021-12-21 00:00:00+01:00;8496;21-12-2021;12;21;51;1;0;1;0
2021-12-21 01:00:00+01:00;8497;21-12-2021;12;21;51;1;1;1;0
2021-12-21 02:00:00+01:00;8498;21-12-2021;12;21;51;1;2;1;0
2021-12-21 03:00:00+01:00;8499;21-12-2021;12;21;51;1;3;1;0
2021-12-21 04:00:00+01:00;8500;21-12-2021;12;21;51;1;4;1;0
2021-12-21 05:00:00+01:00;8501;21-12-2021;12;21;51;1;5;1;0
2021-12-21 06:00:00+01:00;8502;21-12-2021;12;21;51;1;6;1;0
2021-12-21 07:00:00+01:00;8503;21-12-2021;12;21;51;1;7;1;0
2021-12-21 08:00:00+01:00;8504;21-12-2021;12;21;51;1;8;1;60
2021-12-21 09:00:00+01:00;8505;21-12-2021;12;21;51;1;9;1;60
2021-12-21 10:00:00+01:00;8506;21-12-2021;12;21;51;1;10;1;90
2021-12-21 11:00:00+01:00;8507;21-12-2021;12;21;51;1;11;1;90
2021-12-21 12:00:00+01:00;8508;21-12-2021;12;21;51;1;12;1;50
2021-12-21 13:00:00+01:00;8509;21-12-2021;12;21;51;1;13;1;50
2021-12-21 14:00:00+01:00;8510;21-12-2021;12;21;51;1;14;1;80
2021-12-21 15:00:00+01:00;8511;21-12-2021;12;21;51;1;15;1;80
2021-12-21 16:00:00+01:00;8512;21-12-2021;12;21;51;1;16;1;80
2021-12-21 17:00:00+01:00;8513;21-12-2021;12;21;51;1;17;1;50
2021-12-21 18:00:00+01:00;8514;21-12-2021;12;21;51;1;18;1;42
2021-12-21 19:00:00+01:00;8515;21-12-2021;12;21;51;1;19;1;33
2021-12-21 20:00:00+01:00;8516;21-12-2021;12;21;51;1;20;1;25
2021-12-21 21:00:00+01:00;8517;21-12-2021;12;21;51;1;21;1;17
2021-12-21 22:00:00+01:00;8518;21-12-2021;12;21;51;1;22;1;8
2021-12-21 23:00:00+01:00;8519;21-12-2021;12;21;51;1;23;1;0
2021-12-22 00:00:00+01:00;8520;22-12-2021;12;22;51;2;0;1;0
2021-12-22 01:00:00+01:00;8521;22-12-2021;12;22;51;2;1;1;0
2021-12-22 02:00:00+01:00;8522;22-12-2021;12;22;51;2;2;1;0
2021-12-22 03:00:00+01:00;8523;22-12-2021;12;22;51;2;3;1;0
2021-12-22 04:00:00+01:00;8524;22-12-2021;12;22;51;2;4;1;0
2021-12-22 05:00:00+01:00;8525;22-12-2021;12;22;51;2;5;1;0
2021-12-22 06:00:00+01:00;8526;22-12-2021;12;22;51;2;6;1;0
2021-12-22 07:00:00+01:00;8527;22-12-2021;12;22;51;2;7;1;0
2021-12-22 08:00:00+01:00;8528;22-12-2021;12;22;51;2;8;1;60
2021-12-22 09:00:00+01:00;8529;22-12-2021;12;22;51;2;9;1;60
2021-12-22 10:00:00+01:00;8530;22-12-2021;12;22;51;2;10;1;90
2021-12-22 11:00:00+01:00;8531;22-12-2021;12;22;51;2;11;1;90
2021-12-22 12:00:00+01:00;8532;22-12-2021;12;22;51;2;12;1;50
2021-12-22 13:00:00+01:00;8533;22-12-2021;12;22;51;2;13;1;50
2021-12-22 14:00:00+01:00;8534;22-12-2021;12;22;51;2;14;1;80
2021-12-22 15:00:00+01:00;8535;22-12-2021;12;22;51;2;15;1;80
2021-12-22 16:00:00+01:00;8536;22-12-2021;12;22;51;2;16;1;80
2021-12-22 17:00:00+01:00;8537;22-12-2021;12;22;51;2;17;1;50
2021-12-22 18:00:00+01:00;8538;22-12-2021;12;22;51;2;18;1;42
2021-12-22 19:00:00+01:00;8539;22-12-2021;12;22;51;2;19;1;33
2021-12-22 20:00:00+01:00;8540;22-12-2021;12;22;51;2;20;1;25
2021-12-22 21:00:00+01:00;8541;22-12-2021;12;22;51;2;21;1;17
2021-12-22 22:00:00+01:00;8542;22-12-2021;12;22;51;2;22;1;8
2021-12-22 23:00:00+01:00;8543;22-12-2021;12;22;51;2;23;1;0
2021-12-23 00:00:00+01:00;8544;23-12-2021;12;23;51;3;0;1;0
2021-12-23 01:00:00+01:00;8545;23-12-2021;12;23;51;3;1;1;0
2021-12-23 02:00:00+01:00;8546;23-12-2021;12;23;51;3;2;1;0
2021-12-23 03:00:00+01:00;8547;23-12-2021;12;23;51;3;3;1;0
2021-12-23 04:00:00+01:00;8548;23-12-2021;12;23;51;3;4;1;0
2021-12-23 05:00:00+01:00;8549;23-12-2021;12;23;51;3;5;1;0
2021-12-23 06:00:00+01:00;8550;23-12-2021;12;23;51;3;6;1;0
2021-12-23 07:00:00+01:00;8551;23-12-2021;12;23;51;3;7;1;0
2021-12-23 08:00:00+01:00;8552;23-12-2021;12;23;51;3;8;1;60
2021-12-23 09:00:00+01:00;8553;23-12-2021;12;23;51;3;9;1;60
2021-12-23 10:00:00+01:00;8554;23-12-2021;12;23;51;3;10;1;90
2021-12-23 11:00:00+01:00;8555;23-12-2021;12;23;51;3;11;1;90
2021-12-23 12:00:00+01:00;8556;23-12-2021;12;23;51;3;12;1;50
2021-12-23 13:00:00+01:00;8557;23-12-2021;12;23;51;3;13;1;50
2021-12-23 14:00:00+01:00;8558;23-12-2021;12;23;51;3;14;1;80
2021-12-23 15:00:00+01:00;8559;23-12-2021;12;23;51;3;15;1;80
2021-12-23 16:00:00+01:00;8560;23-12-2021;12;23;51;3;16;1;80
2021-12-23 17:00:00+01:00;8561;23-12-2021;12;23;51;3;17;1;50
2021-12-23 18:00:00+01:00;8562;23-12-2021;12;23;51;3;18;1;42
2021-12-23 19:00:00+01:00;8563;23-12-2021;12;23;51;3;19;1;33
2021-12-23 20:00:00+01:00;8564;23-12-2021;12;23;51;3;20;1;25
2021-12-23 21:00:00+01:00;8565;23-12-2021;12;23;51;3;21;1;17
2021-12-23 22:00:00+01:00;8566;23-12-2021;12;23;51;3;22;1;8
2021-12-23 23:00:00+01:00;8567;23-12-2021;12;23;51;3;23;1;0
2021-12-24 00:00:00+01:00;8568;24-12-2021;12;24;51;4;0;1;0
2021-12-24 01:00:00+01:00;8569;24-12-2021;12;24;51;4;1;1;0
2021-12-24 02:00:00+01:00;8570;24-12-2021;12;24;51;4;2;1;0
2021-12-24 03:00:00+01:00;8571;24-12-2021;12;24;51;4;3;1;0
2021-12-24 04:00:00+01:00;8572;24-12-2021;12;24;51;4;4;1;0
2021-12-24 05:00:00+01:00;8573;24-12-2021;12;24;51;4;5;1;0
2021-12-24 06:00:00+01:00;8574;24-12-2021;12;24;51;4;6;1;0
2021-12-24 07:00:00+01:00;8575;24-12-2021;12;24;51;4;7;1;0
2021-12-24 08:00:00+01:00;8576;24-12-2021;12;24;51;4;8;1;60
2021-12-24 09:00:00+01:00;8577;24-12-2021;12;24;51;4;9;1;60
2021-12-24 10:00:00+01:00;8578;24-12-2021;12;24;51;4;10;1;90
2021-12-24 11:00:00+01:00;8579;24-12-2021;12;24;51;4;11;1;90
2021-12-24 12:00:00+01:00;8580;24-12-2021;12;24;51;4;12;1;50
2021-12-24 13:00:00+01:00;8581;24-12-2021;12;24;51;4;13;1;50
2021-12-24 14:00:00+01:00;8582;24-12-2021;12;24;51;4;14;1;80
2021-12-24 15:00:00+01:00;8583;24-12-2021;12;24;51;4;15;1;80
2021-12-24 16:00:00+01:00;8584;24-12-2021;12;24;51;4;16;1;80
2021-12-24 17:00:00+01:00;8585;24-12-2021;12;24;51;4;17;1;50
2021-12-24 18:00:00+01:00;8586;24-12-2021;12;24;51;4;18;1;42
2021-12-24 19:00:00+01:00;8587;24-12-2021;12;24;51;4;19;1;33
2021-12-24 20:00:00+01:00;8588;24-12-2021;12;24;51;4;20;1;25
2021-12-24 21:00:00+01:00;8589;24-12-2021;12;24;51;4;21;1;17
2021-12-24 22:00:00+01:00;8590;24-12-2021;12;24;51;4;22;1;8
2021-12-24 23:00:00+01:00;8591;24-12-2021;12;24;51;4;23;1;0
2021-12-25 00:00:00+01:00;8592;25-12-2021;12;25;51;5;0;2;0
2021-12-25 01:00:00+01:00;8593;25-12-2021;12;25;51;5;1;2;0
2021-12-25 02:00:00+01:00;8594;25-12-2021;12;25;51;5;2;2;0
2021-12-25 03:00:00+01:00;8595;25-12-2021;12;25;51;5;3;2;0
2021-12-25 04:00:00+01:00;8596;25-12-2021;12;25;51;5;4;2;0
2021-12-25 05:00:00+01:00;8597;25-12-2021;12;25;51;5;5;2;0
2021-12-25 06:00:00+01:00;8598;25-12-2021;12;25;51;5;6;2;0
2021-12-25 07:00:00+01:00;8599;25-12-2021;12;25;51;5;7;2;0
2021-12-25 08:00:00+01:00;8600;25-12-2021;12;25;51;5;8;2;0
2021-12-25 09:00:00+01:00;8601;25-12-2021;12;25;51;5;9;2;0
2021-12-25 10:00:00+01:00;8602;25-12-2021;12;25;51;5;10;2;50
2021-12-25 11:00:00+01:00;8603;25-12-2021;12;25;51;5;11;2;50
2021-12-25 12:00:00+01:00;8604;25-12-2021;12;25;51;5;12;2;30
2021-12-25 13:00:00+01:00;8605;25-12-2021;12;25;51;5;13;2;30
2021-12-25 14:00:00+01:00;8606;25-12-2021;12;25;51;5;14;2;50
2021-12-25 15:00:00+01:00;8607;25-12-2021;12;25;51;5;15;2;50
2021-12-25 16:00:00+01:00;8608;25-12-2021;12;25;51;5;16;2;50
2021-12-25 17:00:00+01:00;8609;25-12-2021;12;25;51;5;17;2;0
2021-12-25 18:00:00+01:00;8610;25-12-2021;12;25;51;5;18;2;0
2021-12-25 19:00:00+01:00;8611;25-12-2021;12;25;51;5;19;2;0
2021-12-25 20:00:00+01:00;8612;25-12-2021;12;25;51;5;20;2;0
2021-12-25 21:00:00+01:00;8613;25-12-2021;12;25;51;5;21;2;0
2021-12-25 22:00:00+01:00;8614;25-12-2021;12;25;51;5;22;2;0
2021-12-25 23:00:00+01:00;8615;25-12-2021;12;25;51;5;23;2;0
2021-12-26 00:00:00+01:00;8616;26-12-2021;12;26;51;6;0;3;0
2021-12-26 01:00:00+01:00;8617;26-12-2021;12;26;51;6;1;3;0
2021-12-26 02:00:00+01:00;8618;26-12-2021;12;26;51;6;2;3;0
2021-12-26 03:00:00+01:00;8619;26-12-2021;12;26;51;6;3;3;0
2021-12-26 04:00:00+01:00;8620;26-12-2021;12;26;51;6;4;3;0
2021-12-26 05:00:00+01:00;8621;26-12-2021;12;26;51;6;5;3;0
2021-12-26 06:00:00+01:00;8622;26-12-2021;12;26;51;6;6;3;0
2021-12-26 07:00:00+01:00;8623;26-12-2021;12;26;51;6;7;3;0
2021-12-26 08:00:00+01:00;8624;26-12-2021;12;26;51;6;8;3;0
2021-12-26 09:00:00+01:00;8625;26-12-2021;12;26;51;6;9;3;0
2021-12-26 10:00:00+01:00;8626;26-12-2021;12;26;51;6;10;3;0
2021-12-26 11:00:00+01:00;8627;26-12-2021;12;26;51;6;11;3;0
2021-12-26 12:00:00+01:00;8628;26-12-2021;12;26;51;6;12;3;0
2021-12-26 13:00:00+01:00;8629;26-12-2021;12;26;51;6;13;3;0
2021-12-26 14:00:00+01:00;8630;26-12-2021;12;26;51;6;14;3;0
2021-12-26 15:00:00+01:00;8631;26-12-2021;12;26;51;6;15;3;0
2021-12-26 16:00:00+01:00;8632;26-12-2021;12;26;51;6;16;3;0
2021-12-26 17:00:00+01:00;8633;26-12-2021;12;26;51;6;17;3;0
2021-12-26 18:00:00+01:00;8634;26-12-2021;12;26;51;6;18;3;0
2021-12-26 19:00:00+01:00;8635;26-12-2021;12;26;51;6;19;3;0
2021-12-26 20:00:00+01:00;8636;26-12-2021;12;26;51;6;20;3;0
2021-12-26 21:00:00+01:00;8637;26-12-2021;12;26;51;6;21;3;0
2021-12-26 22:00:00+01:00;8638;26-12-2021;12;26;51;6;22;3;0
2021-12-26 23:00:00+01:00;8639;26-12-2021;12;26;51;6;23;3;0
2021-12-27 00:00:00+01:00;8640;27-12-2021;12;27;52;0;0;3;0
2021-12-27 01:00:00+01:00;8641;27-12-2021;12;27;52;0;1;3;0
2021-12-27 02:00:00+01:00;8642;27-12-2021;12;27;52;0;2;3;0
2021-12-27 03:00:00+01:00;8643;27-12-2021;12;27;52;0;3;3;0
2021-12-27 04:00:00+01:00;8644;27-12-2021;12;27;52;0;4;3;0
2021-12-27 05:00:00+01:00;8645;27-12-2021;12;27;52;0;5;3;0
2021-12-27 06:00:00+01:00;8646;27-12-2021;12;27;52;0;6;3;0
2021-12-27 07:00:00+01:00;8647;27-12-2021;12;27;52;0;7;3;0
2021-12-27 08:00:00+01:00;8648;27-12-2021;12;27;52;0;8;3;0
2021-12-27 09:00:00+01:00;8649;27-12-2021;12;27;52;0;9;3;0
2021-12-27 10:00:00+01:00;8650;27-12-2021;12;27;52;0;10;3;0
2021-12-27 11:00:00+01:00;8651;27-12-2021;12;27;52;0;11;3;0
2021-12-27 12:00:00+01:00;8652;27-12-2021;12;27;52;0;12;3;0
2021-12-27 13:00:00+01:00;8653;27-12-2021;12;27;52;0;13;3;0
2021-12-27 14:00:00+01:00;8654;27-12-2021;12;27;52;0;14;3;0
2021-12-27 15:00:00+01:00;8655;27-12-2021;12;27;52;0;15;3;0
2021-12-27 16:00:00+01:00;8656;27-12-2021;12;27;52;0;16;3;0
2021-12-27 17:00:00+01:00;8657;27-12-2021;12;27;52;0;17;3;0
2021-12-27 18:00:00+01:00;8658;27-12-2021;12;27;52;0;18;3;0
2021-12-27 19:00:00+01:00;8659;27-12-2021;12;27;52;0;19;3;0
2021-12-27 20:00:00+01:00;8660;27-12-2021;12;27;52;0;20;3;0
2021-12-27 21:00:00+01:00;8661;27-12-2021;12;27;52;0;21;3;0
2021-12-27 22:00:00+01:00;8662;27-12-2021;12;27;52;0;22;3;0
2021-12-27 23:00:00+01:00;8663;27-12-2021;12;27;52;0;23;3;0
2021-12-28 00:00:00+01:00;8664;28-12-2021;12;28;52;1;0;3;0
2021-12-28 01:00:00+01:00;8665;28-12-2021;12;28;52;1;1;3;0
2021-12-28 02:00:00+01:00;8666;28-12-2021;12;28;52;1;2;3;0
2021-12-28 03:00:00+01:00;8667;28-12-2021;12;28;52;1;3;3;0
2021-12-28 04:00:00+01:00;8668;28-12-2021;12;28;52;1;4;3;0
2021-12-28 05:00:00+01:00;8669;28-12-2021;12;28;52;1;5;3;0
2021-12-28 06:00:00+01:00;8670;28-12-2021;12;28;52;1;6;3;0
2021-12-28 07:00:00+01:00;8671;28-12-2021;12;28;52;1;7;3;0
2021-12-28 08:00:00+01:00;8672;28-12-2021;12;28;52;1;8;3;0
2021-12-28 09:00:00+01:00;8673;28-12-2021;12;28;52;1;9;3;0
2021-12-28 10:00:00+01:00;8674;28-12-2021;12;28;52;1;10;3;0
2021-12-28 11:00:00+01:00;8675;28-12-2021;12;28;52;1;11;3;0
2021-12-28 12:00:00+01:00;8676;28-12-2021;12;28;52;1;12;3;0
2021-12-28 13:00:00+01:00;8677;28-12-2021;12;28;52;1;13;3;0
2021-12-28 14:00:00+01:00;8678;28-12-2021;12;28;52;1;14;3;0
2021-12-28 15:00:00+01:00;8679;28-12-2021;12;28;52;1;15;3;0
2021-12-28 16:00:00+01:00;8680;28-12-2021;12;28;52;1;16;3;0
2021-12-28 17:00:00+01:00;8681;28-12-2021;12;28;52;1;17;3;0
2021-12-28 18:00:00+01:00;8682;28-12-2021;12;28;52;1;18;3;0
2021-12-28 19:00:00+01:00;8683;28-12-2021;12;28;52;1;19;3;0
2021-12-28 20:00:00+01:00;8684;28-12-2021;12;28;52;1;20;3;0
2021-12-28 21:00:00+01:00;8685;28-12-2021;12;28;52;1;21;3;0
2021-12-28 22:00:00+01:00;8686;28-12-2021;12;28;52;1;22;3;0
2021-12-28 23:00:00+01:00;8687;28-12-2021;12;28;52;1;23;3;0
2021-12-29 00:00:00+01:00;8688;29-12-2021;12;29;52;2;0;3;0
2021-12-29 01:00:00+01:00;8689;29-12-2021;12;29;52;2;1;3;0
2021-12-29 02:00:00+01:00;8690;29-12-2021;12;29;52;2;2;3;0
2021-12-29 03:00:00+01:00;8691;29-12-2021;12;29;52;2;3;3;0
2021-12-29 04:00:00+01:00;8692;29-12-2021;12;29;52;2;4;3;0
2021-12-29 05:00:00+01:00;8693;29-12-2021;12;29;52;2;5;3;0
2021-12-29 06:00:00+01:00;8694;29-12-2021;12;29;52;2;6;3;0
2021-12-29 07:00:00+01:00;8695;29-12-2021;12;29;52;2;7;3;0
2021-12-29 08:00:00+01:00;8696;29-12-2021;12;29;52;2;8;3;0
2021-12-29 09:00:00+01:00;8697;29-12-2021;12;29;52;2;9;3;0
2021-12-29 10:00:00+01:00;8698;29-12-2021;12;29;52;2;10;3;0
2021-12-29 11:00:00+01:00;8699;29-12-2021;12;29;52;2;11;3;0
2021-12-29 12:00:00+01:00;8700;29-12-2021;12;29;52;2;12;3;0
2021-12-29 13:00:00+01:00;8701;29-12-2021;12;29;52;2;13;3;0
2021-12-29 14:00:00+01:00;8702;29-12-2021;12;29;52;2;14;3;0
2021-12-29 15:00:00+01:00;8703;29-12-2021;12;29;52;2;15;3;0
2021-12-29 16:00:00+01:00;8704;29-12-2021;12;29;52;2;16;3;0
2021-12-29 17:00:00+01:00;8705;29-12-2021;12;29;52;2;17;3;0
2021-12-29 18:00:00+01:00;8706;29-12-2021;12;29;52;2;18;3;0
2021-12-29 19:00:00+01:00;8707;29-12-2021;12;29;52;2;19;3;0
2021-12-29 20:00:00+01:00;8708;29-12-2021;12;29;52;2;20;3;0
2021-12-29 21:00:00+01:00;8709;29-12-2021;12;29;52;2;21;3;0
2021-12-29 22:00:00+01:00;8710;29-12-2021;12;29;52;2;22;3;0
2021-12-29 23:00:00+01:00;8711;29-12-2021;12;29;52;2;23;3;0
2021-12-30 00:00:00+01:00;8712;30-12-2021;12;30;52;3;0;3;0
2021-12-30 01:00:00+01:00;8713;30-12-2021;12;30;52;3;1;3;0
2021-12-30 02:00:00+01:00;8714;30-12-2021;12;30;52;3;2;3;0
2021-12-30 03:00:00+01:00;8715;30-12-2021;12;30;52;3;3;3;0
2021-12-30 04:00:00+01:00;8716;30-12-2021;12;30;52;3;4;3;0
2021-12-30 05:00:00+01:00;8717;30-12-2021;12;30;52;3;5;3;0
2021-12-30 06:00:00+01:00;8718;30-12-2021;12;30;52;3;6;3;0
2021-12-30 07:00:00+01:00;8719;30-12-2021;12;30;52;3;7;3;0
2021-12-30 08:00:00+01:00;8720;30-12-2021;12;30;52;3;8;3;0
2021-12-30 09:00:00+01:00;8721;30-12-2021;12;30;52;3;9;3;0
2021-12-30 10:00:00+01:00;8722;30-12-2021;12;30;52;3;10;3;0
2021-12-30 11:00:00+01:00;8723;30-12-2021;12;30;52;3;11;3;0
2021-12-30 12:00:00+01:00;8724;30-12-2021;12;30;52;3;12;3;0
2021-12-30 13:00:00+01:00;8725;30-12-2021;12;30;52;3;13;3;0
2021-12-30 14:00:00+01:00;8726;30-12-2021;12;30;52;3;14;3;0
2021-12-30 15:00:00+01:00;8727;30-12-2021;12;30;52;3;15;3;0
2021-12-30 16:00:00+01:00;8728;30-12-2021;12;30;52;3;16;3;0
2021-12-30 17:00:00+01:00;8729;30-12-2021;12;30;52;3;17;3;0
2021-12-30 18:00:00+01:00;8730;30-12-2021;12;30;52;3;18;3;0
2021-12-30 19:00:00+01:00;8731;30-12-2021;12;30;52;3;19;3;0
2021-12-30 20:00:00+01:00;8732;30-12-2021;12;30;52;3;20;3;0
2021-12-30 21:00:00+01:00;8733;30-12-2021;12;30;52;3;21;3;0
2021-12-30 22:00:00+01:00;8734;30-12-2021;12;30;52;3;22;3;0
2021-12-30 23:00:00+01:00;8735;30-12-2021;12;30;52;3;23;3;0
2021-12-31 00:00:00+01:00;8736;31-12-2021;12;31;52;4;0;3;0
2021-12-31 01:00:00+01:00;8737;31-12-2021;12;31;52;4;1;3;0
2021-12-31 02:00:00+01:00;8738;31-12-2021;12;31;52;4;2;3;0
2021-12-31 03:00:00+01:00;8739;31-12-2021;12;31;52;4;3;3;0
2021-12-31 04:00:00+01:00;8740;31-12-2021;12;31;52;4;4;3;0
2021-12-31 05:00:00+01:00;8741;31-12-2021;12;31;52;4;5;3;0
2021-12-31 06:00:00+01:00;8742;31-12-2021;12;31;52;4;6;3;0
2021-12-31 07:00:00+01:00;8743;31-12-2021;12;31;52;4;7;3;0
2021-12-31 08:00:00+01:00;8744;31-12-2021;12;31;52;4;8;3;0
2021-12-31 09:00:00+01:00;8745;31-12-2021;12;31;52;4;9;3;0
2021-12-31 10:00:00+01:00;8746;31-12-2021;12;31;52;4;10;3;0
2021-12-31 11:00:00+01:00;8747;31-12-2021;12;31;52;4;11;3;0
2021-12-31 12:00:00+01:00;8748;31-12-2021;12;31;52;4;12;3;0
2021-12-31 13:00:00+01:00;8749;31-12-2021;12;31;52;4;13;3;0
2021-12-31 14:00:00+01:00;8750;31-12-2021;12;31;52;4;14;3;0
2021-12-31 15:00:00+01:00;8751;31-12-2021;12;31;52;4;15;3;0
2021-12-31 16:00:00+01:00;8752;31-12-2021;12;31;52;4;16;3;0
2021-12-31 17:00:00+01:00;8753;31-12-2021;12;31;52;4;17;3;0
2021-12-31 18:00:00+01:00;8754;31-12-2021;12;31;52;4;18;3;0
2021-12-31 19:00:00+01:00;8755;31-12-2021;12;31;52;4;19;3;0
2021-12-31 20:00:00+01:00;8756;31-12-2021;12;31;52;4;20;3;0
2021-12-31 21:00:00+01:00;8757;31-12-2021;12;31;52;4;21;3;0
2021-12-31 22:00:00+01:00;8758;31-12-2021;12;31;52;4;22;3;0
2021-12-31 23:00:00+01:00;8759;31-12-2021;12;31;52;4;23;3;0
