date and time;index;date;month;day;weeknr;weekday(0=M);hour;daytype(WrkSaSu);occupancyperc
2024-01-01 00:00:00+01:00;0;1-1-2024;1;1;1;0;0;1;0
2024-01-01 01:00:00+01:00;1;1-1-2024;1;1;1;0;1;1;0
2024-01-01 02:00:00+01:00;2;1-1-2024;1;1;1;0;2;1;0
2024-01-01 03:00:00+01:00;3;1-1-2024;1;1;1;0;3;1;0
2024-01-01 04:00:00+01:00;4;1-1-2024;1;1;1;0;4;1;0
2024-01-01 05:00:00+01:00;5;1-1-2024;1;1;1;0;5;1;0
2024-01-01 06:00:00+01:00;6;1-1-2024;1;1;1;0;6;1;0
2024-01-01 07:00:00+01:00;7;1-1-2024;1;1;1;0;7;1;0
2024-01-01 08:00:00+01:00;8;1-1-2024;1;1;1;0;8;1;60
2024-01-01 09:00:00+01:00;9;1-1-2024;1;1;1;0;9;1;60
2024-01-01 10:00:00+01:00;10;1-1-2024;1;1;1;0;10;1;90
2024-01-01 11:00:00+01:00;11;1-1-2024;1;1;1;0;11;1;90
2024-01-01 12:00:00+01:00;12;1-1-2024;1;1;1;0;12;1;50
2024-01-01 13:00:00+01:00;13;1-1-2024;1;1;1;0;13;1;50
2024-01-01 14:00:00+01:00;14;1-1-2024;1;1;1;0;14;1;80
2024-01-01 15:00:00+01:00;15;1-1-2024;1;1;1;0;15;1;80
2024-01-01 16:00:00+01:00;16;1-1-2024;1;1;1;0;16;1;80
2024-01-01 17:00:00+01:00;17;1-1-2024;1;1;1;0;17;1;50
2024-01-01 18:00:00+01:00;18;1-1-2024;1;1;1;0;18;1;42
2024-01-01 19:00:00+01:00;19;1-1-2024;1;1;1;0;19;1;33
2024-01-01 20:00:00+01:00;20;1-1-2024;1;1;1;0;20;1;25
2024-01-01 21:00:00+01:00;21;1-1-2024;1;1;1;0;21;1;17
2024-01-01 22:00:00+01:00;22;1-1-2024;1;1;1;0;22;1;8
2024-01-01 23:00:00+01:00;23;1-1-2024;1;1;1;0;23;1;0
2024-01-02 00:00:00+01:00;24;2-1-2024;1;2;1;1;0;1;0
2024-01-02 01:00:00+01:00;25;2-1-2024;1;2;1;1;1;1;0
2024-01-02 02:00:00+01:00;26;2-1-2024;1;2;1;1;2;1;0
2024-01-02 03:00:00+01:00;27;2-1-2024;1;2;1;1;3;1;0
2024-01-02 04:00:00+01:00;28;2-1-2024;1;2;1;1;4;1;0
2024-01-02 05:00:00+01:00;29;2-1-2024;1;2;1;1;5;1;0
2024-01-02 06:00:00+01:00;30;2-1-2024;1;2;1;1;6;1;0
2024-01-02 07:00:00+01:00;31;2-1-2024;1;2;1;1;7;1;0
2024-01-02 08:00:00+01:00;32;2-1-2024;1;2;1;1;8;1;60
2024-01-02 09:00:00+01:00;33;2-1-2024;1;2;1;1;9;1;60
2024-01-02 10:00:00+01:00;34;2-1-2024;1;2;1;1;10;1;90
2024-01-02 11:00:00+01:00;35;2-1-2024;1;2;1;1;11;1;90
2024-01-02 12:00:00+01:00;36;2-1-2024;1;2;1;1;12;1;50
2024-01-02 13:00:00+01:00;37;2-1-2024;1;2;1;1;13;1;50
2024-01-02 14:00:00+01:00;38;2-1-2024;1;2;1;1;14;1;80
2024-01-02 15:00:00+01:00;39;2-1-2024;1;2;1;1;15;1;80
2024-01-02 16:00:00+01:00;40;2-1-2024;1;2;1;1;16;1;80
2024-01-02 17:00:00+01:00;41;2-1-2024;1;2;1;1;17;1;50
2024-01-02 18:00:00+01:00;42;2-1-2024;1;2;1;1;18;1;42
2024-01-02 19:00:00+01:00;43;2-1-2024;1;2;1;1;19;1;33
2024-01-02 20:00:00+01:00;44;2-1-2024;1;2;1;1;20;1;25
2024-01-02 21:00:00+01:00;45;2-1-2024;1;2;1;1;21;1;17
2024-01-02 22:00:00+01:00;46;2-1-2024;1;2;1;1;22;1;8
2024-01-02 23:00:00+01:00;47;2-1-2024;1;2;1;1;23;1;0
2024-01-03 00:00:00+01:00;48;3-1-2024;1;3;1;2;0;1;0
2024-01-03 01:00:00+01:00;49;3-1-2024;1;3;1;2;1;1;0
2024-01-03 02:00:00+01:00;50;3-1-2024;1;3;1;2;2;1;0
2024-01-03 03:00:00+01:00;51;3-1-2024;1;3;1;2;3;1;0
2024-01-03 04:00:00+01:00;52;3-1-2024;1;3;1;2;4;1;0
2024-01-03 05:00:00+01:00;53;3-1-2024;1;3;1;2;5;1;0
2024-01-03 06:00:00+01:00;54;3-1-2024;1;3;1;2;6;1;0
2024-01-03 07:00:00+01:00;55;3-1-2024;1;3;1;2;7;1;0
2024-01-03 08:00:00+01:00;56;3-1-2024;1;3;1;2;8;1;60
2024-01-03 09:00:00+01:00;57;3-1-2024;1;3;1;2;9;1;60
2024-01-03 10:00:00+01:00;58;3-1-2024;1;3;1;2;10;1;90
2024-01-03 11:00:00+01:00;59;3-1-2024;1;3;1;2;11;1;90
2024-01-03 12:00:00+01:00;60;3-1-2024;1;3;1;2;12;1;50
2024-01-03 13:00:00+01:00;61;3-1-2024;1;3;1;2;13;1;50
2024-01-03 14:00:00+01:00;62;3-1-2024;1;3;1;2;14;1;80
2024-01-03 15:00:00+01:00;63;3-1-2024;1;3;1;2;15;1;80
2024-01-03 16:00:00+01:00;64;3-1-2024;1;3;1;2;16;1;80
2024-01-03 17:00:00+01:00;65;3-1-2024;1;3;1;2;17;1;50
2024-01-03 18:00:00+01:00;66;3-1-2024;1;3;1;2;18;1;42
2024-01-03 19:00:00+01:00;67;3-1-2024;1;3;1;2;19;1;33
2024-01-03 20:00:00+01:00;68;3-1-2024;1;3;1;2;20;1;25
2024-01-03 21:00:00+01:00;69;3-1-2024;1;3;1;2;21;1;17
2024-01-03 22:00:00+01:00;70;3-1-2024;1;3;1;2;22;1;8
2024-01-03 23:00:00+01:00;71;3-1-2024;1;3;1;2;23;1;0
2024-01-04 00:00:00+01:00;72;4-1-2024;1;4;1;3;0;1;0
2024-01-04 01:00:00+01:00;73;4-1-2024;1;4;1;3;1;1;0
2024-01-04 02:00:00+01:00;74;4-1-2024;1;4;1;3;2;1;0
2024-01-04 03:00:00+01:00;75;4-1-2024;1;4;1;3;3;1;0
2024-01-04 04:00:00+01:00;76;4-1-2024;1;4;1;3;4;1;0
2024-01-04 05:00:00+01:00;77;4-1-2024;1;4;1;3;5;1;0
2024-01-04 06:00:00+01:00;78;4-1-2024;1;4;1;3;6;1;0
2024-01-04 07:00:00+01:00;79;4-1-2024;1;4;1;3;7;1;0
2024-01-04 08:00:00+01:00;80;4-1-2024;1;4;1;3;8;1;60
2024-01-04 09:00:00+01:00;81;4-1-2024;1;4;1;3;9;1;60
2024-01-04 10:00:00+01:00;82;4-1-2024;1;4;1;3;10;1;90
2024-01-04 11:00:00+01:00;83;4-1-2024;1;4;1;3;11;1;90
2024-01-04 12:00:00+01:00;84;4-1-2024;1;4;1;3;12;1;50
2024-01-04 13:00:00+01:00;85;4-1-2024;1;4;1;3;13;1;50
2024-01-04 14:00:00+01:00;86;4-1-2024;1;4;1;3;14;1;80
2024-01-04 15:00:00+01:00;87;4-1-2024;1;4;1;3;15;1;80
2024-01-04 16:00:00+01:00;88;4-1-2024;1;4;1;3;16;1;80
2024-01-04 17:00:00+01:00;89;4-1-2024;1;4;1;3;17;1;50
2024-01-04 18:00:00+01:00;90;4-1-2024;1;4;1;3;18;1;42
2024-01-04 19:00:00+01:00;91;4-1-2024;1;4;1;3;19;1;33
2024-01-04 20:00:00+01:00;92;4-1-2024;1;4;1;3;20;1;25
2024-01-04 21:00:00+01:00;93;4-1-2024;1;4;1;3;21;1;17
2024-01-04 22:00:00+01:00;94;4-1-2024;1;4;1;3;22;1;8
2024-01-04 23:00:00+01:00;95;4-1-2024;1;4;1;3;23;1;0
2024-01-05 00:00:00+01:00;96;5-1-2024;1;5;1;4;0;1;0
2024-01-05 01:00:00+01:00;97;5-1-2024;1;5;1;4;1;1;0
2024-01-05 02:00:00+01:00;98;5-1-2024;1;5;1;4;2;1;0
2024-01-05 03:00:00+01:00;99;5-1-2024;1;5;1;4;3;1;0
2024-01-05 04:00:00+01:00;100;5-1-2024;1;5;1;4;4;1;0
2024-01-05 05:00:00+01:00;101;5-1-2024;1;5;1;4;5;1;0
2024-01-05 06:00:00+01:00;102;5-1-2024;1;5;1;4;6;1;0
2024-01-05 07:00:00+01:00;103;5-1-2024;1;5;1;4;7;1;0
2024-01-05 08:00:00+01:00;104;5-1-2024;1;5;1;4;8;1;60
2024-01-05 09:00:00+01:00;105;5-1-2024;1;5;1;4;9;1;60
2024-01-05 10:00:00+01:00;106;5-1-2024;1;5;1;4;10;1;90
2024-01-05 11:00:00+01:00;107;5-1-2024;1;5;1;4;11;1;90
2024-01-05 12:00:00+01:00;108;5-1-2024;1;5;1;4;12;1;50
2024-01-05 13:00:00+01:00;109;5-1-2024;1;5;1;4;13;1;50
2024-01-05 14:00:00+01:00;110;5-1-2024;1;5;1;4;14;1;80
2024-01-05 15:00:00+01:00;111;5-1-2024;1;5;1;4;15;1;80
2024-01-05 16:00:00+01:00;112;5-1-2024;1;5;1;4;16;1;80
2024-01-05 17:00:00+01:00;113;5-1-2024;1;5;1;4;17;1;50
2024-01-05 18:00:00+01:00;114;5-1-2024;1;5;1;4;18;1;42
2024-01-05 19:00:00+01:00;115;5-1-2024;1;5;1;4;19;1;33
2024-01-05 20:00:00+01:00;116;5-1-2024;1;5;1;4;20;1;25
2024-01-05 21:00:00+01:00;117;5-1-2024;1;5;1;4;21;1;17
2024-01-05 22:00:00+01:00;118;5-1-2024;1;5;1;4;22;1;8
2024-01-05 23:00:00+01:00;119;5-1-2024;1;5;1;4;23;1;0
2024-01-06 00:00:00+01:00;120;6-1-2024;1;6;1;5;0;2;0
2024-01-06 01:00:00+01:00;121;6-1-2024;1;6;1;5;1;2;0
2024-01-06 02:00:00+01:00;122;6-1-2024;1;6;1;5;2;2;0
2024-01-06 03:00:00+01:00;123;6-1-2024;1;6;1;5;3;2;0
2024-01-06 04:00:00+01:00;124;6-1-2024;1;6;1;5;4;2;0
2024-01-06 05:00:00+01:00;125;6-1-2024;1;6;1;5;5;2;0
2024-01-06 06:00:00+01:00;126;6-1-2024;1;6;1;5;6;2;0
2024-01-06 07:00:00+01:00;127;6-1-2024;1;6;1;5;7;2;0
2024-01-06 08:00:00+01:00;128;6-1-2024;1;6;1;5;8;2;0
2024-01-06 09:00:00+01:00;129;6-1-2024;1;6;1;5;9;2;0
2024-01-06 10:00:00+01:00;130;6-1-2024;1;6;1;5;10;2;50
2024-01-06 11:00:00+01:00;131;6-1-2024;1;6;1;5;11;2;50
2024-01-06 12:00:00+01:00;132;6-1-2024;1;6;1;5;12;2;30
2024-01-06 13:00:00+01:00;133;6-1-2024;1;6;1;5;13;2;30
2024-01-06 14:00:00+01:00;134;6-1-2024;1;6;1;5;14;2;50
2024-01-06 15:00:00+01:00;135;6-1-2024;1;6;1;5;15;2;50
2024-01-06 16:00:00+01:00;136;6-1-2024;1;6;1;5;16;2;50
2024-01-06 17:00:00+01:00;137;6-1-2024;1;6;1;5;17;2;0
2024-01-06 18:00:00+01:00;138;6-1-2024;1;6;1;5;18;2;0
2024-01-06 19:00:00+01:00;139;6-1-2024;1;6;1;5;19;2;0
2024-01-06 20:00:00+01:00;140;6-1-2024;1;6;1;5;20;2;0
2024-01-06 21:00:00+01:00;141;6-1-2024;1;6;1;5;21;2;0
2024-01-06 22:00:00+01:00;142;6-1-2024;1;6;1;5;22;2;0
2024-01-06 23:00:00+01:00;143;6-1-2024;1;6;1;5;23;2;0
2024-01-07 00:00:00+01:00;144;7-1-2024;1;7;1;6;0;3;0
2024-01-07 01:00:00+01:00;145;7-1-2024;1;7;1;6;1;3;0
2024-01-07 02:00:00+01:00;146;7-1-2024;1;7;1;6;2;3;0
2024-01-07 03:00:00+01:00;147;7-1-2024;1;7;1;6;3;3;0
2024-01-07 04:00:00+01:00;148;7-1-2024;1;7;1;6;4;3;0
2024-01-07 05:00:00+01:00;149;7-1-2024;1;7;1;6;5;3;0
2024-01-07 06:00:00+01:00;150;7-1-2024;1;7;1;6;6;3;0
2024-01-07 07:00:00+01:00;151;7-1-2024;1;7;1;6;7;3;0
2024-01-07 08:00:00+01:00;152;7-1-2024;1;7;1;6;8;3;0
2024-01-07 09:00:00+01:00;153;7-1-2024;1;7;1;6;9;3;0
2024-01-07 10:00:00+01:00;154;7-1-2024;1;7;1;6;10;3;0
2024-01-07 11:00:00+01:00;155;7-1-2024;1;7;1;6;11;3;0
2024-01-07 12:00:00+01:00;156;7-1-2024;1;7;1;6;12;3;0
2024-01-07 13:00:00+01:00;157;7-1-2024;1;7;1;6;13;3;0
2024-01-07 14:00:00+01:00;158;7-1-2024;1;7;1;6;14;3;0
2024-01-07 15:00:00+01:00;159;7-1-2024;1;7;1;6;15;3;0
2024-01-07 16:00:00+01:00;160;7-1-2024;1;7;1;6;16;3;0
2024-01-07 17:00:00+01:00;161;7-1-2024;1;7;1;6;17;3;0
2024-01-07 18:00:00+01:00;162;7-1-2024;1;7;1;6;18;3;0
2024-01-07 19:00:00+01:00;163;7-1-2024;1;7;1;6;19;3;0
2024-01-07 20:00:00+01:00;164;7-1-2024;1;7;1;6;20;3;0
2024-01-07 21:00:00+01:00;165;7-1-2024;1;7;1;6;21;3;0
2024-01-07 22:00:00+01:00;166;7-1-2024;1;7;1;6;22;3;0
2024-01-07 23:00:00+01:00;167;7-1-2024;1;7;1;6;23;3;0
2024-01-08 00:00:00+01:00;168;8-1-2024;1;8;2;0;0;1;0
2024-01-08 01:00:00+01:00;169;8-1-2024;1;8;2;0;1;1;0
2024-01-08 02:00:00+01:00;170;8-1-2024;1;8;2;0;2;1;0
2024-01-08 03:00:00+01:00;171;8-1-2024;1;8;2;0;3;1;0
2024-01-08 04:00:00+01:00;172;8-1-2024;1;8;2;0;4;1;0
2024-01-08 05:00:00+01:00;173;8-1-2024;1;8;2;0;5;1;0
2024-01-08 06:00:00+01:00;174;8-1-2024;1;8;2;0;6;1;0
2024-01-08 07:00:00+01:00;175;8-1-2024;1;8;2;0;7;1;0
2024-01-08 08:00:00+01:00;176;8-1-2024;1;8;2;0;8;1;60
2024-01-08 09:00:00+01:00;177;8-1-2024;1;8;2;0;9;1;60
2024-01-08 10:00:00+01:00;178;8-1-2024;1;8;2;0;10;1;90
2024-01-08 11:00:00+01:00;179;8-1-2024;1;8;2;0;11;1;90
2024-01-08 12:00:00+01:00;180;8-1-2024;1;8;2;0;12;1;50
2024-01-08 13:00:00+01:00;181;8-1-2024;1;8;2;0;13;1;50
2024-01-08 14:00:00+01:00;182;8-1-2024;1;8;2;0;14;1;80
2024-01-08 15:00:00+01:00;183;8-1-2024;1;8;2;0;15;1;80
2024-01-08 16:00:00+01:00;184;8-1-2024;1;8;2;0;16;1;80
2024-01-08 17:00:00+01:00;185;8-1-2024;1;8;2;0;17;1;50
2024-01-08 18:00:00+01:00;186;8-1-2024;1;8;2;0;18;1;42
2024-01-08 19:00:00+01:00;187;8-1-2024;1;8;2;0;19;1;33
2024-01-08 20:00:00+01:00;188;8-1-2024;1;8;2;0;20;1;25
2024-01-08 21:00:00+01:00;189;8-1-2024;1;8;2;0;21;1;17
2024-01-08 22:00:00+01:00;190;8-1-2024;1;8;2;0;22;1;8
2024-01-08 23:00:00+01:00;191;8-1-2024;1;8;2;0;23;1;0
2024-01-09 00:00:00+01:00;192;9-1-2024;1;9;2;1;0;1;0
2024-01-09 01:00:00+01:00;193;9-1-2024;1;9;2;1;1;1;0
2024-01-09 02:00:00+01:00;194;9-1-2024;1;9;2;1;2;1;0
2024-01-09 03:00:00+01:00;195;9-1-2024;1;9;2;1;3;1;0
2024-01-09 04:00:00+01:00;196;9-1-2024;1;9;2;1;4;1;0
2024-01-09 05:00:00+01:00;197;9-1-2024;1;9;2;1;5;1;0
2024-01-09 06:00:00+01:00;198;9-1-2024;1;9;2;1;6;1;0
2024-01-09 07:00:00+01:00;199;9-1-2024;1;9;2;1;7;1;0
2024-01-09 08:00:00+01:00;200;9-1-2024;1;9;2;1;8;1;60
2024-01-09 09:00:00+01:00;201;9-1-2024;1;9;2;1;9;1;60
2024-01-09 10:00:00+01:00;202;9-1-2024;1;9;2;1;10;1;90
2024-01-09 11:00:00+01:00;203;9-1-2024;1;9;2;1;11;1;90
2024-01-09 12:00:00+01:00;204;9-1-2024;1;9;2;1;12;1;50
2024-01-09 13:00:00+01:00;205;9-1-2024;1;9;2;1;13;1;50
2024-01-09 14:00:00+01:00;206;9-1-2024;1;9;2;1;14;1;80
2024-01-09 15:00:00+01:00;207;9-1-2024;1;9;2;1;15;1;80
2024-01-09 16:00:00+01:00;208;9-1-2024;1;9;2;1;16;1;80
2024-01-09 17:00:00+01:00;209;9-1-2024;1;9;2;1;17;1;50
2024-01-09 18:00:00+01:00;210;9-1-2024;1;9;2;1;18;1;42
2024-01-09 19:00:00+01:00;211;9-1-2024;1;9;2;1;19;1;33
2024-01-09 20:00:00+01:00;212;9-1-2024;1;9;2;1;20;1;25
2024-01-09 21:00:00+01:00;213;9-1-2024;1;9;2;1;21;1;17
2024-01-09 22:00:00+01:00;214;9-1-2024;1;9;2;1;22;1;8
2024-01-09 23:00:00+01:00;215;9-1-2024;1;9;2;1;23;1;0
2024-01-10 00:00:00+01:00;216;10-1-2024;1;10;2;2;0;1;0
2024-01-10 01:00:00+01:00;217;10-1-2024;1;10;2;2;1;1;0
2024-01-10 02:00:00+01:00;218;10-1-2024;1;10;2;2;2;1;0
2024-01-10 03:00:00+01:00;219;10-1-2024;1;10;2;2;3;1;0
2024-01-10 04:00:00+01:00;220;10-1-2024;1;10;2;2;4;1;0
2024-01-10 05:00:00+01:00;221;10-1-2024;1;10;2;2;5;1;0
2024-01-10 06:00:00+01:00;222;10-1-2024;1;10;2;2;6;1;0
2024-01-10 07:00:00+01:00;223;10-1-2024;1;10;2;2;7;1;0
2024-01-10 08:00:00+01:00;224;10-1-2024;1;10;2;2;8;1;60
2024-01-10 09:00:00+01:00;225;10-1-2024;1;10;2;2;9;1;60
2024-01-10 10:00:00+01:00;226;10-1-2024;1;10;2;2;10;1;90
2024-01-10 11:00:00+01:00;227;10-1-2024;1;10;2;2;11;1;90
2024-01-10 12:00:00+01:00;228;10-1-2024;1;10;2;2;12;1;50
2024-01-10 13:00:00+01:00;229;10-1-2024;1;10;2;2;13;1;50
2024-01-10 14:00:00+01:00;230;10-1-2024;1;10;2;2;14;1;80
2024-01-10 15:00:00+01:00;231;10-1-2024;1;10;2;2;15;1;80
2024-01-10 16:00:00+01:00;232;10-1-2024;1;10;2;2;16;1;80
2024-01-10 17:00:00+01:00;233;10-1-2024;1;10;2;2;17;1;50
2024-01-10 18:00:00+01:00;234;10-1-2024;1;10;2;2;18;1;42
2024-01-10 19:00:00+01:00;235;10-1-2024;1;10;2;2;19;1;33
2024-01-10 20:00:00+01:00;236;10-1-2024;1;10;2;2;20;1;25
2024-01-10 21:00:00+01:00;237;10-1-2024;1;10;2;2;21;1;17
2024-01-10 22:00:00+01:00;238;10-1-2024;1;10;2;2;22;1;8
2024-01-10 23:00:00+01:00;239;10-1-2024;1;10;2;2;23;1;0
2024-01-11 00:00:00+01:00;240;11-1-2024;1;11;2;3;0;1;0
2024-01-11 01:00:00+01:00;241;11-1-2024;1;11;2;3;1;1;0
2024-01-11 02:00:00+01:00;242;11-1-2024;1;11;2;3;2;1;0
2024-01-11 03:00:00+01:00;243;11-1-2024;1;11;2;3;3;1;0
2024-01-11 04:00:00+01:00;244;11-1-2024;1;11;2;3;4;1;0
2024-01-11 05:00:00+01:00;245;11-1-2024;1;11;2;3;5;1;0
2024-01-11 06:00:00+01:00;246;11-1-2024;1;11;2;3;6;1;0
2024-01-11 07:00:00+01:00;247;11-1-2024;1;11;2;3;7;1;0
2024-01-11 08:00:00+01:00;248;11-1-2024;1;11;2;3;8;1;60
2024-01-11 09:00:00+01:00;249;11-1-2024;1;11;2;3;9;1;60
2024-01-11 10:00:00+01:00;250;11-1-2024;1;11;2;3;10;1;90
2024-01-11 11:00:00+01:00;251;11-1-2024;1;11;2;3;11;1;90
2024-01-11 12:00:00+01:00;252;11-1-2024;1;11;2;3;12;1;50
2024-01-11 13:00:00+01:00;253;11-1-2024;1;11;2;3;13;1;50
2024-01-11 14:00:00+01:00;254;11-1-2024;1;11;2;3;14;1;80
2024-01-11 15:00:00+01:00;255;11-1-2024;1;11;2;3;15;1;80
2024-01-11 16:00:00+01:00;256;11-1-2024;1;11;2;3;16;1;80
2024-01-11 17:00:00+01:00;257;11-1-2024;1;11;2;3;17;1;50
2024-01-11 18:00:00+01:00;258;11-1-2024;1;11;2;3;18;1;42
2024-01-11 19:00:00+01:00;259;11-1-2024;1;11;2;3;19;1;33
2024-01-11 20:00:00+01:00;260;11-1-2024;1;11;2;3;20;1;25
2024-01-11 21:00:00+01:00;261;11-1-2024;1;11;2;3;21;1;17
2024-01-11 22:00:00+01:00;262;11-1-2024;1;11;2;3;22;1;8
2024-01-11 23:00:00+01:00;263;11-1-2024;1;11;2;3;23;1;0
2024-01-12 00:00:00+01:00;264;12-1-2024;1;12;2;4;0;1;0
2024-01-12 01:00:00+01:00;265;12-1-2024;1;12;2;4;1;1;0
2024-01-12 02:00:00+01:00;266;12-1-2024;1;12;2;4;2;1;0
2024-01-12 03:00:00+01:00;267;12-1-2024;1;12;2;4;3;1;0
2024-01-12 04:00:00+01:00;268;12-1-2024;1;12;2;4;4;1;0
2024-01-12 05:00:00+01:00;269;12-1-2024;1;12;2;4;5;1;0
2024-01-12 06:00:00+01:00;270;12-1-2024;1;12;2;4;6;1;0
2024-01-12 07:00:00+01:00;271;12-1-2024;1;12;2;4;7;1;0
2024-01-12 08:00:00+01:00;272;12-1-2024;1;12;2;4;8;1;60
2024-01-12 09:00:00+01:00;273;12-1-2024;1;12;2;4;9;1;60
2024-01-12 10:00:00+01:00;274;12-1-2024;1;12;2;4;10;1;90
2024-01-12 11:00:00+01:00;275;12-1-2024;1;12;2;4;11;1;90
2024-01-12 12:00:00+01:00;276;12-1-2024;1;12;2;4;12;1;50
2024-01-12 13:00:00+01:00;277;12-1-2024;1;12;2;4;13;1;50
2024-01-12 14:00:00+01:00;278;12-1-2024;1;12;2;4;14;1;80
2024-01-12 15:00:00+01:00;279;12-1-2024;1;12;2;4;15;1;80
2024-01-12 16:00:00+01:00;280;12-1-2024;1;12;2;4;16;1;80
2024-01-12 17:00:00+01:00;281;12-1-2024;1;12;2;4;17;1;50
2024-01-12 18:00:00+01:00;282;12-1-2024;1;12;2;4;18;1;42
2024-01-12 19:00:00+01:00;283;12-1-2024;1;12;2;4;19;1;33
2024-01-12 20:00:00+01:00;284;12-1-2024;1;12;2;4;20;1;25
2024-01-12 21:00:00+01:00;285;12-1-2024;1;12;2;4;21;1;17
2024-01-12 22:00:00+01:00;286;12-1-2024;1;12;2;4;22;1;8
2024-01-12 23:00:00+01:00;287;12-1-2024;1;12;2;4;23;1;0
2024-01-13 00:00:00+01:00;288;13-1-2024;1;13;2;5;0;2;0
2024-01-13 01:00:00+01:00;289;13-1-2024;1;13;2;5;1;2;0
2024-01-13 02:00:00+01:00;290;13-1-2024;1;13;2;5;2;2;0
2024-01-13 03:00:00+01:00;291;13-1-2024;1;13;2;5;3;2;0
2024-01-13 04:00:00+01:00;292;13-1-2024;1;13;2;5;4;2;0
2024-01-13 05:00:00+01:00;293;13-1-2024;1;13;2;5;5;2;0
2024-01-13 06:00:00+01:00;294;13-1-2024;1;13;2;5;6;2;0
2024-01-13 07:00:00+01:00;295;13-1-2024;1;13;2;5;7;2;0
2024-01-13 08:00:00+01:00;296;13-1-2024;1;13;2;5;8;2;0
2024-01-13 09:00:00+01:00;297;13-1-2024;1;13;2;5;9;2;0
2024-01-13 10:00:00+01:00;298;13-1-2024;1;13;2;5;10;2;50
2024-01-13 11:00:00+01:00;299;13-1-2024;1;13;2;5;11;2;50
2024-01-13 12:00:00+01:00;300;13-1-2024;1;13;2;5;12;2;30
2024-01-13 13:00:00+01:00;301;13-1-2024;1;13;2;5;13;2;30
2024-01-13 14:00:00+01:00;302;13-1-2024;1;13;2;5;14;2;50
2024-01-13 15:00:00+01:00;303;13-1-2024;1;13;2;5;15;2;50
2024-01-13 16:00:00+01:00;304;13-1-2024;1;13;2;5;16;2;50
2024-01-13 17:00:00+01:00;305;13-1-2024;1;13;2;5;17;2;0
2024-01-13 18:00:00+01:00;306;13-1-2024;1;13;2;5;18;2;0
2024-01-13 19:00:00+01:00;307;13-1-2024;1;13;2;5;19;2;0
2024-01-13 20:00:00+01:00;308;13-1-2024;1;13;2;5;20;2;0
2024-01-13 21:00:00+01:00;309;13-1-2024;1;13;2;5;21;2;0
2024-01-13 22:00:00+01:00;310;13-1-2024;1;13;2;5;22;2;0
2024-01-13 23:00:00+01:00;311;13-1-2024;1;13;2;5;23;2;0
2024-01-14 00:00:00+01:00;312;14-1-2024;1;14;2;6;0;3;0
2024-01-14 01:00:00+01:00;313;14-1-2024;1;14;2;6;1;3;0
2024-01-14 02:00:00+01:00;314;14-1-2024;1;14;2;6;2;3;0
2024-01-14 03:00:00+01:00;315;14-1-2024;1;14;2;6;3;3;0
2024-01-14 04:00:00+01:00;316;14-1-2024;1;14;2;6;4;3;0
2024-01-14 05:00:00+01:00;317;14-1-2024;1;14;2;6;5;3;0
2024-01-14 06:00:00+01:00;318;14-1-2024;1;14;2;6;6;3;0
2024-01-14 07:00:00+01:00;319;14-1-2024;1;14;2;6;7;3;0
2024-01-14 08:00:00+01:00;320;14-1-2024;1;14;2;6;8;3;0
2024-01-14 09:00:00+01:00;321;14-1-2024;1;14;2;6;9;3;0
2024-01-14 10:00:00+01:00;322;14-1-2024;1;14;2;6;10;3;0
2024-01-14 11:00:00+01:00;323;14-1-2024;1;14;2;6;11;3;0
2024-01-14 12:00:00+01:00;324;14-1-2024;1;14;2;6;12;3;0
2024-01-14 13:00:00+01:00;325;14-1-2024;1;14;2;6;13;3;0
2024-01-14 14:00:00+01:00;326;14-1-2024;1;14;2;6;14;3;0
2024-01-14 15:00:00+01:00;327;14-1-2024;1;14;2;6;15;3;0
2024-01-14 16:00:00+01:00;328;14-1-2024;1;14;2;6;16;3;0
2024-01-14 17:00:00+01:00;329;14-1-2024;1;14;2;6;17;3;0
2024-01-14 18:00:00+01:00;330;14-1-2024;1;14;2;6;18;3;0
2024-01-14 19:00:00+01:00;331;14-1-2024;1;14;2;6;19;3;0
2024-01-14 20:00:00+01:00;332;14-1-2024;1;14;2;6;20;3;0
2024-01-14 21:00:00+01:00;333;14-1-2024;1;14;2;6;21;3;0
2024-01-14 22:00:00+01:00;334;14-1-2024;1;14;2;6;22;3;0
2024-01-14 23:00:00+01:00;335;14-1-2024;1;14;2;6;23;3;0
2024-01-15 00:00:00+01:00;336;15-1-2024;1;15;3;0;0;1;0
2024-01-15 01:00:00+01:00;337;15-1-2024;1;15;3;0;1;1;0
2024-01-15 02:00:00+01:00;338;15-1-2024;1;15;3;0;2;1;0
2024-01-15 03:00:00+01:00;339;15-1-2024;1;15;3;0;3;1;0
2024-01-15 04:00:00+01:00;340;15-1-2024;1;15;3;0;4;1;0
2024-01-15 05:00:00+01:00;341;15-1-2024;1;15;3;0;5;1;0
2024-01-15 06:00:00+01:00;342;15-1-2024;1;15;3;0;6;1;0
2024-01-15 07:00:00+01:00;343;15-1-2024;1;15;3;0;7;1;0
2024-01-15 08:00:00+01:00;344;15-1-2024;1;15;3;0;8;1;60
2024-01-15 09:00:00+01:00;345;15-1-2024;1;15;3;0;9;1;60
2024-01-15 10:00:00+01:00;346;15-1-2024;1;15;3;0;10;1;90
2024-01-15 11:00:00+01:00;347;15-1-2024;1;15;3;0;11;1;90
2024-01-15 12:00:00+01:00;348;15-1-2024;1;15;3;0;12;1;50
2024-01-15 13:00:00+01:00;349;15-1-2024;1;15;3;0;13;1;50
2024-01-15 14:00:00+01:00;350;15-1-2024;1;15;3;0;14;1;80
2024-01-15 15:00:00+01:00;351;15-1-2024;1;15;3;0;15;1;80
2024-01-15 16:00:00+01:00;352;15-1-2024;1;15;3;0;16;1;80
2024-01-15 17:00:00+01:00;353;15-1-2024;1;15;3;0;17;1;50
2024-01-15 18:00:00+01:00;354;15-1-2024;1;15;3;0;18;1;42
2024-01-15 19:00:00+01:00;355;15-1-2024;1;15;3;0;19;1;33
2024-01-15 20:00:00+01:00;356;15-1-2024;1;15;3;0;20;1;25
2024-01-15 21:00:00+01:00;357;15-1-2024;1;15;3;0;21;1;17
2024-01-15 22:00:00+01:00;358;15-1-2024;1;15;3;0;22;1;8
2024-01-15 23:00:00+01:00;359;15-1-2024;1;15;3;0;23;1;0
2024-01-16 00:00:00+01:00;360;16-1-2024;1;16;3;1;0;1;0
2024-01-16 01:00:00+01:00;361;16-1-2024;1;16;3;1;1;1;0
2024-01-16 02:00:00+01:00;362;16-1-2024;1;16;3;1;2;1;0
2024-01-16 03:00:00+01:00;363;16-1-2024;1;16;3;1;3;1;0
2024-01-16 04:00:00+01:00;364;16-1-2024;1;16;3;1;4;1;0
2024-01-16 05:00:00+01:00;365;16-1-2024;1;16;3;1;5;1;0
2024-01-16 06:00:00+01:00;366;16-1-2024;1;16;3;1;6;1;0
2024-01-16 07:00:00+01:00;367;16-1-2024;1;16;3;1;7;1;0
2024-01-16 08:00:00+01:00;368;16-1-2024;1;16;3;1;8;1;60
2024-01-16 09:00:00+01:00;369;16-1-2024;1;16;3;1;9;1;60
2024-01-16 10:00:00+01:00;370;16-1-2024;1;16;3;1;10;1;90
2024-01-16 11:00:00+01:00;371;16-1-2024;1;16;3;1;11;1;90
2024-01-16 12:00:00+01:00;372;16-1-2024;1;16;3;1;12;1;50
2024-01-16 13:00:00+01:00;373;16-1-2024;1;16;3;1;13;1;50
2024-01-16 14:00:00+01:00;374;16-1-2024;1;16;3;1;14;1;80
2024-01-16 15:00:00+01:00;375;16-1-2024;1;16;3;1;15;1;80
2024-01-16 16:00:00+01:00;376;16-1-2024;1;16;3;1;16;1;80
2024-01-16 17:00:00+01:00;377;16-1-2024;1;16;3;1;17;1;50
2024-01-16 18:00:00+01:00;378;16-1-2024;1;16;3;1;18;1;42
2024-01-16 19:00:00+01:00;379;16-1-2024;1;16;3;1;19;1;33
2024-01-16 20:00:00+01:00;380;16-1-2024;1;16;3;1;20;1;25
2024-01-16 21:00:00+01:00;381;16-1-2024;1;16;3;1;21;1;17
2024-01-16 22:00:00+01:00;382;16-1-2024;1;16;3;1;22;1;8
2024-01-16 23:00:00+01:00;383;16-1-2024;1;16;3;1;23;1;0
2024-01-17 00:00:00+01:00;384;17-1-2024;1;17;3;2;0;1;0
2024-01-17 01:00:00+01:00;385;17-1-2024;1;17;3;2;1;1;0
2024-01-17 02:00:00+01:00;386;17-1-2024;1;17;3;2;2;1;0
2024-01-17 03:00:00+01:00;387;17-1-2024;1;17;3;2;3;1;0
2024-01-17 04:00:00+01:00;388;17-1-2024;1;17;3;2;4;1;0
2024-01-17 05:00:00+01:00;389;17-1-2024;1;17;3;2;5;1;0
2024-01-17 06:00:00+01:00;390;17-1-2024;1;17;3;2;6;1;0
2024-01-17 07:00:00+01:00;391;17-1-2024;1;17;3;2;7;1;0
2024-01-17 08:00:00+01:00;392;17-1-2024;1;17;3;2;8;1;60
2024-01-17 09:00:00+01:00;393;17-1-2024;1;17;3;2;9;1;60
2024-01-17 10:00:00+01:00;394;17-1-2024;1;17;3;2;10;1;90
2024-01-17 11:00:00+01:00;395;17-1-2024;1;17;3;2;11;1;90
2024-01-17 12:00:00+01:00;396;17-1-2024;1;17;3;2;12;1;50
2024-01-17 13:00:00+01:00;397;17-1-2024;1;17;3;2;13;1;50
2024-01-17 14:00:00+01:00;398;17-1-2024;1;17;3;2;14;1;80
2024-01-17 15:00:00+01:00;399;17-1-2024;1;17;3;2;15;1;80
2024-01-17 16:00:00+01:00;400;17-1-2024;1;17;3;2;16;1;80
2024-01-17 17:00:00+01:00;401;17-1-2024;1;17;3;2;17;1;50
2024-01-17 18:00:00+01:00;402;17-1-2024;1;17;3;2;18;1;42
2024-01-17 19:00:00+01:00;403;17-1-2024;1;17;3;2;19;1;33
2024-01-17 20:00:00+01:00;404;17-1-2024;1;17;3;2;20;1;25
2024-01-17 21:00:00+01:00;405;17-1-2024;1;17;3;2;21;1;17
2024-01-17 22:00:00+01:00;406;17-1-2024;1;17;3;2;22;1;8
2024-01-17 23:00:00+01:00;407;17-1-2024;1;17;3;2;23;1;0
2024-01-18 00:00:00+01:00;408;18-1-2024;1;18;3;3;0;1;0
2024-01-18 01:00:00+01:00;409;18-1-2024;1;18;3;3;1;1;0
2024-01-18 02:00:00+01:00;410;18-1-2024;1;18;3;3;2;1;0
2024-01-18 03:00:00+01:00;411;18-1-2024;1;18;3;3;3;1;0
2024-01-18 04:00:00+01:00;412;18-1-2024;1;18;3;3;4;1;0
2024-01-18 05:00:00+01:00;413;18-1-2024;1;18;3;3;5;1;0
2024-01-18 06:00:00+01:00;414;18-1-2024;1;18;3;3;6;1;0
2024-01-18 07:00:00+01:00;415;18-1-2024;1;18;3;3;7;1;0
2024-01-18 08:00:00+01:00;416;18-1-2024;1;18;3;3;8;1;60
2024-01-18 09:00:00+01:00;417;18-1-2024;1;18;3;3;9;1;60
2024-01-18 10:00:00+01:00;418;18-1-2024;1;18;3;3;10;1;90
2024-01-18 11:00:00+01:00;419;18-1-2024;1;18;3;3;11;1;90
2024-01-18 12:00:00+01:00;420;18-1-2024;1;18;3;3;12;1;50
2024-01-18 13:00:00+01:00;421;18-1-2024;1;18;3;3;13;1;50
2024-01-18 14:00:00+01:00;422;18-1-2024;1;18;3;3;14;1;80
2024-01-18 15:00:00+01:00;423;18-1-2024;1;18;3;3;15;1;80
2024-01-18 16:00:00+01:00;424;18-1-2024;1;18;3;3;16;1;80
2024-01-18 17:00:00+01:00;425;18-1-2024;1;18;3;3;17;1;50
2024-01-18 18:00:00+01:00;426;18-1-2024;1;18;3;3;18;1;42
2024-01-18 19:00:00+01:00;427;18-1-2024;1;18;3;3;19;1;33
2024-01-18 20:00:00+01:00;428;18-1-2024;1;18;3;3;20;1;25
2024-01-18 21:00:00+01:00;429;18-1-2024;1;18;3;3;21;1;17
2024-01-18 22:00:00+01:00;430;18-1-2024;1;18;3;3;22;1;8
2024-01-18 23:00:00+01:00;431;18-1-2024;1;18;3;3;23;1;0
2024-01-19 00:00:00+01:00;432;19-1-2024;1;19;3;4;0;1;0
2024-01-19 01:00:00+01:00;433;19-1-2024;1;19;3;4;1;1;0
2024-01-19 02:00:00+01:00;434;19-1-2024;1;19;3;4;2;1;0
2024-01-19 03:00:00+01:00;435;19-1-2024;1;19;3;4;3;1;0
2024-01-19 04:00:00+01:00;436;19-1-2024;1;19;3;4;4;1;0
2024-01-19 05:00:00+01:00;437;19-1-2024;1;19;3;4;5;1;0
2024-01-19 06:00:00+01:00;438;19-1-2024;1;19;3;4;6;1;0
2024-01-19 07:00:00+01:00;439;19-1-2024;1;19;3;4;7;1;0
2024-01-19 08:00:00+01:00;440;19-1-2024;1;19;3;4;8;1;60
2024-01-19 09:00:00+01:00;441;19-1-2024;1;19;3;4;9;1;60
2024-01-19 10:00:00+01:00;442;19-1-2024;1;19;3;4;10;1;90
2024-01-19 11:00:00+01:00;443;19-1-2024;1;19;3;4;11;1;90
2024-01-19 12:00:00+01:00;444;19-1-2024;1;19;3;4;12;1;50
2024-01-19 13:00:00+01:00;445;19-1-2024;1;19;3;4;13;1;50
2024-01-19 14:00:00+01:00;446;19-1-2024;1;19;3;4;14;1;80
2024-01-19 15:00:00+01:00;447;19-1-2024;1;19;3;4;15;1;80
2024-01-19 16:00:00+01:00;448;19-1-2024;1;19;3;4;16;1;80
2024-01-19 17:00:00+01:00;449;19-1-2024;1;19;3;4;17;1;50
2024-01-19 18:00:00+01:00;450;19-1-2024;1;19;3;4;18;1;42
2024-01-19 19:00:00+01:00;451;19-1-2024;1;19;3;4;19;1;33
2024-01-19 20:00:00+01:00;452;19-1-2024;1;19;3;4;20;1;25
2024-01-19 21:00:00+01:00;453;19-1-2024;1;19;3;4;21;1;17
2024-01-19 22:00:00+01:00;454;19-1-2024;1;19;3;4;22;1;8
2024-01-19 23:00:00+01:00;455;19-1-2024;1;19;3;4;23;1;0
2024-01-20 00:00:00+01:00;456;20-1-2024;1;20;3;5;0;2;0
2024-01-20 01:00:00+01:00;457;20-1-2024;1;20;3;5;1;2;0
2024-01-20 02:00:00+01:00;458;20-1-2024;1;20;3;5;2;2;0
2024-01-20 03:00:00+01:00;459;20-1-2024;1;20;3;5;3;2;0
2024-01-20 04:00:00+01:00;460;20-1-2024;1;20;3;5;4;2;0
2024-01-20 05:00:00+01:00;461;20-1-2024;1;20;3;5;5;2;0
2024-01-20 06:00:00+01:00;462;20-1-2024;1;20;3;5;6;2;0
2024-01-20 07:00:00+01:00;463;20-1-2024;1;20;3;5;7;2;0
2024-01-20 08:00:00+01:00;464;20-1-2024;1;20;3;5;8;2;0
2024-01-20 09:00:00+01:00;465;20-1-2024;1;20;3;5;9;2;0
2024-01-20 10:00:00+01:00;466;20-1-2024;1;20;3;5;10;2;50
2024-01-20 11:00:00+01:00;467;20-1-2024;1;20;3;5;11;2;50
2024-01-20 12:00:00+01:00;468;20-1-2024;1;20;3;5;12;2;30
2024-01-20 13:00:00+01:00;469;20-1-2024;1;20;3;5;13;2;30
2024-01-20 14:00:00+01:00;470;20-1-2024;1;20;3;5;14;2;50
2024-01-20 15:00:00+01:00;471;20-1-2024;1;20;3;5;15;2;50
2024-01-20 16:00:00+01:00;472;20-1-2024;1;20;3;5;16;2;50
2024-01-20 17:00:00+01:00;473;20-1-2024;1;20;3;5;17;2;0
2024-01-20 18:00:00+01:00;474;20-1-2024;1;20;3;5;18;2;0
2024-01-20 19:00:00+01:00;475;20-1-2024;1;20;3;5;19;2;0
2024-01-20 20:00:00+01:00;476;20-1-2024;1;20;3;5;20;2;0
2024-01-20 21:00:00+01:00;477;20-1-2024;1;20;3;5;21;2;0
2024-01-20 22:00:00+01:00;478;20-1-2024;1;20;3;5;22;2;0
2024-01-20 23:00:00+01:00;479;20-1-2024;1;20;3;5;23;2;0
2024-01-21 00:00:00+01:00;480;21-1-2024;1;21;3;6;0;3;0
2024-01-21 01:00:00+01:00;481;21-1-2024;1;21;3;6;1;3;0
2024-01-21 02:00:00+01:00;482;21-1-2024;1;21;3;6;2;3;0
2024-01-21 03:00:00+01:00;483;21-1-2024;1;21;3;6;3;3;0
2024-01-21 04:00:00+01:00;484;21-1-2024;1;21;3;6;4;3;0
2024-01-21 05:00:00+01:00;485;21-1-2024;1;21;3;6;5;3;0
2024-01-21 06:00:00+01:00;486;21-1-2024;1;21;3;6;6;3;0
2024-01-21 07:00:00+01:00;487;21-1-2024;1;21;3;6;7;3;0
2024-01-21 08:00:00+01:00;488;21-1-2024;1;21;3;6;8;3;0
2024-01-21 09:00:00+01:00;489;21-1-2024;1;21;3;6;9;3;0
2024-01-21 10:00:00+01:00;490;21-1-2024;1;21;3;6;10;3;0
2024-01-21 11:00:00+01:00;491;21-1-2024;1;21;3;6;11;3;0
2024-01-21 12:00:00+01:00;492;21-1-2024;1;21;3;6;12;3;0
2024-01-21 13:00:00+01:00;493;21-1-2024;1;21;3;6;13;3;0
2024-01-21 14:00:00+01:00;494;21-1-2024;1;21;3;6;14;3;0
2024-01-21 15:00:00+01:00;495;21-1-2024;1;21;3;6;15;3;0
2024-01-21 16:00:00+01:00;496;21-1-2024;1;21;3;6;16;3;0
2024-01-21 17:00:00+01:00;497;21-1-2024;1;21;3;6;17;3;0
2024-01-21 18:00:00+01:00;498;21-1-2024;1;21;3;6;18;3;0
2024-01-21 19:00:00+01:00;499;21-1-2024;1;21;3;6;19;3;0
2024-01-21 20:00:00+01:00;500;21-1-2024;1;21;3;6;20;3;0
2024-01-21 21:00:00+01:00;501;21-1-2024;1;21;3;6;21;3;0
2024-01-21 22:00:00+01:00;502;21-1-2024;1;21;3;6;22;3;0
2024-01-21 23:00:00+01:00;503;21-1-2024;1;21;3;6;23;3;0
2024-01-22 00:00:00+01:00;504;22-1-2024;1;22;4;0;0;1;0
2024-01-22 01:00:00+01:00;505;22-1-2024;1;22;4;0;1;1;0
2024-01-22 02:00:00+01:00;506;22-1-2024;1;22;4;0;2;1;0
2024-01-22 03:00:00+01:00;507;22-1-2024;1;22;4;0;3;1;0
2024-01-22 04:00:00+01:00;508;22-1-2024;1;22;4;0;4;1;0
2024-01-22 05:00:00+01:00;509;22-1-2024;1;22;4;0;5;1;0
2024-01-22 06:00:00+01:00;510;22-1-2024;1;22;4;0;6;1;0
2024-01-22 07:00:00+01:00;511;22-1-2024;1;22;4;0;7;1;0
2024-01-22 08:00:00+01:00;512;22-1-2024;1;22;4;0;8;1;60
2024-01-22 09:00:00+01:00;513;22-1-2024;1;22;4;0;9;1;60
2024-01-22 10:00:00+01:00;514;22-1-2024;1;22;4;0;10;1;90
2024-01-22 11:00:00+01:00;515;22-1-2024;1;22;4;0;11;1;90
2024-01-22 12:00:00+01:00;516;22-1-2024;1;22;4;0;12;1;50
2024-01-22 13:00:00+01:00;517;22-1-2024;1;22;4;0;13;1;50
2024-01-22 14:00:00+01:00;518;22-1-2024;1;22;4;0;14;1;80
2024-01-22 15:00:00+01:00;519;22-1-2024;1;22;4;0;15;1;80
2024-01-22 16:00:00+01:00;520;22-1-2024;1;22;4;0;16;1;80
2024-01-22 17:00:00+01:00;521;22-1-2024;1;22;4;0;17;1;50
2024-01-22 18:00:00+01:00;522;22-1-2024;1;22;4;0;18;1;42
2024-01-22 19:00:00+01:00;523;22-1-2024;1;22;4;0;19;1;33
2024-01-22 20:00:00+01:00;524;22-1-2024;1;22;4;0;20;1;25
2024-01-22 21:00:00+01:00;525;22-1-2024;1;22;4;0;21;1;17
2024-01-22 22:00:00+01:00;526;22-1-2024;1;22;4;0;22;1;8
2024-01-22 23:00:00+01:00;527;22-1-2024;1;22;4;0;23;1;0
2024-01-23 00:00:00+01:00;528;23-1-2024;1;23;4;1;0;1;0
2024-01-23 01:00:00+01:00;529;23-1-2024;1;23;4;1;1;1;0
2024-01-23 02:00:00+01:00;530;23-1-2024;1;23;4;1;2;1;0
2024-01-23 03:00:00+01:00;531;23-1-2024;1;23;4;1;3;1;0
2024-01-23 04:00:00+01:00;532;23-1-2024;1;23;4;1;4;1;0
2024-01-23 05:00:00+01:00;533;23-1-2024;1;23;4;1;5;1;0
2024-01-23 06:00:00+01:00;534;23-1-2024;1;23;4;1;6;1;0
2024-01-23 07:00:00+01:00;535;23-1-2024;1;23;4;1;7;1;0
2024-01-23 08:00:00+01:00;536;23-1-2024;1;23;4;1;8;1;60
2024-01-23 09:00:00+01:00;537;23-1-2024;1;23;4;1;9;1;60
2024-01-23 10:00:00+01:00;538;23-1-2024;1;23;4;1;10;1;90
2024-01-23 11:00:00+01:00;539;23-1-2024;1;23;4;1;11;1;90
2024-01-23 12:00:00+01:00;540;23-1-2024;1;23;4;1;12;1;50
2024-01-23 13:00:00+01:00;541;23-1-2024;1;23;4;1;13;1;50
2024-01-23 14:00:00+01:00;542;23-1-2024;1;23;4;1;14;1;80
2024-01-23 15:00:00+01:00;543;23-1-2024;1;23;4;1;15;1;80
2024-01-23 16:00:00+01:00;544;23-1-2024;1;23;4;1;16;1;80
2024-01-23 17:00:00+01:00;545;23-1-2024;1;23;4;1;17;1;50
2024-01-23 18:00:00+01:00;546;23-1-2024;1;23;4;1;18;1;42
2024-01-23 19:00:00+01:00;547;23-1-2024;1;23;4;1;19;1;33
2024-01-23 20:00:00+01:00;548;23-1-2024;1;23;4;1;20;1;25
2024-01-23 21:00:00+01:00;549;23-1-2024;1;23;4;1;21;1;17
2024-01-23 22:00:00+01:00;550;23-1-2024;1;23;4;1;22;1;8
2024-01-23 23:00:00+01:00;551;23-1-2024;1;23;4;1;23;1;0
2024-01-24 00:00:00+01:00;552;24-1-2024;1;24;4;2;0;1;0
2024-01-24 01:00:00+01:00;553;24-1-2024;1;24;4;2;1;1;0
2024-01-24 02:00:00+01:00;554;24-1-2024;1;24;4;2;2;1;0
2024-01-24 03:00:00+01:00;555;24-1-2024;1;24;4;2;3;1;0
2024-01-24 04:00:00+01:00;556;24-1-2024;1;24;4;2;4;1;0
2024-01-24 05:00:00+01:00;557;24-1-2024;1;24;4;2;5;1;0
2024-01-24 06:00:00+01:00;558;24-1-2024;1;24;4;2;6;1;0
2024-01-24 07:00:00+01:00;559;24-1-2024;1;24;4;2;7;1;0
2024-01-24 08:00:00+01:00;560;24-1-2024;1;24;4;2;8;1;60
2024-01-24 09:00:00+01:00;561;24-1-2024;1;24;4;2;9;1;60
2024-01-24 10:00:00+01:00;562;24-1-2024;1;24;4;2;10;1;90
2024-01-24 11:00:00+01:00;563;24-1-2024;1;24;4;2;11;1;90
2024-01-24 12:00:00+01:00;564;24-1-2024;1;24;4;2;12;1;50
2024-01-24 13:00:00+01:00;565;24-1-2024;1;24;4;2;13;1;50
2024-01-24 14:00:00+01:00;566;24-1-2024;1;24;4;2;14;1;80
2024-01-24 15:00:00+01:00;567;24-1-2024;1;24;4;2;15;1;80
2024-01-24 16:00:00+01:00;568;24-1-2024;1;24;4;2;16;1;80
2024-01-24 17:00:00+01:00;569;24-1-2024;1;24;4;2;17;1;50
2024-01-24 18:00:00+01:00;570;24-1-2024;1;24;4;2;18;1;42
2024-01-24 19:00:00+01:00;571;24-1-2024;1;24;4;2;19;1;33
2024-01-24 20:00:00+01:00;572;24-1-2024;1;24;4;2;20;1;25
2024-01-24 21:00:00+01:00;573;24-1-2024;1;24;4;2;21;1;17
2024-01-24 22:00:00+01:00;574;24-1-2024;1;24;4;2;22;1;8
2024-01-24 23:00:00+01:00;575;24-1-2024;1;24;4;2;23;1;0
2024-01-25 00:00:00+01:00;576;25-1-2024;1;25;4;3;0;1;0
2024-01-25 01:00:00+01:00;577;25-1-2024;1;25;4;3;1;1;0
2024-01-25 02:00:00+01:00;578;25-1-2024;1;25;4;3;2;1;0
2024-01-25 03:00:00+01:00;579;25-1-2024;1;25;4;3;3;1;0
2024-01-25 04:00:00+01:00;580;25-1-2024;1;25;4;3;4;1;0
2024-01-25 05:00:00+01:00;581;25-1-2024;1;25;4;3;5;1;0
2024-01-25 06:00:00+01:00;582;25-1-2024;1;25;4;3;6;1;0
2024-01-25 07:00:00+01:00;583;25-1-2024;1;25;4;3;7;1;0
2024-01-25 08:00:00+01:00;584;25-1-2024;1;25;4;3;8;1;60
2024-01-25 09:00:00+01:00;585;25-1-2024;1;25;4;3;9;1;60
2024-01-25 10:00:00+01:00;586;25-1-2024;1;25;4;3;10;1;90
2024-01-25 11:00:00+01:00;587;25-1-2024;1;25;4;3;11;1;90
2024-01-25 12:00:00+01:00;588;25-1-2024;1;25;4;3;12;1;50
2024-01-25 13:00:00+01:00;589;25-1-2024;1;25;4;3;13;1;50
2024-01-25 14:00:00+01:00;590;25-1-2024;1;25;4;3;14;1;80
2024-01-25 15:00:00+01:00;591;25-1-2024;1;25;4;3;15;1;80
2024-01-25 16:00:00+01:00;592;25-1-2024;1;25;4;3;16;1;80
2024-01-25 17:00:00+01:00;593;25-1-2024;1;25;4;3;17;1;50
2024-01-25 18:00:00+01:00;594;25-1-2024;1;25;4;3;18;1;42
2024-01-25 19:00:00+01:00;595;25-1-2024;1;25;4;3;19;1;33
2024-01-25 20:00:00+01:00;596;25-1-2024;1;25;4;3;20;1;25
2024-01-25 21:00:00+01:00;597;25-1-2024;1;25;4;3;21;1;17
2024-01-25 22:00:00+01:00;598;25-1-2024;1;25;4;3;22;1;8
2024-01-25 23:00:00+01:00;599;25-1-2024;1;25;4;3;23;1;0
2024-01-26 00:00:00+01:00;600;26-1-2024;1;26;4;4;0;1;0
2024-01-26 01:00:00+01:00;601;26-1-2024;1;26;4;4;1;1;0
2024-01-26 02:00:00+01:00;602;26-1-2024;1;26;4;4;2;1;0
2024-01-26 03:00:00+01:00;603;26-1-2024;1;26;4;4;3;1;0
2024-01-26 04:00:00+01:00;604;26-1-2024;1;26;4;4;4;1;0
2024-01-26 05:00:00+01:00;605;26-1-2024;1;26;4;4;5;1;0
2024-01-26 06:00:00+01:00;606;26-1-2024;1;26;4;4;6;1;0
2024-01-26 07:00:00+01:00;607;26-1-2024;1;26;4;4;7;1;0
2024-01-26 08:00:00+01:00;608;26-1-2024;1;26;4;4;8;1;60
2024-01-26 09:00:00+01:00;609;26-1-2024;1;26;4;4;9;1;60
2024-01-26 10:00:00+01:00;610;26-1-2024;1;26;4;4;10;1;90
2024-01-26 11:00:00+01:00;611;26-1-2024;1;26;4;4;11;1;90
2024-01-26 12:00:00+01:00;612;26-1-2024;1;26;4;4;12;1;50
2024-01-26 13:00:00+01:00;613;26-1-2024;1;26;4;4;13;1;50
2024-01-26 14:00:00+01:00;614;26-1-2024;1;26;4;4;14;1;80
2024-01-26 15:00:00+01:00;615;26-1-2024;1;26;4;4;15;1;80
2024-01-26 16:00:00+01:00;616;26-1-2024;1;26;4;4;16;1;80
2024-01-26 17:00:00+01:00;617;26-1-2024;1;26;4;4;17;1;50
2024-01-26 18:00:00+01:00;618;26-1-2024;1;26;4;4;18;1;42
2024-01-26 19:00:00+01:00;619;26-1-2024;1;26;4;4;19;1;33
2024-01-26 20:00:00+01:00;620;26-1-2024;1;26;4;4;20;1;25
2024-01-26 21:00:00+01:00;621;26-1-2024;1;26;4;4;21;1;17
2024-01-26 22:00:00+01:00;622;26-1-2024;1;26;4;4;22;1;8
2024-01-26 23:00:00+01:00;623;26-1-2024;1;26;4;4;23;1;0
2024-01-27 00:00:00+01:00;624;27-1-2024;1;27;4;5;0;2;0
2024-01-27 01:00:00+01:00;625;27-1-2024;1;27;4;5;1;2;0
2024-01-27 02:00:00+01:00;626;27-1-2024;1;27;4;5;2;2;0
2024-01-27 03:00:00+01:00;627;27-1-2024;1;27;4;5;3;2;0
2024-01-27 04:00:00+01:00;628;27-1-2024;1;27;4;5;4;2;0
2024-01-27 05:00:00+01:00;629;27-1-2024;1;27;4;5;5;2;0
2024-01-27 06:00:00+01:00;630;27-1-2024;1;27;4;5;6;2;0
2024-01-27 07:00:00+01:00;631;27-1-2024;1;27;4;5;7;2;0
2024-01-27 08:00:00+01:00;632;27-1-2024;1;27;4;5;8;2;0
2024-01-27 09:00:00+01:00;633;27-1-2024;1;27;4;5;9;2;0
2024-01-27 10:00:00+01:00;634;27-1-2024;1;27;4;5;10;2;50
2024-01-27 11:00:00+01:00;635;27-1-2024;1;27;4;5;11;2;50
2024-01-27 12:00:00+01:00;636;27-1-2024;1;27;4;5;12;2;30
2024-01-27 13:00:00+01:00;637;27-1-2024;1;27;4;5;13;2;30
2024-01-27 14:00:00+01:00;638;27-1-2024;1;27;4;5;14;2;50
2024-01-27 15:00:00+01:00;639;27-1-2024;1;27;4;5;15;2;50
2024-01-27 16:00:00+01:00;640;27-1-2024;1;27;4;5;16;2;50
2024-01-27 17:00:00+01:00;641;27-1-2024;1;27;4;5;17;2;0
2024-01-27 18:00:00+01:00;642;27-1-2024;1;27;4;5;18;2;0
2024-01-27 19:00:00+01:00;643;27-1-2024;1;27;4;5;19;2;0
2024-01-27 20:00:00+01:00;644;27-1-2024;1;27;4;5;20;2;0
2024-01-27 21:00:00+01:00;645;27-1-2024;1;27;4;5;21;2;0
2024-01-27 22:00:00+01:00;646;27-1-2024;1;27;4;5;22;2;0
2024-01-27 23:00:00+01:00;647;27-1-2024;1;27;4;5;23;2;0
2024-01-28 00:00:00+01:00;648;28-1-2024;1;28;4;6;0;3;0
2024-01-28 01:00:00+01:00;649;28-1-2024;1;28;4;6;1;3;0
2024-01-28 02:00:00+01:00;650;28-1-2024;1;28;4;6;2;3;0
2024-01-28 03:00:00+01:00;651;28-1-2024;1;28;4;6;3;3;0
2024-01-28 04:00:00+01:00;652;28-1-2024;1;28;4;6;4;3;0
2024-01-28 05:00:00+01:00;653;28-1-2024;1;28;4;6;5;3;0
2024-01-28 06:00:00+01:00;654;28-1-2024;1;28;4;6;6;3;0
2024-01-28 07:00:00+01:00;655;28-1-2024;1;28;4;6;7;3;0
2024-01-28 08:00:00+01:00;656;28-1-2024;1;28;4;6;8;3;0
2024-01-28 09:00:00+01:00;657;28-1-2024;1;28;4;6;9;3;0
2024-01-28 10:00:00+01:00;658;28-1-2024;1;28;4;6;10;3;0
2024-01-28 11:00:00+01:00;659;28-1-2024;1;28;4;6;11;3;0
2024-01-28 12:00:00+01:00;660;28-1-2024;1;28;4;6;12;3;0
2024-01-28 13:00:00+01:00;661;28-1-2024;1;28;4;6;13;3;0
2024-01-28 14:00:00+01:00;662;28-1-2024;1;28;4;6;14;3;0
2024-01-28 15:00:00+01:00;663;28-1-2024;1;28;4;6;15;3;0
2024-01-28 16:00:00+01:00;664;28-1-2024;1;28;4;6;16;3;0
2024-01-28 17:00:00+01:00;665;28-1-2024;1;28;4;6;17;3;0
2024-01-28 18:00:00+01:00;666;28-1-2024;1;28;4;6;18;3;0
2024-01-28 19:00:00+01:00;667;28-1-2024;1;28;4;6;19;3;0
2024-01-28 20:00:00+01:00;668;28-1-2024;1;28;4;6;20;3;0
2024-01-28 21:00:00+01:00;669;28-1-2024;1;28;4;6;21;3;0
2024-01-28 22:00:00+01:00;670;28-1-2024;1;28;4;6;22;3;0
2024-01-28 23:00:00+01:00;671;28-1-2024;1;28;4;6;23;3;0
2024-01-29 00:00:00+01:00;672;29-1-2024;1;29;5;0;0;1;0
2024-01-29 01:00:00+01:00;673;29-1-2024;1;29;5;0;1;1;0
2024-01-29 02:00:00+01:00;674;29-1-2024;1;29;5;0;2;1;0
2024-01-29 03:00:00+01:00;675;29-1-2024;1;29;5;0;3;1;0
2024-01-29 04:00:00+01:00;676;29-1-2024;1;29;5;0;4;1;0
2024-01-29 05:00:00+01:00;677;29-1-2024;1;29;5;0;5;1;0
2024-01-29 06:00:00+01:00;678;29-1-2024;1;29;5;0;6;1;0
2024-01-29 07:00:00+01:00;679;29-1-2024;1;29;5;0;7;1;0
2024-01-29 08:00:00+01:00;680;29-1-2024;1;29;5;0;8;1;60
2024-01-29 09:00:00+01:00;681;29-1-2024;1;29;5;0;9;1;60
2024-01-29 10:00:00+01:00;682;29-1-2024;1;29;5;0;10;1;90
2024-01-29 11:00:00+01:00;683;29-1-2024;1;29;5;0;11;1;90
2024-01-29 12:00:00+01:00;684;29-1-2024;1;29;5;0;12;1;50
2024-01-29 13:00:00+01:00;685;29-1-2024;1;29;5;0;13;1;50
2024-01-29 14:00:00+01:00;686;29-1-2024;1;29;5;0;14;1;80
2024-01-29 15:00:00+01:00;687;29-1-2024;1;29;5;0;15;1;80
2024-01-29 16:00:00+01:00;688;29-1-2024;1;29;5;0;16;1;80
2024-01-29 17:00:00+01:00;689;29-1-2024;1;29;5;0;17;1;50
2024-01-29 18:00:00+01:00;690;29-1-2024;1;29;5;0;18;1;42
2024-01-29 19:00:00+01:00;691;29-1-2024;1;29;5;0;19;1;33
2024-01-29 20:00:00+01:00;692;29-1-2024;1;29;5;0;20;1;25
2024-01-29 21:00:00+01:00;693;29-1-2024;1;29;5;0;21;1;17
2024-01-29 22:00:00+01:00;694;29-1-2024;1;29;5;0;22;1;8
2024-01-29 23:00:00+01:00;695;29-1-2024;1;29;5;0;23;1;0
2024-01-30 00:00:00+01:00;696;30-1-2024;1;30;5;1;0;1;0
2024-01-30 01:00:00+01:00;697;30-1-2024;1;30;5;1;1;1;0
2024-01-30 02:00:00+01:00;698;30-1-2024;1;30;5;1;2;1;0
2024-01-30 03:00:00+01:00;699;30-1-2024;1;30;5;1;3;1;0
2024-01-30 04:00:00+01:00;700;30-1-2024;1;30;5;1;4;1;0
2024-01-30 05:00:00+01:00;701;30-1-2024;1;30;5;1;5;1;0
2024-01-30 06:00:00+01:00;702;30-1-2024;1;30;5;1;6;1;0
2024-01-30 07:00:00+01:00;703;30-1-2024;1;30;5;1;7;1;0
2024-01-30 08:00:00+01:00;704;30-1-2024;1;30;5;1;8;1;60
2024-01-30 09:00:00+01:00;705;30-1-2024;1;30;5;1;9;1;60
2024-01-30 10:00:00+01:00;706;30-1-2024;1;30;5;1;10;1;90
2024-01-30 11:00:00+01:00;707;30-1-2024;1;30;5;1;11;1;90
2024-01-30 12:00:00+01:00;708;30-1-2024;1;30;5;1;12;1;50
2024-01-30 13:00:00+01:00;709;30-1-2024;1;30;5;1;13;1;50
2024-01-30 14:00:00+01:00;710;30-1-2024;1;30;5;1;14;1;80
2024-01-30 15:00:00+01:00;711;30-1-2024;1;30;5;1;15;1;80
2024-01-30 16:00:00+01:00;712;30-1-2024;1;30;5;1;16;1;80
2024-01-30 17:00:00+01:00;713;30-1-2024;1;30;5;1;17;1;50
2024-01-30 18:00:00+01:00;714;30-1-2024;1;30;5;1;18;1;42
2024-01-30 19:00:00+01:00;715;30-1-2024;1;30;5;1;19;1;33
2024-01-30 20:00:00+01:00;716;30-1-2024;1;30;5;1;20;1;25
2024-01-30 21:00:00+01:00;717;30-1-2024;1;30;5;1;21;1;17
2024-01-30 22:00:00+01:00;718;30-1-2024;1;30;5;1;22;1;8
2024-01-30 23:00:00+01:00;719;30-1-2024;1;30;5;1;23;1;0
2024-01-31 00:00:00+01:00;720;31-1-2024;1;31;5;2;0;1;0
2024-01-31 01:00:00+01:00;721;31-1-2024;1;31;5;2;1;1;0
2024-01-31 02:00:00+01:00;722;31-1-2024;1;31;5;2;2;1;0
2024-01-31 03:00:00+01:00;723;31-1-2024;1;31;5;2;3;1;0
2024-01-31 04:00:00+01:00;724;31-1-2024;1;31;5;2;4;1;0
2024-01-31 05:00:00+01:00;725;31-1-2024;1;31;5;2;5;1;0
2024-01-31 06:00:00+01:00;726;31-1-2024;1;31;5;2;6;1;0
2024-01-31 07:00:00+01:00;727;31-1-2024;1;31;5;2;7;1;0
2024-01-31 08:00:00+01:00;728;31-1-2024;1;31;5;2;8;1;60
2024-01-31 09:00:00+01:00;729;31-1-2024;1;31;5;2;9;1;60
2024-01-31 10:00:00+01:00;730;31-1-2024;1;31;5;2;10;1;90
2024-01-31 11:00:00+01:00;731;31-1-2024;1;31;5;2;11;1;90
2024-01-31 12:00:00+01:00;732;31-1-2024;1;31;5;2;12;1;50
2024-01-31 13:00:00+01:00;733;31-1-2024;1;31;5;2;13;1;50
2024-01-31 14:00:00+01:00;734;31-1-2024;1;31;5;2;14;1;80
2024-01-31 15:00:00+01:00;735;31-1-2024;1;31;5;2;15;1;80
2024-01-31 16:00:00+01:00;736;31-1-2024;1;31;5;2;16;1;80
2024-01-31 17:00:00+01:00;737;31-1-2024;1;31;5;2;17;1;50
2024-01-31 18:00:00+01:00;738;31-1-2024;1;31;5;2;18;1;42
2024-01-31 19:00:00+01:00;739;31-1-2024;1;31;5;2;19;1;33
2024-01-31 20:00:00+01:00;740;31-1-2024;1;31;5;2;20;1;25
2024-01-31 21:00:00+01:00;741;31-1-2024;1;31;5;2;21;1;17
2024-01-31 22:00:00+01:00;742;31-1-2024;1;31;5;2;22;1;8
2024-01-31 23:00:00+01:00;743;31-1-2024;1;31;5;2;23;1;0
2024-02-01 00:00:00+01:00;744;1-2-2024;2;1;5;3;0;1;0
2024-02-01 01:00:00+01:00;745;1-2-2024;2;1;5;3;1;1;0
2024-02-01 02:00:00+01:00;746;1-2-2024;2;1;5;3;2;1;0
2024-02-01 03:00:00+01:00;747;1-2-2024;2;1;5;3;3;1;0
2024-02-01 04:00:00+01:00;748;1-2-2024;2;1;5;3;4;1;0
2024-02-01 05:00:00+01:00;749;1-2-2024;2;1;5;3;5;1;0
2024-02-01 06:00:00+01:00;750;1-2-2024;2;1;5;3;6;1;0
2024-02-01 07:00:00+01:00;751;1-2-2024;2;1;5;3;7;1;0
2024-02-01 08:00:00+01:00;752;1-2-2024;2;1;5;3;8;1;60
2024-02-01 09:00:00+01:00;753;1-2-2024;2;1;5;3;9;1;60
2024-02-01 10:00:00+01:00;754;1-2-2024;2;1;5;3;10;1;90
2024-02-01 11:00:00+01:00;755;1-2-2024;2;1;5;3;11;1;90
2024-02-01 12:00:00+01:00;756;1-2-2024;2;1;5;3;12;1;50
2024-02-01 13:00:00+01:00;757;1-2-2024;2;1;5;3;13;1;50
2024-02-01 14:00:00+01:00;758;1-2-2024;2;1;5;3;14;1;80
2024-02-01 15:00:00+01:00;759;1-2-2024;2;1;5;3;15;1;80
2024-02-01 16:00:00+01:00;760;1-2-2024;2;1;5;3;16;1;80
2024-02-01 17:00:00+01:00;761;1-2-2024;2;1;5;3;17;1;50
2024-02-01 18:00:00+01:00;762;1-2-2024;2;1;5;3;18;1;42
2024-02-01 19:00:00+01:00;763;1-2-2024;2;1;5;3;19;1;33
2024-02-01 20:00:00+01:00;764;1-2-2024;2;1;5;3;20;1;25
2024-02-01 21:00:00+01:00;765;1-2-2024;2;1;5;3;21;1;17
2024-02-01 22:00:00+01:00;766;1-2-2024;2;1;5;3;22;1;8
2024-02-01 23:00:00+01:00;767;1-2-2024;2;1;5;3;23;1;0
2024-02-02 00:00:00+01:00;768;2-2-2024;2;2;5;4;0;1;0
2024-02-02 01:00:00+01:00;769;2-2-2024;2;2;5;4;1;1;0
2024-02-02 02:00:00+01:00;770;2-2-2024;2;2;5;4;2;1;0
2024-02-02 03:00:00+01:00;771;2-2-2024;2;2;5;4;3;1;0
2024-02-02 04:00:00+01:00;772;2-2-2024;2;2;5;4;4;1;0
2024-02-02 05:00:00+01:00;773;2-2-2024;2;2;5;4;5;1;0
2024-02-02 06:00:00+01:00;774;2-2-2024;2;2;5;4;6;1;0
2024-02-02 07:00:00+01:00;775;2-2-2024;2;2;5;4;7;1;0
2024-02-02 08:00:00+01:00;776;2-2-2024;2;2;5;4;8;1;60
2024-02-02 09:00:00+01:00;777;2-2-2024;2;2;5;4;9;1;60
2024-02-02 10:00:00+01:00;778;2-2-2024;2;2;5;4;10;1;90
2024-02-02 11:00:00+01:00;779;2-2-2024;2;2;5;4;11;1;90
2024-02-02 12:00:00+01:00;780;2-2-2024;2;2;5;4;12;1;50
2024-02-02 13:00:00+01:00;781;2-2-2024;2;2;5;4;13;1;50
2024-02-02 14:00:00+01:00;782;2-2-2024;2;2;5;4;14;1;80
2024-02-02 15:00:00+01:00;783;2-2-2024;2;2;5;4;15;1;80
2024-02-02 16:00:00+01:00;784;2-2-2024;2;2;5;4;16;1;80
2024-02-02 17:00:00+01:00;785;2-2-2024;2;2;5;4;17;1;50
2024-02-02 18:00:00+01:00;786;2-2-2024;2;2;5;4;18;1;42
2024-02-02 19:00:00+01:00;787;2-2-2024;2;2;5;4;19;1;33
2024-02-02 20:00:00+01:00;788;2-2-2024;2;2;5;4;20;1;25
2024-02-02 21:00:00+01:00;789;2-2-2024;2;2;5;4;21;1;17
2024-02-02 22:00:00+01:00;790;2-2-2024;2;2;5;4;22;1;8
2024-02-02 23:00:00+01:00;791;2-2-2024;2;2;5;4;23;1;0
2024-02-03 00:00:00+01:00;792;3-2-2024;2;3;5;5;0;2;0
2024-02-03 01:00:00+01:00;793;3-2-2024;2;3;5;5;1;2;0
2024-02-03 02:00:00+01:00;794;3-2-2024;2;3;5;5;2;2;0
2024-02-03 03:00:00+01:00;795;3-2-2024;2;3;5;5;3;2;0
2024-02-03 04:00:00+01:00;796;3-2-2024;2;3;5;5;4;2;0
2024-02-03 05:00:00+01:00;797;3-2-2024;2;3;5;5;5;2;0
2024-02-03 06:00:00+01:00;798;3-2-2024;2;3;5;5;6;2;0
2024-02-03 07:00:00+01:00;799;3-2-2024;2;3;5;5;7;2;0
2024-02-03 08:00:00+01:00;800;3-2-2024;2;3;5;5;8;2;0
2024-02-03 09:00:00+01:00;801;3-2-2024;2;3;5;5;9;2;0
2024-02-03 10:00:00+01:00;802;3-2-2024;2;3;5;5;10;2;50
2024-02-03 11:00:00+01:00;803;3-2-2024;2;3;5;5;11;2;50
2024-02-03 12:00:00+01:00;804;3-2-2024;2;3;5;5;12;2;30
2024-02-03 13:00:00+01:00;805;3-2-2024;2;3;5;5;13;2;30
2024-02-03 14:00:00+01:00;806;3-2-2024;2;3;5;5;14;2;50
2024-02-03 15:00:00+01:00;807;3-2-2024;2;3;5;5;15;2;50
2024-02-03 16:00:00+01:00;808;3-2-2024;2;3;5;5;16;2;50
2024-02-03 17:00:00+01:00;809;3-2-2024;2;3;5;5;17;2;0
2024-02-03 18:00:00+01:00;810;3-2-2024;2;3;5;5;18;2;0
2024-02-03 19:00:00+01:00;811;3-2-2024;2;3;5;5;19;2;0
2024-02-03 20:00:00+01:00;812;3-2-2024;2;3;5;5;20;2;0
2024-02-03 21:00:00+01:00;813;3-2-2024;2;3;5;5;21;2;0
2024-02-03 22:00:00+01:00;814;3-2-2024;2;3;5;5;22;2;0
2024-02-03 23:00:00+01:00;815;3-2-2024;2;3;5;5;23;2;0
2024-02-04 00:00:00+01:00;816;4-2-2024;2;4;5;6;0;3;0
2024-02-04 01:00:00+01:00;817;4-2-2024;2;4;5;6;1;3;0
2024-02-04 02:00:00+01:00;818;4-2-2024;2;4;5;6;2;3;0
2024-02-04 03:00:00+01:00;819;4-2-2024;2;4;5;6;3;3;0
2024-02-04 04:00:00+01:00;820;4-2-2024;2;4;5;6;4;3;0
2024-02-04 05:00:00+01:00;821;4-2-2024;2;4;5;6;5;3;0
2024-02-04 06:00:00+01:00;822;4-2-2024;2;4;5;6;6;3;0
2024-02-04 07:00:00+01:00;823;4-2-2024;2;4;5;6;7;3;0
2024-02-04 08:00:00+01:00;824;4-2-2024;2;4;5;6;8;3;0
2024-02-04 09:00:00+01:00;825;4-2-2024;2;4;5;6;9;3;0
2024-02-04 10:00:00+01:00;826;4-2-2024;2;4;5;6;10;3;0
2024-02-04 11:00:00+01:00;827;4-2-2024;2;4;5;6;11;3;0
2024-02-04 12:00:00+01:00;828;4-2-2024;2;4;5;6;12;3;0
2024-02-04 13:00:00+01:00;829;4-2-2024;2;4;5;6;13;3;0
2024-02-04 14:00:00+01:00;830;4-2-2024;2;4;5;6;14;3;0
2024-02-04 15:00:00+01:00;831;4-2-2024;2;4;5;6;15;3;0
2024-02-04 16:00:00+01:00;832;4-2-2024;2;4;5;6;16;3;0
2024-02-04 17:00:00+01:00;833;4-2-2024;2;4;5;6;17;3;0
2024-02-04 18:00:00+01:00;834;4-2-2024;2;4;5;6;18;3;0
2024-02-04 19:00:00+01:00;835;4-2-2024;2;4;5;6;19;3;0
2024-02-04 20:00:00+01:00;836;4-2-2024;2;4;5;6;20;3;0
2024-02-04 21:00:00+01:00;837;4-2-2024;2;4;5;6;21;3;0
2024-02-04 22:00:00+01:00;838;4-2-2024;2;4;5;6;22;3;0
2024-02-04 23:00:00+01:00;839;4-2-2024;2;4;5;6;23;3;0
2024-02-05 00:00:00+01:00;840;5-2-2024;2;5;6;0;0;1;0
2024-02-05 01:00:00+01:00;841;5-2-2024;2;5;6;0;1;1;0
2024-02-05 02:00:00+01:00;842;5-2-2024;2;5;6;0;2;1;0
2024-02-05 03:00:00+01:00;843;5-2-2024;2;5;6;0;3;1;0
2024-02-05 04:00:00+01:00;844;5-2-2024;2;5;6;0;4;1;0
2024-02-05 05:00:00+01:00;845;5-2-2024;2;5;6;0;5;1;0
2024-02-05 06:00:00+01:00;846;5-2-2024;2;5;6;0;6;1;0
2024-02-05 07:00:00+01:00;847;5-2-2024;2;5;6;0;7;1;0
2024-02-05 08:00:00+01:00;848;5-2-2024;2;5;6;0;8;1;60
2024-02-05 09:00:00+01:00;849;5-2-2024;2;5;6;0;9;1;60
2024-02-05 10:00:00+01:00;850;5-2-2024;2;5;6;0;10;1;90
2024-02-05 11:00:00+01:00;851;5-2-2024;2;5;6;0;11;1;90
2024-02-05 12:00:00+01:00;852;5-2-2024;2;5;6;0;12;1;50
2024-02-05 13:00:00+01:00;853;5-2-2024;2;5;6;0;13;1;50
2024-02-05 14:00:00+01:00;854;5-2-2024;2;5;6;0;14;1;80
2024-02-05 15:00:00+01:00;855;5-2-2024;2;5;6;0;15;1;80
2024-02-05 16:00:00+01:00;856;5-2-2024;2;5;6;0;16;1;80
2024-02-05 17:00:00+01:00;857;5-2-2024;2;5;6;0;17;1;50
2024-02-05 18:00:00+01:00;858;5-2-2024;2;5;6;0;18;1;42
2024-02-05 19:00:00+01:00;859;5-2-2024;2;5;6;0;19;1;33
2024-02-05 20:00:00+01:00;860;5-2-2024;2;5;6;0;20;1;25
2024-02-05 21:00:00+01:00;861;5-2-2024;2;5;6;0;21;1;17
2024-02-05 22:00:00+01:00;862;5-2-2024;2;5;6;0;22;1;8
2024-02-05 23:00:00+01:00;863;5-2-2024;2;5;6;0;23;1;0
2024-02-06 00:00:00+01:00;864;6-2-2024;2;6;6;1;0;1;0
2024-02-06 01:00:00+01:00;865;6-2-2024;2;6;6;1;1;1;0
2024-02-06 02:00:00+01:00;866;6-2-2024;2;6;6;1;2;1;0
2024-02-06 03:00:00+01:00;867;6-2-2024;2;6;6;1;3;1;0
2024-02-06 04:00:00+01:00;868;6-2-2024;2;6;6;1;4;1;0
2024-02-06 05:00:00+01:00;869;6-2-2024;2;6;6;1;5;1;0
2024-02-06 06:00:00+01:00;870;6-2-2024;2;6;6;1;6;1;0
2024-02-06 07:00:00+01:00;871;6-2-2024;2;6;6;1;7;1;0
2024-02-06 08:00:00+01:00;872;6-2-2024;2;6;6;1;8;1;60
2024-02-06 09:00:00+01:00;873;6-2-2024;2;6;6;1;9;1;60
2024-02-06 10:00:00+01:00;874;6-2-2024;2;6;6;1;10;1;90
2024-02-06 11:00:00+01:00;875;6-2-2024;2;6;6;1;11;1;90
2024-02-06 12:00:00+01:00;876;6-2-2024;2;6;6;1;12;1;50
2024-02-06 13:00:00+01:00;877;6-2-2024;2;6;6;1;13;1;50
2024-02-06 14:00:00+01:00;878;6-2-2024;2;6;6;1;14;1;80
2024-02-06 15:00:00+01:00;879;6-2-2024;2;6;6;1;15;1;80
2024-02-06 16:00:00+01:00;880;6-2-2024;2;6;6;1;16;1;80
2024-02-06 17:00:00+01:00;881;6-2-2024;2;6;6;1;17;1;50
2024-02-06 18:00:00+01:00;882;6-2-2024;2;6;6;1;18;1;42
2024-02-06 19:00:00+01:00;883;6-2-2024;2;6;6;1;19;1;33
2024-02-06 20:00:00+01:00;884;6-2-2024;2;6;6;1;20;1;25
2024-02-06 21:00:00+01:00;885;6-2-2024;2;6;6;1;21;1;17
2024-02-06 22:00:00+01:00;886;6-2-2024;2;6;6;1;22;1;8
2024-02-06 23:00:00+01:00;887;6-2-2024;2;6;6;1;23;1;0
2024-02-07 00:00:00+01:00;888;7-2-2024;2;7;6;2;0;1;0
2024-02-07 01:00:00+01:00;889;7-2-2024;2;7;6;2;1;1;0
2024-02-07 02:00:00+01:00;890;7-2-2024;2;7;6;2;2;1;0
2024-02-07 03:00:00+01:00;891;7-2-2024;2;7;6;2;3;1;0
2024-02-07 04:00:00+01:00;892;7-2-2024;2;7;6;2;4;1;0
2024-02-07 05:00:00+01:00;893;7-2-2024;2;7;6;2;5;1;0
2024-02-07 06:00:00+01:00;894;7-2-2024;2;7;6;2;6;1;0
2024-02-07 07:00:00+01:00;895;7-2-2024;2;7;6;2;7;1;0
2024-02-07 08:00:00+01:00;896;7-2-2024;2;7;6;2;8;1;60
2024-02-07 09:00:00+01:00;897;7-2-2024;2;7;6;2;9;1;60
2024-02-07 10:00:00+01:00;898;7-2-2024;2;7;6;2;10;1;90
2024-02-07 11:00:00+01:00;899;7-2-2024;2;7;6;2;11;1;90
2024-02-07 12:00:00+01:00;900;7-2-2024;2;7;6;2;12;1;50
2024-02-07 13:00:00+01:00;901;7-2-2024;2;7;6;2;13;1;50
2024-02-07 14:00:00+01:00;902;7-2-2024;2;7;6;2;14;1;80
2024-02-07 15:00:00+01:00;903;7-2-2024;2;7;6;2;15;1;80
2024-02-07 16:00:00+01:00;904;7-2-2024;2;7;6;2;16;1;80
2024-02-07 17:00:00+01:00;905;7-2-2024;2;7;6;2;17;1;50
2024-02-07 18:00:00+01:00;906;7-2-2024;2;7;6;2;18;1;42
2024-02-07 19:00:00+01:00;907;7-2-2024;2;7;6;2;19;1;33
2024-02-07 20:00:00+01:00;908;7-2-2024;2;7;6;2;20;1;25
2024-02-07 21:00:00+01:00;909;7-2-2024;2;7;6;2;21;1;17
2024-02-07 22:00:00+01:00;910;7-2-2024;2;7;6;2;22;1;8
2024-02-07 23:00:00+01:00;911;7-2-2024;2;7;6;2;23;1;0
2024-02-08 00:00:00+01:00;912;8-2-2024;2;8;6;3;0;1;0
2024-02-08 01:00:00+01:00;913;8-2-2024;2;8;6;3;1;1;0
2024-02-08 02:00:00+01:00;914;8-2-2024;2;8;6;3;2;1;0
2024-02-08 03:00:00+01:00;915;8-2-2024;2;8;6;3;3;1;0
2024-02-08 04:00:00+01:00;916;8-2-2024;2;8;6;3;4;1;0
2024-02-08 05:00:00+01:00;917;8-2-2024;2;8;6;3;5;1;0
2024-02-08 06:00:00+01:00;918;8-2-2024;2;8;6;3;6;1;0
2024-02-08 07:00:00+01:00;919;8-2-2024;2;8;6;3;7;1;0
2024-02-08 08:00:00+01:00;920;8-2-2024;2;8;6;3;8;1;60
2024-02-08 09:00:00+01:00;921;8-2-2024;2;8;6;3;9;1;60
2024-02-08 10:00:00+01:00;922;8-2-2024;2;8;6;3;10;1;90
2024-02-08 11:00:00+01:00;923;8-2-2024;2;8;6;3;11;1;90
2024-02-08 12:00:00+01:00;924;8-2-2024;2;8;6;3;12;1;50
2024-02-08 13:00:00+01:00;925;8-2-2024;2;8;6;3;13;1;50
2024-02-08 14:00:00+01:00;926;8-2-2024;2;8;6;3;14;1;80
2024-02-08 15:00:00+01:00;927;8-2-2024;2;8;6;3;15;1;80
2024-02-08 16:00:00+01:00;928;8-2-2024;2;8;6;3;16;1;80
2024-02-08 17:00:00+01:00;929;8-2-2024;2;8;6;3;17;1;50
2024-02-08 18:00:00+01:00;930;8-2-2024;2;8;6;3;18;1;42
2024-02-08 19:00:00+01:00;931;8-2-2024;2;8;6;3;19;1;33
2024-02-08 20:00:00+01:00;932;8-2-2024;2;8;6;3;20;1;25
2024-02-08 21:00:00+01:00;933;8-2-2024;2;8;6;3;21;1;17
2024-02-08 22:00:00+01:00;934;8-2-2024;2;8;6;3;22;1;8
2024-02-08 23:00:00+01:00;935;8-2-2024;2;8;6;3;23;1;0
2024-02-09 00:00:00+01:00;936;9-2-2024;2;9;6;4;0;1;0
2024-02-09 01:00:00+01:00;937;9-2-2024;2;9;6;4;1;1;0
2024-02-09 02:00:00+01:00;938;9-2-2024;2;9;6;4;2;1;0
2024-02-09 03:00:00+01:00;939;9-2-2024;2;9;6;4;3;1;0
2024-02-09 04:00:00+01:00;940;9-2-2024;2;9;6;4;4;1;0
2024-02-09 05:00:00+01:00;941;9-2-2024;2;9;6;4;5;1;0
2024-02-09 06:00:00+01:00;942;9-2-2024;2;9;6;4;6;1;0
2024-02-09 07:00:00+01:00;943;9-2-2024;2;9;6;4;7;1;0
2024-02-09 08:00:00+01:00;944;9-2-2024;2;9;6;4;8;1;60
2024-02-09 09:00:00+01:00;945;9-2-2024;2;9;6;4;9;1;60
2024-02-09 10:00:00+01:00;946;9-2-2024;2;9;6;4;10;1;90
2024-02-09 11:00:00+01:00;947;9-2-2024;2;9;6;4;11;1;90
2024-02-09 12:00:00+01:00;948;9-2-2024;2;9;6;4;12;1;50
2024-02-09 13:00:00+01:00;949;9-2-2024;2;9;6;4;13;1;50
2024-02-09 14:00:00+01:00;950;9-2-2024;2;9;6;4;14;1;80
2024-02-09 15:00:00+01:00;951;9-2-2024;2;9;6;4;15;1;80
2024-02-09 16:00:00+01:00;952;9-2-2024;2;9;6;4;16;1;80
2024-02-09 17:00:00+01:00;953;9-2-2024;2;9;6;4;17;1;50
2024-02-09 18:00:00+01:00;954;9-2-2024;2;9;6;4;18;1;42
2024-02-09 19:00:00+01:00;955;9-2-2024;2;9;6;4;19;1;33
2024-02-09 20:00:00+01:00;956;9-2-2024;2;9;6;4;20;1;25
2024-02-09 21:00:00+01:00;957;9-2-2024;2;9;6;4;21;1;17
2024-02-09 22:00:00+01:00;958;9-2-2024;2;9;6;4;22;1;8
2024-02-09 23:00:00+01:00;959;9-2-2024;2;9;6;4;23;1;0
2024-02-10 00:00:00+01:00;960;10-2-2024;2;10;6;5;0;2;0
2024-02-10 01:00:00+01:00;961;10-2-2024;2;10;6;5;1;2;0
2024-02-10 02:00:00+01:00;962;10-2-2024;2;10;6;5;2;2;0
2024-02-10 03:00:00+01:00;963;10-2-2024;2;10;6;5;3;2;0
2024-02-10 04:00:00+01:00;964;10-2-2024;2;10;6;5;4;2;0
2024-02-10 05:00:00+01:00;965;10-2-2024;2;10;6;5;5;2;0
2024-02-10 06:00:00+01:00;966;10-2-2024;2;10;6;5;6;2;0
2024-02-10 07:00:00+01:00;967;10-2-2024;2;10;6;5;7;2;0
2024-02-10 08:00:00+01:00;968;10-2-2024;2;10;6;5;8;2;0
2024-02-10 09:00:00+01:00;969;10-2-2024;2;10;6;5;9;2;0
2024-02-10 10:00:00+01:00;970;10-2-2024;2;10;6;5;10;2;50
2024-02-10 11:00:00+01:00;971;10-2-2024;2;10;6;5;11;2;50
2024-02-10 12:00:00+01:00;972;10-2-2024;2;10;6;5;12;2;30
2024-02-10 13:00:00+01:00;973;10-2-2024;2;10;6;5;13;2;30
2024-02-10 14:00:00+01:00;974;10-2-2024;2;10;6;5;14;2;50
2024-02-10 15:00:00+01:00;975;10-2-2024;2;10;6;5;15;2;50
2024-02-10 16:00:00+01:00;976;10-2-2024;2;10;6;5;16;2;50
2024-02-10 17:00:00+01:00;977;10-2-2024;2;10;6;5;17;2;0
2024-02-10 18:00:00+01:00;978;10-2-2024;2;10;6;5;18;2;0
2024-02-10 19:00:00+01:00;979;10-2-2024;2;10;6;5;19;2;0
2024-02-10 20:00:00+01:00;980;10-2-2024;2;10;6;5;20;2;0
2024-02-10 21:00:00+01:00;981;10-2-2024;2;10;6;5;21;2;0
2024-02-10 22:00:00+01:00;982;10-2-2024;2;10;6;5;22;2;0
2024-02-10 23:00:00+01:00;983;10-2-2024;2;10;6;5;23;2;0
2024-02-11 00:00:00+01:00;984;11-2-2024;2;11;6;6;0;3;0
2024-02-11 01:00:00+01:00;985;11-2-2024;2;11;6;6;1;3;0
2024-02-11 02:00:00+01:00;986;11-2-2024;2;11;6;6;2;3;0
2024-02-11 03:00:00+01:00;987;11-2-2024;2;11;6;6;3;3;0
2024-02-11 04:00:00+01:00;988;11-2-2024;2;11;6;6;4;3;0
2024-02-11 05:00:00+01:00;989;11-2-2024;2;11;6;6;5;3;0
2024-02-11 06:00:00+01:00;990;11-2-2024;2;11;6;6;6;3;0
2024-02-11 07:00:00+01:00;991;11-2-2024;2;11;6;6;7;3;0
2024-02-11 08:00:00+01:00;992;11-2-2024;2;11;6;6;8;3;0
2024-02-11 09:00:00+01:00;993;11-2-2024;2;11;6;6;9;3;0
2024-02-11 10:00:00+01:00;994;11-2-2024;2;11;6;6;10;3;0
2024-02-11 11:00:00+01:00;995;11-2-2024;2;11;6;6;11;3;0
2024-02-11 12:00:00+01:00;996;11-2-2024;2;11;6;6;12;3;0
2024-02-11 13:00:00+01:00;997;11-2-2024;2;11;6;6;13;3;0
2024-02-11 14:00:00+01:00;998;11-2-2024;2;11;6;6;14;3;0
2024-02-11 15:00:00+01:00;999;11-2-2024;2;11;6;6;15;3;0
2024-02-11 16:00:00+01:00;1000;11-2-2024;2;11;6;6;16;3;0
2024-02-11 17:00:00+01:00;1001;11-2-2024;2;11;6;6;17;3;0
2024-02-11 18:00:00+01:00;1002;11-2-2024;2;11;6;6;18;3;0
2024-02-11 19:00:00+01:00;1003;11-2-2024;2;11;6;6;19;3;0
2024-02-11 20:00:00+01:00;1004;11-2-2024;2;11;6;6;20;3;0
2024-02-11 21:00:00+01:00;1005;11-2-2024;2;11;6;6;21;3;0
2024-02-11 22:00:00+01:00;1006;11-2-2024;2;11;6;6;22;3;0
2024-02-11 23:00:00+01:00;1007;11-2-2024;2;11;6;6;23;3;0
2024-02-12 00:00:00+01:00;1008;12-2-2024;2;12;7;0;0;1;0
2024-02-12 01:00:00+01:00;1009;12-2-2024;2;12;7;0;1;1;0
2024-02-12 02:00:00+01:00;1010;12-2-2024;2;12;7;0;2;1;0
2024-02-12 03:00:00+01:00;1011;12-2-2024;2;12;7;0;3;1;0
2024-02-12 04:00:00+01:00;1012;12-2-2024;2;12;7;0;4;1;0
2024-02-12 05:00:00+01:00;1013;12-2-2024;2;12;7;0;5;1;0
2024-02-12 06:00:00+01:00;1014;12-2-2024;2;12;7;0;6;1;0
2024-02-12 07:00:00+01:00;1015;12-2-2024;2;12;7;0;7;1;0
2024-02-12 08:00:00+01:00;1016;12-2-2024;2;12;7;0;8;1;60
2024-02-12 09:00:00+01:00;1017;12-2-2024;2;12;7;0;9;1;60
2024-02-12 10:00:00+01:00;1018;12-2-2024;2;12;7;0;10;1;90
2024-02-12 11:00:00+01:00;1019;12-2-2024;2;12;7;0;11;1;90
2024-02-12 12:00:00+01:00;1020;12-2-2024;2;12;7;0;12;1;50
2024-02-12 13:00:00+01:00;1021;12-2-2024;2;12;7;0;13;1;50
2024-02-12 14:00:00+01:00;1022;12-2-2024;2;12;7;0;14;1;80
2024-02-12 15:00:00+01:00;1023;12-2-2024;2;12;7;0;15;1;80
2024-02-12 16:00:00+01:00;1024;12-2-2024;2;12;7;0;16;1;80
2024-02-12 17:00:00+01:00;1025;12-2-2024;2;12;7;0;17;1;50
2024-02-12 18:00:00+01:00;1026;12-2-2024;2;12;7;0;18;1;42
2024-02-12 19:00:00+01:00;1027;12-2-2024;2;12;7;0;19;1;33
2024-02-12 20:00:00+01:00;1028;12-2-2024;2;12;7;0;20;1;25
2024-02-12 21:00:00+01:00;1029;12-2-2024;2;12;7;0;21;1;17
2024-02-12 22:00:00+01:00;1030;12-2-2024;2;12;7;0;22;1;8
2024-02-12 23:00:00+01:00;1031;12-2-2024;2;12;7;0;23;1;0
2024-02-13 00:00:00+01:00;1032;13-2-2024;2;13;7;1;0;1;0
2024-02-13 01:00:00+01:00;1033;13-2-2024;2;13;7;1;1;1;0
2024-02-13 02:00:00+01:00;1034;13-2-2024;2;13;7;1;2;1;0
2024-02-13 03:00:00+01:00;1035;13-2-2024;2;13;7;1;3;1;0
2024-02-13 04:00:00+01:00;1036;13-2-2024;2;13;7;1;4;1;0
2024-02-13 05:00:00+01:00;1037;13-2-2024;2;13;7;1;5;1;0
2024-02-13 06:00:00+01:00;1038;13-2-2024;2;13;7;1;6;1;0
2024-02-13 07:00:00+01:00;1039;13-2-2024;2;13;7;1;7;1;0
2024-02-13 08:00:00+01:00;1040;13-2-2024;2;13;7;1;8;1;60
2024-02-13 09:00:00+01:00;1041;13-2-2024;2;13;7;1;9;1;60
2024-02-13 10:00:00+01:00;1042;13-2-2024;2;13;7;1;10;1;90
2024-02-13 11:00:00+01:00;1043;13-2-2024;2;13;7;1;11;1;90
2024-02-13 12:00:00+01:00;1044;13-2-2024;2;13;7;1;12;1;50
2024-02-13 13:00:00+01:00;1045;13-2-2024;2;13;7;1;13;1;50
2024-02-13 14:00:00+01:00;1046;13-2-2024;2;13;7;1;14;1;80
2024-02-13 15:00:00+01:00;1047;13-2-2024;2;13;7;1;15;1;80
2024-02-13 16:00:00+01:00;1048;13-2-2024;2;13;7;1;16;1;80
2024-02-13 17:00:00+01:00;1049;13-2-2024;2;13;7;1;17;1;50
2024-02-13 18:00:00+01:00;1050;13-2-2024;2;13;7;1;18;1;42
2024-02-13 19:00:00+01:00;1051;13-2-2024;2;13;7;1;19;1;33
2024-02-13 20:00:00+01:00;1052;13-2-2024;2;13;7;1;20;1;25
2024-02-13 21:00:00+01:00;1053;13-2-2024;2;13;7;1;21;1;17
2024-02-13 22:00:00+01:00;1054;13-2-2024;2;13;7;1;22;1;8
2024-02-13 23:00:00+01:00;1055;13-2-2024;2;13;7;1;23;1;0
2024-02-14 00:00:00+01:00;1056;14-2-2024;2;14;7;2;0;1;0
2024-02-14 01:00:00+01:00;1057;14-2-2024;2;14;7;2;1;1;0
2024-02-14 02:00:00+01:00;1058;14-2-2024;2;14;7;2;2;1;0
2024-02-14 03:00:00+01:00;1059;14-2-2024;2;14;7;2;3;1;0
2024-02-14 04:00:00+01:00;1060;14-2-2024;2;14;7;2;4;1;0
2024-02-14 05:00:00+01:00;1061;14-2-2024;2;14;7;2;5;1;0
2024-02-14 06:00:00+01:00;1062;14-2-2024;2;14;7;2;6;1;0
2024-02-14 07:00:00+01:00;1063;14-2-2024;2;14;7;2;7;1;0
2024-02-14 08:00:00+01:00;1064;14-2-2024;2;14;7;2;8;1;60
2024-02-14 09:00:00+01:00;1065;14-2-2024;2;14;7;2;9;1;60
2024-02-14 10:00:00+01:00;1066;14-2-2024;2;14;7;2;10;1;90
2024-02-14 11:00:00+01:00;1067;14-2-2024;2;14;7;2;11;1;90
2024-02-14 12:00:00+01:00;1068;14-2-2024;2;14;7;2;12;1;50
2024-02-14 13:00:00+01:00;1069;14-2-2024;2;14;7;2;13;1;50
2024-02-14 14:00:00+01:00;1070;14-2-2024;2;14;7;2;14;1;80
2024-02-14 15:00:00+01:00;1071;14-2-2024;2;14;7;2;15;1;80
2024-02-14 16:00:00+01:00;1072;14-2-2024;2;14;7;2;16;1;80
2024-02-14 17:00:00+01:00;1073;14-2-2024;2;14;7;2;17;1;50
2024-02-14 18:00:00+01:00;1074;14-2-2024;2;14;7;2;18;1;42
2024-02-14 19:00:00+01:00;1075;14-2-2024;2;14;7;2;19;1;33
2024-02-14 20:00:00+01:00;1076;14-2-2024;2;14;7;2;20;1;25
2024-02-14 21:00:00+01:00;1077;14-2-2024;2;14;7;2;21;1;17
2024-02-14 22:00:00+01:00;1078;14-2-2024;2;14;7;2;22;1;8
2024-02-14 23:00:00+01:00;1079;14-2-2024;2;14;7;2;23;1;0
2024-02-15 00:00:00+01:00;1080;15-2-2024;2;15;7;3;0;1;0
2024-02-15 01:00:00+01:00;1081;15-2-2024;2;15;7;3;1;1;0
2024-02-15 02:00:00+01:00;1082;15-2-2024;2;15;7;3;2;1;0
2024-02-15 03:00:00+01:00;1083;15-2-2024;2;15;7;3;3;1;0
2024-02-15 04:00:00+01:00;1084;15-2-2024;2;15;7;3;4;1;0
2024-02-15 05:00:00+01:00;1085;15-2-2024;2;15;7;3;5;1;0
2024-02-15 06:00:00+01:00;1086;15-2-2024;2;15;7;3;6;1;0
2024-02-15 07:00:00+01:00;1087;15-2-2024;2;15;7;3;7;1;0
2024-02-15 08:00:00+01:00;1088;15-2-2024;2;15;7;3;8;1;60
2024-02-15 09:00:00+01:00;1089;15-2-2024;2;15;7;3;9;1;60
2024-02-15 10:00:00+01:00;1090;15-2-2024;2;15;7;3;10;1;90
2024-02-15 11:00:00+01:00;1091;15-2-2024;2;15;7;3;11;1;90
2024-02-15 12:00:00+01:00;1092;15-2-2024;2;15;7;3;12;1;50
2024-02-15 13:00:00+01:00;1093;15-2-2024;2;15;7;3;13;1;50
2024-02-15 14:00:00+01:00;1094;15-2-2024;2;15;7;3;14;1;80
2024-02-15 15:00:00+01:00;1095;15-2-2024;2;15;7;3;15;1;80
2024-02-15 16:00:00+01:00;1096;15-2-2024;2;15;7;3;16;1;80
2024-02-15 17:00:00+01:00;1097;15-2-2024;2;15;7;3;17;1;50
2024-02-15 18:00:00+01:00;1098;15-2-2024;2;15;7;3;18;1;42
2024-02-15 19:00:00+01:00;1099;15-2-2024;2;15;7;3;19;1;33
2024-02-15 20:00:00+01:00;1100;15-2-2024;2;15;7;3;20;1;25
2024-02-15 21:00:00+01:00;1101;15-2-2024;2;15;7;3;21;1;17
2024-02-15 22:00:00+01:00;1102;15-2-2024;2;15;7;3;22;1;8
2024-02-15 23:00:00+01:00;1103;15-2-2024;2;15;7;3;23;1;0
2024-02-16 00:00:00+01:00;1104;16-2-2024;2;16;7;4;0;1;0
2024-02-16 01:00:00+01:00;1105;16-2-2024;2;16;7;4;1;1;0
2024-02-16 02:00:00+01:00;1106;16-2-2024;2;16;7;4;2;1;0
2024-02-16 03:00:00+01:00;1107;16-2-2024;2;16;7;4;3;1;0
2024-02-16 04:00:00+01:00;1108;16-2-2024;2;16;7;4;4;1;0
2024-02-16 05:00:00+01:00;1109;16-2-2024;2;16;7;4;5;1;0
2024-02-16 06:00:00+01:00;1110;16-2-2024;2;16;7;4;6;1;0
2024-02-16 07:00:00+01:00;1111;16-2-2024;2;16;7;4;7;1;0
2024-02-16 08:00:00+01:00;1112;16-2-2024;2;16;7;4;8;1;60
2024-02-16 09:00:00+01:00;1113;16-2-2024;2;16;7;4;9;1;60
2024-02-16 10:00:00+01:00;1114;16-2-2024;2;16;7;4;10;1;90
2024-02-16 11:00:00+01:00;1115;16-2-2024;2;16;7;4;11;1;90
2024-02-16 12:00:00+01:00;1116;16-2-2024;2;16;7;4;12;1;50
2024-02-16 13:00:00+01:00;1117;16-2-2024;2;16;7;4;13;1;50
2024-02-16 14:00:00+01:00;1118;16-2-2024;2;16;7;4;14;1;80
2024-02-16 15:00:00+01:00;1119;16-2-2024;2;16;7;4;15;1;80
2024-02-16 16:00:00+01:00;1120;16-2-2024;2;16;7;4;16;1;80
2024-02-16 17:00:00+01:00;1121;16-2-2024;2;16;7;4;17;1;50
2024-02-16 18:00:00+01:00;1122;16-2-2024;2;16;7;4;18;1;42
2024-02-16 19:00:00+01:00;1123;16-2-2024;2;16;7;4;19;1;33
2024-02-16 20:00:00+01:00;1124;16-2-2024;2;16;7;4;20;1;25
2024-02-16 21:00:00+01:00;1125;16-2-2024;2;16;7;4;21;1;17
2024-02-16 22:00:00+01:00;1126;16-2-2024;2;16;7;4;22;1;8
2024-02-16 23:00:00+01:00;1127;16-2-2024;2;16;7;4;23;1;0
2024-02-17 00:00:00+01:00;1128;17-2-2024;2;17;7;5;0;2;0
2024-02-17 01:00:00+01:00;1129;17-2-2024;2;17;7;5;1;2;0
2024-02-17 02:00:00+01:00;1130;17-2-2024;2;17;7;5;2;2;0
2024-02-17 03:00:00+01:00;1131;17-2-2024;2;17;7;5;3;2;0
2024-02-17 04:00:00+01:00;1132;17-2-2024;2;17;7;5;4;2;0
2024-02-17 05:00:00+01:00;1133;17-2-2024;2;17;7;5;5;2;0
2024-02-17 06:00:00+01:00;1134;17-2-2024;2;17;7;5;6;2;0
2024-02-17 07:00:00+01:00;1135;17-2-2024;2;17;7;5;7;2;0
2024-02-17 08:00:00+01:00;1136;17-2-2024;2;17;7;5;8;2;0
2024-02-17 09:00:00+01:00;1137;17-2-2024;2;17;7;5;9;2;0
2024-02-17 10:00:00+01:00;1138;17-2-2024;2;17;7;5;10;2;50
2024-02-17 11:00:00+01:00;1139;17-2-2024;2;17;7;5;11;2;50
2024-02-17 12:00:00+01:00;1140;17-2-2024;2;17;7;5;12;2;30
2024-02-17 13:00:00+01:00;1141;17-2-2024;2;17;7;5;13;2;30
2024-02-17 14:00:00+01:00;1142;17-2-2024;2;17;7;5;14;2;50
2024-02-17 15:00:00+01:00;1143;17-2-2024;2;17;7;5;15;2;50
2024-02-17 16:00:00+01:00;1144;17-2-2024;2;17;7;5;16;2;50
2024-02-17 17:00:00+01:00;1145;17-2-2024;2;17;7;5;17;2;0
2024-02-17 18:00:00+01:00;1146;17-2-2024;2;17;7;5;18;2;0
2024-02-17 19:00:00+01:00;1147;17-2-2024;2;17;7;5;19;2;0
2024-02-17 20:00:00+01:00;1148;17-2-2024;2;17;7;5;20;2;0
2024-02-17 21:00:00+01:00;1149;17-2-2024;2;17;7;5;21;2;0
2024-02-17 22:00:00+01:00;1150;17-2-2024;2;17;7;5;22;2;0
2024-02-17 23:00:00+01:00;1151;17-2-2024;2;17;7;5;23;2;0
2024-02-18 00:00:00+01:00;1152;18-2-2024;2;18;7;6;0;3;0
2024-02-18 01:00:00+01:00;1153;18-2-2024;2;18;7;6;1;3;0
2024-02-18 02:00:00+01:00;1154;18-2-2024;2;18;7;6;2;3;0
2024-02-18 03:00:00+01:00;1155;18-2-2024;2;18;7;6;3;3;0
2024-02-18 04:00:00+01:00;1156;18-2-2024;2;18;7;6;4;3;0
2024-02-18 05:00:00+01:00;1157;18-2-2024;2;18;7;6;5;3;0
2024-02-18 06:00:00+01:00;1158;18-2-2024;2;18;7;6;6;3;0
2024-02-18 07:00:00+01:00;1159;18-2-2024;2;18;7;6;7;3;0
2024-02-18 08:00:00+01:00;1160;18-2-2024;2;18;7;6;8;3;0
2024-02-18 09:00:00+01:00;1161;18-2-2024;2;18;7;6;9;3;0
2024-02-18 10:00:00+01:00;1162;18-2-2024;2;18;7;6;10;3;0
2024-02-18 11:00:00+01:00;1163;18-2-2024;2;18;7;6;11;3;0
2024-02-18 12:00:00+01:00;1164;18-2-2024;2;18;7;6;12;3;0
2024-02-18 13:00:00+01:00;1165;18-2-2024;2;18;7;6;13;3;0
2024-02-18 14:00:00+01:00;1166;18-2-2024;2;18;7;6;14;3;0
2024-02-18 15:00:00+01:00;1167;18-2-2024;2;18;7;6;15;3;0
2024-02-18 16:00:00+01:00;1168;18-2-2024;2;18;7;6;16;3;0
2024-02-18 17:00:00+01:00;1169;18-2-2024;2;18;7;6;17;3;0
2024-02-18 18:00:00+01:00;1170;18-2-2024;2;18;7;6;18;3;0
2024-02-18 19:00:00+01:00;1171;18-2-2024;2;18;7;6;19;3;0
2024-02-18 20:00:00+01:00;1172;18-2-2024;2;18;7;6;20;3;0
2024-02-18 21:00:00+01:00;1173;18-2-2024;2;18;7;6;21;3;0
2024-02-18 22:00:00+01:00;1174;18-2-2024;2;18;7;6;22;3;0
2024-02-18 23:00:00+01:00;1175;18-2-2024;2;18;7;6;23;3;0
2024-02-19 00:00:00+01:00;1176;19-2-2024;2;19;8;0;0;1;0
2024-02-19 01:00:00+01:00;1177;19-2-2024;2;19;8;0;1;1;0
2024-02-19 02:00:00+01:00;1178;19-2-2024;2;19;8;0;2;1;0
2024-02-19 03:00:00+01:00;1179;19-2-2024;2;19;8;0;3;1;0
2024-02-19 04:00:00+01:00;1180;19-2-2024;2;19;8;0;4;1;0
2024-02-19 05:00:00+01:00;1181;19-2-2024;2;19;8;0;5;1;0
2024-02-19 06:00:00+01:00;1182;19-2-2024;2;19;8;0;6;1;0
2024-02-19 07:00:00+01:00;1183;19-2-2024;2;19;8;0;7;1;0
2024-02-19 08:00:00+01:00;1184;19-2-2024;2;19;8;0;8;1;60
2024-02-19 09:00:00+01:00;1185;19-2-2024;2;19;8;0;9;1;60
2024-02-19 10:00:00+01:00;1186;19-2-2024;2;19;8;0;10;1;90
2024-02-19 11:00:00+01:00;1187;19-2-2024;2;19;8;0;11;1;90
2024-02-19 12:00:00+01:00;1188;19-2-2024;2;19;8;0;12;1;50
2024-02-19 13:00:00+01:00;1189;19-2-2024;2;19;8;0;13;1;50
2024-02-19 14:00:00+01:00;1190;19-2-2024;2;19;8;0;14;1;80
2024-02-19 15:00:00+01:00;1191;19-2-2024;2;19;8;0;15;1;80
2024-02-19 16:00:00+01:00;1192;19-2-2024;2;19;8;0;16;1;80
2024-02-19 17:00:00+01:00;1193;19-2-2024;2;19;8;0;17;1;50
2024-02-19 18:00:00+01:00;1194;19-2-2024;2;19;8;0;18;1;42
2024-02-19 19:00:00+01:00;1195;19-2-2024;2;19;8;0;19;1;33
2024-02-19 20:00:00+01:00;1196;19-2-2024;2;19;8;0;20;1;25
2024-02-19 21:00:00+01:00;1197;19-2-2024;2;19;8;0;21;1;17
2024-02-19 22:00:00+01:00;1198;19-2-2024;2;19;8;0;22;1;8
2024-02-19 23:00:00+01:00;1199;19-2-2024;2;19;8;0;23;1;0
2024-02-20 00:00:00+01:00;1200;20-2-2024;2;20;8;1;0;1;0
2024-02-20 01:00:00+01:00;1201;20-2-2024;2;20;8;1;1;1;0
2024-02-20 02:00:00+01:00;1202;20-2-2024;2;20;8;1;2;1;0
2024-02-20 03:00:00+01:00;1203;20-2-2024;2;20;8;1;3;1;0
2024-02-20 04:00:00+01:00;1204;20-2-2024;2;20;8;1;4;1;0
2024-02-20 05:00:00+01:00;1205;20-2-2024;2;20;8;1;5;1;0
2024-02-20 06:00:00+01:00;1206;20-2-2024;2;20;8;1;6;1;0
2024-02-20 07:00:00+01:00;1207;20-2-2024;2;20;8;1;7;1;0
2024-02-20 08:00:00+01:00;1208;20-2-2024;2;20;8;1;8;1;60
2024-02-20 09:00:00+01:00;1209;20-2-2024;2;20;8;1;9;1;60
2024-02-20 10:00:00+01:00;1210;20-2-2024;2;20;8;1;10;1;90
2024-02-20 11:00:00+01:00;1211;20-2-2024;2;20;8;1;11;1;90
2024-02-20 12:00:00+01:00;1212;20-2-2024;2;20;8;1;12;1;50
2024-02-20 13:00:00+01:00;1213;20-2-2024;2;20;8;1;13;1;50
2024-02-20 14:00:00+01:00;1214;20-2-2024;2;20;8;1;14;1;80
2024-02-20 15:00:00+01:00;1215;20-2-2024;2;20;8;1;15;1;80
2024-02-20 16:00:00+01:00;1216;20-2-2024;2;20;8;1;16;1;80
2024-02-20 17:00:00+01:00;1217;20-2-2024;2;20;8;1;17;1;50
2024-02-20 18:00:00+01:00;1218;20-2-2024;2;20;8;1;18;1;42
2024-02-20 19:00:00+01:00;1219;20-2-2024;2;20;8;1;19;1;33
2024-02-20 20:00:00+01:00;1220;20-2-2024;2;20;8;1;20;1;25
2024-02-20 21:00:00+01:00;1221;20-2-2024;2;20;8;1;21;1;17
2024-02-20 22:00:00+01:00;1222;20-2-2024;2;20;8;1;22;1;8
2024-02-20 23:00:00+01:00;1223;20-2-2024;2;20;8;1;23;1;0
2024-02-21 00:00:00+01:00;1224;21-2-2024;2;21;8;2;0;1;0
2024-02-21 01:00:00+01:00;1225;21-2-2024;2;21;8;2;1;1;0
2024-02-21 02:00:00+01:00;1226;21-2-2024;2;21;8;2;2;1;0
2024-02-21 03:00:00+01:00;1227;21-2-2024;2;21;8;2;3;1;0
2024-02-21 04:00:00+01:00;1228;21-2-2024;2;21;8;2;4;1;0
2024-02-21 05:00:00+01:00;1229;21-2-2024;2;21;8;2;5;1;0
2024-02-21 06:00:00+01:00;1230;21-2-2024;2;21;8;2;6;1;0
2024-02-21 07:00:00+01:00;1231;21-2-2024;2;21;8;2;7;1;0
2024-02-21 08:00:00+01:00;1232;21-2-2024;2;21;8;2;8;1;60
2024-02-21 09:00:00+01:00;1233;21-2-2024;2;21;8;2;9;1;60
2024-02-21 10:00:00+01:00;1234;21-2-2024;2;21;8;2;10;1;90
2024-02-21 11:00:00+01:00;1235;21-2-2024;2;21;8;2;11;1;90
2024-02-21 12:00:00+01:00;1236;21-2-2024;2;21;8;2;12;1;50
2024-02-21 13:00:00+01:00;1237;21-2-2024;2;21;8;2;13;1;50
2024-02-21 14:00:00+01:00;1238;21-2-2024;2;21;8;2;14;1;80
2024-02-21 15:00:00+01:00;1239;21-2-2024;2;21;8;2;15;1;80
2024-02-21 16:00:00+01:00;1240;21-2-2024;2;21;8;2;16;1;80
2024-02-21 17:00:00+01:00;1241;21-2-2024;2;21;8;2;17;1;50
2024-02-21 18:00:00+01:00;1242;21-2-2024;2;21;8;2;18;1;42
2024-02-21 19:00:00+01:00;1243;21-2-2024;2;21;8;2;19;1;33
2024-02-21 20:00:00+01:00;1244;21-2-2024;2;21;8;2;20;1;25
2024-02-21 21:00:00+01:00;1245;21-2-2024;2;21;8;2;21;1;17
2024-02-21 22:00:00+01:00;1246;21-2-2024;2;21;8;2;22;1;8
2024-02-21 23:00:00+01:00;1247;21-2-2024;2;21;8;2;23;1;0
2024-02-22 00:00:00+01:00;1248;22-2-2024;2;22;8;3;0;1;0
2024-02-22 01:00:00+01:00;1249;22-2-2024;2;22;8;3;1;1;0
2024-02-22 02:00:00+01:00;1250;22-2-2024;2;22;8;3;2;1;0
2024-02-22 03:00:00+01:00;1251;22-2-2024;2;22;8;3;3;1;0
2024-02-22 04:00:00+01:00;1252;22-2-2024;2;22;8;3;4;1;0
2024-02-22 05:00:00+01:00;1253;22-2-2024;2;22;8;3;5;1;0
2024-02-22 06:00:00+01:00;1254;22-2-2024;2;22;8;3;6;1;0
2024-02-22 07:00:00+01:00;1255;22-2-2024;2;22;8;3;7;1;0
2024-02-22 08:00:00+01:00;1256;22-2-2024;2;22;8;3;8;1;60
2024-02-22 09:00:00+01:00;1257;22-2-2024;2;22;8;3;9;1;60
2024-02-22 10:00:00+01:00;1258;22-2-2024;2;22;8;3;10;1;90
2024-02-22 11:00:00+01:00;1259;22-2-2024;2;22;8;3;11;1;90
2024-02-22 12:00:00+01:00;1260;22-2-2024;2;22;8;3;12;1;50
2024-02-22 13:00:00+01:00;1261;22-2-2024;2;22;8;3;13;1;50
2024-02-22 14:00:00+01:00;1262;22-2-2024;2;22;8;3;14;1;80
2024-02-22 15:00:00+01:00;1263;22-2-2024;2;22;8;3;15;1;80
2024-02-22 16:00:00+01:00;1264;22-2-2024;2;22;8;3;16;1;80
2024-02-22 17:00:00+01:00;1265;22-2-2024;2;22;8;3;17;1;50
2024-02-22 18:00:00+01:00;1266;22-2-2024;2;22;8;3;18;1;42
2024-02-22 19:00:00+01:00;1267;22-2-2024;2;22;8;3;19;1;33
2024-02-22 20:00:00+01:00;1268;22-2-2024;2;22;8;3;20;1;25
2024-02-22 21:00:00+01:00;1269;22-2-2024;2;22;8;3;21;1;17
2024-02-22 22:00:00+01:00;1270;22-2-2024;2;22;8;3;22;1;8
2024-02-22 23:00:00+01:00;1271;22-2-2024;2;22;8;3;23;1;0
2024-02-23 00:00:00+01:00;1272;23-2-2024;2;23;8;4;0;1;0
2024-02-23 01:00:00+01:00;1273;23-2-2024;2;23;8;4;1;1;0
2024-02-23 02:00:00+01:00;1274;23-2-2024;2;23;8;4;2;1;0
2024-02-23 03:00:00+01:00;1275;23-2-2024;2;23;8;4;3;1;0
2024-02-23 04:00:00+01:00;1276;23-2-2024;2;23;8;4;4;1;0
2024-02-23 05:00:00+01:00;1277;23-2-2024;2;23;8;4;5;1;0
2024-02-23 06:00:00+01:00;1278;23-2-2024;2;23;8;4;6;1;0
2024-02-23 07:00:00+01:00;1279;23-2-2024;2;23;8;4;7;1;0
2024-02-23 08:00:00+01:00;1280;23-2-2024;2;23;8;4;8;1;60
2024-02-23 09:00:00+01:00;1281;23-2-2024;2;23;8;4;9;1;60
2024-02-23 10:00:00+01:00;1282;23-2-2024;2;23;8;4;10;1;90
2024-02-23 11:00:00+01:00;1283;23-2-2024;2;23;8;4;11;1;90
2024-02-23 12:00:00+01:00;1284;23-2-2024;2;23;8;4;12;1;50
2024-02-23 13:00:00+01:00;1285;23-2-2024;2;23;8;4;13;1;50
2024-02-23 14:00:00+01:00;1286;23-2-2024;2;23;8;4;14;1;80
2024-02-23 15:00:00+01:00;1287;23-2-2024;2;23;8;4;15;1;80
2024-02-23 16:00:00+01:00;1288;23-2-2024;2;23;8;4;16;1;80
2024-02-23 17:00:00+01:00;1289;23-2-2024;2;23;8;4;17;1;50
2024-02-23 18:00:00+01:00;1290;23-2-2024;2;23;8;4;18;1;42
2024-02-23 19:00:00+01:00;1291;23-2-2024;2;23;8;4;19;1;33
2024-02-23 20:00:00+01:00;1292;23-2-2024;2;23;8;4;20;1;25
2024-02-23 21:00:00+01:00;1293;23-2-2024;2;23;8;4;21;1;17
2024-02-23 22:00:00+01:00;1294;23-2-2024;2;23;8;4;22;1;8
2024-02-23 23:00:00+01:00;1295;23-2-2024;2;23;8;4;23;1;0
2024-02-24 00:00:00+01:00;1296;24-2-2024;2;24;8;5;0;2;0
2024-02-24 01:00:00+01:00;1297;24-2-2024;2;24;8;5;1;2;0
2024-02-24 02:00:00+01:00;1298;24-2-2024;2;24;8;5;2;2;0
2024-02-24 03:00:00+01:00;1299;24-2-2024;2;24;8;5;3;2;0
2024-02-24 04:00:00+01:00;1300;24-2-2024;2;24;8;5;4;2;0
2024-02-24 05:00:00+01:00;1301;24-2-2024;2;24;8;5;5;2;0
2024-02-24 06:00:00+01:00;1302;24-2-2024;2;24;8;5;6;2;0
2024-02-24 07:00:00+01:00;1303;24-2-2024;2;24;8;5;7;2;0
2024-02-24 08:00:00+01:00;1304;24-2-2024;2;24;8;5;8;2;0
2024-02-24 09:00:00+01:00;1305;24-2-2024;2;24;8;5;9;2;0
2024-02-24 10:00:00+01:00;1306;24-2-2024;2;24;8;5;10;2;50
2024-02-24 11:00:00+01:00;1307;24-2-2024;2;24;8;5;11;2;50
2024-02-24 12:00:00+01:00;1308;24-2-2024;2;24;8;5;12;2;30
2024-02-24 13:00:00+01:00;1309;24-2-2024;2;24;8;5;13;2;30
2024-02-24 14:00:00+01:00;1310;24-2-2024;2;24;8;5;14;2;50
2024-02-24 15:00:00+01:00;1311;24-2-2024;2;24;8;5;15;2;50
2024-02-24 16:00:00+01:00;1312;24-2-2024;2;24;8;5;16;2;50
2024-02-24 17:00:00+01:00;1313;24-2-2024;2;24;8;5;17;2;0
2024-02-24 18:00:00+01:00;1314;24-2-2024;2;24;8;5;18;2;0
2024-02-24 19:00:00+01:00;1315;24-2-2024;2;24;8;5;19;2;0
2024-02-24 20:00:00+01:00;1316;24-2-2024;2;24;8;5;20;2;0
2024-02-24 21:00:00+01:00;1317;24-2-2024;2;24;8;5;21;2;0
2024-02-24 22:00:00+01:00;1318;24-2-2024;2;24;8;5;22;2;0
2024-02-24 23:00:00+01:00;1319;24-2-2024;2;24;8;5;23;2;0
2024-02-25 00:00:00+01:00;1320;25-2-2024;2;25;8;6;0;3;0
2024-02-25 01:00:00+01:00;1321;25-2-2024;2;25;8;6;1;3;0
2024-02-25 02:00:00+01:00;1322;25-2-2024;2;25;8;6;2;3;0
2024-02-25 03:00:00+01:00;1323;25-2-2024;2;25;8;6;3;3;0
2024-02-25 04:00:00+01:00;1324;25-2-2024;2;25;8;6;4;3;0
2024-02-25 05:00:00+01:00;1325;25-2-2024;2;25;8;6;5;3;0
2024-02-25 06:00:00+01:00;1326;25-2-2024;2;25;8;6;6;3;0
2024-02-25 07:00:00+01:00;1327;25-2-2024;2;25;8;6;7;3;0
2024-02-25 08:00:00+01:00;1328;25-2-2024;2;25;8;6;8;3;0
2024-02-25 09:00:00+01:00;1329;25-2-2024;2;25;8;6;9;3;0
2024-02-25 10:00:00+01:00;1330;25-2-2024;2;25;8;6;10;3;0
2024-02-25 11:00:00+01:00;1331;25-2-2024;2;25;8;6;11;3;0
2024-02-25 12:00:00+01:00;1332;25-2-2024;2;25;8;6;12;3;0
2024-02-25 13:00:00+01:00;1333;25-2-2024;2;25;8;6;13;3;0
2024-02-25 14:00:00+01:00;1334;25-2-2024;2;25;8;6;14;3;0
2024-02-25 15:00:00+01:00;1335;25-2-2024;2;25;8;6;15;3;0
2024-02-25 16:00:00+01:00;1336;25-2-2024;2;25;8;6;16;3;0
2024-02-25 17:00:00+01:00;1337;25-2-2024;2;25;8;6;17;3;0
2024-02-25 18:00:00+01:00;1338;25-2-2024;2;25;8;6;18;3;0
2024-02-25 19:00:00+01:00;1339;25-2-2024;2;25;8;6;19;3;0
2024-02-25 20:00:00+01:00;1340;25-2-2024;2;25;8;6;20;3;0
2024-02-25 21:00:00+01:00;1341;25-2-2024;2;25;8;6;21;3;0
2024-02-25 22:00:00+01:00;1342;25-2-2024;2;25;8;6;22;3;0
2024-02-25 23:00:00+01:00;1343;25-2-2024;2;25;8;6;23;3;0
2024-02-26 00:00:00+01:00;1344;26-2-2024;2;26;9;0;0;1;0
2024-02-26 01:00:00+01:00;1345;26-2-2024;2;26;9;0;1;1;0
2024-02-26 02:00:00+01:00;1346;26-2-2024;2;26;9;0;2;1;0
2024-02-26 03:00:00+01:00;1347;26-2-2024;2;26;9;0;3;1;0
2024-02-26 04:00:00+01:00;1348;26-2-2024;2;26;9;0;4;1;0
2024-02-26 05:00:00+01:00;1349;26-2-2024;2;26;9;0;5;1;0
2024-02-26 06:00:00+01:00;1350;26-2-2024;2;26;9;0;6;1;0
2024-02-26 07:00:00+01:00;1351;26-2-2024;2;26;9;0;7;1;0
2024-02-26 08:00:00+01:00;1352;26-2-2024;2;26;9;0;8;1;60
2024-02-26 09:00:00+01:00;1353;26-2-2024;2;26;9;0;9;1;60
2024-02-26 10:00:00+01:00;1354;26-2-2024;2;26;9;0;10;1;90
2024-02-26 11:00:00+01:00;1355;26-2-2024;2;26;9;0;11;1;90
2024-02-26 12:00:00+01:00;1356;26-2-2024;2;26;9;0;12;1;50
2024-02-26 13:00:00+01:00;1357;26-2-2024;2;26;9;0;13;1;50
2024-02-26 14:00:00+01:00;1358;26-2-2024;2;26;9;0;14;1;80
2024-02-26 15:00:00+01:00;1359;26-2-2024;2;26;9;0;15;1;80
2024-02-26 16:00:00+01:00;1360;26-2-2024;2;26;9;0;16;1;80
2024-02-26 17:00:00+01:00;1361;26-2-2024;2;26;9;0;17;1;50
2024-02-26 18:00:00+01:00;1362;26-2-2024;2;26;9;0;18;1;42
2024-02-26 19:00:00+01:00;1363;26-2-2024;2;26;9;0;19;1;33
2024-02-26 20:00:00+01:00;1364;26-2-2024;2;26;9;0;20;1;25
2024-02-26 21:00:00+01:00;1365;26-2-2024;2;26;9;0;21;1;17
2024-02-26 22:00:00+01:00;1366;26-2-2024;2;26;9;0;22;1;8
2024-02-26 23:00:00+01:00;1367;26-2-2024;2;26;9;0;23;1;0
2024-02-27 00:00:00+01:00;1368;27-2-2024;2;27;9;1;0;1;0
2024-02-27 01:00:00+01:00;1369;27-2-2024;2;27;9;1;1;1;0
2024-02-27 02:00:00+01:00;1370;27-2-2024;2;27;9;1;2;1;0
2024-02-27 03:00:00+01:00;1371;27-2-2024;2;27;9;1;3;1;0
2024-02-27 04:00:00+01:00;1372;27-2-2024;2;27;9;1;4;1;0
2024-02-27 05:00:00+01:00;1373;27-2-2024;2;27;9;1;5;1;0
2024-02-27 06:00:00+01:00;1374;27-2-2024;2;27;9;1;6;1;0
2024-02-27 07:00:00+01:00;1375;27-2-2024;2;27;9;1;7;1;0
2024-02-27 08:00:00+01:00;1376;27-2-2024;2;27;9;1;8;1;60
2024-02-27 09:00:00+01:00;1377;27-2-2024;2;27;9;1;9;1;60
2024-02-27 10:00:00+01:00;1378;27-2-2024;2;27;9;1;10;1;90
2024-02-27 11:00:00+01:00;1379;27-2-2024;2;27;9;1;11;1;90
2024-02-27 12:00:00+01:00;1380;27-2-2024;2;27;9;1;12;1;50
2024-02-27 13:00:00+01:00;1381;27-2-2024;2;27;9;1;13;1;50
2024-02-27 14:00:00+01:00;1382;27-2-2024;2;27;9;1;14;1;80
2024-02-27 15:00:00+01:00;1383;27-2-2024;2;27;9;1;15;1;80
2024-02-27 16:00:00+01:00;1384;27-2-2024;2;27;9;1;16;1;80
2024-02-27 17:00:00+01:00;1385;27-2-2024;2;27;9;1;17;1;50
2024-02-27 18:00:00+01:00;1386;27-2-2024;2;27;9;1;18;1;42
2024-02-27 19:00:00+01:00;1387;27-2-2024;2;27;9;1;19;1;33
2024-02-27 20:00:00+01:00;1388;27-2-2024;2;27;9;1;20;1;25
2024-02-27 21:00:00+01:00;1389;27-2-2024;2;27;9;1;21;1;17
2024-02-27 22:00:00+01:00;1390;27-2-2024;2;27;9;1;22;1;8
2024-02-27 23:00:00+01:00;1391;27-2-2024;2;27;9;1;23;1;0
2024-02-28 00:00:00+01:00;1392;28-2-2024;2;28;9;2;0;1;0
2024-02-28 01:00:00+01:00;1393;28-2-2024;2;28;9;2;1;1;0
2024-02-28 02:00:00+01:00;1394;28-2-2024;2;28;9;2;2;1;0
2024-02-28 03:00:00+01:00;1395;28-2-2024;2;28;9;2;3;1;0
2024-02-28 04:00:00+01:00;1396;28-2-2024;2;28;9;2;4;1;0
2024-02-28 05:00:00+01:00;1397;28-2-2024;2;28;9;2;5;1;0
2024-02-28 06:00:00+01:00;1398;28-2-2024;2;28;9;2;6;1;0
2024-02-28 07:00:00+01:00;1399;28-2-2024;2;28;9;2;7;1;0
2024-02-28 08:00:00+01:00;1400;28-2-2024;2;28;9;2;8;1;60
2024-02-28 09:00:00+01:00;1401;28-2-2024;2;28;9;2;9;1;60
2024-02-28 10:00:00+01:00;1402;28-2-2024;2;28;9;2;10;1;90
2024-02-28 11:00:00+01:00;1403;28-2-2024;2;28;9;2;11;1;90
2024-02-28 12:00:00+01:00;1404;28-2-2024;2;28;9;2;12;1;50
2024-02-28 13:00:00+01:00;1405;28-2-2024;2;28;9;2;13;1;50
2024-02-28 14:00:00+01:00;1406;28-2-2024;2;28;9;2;14;1;80
2024-02-28 15:00:00+01:00;1407;28-2-2024;2;28;9;2;15;1;80
2024-02-28 16:00:00+01:00;1408;28-2-2024;2;28;9;2;16;1;80
2024-02-28 17:00:00+01:00;1409;28-2-2024;2;28;9;2;17;1;50
2024-02-28 18:00:00+01:00;1410;28-2-2024;2;28;9;2;18;1;42
2024-02-28 19:00:00+01:00;1411;28-2-2024;2;28;9;2;19;1;33
2024-02-28 20:00:00+01:00;1412;28-2-2024;2;28;9;2;20;1;25
2024-02-28 21:00:00+01:00;1413;28-2-2024;2;28;9;2;21;1;17
2024-02-28 22:00:00+01:00;1414;28-2-2024;2;28;9;2;22;1;8
2024-02-28 23:00:00+01:00;1415;28-2-2024;2;28;9;2;23;1;0
2024-02-29 00:00:00+01:00;1416;29-2-2024;2;29;9;3;0;1;0
2024-02-29 01:00:00+01:00;1417;29-2-2024;2;29;9;3;1;1;0
2024-02-29 02:00:00+01:00;1418;29-2-2024;2;29;9;3;2;1;0
2024-02-29 03:00:00+01:00;1419;29-2-2024;2;29;9;3;3;1;0
2024-02-29 04:00:00+01:00;1420;29-2-2024;2;29;9;3;4;1;0
2024-02-29 05:00:00+01:00;1421;29-2-2024;2;29;9;3;5;1;0
2024-02-29 06:00:00+01:00;1422;29-2-2024;2;29;9;3;6;1;0
2024-02-29 07:00:00+01:00;1423;29-2-2024;2;29;9;3;7;1;0
2024-02-29 08:00:00+01:00;1424;29-2-2024;2;29;9;3;8;1;60
2024-02-29 09:00:00+01:00;1425;29-2-2024;2;29;9;3;9;1;60
2024-02-29 10:00:00+01:00;1426;29-2-2024;2;29;9;3;10;1;90
2024-02-29 11:00:00+01:00;1427;29-2-2024;2;29;9;3;11;1;90
2024-02-29 12:00:00+01:00;1428;29-2-2024;2;29;9;3;12;1;50
2024-02-29 13:00:00+01:00;1429;29-2-2024;2;29;9;3;13;1;50
2024-02-29 14:00:00+01:00;1430;29-2-2024;2;29;9;3;14;1;80
2024-02-29 15:00:00+01:00;1431;29-2-2024;2;29;9;3;15;1;80
2024-02-29 16:00:00+01:00;1432;29-2-2024;2;29;9;3;16;1;80
2024-02-29 17:00:00+01:00;1433;29-2-2024;2;29;9;3;17;1;50
2024-02-29 18:00:00+01:00;1434;29-2-2024;2;29;9;3;18;1;42
2024-02-29 19:00:00+01:00;1435;29-2-2024;2;29;9;3;19;1;33
2024-02-29 20:00:00+01:00;1436;29-2-2024;2;29;9;3;20;1;25
2024-02-29 21:00:00+01:00;1437;29-2-2024;2;29;9;3;21;1;17
2024-02-29 22:00:00+01:00;1438;29-2-2024;2;29;9;3;22;1;8
2024-02-29 23:00:00+01:00;1439;29-2-2024;2;29;9;3;23;1;0
2024-03-01 00:00:00+01:00;1440;1-3-2024;3;1;9;4;0;1;0
2024-03-01 01:00:00+01:00;1441;1-3-2024;3;1;9;4;1;1;0
2024-03-01 02:00:00+01:00;1442;1-3-2024;3;1;9;4;2;1;0
2024-03-01 03:00:00+01:00;1443;1-3-2024;3;1;9;4;3;1;0
2024-03-01 04:00:00+01:00;1444;1-3-2024;3;1;9;4;4;1;0
2024-03-01 05:00:00+01:00;1445;1-3-2024;3;1;9;4;5;1;0
2024-03-01 06:00:00+01:00;1446;1-3-2024;3;1;9;4;6;1;0
2024-03-01 07:00:00+01:00;1447;1-3-2024;3;1;9;4;7;1;0
2024-03-01 08:00:00+01:00;1448;1-3-2024;3;1;9;4;8;1;60
2024-03-01 09:00:00+01:00;1449;1-3-2024;3;1;9;4;9;1;60
2024-03-01 10:00:00+01:00;1450;1-3-2024;3;1;9;4;10;1;90
2024-03-01 11:00:00+01:00;1451;1-3-2024;3;1;9;4;11;1;90
2024-03-01 12:00:00+01:00;1452;1-3-2024;3;1;9;4;12;1;50
2024-03-01 13:00:00+01:00;1453;1-3-2024;3;1;9;4;13;1;50
2024-03-01 14:00:00+01:00;1454;1-3-2024;3;1;9;4;14;1;80
2024-03-01 15:00:00+01:00;1455;1-3-2024;3;1;9;4;15;1;80
2024-03-01 16:00:00+01:00;1456;1-3-2024;3;1;9;4;16;1;80
2024-03-01 17:00:00+01:00;1457;1-3-2024;3;1;9;4;17;1;50
2024-03-01 18:00:00+01:00;1458;1-3-2024;3;1;9;4;18;1;42
2024-03-01 19:00:00+01:00;1459;1-3-2024;3;1;9;4;19;1;33
2024-03-01 20:00:00+01:00;1460;1-3-2024;3;1;9;4;20;1;25
2024-03-01 21:00:00+01:00;1461;1-3-2024;3;1;9;4;21;1;17
2024-03-01 22:00:00+01:00;1462;1-3-2024;3;1;9;4;22;1;8
2024-03-01 23:00:00+01:00;1463;1-3-2024;3;1;9;4;23;1;0
2024-03-02 00:00:00+01:00;1464;2-3-2024;3;2;9;5;0;2;0
2024-03-02 01:00:00+01:00;1465;2-3-2024;3;2;9;5;1;2;0
2024-03-02 02:00:00+01:00;1466;2-3-2024;3;2;9;5;2;2;0
2024-03-02 03:00:00+01:00;1467;2-3-2024;3;2;9;5;3;2;0
2024-03-02 04:00:00+01:00;1468;2-3-2024;3;2;9;5;4;2;0
2024-03-02 05:00:00+01:00;1469;2-3-2024;3;2;9;5;5;2;0
2024-03-02 06:00:00+01:00;1470;2-3-2024;3;2;9;5;6;2;0
2024-03-02 07:00:00+01:00;1471;2-3-2024;3;2;9;5;7;2;0
2024-03-02 08:00:00+01:00;1472;2-3-2024;3;2;9;5;8;2;0
2024-03-02 09:00:00+01:00;1473;2-3-2024;3;2;9;5;9;2;0
2024-03-02 10:00:00+01:00;1474;2-3-2024;3;2;9;5;10;2;50
2024-03-02 11:00:00+01:00;1475;2-3-2024;3;2;9;5;11;2;50
2024-03-02 12:00:00+01:00;1476;2-3-2024;3;2;9;5;12;2;30
2024-03-02 13:00:00+01:00;1477;2-3-2024;3;2;9;5;13;2;30
2024-03-02 14:00:00+01:00;1478;2-3-2024;3;2;9;5;14;2;50
2024-03-02 15:00:00+01:00;1479;2-3-2024;3;2;9;5;15;2;50
2024-03-02 16:00:00+01:00;1480;2-3-2024;3;2;9;5;16;2;50
2024-03-02 17:00:00+01:00;1481;2-3-2024;3;2;9;5;17;2;0
2024-03-02 18:00:00+01:00;1482;2-3-2024;3;2;9;5;18;2;0
2024-03-02 19:00:00+01:00;1483;2-3-2024;3;2;9;5;19;2;0
2024-03-02 20:00:00+01:00;1484;2-3-2024;3;2;9;5;20;2;0
2024-03-02 21:00:00+01:00;1485;2-3-2024;3;2;9;5;21;2;0
2024-03-02 22:00:00+01:00;1486;2-3-2024;3;2;9;5;22;2;0
2024-03-02 23:00:00+01:00;1487;2-3-2024;3;2;9;5;23;2;0
2024-03-03 00:00:00+01:00;1488;3-3-2024;3;3;9;6;0;3;0
2024-03-03 01:00:00+01:00;1489;3-3-2024;3;3;9;6;1;3;0
2024-03-03 02:00:00+01:00;1490;3-3-2024;3;3;9;6;2;3;0
2024-03-03 03:00:00+01:00;1491;3-3-2024;3;3;9;6;3;3;0
2024-03-03 04:00:00+01:00;1492;3-3-2024;3;3;9;6;4;3;0
2024-03-03 05:00:00+01:00;1493;3-3-2024;3;3;9;6;5;3;0
2024-03-03 06:00:00+01:00;1494;3-3-2024;3;3;9;6;6;3;0
2024-03-03 07:00:00+01:00;1495;3-3-2024;3;3;9;6;7;3;0
2024-03-03 08:00:00+01:00;1496;3-3-2024;3;3;9;6;8;3;0
2024-03-03 09:00:00+01:00;1497;3-3-2024;3;3;9;6;9;3;0
2024-03-03 10:00:00+01:00;1498;3-3-2024;3;3;9;6;10;3;0
2024-03-03 11:00:00+01:00;1499;3-3-2024;3;3;9;6;11;3;0
2024-03-03 12:00:00+01:00;1500;3-3-2024;3;3;9;6;12;3;0
2024-03-03 13:00:00+01:00;1501;3-3-2024;3;3;9;6;13;3;0
2024-03-03 14:00:00+01:00;1502;3-3-2024;3;3;9;6;14;3;0
2024-03-03 15:00:00+01:00;1503;3-3-2024;3;3;9;6;15;3;0
2024-03-03 16:00:00+01:00;1504;3-3-2024;3;3;9;6;16;3;0
2024-03-03 17:00:00+01:00;1505;3-3-2024;3;3;9;6;17;3;0
2024-03-03 18:00:00+01:00;1506;3-3-2024;3;3;9;6;18;3;0
2024-03-03 19:00:00+01:00;1507;3-3-2024;3;3;9;6;19;3;0
2024-03-03 20:00:00+01:00;1508;3-3-2024;3;3;9;6;20;3;0
2024-03-03 21:00:00+01:00;1509;3-3-2024;3;3;9;6;21;3;0
2024-03-03 22:00:00+01:00;1510;3-3-2024;3;3;9;6;22;3;0
2024-03-03 23:00:00+01:00;1511;3-3-2024;3;3;9;6;23;3;0
2024-03-04 00:00:00+01:00;1512;4-3-2024;3;4;10;0;0;1;0
2024-03-04 01:00:00+01:00;1513;4-3-2024;3;4;10;0;1;1;0
2024-03-04 02:00:00+01:00;1514;4-3-2024;3;4;10;0;2;1;0
2024-03-04 03:00:00+01:00;1515;4-3-2024;3;4;10;0;3;1;0
2024-03-04 04:00:00+01:00;1516;4-3-2024;3;4;10;0;4;1;0
2024-03-04 05:00:00+01:00;1517;4-3-2024;3;4;10;0;5;1;0
2024-03-04 06:00:00+01:00;1518;4-3-2024;3;4;10;0;6;1;0
2024-03-04 07:00:00+01:00;1519;4-3-2024;3;4;10;0;7;1;0
2024-03-04 08:00:00+01:00;1520;4-3-2024;3;4;10;0;8;1;60
2024-03-04 09:00:00+01:00;1521;4-3-2024;3;4;10;0;9;1;60
2024-03-04 10:00:00+01:00;1522;4-3-2024;3;4;10;0;10;1;90
2024-03-04 11:00:00+01:00;1523;4-3-2024;3;4;10;0;11;1;90
2024-03-04 12:00:00+01:00;1524;4-3-2024;3;4;10;0;12;1;50
2024-03-04 13:00:00+01:00;1525;4-3-2024;3;4;10;0;13;1;50
2024-03-04 14:00:00+01:00;1526;4-3-2024;3;4;10;0;14;1;80
2024-03-04 15:00:00+01:00;1527;4-3-2024;3;4;10;0;15;1;80
2024-03-04 16:00:00+01:00;1528;4-3-2024;3;4;10;0;16;1;80
2024-03-04 17:00:00+01:00;1529;4-3-2024;3;4;10;0;17;1;50
2024-03-04 18:00:00+01:00;1530;4-3-2024;3;4;10;0;18;1;42
2024-03-04 19:00:00+01:00;1531;4-3-2024;3;4;10;0;19;1;33
2024-03-04 20:00:00+01:00;1532;4-3-2024;3;4;10;0;20;1;25
2024-03-04 21:00:00+01:00;1533;4-3-2024;3;4;10;0;21;1;17
2024-03-04 22:00:00+01:00;1534;4-3-2024;3;4;10;0;22;1;8
2024-03-04 23:00:00+01:00;1535;4-3-2024;3;4;10;0;23;1;0
2024-03-05 00:00:00+01:00;1536;5-3-2024;3;5;10;1;0;1;0
2024-03-05 01:00:00+01:00;1537;5-3-2024;3;5;10;1;1;1;0
2024-03-05 02:00:00+01:00;1538;5-3-2024;3;5;10;1;2;1;0
2024-03-05 03:00:00+01:00;1539;5-3-2024;3;5;10;1;3;1;0
2024-03-05 04:00:00+01:00;1540;5-3-2024;3;5;10;1;4;1;0
2024-03-05 05:00:00+01:00;1541;5-3-2024;3;5;10;1;5;1;0
2024-03-05 06:00:00+01:00;1542;5-3-2024;3;5;10;1;6;1;0
2024-03-05 07:00:00+01:00;1543;5-3-2024;3;5;10;1;7;1;0
2024-03-05 08:00:00+01:00;1544;5-3-2024;3;5;10;1;8;1;60
2024-03-05 09:00:00+01:00;1545;5-3-2024;3;5;10;1;9;1;60
2024-03-05 10:00:00+01:00;1546;5-3-2024;3;5;10;1;10;1;90
2024-03-05 11:00:00+01:00;1547;5-3-2024;3;5;10;1;11;1;90
2024-03-05 12:00:00+01:00;1548;5-3-2024;3;5;10;1;12;1;50
2024-03-05 13:00:00+01:00;1549;5-3-2024;3;5;10;1;13;1;50
2024-03-05 14:00:00+01:00;1550;5-3-2024;3;5;10;1;14;1;80
2024-03-05 15:00:00+01:00;1551;5-3-2024;3;5;10;1;15;1;80
2024-03-05 16:00:00+01:00;1552;5-3-2024;3;5;10;1;16;1;80
2024-03-05 17:00:00+01:00;1553;5-3-2024;3;5;10;1;17;1;50
2024-03-05 18:00:00+01:00;1554;5-3-2024;3;5;10;1;18;1;42
2024-03-05 19:00:00+01:00;1555;5-3-2024;3;5;10;1;19;1;33
2024-03-05 20:00:00+01:00;1556;5-3-2024;3;5;10;1;20;1;25
2024-03-05 21:00:00+01:00;1557;5-3-2024;3;5;10;1;21;1;17
2024-03-05 22:00:00+01:00;1558;5-3-2024;3;5;10;1;22;1;8
2024-03-05 23:00:00+01:00;1559;5-3-2024;3;5;10;1;23;1;0
2024-03-06 00:00:00+01:00;1560;6-3-2024;3;6;10;2;0;1;0
2024-03-06 01:00:00+01:00;1561;6-3-2024;3;6;10;2;1;1;0
2024-03-06 02:00:00+01:00;1562;6-3-2024;3;6;10;2;2;1;0
2024-03-06 03:00:00+01:00;1563;6-3-2024;3;6;10;2;3;1;0
2024-03-06 04:00:00+01:00;1564;6-3-2024;3;6;10;2;4;1;0
2024-03-06 05:00:00+01:00;1565;6-3-2024;3;6;10;2;5;1;0
2024-03-06 06:00:00+01:00;1566;6-3-2024;3;6;10;2;6;1;0
2024-03-06 07:00:00+01:00;1567;6-3-2024;3;6;10;2;7;1;0
2024-03-06 08:00:00+01:00;1568;6-3-2024;3;6;10;2;8;1;60
2024-03-06 09:00:00+01:00;1569;6-3-2024;3;6;10;2;9;1;60
2024-03-06 10:00:00+01:00;1570;6-3-2024;3;6;10;2;10;1;90
2024-03-06 11:00:00+01:00;1571;6-3-2024;3;6;10;2;11;1;90
2024-03-06 12:00:00+01:00;1572;6-3-2024;3;6;10;2;12;1;50
2024-03-06 13:00:00+01:00;1573;6-3-2024;3;6;10;2;13;1;50
2024-03-06 14:00:00+01:00;1574;6-3-2024;3;6;10;2;14;1;80
2024-03-06 15:00:00+01:00;1575;6-3-2024;3;6;10;2;15;1;80
2024-03-06 16:00:00+01:00;1576;6-3-2024;3;6;10;2;16;1;80
2024-03-06 17:00:00+01:00;1577;6-3-2024;3;6;10;2;17;1;50
2024-03-06 18:00:00+01:00;1578;6-3-2024;3;6;10;2;18;1;42
2024-03-06 19:00:00+01:00;1579;6-3-2024;3;6;10;2;19;1;33
2024-03-06 20:00:00+01:00;1580;6-3-2024;3;6;10;2;20;1;25
2024-03-06 21:00:00+01:00;1581;6-3-2024;3;6;10;2;21;1;17
2024-03-06 22:00:00+01:00;1582;6-3-2024;3;6;10;2;22;1;8
2024-03-06 23:00:00+01:00;1583;6-3-2024;3;6;10;2;23;1;0
2024-03-07 00:00:00+01:00;1584;7-3-2024;3;7;10;3;0;1;0
2024-03-07 01:00:00+01:00;1585;7-3-2024;3;7;10;3;1;1;0
2024-03-07 02:00:00+01:00;1586;7-3-2024;3;7;10;3;2;1;0
2024-03-07 03:00:00+01:00;1587;7-3-2024;3;7;10;3;3;1;0
2024-03-07 04:00:00+01:00;1588;7-3-2024;3;7;10;3;4;1;0
2024-03-07 05:00:00+01:00;1589;7-3-2024;3;7;10;3;5;1;0
2024-03-07 06:00:00+01:00;1590;7-3-2024;3;7;10;3;6;1;0
2024-03-07 07:00:00+01:00;1591;7-3-2024;3;7;10;3;7;1;0
2024-03-07 08:00:00+01:00;1592;7-3-2024;3;7;10;3;8;1;60
2024-03-07 09:00:00+01:00;1593;7-3-2024;3;7;10;3;9;1;60
2024-03-07 10:00:00+01:00;1594;7-3-2024;3;7;10;3;10;1;90
2024-03-07 11:00:00+01:00;1595;7-3-2024;3;7;10;3;11;1;90
2024-03-07 12:00:00+01:00;1596;7-3-2024;3;7;10;3;12;1;50
2024-03-07 13:00:00+01:00;1597;7-3-2024;3;7;10;3;13;1;50
2024-03-07 14:00:00+01:00;1598;7-3-2024;3;7;10;3;14;1;80
2024-03-07 15:00:00+01:00;1599;7-3-2024;3;7;10;3;15;1;80
2024-03-07 16:00:00+01:00;1600;7-3-2024;3;7;10;3;16;1;80
2024-03-07 17:00:00+01:00;1601;7-3-2024;3;7;10;3;17;1;50
2024-03-07 18:00:00+01:00;1602;7-3-2024;3;7;10;3;18;1;42
2024-03-07 19:00:00+01:00;1603;7-3-2024;3;7;10;3;19;1;33
2024-03-07 20:00:00+01:00;1604;7-3-2024;3;7;10;3;20;1;25
2024-03-07 21:00:00+01:00;1605;7-3-2024;3;7;10;3;21;1;17
2024-03-07 22:00:00+01:00;1606;7-3-2024;3;7;10;3;22;1;8
2024-03-07 23:00:00+01:00;1607;7-3-2024;3;7;10;3;23;1;0
2024-03-08 00:00:00+01:00;1608;8-3-2024;3;8;10;4;0;1;0
2024-03-08 01:00:00+01:00;1609;8-3-2024;3;8;10;4;1;1;0
2024-03-08 02:00:00+01:00;1610;8-3-2024;3;8;10;4;2;1;0
2024-03-08 03:00:00+01:00;1611;8-3-2024;3;8;10;4;3;1;0
2024-03-08 04:00:00+01:00;1612;8-3-2024;3;8;10;4;4;1;0
2024-03-08 05:00:00+01:00;1613;8-3-2024;3;8;10;4;5;1;0
2024-03-08 06:00:00+01:00;1614;8-3-2024;3;8;10;4;6;1;0
2024-03-08 07:00:00+01:00;1615;8-3-2024;3;8;10;4;7;1;0
2024-03-08 08:00:00+01:00;1616;8-3-2024;3;8;10;4;8;1;60
2024-03-08 09:00:00+01:00;1617;8-3-2024;3;8;10;4;9;1;60
2024-03-08 10:00:00+01:00;1618;8-3-2024;3;8;10;4;10;1;90
2024-03-08 11:00:00+01:00;1619;8-3-2024;3;8;10;4;11;1;90
2024-03-08 12:00:00+01:00;1620;8-3-2024;3;8;10;4;12;1;50
2024-03-08 13:00:00+01:00;1621;8-3-2024;3;8;10;4;13;1;50
2024-03-08 14:00:00+01:00;1622;8-3-2024;3;8;10;4;14;1;80
2024-03-08 15:00:00+01:00;1623;8-3-2024;3;8;10;4;15;1;80
2024-03-08 16:00:00+01:00;1624;8-3-2024;3;8;10;4;16;1;80
2024-03-08 17:00:00+01:00;1625;8-3-2024;3;8;10;4;17;1;50
2024-03-08 18:00:00+01:00;1626;8-3-2024;3;8;10;4;18;1;42
2024-03-08 19:00:00+01:00;1627;8-3-2024;3;8;10;4;19;1;33
2024-03-08 20:00:00+01:00;1628;8-3-2024;3;8;10;4;20;1;25
2024-03-08 21:00:00+01:00;1629;8-3-2024;3;8;10;4;21;1;17
2024-03-08 22:00:00+01:00;1630;8-3-2024;3;8;10;4;22;1;8
2024-03-08 23:00:00+01:00;1631;8-3-2024;3;8;10;4;23;1;0
2024-03-09 00:00:00+01:00;1632;9-3-2024;3;9;10;5;0;2;0
2024-03-09 01:00:00+01:00;1633;9-3-2024;3;9;10;5;1;2;0
2024-03-09 02:00:00+01:00;1634;9-3-2024;3;9;10;5;2;2;0
2024-03-09 03:00:00+01:00;1635;9-3-2024;3;9;10;5;3;2;0
2024-03-09 04:00:00+01:00;1636;9-3-2024;3;9;10;5;4;2;0
2024-03-09 05:00:00+01:00;1637;9-3-2024;3;9;10;5;5;2;0
2024-03-09 06:00:00+01:00;1638;9-3-2024;3;9;10;5;6;2;0
2024-03-09 07:00:00+01:00;1639;9-3-2024;3;9;10;5;7;2;0
2024-03-09 08:00:00+01:00;1640;9-3-2024;3;9;10;5;8;2;0
2024-03-09 09:00:00+01:00;1641;9-3-2024;3;9;10;5;9;2;0
2024-03-09 10:00:00+01:00;1642;9-3-2024;3;9;10;5;10;2;50
2024-03-09 11:00:00+01:00;1643;9-3-2024;3;9;10;5;11;2;50
2024-03-09 12:00:00+01:00;1644;9-3-2024;3;9;10;5;12;2;30
2024-03-09 13:00:00+01:00;1645;9-3-2024;3;9;10;5;13;2;30
2024-03-09 14:00:00+01:00;1646;9-3-2024;3;9;10;5;14;2;50
2024-03-09 15:00:00+01:00;1647;9-3-2024;3;9;10;5;15;2;50
2024-03-09 16:00:00+01:00;1648;9-3-2024;3;9;10;5;16;2;50
2024-03-09 17:00:00+01:00;1649;9-3-2024;3;9;10;5;17;2;0
2024-03-09 18:00:00+01:00;1650;9-3-2024;3;9;10;5;18;2;0
2024-03-09 19:00:00+01:00;1651;9-3-2024;3;9;10;5;19;2;0
2024-03-09 20:00:00+01:00;1652;9-3-2024;3;9;10;5;20;2;0
2024-03-09 21:00:00+01:00;1653;9-3-2024;3;9;10;5;21;2;0
2024-03-09 22:00:00+01:00;1654;9-3-2024;3;9;10;5;22;2;0
2024-03-09 23:00:00+01:00;1655;9-3-2024;3;9;10;5;23;2;0
2024-03-10 00:00:00+01:00;1656;10-3-2024;3;10;10;6;0;3;0
2024-03-10 01:00:00+01:00;1657;10-3-2024;3;10;10;6;1;3;0
2024-03-10 02:00:00+01:00;1658;10-3-2024;3;10;10;6;2;3;0
2024-03-10 03:00:00+01:00;1659;10-3-2024;3;10;10;6;3;3;0
2024-03-10 04:00:00+01:00;1660;10-3-2024;3;10;10;6;4;3;0
2024-03-10 05:00:00+01:00;1661;10-3-2024;3;10;10;6;5;3;0
2024-03-10 06:00:00+01:00;1662;10-3-2024;3;10;10;6;6;3;0
2024-03-10 07:00:00+01:00;1663;10-3-2024;3;10;10;6;7;3;0
2024-03-10 08:00:00+01:00;1664;10-3-2024;3;10;10;6;8;3;0
2024-03-10 09:00:00+01:00;1665;10-3-2024;3;10;10;6;9;3;0
2024-03-10 10:00:00+01:00;1666;10-3-2024;3;10;10;6;10;3;0
2024-03-10 11:00:00+01:00;1667;10-3-2024;3;10;10;6;11;3;0
2024-03-10 12:00:00+01:00;1668;10-3-2024;3;10;10;6;12;3;0
2024-03-10 13:00:00+01:00;1669;10-3-2024;3;10;10;6;13;3;0
2024-03-10 14:00:00+01:00;1670;10-3-2024;3;10;10;6;14;3;0
2024-03-10 15:00:00+01:00;1671;10-3-2024;3;10;10;6;15;3;0
2024-03-10 16:00:00+01:00;1672;10-3-2024;3;10;10;6;16;3;0
2024-03-10 17:00:00+01:00;1673;10-3-2024;3;10;10;6;17;3;0
2024-03-10 18:00:00+01:00;1674;10-3-2024;3;10;10;6;18;3;0
2024-03-10 19:00:00+01:00;1675;10-3-2024;3;10;10;6;19;3;0
2024-03-10 20:00:00+01:00;1676;10-3-2024;3;10;10;6;20;3;0
2024-03-10 21:00:00+01:00;1677;10-3-2024;3;10;10;6;21;3;0
2024-03-10 22:00:00+01:00;1678;10-3-2024;3;10;10;6;22;3;0
2024-03-10 23:00:00+01:00;1679;10-3-2024;3;10;10;6;23;3;0
2024-03-11 00:00:00+01:00;1680;11-3-2024;3;11;11;0;0;1;0
2024-03-11 01:00:00+01:00;1681;11-3-2024;3;11;11;0;1;1;0
2024-03-11 02:00:00+01:00;1682;11-3-2024;3;11;11;0;2;1;0
2024-03-11 03:00:00+01:00;1683;11-3-2024;3;11;11;0;3;1;0
2024-03-11 04:00:00+01:00;1684;11-3-2024;3;11;11;0;4;1;0
2024-03-11 05:00:00+01:00;1685;11-3-2024;3;11;11;0;5;1;0
2024-03-11 06:00:00+01:00;1686;11-3-2024;3;11;11;0;6;1;0
2024-03-11 07:00:00+01:00;1687;11-3-2024;3;11;11;0;7;1;0
2024-03-11 08:00:00+01:00;1688;11-3-2024;3;11;11;0;8;1;60
2024-03-11 09:00:00+01:00;1689;11-3-2024;3;11;11;0;9;1;60
2024-03-11 10:00:00+01:00;1690;11-3-2024;3;11;11;0;10;1;90
2024-03-11 11:00:00+01:00;1691;11-3-2024;3;11;11;0;11;1;90
2024-03-11 12:00:00+01:00;1692;11-3-2024;3;11;11;0;12;1;50
2024-03-11 13:00:00+01:00;1693;11-3-2024;3;11;11;0;13;1;50
2024-03-11 14:00:00+01:00;1694;11-3-2024;3;11;11;0;14;1;80
2024-03-11 15:00:00+01:00;1695;11-3-2024;3;11;11;0;15;1;80
2024-03-11 16:00:00+01:00;1696;11-3-2024;3;11;11;0;16;1;80
2024-03-11 17:00:00+01:00;1697;11-3-2024;3;11;11;0;17;1;50
2024-03-11 18:00:00+01:00;1698;11-3-2024;3;11;11;0;18;1;42
2024-03-11 19:00:00+01:00;1699;11-3-2024;3;11;11;0;19;1;33
2024-03-11 20:00:00+01:00;1700;11-3-2024;3;11;11;0;20;1;25
2024-03-11 21:00:00+01:00;1701;11-3-2024;3;11;11;0;21;1;17
2024-03-11 22:00:00+01:00;1702;11-3-2024;3;11;11;0;22;1;8
2024-03-11 23:00:00+01:00;1703;11-3-2024;3;11;11;0;23;1;0
2024-03-12 00:00:00+01:00;1704;12-3-2024;3;12;11;1;0;1;0
2024-03-12 01:00:00+01:00;1705;12-3-2024;3;12;11;1;1;1;0
2024-03-12 02:00:00+01:00;1706;12-3-2024;3;12;11;1;2;1;0
2024-03-12 03:00:00+01:00;1707;12-3-2024;3;12;11;1;3;1;0
2024-03-12 04:00:00+01:00;1708;12-3-2024;3;12;11;1;4;1;0
2024-03-12 05:00:00+01:00;1709;12-3-2024;3;12;11;1;5;1;0
2024-03-12 06:00:00+01:00;1710;12-3-2024;3;12;11;1;6;1;0
2024-03-12 07:00:00+01:00;1711;12-3-2024;3;12;11;1;7;1;0
2024-03-12 08:00:00+01:00;1712;12-3-2024;3;12;11;1;8;1;60
2024-03-12 09:00:00+01:00;1713;12-3-2024;3;12;11;1;9;1;60
2024-03-12 10:00:00+01:00;1714;12-3-2024;3;12;11;1;10;1;90
2024-03-12 11:00:00+01:00;1715;12-3-2024;3;12;11;1;11;1;90
2024-03-12 12:00:00+01:00;1716;12-3-2024;3;12;11;1;12;1;50
2024-03-12 13:00:00+01:00;1717;12-3-2024;3;12;11;1;13;1;50
2024-03-12 14:00:00+01:00;1718;12-3-2024;3;12;11;1;14;1;80
2024-03-12 15:00:00+01:00;1719;12-3-2024;3;12;11;1;15;1;80
2024-03-12 16:00:00+01:00;1720;12-3-2024;3;12;11;1;16;1;80
2024-03-12 17:00:00+01:00;1721;12-3-2024;3;12;11;1;17;1;50
2024-03-12 18:00:00+01:00;1722;12-3-2024;3;12;11;1;18;1;42
2024-03-12 19:00:00+01:00;1723;12-3-2024;3;12;11;1;19;1;33
2024-03-12 20:00:00+01:00;1724;12-3-2024;3;12;11;1;20;1;25
2024-03-12 21:00:00+01:00;1725;12-3-2024;3;12;11;1;21;1;17
2024-03-12 22:00:00+01:00;1726;12-3-2024;3;12;11;1;22;1;8
2024-03-12 23:00:00+01:00;1727;12-3-2024;3;12;11;1;23;1;0
2024-03-13 00:00:00+01:00;1728;13-3-2024;3;13;11;2;0;1;0
2024-03-13 01:00:00+01:00;1729;13-3-2024;3;13;11;2;1;1;0
2024-03-13 02:00:00+01:00;1730;13-3-2024;3;13;11;2;2;1;0
2024-03-13 03:00:00+01:00;1731;13-3-2024;3;13;11;2;3;1;0
2024-03-13 04:00:00+01:00;1732;13-3-2024;3;13;11;2;4;1;0
2024-03-13 05:00:00+01:00;1733;13-3-2024;3;13;11;2;5;1;0
2024-03-13 06:00:00+01:00;1734;13-3-2024;3;13;11;2;6;1;0
2024-03-13 07:00:00+01:00;1735;13-3-2024;3;13;11;2;7;1;0
2024-03-13 08:00:00+01:00;1736;13-3-2024;3;13;11;2;8;1;60
2024-03-13 09:00:00+01:00;1737;13-3-2024;3;13;11;2;9;1;60
2024-03-13 10:00:00+01:00;1738;13-3-2024;3;13;11;2;10;1;90
2024-03-13 11:00:00+01:00;1739;13-3-2024;3;13;11;2;11;1;90
2024-03-13 12:00:00+01:00;1740;13-3-2024;3;13;11;2;12;1;50
2024-03-13 13:00:00+01:00;1741;13-3-2024;3;13;11;2;13;1;50
2024-03-13 14:00:00+01:00;1742;13-3-2024;3;13;11;2;14;1;80
2024-03-13 15:00:00+01:00;1743;13-3-2024;3;13;11;2;15;1;80
2024-03-13 16:00:00+01:00;1744;13-3-2024;3;13;11;2;16;1;80
2024-03-13 17:00:00+01:00;1745;13-3-2024;3;13;11;2;17;1;50
2024-03-13 18:00:00+01:00;1746;13-3-2024;3;13;11;2;18;1;42
2024-03-13 19:00:00+01:00;1747;13-3-2024;3;13;11;2;19;1;33
2024-03-13 20:00:00+01:00;1748;13-3-2024;3;13;11;2;20;1;25
2024-03-13 21:00:00+01:00;1749;13-3-2024;3;13;11;2;21;1;17
2024-03-13 22:00:00+01:00;1750;13-3-2024;3;13;11;2;22;1;8
2024-03-13 23:00:00+01:00;1751;13-3-2024;3;13;11;2;23;1;0
2024-03-14 00:00:00+01:00;1752;14-3-2024;3;14;11;3;0;1;0
2024-03-14 01:00:00+01:00;1753;14-3-2024;3;14;11;3;1;1;0
2024-03-14 02:00:00+01:00;1754;14-3-2024;3;14;11;3;2;1;0
2024-03-14 03:00:00+01:00;1755;14-3-2024;3;14;11;3;3;1;0
2024-03-14 04:00:00+01:00;1756;14-3-2024;3;14;11;3;4;1;0
2024-03-14 05:00:00+01:00;1757;14-3-2024;3;14;11;3;5;1;0
2024-03-14 06:00:00+01:00;1758;14-3-2024;3;14;11;3;6;1;0
2024-03-14 07:00:00+01:00;1759;14-3-2024;3;14;11;3;7;1;0
2024-03-14 08:00:00+01:00;1760;14-3-2024;3;14;11;3;8;1;60
2024-03-14 09:00:00+01:00;1761;14-3-2024;3;14;11;3;9;1;60
2024-03-14 10:00:00+01:00;1762;14-3-2024;3;14;11;3;10;1;90
2024-03-14 11:00:00+01:00;1763;14-3-2024;3;14;11;3;11;1;90
2024-03-14 12:00:00+01:00;1764;14-3-2024;3;14;11;3;12;1;50
2024-03-14 13:00:00+01:00;1765;14-3-2024;3;14;11;3;13;1;50
2024-03-14 14:00:00+01:00;1766;14-3-2024;3;14;11;3;14;1;80
2024-03-14 15:00:00+01:00;1767;14-3-2024;3;14;11;3;15;1;80
2024-03-14 16:00:00+01:00;1768;14-3-2024;3;14;11;3;16;1;80
2024-03-14 17:00:00+01:00;1769;14-3-2024;3;14;11;3;17;1;50
2024-03-14 18:00:00+01:00;1770;14-3-2024;3;14;11;3;18;1;42
2024-03-14 19:00:00+01:00;1771;14-3-2024;3;14;11;3;19;1;33
2024-03-14 20:00:00+01:00;1772;14-3-2024;3;14;11;3;20;1;25
2024-03-14 21:00:00+01:00;1773;14-3-2024;3;14;11;3;21;1;17
2024-03-14 22:00:00+01:00;1774;14-3-2024;3;14;11;3;22;1;8
2024-03-14 23:00:00+01:00;1775;14-3-2024;3;14;11;3;23;1;0
2024-03-15 00:00:00+01:00;1776;15-3-2024;3;15;11;4;0;1;0
2024-03-15 01:00:00+01:00;1777;15-3-2024;3;15;11;4;1;1;0
2024-03-15 02:00:00+01:00;1778;15-3-2024;3;15;11;4;2;1;0
2024-03-15 03:00:00+01:00;1779;15-3-2024;3;15;11;4;3;1;0
2024-03-15 04:00:00+01:00;1780;15-3-2024;3;15;11;4;4;1;0
2024-03-15 05:00:00+01:00;1781;15-3-2024;3;15;11;4;5;1;0
2024-03-15 06:00:00+01:00;1782;15-3-2024;3;15;11;4;6;1;0
2024-03-15 07:00:00+01:00;1783;15-3-2024;3;15;11;4;7;1;0
2024-03-15 08:00:00+01:00;1784;15-3-2024;3;15;11;4;8;1;60
2024-03-15 09:00:00+01:00;1785;15-3-2024;3;15;11;4;9;1;60
2024-03-15 10:00:00+01:00;1786;15-3-2024;3;15;11;4;10;1;90
2024-03-15 11:00:00+01:00;1787;15-3-2024;3;15;11;4;11;1;90
2024-03-15 12:00:00+01:00;1788;15-3-2024;3;15;11;4;12;1;50
2024-03-15 13:00:00+01:00;1789;15-3-2024;3;15;11;4;13;1;50
2024-03-15 14:00:00+01:00;1790;15-3-2024;3;15;11;4;14;1;80
2024-03-15 15:00:00+01:00;1791;15-3-2024;3;15;11;4;15;1;80
2024-03-15 16:00:00+01:00;1792;15-3-2024;3;15;11;4;16;1;80
2024-03-15 17:00:00+01:00;1793;15-3-2024;3;15;11;4;17;1;50
2024-03-15 18:00:00+01:00;1794;15-3-2024;3;15;11;4;18;1;42
2024-03-15 19:00:00+01:00;1795;15-3-2024;3;15;11;4;19;1;33
2024-03-15 20:00:00+01:00;1796;15-3-2024;3;15;11;4;20;1;25
2024-03-15 21:00:00+01:00;1797;15-3-2024;3;15;11;4;21;1;17
2024-03-15 22:00:00+01:00;1798;15-3-2024;3;15;11;4;22;1;8
2024-03-15 23:00:00+01:00;1799;15-3-2024;3;15;11;4;23;1;0
2024-03-16 00:00:00+01:00;1800;16-3-2024;3;16;11;5;0;2;0
2024-03-16 01:00:00+01:00;1801;16-3-2024;3;16;11;5;1;2;0
2024-03-16 02:00:00+01:00;1802;16-3-2024;3;16;11;5;2;2;0
2024-03-16 03:00:00+01:00;1803;16-3-2024;3;16;11;5;3;2;0
2024-03-16 04:00:00+01:00;1804;16-3-2024;3;16;11;5;4;2;0
2024-03-16 05:00:00+01:00;1805;16-3-2024;3;16;11;5;5;2;0
2024-03-16 06:00:00+01:00;1806;16-3-2024;3;16;11;5;6;2;0
2024-03-16 07:00:00+01:00;1807;16-3-2024;3;16;11;5;7;2;0
2024-03-16 08:00:00+01:00;1808;16-3-2024;3;16;11;5;8;2;0
2024-03-16 09:00:00+01:00;1809;16-3-2024;3;16;11;5;9;2;0
2024-03-16 10:00:00+01:00;1810;16-3-2024;3;16;11;5;10;2;50
2024-03-16 11:00:00+01:00;1811;16-3-2024;3;16;11;5;11;2;50
2024-03-16 12:00:00+01:00;1812;16-3-2024;3;16;11;5;12;2;30
2024-03-16 13:00:00+01:00;1813;16-3-2024;3;16;11;5;13;2;30
2024-03-16 14:00:00+01:00;1814;16-3-2024;3;16;11;5;14;2;50
2024-03-16 15:00:00+01:00;1815;16-3-2024;3;16;11;5;15;2;50
2024-03-16 16:00:00+01:00;1816;16-3-2024;3;16;11;5;16;2;50
2024-03-16 17:00:00+01:00;1817;16-3-2024;3;16;11;5;17;2;0
2024-03-16 18:00:00+01:00;1818;16-3-2024;3;16;11;5;18;2;0
2024-03-16 19:00:00+01:00;1819;16-3-2024;3;16;11;5;19;2;0
2024-03-16 20:00:00+01:00;1820;16-3-2024;3;16;11;5;20;2;0
2024-03-16 21:00:00+01:00;1821;16-3-2024;3;16;11;5;21;2;0
2024-03-16 22:00:00+01:00;1822;16-3-2024;3;16;11;5;22;2;0
2024-03-16 23:00:00+01:00;1823;16-3-2024;3;16;11;5;23;2;0
2024-03-17 00:00:00+01:00;1824;17-3-2024;3;17;11;6;0;3;0
2024-03-17 01:00:00+01:00;1825;17-3-2024;3;17;11;6;1;3;0
2024-03-17 02:00:00+01:00;1826;17-3-2024;3;17;11;6;2;3;0
2024-03-17 03:00:00+01:00;1827;17-3-2024;3;17;11;6;3;3;0
2024-03-17 04:00:00+01:00;1828;17-3-2024;3;17;11;6;4;3;0
2024-03-17 05:00:00+01:00;1829;17-3-2024;3;17;11;6;5;3;0
2024-03-17 06:00:00+01:00;1830;17-3-2024;3;17;11;6;6;3;0
2024-03-17 07:00:00+01:00;1831;17-3-2024;3;17;11;6;7;3;0
2024-03-17 08:00:00+01:00;1832;17-3-2024;3;17;11;6;8;3;0
2024-03-17 09:00:00+01:00;1833;17-3-2024;3;17;11;6;9;3;0
2024-03-17 10:00:00+01:00;1834;17-3-2024;3;17;11;6;10;3;0
2024-03-17 11:00:00+01:00;1835;17-3-2024;3;17;11;6;11;3;0
2024-03-17 12:00:00+01:00;1836;17-3-2024;3;17;11;6;12;3;0
2024-03-17 13:00:00+01:00;1837;17-3-2024;3;17;11;6;13;3;0
2024-03-17 14:00:00+01:00;1838;17-3-2024;3;17;11;6;14;3;0
2024-03-17 15:00:00+01:00;1839;17-3-2024;3;17;11;6;15;3;0
2024-03-17 16:00:00+01:00;1840;17-3-2024;3;17;11;6;16;3;0
2024-03-17 17:00:00+01:00;1841;17-3-2024;3;17;11;6;17;3;0
2024-03-17 18:00:00+01:00;1842;17-3-2024;3;17;11;6;18;3;0
2024-03-17 19:00:00+01:00;1843;17-3-2024;3;17;11;6;19;3;0
2024-03-17 20:00:00+01:00;1844;17-3-2024;3;17;11;6;20;3;0
2024-03-17 21:00:00+01:00;1845;17-3-2024;3;17;11;6;21;3;0
2024-03-17 22:00:00+01:00;1846;17-3-2024;3;17;11;6;22;3;0
2024-03-17 23:00:00+01:00;1847;17-3-2024;3;17;11;6;23;3;0
2024-03-18 00:00:00+01:00;1848;18-3-2024;3;18;12;0;0;1;0
2024-03-18 01:00:00+01:00;1849;18-3-2024;3;18;12;0;1;1;0
2024-03-18 02:00:00+01:00;1850;18-3-2024;3;18;12;0;2;1;0
2024-03-18 03:00:00+01:00;1851;18-3-2024;3;18;12;0;3;1;0
2024-03-18 04:00:00+01:00;1852;18-3-2024;3;18;12;0;4;1;0
2024-03-18 05:00:00+01:00;1853;18-3-2024;3;18;12;0;5;1;0
2024-03-18 06:00:00+01:00;1854;18-3-2024;3;18;12;0;6;1;0
2024-03-18 07:00:00+01:00;1855;18-3-2024;3;18;12;0;7;1;0
2024-03-18 08:00:00+01:00;1856;18-3-2024;3;18;12;0;8;1;60
2024-03-18 09:00:00+01:00;1857;18-3-2024;3;18;12;0;9;1;60
2024-03-18 10:00:00+01:00;1858;18-3-2024;3;18;12;0;10;1;90
2024-03-18 11:00:00+01:00;1859;18-3-2024;3;18;12;0;11;1;90
2024-03-18 12:00:00+01:00;1860;18-3-2024;3;18;12;0;12;1;50
2024-03-18 13:00:00+01:00;1861;18-3-2024;3;18;12;0;13;1;50
2024-03-18 14:00:00+01:00;1862;18-3-2024;3;18;12;0;14;1;80
2024-03-18 15:00:00+01:00;1863;18-3-2024;3;18;12;0;15;1;80
2024-03-18 16:00:00+01:00;1864;18-3-2024;3;18;12;0;16;1;80
2024-03-18 17:00:00+01:00;1865;18-3-2024;3;18;12;0;17;1;50
2024-03-18 18:00:00+01:00;1866;18-3-2024;3;18;12;0;18;1;42
2024-03-18 19:00:00+01:00;1867;18-3-2024;3;18;12;0;19;1;33
2024-03-18 20:00:00+01:00;1868;18-3-2024;3;18;12;0;20;1;25
2024-03-18 21:00:00+01:00;1869;18-3-2024;3;18;12;0;21;1;17
2024-03-18 22:00:00+01:00;1870;18-3-2024;3;18;12;0;22;1;8
2024-03-18 23:00:00+01:00;1871;18-3-2024;3;18;12;0;23;1;0
2024-03-19 00:00:00+01:00;1872;19-3-2024;3;19;12;1;0;1;0
2024-03-19 01:00:00+01:00;1873;19-3-2024;3;19;12;1;1;1;0
2024-03-19 02:00:00+01:00;1874;19-3-2024;3;19;12;1;2;1;0
2024-03-19 03:00:00+01:00;1875;19-3-2024;3;19;12;1;3;1;0
2024-03-19 04:00:00+01:00;1876;19-3-2024;3;19;12;1;4;1;0
2024-03-19 05:00:00+01:00;1877;19-3-2024;3;19;12;1;5;1;0
2024-03-19 06:00:00+01:00;1878;19-3-2024;3;19;12;1;6;1;0
2024-03-19 07:00:00+01:00;1879;19-3-2024;3;19;12;1;7;1;0
2024-03-19 08:00:00+01:00;1880;19-3-2024;3;19;12;1;8;1;60
2024-03-19 09:00:00+01:00;1881;19-3-2024;3;19;12;1;9;1;60
2024-03-19 10:00:00+01:00;1882;19-3-2024;3;19;12;1;10;1;90
2024-03-19 11:00:00+01:00;1883;19-3-2024;3;19;12;1;11;1;90
2024-03-19 12:00:00+01:00;1884;19-3-2024;3;19;12;1;12;1;50
2024-03-19 13:00:00+01:00;1885;19-3-2024;3;19;12;1;13;1;50
2024-03-19 14:00:00+01:00;1886;19-3-2024;3;19;12;1;14;1;80
2024-03-19 15:00:00+01:00;1887;19-3-2024;3;19;12;1;15;1;80
2024-03-19 16:00:00+01:00;1888;19-3-2024;3;19;12;1;16;1;80
2024-03-19 17:00:00+01:00;1889;19-3-2024;3;19;12;1;17;1;50
2024-03-19 18:00:00+01:00;1890;19-3-2024;3;19;12;1;18;1;42
2024-03-19 19:00:00+01:00;1891;19-3-2024;3;19;12;1;19;1;33
2024-03-19 20:00:00+01:00;1892;19-3-2024;3;19;12;1;20;1;25
2024-03-19 21:00:00+01:00;1893;19-3-2024;3;19;12;1;21;1;17
2024-03-19 22:00:00+01:00;1894;19-3-2024;3;19;12;1;22;1;8
2024-03-19 23:00:00+01:00;1895;19-3-2024;3;19;12;1;23;1;0
2024-03-20 00:00:00+01:00;1896;20-3-2024;3;20;12;2;0;1;0
2024-03-20 01:00:00+01:00;1897;20-3-2024;3;20;12;2;1;1;0
2024-03-20 02:00:00+01:00;1898;20-3-2024;3;20;12;2;2;1;0
2024-03-20 03:00:00+01:00;1899;20-3-2024;3;20;12;2;3;1;0
2024-03-20 04:00:00+01:00;1900;20-3-2024;3;20;12;2;4;1;0
2024-03-20 05:00:00+01:00;1901;20-3-2024;3;20;12;2;5;1;0
2024-03-20 06:00:00+01:00;1902;20-3-2024;3;20;12;2;6;1;0
2024-03-20 07:00:00+01:00;1903;20-3-2024;3;20;12;2;7;1;0
2024-03-20 08:00:00+01:00;1904;20-3-2024;3;20;12;2;8;1;60
2024-03-20 09:00:00+01:00;1905;20-3-2024;3;20;12;2;9;1;60
2024-03-20 10:00:00+01:00;1906;20-3-2024;3;20;12;2;10;1;90
2024-03-20 11:00:00+01:00;1907;20-3-2024;3;20;12;2;11;1;90
2024-03-20 12:00:00+01:00;1908;20-3-2024;3;20;12;2;12;1;50
2024-03-20 13:00:00+01:00;1909;20-3-2024;3;20;12;2;13;1;50
2024-03-20 14:00:00+01:00;1910;20-3-2024;3;20;12;2;14;1;80
2024-03-20 15:00:00+01:00;1911;20-3-2024;3;20;12;2;15;1;80
2024-03-20 16:00:00+01:00;1912;20-3-2024;3;20;12;2;16;1;80
2024-03-20 17:00:00+01:00;1913;20-3-2024;3;20;12;2;17;1;50
2024-03-20 18:00:00+01:00;1914;20-3-2024;3;20;12;2;18;1;42
2024-03-20 19:00:00+01:00;1915;20-3-2024;3;20;12;2;19;1;33
2024-03-20 20:00:00+01:00;1916;20-3-2024;3;20;12;2;20;1;25
2024-03-20 21:00:00+01:00;1917;20-3-2024;3;20;12;2;21;1;17
2024-03-20 22:00:00+01:00;1918;20-3-2024;3;20;12;2;22;1;8
2024-03-20 23:00:00+01:00;1919;20-3-2024;3;20;12;2;23;1;0
2024-03-21 00:00:00+01:00;1920;21-3-2024;3;21;12;3;0;1;0
2024-03-21 01:00:00+01:00;1921;21-3-2024;3;21;12;3;1;1;0
2024-03-21 02:00:00+01:00;1922;21-3-2024;3;21;12;3;2;1;0
2024-03-21 03:00:00+01:00;1923;21-3-2024;3;21;12;3;3;1;0
2024-03-21 04:00:00+01:00;1924;21-3-2024;3;21;12;3;4;1;0
2024-03-21 05:00:00+01:00;1925;21-3-2024;3;21;12;3;5;1;0
2024-03-21 06:00:00+01:00;1926;21-3-2024;3;21;12;3;6;1;0
2024-03-21 07:00:00+01:00;1927;21-3-2024;3;21;12;3;7;1;0
2024-03-21 08:00:00+01:00;1928;21-3-2024;3;21;12;3;8;1;60
2024-03-21 09:00:00+01:00;1929;21-3-2024;3;21;12;3;9;1;60
2024-03-21 10:00:00+01:00;1930;21-3-2024;3;21;12;3;10;1;90
2024-03-21 11:00:00+01:00;1931;21-3-2024;3;21;12;3;11;1;90
2024-03-21 12:00:00+01:00;1932;21-3-2024;3;21;12;3;12;1;50
2024-03-21 13:00:00+01:00;1933;21-3-2024;3;21;12;3;13;1;50
2024-03-21 14:00:00+01:00;1934;21-3-2024;3;21;12;3;14;1;80
2024-03-21 15:00:00+01:00;1935;21-3-2024;3;21;12;3;15;1;80
2024-03-21 16:00:00+01:00;1936;21-3-2024;3;21;12;3;16;1;80
2024-03-21 17:00:00+01:00;1937;21-3-2024;3;21;12;3;17;1;50
2024-03-21 18:00:00+01:00;1938;21-3-2024;3;21;12;3;18;1;42
2024-03-21 19:00:00+01:00;1939;21-3-2024;3;21;12;3;19;1;33
2024-03-21 20:00:00+01:00;1940;21-3-2024;3;21;12;3;20;1;25
2024-03-21 21:00:00+01:00;1941;21-3-2024;3;21;12;3;21;1;17
2024-03-21 22:00:00+01:00;1942;21-3-2024;3;21;12;3;22;1;8
2024-03-21 23:00:00+01:00;1943;21-3-2024;3;21;12;3;23;1;0
2024-03-22 00:00:00+01:00;1944;22-3-2024;3;22;12;4;0;1;0
2024-03-22 01:00:00+01:00;1945;22-3-2024;3;22;12;4;1;1;0
2024-03-22 02:00:00+01:00;1946;22-3-2024;3;22;12;4;2;1;0
2024-03-22 03:00:00+01:00;1947;22-3-2024;3;22;12;4;3;1;0
2024-03-22 04:00:00+01:00;1948;22-3-2024;3;22;12;4;4;1;0
2024-03-22 05:00:00+01:00;1949;22-3-2024;3;22;12;4;5;1;0
2024-03-22 06:00:00+01:00;1950;22-3-2024;3;22;12;4;6;1;0
2024-03-22 07:00:00+01:00;1951;22-3-2024;3;22;12;4;7;1;0
2024-03-22 08:00:00+01:00;1952;22-3-2024;3;22;12;4;8;1;60
2024-03-22 09:00:00+01:00;1953;22-3-2024;3;22;12;4;9;1;60
2024-03-22 10:00:00+01:00;1954;22-3-2024;3;22;12;4;10;1;90
2024-03-22 11:00:00+01:00;1955;22-3-2024;3;22;12;4;11;1;90
2024-03-22 12:00:00+01:00;1956;22-3-2024;3;22;12;4;12;1;50
2024-03-22 13:00:00+01:00;1957;22-3-2024;3;22;12;4;13;1;50
2024-03-22 14:00:00+01:00;1958;22-3-2024;3;22;12;4;14;1;80
2024-03-22 15:00:00+01:00;1959;22-3-2024;3;22;12;4;15;1;80
2024-03-22 16:00:00+01:00;1960;22-3-2024;3;22;12;4;16;1;80
2024-03-22 17:00:00+01:00;1961;22-3-2024;3;22;12;4;17;1;50
2024-03-22 18:00:00+01:00;1962;22-3-2024;3;22;12;4;18;1;42
2024-03-22 19:00:00+01:00;1963;22-3-2024;3;22;12;4;19;1;33
2024-03-22 20:00:00+01:00;1964;22-3-2024;3;22;12;4;20;1;25
2024-03-22 21:00:00+01:00;1965;22-3-2024;3;22;12;4;21;1;17
2024-03-22 22:00:00+01:00;1966;22-3-2024;3;22;12;4;22;1;8
2024-03-22 23:00:00+01:00;1967;22-3-2024;3;22;12;4;23;1;0
2024-03-23 00:00:00+01:00;1968;23-3-2024;3;23;12;5;0;2;0
2024-03-23 01:00:00+01:00;1969;23-3-2024;3;23;12;5;1;2;0
2024-03-23 02:00:00+01:00;1970;23-3-2024;3;23;12;5;2;2;0
2024-03-23 03:00:00+01:00;1971;23-3-2024;3;23;12;5;3;2;0
2024-03-23 04:00:00+01:00;1972;23-3-2024;3;23;12;5;4;2;0
2024-03-23 05:00:00+01:00;1973;23-3-2024;3;23;12;5;5;2;0
2024-03-23 06:00:00+01:00;1974;23-3-2024;3;23;12;5;6;2;0
2024-03-23 07:00:00+01:00;1975;23-3-2024;3;23;12;5;7;2;0
2024-03-23 08:00:00+01:00;1976;23-3-2024;3;23;12;5;8;2;0
2024-03-23 09:00:00+01:00;1977;23-3-2024;3;23;12;5;9;2;0
2024-03-23 10:00:00+01:00;1978;23-3-2024;3;23;12;5;10;2;50
2024-03-23 11:00:00+01:00;1979;23-3-2024;3;23;12;5;11;2;50
2024-03-23 12:00:00+01:00;1980;23-3-2024;3;23;12;5;12;2;30
2024-03-23 13:00:00+01:00;1981;23-3-2024;3;23;12;5;13;2;30
2024-03-23 14:00:00+01:00;1982;23-3-2024;3;23;12;5;14;2;50
2024-03-23 15:00:00+01:00;1983;23-3-2024;3;23;12;5;15;2;50
2024-03-23 16:00:00+01:00;1984;23-3-2024;3;23;12;5;16;2;50
2024-03-23 17:00:00+01:00;1985;23-3-2024;3;23;12;5;17;2;0
2024-03-23 18:00:00+01:00;1986;23-3-2024;3;23;12;5;18;2;0
2024-03-23 19:00:00+01:00;1987;23-3-2024;3;23;12;5;19;2;0
2024-03-23 20:00:00+01:00;1988;23-3-2024;3;23;12;5;20;2;0
2024-03-23 21:00:00+01:00;1989;23-3-2024;3;23;12;5;21;2;0
2024-03-23 22:00:00+01:00;1990;23-3-2024;3;23;12;5;22;2;0
2024-03-23 23:00:00+01:00;1991;23-3-2024;3;23;12;5;23;2;0
2024-03-24 00:00:00+01:00;1992;24-3-2024;3;24;12;6;0;3;0
2024-03-24 01:00:00+01:00;1993;24-3-2024;3;24;12;6;1;3;0
2024-03-24 02:00:00+01:00;1994;24-3-2024;3;24;12;6;2;3;0
2024-03-24 03:00:00+01:00;1995;24-3-2024;3;24;12;6;3;3;0
2024-03-24 04:00:00+01:00;1996;24-3-2024;3;24;12;6;4;3;0
2024-03-24 05:00:00+01:00;1997;24-3-2024;3;24;12;6;5;3;0
2024-03-24 06:00:00+01:00;1998;24-3-2024;3;24;12;6;6;3;0
2024-03-24 07:00:00+01:00;1999;24-3-2024;3;24;12;6;7;3;0
2024-03-24 08:00:00+01:00;2000;24-3-2024;3;24;12;6;8;3;0
2024-03-24 09:00:00+01:00;2001;24-3-2024;3;24;12;6;9;3;0
2024-03-24 10:00:00+01:00;2002;24-3-2024;3;24;12;6;10;3;0
2024-03-24 11:00:00+01:00;2003;24-3-2024;3;24;12;6;11;3;0
2024-03-24 12:00:00+01:00;2004;24-3-2024;3;24;12;6;12;3;0
2024-03-24 13:00:00+01:00;2005;24-3-2024;3;24;12;6;13;3;0
2024-03-24 14:00:00+01:00;2006;24-3-2024;3;24;12;6;14;3;0
2024-03-24 15:00:00+01:00;2007;24-3-2024;3;24;12;6;15;3;0
2024-03-24 16:00:00+01:00;2008;24-3-2024;3;24;12;6;16;3;0
2024-03-24 17:00:00+01:00;2009;24-3-2024;3;24;12;6;17;3;0
2024-03-24 18:00:00+01:00;2010;24-3-2024;3;24;12;6;18;3;0
2024-03-24 19:00:00+01:00;2011;24-3-2024;3;24;12;6;19;3;0
2024-03-24 20:00:00+01:00;2012;24-3-2024;3;24;12;6;20;3;0
2024-03-24 21:00:00+01:00;2013;24-3-2024;3;24;12;6;21;3;0
2024-03-24 22:00:00+01:00;2014;24-3-2024;3;24;12;6;22;3;0
2024-03-24 23:00:00+01:00;2015;24-3-2024;3;24;12;6;23;3;0
2024-03-25 00:00:00+01:00;2016;25-3-2024;3;25;13;0;0;1;0
2024-03-25 01:00:00+01:00;2017;25-3-2024;3;25;13;0;1;1;0
2024-03-25 02:00:00+01:00;2018;25-3-2024;3;25;13;0;2;1;0
2024-03-25 03:00:00+01:00;2019;25-3-2024;3;25;13;0;3;1;0
2024-03-25 04:00:00+01:00;2020;25-3-2024;3;25;13;0;4;1;0
2024-03-25 05:00:00+01:00;2021;25-3-2024;3;25;13;0;5;1;0
2024-03-25 06:00:00+01:00;2022;25-3-2024;3;25;13;0;6;1;0
2024-03-25 07:00:00+01:00;2023;25-3-2024;3;25;13;0;7;1;0
2024-03-25 08:00:00+01:00;2024;25-3-2024;3;25;13;0;8;1;60
2024-03-25 09:00:00+01:00;2025;25-3-2024;3;25;13;0;9;1;60
2024-03-25 10:00:00+01:00;2026;25-3-2024;3;25;13;0;10;1;90
2024-03-25 11:00:00+01:00;2027;25-3-2024;3;25;13;0;11;1;90
2024-03-25 12:00:00+01:00;2028;25-3-2024;3;25;13;0;12;1;50
2024-03-25 13:00:00+01:00;2029;25-3-2024;3;25;13;0;13;1;50
2024-03-25 14:00:00+01:00;2030;25-3-2024;3;25;13;0;14;1;80
2024-03-25 15:00:00+01:00;2031;25-3-2024;3;25;13;0;15;1;80
2024-03-25 16:00:00+01:00;2032;25-3-2024;3;25;13;0;16;1;80
2024-03-25 17:00:00+01:00;2033;25-3-2024;3;25;13;0;17;1;50
2024-03-25 18:00:00+01:00;2034;25-3-2024;3;25;13;0;18;1;42
2024-03-25 19:00:00+01:00;2035;25-3-2024;3;25;13;0;19;1;33
2024-03-25 20:00:00+01:00;2036;25-3-2024;3;25;13;0;20;1;25
2024-03-25 21:00:00+01:00;2037;25-3-2024;3;25;13;0;21;1;17
2024-03-25 22:00:00+01:00;2038;25-3-2024;3;25;13;0;22;1;8
2024-03-25 23:00:00+01:00;2039;25-3-2024;3;25;13;0;23;1;0
2024-03-26 00:00:00+01:00;2040;26-3-2024;3;26;13;1;0;1;0
2024-03-26 01:00:00+01:00;2041;26-3-2024;3;26;13;1;1;1;0
2024-03-26 02:00:00+01:00;2042;26-3-2024;3;26;13;1;2;1;0
2024-03-26 03:00:00+01:00;2043;26-3-2024;3;26;13;1;3;1;0
2024-03-26 04:00:00+01:00;2044;26-3-2024;3;26;13;1;4;1;0
2024-03-26 05:00:00+01:00;2045;26-3-2024;3;26;13;1;5;1;0
2024-03-26 06:00:00+01:00;2046;26-3-2024;3;26;13;1;6;1;0
2024-03-26 07:00:00+01:00;2047;26-3-2024;3;26;13;1;7;1;0
2024-03-26 08:00:00+01:00;2048;26-3-2024;3;26;13;1;8;1;60
2024-03-26 09:00:00+01:00;2049;26-3-2024;3;26;13;1;9;1;60
2024-03-26 10:00:00+01:00;2050;26-3-2024;3;26;13;1;10;1;90
2024-03-26 11:00:00+01:00;2051;26-3-2024;3;26;13;1;11;1;90
2024-03-26 12:00:00+01:00;2052;26-3-2024;3;26;13;1;12;1;50
2024-03-26 13:00:00+01:00;2053;26-3-2024;3;26;13;1;13;1;50
2024-03-26 14:00:00+01:00;2054;26-3-2024;3;26;13;1;14;1;80
2024-03-26 15:00:00+01:00;2055;26-3-2024;3;26;13;1;15;1;80
2024-03-26 16:00:00+01:00;2056;26-3-2024;3;26;13;1;16;1;80
2024-03-26 17:00:00+01:00;2057;26-3-2024;3;26;13;1;17;1;50
2024-03-26 18:00:00+01:00;2058;26-3-2024;3;26;13;1;18;1;42
2024-03-26 19:00:00+01:00;2059;26-3-2024;3;26;13;1;19;1;33
2024-03-26 20:00:00+01:00;2060;26-3-2024;3;26;13;1;20;1;25
2024-03-26 21:00:00+01:00;2061;26-3-2024;3;26;13;1;21;1;17
2024-03-26 22:00:00+01:00;2062;26-3-2024;3;26;13;1;22;1;8
2024-03-26 23:00:00+01:00;2063;26-3-2024;3;26;13;1;23;1;0
2024-03-27 00:00:00+01:00;2064;27-3-2024;3;27;13;2;0;1;0
2024-03-27 01:00:00+01:00;2065;27-3-2024;3;27;13;2;1;1;0
2024-03-27 02:00:00+01:00;2066;27-3-2024;3;27;13;2;2;1;0
2024-03-27 03:00:00+01:00;2067;27-3-2024;3;27;13;2;3;1;0
2024-03-27 04:00:00+01:00;2068;27-3-2024;3;27;13;2;4;1;0
2024-03-27 05:00:00+01:00;2069;27-3-2024;3;27;13;2;5;1;0
2024-03-27 06:00:00+01:00;2070;27-3-2024;3;27;13;2;6;1;0
2024-03-27 07:00:00+01:00;2071;27-3-2024;3;27;13;2;7;1;0
2024-03-27 08:00:00+01:00;2072;27-3-2024;3;27;13;2;8;1;60
2024-03-27 09:00:00+01:00;2073;27-3-2024;3;27;13;2;9;1;60
2024-03-27 10:00:00+01:00;2074;27-3-2024;3;27;13;2;10;1;90
2024-03-27 11:00:00+01:00;2075;27-3-2024;3;27;13;2;11;1;90
2024-03-27 12:00:00+01:00;2076;27-3-2024;3;27;13;2;12;1;50
2024-03-27 13:00:00+01:00;2077;27-3-2024;3;27;13;2;13;1;50
2024-03-27 14:00:00+01:00;2078;27-3-2024;3;27;13;2;14;1;80
2024-03-27 15:00:00+01:00;2079;27-3-2024;3;27;13;2;15;1;80
2024-03-27 16:00:00+01:00;2080;27-3-2024;3;27;13;2;16;1;80
2024-03-27 17:00:00+01:00;2081;27-3-2024;3;27;13;2;17;1;50
2024-03-27 18:00:00+01:00;2082;27-3-2024;3;27;13;2;18;1;42
2024-03-27 19:00:00+01:00;2083;27-3-2024;3;27;13;2;19;1;33
2024-03-27 20:00:00+01:00;2084;27-3-2024;3;27;13;2;20;1;25
2024-03-27 21:00:00+01:00;2085;27-3-2024;3;27;13;2;21;1;17
2024-03-27 22:00:00+01:00;2086;27-3-2024;3;27;13;2;22;1;8
2024-03-27 23:00:00+01:00;2087;27-3-2024;3;27;13;2;23;1;0
2024-03-28 00:00:00+01:00;2088;28-3-2024;3;28;13;3;0;1;0
2024-03-28 01:00:00+01:00;2089;28-3-2024;3;28;13;3;1;1;0
2024-03-28 02:00:00+01:00;2090;28-3-2024;3;28;13;3;2;1;0
2024-03-28 03:00:00+01:00;2091;28-3-2024;3;28;13;3;3;1;0
2024-03-28 04:00:00+01:00;2092;28-3-2024;3;28;13;3;4;1;0
2024-03-28 05:00:00+01:00;2093;28-3-2024;3;28;13;3;5;1;0
2024-03-28 06:00:00+01:00;2094;28-3-2024;3;28;13;3;6;1;0
2024-03-28 07:00:00+01:00;2095;28-3-2024;3;28;13;3;7;1;0
2024-03-28 08:00:00+01:00;2096;28-3-2024;3;28;13;3;8;1;60
2024-03-28 09:00:00+01:00;2097;28-3-2024;3;28;13;3;9;1;60
2024-03-28 10:00:00+01:00;2098;28-3-2024;3;28;13;3;10;1;90
2024-03-28 11:00:00+01:00;2099;28-3-2024;3;28;13;3;11;1;90
2024-03-28 12:00:00+01:00;2100;28-3-2024;3;28;13;3;12;1;50
2024-03-28 13:00:00+01:00;2101;28-3-2024;3;28;13;3;13;1;50
2024-03-28 14:00:00+01:00;2102;28-3-2024;3;28;13;3;14;1;80
2024-03-28 15:00:00+01:00;2103;28-3-2024;3;28;13;3;15;1;80
2024-03-28 16:00:00+01:00;2104;28-3-2024;3;28;13;3;16;1;80
2024-03-28 17:00:00+01:00;2105;28-3-2024;3;28;13;3;17;1;50
2024-03-28 18:00:00+01:00;2106;28-3-2024;3;28;13;3;18;1;42
2024-03-28 19:00:00+01:00;2107;28-3-2024;3;28;13;3;19;1;33
2024-03-28 20:00:00+01:00;2108;28-3-2024;3;28;13;3;20;1;25
2024-03-28 21:00:00+01:00;2109;28-3-2024;3;28;13;3;21;1;17
2024-03-28 22:00:00+01:00;2110;28-3-2024;3;28;13;3;22;1;8
2024-03-28 23:00:00+01:00;2111;28-3-2024;3;28;13;3;23;1;0
2024-03-29 00:00:00+01:00;2112;29-3-2024;3;29;13;4;0;1;0
2024-03-29 01:00:00+01:00;2113;29-3-2024;3;29;13;4;1;1;0
2024-03-29 02:00:00+01:00;2114;29-3-2024;3;29;13;4;2;1;0
2024-03-29 03:00:00+01:00;2115;29-3-2024;3;29;13;4;3;1;0
2024-03-29 04:00:00+01:00;2116;29-3-2024;3;29;13;4;4;1;0
2024-03-29 05:00:00+01:00;2117;29-3-2024;3;29;13;4;5;1;0
2024-03-29 06:00:00+01:00;2118;29-3-2024;3;29;13;4;6;1;0
2024-03-29 07:00:00+01:00;2119;29-3-2024;3;29;13;4;7;1;0
2024-03-29 08:00:00+01:00;2120;29-3-2024;3;29;13;4;8;1;60
2024-03-29 09:00:00+01:00;2121;29-3-2024;3;29;13;4;9;1;60
2024-03-29 10:00:00+01:00;2122;29-3-2024;3;29;13;4;10;1;90
2024-03-29 11:00:00+01:00;2123;29-3-2024;3;29;13;4;11;1;90
2024-03-29 12:00:00+01:00;2124;29-3-2024;3;29;13;4;12;1;50
2024-03-29 13:00:00+01:00;2125;29-3-2024;3;29;13;4;13;1;50
2024-03-29 14:00:00+01:00;2126;29-3-2024;3;29;13;4;14;1;80
2024-03-29 15:00:00+01:00;2127;29-3-2024;3;29;13;4;15;1;80
2024-03-29 16:00:00+01:00;2128;29-3-2024;3;29;13;4;16;1;80
2024-03-29 17:00:00+01:00;2129;29-3-2024;3;29;13;4;17;1;50
2024-03-29 18:00:00+01:00;2130;29-3-2024;3;29;13;4;18;1;42
2024-03-29 19:00:00+01:00;2131;29-3-2024;3;29;13;4;19;1;33
2024-03-29 20:00:00+01:00;2132;29-3-2024;3;29;13;4;20;1;25
2024-03-29 21:00:00+01:00;2133;29-3-2024;3;29;13;4;21;1;17
2024-03-29 22:00:00+01:00;2134;29-3-2024;3;29;13;4;22;1;8
2024-03-29 23:00:00+01:00;2135;29-3-2024;3;29;13;4;23;1;0
2024-03-30 00:00:00+01:00;2136;30-3-2024;3;30;13;5;0;2;0
2024-03-30 01:00:00+01:00;2137;30-3-2024;3;30;13;5;1;2;0
2024-03-30 02:00:00+01:00;2138;30-3-2024;3;30;13;5;2;2;0
2024-03-30 03:00:00+01:00;2139;30-3-2024;3;30;13;5;3;2;0
2024-03-30 04:00:00+01:00;2140;30-3-2024;3;30;13;5;4;2;0
2024-03-30 05:00:00+01:00;2141;30-3-2024;3;30;13;5;5;2;0
2024-03-30 06:00:00+01:00;2142;30-3-2024;3;30;13;5;6;2;0
2024-03-30 07:00:00+01:00;2143;30-3-2024;3;30;13;5;7;2;0
2024-03-30 08:00:00+01:00;2144;30-3-2024;3;30;13;5;8;2;0
2024-03-30 09:00:00+01:00;2145;30-3-2024;3;30;13;5;9;2;0
2024-03-30 10:00:00+01:00;2146;30-3-2024;3;30;13;5;10;2;50
2024-03-30 11:00:00+01:00;2147;30-3-2024;3;30;13;5;11;2;50
2024-03-30 12:00:00+01:00;2148;30-3-2024;3;30;13;5;12;2;30
2024-03-30 13:00:00+01:00;2149;30-3-2024;3;30;13;5;13;2;30
2024-03-30 14:00:00+01:00;2150;30-3-2024;3;30;13;5;14;2;50
2024-03-30 15:00:00+01:00;2151;30-3-2024;3;30;13;5;15;2;50
2024-03-30 16:00:00+01:00;2152;30-3-2024;3;30;13;5;16;2;50
2024-03-30 17:00:00+01:00;2153;30-3-2024;3;30;13;5;17;2;0
2024-03-30 18:00:00+01:00;2154;30-3-2024;3;30;13;5;18;2;0
2024-03-30 19:00:00+01:00;2155;30-3-2024;3;30;13;5;19;2;0
2024-03-30 20:00:00+01:00;2156;30-3-2024;3;30;13;5;20;2;0
2024-03-30 21:00:00+01:00;2157;30-3-2024;3;30;13;5;21;2;0
2024-03-30 22:00:00+01:00;2158;30-3-2024;3;30;13;5;22;2;0
2024-03-30 23:00:00+01:00;2159;30-3-2024;3;30;13;5;23;2;0
2024-03-31 00:00:00+01:00;2160;31-3-2024;3;31;13;6;0;3;0
2024-03-31 01:00:00+01:00;2161;31-3-2024;3;31;13;6;1;3;0
2024-03-31 03:00:00+02:00;2162;31-3-2024;3;31;13;6;3;3;0
2024-03-31 04:00:00+02:00;2163;31-3-2024;3;31;13;6;4;3;0
2024-03-31 05:00:00+02:00;2164;31-3-2024;3;31;13;6;5;3;0
2024-03-31 06:00:00+02:00;2165;31-3-2024;3;31;13;6;6;3;0
2024-03-31 07:00:00+02:00;2166;31-3-2024;3;31;13;6;7;3;0
2024-03-31 08:00:00+02:00;2167;31-3-2024;3;31;13;6;8;3;0
2024-03-31 09:00:00+02:00;2168;31-3-2024;3;31;13;6;9;3;0
2024-03-31 10:00:00+02:00;2169;31-3-2024;3;31;13;6;10;3;0
2024-03-31 11:00:00+02:00;2170;31-3-2024;3;31;13;6;11;3;0
2024-03-31 12:00:00+02:00;2171;31-3-2024;3;31;13;6;12;3;0
2024-03-31 13:00:00+02:00;2172;31-3-2024;3;31;13;6;13;3;0
2024-03-31 14:00:00+02:00;2173;31-3-2024;3;31;13;6;14;3;0
2024-03-31 15:00:00+02:00;2174;31-3-2024;3;31;13;6;15;3;0
2024-03-31 16:00:00+02:00;2175;31-3-2024;3;31;13;6;16;3;0
2024-03-31 17:00:00+02:00;2176;31-3-2024;3;31;13;6;17;3;0
2024-03-31 18:00:00+02:00;2177;31-3-2024;3;31;13;6;18;3;0
2024-03-31 19:00:00+02:00;2178;31-3-2024;3;31;13;6;19;3;0
2024-03-31 20:00:00+02:00;2179;31-3-2024;3;31;13;6;20;3;0
2024-03-31 21:00:00+02:00;2180;31-3-2024;3;31;13;6;21;3;0
2024-03-31 22:00:00+02:00;2181;31-3-2024;3;31;13;6;22;3;0
2024-03-31 23:00:00+02:00;2182;31-3-2024;3;31;13;6;23;3;0
2024-04-01 00:00:00+02:00;2183;1-4-2024;4;1;14;0;0;1;0
2024-04-01 01:00:00+02:00;2184;1-4-2024;4;1;14;0;1;1;0
2024-04-01 02:00:00+02:00;2185;1-4-2024;4;1;14;0;2;1;0
2024-04-01 03:00:00+02:00;2186;1-4-2024;4;1;14;0;3;1;0
2024-04-01 04:00:00+02:00;2187;1-4-2024;4;1;14;0;4;1;0
2024-04-01 05:00:00+02:00;2188;1-4-2024;4;1;14;0;5;1;0
2024-04-01 06:00:00+02:00;2189;1-4-2024;4;1;14;0;6;1;0
2024-04-01 07:00:00+02:00;2190;1-4-2024;4;1;14;0;7;1;0
2024-04-01 08:00:00+02:00;2191;1-4-2024;4;1;14;0;8;1;60
2024-04-01 09:00:00+02:00;2192;1-4-2024;4;1;14;0;9;1;60
2024-04-01 10:00:00+02:00;2193;1-4-2024;4;1;14;0;10;1;90
2024-04-01 11:00:00+02:00;2194;1-4-2024;4;1;14;0;11;1;90
2024-04-01 12:00:00+02:00;2195;1-4-2024;4;1;14;0;12;1;50
2024-04-01 13:00:00+02:00;2196;1-4-2024;4;1;14;0;13;1;50
2024-04-01 14:00:00+02:00;2197;1-4-2024;4;1;14;0;14;1;80
2024-04-01 15:00:00+02:00;2198;1-4-2024;4;1;14;0;15;1;80
2024-04-01 16:00:00+02:00;2199;1-4-2024;4;1;14;0;16;1;80
2024-04-01 17:00:00+02:00;2200;1-4-2024;4;1;14;0;17;1;50
2024-04-01 18:00:00+02:00;2201;1-4-2024;4;1;14;0;18;1;42
2024-04-01 19:00:00+02:00;2202;1-4-2024;4;1;14;0;19;1;33
2024-04-01 20:00:00+02:00;2203;1-4-2024;4;1;14;0;20;1;25
2024-04-01 21:00:00+02:00;2204;1-4-2024;4;1;14;0;21;1;17
2024-04-01 22:00:00+02:00;2205;1-4-2024;4;1;14;0;22;1;8
2024-04-01 23:00:00+02:00;2206;1-4-2024;4;1;14;0;23;1;0
2024-04-02 00:00:00+02:00;2207;2-4-2024;4;2;14;1;0;1;0
2024-04-02 01:00:00+02:00;2208;2-4-2024;4;2;14;1;1;1;0
2024-04-02 02:00:00+02:00;2209;2-4-2024;4;2;14;1;2;1;0
2024-04-02 03:00:00+02:00;2210;2-4-2024;4;2;14;1;3;1;0
2024-04-02 04:00:00+02:00;2211;2-4-2024;4;2;14;1;4;1;0
2024-04-02 05:00:00+02:00;2212;2-4-2024;4;2;14;1;5;1;0
2024-04-02 06:00:00+02:00;2213;2-4-2024;4;2;14;1;6;1;0
2024-04-02 07:00:00+02:00;2214;2-4-2024;4;2;14;1;7;1;0
2024-04-02 08:00:00+02:00;2215;2-4-2024;4;2;14;1;8;1;60
2024-04-02 09:00:00+02:00;2216;2-4-2024;4;2;14;1;9;1;60
2024-04-02 10:00:00+02:00;2217;2-4-2024;4;2;14;1;10;1;90
2024-04-02 11:00:00+02:00;2218;2-4-2024;4;2;14;1;11;1;90
2024-04-02 12:00:00+02:00;2219;2-4-2024;4;2;14;1;12;1;50
2024-04-02 13:00:00+02:00;2220;2-4-2024;4;2;14;1;13;1;50
2024-04-02 14:00:00+02:00;2221;2-4-2024;4;2;14;1;14;1;80
2024-04-02 15:00:00+02:00;2222;2-4-2024;4;2;14;1;15;1;80
2024-04-02 16:00:00+02:00;2223;2-4-2024;4;2;14;1;16;1;80
2024-04-02 17:00:00+02:00;2224;2-4-2024;4;2;14;1;17;1;50
2024-04-02 18:00:00+02:00;2225;2-4-2024;4;2;14;1;18;1;42
2024-04-02 19:00:00+02:00;2226;2-4-2024;4;2;14;1;19;1;33
2024-04-02 20:00:00+02:00;2227;2-4-2024;4;2;14;1;20;1;25
2024-04-02 21:00:00+02:00;2228;2-4-2024;4;2;14;1;21;1;17
2024-04-02 22:00:00+02:00;2229;2-4-2024;4;2;14;1;22;1;8
2024-04-02 23:00:00+02:00;2230;2-4-2024;4;2;14;1;23;1;0
2024-04-03 00:00:00+02:00;2231;3-4-2024;4;3;14;2;0;1;0
2024-04-03 01:00:00+02:00;2232;3-4-2024;4;3;14;2;1;1;0
2024-04-03 02:00:00+02:00;2233;3-4-2024;4;3;14;2;2;1;0
2024-04-03 03:00:00+02:00;2234;3-4-2024;4;3;14;2;3;1;0
2024-04-03 04:00:00+02:00;2235;3-4-2024;4;3;14;2;4;1;0
2024-04-03 05:00:00+02:00;2236;3-4-2024;4;3;14;2;5;1;0
2024-04-03 06:00:00+02:00;2237;3-4-2024;4;3;14;2;6;1;0
2024-04-03 07:00:00+02:00;2238;3-4-2024;4;3;14;2;7;1;0
2024-04-03 08:00:00+02:00;2239;3-4-2024;4;3;14;2;8;1;60
2024-04-03 09:00:00+02:00;2240;3-4-2024;4;3;14;2;9;1;60
2024-04-03 10:00:00+02:00;2241;3-4-2024;4;3;14;2;10;1;90
2024-04-03 11:00:00+02:00;2242;3-4-2024;4;3;14;2;11;1;90
2024-04-03 12:00:00+02:00;2243;3-4-2024;4;3;14;2;12;1;50
2024-04-03 13:00:00+02:00;2244;3-4-2024;4;3;14;2;13;1;50
2024-04-03 14:00:00+02:00;2245;3-4-2024;4;3;14;2;14;1;80
2024-04-03 15:00:00+02:00;2246;3-4-2024;4;3;14;2;15;1;80
2024-04-03 16:00:00+02:00;2247;3-4-2024;4;3;14;2;16;1;80
2024-04-03 17:00:00+02:00;2248;3-4-2024;4;3;14;2;17;1;50
2024-04-03 18:00:00+02:00;2249;3-4-2024;4;3;14;2;18;1;42
2024-04-03 19:00:00+02:00;2250;3-4-2024;4;3;14;2;19;1;33
2024-04-03 20:00:00+02:00;2251;3-4-2024;4;3;14;2;20;1;25
2024-04-03 21:00:00+02:00;2252;3-4-2024;4;3;14;2;21;1;17
2024-04-03 22:00:00+02:00;2253;3-4-2024;4;3;14;2;22;1;8
2024-04-03 23:00:00+02:00;2254;3-4-2024;4;3;14;2;23;1;0
2024-04-04 00:00:00+02:00;2255;4-4-2024;4;4;14;3;0;1;0
2024-04-04 01:00:00+02:00;2256;4-4-2024;4;4;14;3;1;1;0
2024-04-04 02:00:00+02:00;2257;4-4-2024;4;4;14;3;2;1;0
2024-04-04 03:00:00+02:00;2258;4-4-2024;4;4;14;3;3;1;0
2024-04-04 04:00:00+02:00;2259;4-4-2024;4;4;14;3;4;1;0
2024-04-04 05:00:00+02:00;2260;4-4-2024;4;4;14;3;5;1;0
2024-04-04 06:00:00+02:00;2261;4-4-2024;4;4;14;3;6;1;0
2024-04-04 07:00:00+02:00;2262;4-4-2024;4;4;14;3;7;1;0
2024-04-04 08:00:00+02:00;2263;4-4-2024;4;4;14;3;8;1;60
2024-04-04 09:00:00+02:00;2264;4-4-2024;4;4;14;3;9;1;60
2024-04-04 10:00:00+02:00;2265;4-4-2024;4;4;14;3;10;1;90
2024-04-04 11:00:00+02:00;2266;4-4-2024;4;4;14;3;11;1;90
2024-04-04 12:00:00+02:00;2267;4-4-2024;4;4;14;3;12;1;50
2024-04-04 13:00:00+02:00;2268;4-4-2024;4;4;14;3;13;1;50
2024-04-04 14:00:00+02:00;2269;4-4-2024;4;4;14;3;14;1;80
2024-04-04 15:00:00+02:00;2270;4-4-2024;4;4;14;3;15;1;80
2024-04-04 16:00:00+02:00;2271;4-4-2024;4;4;14;3;16;1;80
2024-04-04 17:00:00+02:00;2272;4-4-2024;4;4;14;3;17;1;50
2024-04-04 18:00:00+02:00;2273;4-4-2024;4;4;14;3;18;1;42
2024-04-04 19:00:00+02:00;2274;4-4-2024;4;4;14;3;19;1;33
2024-04-04 20:00:00+02:00;2275;4-4-2024;4;4;14;3;20;1;25
2024-04-04 21:00:00+02:00;2276;4-4-2024;4;4;14;3;21;1;17
2024-04-04 22:00:00+02:00;2277;4-4-2024;4;4;14;3;22;1;8
2024-04-04 23:00:00+02:00;2278;4-4-2024;4;4;14;3;23;1;0
2024-04-05 00:00:00+02:00;2279;5-4-2024;4;5;14;4;0;1;0
2024-04-05 01:00:00+02:00;2280;5-4-2024;4;5;14;4;1;1;0
2024-04-05 02:00:00+02:00;2281;5-4-2024;4;5;14;4;2;1;0
2024-04-05 03:00:00+02:00;2282;5-4-2024;4;5;14;4;3;1;0
2024-04-05 04:00:00+02:00;2283;5-4-2024;4;5;14;4;4;1;0
2024-04-05 05:00:00+02:00;2284;5-4-2024;4;5;14;4;5;1;0
2024-04-05 06:00:00+02:00;2285;5-4-2024;4;5;14;4;6;1;0
2024-04-05 07:00:00+02:00;2286;5-4-2024;4;5;14;4;7;1;0
2024-04-05 08:00:00+02:00;2287;5-4-2024;4;5;14;4;8;1;60
2024-04-05 09:00:00+02:00;2288;5-4-2024;4;5;14;4;9;1;60
2024-04-05 10:00:00+02:00;2289;5-4-2024;4;5;14;4;10;1;90
2024-04-05 11:00:00+02:00;2290;5-4-2024;4;5;14;4;11;1;90
2024-04-05 12:00:00+02:00;2291;5-4-2024;4;5;14;4;12;1;50
2024-04-05 13:00:00+02:00;2292;5-4-2024;4;5;14;4;13;1;50
2024-04-05 14:00:00+02:00;2293;5-4-2024;4;5;14;4;14;1;80
2024-04-05 15:00:00+02:00;2294;5-4-2024;4;5;14;4;15;1;80
2024-04-05 16:00:00+02:00;2295;5-4-2024;4;5;14;4;16;1;80
2024-04-05 17:00:00+02:00;2296;5-4-2024;4;5;14;4;17;1;50
2024-04-05 18:00:00+02:00;2297;5-4-2024;4;5;14;4;18;1;42
2024-04-05 19:00:00+02:00;2298;5-4-2024;4;5;14;4;19;1;33
2024-04-05 20:00:00+02:00;2299;5-4-2024;4;5;14;4;20;1;25
2024-04-05 21:00:00+02:00;2300;5-4-2024;4;5;14;4;21;1;17
2024-04-05 22:00:00+02:00;2301;5-4-2024;4;5;14;4;22;1;8
2024-04-05 23:00:00+02:00;2302;5-4-2024;4;5;14;4;23;1;0
2024-04-06 00:00:00+02:00;2303;6-4-2024;4;6;14;5;0;2;0
2024-04-06 01:00:00+02:00;2304;6-4-2024;4;6;14;5;1;2;0
2024-04-06 02:00:00+02:00;2305;6-4-2024;4;6;14;5;2;2;0
2024-04-06 03:00:00+02:00;2306;6-4-2024;4;6;14;5;3;2;0
2024-04-06 04:00:00+02:00;2307;6-4-2024;4;6;14;5;4;2;0
2024-04-06 05:00:00+02:00;2308;6-4-2024;4;6;14;5;5;2;0
2024-04-06 06:00:00+02:00;2309;6-4-2024;4;6;14;5;6;2;0
2024-04-06 07:00:00+02:00;2310;6-4-2024;4;6;14;5;7;2;0
2024-04-06 08:00:00+02:00;2311;6-4-2024;4;6;14;5;8;2;0
2024-04-06 09:00:00+02:00;2312;6-4-2024;4;6;14;5;9;2;0
2024-04-06 10:00:00+02:00;2313;6-4-2024;4;6;14;5;10;2;50
2024-04-06 11:00:00+02:00;2314;6-4-2024;4;6;14;5;11;2;50
2024-04-06 12:00:00+02:00;2315;6-4-2024;4;6;14;5;12;2;30
2024-04-06 13:00:00+02:00;2316;6-4-2024;4;6;14;5;13;2;30
2024-04-06 14:00:00+02:00;2317;6-4-2024;4;6;14;5;14;2;50
2024-04-06 15:00:00+02:00;2318;6-4-2024;4;6;14;5;15;2;50
2024-04-06 16:00:00+02:00;2319;6-4-2024;4;6;14;5;16;2;50
2024-04-06 17:00:00+02:00;2320;6-4-2024;4;6;14;5;17;2;0
2024-04-06 18:00:00+02:00;2321;6-4-2024;4;6;14;5;18;2;0
2024-04-06 19:00:00+02:00;2322;6-4-2024;4;6;14;5;19;2;0
2024-04-06 20:00:00+02:00;2323;6-4-2024;4;6;14;5;20;2;0
2024-04-06 21:00:00+02:00;2324;6-4-2024;4;6;14;5;21;2;0
2024-04-06 22:00:00+02:00;2325;6-4-2024;4;6;14;5;22;2;0
2024-04-06 23:00:00+02:00;2326;6-4-2024;4;6;14;5;23;2;0
2024-04-07 00:00:00+02:00;2327;7-4-2024;4;7;14;6;0;3;0
2024-04-07 01:00:00+02:00;2328;7-4-2024;4;7;14;6;1;3;0
2024-04-07 02:00:00+02:00;2329;7-4-2024;4;7;14;6;2;3;0
2024-04-07 03:00:00+02:00;2330;7-4-2024;4;7;14;6;3;3;0
2024-04-07 04:00:00+02:00;2331;7-4-2024;4;7;14;6;4;3;0
2024-04-07 05:00:00+02:00;2332;7-4-2024;4;7;14;6;5;3;0
2024-04-07 06:00:00+02:00;2333;7-4-2024;4;7;14;6;6;3;0
2024-04-07 07:00:00+02:00;2334;7-4-2024;4;7;14;6;7;3;0
2024-04-07 08:00:00+02:00;2335;7-4-2024;4;7;14;6;8;3;0
2024-04-07 09:00:00+02:00;2336;7-4-2024;4;7;14;6;9;3;0
2024-04-07 10:00:00+02:00;2337;7-4-2024;4;7;14;6;10;3;0
2024-04-07 11:00:00+02:00;2338;7-4-2024;4;7;14;6;11;3;0
2024-04-07 12:00:00+02:00;2339;7-4-2024;4;7;14;6;12;3;0
2024-04-07 13:00:00+02:00;2340;7-4-2024;4;7;14;6;13;3;0
2024-04-07 14:00:00+02:00;2341;7-4-2024;4;7;14;6;14;3;0
2024-04-07 15:00:00+02:00;2342;7-4-2024;4;7;14;6;15;3;0
2024-04-07 16:00:00+02:00;2343;7-4-2024;4;7;14;6;16;3;0
2024-04-07 17:00:00+02:00;2344;7-4-2024;4;7;14;6;17;3;0
2024-04-07 18:00:00+02:00;2345;7-4-2024;4;7;14;6;18;3;0
2024-04-07 19:00:00+02:00;2346;7-4-2024;4;7;14;6;19;3;0
2024-04-07 20:00:00+02:00;2347;7-4-2024;4;7;14;6;20;3;0
2024-04-07 21:00:00+02:00;2348;7-4-2024;4;7;14;6;21;3;0
2024-04-07 22:00:00+02:00;2349;7-4-2024;4;7;14;6;22;3;0
2024-04-07 23:00:00+02:00;2350;7-4-2024;4;7;14;6;23;3;0
2024-04-08 00:00:00+02:00;2351;8-4-2024;4;8;15;0;0;1;0
2024-04-08 01:00:00+02:00;2352;8-4-2024;4;8;15;0;1;1;0
2024-04-08 02:00:00+02:00;2353;8-4-2024;4;8;15;0;2;1;0
2024-04-08 03:00:00+02:00;2354;8-4-2024;4;8;15;0;3;1;0
2024-04-08 04:00:00+02:00;2355;8-4-2024;4;8;15;0;4;1;0
2024-04-08 05:00:00+02:00;2356;8-4-2024;4;8;15;0;5;1;0
2024-04-08 06:00:00+02:00;2357;8-4-2024;4;8;15;0;6;1;0
2024-04-08 07:00:00+02:00;2358;8-4-2024;4;8;15;0;7;1;0
2024-04-08 08:00:00+02:00;2359;8-4-2024;4;8;15;0;8;1;60
2024-04-08 09:00:00+02:00;2360;8-4-2024;4;8;15;0;9;1;60
2024-04-08 10:00:00+02:00;2361;8-4-2024;4;8;15;0;10;1;90
2024-04-08 11:00:00+02:00;2362;8-4-2024;4;8;15;0;11;1;90
2024-04-08 12:00:00+02:00;2363;8-4-2024;4;8;15;0;12;1;50
2024-04-08 13:00:00+02:00;2364;8-4-2024;4;8;15;0;13;1;50
2024-04-08 14:00:00+02:00;2365;8-4-2024;4;8;15;0;14;1;80
2024-04-08 15:00:00+02:00;2366;8-4-2024;4;8;15;0;15;1;80
2024-04-08 16:00:00+02:00;2367;8-4-2024;4;8;15;0;16;1;80
2024-04-08 17:00:00+02:00;2368;8-4-2024;4;8;15;0;17;1;50
2024-04-08 18:00:00+02:00;2369;8-4-2024;4;8;15;0;18;1;42
2024-04-08 19:00:00+02:00;2370;8-4-2024;4;8;15;0;19;1;33
2024-04-08 20:00:00+02:00;2371;8-4-2024;4;8;15;0;20;1;25
2024-04-08 21:00:00+02:00;2372;8-4-2024;4;8;15;0;21;1;17
2024-04-08 22:00:00+02:00;2373;8-4-2024;4;8;15;0;22;1;8
2024-04-08 23:00:00+02:00;2374;8-4-2024;4;8;15;0;23;1;0
2024-04-09 00:00:00+02:00;2375;9-4-2024;4;9;15;1;0;1;0
2024-04-09 01:00:00+02:00;2376;9-4-2024;4;9;15;1;1;1;0
2024-04-09 02:00:00+02:00;2377;9-4-2024;4;9;15;1;2;1;0
2024-04-09 03:00:00+02:00;2378;9-4-2024;4;9;15;1;3;1;0
2024-04-09 04:00:00+02:00;2379;9-4-2024;4;9;15;1;4;1;0
2024-04-09 05:00:00+02:00;2380;9-4-2024;4;9;15;1;5;1;0
2024-04-09 06:00:00+02:00;2381;9-4-2024;4;9;15;1;6;1;0
2024-04-09 07:00:00+02:00;2382;9-4-2024;4;9;15;1;7;1;0
2024-04-09 08:00:00+02:00;2383;9-4-2024;4;9;15;1;8;1;60
2024-04-09 09:00:00+02:00;2384;9-4-2024;4;9;15;1;9;1;60
2024-04-09 10:00:00+02:00;2385;9-4-2024;4;9;15;1;10;1;90
2024-04-09 11:00:00+02:00;2386;9-4-2024;4;9;15;1;11;1;90
2024-04-09 12:00:00+02:00;2387;9-4-2024;4;9;15;1;12;1;50
2024-04-09 13:00:00+02:00;2388;9-4-2024;4;9;15;1;13;1;50
2024-04-09 14:00:00+02:00;2389;9-4-2024;4;9;15;1;14;1;80
2024-04-09 15:00:00+02:00;2390;9-4-2024;4;9;15;1;15;1;80
2024-04-09 16:00:00+02:00;2391;9-4-2024;4;9;15;1;16;1;80
2024-04-09 17:00:00+02:00;2392;9-4-2024;4;9;15;1;17;1;50
2024-04-09 18:00:00+02:00;2393;9-4-2024;4;9;15;1;18;1;42
2024-04-09 19:00:00+02:00;2394;9-4-2024;4;9;15;1;19;1;33
2024-04-09 20:00:00+02:00;2395;9-4-2024;4;9;15;1;20;1;25
2024-04-09 21:00:00+02:00;2396;9-4-2024;4;9;15;1;21;1;17
2024-04-09 22:00:00+02:00;2397;9-4-2024;4;9;15;1;22;1;8
2024-04-09 23:00:00+02:00;2398;9-4-2024;4;9;15;1;23;1;0
2024-04-10 00:00:00+02:00;2399;10-4-2024;4;10;15;2;0;1;0
2024-04-10 01:00:00+02:00;2400;10-4-2024;4;10;15;2;1;1;0
2024-04-10 02:00:00+02:00;2401;10-4-2024;4;10;15;2;2;1;0
2024-04-10 03:00:00+02:00;2402;10-4-2024;4;10;15;2;3;1;0
2024-04-10 04:00:00+02:00;2403;10-4-2024;4;10;15;2;4;1;0
2024-04-10 05:00:00+02:00;2404;10-4-2024;4;10;15;2;5;1;0
2024-04-10 06:00:00+02:00;2405;10-4-2024;4;10;15;2;6;1;0
2024-04-10 07:00:00+02:00;2406;10-4-2024;4;10;15;2;7;1;0
2024-04-10 08:00:00+02:00;2407;10-4-2024;4;10;15;2;8;1;60
2024-04-10 09:00:00+02:00;2408;10-4-2024;4;10;15;2;9;1;60
2024-04-10 10:00:00+02:00;2409;10-4-2024;4;10;15;2;10;1;90
2024-04-10 11:00:00+02:00;2410;10-4-2024;4;10;15;2;11;1;90
2024-04-10 12:00:00+02:00;2411;10-4-2024;4;10;15;2;12;1;50
2024-04-10 13:00:00+02:00;2412;10-4-2024;4;10;15;2;13;1;50
2024-04-10 14:00:00+02:00;2413;10-4-2024;4;10;15;2;14;1;80
2024-04-10 15:00:00+02:00;2414;10-4-2024;4;10;15;2;15;1;80
2024-04-10 16:00:00+02:00;2415;10-4-2024;4;10;15;2;16;1;80
2024-04-10 17:00:00+02:00;2416;10-4-2024;4;10;15;2;17;1;50
2024-04-10 18:00:00+02:00;2417;10-4-2024;4;10;15;2;18;1;42
2024-04-10 19:00:00+02:00;2418;10-4-2024;4;10;15;2;19;1;33
2024-04-10 20:00:00+02:00;2419;10-4-2024;4;10;15;2;20;1;25
2024-04-10 21:00:00+02:00;2420;10-4-2024;4;10;15;2;21;1;17
2024-04-10 22:00:00+02:00;2421;10-4-2024;4;10;15;2;22;1;8
2024-04-10 23:00:00+02:00;2422;10-4-2024;4;10;15;2;23;1;0
2024-04-11 00:00:00+02:00;2423;11-4-2024;4;11;15;3;0;1;0
2024-04-11 01:00:00+02:00;2424;11-4-2024;4;11;15;3;1;1;0
2024-04-11 02:00:00+02:00;2425;11-4-2024;4;11;15;3;2;1;0
2024-04-11 03:00:00+02:00;2426;11-4-2024;4;11;15;3;3;1;0
2024-04-11 04:00:00+02:00;2427;11-4-2024;4;11;15;3;4;1;0
2024-04-11 05:00:00+02:00;2428;11-4-2024;4;11;15;3;5;1;0
2024-04-11 06:00:00+02:00;2429;11-4-2024;4;11;15;3;6;1;0
2024-04-11 07:00:00+02:00;2430;11-4-2024;4;11;15;3;7;1;0
2024-04-11 08:00:00+02:00;2431;11-4-2024;4;11;15;3;8;1;60
2024-04-11 09:00:00+02:00;2432;11-4-2024;4;11;15;3;9;1;60
2024-04-11 10:00:00+02:00;2433;11-4-2024;4;11;15;3;10;1;90
2024-04-11 11:00:00+02:00;2434;11-4-2024;4;11;15;3;11;1;90
2024-04-11 12:00:00+02:00;2435;11-4-2024;4;11;15;3;12;1;50
2024-04-11 13:00:00+02:00;2436;11-4-2024;4;11;15;3;13;1;50
2024-04-11 14:00:00+02:00;2437;11-4-2024;4;11;15;3;14;1;80
2024-04-11 15:00:00+02:00;2438;11-4-2024;4;11;15;3;15;1;80
2024-04-11 16:00:00+02:00;2439;11-4-2024;4;11;15;3;16;1;80
2024-04-11 17:00:00+02:00;2440;11-4-2024;4;11;15;3;17;1;50
2024-04-11 18:00:00+02:00;2441;11-4-2024;4;11;15;3;18;1;42
2024-04-11 19:00:00+02:00;2442;11-4-2024;4;11;15;3;19;1;33
2024-04-11 20:00:00+02:00;2443;11-4-2024;4;11;15;3;20;1;25
2024-04-11 21:00:00+02:00;2444;11-4-2024;4;11;15;3;21;1;17
2024-04-11 22:00:00+02:00;2445;11-4-2024;4;11;15;3;22;1;8
2024-04-11 23:00:00+02:00;2446;11-4-2024;4;11;15;3;23;1;0
2024-04-12 00:00:00+02:00;2447;12-4-2024;4;12;15;4;0;1;0
2024-04-12 01:00:00+02:00;2448;12-4-2024;4;12;15;4;1;1;0
2024-04-12 02:00:00+02:00;2449;12-4-2024;4;12;15;4;2;1;0
2024-04-12 03:00:00+02:00;2450;12-4-2024;4;12;15;4;3;1;0
2024-04-12 04:00:00+02:00;2451;12-4-2024;4;12;15;4;4;1;0
2024-04-12 05:00:00+02:00;2452;12-4-2024;4;12;15;4;5;1;0
2024-04-12 06:00:00+02:00;2453;12-4-2024;4;12;15;4;6;1;0
2024-04-12 07:00:00+02:00;2454;12-4-2024;4;12;15;4;7;1;0
2024-04-12 08:00:00+02:00;2455;12-4-2024;4;12;15;4;8;1;60
2024-04-12 09:00:00+02:00;2456;12-4-2024;4;12;15;4;9;1;60
2024-04-12 10:00:00+02:00;2457;12-4-2024;4;12;15;4;10;1;90
2024-04-12 11:00:00+02:00;2458;12-4-2024;4;12;15;4;11;1;90
2024-04-12 12:00:00+02:00;2459;12-4-2024;4;12;15;4;12;1;50
2024-04-12 13:00:00+02:00;2460;12-4-2024;4;12;15;4;13;1;50
2024-04-12 14:00:00+02:00;2461;12-4-2024;4;12;15;4;14;1;80
2024-04-12 15:00:00+02:00;2462;12-4-2024;4;12;15;4;15;1;80
2024-04-12 16:00:00+02:00;2463;12-4-2024;4;12;15;4;16;1;80
2024-04-12 17:00:00+02:00;2464;12-4-2024;4;12;15;4;17;1;50
2024-04-12 18:00:00+02:00;2465;12-4-2024;4;12;15;4;18;1;42
2024-04-12 19:00:00+02:00;2466;12-4-2024;4;12;15;4;19;1;33
2024-04-12 20:00:00+02:00;2467;12-4-2024;4;12;15;4;20;1;25
2024-04-12 21:00:00+02:00;2468;12-4-2024;4;12;15;4;21;1;17
2024-04-12 22:00:00+02:00;2469;12-4-2024;4;12;15;4;22;1;8
2024-04-12 23:00:00+02:00;2470;12-4-2024;4;12;15;4;23;1;0
2024-04-13 00:00:00+02:00;2471;13-4-2024;4;13;15;5;0;2;0
2024-04-13 01:00:00+02:00;2472;13-4-2024;4;13;15;5;1;2;0
2024-04-13 02:00:00+02:00;2473;13-4-2024;4;13;15;5;2;2;0
2024-04-13 03:00:00+02:00;2474;13-4-2024;4;13;15;5;3;2;0
2024-04-13 04:00:00+02:00;2475;13-4-2024;4;13;15;5;4;2;0
2024-04-13 05:00:00+02:00;2476;13-4-2024;4;13;15;5;5;2;0
2024-04-13 06:00:00+02:00;2477;13-4-2024;4;13;15;5;6;2;0
2024-04-13 07:00:00+02:00;2478;13-4-2024;4;13;15;5;7;2;0
2024-04-13 08:00:00+02:00;2479;13-4-2024;4;13;15;5;8;2;0
2024-04-13 09:00:00+02:00;2480;13-4-2024;4;13;15;5;9;2;0
2024-04-13 10:00:00+02:00;2481;13-4-2024;4;13;15;5;10;2;50
2024-04-13 11:00:00+02:00;2482;13-4-2024;4;13;15;5;11;2;50
2024-04-13 12:00:00+02:00;2483;13-4-2024;4;13;15;5;12;2;30
2024-04-13 13:00:00+02:00;2484;13-4-2024;4;13;15;5;13;2;30
2024-04-13 14:00:00+02:00;2485;13-4-2024;4;13;15;5;14;2;50
2024-04-13 15:00:00+02:00;2486;13-4-2024;4;13;15;5;15;2;50
2024-04-13 16:00:00+02:00;2487;13-4-2024;4;13;15;5;16;2;50
2024-04-13 17:00:00+02:00;2488;13-4-2024;4;13;15;5;17;2;0
2024-04-13 18:00:00+02:00;2489;13-4-2024;4;13;15;5;18;2;0
2024-04-13 19:00:00+02:00;2490;13-4-2024;4;13;15;5;19;2;0
2024-04-13 20:00:00+02:00;2491;13-4-2024;4;13;15;5;20;2;0
2024-04-13 21:00:00+02:00;2492;13-4-2024;4;13;15;5;21;2;0
2024-04-13 22:00:00+02:00;2493;13-4-2024;4;13;15;5;22;2;0
2024-04-13 23:00:00+02:00;2494;13-4-2024;4;13;15;5;23;2;0
2024-04-14 00:00:00+02:00;2495;14-4-2024;4;14;15;6;0;3;0
2024-04-14 01:00:00+02:00;2496;14-4-2024;4;14;15;6;1;3;0
2024-04-14 02:00:00+02:00;2497;14-4-2024;4;14;15;6;2;3;0
2024-04-14 03:00:00+02:00;2498;14-4-2024;4;14;15;6;3;3;0
2024-04-14 04:00:00+02:00;2499;14-4-2024;4;14;15;6;4;3;0
2024-04-14 05:00:00+02:00;2500;14-4-2024;4;14;15;6;5;3;0
2024-04-14 06:00:00+02:00;2501;14-4-2024;4;14;15;6;6;3;0
2024-04-14 07:00:00+02:00;2502;14-4-2024;4;14;15;6;7;3;0
2024-04-14 08:00:00+02:00;2503;14-4-2024;4;14;15;6;8;3;0
2024-04-14 09:00:00+02:00;2504;14-4-2024;4;14;15;6;9;3;0
2024-04-14 10:00:00+02:00;2505;14-4-2024;4;14;15;6;10;3;0
2024-04-14 11:00:00+02:00;2506;14-4-2024;4;14;15;6;11;3;0
2024-04-14 12:00:00+02:00;2507;14-4-2024;4;14;15;6;12;3;0
2024-04-14 13:00:00+02:00;2508;14-4-2024;4;14;15;6;13;3;0
2024-04-14 14:00:00+02:00;2509;14-4-2024;4;14;15;6;14;3;0
2024-04-14 15:00:00+02:00;2510;14-4-2024;4;14;15;6;15;3;0
2024-04-14 16:00:00+02:00;2511;14-4-2024;4;14;15;6;16;3;0
2024-04-14 17:00:00+02:00;2512;14-4-2024;4;14;15;6;17;3;0
2024-04-14 18:00:00+02:00;2513;14-4-2024;4;14;15;6;18;3;0
2024-04-14 19:00:00+02:00;2514;14-4-2024;4;14;15;6;19;3;0
2024-04-14 20:00:00+02:00;2515;14-4-2024;4;14;15;6;20;3;0
2024-04-14 21:00:00+02:00;2516;14-4-2024;4;14;15;6;21;3;0
2024-04-14 22:00:00+02:00;2517;14-4-2024;4;14;15;6;22;3;0
2024-04-14 23:00:00+02:00;2518;14-4-2024;4;14;15;6;23;3;0
2024-04-15 00:00:00+02:00;2519;15-4-2024;4;15;16;0;0;1;0
2024-04-15 01:00:00+02:00;2520;15-4-2024;4;15;16;0;1;1;0
2024-04-15 02:00:00+02:00;2521;15-4-2024;4;15;16;0;2;1;0
2024-04-15 03:00:00+02:00;2522;15-4-2024;4;15;16;0;3;1;0
2024-04-15 04:00:00+02:00;2523;15-4-2024;4;15;16;0;4;1;0
2024-04-15 05:00:00+02:00;2524;15-4-2024;4;15;16;0;5;1;0
2024-04-15 06:00:00+02:00;2525;15-4-2024;4;15;16;0;6;1;0
2024-04-15 07:00:00+02:00;2526;15-4-2024;4;15;16;0;7;1;0
2024-04-15 08:00:00+02:00;2527;15-4-2024;4;15;16;0;8;1;60
2024-04-15 09:00:00+02:00;2528;15-4-2024;4;15;16;0;9;1;60
2024-04-15 10:00:00+02:00;2529;15-4-2024;4;15;16;0;10;1;90
2024-04-15 11:00:00+02:00;2530;15-4-2024;4;15;16;0;11;1;90
2024-04-15 12:00:00+02:00;2531;15-4-2024;4;15;16;0;12;1;50
2024-04-15 13:00:00+02:00;2532;15-4-2024;4;15;16;0;13;1;50
2024-04-15 14:00:00+02:00;2533;15-4-2024;4;15;16;0;14;1;80
2024-04-15 15:00:00+02:00;2534;15-4-2024;4;15;16;0;15;1;80
2024-04-15 16:00:00+02:00;2535;15-4-2024;4;15;16;0;16;1;80
2024-04-15 17:00:00+02:00;2536;15-4-2024;4;15;16;0;17;1;50
2024-04-15 18:00:00+02:00;2537;15-4-2024;4;15;16;0;18;1;42
2024-04-15 19:00:00+02:00;2538;15-4-2024;4;15;16;0;19;1;33
2024-04-15 20:00:00+02:00;2539;15-4-2024;4;15;16;0;20;1;25
2024-04-15 21:00:00+02:00;2540;15-4-2024;4;15;16;0;21;1;17
2024-04-15 22:00:00+02:00;2541;15-4-2024;4;15;16;0;22;1;8
2024-04-15 23:00:00+02:00;2542;15-4-2024;4;15;16;0;23;1;0
2024-04-16 00:00:00+02:00;2543;16-4-2024;4;16;16;1;0;1;0
2024-04-16 01:00:00+02:00;2544;16-4-2024;4;16;16;1;1;1;0
2024-04-16 02:00:00+02:00;2545;16-4-2024;4;16;16;1;2;1;0
2024-04-16 03:00:00+02:00;2546;16-4-2024;4;16;16;1;3;1;0
2024-04-16 04:00:00+02:00;2547;16-4-2024;4;16;16;1;4;1;0
2024-04-16 05:00:00+02:00;2548;16-4-2024;4;16;16;1;5;1;0
2024-04-16 06:00:00+02:00;2549;16-4-2024;4;16;16;1;6;1;0
2024-04-16 07:00:00+02:00;2550;16-4-2024;4;16;16;1;7;1;0
2024-04-16 08:00:00+02:00;2551;16-4-2024;4;16;16;1;8;1;60
2024-04-16 09:00:00+02:00;2552;16-4-2024;4;16;16;1;9;1;60
2024-04-16 10:00:00+02:00;2553;16-4-2024;4;16;16;1;10;1;90
2024-04-16 11:00:00+02:00;2554;16-4-2024;4;16;16;1;11;1;90
2024-04-16 12:00:00+02:00;2555;16-4-2024;4;16;16;1;12;1;50
2024-04-16 13:00:00+02:00;2556;16-4-2024;4;16;16;1;13;1;50
2024-04-16 14:00:00+02:00;2557;16-4-2024;4;16;16;1;14;1;80
2024-04-16 15:00:00+02:00;2558;16-4-2024;4;16;16;1;15;1;80
2024-04-16 16:00:00+02:00;2559;16-4-2024;4;16;16;1;16;1;80
2024-04-16 17:00:00+02:00;2560;16-4-2024;4;16;16;1;17;1;50
2024-04-16 18:00:00+02:00;2561;16-4-2024;4;16;16;1;18;1;42
2024-04-16 19:00:00+02:00;2562;16-4-2024;4;16;16;1;19;1;33
2024-04-16 20:00:00+02:00;2563;16-4-2024;4;16;16;1;20;1;25
2024-04-16 21:00:00+02:00;2564;16-4-2024;4;16;16;1;21;1;17
2024-04-16 22:00:00+02:00;2565;16-4-2024;4;16;16;1;22;1;8
2024-04-16 23:00:00+02:00;2566;16-4-2024;4;16;16;1;23;1;0
2024-04-17 00:00:00+02:00;2567;17-4-2024;4;17;16;2;0;1;0
2024-04-17 01:00:00+02:00;2568;17-4-2024;4;17;16;2;1;1;0
2024-04-17 02:00:00+02:00;2569;17-4-2024;4;17;16;2;2;1;0
2024-04-17 03:00:00+02:00;2570;17-4-2024;4;17;16;2;3;1;0
2024-04-17 04:00:00+02:00;2571;17-4-2024;4;17;16;2;4;1;0
2024-04-17 05:00:00+02:00;2572;17-4-2024;4;17;16;2;5;1;0
2024-04-17 06:00:00+02:00;2573;17-4-2024;4;17;16;2;6;1;0
2024-04-17 07:00:00+02:00;2574;17-4-2024;4;17;16;2;7;1;0
2024-04-17 08:00:00+02:00;2575;17-4-2024;4;17;16;2;8;1;60
2024-04-17 09:00:00+02:00;2576;17-4-2024;4;17;16;2;9;1;60
2024-04-17 10:00:00+02:00;2577;17-4-2024;4;17;16;2;10;1;90
2024-04-17 11:00:00+02:00;2578;17-4-2024;4;17;16;2;11;1;90
2024-04-17 12:00:00+02:00;2579;17-4-2024;4;17;16;2;12;1;50
2024-04-17 13:00:00+02:00;2580;17-4-2024;4;17;16;2;13;1;50
2024-04-17 14:00:00+02:00;2581;17-4-2024;4;17;16;2;14;1;80
2024-04-17 15:00:00+02:00;2582;17-4-2024;4;17;16;2;15;1;80
2024-04-17 16:00:00+02:00;2583;17-4-2024;4;17;16;2;16;1;80
2024-04-17 17:00:00+02:00;2584;17-4-2024;4;17;16;2;17;1;50
2024-04-17 18:00:00+02:00;2585;17-4-2024;4;17;16;2;18;1;42
2024-04-17 19:00:00+02:00;2586;17-4-2024;4;17;16;2;19;1;33
2024-04-17 20:00:00+02:00;2587;17-4-2024;4;17;16;2;20;1;25
2024-04-17 21:00:00+02:00;2588;17-4-2024;4;17;16;2;21;1;17
2024-04-17 22:00:00+02:00;2589;17-4-2024;4;17;16;2;22;1;8
2024-04-17 23:00:00+02:00;2590;17-4-2024;4;17;16;2;23;1;0
2024-04-18 00:00:00+02:00;2591;18-4-2024;4;18;16;3;0;1;0
2024-04-18 01:00:00+02:00;2592;18-4-2024;4;18;16;3;1;1;0
2024-04-18 02:00:00+02:00;2593;18-4-2024;4;18;16;3;2;1;0
2024-04-18 03:00:00+02:00;2594;18-4-2024;4;18;16;3;3;1;0
2024-04-18 04:00:00+02:00;2595;18-4-2024;4;18;16;3;4;1;0
2024-04-18 05:00:00+02:00;2596;18-4-2024;4;18;16;3;5;1;0
2024-04-18 06:00:00+02:00;2597;18-4-2024;4;18;16;3;6;1;0
2024-04-18 07:00:00+02:00;2598;18-4-2024;4;18;16;3;7;1;0
2024-04-18 08:00:00+02:00;2599;18-4-2024;4;18;16;3;8;1;60
2024-04-18 09:00:00+02:00;2600;18-4-2024;4;18;16;3;9;1;60
2024-04-18 10:00:00+02:00;2601;18-4-2024;4;18;16;3;10;1;90
2024-04-18 11:00:00+02:00;2602;18-4-2024;4;18;16;3;11;1;90
2024-04-18 12:00:00+02:00;2603;18-4-2024;4;18;16;3;12;1;50
2024-04-18 13:00:00+02:00;2604;18-4-2024;4;18;16;3;13;1;50
2024-04-18 14:00:00+02:00;2605;18-4-2024;4;18;16;3;14;1;80
2024-04-18 15:00:00+02:00;2606;18-4-2024;4;18;16;3;15;1;80
2024-04-18 16:00:00+02:00;2607;18-4-2024;4;18;16;3;16;1;80
2024-04-18 17:00:00+02:00;2608;18-4-2024;4;18;16;3;17;1;50
2024-04-18 18:00:00+02:00;2609;18-4-2024;4;18;16;3;18;1;42
2024-04-18 19:00:00+02:00;2610;18-4-2024;4;18;16;3;19;1;33
2024-04-18 20:00:00+02:00;2611;18-4-2024;4;18;16;3;20;1;25
2024-04-18 21:00:00+02:00;2612;18-4-2024;4;18;16;3;21;1;17
2024-04-18 22:00:00+02:00;2613;18-4-2024;4;18;16;3;22;1;8
2024-04-18 23:00:00+02:00;2614;18-4-2024;4;18;16;3;23;1;0
2024-04-19 00:00:00+02:00;2615;19-4-2024;4;19;16;4;0;1;0
2024-04-19 01:00:00+02:00;2616;19-4-2024;4;19;16;4;1;1;0
2024-04-19 02:00:00+02:00;2617;19-4-2024;4;19;16;4;2;1;0
2024-04-19 03:00:00+02:00;2618;19-4-2024;4;19;16;4;3;1;0
2024-04-19 04:00:00+02:00;2619;19-4-2024;4;19;16;4;4;1;0
2024-04-19 05:00:00+02:00;2620;19-4-2024;4;19;16;4;5;1;0
2024-04-19 06:00:00+02:00;2621;19-4-2024;4;19;16;4;6;1;0
2024-04-19 07:00:00+02:00;2622;19-4-2024;4;19;16;4;7;1;0
2024-04-19 08:00:00+02:00;2623;19-4-2024;4;19;16;4;8;1;60
2024-04-19 09:00:00+02:00;2624;19-4-2024;4;19;16;4;9;1;60
2024-04-19 10:00:00+02:00;2625;19-4-2024;4;19;16;4;10;1;90
2024-04-19 11:00:00+02:00;2626;19-4-2024;4;19;16;4;11;1;90
2024-04-19 12:00:00+02:00;2627;19-4-2024;4;19;16;4;12;1;50
2024-04-19 13:00:00+02:00;2628;19-4-2024;4;19;16;4;13;1;50
2024-04-19 14:00:00+02:00;2629;19-4-2024;4;19;16;4;14;1;80
2024-04-19 15:00:00+02:00;2630;19-4-2024;4;19;16;4;15;1;80
2024-04-19 16:00:00+02:00;2631;19-4-2024;4;19;16;4;16;1;80
2024-04-19 17:00:00+02:00;2632;19-4-2024;4;19;16;4;17;1;50
2024-04-19 18:00:00+02:00;2633;19-4-2024;4;19;16;4;18;1;42
2024-04-19 19:00:00+02:00;2634;19-4-2024;4;19;16;4;19;1;33
2024-04-19 20:00:00+02:00;2635;19-4-2024;4;19;16;4;20;1;25
2024-04-19 21:00:00+02:00;2636;19-4-2024;4;19;16;4;21;1;17
2024-04-19 22:00:00+02:00;2637;19-4-2024;4;19;16;4;22;1;8
2024-04-19 23:00:00+02:00;2638;19-4-2024;4;19;16;4;23;1;0
2024-04-20 00:00:00+02:00;2639;20-4-2024;4;20;16;5;0;2;0
2024-04-20 01:00:00+02:00;2640;20-4-2024;4;20;16;5;1;2;0
2024-04-20 02:00:00+02:00;2641;20-4-2024;4;20;16;5;2;2;0
2024-04-20 03:00:00+02:00;2642;20-4-2024;4;20;16;5;3;2;0
2024-04-20 04:00:00+02:00;2643;20-4-2024;4;20;16;5;4;2;0
2024-04-20 05:00:00+02:00;2644;20-4-2024;4;20;16;5;5;2;0
2024-04-20 06:00:00+02:00;2645;20-4-2024;4;20;16;5;6;2;0
2024-04-20 07:00:00+02:00;2646;20-4-2024;4;20;16;5;7;2;0
2024-04-20 08:00:00+02:00;2647;20-4-2024;4;20;16;5;8;2;0
2024-04-20 09:00:00+02:00;2648;20-4-2024;4;20;16;5;9;2;0
2024-04-20 10:00:00+02:00;2649;20-4-2024;4;20;16;5;10;2;50
2024-04-20 11:00:00+02:00;2650;20-4-2024;4;20;16;5;11;2;50
2024-04-20 12:00:00+02:00;2651;20-4-2024;4;20;16;5;12;2;30
2024-04-20 13:00:00+02:00;2652;20-4-2024;4;20;16;5;13;2;30
2024-04-20 14:00:00+02:00;2653;20-4-2024;4;20;16;5;14;2;50
2024-04-20 15:00:00+02:00;2654;20-4-2024;4;20;16;5;15;2;50
2024-04-20 16:00:00+02:00;2655;20-4-2024;4;20;16;5;16;2;50
2024-04-20 17:00:00+02:00;2656;20-4-2024;4;20;16;5;17;2;0
2024-04-20 18:00:00+02:00;2657;20-4-2024;4;20;16;5;18;2;0
2024-04-20 19:00:00+02:00;2658;20-4-2024;4;20;16;5;19;2;0
2024-04-20 20:00:00+02:00;2659;20-4-2024;4;20;16;5;20;2;0
2024-04-20 21:00:00+02:00;2660;20-4-2024;4;20;16;5;21;2;0
2024-04-20 22:00:00+02:00;2661;20-4-2024;4;20;16;5;22;2;0
2024-04-20 23:00:00+02:00;2662;20-4-2024;4;20;16;5;23;2;0
2024-04-21 00:00:00+02:00;2663;21-4-2024;4;21;16;6;0;3;0
2024-04-21 01:00:00+02:00;2664;21-4-2024;4;21;16;6;1;3;0
2024-04-21 02:00:00+02:00;2665;21-4-2024;4;21;16;6;2;3;0
2024-04-21 03:00:00+02:00;2666;21-4-2024;4;21;16;6;3;3;0
2024-04-21 04:00:00+02:00;2667;21-4-2024;4;21;16;6;4;3;0
2024-04-21 05:00:00+02:00;2668;21-4-2024;4;21;16;6;5;3;0
2024-04-21 06:00:00+02:00;2669;21-4-2024;4;21;16;6;6;3;0
2024-04-21 07:00:00+02:00;2670;21-4-2024;4;21;16;6;7;3;0
2024-04-21 08:00:00+02:00;2671;21-4-2024;4;21;16;6;8;3;0
2024-04-21 09:00:00+02:00;2672;21-4-2024;4;21;16;6;9;3;0
2024-04-21 10:00:00+02:00;2673;21-4-2024;4;21;16;6;10;3;0
2024-04-21 11:00:00+02:00;2674;21-4-2024;4;21;16;6;11;3;0
2024-04-21 12:00:00+02:00;2675;21-4-2024;4;21;16;6;12;3;0
2024-04-21 13:00:00+02:00;2676;21-4-2024;4;21;16;6;13;3;0
2024-04-21 14:00:00+02:00;2677;21-4-2024;4;21;16;6;14;3;0
2024-04-21 15:00:00+02:00;2678;21-4-2024;4;21;16;6;15;3;0
2024-04-21 16:00:00+02:00;2679;21-4-2024;4;21;16;6;16;3;0
2024-04-21 17:00:00+02:00;2680;21-4-2024;4;21;16;6;17;3;0
2024-04-21 18:00:00+02:00;2681;21-4-2024;4;21;16;6;18;3;0
2024-04-21 19:00:00+02:00;2682;21-4-2024;4;21;16;6;19;3;0
2024-04-21 20:00:00+02:00;2683;21-4-2024;4;21;16;6;20;3;0
2024-04-21 21:00:00+02:00;2684;21-4-2024;4;21;16;6;21;3;0
2024-04-21 22:00:00+02:00;2685;21-4-2024;4;21;16;6;22;3;0
2024-04-21 23:00:00+02:00;2686;21-4-2024;4;21;16;6;23;3;0
2024-04-22 00:00:00+02:00;2687;22-4-2024;4;22;17;0;0;1;0
2024-04-22 01:00:00+02:00;2688;22-4-2024;4;22;17;0;1;1;0
2024-04-22 02:00:00+02:00;2689;22-4-2024;4;22;17;0;2;1;0
2024-04-22 03:00:00+02:00;2690;22-4-2024;4;22;17;0;3;1;0
2024-04-22 04:00:00+02:00;2691;22-4-2024;4;22;17;0;4;1;0
2024-04-22 05:00:00+02:00;2692;22-4-2024;4;22;17;0;5;1;0
2024-04-22 06:00:00+02:00;2693;22-4-2024;4;22;17;0;6;1;0
2024-04-22 07:00:00+02:00;2694;22-4-2024;4;22;17;0;7;1;0
2024-04-22 08:00:00+02:00;2695;22-4-2024;4;22;17;0;8;1;60
2024-04-22 09:00:00+02:00;2696;22-4-2024;4;22;17;0;9;1;60
2024-04-22 10:00:00+02:00;2697;22-4-2024;4;22;17;0;10;1;90
2024-04-22 11:00:00+02:00;2698;22-4-2024;4;22;17;0;11;1;90
2024-04-22 12:00:00+02:00;2699;22-4-2024;4;22;17;0;12;1;50
2024-04-22 13:00:00+02:00;2700;22-4-2024;4;22;17;0;13;1;50
2024-04-22 14:00:00+02:00;2701;22-4-2024;4;22;17;0;14;1;80
2024-04-22 15:00:00+02:00;2702;22-4-2024;4;22;17;0;15;1;80
2024-04-22 16:00:00+02:00;2703;22-4-2024;4;22;17;0;16;1;80
2024-04-22 17:00:00+02:00;2704;22-4-2024;4;22;17;0;17;1;50
2024-04-22 18:00:00+02:00;2705;22-4-2024;4;22;17;0;18;1;42
2024-04-22 19:00:00+02:00;2706;22-4-2024;4;22;17;0;19;1;33
2024-04-22 20:00:00+02:00;2707;22-4-2024;4;22;17;0;20;1;25
2024-04-22 21:00:00+02:00;2708;22-4-2024;4;22;17;0;21;1;17
2024-04-22 22:00:00+02:00;2709;22-4-2024;4;22;17;0;22;1;8
2024-04-22 23:00:00+02:00;2710;22-4-2024;4;22;17;0;23;1;0
2024-04-23 00:00:00+02:00;2711;23-4-2024;4;23;17;1;0;1;0
2024-04-23 01:00:00+02:00;2712;23-4-2024;4;23;17;1;1;1;0
2024-04-23 02:00:00+02:00;2713;23-4-2024;4;23;17;1;2;1;0
2024-04-23 03:00:00+02:00;2714;23-4-2024;4;23;17;1;3;1;0
2024-04-23 04:00:00+02:00;2715;23-4-2024;4;23;17;1;4;1;0
2024-04-23 05:00:00+02:00;2716;23-4-2024;4;23;17;1;5;1;0
2024-04-23 06:00:00+02:00;2717;23-4-2024;4;23;17;1;6;1;0
2024-04-23 07:00:00+02:00;2718;23-4-2024;4;23;17;1;7;1;0
2024-04-23 08:00:00+02:00;2719;23-4-2024;4;23;17;1;8;1;60
2024-04-23 09:00:00+02:00;2720;23-4-2024;4;23;17;1;9;1;60
2024-04-23 10:00:00+02:00;2721;23-4-2024;4;23;17;1;10;1;90
2024-04-23 11:00:00+02:00;2722;23-4-2024;4;23;17;1;11;1;90
2024-04-23 12:00:00+02:00;2723;23-4-2024;4;23;17;1;12;1;50
2024-04-23 13:00:00+02:00;2724;23-4-2024;4;23;17;1;13;1;50
2024-04-23 14:00:00+02:00;2725;23-4-2024;4;23;17;1;14;1;80
2024-04-23 15:00:00+02:00;2726;23-4-2024;4;23;17;1;15;1;80
2024-04-23 16:00:00+02:00;2727;23-4-2024;4;23;17;1;16;1;80
2024-04-23 17:00:00+02:00;2728;23-4-2024;4;23;17;1;17;1;50
2024-04-23 18:00:00+02:00;2729;23-4-2024;4;23;17;1;18;1;42
2024-04-23 19:00:00+02:00;2730;23-4-2024;4;23;17;1;19;1;33
2024-04-23 20:00:00+02:00;2731;23-4-2024;4;23;17;1;20;1;25
2024-04-23 21:00:00+02:00;2732;23-4-2024;4;23;17;1;21;1;17
2024-04-23 22:00:00+02:00;2733;23-4-2024;4;23;17;1;22;1;8
2024-04-23 23:00:00+02:00;2734;23-4-2024;4;23;17;1;23;1;0
2024-04-24 00:00:00+02:00;2735;24-4-2024;4;24;17;2;0;1;0
2024-04-24 01:00:00+02:00;2736;24-4-2024;4;24;17;2;1;1;0
2024-04-24 02:00:00+02:00;2737;24-4-2024;4;24;17;2;2;1;0
2024-04-24 03:00:00+02:00;2738;24-4-2024;4;24;17;2;3;1;0
2024-04-24 04:00:00+02:00;2739;24-4-2024;4;24;17;2;4;1;0
2024-04-24 05:00:00+02:00;2740;24-4-2024;4;24;17;2;5;1;0
2024-04-24 06:00:00+02:00;2741;24-4-2024;4;24;17;2;6;1;0
2024-04-24 07:00:00+02:00;2742;24-4-2024;4;24;17;2;7;1;0
2024-04-24 08:00:00+02:00;2743;24-4-2024;4;24;17;2;8;1;60
2024-04-24 09:00:00+02:00;2744;24-4-2024;4;24;17;2;9;1;60
2024-04-24 10:00:00+02:00;2745;24-4-2024;4;24;17;2;10;1;90
2024-04-24 11:00:00+02:00;2746;24-4-2024;4;24;17;2;11;1;90
2024-04-24 12:00:00+02:00;2747;24-4-2024;4;24;17;2;12;1;50
2024-04-24 13:00:00+02:00;2748;24-4-2024;4;24;17;2;13;1;50
2024-04-24 14:00:00+02:00;2749;24-4-2024;4;24;17;2;14;1;80
2024-04-24 15:00:00+02:00;2750;24-4-2024;4;24;17;2;15;1;80
2024-04-24 16:00:00+02:00;2751;24-4-2024;4;24;17;2;16;1;80
2024-04-24 17:00:00+02:00;2752;24-4-2024;4;24;17;2;17;1;50
2024-04-24 18:00:00+02:00;2753;24-4-2024;4;24;17;2;18;1;42
2024-04-24 19:00:00+02:00;2754;24-4-2024;4;24;17;2;19;1;33
2024-04-24 20:00:00+02:00;2755;24-4-2024;4;24;17;2;20;1;25
2024-04-24 21:00:00+02:00;2756;24-4-2024;4;24;17;2;21;1;17
2024-04-24 22:00:00+02:00;2757;24-4-2024;4;24;17;2;22;1;8
2024-04-24 23:00:00+02:00;2758;24-4-2024;4;24;17;2;23;1;0
2024-04-25 00:00:00+02:00;2759;25-4-2024;4;25;17;3;0;1;0
2024-04-25 01:00:00+02:00;2760;25-4-2024;4;25;17;3;1;1;0
2024-04-25 02:00:00+02:00;2761;25-4-2024;4;25;17;3;2;1;0
2024-04-25 03:00:00+02:00;2762;25-4-2024;4;25;17;3;3;1;0
2024-04-25 04:00:00+02:00;2763;25-4-2024;4;25;17;3;4;1;0
2024-04-25 05:00:00+02:00;2764;25-4-2024;4;25;17;3;5;1;0
2024-04-25 06:00:00+02:00;2765;25-4-2024;4;25;17;3;6;1;0
2024-04-25 07:00:00+02:00;2766;25-4-2024;4;25;17;3;7;1;0
2024-04-25 08:00:00+02:00;2767;25-4-2024;4;25;17;3;8;1;60
2024-04-25 09:00:00+02:00;2768;25-4-2024;4;25;17;3;9;1;60
2024-04-25 10:00:00+02:00;2769;25-4-2024;4;25;17;3;10;1;90
2024-04-25 11:00:00+02:00;2770;25-4-2024;4;25;17;3;11;1;90
2024-04-25 12:00:00+02:00;2771;25-4-2024;4;25;17;3;12;1;50
2024-04-25 13:00:00+02:00;2772;25-4-2024;4;25;17;3;13;1;50
2024-04-25 14:00:00+02:00;2773;25-4-2024;4;25;17;3;14;1;80
2024-04-25 15:00:00+02:00;2774;25-4-2024;4;25;17;3;15;1;80
2024-04-25 16:00:00+02:00;2775;25-4-2024;4;25;17;3;16;1;80
2024-04-25 17:00:00+02:00;2776;25-4-2024;4;25;17;3;17;1;50
2024-04-25 18:00:00+02:00;2777;25-4-2024;4;25;17;3;18;1;42
2024-04-25 19:00:00+02:00;2778;25-4-2024;4;25;17;3;19;1;33
2024-04-25 20:00:00+02:00;2779;25-4-2024;4;25;17;3;20;1;25
2024-04-25 21:00:00+02:00;2780;25-4-2024;4;25;17;3;21;1;17
2024-04-25 22:00:00+02:00;2781;25-4-2024;4;25;17;3;22;1;8
2024-04-25 23:00:00+02:00;2782;25-4-2024;4;25;17;3;23;1;0
2024-04-26 00:00:00+02:00;2783;26-4-2024;4;26;17;4;0;1;0
2024-04-26 01:00:00+02:00;2784;26-4-2024;4;26;17;4;1;1;0
2024-04-26 02:00:00+02:00;2785;26-4-2024;4;26;17;4;2;1;0
2024-04-26 03:00:00+02:00;2786;26-4-2024;4;26;17;4;3;1;0
2024-04-26 04:00:00+02:00;2787;26-4-2024;4;26;17;4;4;1;0
2024-04-26 05:00:00+02:00;2788;26-4-2024;4;26;17;4;5;1;0
2024-04-26 06:00:00+02:00;2789;26-4-2024;4;26;17;4;6;1;0
2024-04-26 07:00:00+02:00;2790;26-4-2024;4;26;17;4;7;1;0
2024-04-26 08:00:00+02:00;2791;26-4-2024;4;26;17;4;8;1;60
2024-04-26 09:00:00+02:00;2792;26-4-2024;4;26;17;4;9;1;60
2024-04-26 10:00:00+02:00;2793;26-4-2024;4;26;17;4;10;1;90
2024-04-26 11:00:00+02:00;2794;26-4-2024;4;26;17;4;11;1;90
2024-04-26 12:00:00+02:00;2795;26-4-2024;4;26;17;4;12;1;50
2024-04-26 13:00:00+02:00;2796;26-4-2024;4;26;17;4;13;1;50
2024-04-26 14:00:00+02:00;2797;26-4-2024;4;26;17;4;14;1;80
2024-04-26 15:00:00+02:00;2798;26-4-2024;4;26;17;4;15;1;80
2024-04-26 16:00:00+02:00;2799;26-4-2024;4;26;17;4;16;1;80
2024-04-26 17:00:00+02:00;2800;26-4-2024;4;26;17;4;17;1;50
2024-04-26 18:00:00+02:00;2801;26-4-2024;4;26;17;4;18;1;42
2024-04-26 19:00:00+02:00;2802;26-4-2024;4;26;17;4;19;1;33
2024-04-26 20:00:00+02:00;2803;26-4-2024;4;26;17;4;20;1;25
2024-04-26 21:00:00+02:00;2804;26-4-2024;4;26;17;4;21;1;17
2024-04-26 22:00:00+02:00;2805;26-4-2024;4;26;17;4;22;1;8
2024-04-26 23:00:00+02:00;2806;26-4-2024;4;26;17;4;23;1;0
2024-04-27 00:00:00+02:00;2807;27-4-2024;4;27;17;5;0;2;0
2024-04-27 01:00:00+02:00;2808;27-4-2024;4;27;17;5;1;2;0
2024-04-27 02:00:00+02:00;2809;27-4-2024;4;27;17;5;2;2;0
2024-04-27 03:00:00+02:00;2810;27-4-2024;4;27;17;5;3;2;0
2024-04-27 04:00:00+02:00;2811;27-4-2024;4;27;17;5;4;2;0
2024-04-27 05:00:00+02:00;2812;27-4-2024;4;27;17;5;5;2;0
2024-04-27 06:00:00+02:00;2813;27-4-2024;4;27;17;5;6;2;0
2024-04-27 07:00:00+02:00;2814;27-4-2024;4;27;17;5;7;2;0
2024-04-27 08:00:00+02:00;2815;27-4-2024;4;27;17;5;8;2;0
2024-04-27 09:00:00+02:00;2816;27-4-2024;4;27;17;5;9;2;0
2024-04-27 10:00:00+02:00;2817;27-4-2024;4;27;17;5;10;2;50
2024-04-27 11:00:00+02:00;2818;27-4-2024;4;27;17;5;11;2;50
2024-04-27 12:00:00+02:00;2819;27-4-2024;4;27;17;5;12;2;30
2024-04-27 13:00:00+02:00;2820;27-4-2024;4;27;17;5;13;2;30
2024-04-27 14:00:00+02:00;2821;27-4-2024;4;27;17;5;14;2;50
2024-04-27 15:00:00+02:00;2822;27-4-2024;4;27;17;5;15;2;50
2024-04-27 16:00:00+02:00;2823;27-4-2024;4;27;17;5;16;2;50
2024-04-27 17:00:00+02:00;2824;27-4-2024;4;27;17;5;17;2;0
2024-04-27 18:00:00+02:00;2825;27-4-2024;4;27;17;5;18;2;0
2024-04-27 19:00:00+02:00;2826;27-4-2024;4;27;17;5;19;2;0
2024-04-27 20:00:00+02:00;2827;27-4-2024;4;27;17;5;20;2;0
2024-04-27 21:00:00+02:00;2828;27-4-2024;4;27;17;5;21;2;0
2024-04-27 22:00:00+02:00;2829;27-4-2024;4;27;17;5;22;2;0
2024-04-27 23:00:00+02:00;2830;27-4-2024;4;27;17;5;23;2;0
2024-04-28 00:00:00+02:00;2831;28-4-2024;4;28;17;6;0;3;0
2024-04-28 01:00:00+02:00;2832;28-4-2024;4;28;17;6;1;3;0
2024-04-28 02:00:00+02:00;2833;28-4-2024;4;28;17;6;2;3;0
2024-04-28 03:00:00+02:00;2834;28-4-2024;4;28;17;6;3;3;0
2024-04-28 04:00:00+02:00;2835;28-4-2024;4;28;17;6;4;3;0
2024-04-28 05:00:00+02:00;2836;28-4-2024;4;28;17;6;5;3;0
2024-04-28 06:00:00+02:00;2837;28-4-2024;4;28;17;6;6;3;0
2024-04-28 07:00:00+02:00;2838;28-4-2024;4;28;17;6;7;3;0
2024-04-28 08:00:00+02:00;2839;28-4-2024;4;28;17;6;8;3;0
2024-04-28 09:00:00+02:00;2840;28-4-2024;4;28;17;6;9;3;0
2024-04-28 10:00:00+02:00;2841;28-4-2024;4;28;17;6;10;3;0
2024-04-28 11:00:00+02:00;2842;28-4-2024;4;28;17;6;11;3;0
2024-04-28 12:00:00+02:00;2843;28-4-2024;4;28;17;6;12;3;0
2024-04-28 13:00:00+02:00;2844;28-4-2024;4;28;17;6;13;3;0
2024-04-28 14:00:00+02:00;2845;28-4-2024;4;28;17;6;14;3;0
2024-04-28 15:00:00+02:00;2846;28-4-2024;4;28;17;6;15;3;0
2024-04-28 16:00:00+02:00;2847;28-4-2024;4;28;17;6;16;3;0
2024-04-28 17:00:00+02:00;2848;28-4-2024;4;28;17;6;17;3;0
2024-04-28 18:00:00+02:00;2849;28-4-2024;4;28;17;6;18;3;0
2024-04-28 19:00:00+02:00;2850;28-4-2024;4;28;17;6;19;3;0
2024-04-28 20:00:00+02:00;2851;28-4-2024;4;28;17;6;20;3;0
2024-04-28 21:00:00+02:00;2852;28-4-2024;4;28;17;6;21;3;0
2024-04-28 22:00:00+02:00;2853;28-4-2024;4;28;17;6;22;3;0
2024-04-28 23:00:00+02:00;2854;28-4-2024;4;28;17;6;23;3;0
2024-04-29 00:00:00+02:00;2855;29-4-2024;4;29;18;0;0;1;0
2024-04-29 01:00:00+02:00;2856;29-4-2024;4;29;18;0;1;1;0
2024-04-29 02:00:00+02:00;2857;29-4-2024;4;29;18;0;2;1;0
2024-04-29 03:00:00+02:00;2858;29-4-2024;4;29;18;0;3;1;0
2024-04-29 04:00:00+02:00;2859;29-4-2024;4;29;18;0;4;1;0
2024-04-29 05:00:00+02:00;2860;29-4-2024;4;29;18;0;5;1;0
2024-04-29 06:00:00+02:00;2861;29-4-2024;4;29;18;0;6;1;0
2024-04-29 07:00:00+02:00;2862;29-4-2024;4;29;18;0;7;1;0
2024-04-29 08:00:00+02:00;2863;29-4-2024;4;29;18;0;8;1;60
2024-04-29 09:00:00+02:00;2864;29-4-2024;4;29;18;0;9;1;60
2024-04-29 10:00:00+02:00;2865;29-4-2024;4;29;18;0;10;1;90
2024-04-29 11:00:00+02:00;2866;29-4-2024;4;29;18;0;11;1;90
2024-04-29 12:00:00+02:00;2867;29-4-2024;4;29;18;0;12;1;50
2024-04-29 13:00:00+02:00;2868;29-4-2024;4;29;18;0;13;1;50
2024-04-29 14:00:00+02:00;2869;29-4-2024;4;29;18;0;14;1;80
2024-04-29 15:00:00+02:00;2870;29-4-2024;4;29;18;0;15;1;80
2024-04-29 16:00:00+02:00;2871;29-4-2024;4;29;18;0;16;1;80
2024-04-29 17:00:00+02:00;2872;29-4-2024;4;29;18;0;17;1;50
2024-04-29 18:00:00+02:00;2873;29-4-2024;4;29;18;0;18;1;42
2024-04-29 19:00:00+02:00;2874;29-4-2024;4;29;18;0;19;1;33
2024-04-29 20:00:00+02:00;2875;29-4-2024;4;29;18;0;20;1;25
2024-04-29 21:00:00+02:00;2876;29-4-2024;4;29;18;0;21;1;17
2024-04-29 22:00:00+02:00;2877;29-4-2024;4;29;18;0;22;1;8
2024-04-29 23:00:00+02:00;2878;29-4-2024;4;29;18;0;23;1;0
2024-04-30 00:00:00+02:00;2879;30-4-2024;4;30;18;1;0;1;0
2024-04-30 01:00:00+02:00;2880;30-4-2024;4;30;18;1;1;1;0
2024-04-30 02:00:00+02:00;2881;30-4-2024;4;30;18;1;2;1;0
2024-04-30 03:00:00+02:00;2882;30-4-2024;4;30;18;1;3;1;0
2024-04-30 04:00:00+02:00;2883;30-4-2024;4;30;18;1;4;1;0
2024-04-30 05:00:00+02:00;2884;30-4-2024;4;30;18;1;5;1;0
2024-04-30 06:00:00+02:00;2885;30-4-2024;4;30;18;1;6;1;0
2024-04-30 07:00:00+02:00;2886;30-4-2024;4;30;18;1;7;1;0
2024-04-30 08:00:00+02:00;2887;30-4-2024;4;30;18;1;8;1;60
2024-04-30 09:00:00+02:00;2888;30-4-2024;4;30;18;1;9;1;60
2024-04-30 10:00:00+02:00;2889;30-4-2024;4;30;18;1;10;1;90
2024-04-30 11:00:00+02:00;2890;30-4-2024;4;30;18;1;11;1;90
2024-04-30 12:00:00+02:00;2891;30-4-2024;4;30;18;1;12;1;50
2024-04-30 13:00:00+02:00;2892;30-4-2024;4;30;18;1;13;1;50
2024-04-30 14:00:00+02:00;2893;30-4-2024;4;30;18;1;14;1;80
2024-04-30 15:00:00+02:00;2894;30-4-2024;4;30;18;1;15;1;80
2024-04-30 16:00:00+02:00;2895;30-4-2024;4;30;18;1;16;1;80
2024-04-30 17:00:00+02:00;2896;30-4-2024;4;30;18;1;17;1;50
2024-04-30 18:00:00+02:00;2897;30-4-2024;4;30;18;1;18;1;42
2024-04-30 19:00:00+02:00;2898;30-4-2024;4;30;18;1;19;1;33
2024-04-30 20:00:00+02:00;2899;30-4-2024;4;30;18;1;20;1;25
2024-04-30 21:00:00+02:00;2900;30-4-2024;4;30;18;1;21;1;17
2024-04-30 22:00:00+02:00;2901;30-4-2024;4;30;18;1;22;1;8
2024-04-30 23:00:00+02:00;2902;30-4-2024;4;30;18;1;23;1;0
2024-05-01 00:00:00+02:00;2903;1-5-2024;5;1;18;2;0;1;0
2024-05-01 01:00:00+02:00;2904;1-5-2024;5;1;18;2;1;1;0
2024-05-01 02:00:00+02:00;2905;1-5-2024;5;1;18;2;2;1;0
2024-05-01 03:00:00+02:00;2906;1-5-2024;5;1;18;2;3;1;0
2024-05-01 04:00:00+02:00;2907;1-5-2024;5;1;18;2;4;1;0
2024-05-01 05:00:00+02:00;2908;1-5-2024;5;1;18;2;5;1;0
2024-05-01 06:00:00+02:00;2909;1-5-2024;5;1;18;2;6;1;0
2024-05-01 07:00:00+02:00;2910;1-5-2024;5;1;18;2;7;1;0
2024-05-01 08:00:00+02:00;2911;1-5-2024;5;1;18;2;8;1;60
2024-05-01 09:00:00+02:00;2912;1-5-2024;5;1;18;2;9;1;60
2024-05-01 10:00:00+02:00;2913;1-5-2024;5;1;18;2;10;1;90
2024-05-01 11:00:00+02:00;2914;1-5-2024;5;1;18;2;11;1;90
2024-05-01 12:00:00+02:00;2915;1-5-2024;5;1;18;2;12;1;50
2024-05-01 13:00:00+02:00;2916;1-5-2024;5;1;18;2;13;1;50
2024-05-01 14:00:00+02:00;2917;1-5-2024;5;1;18;2;14;1;80
2024-05-01 15:00:00+02:00;2918;1-5-2024;5;1;18;2;15;1;80
2024-05-01 16:00:00+02:00;2919;1-5-2024;5;1;18;2;16;1;80
2024-05-01 17:00:00+02:00;2920;1-5-2024;5;1;18;2;17;1;50
2024-05-01 18:00:00+02:00;2921;1-5-2024;5;1;18;2;18;1;42
2024-05-01 19:00:00+02:00;2922;1-5-2024;5;1;18;2;19;1;33
2024-05-01 20:00:00+02:00;2923;1-5-2024;5;1;18;2;20;1;25
2024-05-01 21:00:00+02:00;2924;1-5-2024;5;1;18;2;21;1;17
2024-05-01 22:00:00+02:00;2925;1-5-2024;5;1;18;2;22;1;8
2024-05-01 23:00:00+02:00;2926;1-5-2024;5;1;18;2;23;1;0
2024-05-02 00:00:00+02:00;2927;2-5-2024;5;2;18;3;0;1;0
2024-05-02 01:00:00+02:00;2928;2-5-2024;5;2;18;3;1;1;0
2024-05-02 02:00:00+02:00;2929;2-5-2024;5;2;18;3;2;1;0
2024-05-02 03:00:00+02:00;2930;2-5-2024;5;2;18;3;3;1;0
2024-05-02 04:00:00+02:00;2931;2-5-2024;5;2;18;3;4;1;0
2024-05-02 05:00:00+02:00;2932;2-5-2024;5;2;18;3;5;1;0
2024-05-02 06:00:00+02:00;2933;2-5-2024;5;2;18;3;6;1;0
2024-05-02 07:00:00+02:00;2934;2-5-2024;5;2;18;3;7;1;0
2024-05-02 08:00:00+02:00;2935;2-5-2024;5;2;18;3;8;1;60
2024-05-02 09:00:00+02:00;2936;2-5-2024;5;2;18;3;9;1;60
2024-05-02 10:00:00+02:00;2937;2-5-2024;5;2;18;3;10;1;90
2024-05-02 11:00:00+02:00;2938;2-5-2024;5;2;18;3;11;1;90
2024-05-02 12:00:00+02:00;2939;2-5-2024;5;2;18;3;12;1;50
2024-05-02 13:00:00+02:00;2940;2-5-2024;5;2;18;3;13;1;50
2024-05-02 14:00:00+02:00;2941;2-5-2024;5;2;18;3;14;1;80
2024-05-02 15:00:00+02:00;2942;2-5-2024;5;2;18;3;15;1;80
2024-05-02 16:00:00+02:00;2943;2-5-2024;5;2;18;3;16;1;80
2024-05-02 17:00:00+02:00;2944;2-5-2024;5;2;18;3;17;1;50
2024-05-02 18:00:00+02:00;2945;2-5-2024;5;2;18;3;18;1;42
2024-05-02 19:00:00+02:00;2946;2-5-2024;5;2;18;3;19;1;33
2024-05-02 20:00:00+02:00;2947;2-5-2024;5;2;18;3;20;1;25
2024-05-02 21:00:00+02:00;2948;2-5-2024;5;2;18;3;21;1;17
2024-05-02 22:00:00+02:00;2949;2-5-2024;5;2;18;3;22;1;8
2024-05-02 23:00:00+02:00;2950;2-5-2024;5;2;18;3;23;1;0
2024-05-03 00:00:00+02:00;2951;3-5-2024;5;3;18;4;0;1;0
2024-05-03 01:00:00+02:00;2952;3-5-2024;5;3;18;4;1;1;0
2024-05-03 02:00:00+02:00;2953;3-5-2024;5;3;18;4;2;1;0
2024-05-03 03:00:00+02:00;2954;3-5-2024;5;3;18;4;3;1;0
2024-05-03 04:00:00+02:00;2955;3-5-2024;5;3;18;4;4;1;0
2024-05-03 05:00:00+02:00;2956;3-5-2024;5;3;18;4;5;1;0
2024-05-03 06:00:00+02:00;2957;3-5-2024;5;3;18;4;6;1;0
2024-05-03 07:00:00+02:00;2958;3-5-2024;5;3;18;4;7;1;0
2024-05-03 08:00:00+02:00;2959;3-5-2024;5;3;18;4;8;1;60
2024-05-03 09:00:00+02:00;2960;3-5-2024;5;3;18;4;9;1;60
2024-05-03 10:00:00+02:00;2961;3-5-2024;5;3;18;4;10;1;90
2024-05-03 11:00:00+02:00;2962;3-5-2024;5;3;18;4;11;1;90
2024-05-03 12:00:00+02:00;2963;3-5-2024;5;3;18;4;12;1;50
2024-05-03 13:00:00+02:00;2964;3-5-2024;5;3;18;4;13;1;50
2024-05-03 14:00:00+02:00;2965;3-5-2024;5;3;18;4;14;1;80
2024-05-03 15:00:00+02:00;2966;3-5-2024;5;3;18;4;15;1;80
2024-05-03 16:00:00+02:00;2967;3-5-2024;5;3;18;4;16;1;80
2024-05-03 17:00:00+02:00;2968;3-5-2024;5;3;18;4;17;1;50
2024-05-03 18:00:00+02:00;2969;3-5-2024;5;3;18;4;18;1;42
2024-05-03 19:00:00+02:00;2970;3-5-2024;5;3;18;4;19;1;33
2024-05-03 20:00:00+02:00;2971;3-5-2024;5;3;18;4;20;1;25
2024-05-03 21:00:00+02:00;2972;3-5-2024;5;3;18;4;21;1;17
2024-05-03 22:00:00+02:00;2973;3-5-2024;5;3;18;4;22;1;8
2024-05-03 23:00:00+02:00;2974;3-5-2024;5;3;18;4;23;1;0
2024-05-04 00:00:00+02:00;2975;4-5-2024;5;4;18;5;0;2;0
2024-05-04 01:00:00+02:00;2976;4-5-2024;5;4;18;5;1;2;0
2024-05-04 02:00:00+02:00;2977;4-5-2024;5;4;18;5;2;2;0
2024-05-04 03:00:00+02:00;2978;4-5-2024;5;4;18;5;3;2;0
2024-05-04 04:00:00+02:00;2979;4-5-2024;5;4;18;5;4;2;0
2024-05-04 05:00:00+02:00;2980;4-5-2024;5;4;18;5;5;2;0
2024-05-04 06:00:00+02:00;2981;4-5-2024;5;4;18;5;6;2;0
2024-05-04 07:00:00+02:00;2982;4-5-2024;5;4;18;5;7;2;0
2024-05-04 08:00:00+02:00;2983;4-5-2024;5;4;18;5;8;2;0
2024-05-04 09:00:00+02:00;2984;4-5-2024;5;4;18;5;9;2;0
2024-05-04 10:00:00+02:00;2985;4-5-2024;5;4;18;5;10;2;50
2024-05-04 11:00:00+02:00;2986;4-5-2024;5;4;18;5;11;2;50
2024-05-04 12:00:00+02:00;2987;4-5-2024;5;4;18;5;12;2;30
2024-05-04 13:00:00+02:00;2988;4-5-2024;5;4;18;5;13;2;30
2024-05-04 14:00:00+02:00;2989;4-5-2024;5;4;18;5;14;2;50
2024-05-04 15:00:00+02:00;2990;4-5-2024;5;4;18;5;15;2;50
2024-05-04 16:00:00+02:00;2991;4-5-2024;5;4;18;5;16;2;50
2024-05-04 17:00:00+02:00;2992;4-5-2024;5;4;18;5;17;2;0
2024-05-04 18:00:00+02:00;2993;4-5-2024;5;4;18;5;18;2;0
2024-05-04 19:00:00+02:00;2994;4-5-2024;5;4;18;5;19;2;0
2024-05-04 20:00:00+02:00;2995;4-5-2024;5;4;18;5;20;2;0
2024-05-04 21:00:00+02:00;2996;4-5-2024;5;4;18;5;21;2;0
2024-05-04 22:00:00+02:00;2997;4-5-2024;5;4;18;5;22;2;0
2024-05-04 23:00:00+02:00;2998;4-5-2024;5;4;18;5;23;2;0
2024-05-05 00:00:00+02:00;2999;5-5-2024;5;5;18;6;0;3;0
2024-05-05 01:00:00+02:00;3000;5-5-2024;5;5;18;6;1;3;0
2024-05-05 02:00:00+02:00;3001;5-5-2024;5;5;18;6;2;3;0
2024-05-05 03:00:00+02:00;3002;5-5-2024;5;5;18;6;3;3;0
2024-05-05 04:00:00+02:00;3003;5-5-2024;5;5;18;6;4;3;0
2024-05-05 05:00:00+02:00;3004;5-5-2024;5;5;18;6;5;3;0
2024-05-05 06:00:00+02:00;3005;5-5-2024;5;5;18;6;6;3;0
2024-05-05 07:00:00+02:00;3006;5-5-2024;5;5;18;6;7;3;0
2024-05-05 08:00:00+02:00;3007;5-5-2024;5;5;18;6;8;3;0
2024-05-05 09:00:00+02:00;3008;5-5-2024;5;5;18;6;9;3;0
2024-05-05 10:00:00+02:00;3009;5-5-2024;5;5;18;6;10;3;0
2024-05-05 11:00:00+02:00;3010;5-5-2024;5;5;18;6;11;3;0
2024-05-05 12:00:00+02:00;3011;5-5-2024;5;5;18;6;12;3;0
2024-05-05 13:00:00+02:00;3012;5-5-2024;5;5;18;6;13;3;0
2024-05-05 14:00:00+02:00;3013;5-5-2024;5;5;18;6;14;3;0
2024-05-05 15:00:00+02:00;3014;5-5-2024;5;5;18;6;15;3;0
2024-05-05 16:00:00+02:00;3015;5-5-2024;5;5;18;6;16;3;0
2024-05-05 17:00:00+02:00;3016;5-5-2024;5;5;18;6;17;3;0
2024-05-05 18:00:00+02:00;3017;5-5-2024;5;5;18;6;18;3;0
2024-05-05 19:00:00+02:00;3018;5-5-2024;5;5;18;6;19;3;0
2024-05-05 20:00:00+02:00;3019;5-5-2024;5;5;18;6;20;3;0
2024-05-05 21:00:00+02:00;3020;5-5-2024;5;5;18;6;21;3;0
2024-05-05 22:00:00+02:00;3021;5-5-2024;5;5;18;6;22;3;0
2024-05-05 23:00:00+02:00;3022;5-5-2024;5;5;18;6;23;3;0
2024-05-06 00:00:00+02:00;3023;6-5-2024;5;6;19;0;0;1;0
2024-05-06 01:00:00+02:00;3024;6-5-2024;5;6;19;0;1;1;0
2024-05-06 02:00:00+02:00;3025;6-5-2024;5;6;19;0;2;1;0
2024-05-06 03:00:00+02:00;3026;6-5-2024;5;6;19;0;3;1;0
2024-05-06 04:00:00+02:00;3027;6-5-2024;5;6;19;0;4;1;0
2024-05-06 05:00:00+02:00;3028;6-5-2024;5;6;19;0;5;1;0
2024-05-06 06:00:00+02:00;3029;6-5-2024;5;6;19;0;6;1;0
2024-05-06 07:00:00+02:00;3030;6-5-2024;5;6;19;0;7;1;0
2024-05-06 08:00:00+02:00;3031;6-5-2024;5;6;19;0;8;1;60
2024-05-06 09:00:00+02:00;3032;6-5-2024;5;6;19;0;9;1;60
2024-05-06 10:00:00+02:00;3033;6-5-2024;5;6;19;0;10;1;90
2024-05-06 11:00:00+02:00;3034;6-5-2024;5;6;19;0;11;1;90
2024-05-06 12:00:00+02:00;3035;6-5-2024;5;6;19;0;12;1;50
2024-05-06 13:00:00+02:00;3036;6-5-2024;5;6;19;0;13;1;50
2024-05-06 14:00:00+02:00;3037;6-5-2024;5;6;19;0;14;1;80
2024-05-06 15:00:00+02:00;3038;6-5-2024;5;6;19;0;15;1;80
2024-05-06 16:00:00+02:00;3039;6-5-2024;5;6;19;0;16;1;80
2024-05-06 17:00:00+02:00;3040;6-5-2024;5;6;19;0;17;1;50
2024-05-06 18:00:00+02:00;3041;6-5-2024;5;6;19;0;18;1;42
2024-05-06 19:00:00+02:00;3042;6-5-2024;5;6;19;0;19;1;33
2024-05-06 20:00:00+02:00;3043;6-5-2024;5;6;19;0;20;1;25
2024-05-06 21:00:00+02:00;3044;6-5-2024;5;6;19;0;21;1;17
2024-05-06 22:00:00+02:00;3045;6-5-2024;5;6;19;0;22;1;8
2024-05-06 23:00:00+02:00;3046;6-5-2024;5;6;19;0;23;1;0
2024-05-07 00:00:00+02:00;3047;7-5-2024;5;7;19;1;0;1;0
2024-05-07 01:00:00+02:00;3048;7-5-2024;5;7;19;1;1;1;0
2024-05-07 02:00:00+02:00;3049;7-5-2024;5;7;19;1;2;1;0
2024-05-07 03:00:00+02:00;3050;7-5-2024;5;7;19;1;3;1;0
2024-05-07 04:00:00+02:00;3051;7-5-2024;5;7;19;1;4;1;0
2024-05-07 05:00:00+02:00;3052;7-5-2024;5;7;19;1;5;1;0
2024-05-07 06:00:00+02:00;3053;7-5-2024;5;7;19;1;6;1;0
2024-05-07 07:00:00+02:00;3054;7-5-2024;5;7;19;1;7;1;0
2024-05-07 08:00:00+02:00;3055;7-5-2024;5;7;19;1;8;1;60
2024-05-07 09:00:00+02:00;3056;7-5-2024;5;7;19;1;9;1;60
2024-05-07 10:00:00+02:00;3057;7-5-2024;5;7;19;1;10;1;90
2024-05-07 11:00:00+02:00;3058;7-5-2024;5;7;19;1;11;1;90
2024-05-07 12:00:00+02:00;3059;7-5-2024;5;7;19;1;12;1;50
2024-05-07 13:00:00+02:00;3060;7-5-2024;5;7;19;1;13;1;50
2024-05-07 14:00:00+02:00;3061;7-5-2024;5;7;19;1;14;1;80
2024-05-07 15:00:00+02:00;3062;7-5-2024;5;7;19;1;15;1;80
2024-05-07 16:00:00+02:00;3063;7-5-2024;5;7;19;1;16;1;80
2024-05-07 17:00:00+02:00;3064;7-5-2024;5;7;19;1;17;1;50
2024-05-07 18:00:00+02:00;3065;7-5-2024;5;7;19;1;18;1;42
2024-05-07 19:00:00+02:00;3066;7-5-2024;5;7;19;1;19;1;33
2024-05-07 20:00:00+02:00;3067;7-5-2024;5;7;19;1;20;1;25
2024-05-07 21:00:00+02:00;3068;7-5-2024;5;7;19;1;21;1;17
2024-05-07 22:00:00+02:00;3069;7-5-2024;5;7;19;1;22;1;8
2024-05-07 23:00:00+02:00;3070;7-5-2024;5;7;19;1;23;1;0
2024-05-08 00:00:00+02:00;3071;8-5-2024;5;8;19;2;0;1;0
2024-05-08 01:00:00+02:00;3072;8-5-2024;5;8;19;2;1;1;0
2024-05-08 02:00:00+02:00;3073;8-5-2024;5;8;19;2;2;1;0
2024-05-08 03:00:00+02:00;3074;8-5-2024;5;8;19;2;3;1;0
2024-05-08 04:00:00+02:00;3075;8-5-2024;5;8;19;2;4;1;0
2024-05-08 05:00:00+02:00;3076;8-5-2024;5;8;19;2;5;1;0
2024-05-08 06:00:00+02:00;3077;8-5-2024;5;8;19;2;6;1;0
2024-05-08 07:00:00+02:00;3078;8-5-2024;5;8;19;2;7;1;0
2024-05-08 08:00:00+02:00;3079;8-5-2024;5;8;19;2;8;1;60
2024-05-08 09:00:00+02:00;3080;8-5-2024;5;8;19;2;9;1;60
2024-05-08 10:00:00+02:00;3081;8-5-2024;5;8;19;2;10;1;90
2024-05-08 11:00:00+02:00;3082;8-5-2024;5;8;19;2;11;1;90
2024-05-08 12:00:00+02:00;3083;8-5-2024;5;8;19;2;12;1;50
2024-05-08 13:00:00+02:00;3084;8-5-2024;5;8;19;2;13;1;50
2024-05-08 14:00:00+02:00;3085;8-5-2024;5;8;19;2;14;1;80
2024-05-08 15:00:00+02:00;3086;8-5-2024;5;8;19;2;15;1;80
2024-05-08 16:00:00+02:00;3087;8-5-2024;5;8;19;2;16;1;80
2024-05-08 17:00:00+02:00;3088;8-5-2024;5;8;19;2;17;1;50
2024-05-08 18:00:00+02:00;3089;8-5-2024;5;8;19;2;18;1;42
2024-05-08 19:00:00+02:00;3090;8-5-2024;5;8;19;2;19;1;33
2024-05-08 20:00:00+02:00;3091;8-5-2024;5;8;19;2;20;1;25
2024-05-08 21:00:00+02:00;3092;8-5-2024;5;8;19;2;21;1;17
2024-05-08 22:00:00+02:00;3093;8-5-2024;5;8;19;2;22;1;8
2024-05-08 23:00:00+02:00;3094;8-5-2024;5;8;19;2;23;1;0
2024-05-09 00:00:00+02:00;3095;9-5-2024;5;9;19;3;0;1;0
2024-05-09 01:00:00+02:00;3096;9-5-2024;5;9;19;3;1;1;0
2024-05-09 02:00:00+02:00;3097;9-5-2024;5;9;19;3;2;1;0
2024-05-09 03:00:00+02:00;3098;9-5-2024;5;9;19;3;3;1;0
2024-05-09 04:00:00+02:00;3099;9-5-2024;5;9;19;3;4;1;0
2024-05-09 05:00:00+02:00;3100;9-5-2024;5;9;19;3;5;1;0
2024-05-09 06:00:00+02:00;3101;9-5-2024;5;9;19;3;6;1;0
2024-05-09 07:00:00+02:00;3102;9-5-2024;5;9;19;3;7;1;0
2024-05-09 08:00:00+02:00;3103;9-5-2024;5;9;19;3;8;1;60
2024-05-09 09:00:00+02:00;3104;9-5-2024;5;9;19;3;9;1;60
2024-05-09 10:00:00+02:00;3105;9-5-2024;5;9;19;3;10;1;90
2024-05-09 11:00:00+02:00;3106;9-5-2024;5;9;19;3;11;1;90
2024-05-09 12:00:00+02:00;3107;9-5-2024;5;9;19;3;12;1;50
2024-05-09 13:00:00+02:00;3108;9-5-2024;5;9;19;3;13;1;50
2024-05-09 14:00:00+02:00;3109;9-5-2024;5;9;19;3;14;1;80
2024-05-09 15:00:00+02:00;3110;9-5-2024;5;9;19;3;15;1;80
2024-05-09 16:00:00+02:00;3111;9-5-2024;5;9;19;3;16;1;80
2024-05-09 17:00:00+02:00;3112;9-5-2024;5;9;19;3;17;1;50
2024-05-09 18:00:00+02:00;3113;9-5-2024;5;9;19;3;18;1;42
2024-05-09 19:00:00+02:00;3114;9-5-2024;5;9;19;3;19;1;33
2024-05-09 20:00:00+02:00;3115;9-5-2024;5;9;19;3;20;1;25
2024-05-09 21:00:00+02:00;3116;9-5-2024;5;9;19;3;21;1;17
2024-05-09 22:00:00+02:00;3117;9-5-2024;5;9;19;3;22;1;8
2024-05-09 23:00:00+02:00;3118;9-5-2024;5;9;19;3;23;1;0
2024-05-10 00:00:00+02:00;3119;10-5-2024;5;10;19;4;0;1;0
2024-05-10 01:00:00+02:00;3120;10-5-2024;5;10;19;4;1;1;0
2024-05-10 02:00:00+02:00;3121;10-5-2024;5;10;19;4;2;1;0
2024-05-10 03:00:00+02:00;3122;10-5-2024;5;10;19;4;3;1;0
2024-05-10 04:00:00+02:00;3123;10-5-2024;5;10;19;4;4;1;0
2024-05-10 05:00:00+02:00;3124;10-5-2024;5;10;19;4;5;1;0
2024-05-10 06:00:00+02:00;3125;10-5-2024;5;10;19;4;6;1;0
2024-05-10 07:00:00+02:00;3126;10-5-2024;5;10;19;4;7;1;0
2024-05-10 08:00:00+02:00;3127;10-5-2024;5;10;19;4;8;1;60
2024-05-10 09:00:00+02:00;3128;10-5-2024;5;10;19;4;9;1;60
2024-05-10 10:00:00+02:00;3129;10-5-2024;5;10;19;4;10;1;90
2024-05-10 11:00:00+02:00;3130;10-5-2024;5;10;19;4;11;1;90
2024-05-10 12:00:00+02:00;3131;10-5-2024;5;10;19;4;12;1;50
2024-05-10 13:00:00+02:00;3132;10-5-2024;5;10;19;4;13;1;50
2024-05-10 14:00:00+02:00;3133;10-5-2024;5;10;19;4;14;1;80
2024-05-10 15:00:00+02:00;3134;10-5-2024;5;10;19;4;15;1;80
2024-05-10 16:00:00+02:00;3135;10-5-2024;5;10;19;4;16;1;80
2024-05-10 17:00:00+02:00;3136;10-5-2024;5;10;19;4;17;1;50
2024-05-10 18:00:00+02:00;3137;10-5-2024;5;10;19;4;18;1;42
2024-05-10 19:00:00+02:00;3138;10-5-2024;5;10;19;4;19;1;33
2024-05-10 20:00:00+02:00;3139;10-5-2024;5;10;19;4;20;1;25
2024-05-10 21:00:00+02:00;3140;10-5-2024;5;10;19;4;21;1;17
2024-05-10 22:00:00+02:00;3141;10-5-2024;5;10;19;4;22;1;8
2024-05-10 23:00:00+02:00;3142;10-5-2024;5;10;19;4;23;1;0
2024-05-11 00:00:00+02:00;3143;11-5-2024;5;11;19;5;0;2;0
2024-05-11 01:00:00+02:00;3144;11-5-2024;5;11;19;5;1;2;0
2024-05-11 02:00:00+02:00;3145;11-5-2024;5;11;19;5;2;2;0
2024-05-11 03:00:00+02:00;3146;11-5-2024;5;11;19;5;3;2;0
2024-05-11 04:00:00+02:00;3147;11-5-2024;5;11;19;5;4;2;0
2024-05-11 05:00:00+02:00;3148;11-5-2024;5;11;19;5;5;2;0
2024-05-11 06:00:00+02:00;3149;11-5-2024;5;11;19;5;6;2;0
2024-05-11 07:00:00+02:00;3150;11-5-2024;5;11;19;5;7;2;0
2024-05-11 08:00:00+02:00;3151;11-5-2024;5;11;19;5;8;2;0
2024-05-11 09:00:00+02:00;3152;11-5-2024;5;11;19;5;9;2;0
2024-05-11 10:00:00+02:00;3153;11-5-2024;5;11;19;5;10;2;50
2024-05-11 11:00:00+02:00;3154;11-5-2024;5;11;19;5;11;2;50
2024-05-11 12:00:00+02:00;3155;11-5-2024;5;11;19;5;12;2;30
2024-05-11 13:00:00+02:00;3156;11-5-2024;5;11;19;5;13;2;30
2024-05-11 14:00:00+02:00;3157;11-5-2024;5;11;19;5;14;2;50
2024-05-11 15:00:00+02:00;3158;11-5-2024;5;11;19;5;15;2;50
2024-05-11 16:00:00+02:00;3159;11-5-2024;5;11;19;5;16;2;50
2024-05-11 17:00:00+02:00;3160;11-5-2024;5;11;19;5;17;2;0
2024-05-11 18:00:00+02:00;3161;11-5-2024;5;11;19;5;18;2;0
2024-05-11 19:00:00+02:00;3162;11-5-2024;5;11;19;5;19;2;0
2024-05-11 20:00:00+02:00;3163;11-5-2024;5;11;19;5;20;2;0
2024-05-11 21:00:00+02:00;3164;11-5-2024;5;11;19;5;21;2;0
2024-05-11 22:00:00+02:00;3165;11-5-2024;5;11;19;5;22;2;0
2024-05-11 23:00:00+02:00;3166;11-5-2024;5;11;19;5;23;2;0
2024-05-12 00:00:00+02:00;3167;12-5-2024;5;12;19;6;0;3;0
2024-05-12 01:00:00+02:00;3168;12-5-2024;5;12;19;6;1;3;0
2024-05-12 02:00:00+02:00;3169;12-5-2024;5;12;19;6;2;3;0
2024-05-12 03:00:00+02:00;3170;12-5-2024;5;12;19;6;3;3;0
2024-05-12 04:00:00+02:00;3171;12-5-2024;5;12;19;6;4;3;0
2024-05-12 05:00:00+02:00;3172;12-5-2024;5;12;19;6;5;3;0
2024-05-12 06:00:00+02:00;3173;12-5-2024;5;12;19;6;6;3;0
2024-05-12 07:00:00+02:00;3174;12-5-2024;5;12;19;6;7;3;0
2024-05-12 08:00:00+02:00;3175;12-5-2024;5;12;19;6;8;3;0
2024-05-12 09:00:00+02:00;3176;12-5-2024;5;12;19;6;9;3;0
2024-05-12 10:00:00+02:00;3177;12-5-2024;5;12;19;6;10;3;0
2024-05-12 11:00:00+02:00;3178;12-5-2024;5;12;19;6;11;3;0
2024-05-12 12:00:00+02:00;3179;12-5-2024;5;12;19;6;12;3;0
2024-05-12 13:00:00+02:00;3180;12-5-2024;5;12;19;6;13;3;0
2024-05-12 14:00:00+02:00;3181;12-5-2024;5;12;19;6;14;3;0
2024-05-12 15:00:00+02:00;3182;12-5-2024;5;12;19;6;15;3;0
2024-05-12 16:00:00+02:00;3183;12-5-2024;5;12;19;6;16;3;0
2024-05-12 17:00:00+02:00;3184;12-5-2024;5;12;19;6;17;3;0
2024-05-12 18:00:00+02:00;3185;12-5-2024;5;12;19;6;18;3;0
2024-05-12 19:00:00+02:00;3186;12-5-2024;5;12;19;6;19;3;0
2024-05-12 20:00:00+02:00;3187;12-5-2024;5;12;19;6;20;3;0
2024-05-12 21:00:00+02:00;3188;12-5-2024;5;12;19;6;21;3;0
2024-05-12 22:00:00+02:00;3189;12-5-2024;5;12;19;6;22;3;0
2024-05-12 23:00:00+02:00;3190;12-5-2024;5;12;19;6;23;3;0
2024-05-13 00:00:00+02:00;3191;13-5-2024;5;13;20;0;0;1;0
2024-05-13 01:00:00+02:00;3192;13-5-2024;5;13;20;0;1;1;0
2024-05-13 02:00:00+02:00;3193;13-5-2024;5;13;20;0;2;1;0
2024-05-13 03:00:00+02:00;3194;13-5-2024;5;13;20;0;3;1;0
2024-05-13 04:00:00+02:00;3195;13-5-2024;5;13;20;0;4;1;0
2024-05-13 05:00:00+02:00;3196;13-5-2024;5;13;20;0;5;1;0
2024-05-13 06:00:00+02:00;3197;13-5-2024;5;13;20;0;6;1;0
2024-05-13 07:00:00+02:00;3198;13-5-2024;5;13;20;0;7;1;0
2024-05-13 08:00:00+02:00;3199;13-5-2024;5;13;20;0;8;1;60
2024-05-13 09:00:00+02:00;3200;13-5-2024;5;13;20;0;9;1;60
2024-05-13 10:00:00+02:00;3201;13-5-2024;5;13;20;0;10;1;90
2024-05-13 11:00:00+02:00;3202;13-5-2024;5;13;20;0;11;1;90
2024-05-13 12:00:00+02:00;3203;13-5-2024;5;13;20;0;12;1;50
2024-05-13 13:00:00+02:00;3204;13-5-2024;5;13;20;0;13;1;50
2024-05-13 14:00:00+02:00;3205;13-5-2024;5;13;20;0;14;1;80
2024-05-13 15:00:00+02:00;3206;13-5-2024;5;13;20;0;15;1;80
2024-05-13 16:00:00+02:00;3207;13-5-2024;5;13;20;0;16;1;80
2024-05-13 17:00:00+02:00;3208;13-5-2024;5;13;20;0;17;1;50
2024-05-13 18:00:00+02:00;3209;13-5-2024;5;13;20;0;18;1;42
2024-05-13 19:00:00+02:00;3210;13-5-2024;5;13;20;0;19;1;33
2024-05-13 20:00:00+02:00;3211;13-5-2024;5;13;20;0;20;1;25
2024-05-13 21:00:00+02:00;3212;13-5-2024;5;13;20;0;21;1;17
2024-05-13 22:00:00+02:00;3213;13-5-2024;5;13;20;0;22;1;8
2024-05-13 23:00:00+02:00;3214;13-5-2024;5;13;20;0;23;1;0
2024-05-14 00:00:00+02:00;3215;14-5-2024;5;14;20;1;0;1;0
2024-05-14 01:00:00+02:00;3216;14-5-2024;5;14;20;1;1;1;0
2024-05-14 02:00:00+02:00;3217;14-5-2024;5;14;20;1;2;1;0
2024-05-14 03:00:00+02:00;3218;14-5-2024;5;14;20;1;3;1;0
2024-05-14 04:00:00+02:00;3219;14-5-2024;5;14;20;1;4;1;0
2024-05-14 05:00:00+02:00;3220;14-5-2024;5;14;20;1;5;1;0
2024-05-14 06:00:00+02:00;3221;14-5-2024;5;14;20;1;6;1;0
2024-05-14 07:00:00+02:00;3222;14-5-2024;5;14;20;1;7;1;0
2024-05-14 08:00:00+02:00;3223;14-5-2024;5;14;20;1;8;1;60
2024-05-14 09:00:00+02:00;3224;14-5-2024;5;14;20;1;9;1;60
2024-05-14 10:00:00+02:00;3225;14-5-2024;5;14;20;1;10;1;90
2024-05-14 11:00:00+02:00;3226;14-5-2024;5;14;20;1;11;1;90
2024-05-14 12:00:00+02:00;3227;14-5-2024;5;14;20;1;12;1;50
2024-05-14 13:00:00+02:00;3228;14-5-2024;5;14;20;1;13;1;50
2024-05-14 14:00:00+02:00;3229;14-5-2024;5;14;20;1;14;1;80
2024-05-14 15:00:00+02:00;3230;14-5-2024;5;14;20;1;15;1;80
2024-05-14 16:00:00+02:00;3231;14-5-2024;5;14;20;1;16;1;80
2024-05-14 17:00:00+02:00;3232;14-5-2024;5;14;20;1;17;1;50
2024-05-14 18:00:00+02:00;3233;14-5-2024;5;14;20;1;18;1;42
2024-05-14 19:00:00+02:00;3234;14-5-2024;5;14;20;1;19;1;33
2024-05-14 20:00:00+02:00;3235;14-5-2024;5;14;20;1;20;1;25
2024-05-14 21:00:00+02:00;3236;14-5-2024;5;14;20;1;21;1;17
2024-05-14 22:00:00+02:00;3237;14-5-2024;5;14;20;1;22;1;8
2024-05-14 23:00:00+02:00;3238;14-5-2024;5;14;20;1;23;1;0
2024-05-15 00:00:00+02:00;3239;15-5-2024;5;15;20;2;0;1;0
2024-05-15 01:00:00+02:00;3240;15-5-2024;5;15;20;2;1;1;0
2024-05-15 02:00:00+02:00;3241;15-5-2024;5;15;20;2;2;1;0
2024-05-15 03:00:00+02:00;3242;15-5-2024;5;15;20;2;3;1;0
2024-05-15 04:00:00+02:00;3243;15-5-2024;5;15;20;2;4;1;0
2024-05-15 05:00:00+02:00;3244;15-5-2024;5;15;20;2;5;1;0
2024-05-15 06:00:00+02:00;3245;15-5-2024;5;15;20;2;6;1;0
2024-05-15 07:00:00+02:00;3246;15-5-2024;5;15;20;2;7;1;0
2024-05-15 08:00:00+02:00;3247;15-5-2024;5;15;20;2;8;1;60
2024-05-15 09:00:00+02:00;3248;15-5-2024;5;15;20;2;9;1;60
2024-05-15 10:00:00+02:00;3249;15-5-2024;5;15;20;2;10;1;90
2024-05-15 11:00:00+02:00;3250;15-5-2024;5;15;20;2;11;1;90
2024-05-15 12:00:00+02:00;3251;15-5-2024;5;15;20;2;12;1;50
2024-05-15 13:00:00+02:00;3252;15-5-2024;5;15;20;2;13;1;50
2024-05-15 14:00:00+02:00;3253;15-5-2024;5;15;20;2;14;1;80
2024-05-15 15:00:00+02:00;3254;15-5-2024;5;15;20;2;15;1;80
2024-05-15 16:00:00+02:00;3255;15-5-2024;5;15;20;2;16;1;80
2024-05-15 17:00:00+02:00;3256;15-5-2024;5;15;20;2;17;1;50
2024-05-15 18:00:00+02:00;3257;15-5-2024;5;15;20;2;18;1;42
2024-05-15 19:00:00+02:00;3258;15-5-2024;5;15;20;2;19;1;33
2024-05-15 20:00:00+02:00;3259;15-5-2024;5;15;20;2;20;1;25
2024-05-15 21:00:00+02:00;3260;15-5-2024;5;15;20;2;21;1;17
2024-05-15 22:00:00+02:00;3261;15-5-2024;5;15;20;2;22;1;8
2024-05-15 23:00:00+02:00;3262;15-5-2024;5;15;20;2;23;1;0
2024-05-16 00:00:00+02:00;3263;16-5-2024;5;16;20;3;0;1;0
2024-05-16 01:00:00+02:00;3264;16-5-2024;5;16;20;3;1;1;0
2024-05-16 02:00:00+02:00;3265;16-5-2024;5;16;20;3;2;1;0
2024-05-16 03:00:00+02:00;3266;16-5-2024;5;16;20;3;3;1;0
2024-05-16 04:00:00+02:00;3267;16-5-2024;5;16;20;3;4;1;0
2024-05-16 05:00:00+02:00;3268;16-5-2024;5;16;20;3;5;1;0
2024-05-16 06:00:00+02:00;3269;16-5-2024;5;16;20;3;6;1;0
2024-05-16 07:00:00+02:00;3270;16-5-2024;5;16;20;3;7;1;0
2024-05-16 08:00:00+02:00;3271;16-5-2024;5;16;20;3;8;1;60
2024-05-16 09:00:00+02:00;3272;16-5-2024;5;16;20;3;9;1;60
2024-05-16 10:00:00+02:00;3273;16-5-2024;5;16;20;3;10;1;90
2024-05-16 11:00:00+02:00;3274;16-5-2024;5;16;20;3;11;1;90
2024-05-16 12:00:00+02:00;3275;16-5-2024;5;16;20;3;12;1;50
2024-05-16 13:00:00+02:00;3276;16-5-2024;5;16;20;3;13;1;50
2024-05-16 14:00:00+02:00;3277;16-5-2024;5;16;20;3;14;1;80
2024-05-16 15:00:00+02:00;3278;16-5-2024;5;16;20;3;15;1;80
2024-05-16 16:00:00+02:00;3279;16-5-2024;5;16;20;3;16;1;80
2024-05-16 17:00:00+02:00;3280;16-5-2024;5;16;20;3;17;1;50
2024-05-16 18:00:00+02:00;3281;16-5-2024;5;16;20;3;18;1;42
2024-05-16 19:00:00+02:00;3282;16-5-2024;5;16;20;3;19;1;33
2024-05-16 20:00:00+02:00;3283;16-5-2024;5;16;20;3;20;1;25
2024-05-16 21:00:00+02:00;3284;16-5-2024;5;16;20;3;21;1;17
2024-05-16 22:00:00+02:00;3285;16-5-2024;5;16;20;3;22;1;8
2024-05-16 23:00:00+02:00;3286;16-5-2024;5;16;20;3;23;1;0
2024-05-17 00:00:00+02:00;3287;17-5-2024;5;17;20;4;0;1;0
2024-05-17 01:00:00+02:00;3288;17-5-2024;5;17;20;4;1;1;0
2024-05-17 02:00:00+02:00;3289;17-5-2024;5;17;20;4;2;1;0
2024-05-17 03:00:00+02:00;3290;17-5-2024;5;17;20;4;3;1;0
2024-05-17 04:00:00+02:00;3291;17-5-2024;5;17;20;4;4;1;0
2024-05-17 05:00:00+02:00;3292;17-5-2024;5;17;20;4;5;1;0
2024-05-17 06:00:00+02:00;3293;17-5-2024;5;17;20;4;6;1;0
2024-05-17 07:00:00+02:00;3294;17-5-2024;5;17;20;4;7;1;0
2024-05-17 08:00:00+02:00;3295;17-5-2024;5;17;20;4;8;1;60
2024-05-17 09:00:00+02:00;3296;17-5-2024;5;17;20;4;9;1;60
2024-05-17 10:00:00+02:00;3297;17-5-2024;5;17;20;4;10;1;90
2024-05-17 11:00:00+02:00;3298;17-5-2024;5;17;20;4;11;1;90
2024-05-17 12:00:00+02:00;3299;17-5-2024;5;17;20;4;12;1;50
2024-05-17 13:00:00+02:00;3300;17-5-2024;5;17;20;4;13;1;50
2024-05-17 14:00:00+02:00;3301;17-5-2024;5;17;20;4;14;1;80
2024-05-17 15:00:00+02:00;3302;17-5-2024;5;17;20;4;15;1;80
2024-05-17 16:00:00+02:00;3303;17-5-2024;5;17;20;4;16;1;80
2024-05-17 17:00:00+02:00;3304;17-5-2024;5;17;20;4;17;1;50
2024-05-17 18:00:00+02:00;3305;17-5-2024;5;17;20;4;18;1;42
2024-05-17 19:00:00+02:00;3306;17-5-2024;5;17;20;4;19;1;33
2024-05-17 20:00:00+02:00;3307;17-5-2024;5;17;20;4;20;1;25
2024-05-17 21:00:00+02:00;3308;17-5-2024;5;17;20;4;21;1;17
2024-05-17 22:00:00+02:00;3309;17-5-2024;5;17;20;4;22;1;8
2024-05-17 23:00:00+02:00;3310;17-5-2024;5;17;20;4;23;1;0
2024-05-18 00:00:00+02:00;3311;18-5-2024;5;18;20;5;0;2;0
2024-05-18 01:00:00+02:00;3312;18-5-2024;5;18;20;5;1;2;0
2024-05-18 02:00:00+02:00;3313;18-5-2024;5;18;20;5;2;2;0
2024-05-18 03:00:00+02:00;3314;18-5-2024;5;18;20;5;3;2;0
2024-05-18 04:00:00+02:00;3315;18-5-2024;5;18;20;5;4;2;0
2024-05-18 05:00:00+02:00;3316;18-5-2024;5;18;20;5;5;2;0
2024-05-18 06:00:00+02:00;3317;18-5-2024;5;18;20;5;6;2;0
2024-05-18 07:00:00+02:00;3318;18-5-2024;5;18;20;5;7;2;0
2024-05-18 08:00:00+02:00;3319;18-5-2024;5;18;20;5;8;2;0
2024-05-18 09:00:00+02:00;3320;18-5-2024;5;18;20;5;9;2;0
2024-05-18 10:00:00+02:00;3321;18-5-2024;5;18;20;5;10;2;50
2024-05-18 11:00:00+02:00;3322;18-5-2024;5;18;20;5;11;2;50
2024-05-18 12:00:00+02:00;3323;18-5-2024;5;18;20;5;12;2;30
2024-05-18 13:00:00+02:00;3324;18-5-2024;5;18;20;5;13;2;30
2024-05-18 14:00:00+02:00;3325;18-5-2024;5;18;20;5;14;2;50
2024-05-18 15:00:00+02:00;3326;18-5-2024;5;18;20;5;15;2;50
2024-05-18 16:00:00+02:00;3327;18-5-2024;5;18;20;5;16;2;50
2024-05-18 17:00:00+02:00;3328;18-5-2024;5;18;20;5;17;2;0
2024-05-18 18:00:00+02:00;3329;18-5-2024;5;18;20;5;18;2;0
2024-05-18 19:00:00+02:00;3330;18-5-2024;5;18;20;5;19;2;0
2024-05-18 20:00:00+02:00;3331;18-5-2024;5;18;20;5;20;2;0
2024-05-18 21:00:00+02:00;3332;18-5-2024;5;18;20;5;21;2;0
2024-05-18 22:00:00+02:00;3333;18-5-2024;5;18;20;5;22;2;0
2024-05-18 23:00:00+02:00;3334;18-5-2024;5;18;20;5;23;2;0
2024-05-19 00:00:00+02:00;3335;19-5-2024;5;19;20;6;0;3;0
2024-05-19 01:00:00+02:00;3336;19-5-2024;5;19;20;6;1;3;0
2024-05-19 02:00:00+02:00;3337;19-5-2024;5;19;20;6;2;3;0
2024-05-19 03:00:00+02:00;3338;19-5-2024;5;19;20;6;3;3;0
2024-05-19 04:00:00+02:00;3339;19-5-2024;5;19;20;6;4;3;0
2024-05-19 05:00:00+02:00;3340;19-5-2024;5;19;20;6;5;3;0
2024-05-19 06:00:00+02:00;3341;19-5-2024;5;19;20;6;6;3;0
2024-05-19 07:00:00+02:00;3342;19-5-2024;5;19;20;6;7;3;0
2024-05-19 08:00:00+02:00;3343;19-5-2024;5;19;20;6;8;3;0
2024-05-19 09:00:00+02:00;3344;19-5-2024;5;19;20;6;9;3;0
2024-05-19 10:00:00+02:00;3345;19-5-2024;5;19;20;6;10;3;0
2024-05-19 11:00:00+02:00;3346;19-5-2024;5;19;20;6;11;3;0
2024-05-19 12:00:00+02:00;3347;19-5-2024;5;19;20;6;12;3;0
2024-05-19 13:00:00+02:00;3348;19-5-2024;5;19;20;6;13;3;0
2024-05-19 14:00:00+02:00;3349;19-5-2024;5;19;20;6;14;3;0
2024-05-19 15:00:00+02:00;3350;19-5-2024;5;19;20;6;15;3;0
2024-05-19 16:00:00+02:00;3351;19-5-2024;5;19;20;6;16;3;0
2024-05-19 17:00:00+02:00;3352;19-5-2024;5;19;20;6;17;3;0
2024-05-19 18:00:00+02:00;3353;19-5-2024;5;19;20;6;18;3;0
2024-05-19 19:00:00+02:00;3354;19-5-2024;5;19;20;6;19;3;0
2024-05-19 20:00:00+02:00;3355;19-5-2024;5;19;20;6;20;3;0
2024-05-19 21:00:00+02:00;3356;19-5-2024;5;19;20;6;21;3;0
2024-05-19 22:00:00+02:00;3357;19-5-2024;5;19;20;6;22;3;0
2024-05-19 23:00:00+02:00;3358;19-5-2024;5;19;20;6;23;3;0
2024-05-20 00:00:00+02:00;3359;20-5-2024;5;20;21;0;0;1;0
2024-05-20 01:00:00+02:00;3360;20-5-2024;5;20;21;0;1;1;0
2024-05-20 02:00:00+02:00;3361;20-5-2024;5;20;21;0;2;1;0
2024-05-20 03:00:00+02:00;3362;20-5-2024;5;20;21;0;3;1;0
2024-05-20 04:00:00+02:00;3363;20-5-2024;5;20;21;0;4;1;0
2024-05-20 05:00:00+02:00;3364;20-5-2024;5;20;21;0;5;1;0
2024-05-20 06:00:00+02:00;3365;20-5-2024;5;20;21;0;6;1;0
2024-05-20 07:00:00+02:00;3366;20-5-2024;5;20;21;0;7;1;0
2024-05-20 08:00:00+02:00;3367;20-5-2024;5;20;21;0;8;1;60
2024-05-20 09:00:00+02:00;3368;20-5-2024;5;20;21;0;9;1;60
2024-05-20 10:00:00+02:00;3369;20-5-2024;5;20;21;0;10;1;90
2024-05-20 11:00:00+02:00;3370;20-5-2024;5;20;21;0;11;1;90
2024-05-20 12:00:00+02:00;3371;20-5-2024;5;20;21;0;12;1;50
2024-05-20 13:00:00+02:00;3372;20-5-2024;5;20;21;0;13;1;50
2024-05-20 14:00:00+02:00;3373;20-5-2024;5;20;21;0;14;1;80
2024-05-20 15:00:00+02:00;3374;20-5-2024;5;20;21;0;15;1;80
2024-05-20 16:00:00+02:00;3375;20-5-2024;5;20;21;0;16;1;80
2024-05-20 17:00:00+02:00;3376;20-5-2024;5;20;21;0;17;1;50
2024-05-20 18:00:00+02:00;3377;20-5-2024;5;20;21;0;18;1;42
2024-05-20 19:00:00+02:00;3378;20-5-2024;5;20;21;0;19;1;33
2024-05-20 20:00:00+02:00;3379;20-5-2024;5;20;21;0;20;1;25
2024-05-20 21:00:00+02:00;3380;20-5-2024;5;20;21;0;21;1;17
2024-05-20 22:00:00+02:00;3381;20-5-2024;5;20;21;0;22;1;8
2024-05-20 23:00:00+02:00;3382;20-5-2024;5;20;21;0;23;1;0
2024-05-21 00:00:00+02:00;3383;21-5-2024;5;21;21;1;0;1;0
2024-05-21 01:00:00+02:00;3384;21-5-2024;5;21;21;1;1;1;0
2024-05-21 02:00:00+02:00;3385;21-5-2024;5;21;21;1;2;1;0
2024-05-21 03:00:00+02:00;3386;21-5-2024;5;21;21;1;3;1;0
2024-05-21 04:00:00+02:00;3387;21-5-2024;5;21;21;1;4;1;0
2024-05-21 05:00:00+02:00;3388;21-5-2024;5;21;21;1;5;1;0
2024-05-21 06:00:00+02:00;3389;21-5-2024;5;21;21;1;6;1;0
2024-05-21 07:00:00+02:00;3390;21-5-2024;5;21;21;1;7;1;0
2024-05-21 08:00:00+02:00;3391;21-5-2024;5;21;21;1;8;1;60
2024-05-21 09:00:00+02:00;3392;21-5-2024;5;21;21;1;9;1;60
2024-05-21 10:00:00+02:00;3393;21-5-2024;5;21;21;1;10;1;90
2024-05-21 11:00:00+02:00;3394;21-5-2024;5;21;21;1;11;1;90
2024-05-21 12:00:00+02:00;3395;21-5-2024;5;21;21;1;12;1;50
2024-05-21 13:00:00+02:00;3396;21-5-2024;5;21;21;1;13;1;50
2024-05-21 14:00:00+02:00;3397;21-5-2024;5;21;21;1;14;1;80
2024-05-21 15:00:00+02:00;3398;21-5-2024;5;21;21;1;15;1;80
2024-05-21 16:00:00+02:00;3399;21-5-2024;5;21;21;1;16;1;80
2024-05-21 17:00:00+02:00;3400;21-5-2024;5;21;21;1;17;1;50
2024-05-21 18:00:00+02:00;3401;21-5-2024;5;21;21;1;18;1;42
2024-05-21 19:00:00+02:00;3402;21-5-2024;5;21;21;1;19;1;33
2024-05-21 20:00:00+02:00;3403;21-5-2024;5;21;21;1;20;1;25
2024-05-21 21:00:00+02:00;3404;21-5-2024;5;21;21;1;21;1;17
2024-05-21 22:00:00+02:00;3405;21-5-2024;5;21;21;1;22;1;8
2024-05-21 23:00:00+02:00;3406;21-5-2024;5;21;21;1;23;1;0
2024-05-22 00:00:00+02:00;3407;22-5-2024;5;22;21;2;0;1;0
2024-05-22 01:00:00+02:00;3408;22-5-2024;5;22;21;2;1;1;0
2024-05-22 02:00:00+02:00;3409;22-5-2024;5;22;21;2;2;1;0
2024-05-22 03:00:00+02:00;3410;22-5-2024;5;22;21;2;3;1;0
2024-05-22 04:00:00+02:00;3411;22-5-2024;5;22;21;2;4;1;0
2024-05-22 05:00:00+02:00;3412;22-5-2024;5;22;21;2;5;1;0
2024-05-22 06:00:00+02:00;3413;22-5-2024;5;22;21;2;6;1;0
2024-05-22 07:00:00+02:00;3414;22-5-2024;5;22;21;2;7;1;0
2024-05-22 08:00:00+02:00;3415;22-5-2024;5;22;21;2;8;1;60
2024-05-22 09:00:00+02:00;3416;22-5-2024;5;22;21;2;9;1;60
2024-05-22 10:00:00+02:00;3417;22-5-2024;5;22;21;2;10;1;90
2024-05-22 11:00:00+02:00;3418;22-5-2024;5;22;21;2;11;1;90
2024-05-22 12:00:00+02:00;3419;22-5-2024;5;22;21;2;12;1;50
2024-05-22 13:00:00+02:00;3420;22-5-2024;5;22;21;2;13;1;50
2024-05-22 14:00:00+02:00;3421;22-5-2024;5;22;21;2;14;1;80
2024-05-22 15:00:00+02:00;3422;22-5-2024;5;22;21;2;15;1;80
2024-05-22 16:00:00+02:00;3423;22-5-2024;5;22;21;2;16;1;80
2024-05-22 17:00:00+02:00;3424;22-5-2024;5;22;21;2;17;1;50
2024-05-22 18:00:00+02:00;3425;22-5-2024;5;22;21;2;18;1;42
2024-05-22 19:00:00+02:00;3426;22-5-2024;5;22;21;2;19;1;33
2024-05-22 20:00:00+02:00;3427;22-5-2024;5;22;21;2;20;1;25
2024-05-22 21:00:00+02:00;3428;22-5-2024;5;22;21;2;21;1;17
2024-05-22 22:00:00+02:00;3429;22-5-2024;5;22;21;2;22;1;8
2024-05-22 23:00:00+02:00;3430;22-5-2024;5;22;21;2;23;1;0
2024-05-23 00:00:00+02:00;3431;23-5-2024;5;23;21;3;0;1;0
2024-05-23 01:00:00+02:00;3432;23-5-2024;5;23;21;3;1;1;0
2024-05-23 02:00:00+02:00;3433;23-5-2024;5;23;21;3;2;1;0
2024-05-23 03:00:00+02:00;3434;23-5-2024;5;23;21;3;3;1;0
2024-05-23 04:00:00+02:00;3435;23-5-2024;5;23;21;3;4;1;0
2024-05-23 05:00:00+02:00;3436;23-5-2024;5;23;21;3;5;1;0
2024-05-23 06:00:00+02:00;3437;23-5-2024;5;23;21;3;6;1;0
2024-05-23 07:00:00+02:00;3438;23-5-2024;5;23;21;3;7;1;0
2024-05-23 08:00:00+02:00;3439;23-5-2024;5;23;21;3;8;1;60
2024-05-23 09:00:00+02:00;3440;23-5-2024;5;23;21;3;9;1;60
2024-05-23 10:00:00+02:00;3441;23-5-2024;5;23;21;3;10;1;90
2024-05-23 11:00:00+02:00;3442;23-5-2024;5;23;21;3;11;1;90
2024-05-23 12:00:00+02:00;3443;23-5-2024;5;23;21;3;12;1;50
2024-05-23 13:00:00+02:00;3444;23-5-2024;5;23;21;3;13;1;50
2024-05-23 14:00:00+02:00;3445;23-5-2024;5;23;21;3;14;1;80
2024-05-23 15:00:00+02:00;3446;23-5-2024;5;23;21;3;15;1;80
2024-05-23 16:00:00+02:00;3447;23-5-2024;5;23;21;3;16;1;80
2024-05-23 17:00:00+02:00;3448;23-5-2024;5;23;21;3;17;1;50
2024-05-23 18:00:00+02:00;3449;23-5-2024;5;23;21;3;18;1;42
2024-05-23 19:00:00+02:00;3450;23-5-2024;5;23;21;3;19;1;33
2024-05-23 20:00:00+02:00;3451;23-5-2024;5;23;21;3;20;1;25
2024-05-23 21:00:00+02:00;3452;23-5-2024;5;23;21;3;21;1;17
2024-05-23 22:00:00+02:00;3453;23-5-2024;5;23;21;3;22;1;8
2024-05-23 23:00:00+02:00;3454;23-5-2024;5;23;21;3;23;1;0
2024-05-24 00:00:00+02:00;3455;24-5-2024;5;24;21;4;0;1;0
2024-05-24 01:00:00+02:00;3456;24-5-2024;5;24;21;4;1;1;0
2024-05-24 02:00:00+02:00;3457;24-5-2024;5;24;21;4;2;1;0
2024-05-24 03:00:00+02:00;3458;24-5-2024;5;24;21;4;3;1;0
2024-05-24 04:00:00+02:00;3459;24-5-2024;5;24;21;4;4;1;0
2024-05-24 05:00:00+02:00;3460;24-5-2024;5;24;21;4;5;1;0
2024-05-24 06:00:00+02:00;3461;24-5-2024;5;24;21;4;6;1;0
2024-05-24 07:00:00+02:00;3462;24-5-2024;5;24;21;4;7;1;0
2024-05-24 08:00:00+02:00;3463;24-5-2024;5;24;21;4;8;1;60
2024-05-24 09:00:00+02:00;3464;24-5-2024;5;24;21;4;9;1;60
2024-05-24 10:00:00+02:00;3465;24-5-2024;5;24;21;4;10;1;90
2024-05-24 11:00:00+02:00;3466;24-5-2024;5;24;21;4;11;1;90
2024-05-24 12:00:00+02:00;3467;24-5-2024;5;24;21;4;12;1;50
2024-05-24 13:00:00+02:00;3468;24-5-2024;5;24;21;4;13;1;50
2024-05-24 14:00:00+02:00;3469;24-5-2024;5;24;21;4;14;1;80
2024-05-24 15:00:00+02:00;3470;24-5-2024;5;24;21;4;15;1;80
2024-05-24 16:00:00+02:00;3471;24-5-2024;5;24;21;4;16;1;80
2024-05-24 17:00:00+02:00;3472;24-5-2024;5;24;21;4;17;1;50
2024-05-24 18:00:00+02:00;3473;24-5-2024;5;24;21;4;18;1;42
2024-05-24 19:00:00+02:00;3474;24-5-2024;5;24;21;4;19;1;33
2024-05-24 20:00:00+02:00;3475;24-5-2024;5;24;21;4;20;1;25
2024-05-24 21:00:00+02:00;3476;24-5-2024;5;24;21;4;21;1;17
2024-05-24 22:00:00+02:00;3477;24-5-2024;5;24;21;4;22;1;8
2024-05-24 23:00:00+02:00;3478;24-5-2024;5;24;21;4;23;1;0
2024-05-25 00:00:00+02:00;3479;25-5-2024;5;25;21;5;0;2;0
2024-05-25 01:00:00+02:00;3480;25-5-2024;5;25;21;5;1;2;0
2024-05-25 02:00:00+02:00;3481;25-5-2024;5;25;21;5;2;2;0
2024-05-25 03:00:00+02:00;3482;25-5-2024;5;25;21;5;3;2;0
2024-05-25 04:00:00+02:00;3483;25-5-2024;5;25;21;5;4;2;0
2024-05-25 05:00:00+02:00;3484;25-5-2024;5;25;21;5;5;2;0
2024-05-25 06:00:00+02:00;3485;25-5-2024;5;25;21;5;6;2;0
2024-05-25 07:00:00+02:00;3486;25-5-2024;5;25;21;5;7;2;0
2024-05-25 08:00:00+02:00;3487;25-5-2024;5;25;21;5;8;2;0
2024-05-25 09:00:00+02:00;3488;25-5-2024;5;25;21;5;9;2;0
2024-05-25 10:00:00+02:00;3489;25-5-2024;5;25;21;5;10;2;50
2024-05-25 11:00:00+02:00;3490;25-5-2024;5;25;21;5;11;2;50
2024-05-25 12:00:00+02:00;3491;25-5-2024;5;25;21;5;12;2;30
2024-05-25 13:00:00+02:00;3492;25-5-2024;5;25;21;5;13;2;30
2024-05-25 14:00:00+02:00;3493;25-5-2024;5;25;21;5;14;2;50
2024-05-25 15:00:00+02:00;3494;25-5-2024;5;25;21;5;15;2;50
2024-05-25 16:00:00+02:00;3495;25-5-2024;5;25;21;5;16;2;50
2024-05-25 17:00:00+02:00;3496;25-5-2024;5;25;21;5;17;2;0
2024-05-25 18:00:00+02:00;3497;25-5-2024;5;25;21;5;18;2;0
2024-05-25 19:00:00+02:00;3498;25-5-2024;5;25;21;5;19;2;0
2024-05-25 20:00:00+02:00;3499;25-5-2024;5;25;21;5;20;2;0
2024-05-25 21:00:00+02:00;3500;25-5-2024;5;25;21;5;21;2;0
2024-05-25 22:00:00+02:00;3501;25-5-2024;5;25;21;5;22;2;0
2024-05-25 23:00:00+02:00;3502;25-5-2024;5;25;21;5;23;2;0
2024-05-26 00:00:00+02:00;3503;26-5-2024;5;26;21;6;0;3;0
2024-05-26 01:00:00+02:00;3504;26-5-2024;5;26;21;6;1;3;0
2024-05-26 02:00:00+02:00;3505;26-5-2024;5;26;21;6;2;3;0
2024-05-26 03:00:00+02:00;3506;26-5-2024;5;26;21;6;3;3;0
2024-05-26 04:00:00+02:00;3507;26-5-2024;5;26;21;6;4;3;0
2024-05-26 05:00:00+02:00;3508;26-5-2024;5;26;21;6;5;3;0
2024-05-26 06:00:00+02:00;3509;26-5-2024;5;26;21;6;6;3;0
2024-05-26 07:00:00+02:00;3510;26-5-2024;5;26;21;6;7;3;0
2024-05-26 08:00:00+02:00;3511;26-5-2024;5;26;21;6;8;3;0
2024-05-26 09:00:00+02:00;3512;26-5-2024;5;26;21;6;9;3;0
2024-05-26 10:00:00+02:00;3513;26-5-2024;5;26;21;6;10;3;0
2024-05-26 11:00:00+02:00;3514;26-5-2024;5;26;21;6;11;3;0
2024-05-26 12:00:00+02:00;3515;26-5-2024;5;26;21;6;12;3;0
2024-05-26 13:00:00+02:00;3516;26-5-2024;5;26;21;6;13;3;0
2024-05-26 14:00:00+02:00;3517;26-5-2024;5;26;21;6;14;3;0
2024-05-26 15:00:00+02:00;3518;26-5-2024;5;26;21;6;15;3;0
2024-05-26 16:00:00+02:00;3519;26-5-2024;5;26;21;6;16;3;0
2024-05-26 17:00:00+02:00;3520;26-5-2024;5;26;21;6;17;3;0
2024-05-26 18:00:00+02:00;3521;26-5-2024;5;26;21;6;18;3;0
2024-05-26 19:00:00+02:00;3522;26-5-2024;5;26;21;6;19;3;0
2024-05-26 20:00:00+02:00;3523;26-5-2024;5;26;21;6;20;3;0
2024-05-26 21:00:00+02:00;3524;26-5-2024;5;26;21;6;21;3;0
2024-05-26 22:00:00+02:00;3525;26-5-2024;5;26;21;6;22;3;0
2024-05-26 23:00:00+02:00;3526;26-5-2024;5;26;21;6;23;3;0
2024-05-27 00:00:00+02:00;3527;27-5-2024;5;27;22;0;0;1;0
2024-05-27 01:00:00+02:00;3528;27-5-2024;5;27;22;0;1;1;0
2024-05-27 02:00:00+02:00;3529;27-5-2024;5;27;22;0;2;1;0
2024-05-27 03:00:00+02:00;3530;27-5-2024;5;27;22;0;3;1;0
2024-05-27 04:00:00+02:00;3531;27-5-2024;5;27;22;0;4;1;0
2024-05-27 05:00:00+02:00;3532;27-5-2024;5;27;22;0;5;1;0
2024-05-27 06:00:00+02:00;3533;27-5-2024;5;27;22;0;6;1;0
2024-05-27 07:00:00+02:00;3534;27-5-2024;5;27;22;0;7;1;0
2024-05-27 08:00:00+02:00;3535;27-5-2024;5;27;22;0;8;1;60
2024-05-27 09:00:00+02:00;3536;27-5-2024;5;27;22;0;9;1;60
2024-05-27 10:00:00+02:00;3537;27-5-2024;5;27;22;0;10;1;90
2024-05-27 11:00:00+02:00;3538;27-5-2024;5;27;22;0;11;1;90
2024-05-27 12:00:00+02:00;3539;27-5-2024;5;27;22;0;12;1;50
2024-05-27 13:00:00+02:00;3540;27-5-2024;5;27;22;0;13;1;50
2024-05-27 14:00:00+02:00;3541;27-5-2024;5;27;22;0;14;1;80
2024-05-27 15:00:00+02:00;3542;27-5-2024;5;27;22;0;15;1;80
2024-05-27 16:00:00+02:00;3543;27-5-2024;5;27;22;0;16;1;80
2024-05-27 17:00:00+02:00;3544;27-5-2024;5;27;22;0;17;1;50
2024-05-27 18:00:00+02:00;3545;27-5-2024;5;27;22;0;18;1;42
2024-05-27 19:00:00+02:00;3546;27-5-2024;5;27;22;0;19;1;33
2024-05-27 20:00:00+02:00;3547;27-5-2024;5;27;22;0;20;1;25
2024-05-27 21:00:00+02:00;3548;27-5-2024;5;27;22;0;21;1;17
2024-05-27 22:00:00+02:00;3549;27-5-2024;5;27;22;0;22;1;8
2024-05-27 23:00:00+02:00;3550;27-5-2024;5;27;22;0;23;1;0
2024-05-28 00:00:00+02:00;3551;28-5-2024;5;28;22;1;0;1;0
2024-05-28 01:00:00+02:00;3552;28-5-2024;5;28;22;1;1;1;0
2024-05-28 02:00:00+02:00;3553;28-5-2024;5;28;22;1;2;1;0
2024-05-28 03:00:00+02:00;3554;28-5-2024;5;28;22;1;3;1;0
2024-05-28 04:00:00+02:00;3555;28-5-2024;5;28;22;1;4;1;0
2024-05-28 05:00:00+02:00;3556;28-5-2024;5;28;22;1;5;1;0
2024-05-28 06:00:00+02:00;3557;28-5-2024;5;28;22;1;6;1;0
2024-05-28 07:00:00+02:00;3558;28-5-2024;5;28;22;1;7;1;0
2024-05-28 08:00:00+02:00;3559;28-5-2024;5;28;22;1;8;1;60
2024-05-28 09:00:00+02:00;3560;28-5-2024;5;28;22;1;9;1;60
2024-05-28 10:00:00+02:00;3561;28-5-2024;5;28;22;1;10;1;90
2024-05-28 11:00:00+02:00;3562;28-5-2024;5;28;22;1;11;1;90
2024-05-28 12:00:00+02:00;3563;28-5-2024;5;28;22;1;12;1;50
2024-05-28 13:00:00+02:00;3564;28-5-2024;5;28;22;1;13;1;50
2024-05-28 14:00:00+02:00;3565;28-5-2024;5;28;22;1;14;1;80
2024-05-28 15:00:00+02:00;3566;28-5-2024;5;28;22;1;15;1;80
2024-05-28 16:00:00+02:00;3567;28-5-2024;5;28;22;1;16;1;80
2024-05-28 17:00:00+02:00;3568;28-5-2024;5;28;22;1;17;1;50
2024-05-28 18:00:00+02:00;3569;28-5-2024;5;28;22;1;18;1;42
2024-05-28 19:00:00+02:00;3570;28-5-2024;5;28;22;1;19;1;33
2024-05-28 20:00:00+02:00;3571;28-5-2024;5;28;22;1;20;1;25
2024-05-28 21:00:00+02:00;3572;28-5-2024;5;28;22;1;21;1;17
2024-05-28 22:00:00+02:00;3573;28-5-2024;5;28;22;1;22;1;8
2024-05-28 23:00:00+02:00;3574;28-5-2024;5;28;22;1;23;1;0
2024-05-29 00:00:00+02:00;3575;29-5-2024;5;29;22;2;0;1;0
2024-05-29 01:00:00+02:00;3576;29-5-2024;5;29;22;2;1;1;0
2024-05-29 02:00:00+02:00;3577;29-5-2024;5;29;22;2;2;1;0
2024-05-29 03:00:00+02:00;3578;29-5-2024;5;29;22;2;3;1;0
2024-05-29 04:00:00+02:00;3579;29-5-2024;5;29;22;2;4;1;0
2024-05-29 05:00:00+02:00;3580;29-5-2024;5;29;22;2;5;1;0
2024-05-29 06:00:00+02:00;3581;29-5-2024;5;29;22;2;6;1;0
2024-05-29 07:00:00+02:00;3582;29-5-2024;5;29;22;2;7;1;0
2024-05-29 08:00:00+02:00;3583;29-5-2024;5;29;22;2;8;1;60
2024-05-29 09:00:00+02:00;3584;29-5-2024;5;29;22;2;9;1;60
2024-05-29 10:00:00+02:00;3585;29-5-2024;5;29;22;2;10;1;90
2024-05-29 11:00:00+02:00;3586;29-5-2024;5;29;22;2;11;1;90
2024-05-29 12:00:00+02:00;3587;29-5-2024;5;29;22;2;12;1;50
2024-05-29 13:00:00+02:00;3588;29-5-2024;5;29;22;2;13;1;50
2024-05-29 14:00:00+02:00;3589;29-5-2024;5;29;22;2;14;1;80
2024-05-29 15:00:00+02:00;3590;29-5-2024;5;29;22;2;15;1;80
2024-05-29 16:00:00+02:00;3591;29-5-2024;5;29;22;2;16;1;80
2024-05-29 17:00:00+02:00;3592;29-5-2024;5;29;22;2;17;1;50
2024-05-29 18:00:00+02:00;3593;29-5-2024;5;29;22;2;18;1;42
2024-05-29 19:00:00+02:00;3594;29-5-2024;5;29;22;2;19;1;33
2024-05-29 20:00:00+02:00;3595;29-5-2024;5;29;22;2;20;1;25
2024-05-29 21:00:00+02:00;3596;29-5-2024;5;29;22;2;21;1;17
2024-05-29 22:00:00+02:00;3597;29-5-2024;5;29;22;2;22;1;8
2024-05-29 23:00:00+02:00;3598;29-5-2024;5;29;22;2;23;1;0
2024-05-30 00:00:00+02:00;3599;30-5-2024;5;30;22;3;0;1;0
2024-05-30 01:00:00+02:00;3600;30-5-2024;5;30;22;3;1;1;0
2024-05-30 02:00:00+02:00;3601;30-5-2024;5;30;22;3;2;1;0
2024-05-30 03:00:00+02:00;3602;30-5-2024;5;30;22;3;3;1;0
2024-05-30 04:00:00+02:00;3603;30-5-2024;5;30;22;3;4;1;0
2024-05-30 05:00:00+02:00;3604;30-5-2024;5;30;22;3;5;1;0
2024-05-30 06:00:00+02:00;3605;30-5-2024;5;30;22;3;6;1;0
2024-05-30 07:00:00+02:00;3606;30-5-2024;5;30;22;3;7;1;0
2024-05-30 08:00:00+02:00;3607;30-5-2024;5;30;22;3;8;1;60
2024-05-30 09:00:00+02:00;3608;30-5-2024;5;30;22;3;9;1;60
2024-05-30 10:00:00+02:00;3609;30-5-2024;5;30;22;3;10;1;90
2024-05-30 11:00:00+02:00;3610;30-5-2024;5;30;22;3;11;1;90
2024-05-30 12:00:00+02:00;3611;30-5-2024;5;30;22;3;12;1;50
2024-05-30 13:00:00+02:00;3612;30-5-2024;5;30;22;3;13;1;50
2024-05-30 14:00:00+02:00;3613;30-5-2024;5;30;22;3;14;1;80
2024-05-30 15:00:00+02:00;3614;30-5-2024;5;30;22;3;15;1;80
2024-05-30 16:00:00+02:00;3615;30-5-2024;5;30;22;3;16;1;80
2024-05-30 17:00:00+02:00;3616;30-5-2024;5;30;22;3;17;1;50
2024-05-30 18:00:00+02:00;3617;30-5-2024;5;30;22;3;18;1;42
2024-05-30 19:00:00+02:00;3618;30-5-2024;5;30;22;3;19;1;33
2024-05-30 20:00:00+02:00;3619;30-5-2024;5;30;22;3;20;1;25
2024-05-30 21:00:00+02:00;3620;30-5-2024;5;30;22;3;21;1;17
2024-05-30 22:00:00+02:00;3621;30-5-2024;5;30;22;3;22;1;8
2024-05-30 23:00:00+02:00;3622;30-5-2024;5;30;22;3;23;1;0
2024-05-31 00:00:00+02:00;3623;31-5-2024;5;31;22;4;0;1;0
2024-05-31 01:00:00+02:00;3624;31-5-2024;5;31;22;4;1;1;0
2024-05-31 02:00:00+02:00;3625;31-5-2024;5;31;22;4;2;1;0
2024-05-31 03:00:00+02:00;3626;31-5-2024;5;31;22;4;3;1;0
2024-05-31 04:00:00+02:00;3627;31-5-2024;5;31;22;4;4;1;0
2024-05-31 05:00:00+02:00;3628;31-5-2024;5;31;22;4;5;1;0
2024-05-31 06:00:00+02:00;3629;31-5-2024;5;31;22;4;6;1;0
2024-05-31 07:00:00+02:00;3630;31-5-2024;5;31;22;4;7;1;0
2024-05-31 08:00:00+02:00;3631;31-5-2024;5;31;22;4;8;1;60
2024-05-31 09:00:00+02:00;3632;31-5-2024;5;31;22;4;9;1;60
2024-05-31 10:00:00+02:00;3633;31-5-2024;5;31;22;4;10;1;90
2024-05-31 11:00:00+02:00;3634;31-5-2024;5;31;22;4;11;1;90
2024-05-31 12:00:00+02:00;3635;31-5-2024;5;31;22;4;12;1;50
2024-05-31 13:00:00+02:00;3636;31-5-2024;5;31;22;4;13;1;50
2024-05-31 14:00:00+02:00;3637;31-5-2024;5;31;22;4;14;1;80
2024-05-31 15:00:00+02:00;3638;31-5-2024;5;31;22;4;15;1;80
2024-05-31 16:00:00+02:00;3639;31-5-2024;5;31;22;4;16;1;80
2024-05-31 17:00:00+02:00;3640;31-5-2024;5;31;22;4;17;1;50
2024-05-31 18:00:00+02:00;3641;31-5-2024;5;31;22;4;18;1;42
2024-05-31 19:00:00+02:00;3642;31-5-2024;5;31;22;4;19;1;33
2024-05-31 20:00:00+02:00;3643;31-5-2024;5;31;22;4;20;1;25
2024-05-31 21:00:00+02:00;3644;31-5-2024;5;31;22;4;21;1;17
2024-05-31 22:00:00+02:00;3645;31-5-2024;5;31;22;4;22;1;8
2024-05-31 23:00:00+02:00;3646;31-5-2024;5;31;22;4;23;1;0
2024-06-01 00:00:00+02:00;3647;1-6-2024;6;1;22;5;0;2;0
2024-06-01 01:00:00+02:00;3648;1-6-2024;6;1;22;5;1;2;0
2024-06-01 02:00:00+02:00;3649;1-6-2024;6;1;22;5;2;2;0
2024-06-01 03:00:00+02:00;3650;1-6-2024;6;1;22;5;3;2;0
2024-06-01 04:00:00+02:00;3651;1-6-2024;6;1;22;5;4;2;0
2024-06-01 05:00:00+02:00;3652;1-6-2024;6;1;22;5;5;2;0
2024-06-01 06:00:00+02:00;3653;1-6-2024;6;1;22;5;6;2;0
2024-06-01 07:00:00+02:00;3654;1-6-2024;6;1;22;5;7;2;0
2024-06-01 08:00:00+02:00;3655;1-6-2024;6;1;22;5;8;2;0
2024-06-01 09:00:00+02:00;3656;1-6-2024;6;1;22;5;9;2;0
2024-06-01 10:00:00+02:00;3657;1-6-2024;6;1;22;5;10;2;50
2024-06-01 11:00:00+02:00;3658;1-6-2024;6;1;22;5;11;2;50
2024-06-01 12:00:00+02:00;3659;1-6-2024;6;1;22;5;12;2;30
2024-06-01 13:00:00+02:00;3660;1-6-2024;6;1;22;5;13;2;30
2024-06-01 14:00:00+02:00;3661;1-6-2024;6;1;22;5;14;2;50
2024-06-01 15:00:00+02:00;3662;1-6-2024;6;1;22;5;15;2;50
2024-06-01 16:00:00+02:00;3663;1-6-2024;6;1;22;5;16;2;50
2024-06-01 17:00:00+02:00;3664;1-6-2024;6;1;22;5;17;2;0
2024-06-01 18:00:00+02:00;3665;1-6-2024;6;1;22;5;18;2;0
2024-06-01 19:00:00+02:00;3666;1-6-2024;6;1;22;5;19;2;0
2024-06-01 20:00:00+02:00;3667;1-6-2024;6;1;22;5;20;2;0
2024-06-01 21:00:00+02:00;3668;1-6-2024;6;1;22;5;21;2;0
2024-06-01 22:00:00+02:00;3669;1-6-2024;6;1;22;5;22;2;0
2024-06-01 23:00:00+02:00;3670;1-6-2024;6;1;22;5;23;2;0
2024-06-02 00:00:00+02:00;3671;2-6-2024;6;2;22;6;0;3;0
2024-06-02 01:00:00+02:00;3672;2-6-2024;6;2;22;6;1;3;0
2024-06-02 02:00:00+02:00;3673;2-6-2024;6;2;22;6;2;3;0
2024-06-02 03:00:00+02:00;3674;2-6-2024;6;2;22;6;3;3;0
2024-06-02 04:00:00+02:00;3675;2-6-2024;6;2;22;6;4;3;0
2024-06-02 05:00:00+02:00;3676;2-6-2024;6;2;22;6;5;3;0
2024-06-02 06:00:00+02:00;3677;2-6-2024;6;2;22;6;6;3;0
2024-06-02 07:00:00+02:00;3678;2-6-2024;6;2;22;6;7;3;0
2024-06-02 08:00:00+02:00;3679;2-6-2024;6;2;22;6;8;3;0
2024-06-02 09:00:00+02:00;3680;2-6-2024;6;2;22;6;9;3;0
2024-06-02 10:00:00+02:00;3681;2-6-2024;6;2;22;6;10;3;0
2024-06-02 11:00:00+02:00;3682;2-6-2024;6;2;22;6;11;3;0
2024-06-02 12:00:00+02:00;3683;2-6-2024;6;2;22;6;12;3;0
2024-06-02 13:00:00+02:00;3684;2-6-2024;6;2;22;6;13;3;0
2024-06-02 14:00:00+02:00;3685;2-6-2024;6;2;22;6;14;3;0
2024-06-02 15:00:00+02:00;3686;2-6-2024;6;2;22;6;15;3;0
2024-06-02 16:00:00+02:00;3687;2-6-2024;6;2;22;6;16;3;0
2024-06-02 17:00:00+02:00;3688;2-6-2024;6;2;22;6;17;3;0
2024-06-02 18:00:00+02:00;3689;2-6-2024;6;2;22;6;18;3;0
2024-06-02 19:00:00+02:00;3690;2-6-2024;6;2;22;6;19;3;0
2024-06-02 20:00:00+02:00;3691;2-6-2024;6;2;22;6;20;3;0
2024-06-02 21:00:00+02:00;3692;2-6-2024;6;2;22;6;21;3;0
2024-06-02 22:00:00+02:00;3693;2-6-2024;6;2;22;6;22;3;0
2024-06-02 23:00:00+02:00;3694;2-6-2024;6;2;22;6;23;3;0
2024-06-03 00:00:00+02:00;3695;3-6-2024;6;3;23;0;0;1;0
2024-06-03 01:00:00+02:00;3696;3-6-2024;6;3;23;0;1;1;0
2024-06-03 02:00:00+02:00;3697;3-6-2024;6;3;23;0;2;1;0
2024-06-03 03:00:00+02:00;3698;3-6-2024;6;3;23;0;3;1;0
2024-06-03 04:00:00+02:00;3699;3-6-2024;6;3;23;0;4;1;0
2024-06-03 05:00:00+02:00;3700;3-6-2024;6;3;23;0;5;1;0
2024-06-03 06:00:00+02:00;3701;3-6-2024;6;3;23;0;6;1;0
2024-06-03 07:00:00+02:00;3702;3-6-2024;6;3;23;0;7;1;0
2024-06-03 08:00:00+02:00;3703;3-6-2024;6;3;23;0;8;1;60
2024-06-03 09:00:00+02:00;3704;3-6-2024;6;3;23;0;9;1;60
2024-06-03 10:00:00+02:00;3705;3-6-2024;6;3;23;0;10;1;90
2024-06-03 11:00:00+02:00;3706;3-6-2024;6;3;23;0;11;1;90
2024-06-03 12:00:00+02:00;3707;3-6-2024;6;3;23;0;12;1;50
2024-06-03 13:00:00+02:00;3708;3-6-2024;6;3;23;0;13;1;50
2024-06-03 14:00:00+02:00;3709;3-6-2024;6;3;23;0;14;1;80
2024-06-03 15:00:00+02:00;3710;3-6-2024;6;3;23;0;15;1;80
2024-06-03 16:00:00+02:00;3711;3-6-2024;6;3;23;0;16;1;80
2024-06-03 17:00:00+02:00;3712;3-6-2024;6;3;23;0;17;1;50
2024-06-03 18:00:00+02:00;3713;3-6-2024;6;3;23;0;18;1;42
2024-06-03 19:00:00+02:00;3714;3-6-2024;6;3;23;0;19;1;33
2024-06-03 20:00:00+02:00;3715;3-6-2024;6;3;23;0;20;1;25
2024-06-03 21:00:00+02:00;3716;3-6-2024;6;3;23;0;21;1;17
2024-06-03 22:00:00+02:00;3717;3-6-2024;6;3;23;0;22;1;8
2024-06-03 23:00:00+02:00;3718;3-6-2024;6;3;23;0;23;1;0
2024-06-04 00:00:00+02:00;3719;4-6-2024;6;4;23;1;0;1;0
2024-06-04 01:00:00+02:00;3720;4-6-2024;6;4;23;1;1;1;0
2024-06-04 02:00:00+02:00;3721;4-6-2024;6;4;23;1;2;1;0
2024-06-04 03:00:00+02:00;3722;4-6-2024;6;4;23;1;3;1;0
2024-06-04 04:00:00+02:00;3723;4-6-2024;6;4;23;1;4;1;0
2024-06-04 05:00:00+02:00;3724;4-6-2024;6;4;23;1;5;1;0
2024-06-04 06:00:00+02:00;3725;4-6-2024;6;4;23;1;6;1;0
2024-06-04 07:00:00+02:00;3726;4-6-2024;6;4;23;1;7;1;0
2024-06-04 08:00:00+02:00;3727;4-6-2024;6;4;23;1;8;1;60
2024-06-04 09:00:00+02:00;3728;4-6-2024;6;4;23;1;9;1;60
2024-06-04 10:00:00+02:00;3729;4-6-2024;6;4;23;1;10;1;90
2024-06-04 11:00:00+02:00;3730;4-6-2024;6;4;23;1;11;1;90
2024-06-04 12:00:00+02:00;3731;4-6-2024;6;4;23;1;12;1;50
2024-06-04 13:00:00+02:00;3732;4-6-2024;6;4;23;1;13;1;50
2024-06-04 14:00:00+02:00;3733;4-6-2024;6;4;23;1;14;1;80
2024-06-04 15:00:00+02:00;3734;4-6-2024;6;4;23;1;15;1;80
2024-06-04 16:00:00+02:00;3735;4-6-2024;6;4;23;1;16;1;80
2024-06-04 17:00:00+02:00;3736;4-6-2024;6;4;23;1;17;1;50
2024-06-04 18:00:00+02:00;3737;4-6-2024;6;4;23;1;18;1;42
2024-06-04 19:00:00+02:00;3738;4-6-2024;6;4;23;1;19;1;33
2024-06-04 20:00:00+02:00;3739;4-6-2024;6;4;23;1;20;1;25
2024-06-04 21:00:00+02:00;3740;4-6-2024;6;4;23;1;21;1;17
2024-06-04 22:00:00+02:00;3741;4-6-2024;6;4;23;1;22;1;8
2024-06-04 23:00:00+02:00;3742;4-6-2024;6;4;23;1;23;1;0
2024-06-05 00:00:00+02:00;3743;5-6-2024;6;5;23;2;0;1;0
2024-06-05 01:00:00+02:00;3744;5-6-2024;6;5;23;2;1;1;0
2024-06-05 02:00:00+02:00;3745;5-6-2024;6;5;23;2;2;1;0
2024-06-05 03:00:00+02:00;3746;5-6-2024;6;5;23;2;3;1;0
2024-06-05 04:00:00+02:00;3747;5-6-2024;6;5;23;2;4;1;0
2024-06-05 05:00:00+02:00;3748;5-6-2024;6;5;23;2;5;1;0
2024-06-05 06:00:00+02:00;3749;5-6-2024;6;5;23;2;6;1;0
2024-06-05 07:00:00+02:00;3750;5-6-2024;6;5;23;2;7;1;0
2024-06-05 08:00:00+02:00;3751;5-6-2024;6;5;23;2;8;1;60
2024-06-05 09:00:00+02:00;3752;5-6-2024;6;5;23;2;9;1;60
2024-06-05 10:00:00+02:00;3753;5-6-2024;6;5;23;2;10;1;90
2024-06-05 11:00:00+02:00;3754;5-6-2024;6;5;23;2;11;1;90
2024-06-05 12:00:00+02:00;3755;5-6-2024;6;5;23;2;12;1;50
2024-06-05 13:00:00+02:00;3756;5-6-2024;6;5;23;2;13;1;50
2024-06-05 14:00:00+02:00;3757;5-6-2024;6;5;23;2;14;1;80
2024-06-05 15:00:00+02:00;3758;5-6-2024;6;5;23;2;15;1;80
2024-06-05 16:00:00+02:00;3759;5-6-2024;6;5;23;2;16;1;80
2024-06-05 17:00:00+02:00;3760;5-6-2024;6;5;23;2;17;1;50
2024-06-05 18:00:00+02:00;3761;5-6-2024;6;5;23;2;18;1;42
2024-06-05 19:00:00+02:00;3762;5-6-2024;6;5;23;2;19;1;33
2024-06-05 20:00:00+02:00;3763;5-6-2024;6;5;23;2;20;1;25
2024-06-05 21:00:00+02:00;3764;5-6-2024;6;5;23;2;21;1;17
2024-06-05 22:00:00+02:00;3765;5-6-2024;6;5;23;2;22;1;8
2024-06-05 23:00:00+02:00;3766;5-6-2024;6;5;23;2;23;1;0
2024-06-06 00:00:00+02:00;3767;6-6-2024;6;6;23;3;0;1;0
2024-06-06 01:00:00+02:00;3768;6-6-2024;6;6;23;3;1;1;0
2024-06-06 02:00:00+02:00;3769;6-6-2024;6;6;23;3;2;1;0
2024-06-06 03:00:00+02:00;3770;6-6-2024;6;6;23;3;3;1;0
2024-06-06 04:00:00+02:00;3771;6-6-2024;6;6;23;3;4;1;0
2024-06-06 05:00:00+02:00;3772;6-6-2024;6;6;23;3;5;1;0
2024-06-06 06:00:00+02:00;3773;6-6-2024;6;6;23;3;6;1;0
2024-06-06 07:00:00+02:00;3774;6-6-2024;6;6;23;3;7;1;0
2024-06-06 08:00:00+02:00;3775;6-6-2024;6;6;23;3;8;1;60
2024-06-06 09:00:00+02:00;3776;6-6-2024;6;6;23;3;9;1;60
2024-06-06 10:00:00+02:00;3777;6-6-2024;6;6;23;3;10;1;90
2024-06-06 11:00:00+02:00;3778;6-6-2024;6;6;23;3;11;1;90
2024-06-06 12:00:00+02:00;3779;6-6-2024;6;6;23;3;12;1;50
2024-06-06 13:00:00+02:00;3780;6-6-2024;6;6;23;3;13;1;50
2024-06-06 14:00:00+02:00;3781;6-6-2024;6;6;23;3;14;1;80
2024-06-06 15:00:00+02:00;3782;6-6-2024;6;6;23;3;15;1;80
2024-06-06 16:00:00+02:00;3783;6-6-2024;6;6;23;3;16;1;80
2024-06-06 17:00:00+02:00;3784;6-6-2024;6;6;23;3;17;1;50
2024-06-06 18:00:00+02:00;3785;6-6-2024;6;6;23;3;18;1;42
2024-06-06 19:00:00+02:00;3786;6-6-2024;6;6;23;3;19;1;33
2024-06-06 20:00:00+02:00;3787;6-6-2024;6;6;23;3;20;1;25
2024-06-06 21:00:00+02:00;3788;6-6-2024;6;6;23;3;21;1;17
2024-06-06 22:00:00+02:00;3789;6-6-2024;6;6;23;3;22;1;8
2024-06-06 23:00:00+02:00;3790;6-6-2024;6;6;23;3;23;1;0
2024-06-07 00:00:00+02:00;3791;7-6-2024;6;7;23;4;0;1;0
2024-06-07 01:00:00+02:00;3792;7-6-2024;6;7;23;4;1;1;0
2024-06-07 02:00:00+02:00;3793;7-6-2024;6;7;23;4;2;1;0
2024-06-07 03:00:00+02:00;3794;7-6-2024;6;7;23;4;3;1;0
2024-06-07 04:00:00+02:00;3795;7-6-2024;6;7;23;4;4;1;0
2024-06-07 05:00:00+02:00;3796;7-6-2024;6;7;23;4;5;1;0
2024-06-07 06:00:00+02:00;3797;7-6-2024;6;7;23;4;6;1;0
2024-06-07 07:00:00+02:00;3798;7-6-2024;6;7;23;4;7;1;0
2024-06-07 08:00:00+02:00;3799;7-6-2024;6;7;23;4;8;1;60
2024-06-07 09:00:00+02:00;3800;7-6-2024;6;7;23;4;9;1;60
2024-06-07 10:00:00+02:00;3801;7-6-2024;6;7;23;4;10;1;90
2024-06-07 11:00:00+02:00;3802;7-6-2024;6;7;23;4;11;1;90
2024-06-07 12:00:00+02:00;3803;7-6-2024;6;7;23;4;12;1;50
2024-06-07 13:00:00+02:00;3804;7-6-2024;6;7;23;4;13;1;50
2024-06-07 14:00:00+02:00;3805;7-6-2024;6;7;23;4;14;1;80
2024-06-07 15:00:00+02:00;3806;7-6-2024;6;7;23;4;15;1;80
2024-06-07 16:00:00+02:00;3807;7-6-2024;6;7;23;4;16;1;80
2024-06-07 17:00:00+02:00;3808;7-6-2024;6;7;23;4;17;1;50
2024-06-07 18:00:00+02:00;3809;7-6-2024;6;7;23;4;18;1;42
2024-06-07 19:00:00+02:00;3810;7-6-2024;6;7;23;4;19;1;33
2024-06-07 20:00:00+02:00;3811;7-6-2024;6;7;23;4;20;1;25
2024-06-07 21:00:00+02:00;3812;7-6-2024;6;7;23;4;21;1;17
2024-06-07 22:00:00+02:00;3813;7-6-2024;6;7;23;4;22;1;8
2024-06-07 23:00:00+02:00;3814;7-6-2024;6;7;23;4;23;1;0
2024-06-08 00:00:00+02:00;3815;8-6-2024;6;8;23;5;0;2;0
2024-06-08 01:00:00+02:00;3816;8-6-2024;6;8;23;5;1;2;0
2024-06-08 02:00:00+02:00;3817;8-6-2024;6;8;23;5;2;2;0
2024-06-08 03:00:00+02:00;3818;8-6-2024;6;8;23;5;3;2;0
2024-06-08 04:00:00+02:00;3819;8-6-2024;6;8;23;5;4;2;0
2024-06-08 05:00:00+02:00;3820;8-6-2024;6;8;23;5;5;2;0
2024-06-08 06:00:00+02:00;3821;8-6-2024;6;8;23;5;6;2;0
2024-06-08 07:00:00+02:00;3822;8-6-2024;6;8;23;5;7;2;0
2024-06-08 08:00:00+02:00;3823;8-6-2024;6;8;23;5;8;2;0
2024-06-08 09:00:00+02:00;3824;8-6-2024;6;8;23;5;9;2;0
2024-06-08 10:00:00+02:00;3825;8-6-2024;6;8;23;5;10;2;50
2024-06-08 11:00:00+02:00;3826;8-6-2024;6;8;23;5;11;2;50
2024-06-08 12:00:00+02:00;3827;8-6-2024;6;8;23;5;12;2;30
2024-06-08 13:00:00+02:00;3828;8-6-2024;6;8;23;5;13;2;30
2024-06-08 14:00:00+02:00;3829;8-6-2024;6;8;23;5;14;2;50
2024-06-08 15:00:00+02:00;3830;8-6-2024;6;8;23;5;15;2;50
2024-06-08 16:00:00+02:00;3831;8-6-2024;6;8;23;5;16;2;50
2024-06-08 17:00:00+02:00;3832;8-6-2024;6;8;23;5;17;2;0
2024-06-08 18:00:00+02:00;3833;8-6-2024;6;8;23;5;18;2;0
2024-06-08 19:00:00+02:00;3834;8-6-2024;6;8;23;5;19;2;0
2024-06-08 20:00:00+02:00;3835;8-6-2024;6;8;23;5;20;2;0
2024-06-08 21:00:00+02:00;3836;8-6-2024;6;8;23;5;21;2;0
2024-06-08 22:00:00+02:00;3837;8-6-2024;6;8;23;5;22;2;0
2024-06-08 23:00:00+02:00;3838;8-6-2024;6;8;23;5;23;2;0
2024-06-09 00:00:00+02:00;3839;9-6-2024;6;9;23;6;0;3;0
2024-06-09 01:00:00+02:00;3840;9-6-2024;6;9;23;6;1;3;0
2024-06-09 02:00:00+02:00;3841;9-6-2024;6;9;23;6;2;3;0
2024-06-09 03:00:00+02:00;3842;9-6-2024;6;9;23;6;3;3;0
2024-06-09 04:00:00+02:00;3843;9-6-2024;6;9;23;6;4;3;0
2024-06-09 05:00:00+02:00;3844;9-6-2024;6;9;23;6;5;3;0
2024-06-09 06:00:00+02:00;3845;9-6-2024;6;9;23;6;6;3;0
2024-06-09 07:00:00+02:00;3846;9-6-2024;6;9;23;6;7;3;0
2024-06-09 08:00:00+02:00;3847;9-6-2024;6;9;23;6;8;3;0
2024-06-09 09:00:00+02:00;3848;9-6-2024;6;9;23;6;9;3;0
2024-06-09 10:00:00+02:00;3849;9-6-2024;6;9;23;6;10;3;0
2024-06-09 11:00:00+02:00;3850;9-6-2024;6;9;23;6;11;3;0
2024-06-09 12:00:00+02:00;3851;9-6-2024;6;9;23;6;12;3;0
2024-06-09 13:00:00+02:00;3852;9-6-2024;6;9;23;6;13;3;0
2024-06-09 14:00:00+02:00;3853;9-6-2024;6;9;23;6;14;3;0
2024-06-09 15:00:00+02:00;3854;9-6-2024;6;9;23;6;15;3;0
2024-06-09 16:00:00+02:00;3855;9-6-2024;6;9;23;6;16;3;0
2024-06-09 17:00:00+02:00;3856;9-6-2024;6;9;23;6;17;3;0
2024-06-09 18:00:00+02:00;3857;9-6-2024;6;9;23;6;18;3;0
2024-06-09 19:00:00+02:00;3858;9-6-2024;6;9;23;6;19;3;0
2024-06-09 20:00:00+02:00;3859;9-6-2024;6;9;23;6;20;3;0
2024-06-09 21:00:00+02:00;3860;9-6-2024;6;9;23;6;21;3;0
2024-06-09 22:00:00+02:00;3861;9-6-2024;6;9;23;6;22;3;0
2024-06-09 23:00:00+02:00;3862;9-6-2024;6;9;23;6;23;3;0
2024-06-10 00:00:00+02:00;3863;10-6-2024;6;10;24;0;0;1;0
2024-06-10 01:00:00+02:00;3864;10-6-2024;6;10;24;0;1;1;0
2024-06-10 02:00:00+02:00;3865;10-6-2024;6;10;24;0;2;1;0
2024-06-10 03:00:00+02:00;3866;10-6-2024;6;10;24;0;3;1;0
2024-06-10 04:00:00+02:00;3867;10-6-2024;6;10;24;0;4;1;0
2024-06-10 05:00:00+02:00;3868;10-6-2024;6;10;24;0;5;1;0
2024-06-10 06:00:00+02:00;3869;10-6-2024;6;10;24;0;6;1;0
2024-06-10 07:00:00+02:00;3870;10-6-2024;6;10;24;0;7;1;0
2024-06-10 08:00:00+02:00;3871;10-6-2024;6;10;24;0;8;1;60
2024-06-10 09:00:00+02:00;3872;10-6-2024;6;10;24;0;9;1;60
2024-06-10 10:00:00+02:00;3873;10-6-2024;6;10;24;0;10;1;90
2024-06-10 11:00:00+02:00;3874;10-6-2024;6;10;24;0;11;1;90
2024-06-10 12:00:00+02:00;3875;10-6-2024;6;10;24;0;12;1;50
2024-06-10 13:00:00+02:00;3876;10-6-2024;6;10;24;0;13;1;50
2024-06-10 14:00:00+02:00;3877;10-6-2024;6;10;24;0;14;1;80
2024-06-10 15:00:00+02:00;3878;10-6-2024;6;10;24;0;15;1;80
2024-06-10 16:00:00+02:00;3879;10-6-2024;6;10;24;0;16;1;80
2024-06-10 17:00:00+02:00;3880;10-6-2024;6;10;24;0;17;1;50
2024-06-10 18:00:00+02:00;3881;10-6-2024;6;10;24;0;18;1;42
2024-06-10 19:00:00+02:00;3882;10-6-2024;6;10;24;0;19;1;33
2024-06-10 20:00:00+02:00;3883;10-6-2024;6;10;24;0;20;1;25
2024-06-10 21:00:00+02:00;3884;10-6-2024;6;10;24;0;21;1;17
2024-06-10 22:00:00+02:00;3885;10-6-2024;6;10;24;0;22;1;8
2024-06-10 23:00:00+02:00;3886;10-6-2024;6;10;24;0;23;1;0
2024-06-11 00:00:00+02:00;3887;11-6-2024;6;11;24;1;0;1;0
2024-06-11 01:00:00+02:00;3888;11-6-2024;6;11;24;1;1;1;0
2024-06-11 02:00:00+02:00;3889;11-6-2024;6;11;24;1;2;1;0
2024-06-11 03:00:00+02:00;3890;11-6-2024;6;11;24;1;3;1;0
2024-06-11 04:00:00+02:00;3891;11-6-2024;6;11;24;1;4;1;0
2024-06-11 05:00:00+02:00;3892;11-6-2024;6;11;24;1;5;1;0
2024-06-11 06:00:00+02:00;3893;11-6-2024;6;11;24;1;6;1;0
2024-06-11 07:00:00+02:00;3894;11-6-2024;6;11;24;1;7;1;0
2024-06-11 08:00:00+02:00;3895;11-6-2024;6;11;24;1;8;1;60
2024-06-11 09:00:00+02:00;3896;11-6-2024;6;11;24;1;9;1;60
2024-06-11 10:00:00+02:00;3897;11-6-2024;6;11;24;1;10;1;90
2024-06-11 11:00:00+02:00;3898;11-6-2024;6;11;24;1;11;1;90
2024-06-11 12:00:00+02:00;3899;11-6-2024;6;11;24;1;12;1;50
2024-06-11 13:00:00+02:00;3900;11-6-2024;6;11;24;1;13;1;50
2024-06-11 14:00:00+02:00;3901;11-6-2024;6;11;24;1;14;1;80
2024-06-11 15:00:00+02:00;3902;11-6-2024;6;11;24;1;15;1;80
2024-06-11 16:00:00+02:00;3903;11-6-2024;6;11;24;1;16;1;80
2024-06-11 17:00:00+02:00;3904;11-6-2024;6;11;24;1;17;1;50
2024-06-11 18:00:00+02:00;3905;11-6-2024;6;11;24;1;18;1;42
2024-06-11 19:00:00+02:00;3906;11-6-2024;6;11;24;1;19;1;33
2024-06-11 20:00:00+02:00;3907;11-6-2024;6;11;24;1;20;1;25
2024-06-11 21:00:00+02:00;3908;11-6-2024;6;11;24;1;21;1;17
2024-06-11 22:00:00+02:00;3909;11-6-2024;6;11;24;1;22;1;8
2024-06-11 23:00:00+02:00;3910;11-6-2024;6;11;24;1;23;1;0
2024-06-12 00:00:00+02:00;3911;12-6-2024;6;12;24;2;0;1;0
2024-06-12 01:00:00+02:00;3912;12-6-2024;6;12;24;2;1;1;0
2024-06-12 02:00:00+02:00;3913;12-6-2024;6;12;24;2;2;1;0
2024-06-12 03:00:00+02:00;3914;12-6-2024;6;12;24;2;3;1;0
2024-06-12 04:00:00+02:00;3915;12-6-2024;6;12;24;2;4;1;0
2024-06-12 05:00:00+02:00;3916;12-6-2024;6;12;24;2;5;1;0
2024-06-12 06:00:00+02:00;3917;12-6-2024;6;12;24;2;6;1;0
2024-06-12 07:00:00+02:00;3918;12-6-2024;6;12;24;2;7;1;0
2024-06-12 08:00:00+02:00;3919;12-6-2024;6;12;24;2;8;1;60
2024-06-12 09:00:00+02:00;3920;12-6-2024;6;12;24;2;9;1;60
2024-06-12 10:00:00+02:00;3921;12-6-2024;6;12;24;2;10;1;90
2024-06-12 11:00:00+02:00;3922;12-6-2024;6;12;24;2;11;1;90
2024-06-12 12:00:00+02:00;3923;12-6-2024;6;12;24;2;12;1;50
2024-06-12 13:00:00+02:00;3924;12-6-2024;6;12;24;2;13;1;50
2024-06-12 14:00:00+02:00;3925;12-6-2024;6;12;24;2;14;1;80
2024-06-12 15:00:00+02:00;3926;12-6-2024;6;12;24;2;15;1;80
2024-06-12 16:00:00+02:00;3927;12-6-2024;6;12;24;2;16;1;80
2024-06-12 17:00:00+02:00;3928;12-6-2024;6;12;24;2;17;1;50
2024-06-12 18:00:00+02:00;3929;12-6-2024;6;12;24;2;18;1;42
2024-06-12 19:00:00+02:00;3930;12-6-2024;6;12;24;2;19;1;33
2024-06-12 20:00:00+02:00;3931;12-6-2024;6;12;24;2;20;1;25
2024-06-12 21:00:00+02:00;3932;12-6-2024;6;12;24;2;21;1;17
2024-06-12 22:00:00+02:00;3933;12-6-2024;6;12;24;2;22;1;8
2024-06-12 23:00:00+02:00;3934;12-6-2024;6;12;24;2;23;1;0
2024-06-13 00:00:00+02:00;3935;13-6-2024;6;13;24;3;0;1;0
2024-06-13 01:00:00+02:00;3936;13-6-2024;6;13;24;3;1;1;0
2024-06-13 02:00:00+02:00;3937;13-6-2024;6;13;24;3;2;1;0
2024-06-13 03:00:00+02:00;3938;13-6-2024;6;13;24;3;3;1;0
2024-06-13 04:00:00+02:00;3939;13-6-2024;6;13;24;3;4;1;0
2024-06-13 05:00:00+02:00;3940;13-6-2024;6;13;24;3;5;1;0
2024-06-13 06:00:00+02:00;3941;13-6-2024;6;13;24;3;6;1;0
2024-06-13 07:00:00+02:00;3942;13-6-2024;6;13;24;3;7;1;0
2024-06-13 08:00:00+02:00;3943;13-6-2024;6;13;24;3;8;1;60
2024-06-13 09:00:00+02:00;3944;13-6-2024;6;13;24;3;9;1;60
2024-06-13 10:00:00+02:00;3945;13-6-2024;6;13;24;3;10;1;90
2024-06-13 11:00:00+02:00;3946;13-6-2024;6;13;24;3;11;1;90
2024-06-13 12:00:00+02:00;3947;13-6-2024;6;13;24;3;12;1;50
2024-06-13 13:00:00+02:00;3948;13-6-2024;6;13;24;3;13;1;50
2024-06-13 14:00:00+02:00;3949;13-6-2024;6;13;24;3;14;1;80
2024-06-13 15:00:00+02:00;3950;13-6-2024;6;13;24;3;15;1;80
2024-06-13 16:00:00+02:00;3951;13-6-2024;6;13;24;3;16;1;80
2024-06-13 17:00:00+02:00;3952;13-6-2024;6;13;24;3;17;1;50
2024-06-13 18:00:00+02:00;3953;13-6-2024;6;13;24;3;18;1;42
2024-06-13 19:00:00+02:00;3954;13-6-2024;6;13;24;3;19;1;33
2024-06-13 20:00:00+02:00;3955;13-6-2024;6;13;24;3;20;1;25
2024-06-13 21:00:00+02:00;3956;13-6-2024;6;13;24;3;21;1;17
2024-06-13 22:00:00+02:00;3957;13-6-2024;6;13;24;3;22;1;8
2024-06-13 23:00:00+02:00;3958;13-6-2024;6;13;24;3;23;1;0
2024-06-14 00:00:00+02:00;3959;14-6-2024;6;14;24;4;0;1;0
2024-06-14 01:00:00+02:00;3960;14-6-2024;6;14;24;4;1;1;0
2024-06-14 02:00:00+02:00;3961;14-6-2024;6;14;24;4;2;1;0
2024-06-14 03:00:00+02:00;3962;14-6-2024;6;14;24;4;3;1;0
2024-06-14 04:00:00+02:00;3963;14-6-2024;6;14;24;4;4;1;0
2024-06-14 05:00:00+02:00;3964;14-6-2024;6;14;24;4;5;1;0
2024-06-14 06:00:00+02:00;3965;14-6-2024;6;14;24;4;6;1;0
2024-06-14 07:00:00+02:00;3966;14-6-2024;6;14;24;4;7;1;0
2024-06-14 08:00:00+02:00;3967;14-6-2024;6;14;24;4;8;1;60
2024-06-14 09:00:00+02:00;3968;14-6-2024;6;14;24;4;9;1;60
2024-06-14 10:00:00+02:00;3969;14-6-2024;6;14;24;4;10;1;90
2024-06-14 11:00:00+02:00;3970;14-6-2024;6;14;24;4;11;1;90
2024-06-14 12:00:00+02:00;3971;14-6-2024;6;14;24;4;12;1;50
2024-06-14 13:00:00+02:00;3972;14-6-2024;6;14;24;4;13;1;50
2024-06-14 14:00:00+02:00;3973;14-6-2024;6;14;24;4;14;1;80
2024-06-14 15:00:00+02:00;3974;14-6-2024;6;14;24;4;15;1;80
2024-06-14 16:00:00+02:00;3975;14-6-2024;6;14;24;4;16;1;80
2024-06-14 17:00:00+02:00;3976;14-6-2024;6;14;24;4;17;1;50
2024-06-14 18:00:00+02:00;3977;14-6-2024;6;14;24;4;18;1;42
2024-06-14 19:00:00+02:00;3978;14-6-2024;6;14;24;4;19;1;33
2024-06-14 20:00:00+02:00;3979;14-6-2024;6;14;24;4;20;1;25
2024-06-14 21:00:00+02:00;3980;14-6-2024;6;14;24;4;21;1;17
2024-06-14 22:00:00+02:00;3981;14-6-2024;6;14;24;4;22;1;8
2024-06-14 23:00:00+02:00;3982;14-6-2024;6;14;24;4;23;1;0
2024-06-15 00:00:00+02:00;3983;15-6-2024;6;15;24;5;0;2;0
2024-06-15 01:00:00+02:00;3984;15-6-2024;6;15;24;5;1;2;0
2024-06-15 02:00:00+02:00;3985;15-6-2024;6;15;24;5;2;2;0
2024-06-15 03:00:00+02:00;3986;15-6-2024;6;15;24;5;3;2;0
2024-06-15 04:00:00+02:00;3987;15-6-2024;6;15;24;5;4;2;0
2024-06-15 05:00:00+02:00;3988;15-6-2024;6;15;24;5;5;2;0
2024-06-15 06:00:00+02:00;3989;15-6-2024;6;15;24;5;6;2;0
2024-06-15 07:00:00+02:00;3990;15-6-2024;6;15;24;5;7;2;0
2024-06-15 08:00:00+02:00;3991;15-6-2024;6;15;24;5;8;2;0
2024-06-15 09:00:00+02:00;3992;15-6-2024;6;15;24;5;9;2;0
2024-06-15 10:00:00+02:00;3993;15-6-2024;6;15;24;5;10;2;50
2024-06-15 11:00:00+02:00;3994;15-6-2024;6;15;24;5;11;2;50
2024-06-15 12:00:00+02:00;3995;15-6-2024;6;15;24;5;12;2;30
2024-06-15 13:00:00+02:00;3996;15-6-2024;6;15;24;5;13;2;30
2024-06-15 14:00:00+02:00;3997;15-6-2024;6;15;24;5;14;2;50
2024-06-15 15:00:00+02:00;3998;15-6-2024;6;15;24;5;15;2;50
2024-06-15 16:00:00+02:00;3999;15-6-2024;6;15;24;5;16;2;50
2024-06-15 17:00:00+02:00;4000;15-6-2024;6;15;24;5;17;2;0
2024-06-15 18:00:00+02:00;4001;15-6-2024;6;15;24;5;18;2;0
2024-06-15 19:00:00+02:00;4002;15-6-2024;6;15;24;5;19;2;0
2024-06-15 20:00:00+02:00;4003;15-6-2024;6;15;24;5;20;2;0
2024-06-15 21:00:00+02:00;4004;15-6-2024;6;15;24;5;21;2;0
2024-06-15 22:00:00+02:00;4005;15-6-2024;6;15;24;5;22;2;0
2024-06-15 23:00:00+02:00;4006;15-6-2024;6;15;24;5;23;2;0
2024-06-16 00:00:00+02:00;4007;16-6-2024;6;16;24;6;0;3;0
2024-06-16 01:00:00+02:00;4008;16-6-2024;6;16;24;6;1;3;0
2024-06-16 02:00:00+02:00;4009;16-6-2024;6;16;24;6;2;3;0
2024-06-16 03:00:00+02:00;4010;16-6-2024;6;16;24;6;3;3;0
2024-06-16 04:00:00+02:00;4011;16-6-2024;6;16;24;6;4;3;0
2024-06-16 05:00:00+02:00;4012;16-6-2024;6;16;24;6;5;3;0
2024-06-16 06:00:00+02:00;4013;16-6-2024;6;16;24;6;6;3;0
2024-06-16 07:00:00+02:00;4014;16-6-2024;6;16;24;6;7;3;0
2024-06-16 08:00:00+02:00;4015;16-6-2024;6;16;24;6;8;3;0
2024-06-16 09:00:00+02:00;4016;16-6-2024;6;16;24;6;9;3;0
2024-06-16 10:00:00+02:00;4017;16-6-2024;6;16;24;6;10;3;0
2024-06-16 11:00:00+02:00;4018;16-6-2024;6;16;24;6;11;3;0
2024-06-16 12:00:00+02:00;4019;16-6-2024;6;16;24;6;12;3;0
2024-06-16 13:00:00+02:00;4020;16-6-2024;6;16;24;6;13;3;0
2024-06-16 14:00:00+02:00;4021;16-6-2024;6;16;24;6;14;3;0
2024-06-16 15:00:00+02:00;4022;16-6-2024;6;16;24;6;15;3;0
2024-06-16 16:00:00+02:00;4023;16-6-2024;6;16;24;6;16;3;0
2024-06-16 17:00:00+02:00;4024;16-6-2024;6;16;24;6;17;3;0
2024-06-16 18:00:00+02:00;4025;16-6-2024;6;16;24;6;18;3;0
2024-06-16 19:00:00+02:00;4026;16-6-2024;6;16;24;6;19;3;0
2024-06-16 20:00:00+02:00;4027;16-6-2024;6;16;24;6;20;3;0
2024-06-16 21:00:00+02:00;4028;16-6-2024;6;16;24;6;21;3;0
2024-06-16 22:00:00+02:00;4029;16-6-2024;6;16;24;6;22;3;0
2024-06-16 23:00:00+02:00;4030;16-6-2024;6;16;24;6;23;3;0
2024-06-17 00:00:00+02:00;4031;17-6-2024;6;17;25;0;0;1;0
2024-06-17 01:00:00+02:00;4032;17-6-2024;6;17;25;0;1;1;0
2024-06-17 02:00:00+02:00;4033;17-6-2024;6;17;25;0;2;1;0
2024-06-17 03:00:00+02:00;4034;17-6-2024;6;17;25;0;3;1;0
2024-06-17 04:00:00+02:00;4035;17-6-2024;6;17;25;0;4;1;0
2024-06-17 05:00:00+02:00;4036;17-6-2024;6;17;25;0;5;1;0
2024-06-17 06:00:00+02:00;4037;17-6-2024;6;17;25;0;6;1;0
2024-06-17 07:00:00+02:00;4038;17-6-2024;6;17;25;0;7;1;0
2024-06-17 08:00:00+02:00;4039;17-6-2024;6;17;25;0;8;1;60
2024-06-17 09:00:00+02:00;4040;17-6-2024;6;17;25;0;9;1;60
2024-06-17 10:00:00+02:00;4041;17-6-2024;6;17;25;0;10;1;90
2024-06-17 11:00:00+02:00;4042;17-6-2024;6;17;25;0;11;1;90
2024-06-17 12:00:00+02:00;4043;17-6-2024;6;17;25;0;12;1;50
2024-06-17 13:00:00+02:00;4044;17-6-2024;6;17;25;0;13;1;50
2024-06-17 14:00:00+02:00;4045;17-6-2024;6;17;25;0;14;1;80
2024-06-17 15:00:00+02:00;4046;17-6-2024;6;17;25;0;15;1;80
2024-06-17 16:00:00+02:00;4047;17-6-2024;6;17;25;0;16;1;80
2024-06-17 17:00:00+02:00;4048;17-6-2024;6;17;25;0;17;1;50
2024-06-17 18:00:00+02:00;4049;17-6-2024;6;17;25;0;18;1;42
2024-06-17 19:00:00+02:00;4050;17-6-2024;6;17;25;0;19;1;33
2024-06-17 20:00:00+02:00;4051;17-6-2024;6;17;25;0;20;1;25
2024-06-17 21:00:00+02:00;4052;17-6-2024;6;17;25;0;21;1;17
2024-06-17 22:00:00+02:00;4053;17-6-2024;6;17;25;0;22;1;8
2024-06-17 23:00:00+02:00;4054;17-6-2024;6;17;25;0;23;1;0
2024-06-18 00:00:00+02:00;4055;18-6-2024;6;18;25;1;0;1;0
2024-06-18 01:00:00+02:00;4056;18-6-2024;6;18;25;1;1;1;0
2024-06-18 02:00:00+02:00;4057;18-6-2024;6;18;25;1;2;1;0
2024-06-18 03:00:00+02:00;4058;18-6-2024;6;18;25;1;3;1;0
2024-06-18 04:00:00+02:00;4059;18-6-2024;6;18;25;1;4;1;0
2024-06-18 05:00:00+02:00;4060;18-6-2024;6;18;25;1;5;1;0
2024-06-18 06:00:00+02:00;4061;18-6-2024;6;18;25;1;6;1;0
2024-06-18 07:00:00+02:00;4062;18-6-2024;6;18;25;1;7;1;0
2024-06-18 08:00:00+02:00;4063;18-6-2024;6;18;25;1;8;1;60
2024-06-18 09:00:00+02:00;4064;18-6-2024;6;18;25;1;9;1;60
2024-06-18 10:00:00+02:00;4065;18-6-2024;6;18;25;1;10;1;90
2024-06-18 11:00:00+02:00;4066;18-6-2024;6;18;25;1;11;1;90
2024-06-18 12:00:00+02:00;4067;18-6-2024;6;18;25;1;12;1;50
2024-06-18 13:00:00+02:00;4068;18-6-2024;6;18;25;1;13;1;50
2024-06-18 14:00:00+02:00;4069;18-6-2024;6;18;25;1;14;1;80
2024-06-18 15:00:00+02:00;4070;18-6-2024;6;18;25;1;15;1;80
2024-06-18 16:00:00+02:00;4071;18-6-2024;6;18;25;1;16;1;80
2024-06-18 17:00:00+02:00;4072;18-6-2024;6;18;25;1;17;1;50
2024-06-18 18:00:00+02:00;4073;18-6-2024;6;18;25;1;18;1;42
2024-06-18 19:00:00+02:00;4074;18-6-2024;6;18;25;1;19;1;33
2024-06-18 20:00:00+02:00;4075;18-6-2024;6;18;25;1;20;1;25
2024-06-18 21:00:00+02:00;4076;18-6-2024;6;18;25;1;21;1;17
2024-06-18 22:00:00+02:00;4077;18-6-2024;6;18;25;1;22;1;8
2024-06-18 23:00:00+02:00;4078;18-6-2024;6;18;25;1;23;1;0
2024-06-19 00:00:00+02:00;4079;19-6-2024;6;19;25;2;0;1;0
2024-06-19 01:00:00+02:00;4080;19-6-2024;6;19;25;2;1;1;0
2024-06-19 02:00:00+02:00;4081;19-6-2024;6;19;25;2;2;1;0
2024-06-19 03:00:00+02:00;4082;19-6-2024;6;19;25;2;3;1;0
2024-06-19 04:00:00+02:00;4083;19-6-2024;6;19;25;2;4;1;0
2024-06-19 05:00:00+02:00;4084;19-6-2024;6;19;25;2;5;1;0
2024-06-19 06:00:00+02:00;4085;19-6-2024;6;19;25;2;6;1;0
2024-06-19 07:00:00+02:00;4086;19-6-2024;6;19;25;2;7;1;0
2024-06-19 08:00:00+02:00;4087;19-6-2024;6;19;25;2;8;1;60
2024-06-19 09:00:00+02:00;4088;19-6-2024;6;19;25;2;9;1;60
2024-06-19 10:00:00+02:00;4089;19-6-2024;6;19;25;2;10;1;90
2024-06-19 11:00:00+02:00;4090;19-6-2024;6;19;25;2;11;1;90
2024-06-19 12:00:00+02:00;4091;19-6-2024;6;19;25;2;12;1;50
2024-06-19 13:00:00+02:00;4092;19-6-2024;6;19;25;2;13;1;50
2024-06-19 14:00:00+02:00;4093;19-6-2024;6;19;25;2;14;1;80
2024-06-19 15:00:00+02:00;4094;19-6-2024;6;19;25;2;15;1;80
2024-06-19 16:00:00+02:00;4095;19-6-2024;6;19;25;2;16;1;80
2024-06-19 17:00:00+02:00;4096;19-6-2024;6;19;25;2;17;1;50
2024-06-19 18:00:00+02:00;4097;19-6-2024;6;19;25;2;18;1;42
2024-06-19 19:00:00+02:00;4098;19-6-2024;6;19;25;2;19;1;33
2024-06-19 20:00:00+02:00;4099;19-6-2024;6;19;25;2;20;1;25
2024-06-19 21:00:00+02:00;4100;19-6-2024;6;19;25;2;21;1;17
2024-06-19 22:00:00+02:00;4101;19-6-2024;6;19;25;2;22;1;8
2024-06-19 23:00:00+02:00;4102;19-6-2024;6;19;25;2;23;1;0
2024-06-20 00:00:00+02:00;4103;20-6-2024;6;20;25;3;0;1;0
2024-06-20 01:00:00+02:00;4104;20-6-2024;6;20;25;3;1;1;0
2024-06-20 02:00:00+02:00;4105;20-6-2024;6;20;25;3;2;1;0
2024-06-20 03:00:00+02:00;4106;20-6-2024;6;20;25;3;3;1;0
2024-06-20 04:00:00+02:00;4107;20-6-2024;6;20;25;3;4;1;0
2024-06-20 05:00:00+02:00;4108;20-6-2024;6;20;25;3;5;1;0
2024-06-20 06:00:00+02:00;4109;20-6-2024;6;20;25;3;6;1;0
2024-06-20 07:00:00+02:00;4110;20-6-2024;6;20;25;3;7;1;0
2024-06-20 08:00:00+02:00;4111;20-6-2024;6;20;25;3;8;1;60
2024-06-20 09:00:00+02:00;4112;20-6-2024;6;20;25;3;9;1;60
2024-06-20 10:00:00+02:00;4113;20-6-2024;6;20;25;3;10;1;90
2024-06-20 11:00:00+02:00;4114;20-6-2024;6;20;25;3;11;1;90
2024-06-20 12:00:00+02:00;4115;20-6-2024;6;20;25;3;12;1;50
2024-06-20 13:00:00+02:00;4116;20-6-2024;6;20;25;3;13;1;50
2024-06-20 14:00:00+02:00;4117;20-6-2024;6;20;25;3;14;1;80
2024-06-20 15:00:00+02:00;4118;20-6-2024;6;20;25;3;15;1;80
2024-06-20 16:00:00+02:00;4119;20-6-2024;6;20;25;3;16;1;80
2024-06-20 17:00:00+02:00;4120;20-6-2024;6;20;25;3;17;1;50
2024-06-20 18:00:00+02:00;4121;20-6-2024;6;20;25;3;18;1;42
2024-06-20 19:00:00+02:00;4122;20-6-2024;6;20;25;3;19;1;33
2024-06-20 20:00:00+02:00;4123;20-6-2024;6;20;25;3;20;1;25
2024-06-20 21:00:00+02:00;4124;20-6-2024;6;20;25;3;21;1;17
2024-06-20 22:00:00+02:00;4125;20-6-2024;6;20;25;3;22;1;8
2024-06-20 23:00:00+02:00;4126;20-6-2024;6;20;25;3;23;1;0
2024-06-21 00:00:00+02:00;4127;21-6-2024;6;21;25;4;0;1;0
2024-06-21 01:00:00+02:00;4128;21-6-2024;6;21;25;4;1;1;0
2024-06-21 02:00:00+02:00;4129;21-6-2024;6;21;25;4;2;1;0
2024-06-21 03:00:00+02:00;4130;21-6-2024;6;21;25;4;3;1;0
2024-06-21 04:00:00+02:00;4131;21-6-2024;6;21;25;4;4;1;0
2024-06-21 05:00:00+02:00;4132;21-6-2024;6;21;25;4;5;1;0
2024-06-21 06:00:00+02:00;4133;21-6-2024;6;21;25;4;6;1;0
2024-06-21 07:00:00+02:00;4134;21-6-2024;6;21;25;4;7;1;0
2024-06-21 08:00:00+02:00;4135;21-6-2024;6;21;25;4;8;1;60
2024-06-21 09:00:00+02:00;4136;21-6-2024;6;21;25;4;9;1;60
2024-06-21 10:00:00+02:00;4137;21-6-2024;6;21;25;4;10;1;90
2024-06-21 11:00:00+02:00;4138;21-6-2024;6;21;25;4;11;1;90
2024-06-21 12:00:00+02:00;4139;21-6-2024;6;21;25;4;12;1;50
2024-06-21 13:00:00+02:00;4140;21-6-2024;6;21;25;4;13;1;50
2024-06-21 14:00:00+02:00;4141;21-6-2024;6;21;25;4;14;1;80
2024-06-21 15:00:00+02:00;4142;21-6-2024;6;21;25;4;15;1;80
2024-06-21 16:00:00+02:00;4143;21-6-2024;6;21;25;4;16;1;80
2024-06-21 17:00:00+02:00;4144;21-6-2024;6;21;25;4;17;1;50
2024-06-21 18:00:00+02:00;4145;21-6-2024;6;21;25;4;18;1;42
2024-06-21 19:00:00+02:00;4146;21-6-2024;6;21;25;4;19;1;33
2024-06-21 20:00:00+02:00;4147;21-6-2024;6;21;25;4;20;1;25
2024-06-21 21:00:00+02:00;4148;21-6-2024;6;21;25;4;21;1;17
2024-06-21 22:00:00+02:00;4149;21-6-2024;6;21;25;4;22;1;8
2024-06-21 23:00:00+02:00;4150;21-6-2024;6;21;25;4;23;1;0
2024-06-22 00:00:00+02:00;4151;22-6-2024;6;22;25;5;0;2;0
2024-06-22 01:00:00+02:00;4152;22-6-2024;6;22;25;5;1;2;0
2024-06-22 02:00:00+02:00;4153;22-6-2024;6;22;25;5;2;2;0
2024-06-22 03:00:00+02:00;4154;22-6-2024;6;22;25;5;3;2;0
2024-06-22 04:00:00+02:00;4155;22-6-2024;6;22;25;5;4;2;0
2024-06-22 05:00:00+02:00;4156;22-6-2024;6;22;25;5;5;2;0
2024-06-22 06:00:00+02:00;4157;22-6-2024;6;22;25;5;6;2;0
2024-06-22 07:00:00+02:00;4158;22-6-2024;6;22;25;5;7;2;0
2024-06-22 08:00:00+02:00;4159;22-6-2024;6;22;25;5;8;2;0
2024-06-22 09:00:00+02:00;4160;22-6-2024;6;22;25;5;9;2;0
2024-06-22 10:00:00+02:00;4161;22-6-2024;6;22;25;5;10;2;50
2024-06-22 11:00:00+02:00;4162;22-6-2024;6;22;25;5;11;2;50
2024-06-22 12:00:00+02:00;4163;22-6-2024;6;22;25;5;12;2;30
2024-06-22 13:00:00+02:00;4164;22-6-2024;6;22;25;5;13;2;30
2024-06-22 14:00:00+02:00;4165;22-6-2024;6;22;25;5;14;2;50
2024-06-22 15:00:00+02:00;4166;22-6-2024;6;22;25;5;15;2;50
2024-06-22 16:00:00+02:00;4167;22-6-2024;6;22;25;5;16;2;50
2024-06-22 17:00:00+02:00;4168;22-6-2024;6;22;25;5;17;2;0
2024-06-22 18:00:00+02:00;4169;22-6-2024;6;22;25;5;18;2;0
2024-06-22 19:00:00+02:00;4170;22-6-2024;6;22;25;5;19;2;0
2024-06-22 20:00:00+02:00;4171;22-6-2024;6;22;25;5;20;2;0
2024-06-22 21:00:00+02:00;4172;22-6-2024;6;22;25;5;21;2;0
2024-06-22 22:00:00+02:00;4173;22-6-2024;6;22;25;5;22;2;0
2024-06-22 23:00:00+02:00;4174;22-6-2024;6;22;25;5;23;2;0
2024-06-23 00:00:00+02:00;4175;23-6-2024;6;23;25;6;0;3;0
2024-06-23 01:00:00+02:00;4176;23-6-2024;6;23;25;6;1;3;0
2024-06-23 02:00:00+02:00;4177;23-6-2024;6;23;25;6;2;3;0
2024-06-23 03:00:00+02:00;4178;23-6-2024;6;23;25;6;3;3;0
2024-06-23 04:00:00+02:00;4179;23-6-2024;6;23;25;6;4;3;0
2024-06-23 05:00:00+02:00;4180;23-6-2024;6;23;25;6;5;3;0
2024-06-23 06:00:00+02:00;4181;23-6-2024;6;23;25;6;6;3;0
2024-06-23 07:00:00+02:00;4182;23-6-2024;6;23;25;6;7;3;0
2024-06-23 08:00:00+02:00;4183;23-6-2024;6;23;25;6;8;3;0
2024-06-23 09:00:00+02:00;4184;23-6-2024;6;23;25;6;9;3;0
2024-06-23 10:00:00+02:00;4185;23-6-2024;6;23;25;6;10;3;0
2024-06-23 11:00:00+02:00;4186;23-6-2024;6;23;25;6;11;3;0
2024-06-23 12:00:00+02:00;4187;23-6-2024;6;23;25;6;12;3;0
2024-06-23 13:00:00+02:00;4188;23-6-2024;6;23;25;6;13;3;0
2024-06-23 14:00:00+02:00;4189;23-6-2024;6;23;25;6;14;3;0
2024-06-23 15:00:00+02:00;4190;23-6-2024;6;23;25;6;15;3;0
2024-06-23 16:00:00+02:00;4191;23-6-2024;6;23;25;6;16;3;0
2024-06-23 17:00:00+02:00;4192;23-6-2024;6;23;25;6;17;3;0
2024-06-23 18:00:00+02:00;4193;23-6-2024;6;23;25;6;18;3;0
2024-06-23 19:00:00+02:00;4194;23-6-2024;6;23;25;6;19;3;0
2024-06-23 20:00:00+02:00;4195;23-6-2024;6;23;25;6;20;3;0
2024-06-23 21:00:00+02:00;4196;23-6-2024;6;23;25;6;21;3;0
2024-06-23 22:00:00+02:00;4197;23-6-2024;6;23;25;6;22;3;0
2024-06-23 23:00:00+02:00;4198;23-6-2024;6;23;25;6;23;3;0
2024-06-24 00:00:00+02:00;4199;24-6-2024;6;24;26;0;0;1;0
2024-06-24 01:00:00+02:00;4200;24-6-2024;6;24;26;0;1;1;0
2024-06-24 02:00:00+02:00;4201;24-6-2024;6;24;26;0;2;1;0
2024-06-24 03:00:00+02:00;4202;24-6-2024;6;24;26;0;3;1;0
2024-06-24 04:00:00+02:00;4203;24-6-2024;6;24;26;0;4;1;0
2024-06-24 05:00:00+02:00;4204;24-6-2024;6;24;26;0;5;1;0
2024-06-24 06:00:00+02:00;4205;24-6-2024;6;24;26;0;6;1;0
2024-06-24 07:00:00+02:00;4206;24-6-2024;6;24;26;0;7;1;0
2024-06-24 08:00:00+02:00;4207;24-6-2024;6;24;26;0;8;1;60
2024-06-24 09:00:00+02:00;4208;24-6-2024;6;24;26;0;9;1;60
2024-06-24 10:00:00+02:00;4209;24-6-2024;6;24;26;0;10;1;90
2024-06-24 11:00:00+02:00;4210;24-6-2024;6;24;26;0;11;1;90
2024-06-24 12:00:00+02:00;4211;24-6-2024;6;24;26;0;12;1;50
2024-06-24 13:00:00+02:00;4212;24-6-2024;6;24;26;0;13;1;50
2024-06-24 14:00:00+02:00;4213;24-6-2024;6;24;26;0;14;1;80
2024-06-24 15:00:00+02:00;4214;24-6-2024;6;24;26;0;15;1;80
2024-06-24 16:00:00+02:00;4215;24-6-2024;6;24;26;0;16;1;80
2024-06-24 17:00:00+02:00;4216;24-6-2024;6;24;26;0;17;1;50
2024-06-24 18:00:00+02:00;4217;24-6-2024;6;24;26;0;18;1;42
2024-06-24 19:00:00+02:00;4218;24-6-2024;6;24;26;0;19;1;33
2024-06-24 20:00:00+02:00;4219;24-6-2024;6;24;26;0;20;1;25
2024-06-24 21:00:00+02:00;4220;24-6-2024;6;24;26;0;21;1;17
2024-06-24 22:00:00+02:00;4221;24-6-2024;6;24;26;0;22;1;8
2024-06-24 23:00:00+02:00;4222;24-6-2024;6;24;26;0;23;1;0
2024-06-25 00:00:00+02:00;4223;25-6-2024;6;25;26;1;0;1;0
2024-06-25 01:00:00+02:00;4224;25-6-2024;6;25;26;1;1;1;0
2024-06-25 02:00:00+02:00;4225;25-6-2024;6;25;26;1;2;1;0
2024-06-25 03:00:00+02:00;4226;25-6-2024;6;25;26;1;3;1;0
2024-06-25 04:00:00+02:00;4227;25-6-2024;6;25;26;1;4;1;0
2024-06-25 05:00:00+02:00;4228;25-6-2024;6;25;26;1;5;1;0
2024-06-25 06:00:00+02:00;4229;25-6-2024;6;25;26;1;6;1;0
2024-06-25 07:00:00+02:00;4230;25-6-2024;6;25;26;1;7;1;0
2024-06-25 08:00:00+02:00;4231;25-6-2024;6;25;26;1;8;1;60
2024-06-25 09:00:00+02:00;4232;25-6-2024;6;25;26;1;9;1;60
2024-06-25 10:00:00+02:00;4233;25-6-2024;6;25;26;1;10;1;90
2024-06-25 11:00:00+02:00;4234;25-6-2024;6;25;26;1;11;1;90
2024-06-25 12:00:00+02:00;4235;25-6-2024;6;25;26;1;12;1;50
2024-06-25 13:00:00+02:00;4236;25-6-2024;6;25;26;1;13;1;50
2024-06-25 14:00:00+02:00;4237;25-6-2024;6;25;26;1;14;1;80
2024-06-25 15:00:00+02:00;4238;25-6-2024;6;25;26;1;15;1;80
2024-06-25 16:00:00+02:00;4239;25-6-2024;6;25;26;1;16;1;80
2024-06-25 17:00:00+02:00;4240;25-6-2024;6;25;26;1;17;1;50
2024-06-25 18:00:00+02:00;4241;25-6-2024;6;25;26;1;18;1;42
2024-06-25 19:00:00+02:00;4242;25-6-2024;6;25;26;1;19;1;33
2024-06-25 20:00:00+02:00;4243;25-6-2024;6;25;26;1;20;1;25
2024-06-25 21:00:00+02:00;4244;25-6-2024;6;25;26;1;21;1;17
2024-06-25 22:00:00+02:00;4245;25-6-2024;6;25;26;1;22;1;8
2024-06-25 23:00:00+02:00;4246;25-6-2024;6;25;26;1;23;1;0
2024-06-26 00:00:00+02:00;4247;26-6-2024;6;26;26;2;0;1;0
2024-06-26 01:00:00+02:00;4248;26-6-2024;6;26;26;2;1;1;0
2024-06-26 02:00:00+02:00;4249;26-6-2024;6;26;26;2;2;1;0
2024-06-26 03:00:00+02:00;4250;26-6-2024;6;26;26;2;3;1;0
2024-06-26 04:00:00+02:00;4251;26-6-2024;6;26;26;2;4;1;0
2024-06-26 05:00:00+02:00;4252;26-6-2024;6;26;26;2;5;1;0
2024-06-26 06:00:00+02:00;4253;26-6-2024;6;26;26;2;6;1;0
2024-06-26 07:00:00+02:00;4254;26-6-2024;6;26;26;2;7;1;0
2024-06-26 08:00:00+02:00;4255;26-6-2024;6;26;26;2;8;1;60
2024-06-26 09:00:00+02:00;4256;26-6-2024;6;26;26;2;9;1;60
2024-06-26 10:00:00+02:00;4257;26-6-2024;6;26;26;2;10;1;90
2024-06-26 11:00:00+02:00;4258;26-6-2024;6;26;26;2;11;1;90
2024-06-26 12:00:00+02:00;4259;26-6-2024;6;26;26;2;12;1;50
2024-06-26 13:00:00+02:00;4260;26-6-2024;6;26;26;2;13;1;50
2024-06-26 14:00:00+02:00;4261;26-6-2024;6;26;26;2;14;1;80
2024-06-26 15:00:00+02:00;4262;26-6-2024;6;26;26;2;15;1;80
2024-06-26 16:00:00+02:00;4263;26-6-2024;6;26;26;2;16;1;80
2024-06-26 17:00:00+02:00;4264;26-6-2024;6;26;26;2;17;1;50
2024-06-26 18:00:00+02:00;4265;26-6-2024;6;26;26;2;18;1;42
2024-06-26 19:00:00+02:00;4266;26-6-2024;6;26;26;2;19;1;33
2024-06-26 20:00:00+02:00;4267;26-6-2024;6;26;26;2;20;1;25
2024-06-26 21:00:00+02:00;4268;26-6-2024;6;26;26;2;21;1;17
2024-06-26 22:00:00+02:00;4269;26-6-2024;6;26;26;2;22;1;8
2024-06-26 23:00:00+02:00;4270;26-6-2024;6;26;26;2;23;1;0
2024-06-27 00:00:00+02:00;4271;27-6-2024;6;27;26;3;0;1;0
2024-06-27 01:00:00+02:00;4272;27-6-2024;6;27;26;3;1;1;0
2024-06-27 02:00:00+02:00;4273;27-6-2024;6;27;26;3;2;1;0
2024-06-27 03:00:00+02:00;4274;27-6-2024;6;27;26;3;3;1;0
2024-06-27 04:00:00+02:00;4275;27-6-2024;6;27;26;3;4;1;0
2024-06-27 05:00:00+02:00;4276;27-6-2024;6;27;26;3;5;1;0
2024-06-27 06:00:00+02:00;4277;27-6-2024;6;27;26;3;6;1;0
2024-06-27 07:00:00+02:00;4278;27-6-2024;6;27;26;3;7;1;0
2024-06-27 08:00:00+02:00;4279;27-6-2024;6;27;26;3;8;1;60
2024-06-27 09:00:00+02:00;4280;27-6-2024;6;27;26;3;9;1;60
2024-06-27 10:00:00+02:00;4281;27-6-2024;6;27;26;3;10;1;90
2024-06-27 11:00:00+02:00;4282;27-6-2024;6;27;26;3;11;1;90
2024-06-27 12:00:00+02:00;4283;27-6-2024;6;27;26;3;12;1;50
2024-06-27 13:00:00+02:00;4284;27-6-2024;6;27;26;3;13;1;50
2024-06-27 14:00:00+02:00;4285;27-6-2024;6;27;26;3;14;1;80
2024-06-27 15:00:00+02:00;4286;27-6-2024;6;27;26;3;15;1;80
2024-06-27 16:00:00+02:00;4287;27-6-2024;6;27;26;3;16;1;80
2024-06-27 17:00:00+02:00;4288;27-6-2024;6;27;26;3;17;1;50
2024-06-27 18:00:00+02:00;4289;27-6-2024;6;27;26;3;18;1;42
2024-06-27 19:00:00+02:00;4290;27-6-2024;6;27;26;3;19;1;33
2024-06-27 20:00:00+02:00;4291;27-6-2024;6;27;26;3;20;1;25
2024-06-27 21:00:00+02:00;4292;27-6-2024;6;27;26;3;21;1;17
2024-06-27 22:00:00+02:00;4293;27-6-2024;6;27;26;3;22;1;8
2024-06-27 23:00:00+02:00;4294;27-6-2024;6;27;26;3;23;1;0
2024-06-28 00:00:00+02:00;4295;28-6-2024;6;28;26;4;0;1;0
2024-06-28 01:00:00+02:00;4296;28-6-2024;6;28;26;4;1;1;0
2024-06-28 02:00:00+02:00;4297;28-6-2024;6;28;26;4;2;1;0
2024-06-28 03:00:00+02:00;4298;28-6-2024;6;28;26;4;3;1;0
2024-06-28 04:00:00+02:00;4299;28-6-2024;6;28;26;4;4;1;0
2024-06-28 05:00:00+02:00;4300;28-6-2024;6;28;26;4;5;1;0
2024-06-28 06:00:00+02:00;4301;28-6-2024;6;28;26;4;6;1;0
2024-06-28 07:00:00+02:00;4302;28-6-2024;6;28;26;4;7;1;0
2024-06-28 08:00:00+02:00;4303;28-6-2024;6;28;26;4;8;1;60
2024-06-28 09:00:00+02:00;4304;28-6-2024;6;28;26;4;9;1;60
2024-06-28 10:00:00+02:00;4305;28-6-2024;6;28;26;4;10;1;90
2024-06-28 11:00:00+02:00;4306;28-6-2024;6;28;26;4;11;1;90
2024-06-28 12:00:00+02:00;4307;28-6-2024;6;28;26;4;12;1;50
2024-06-28 13:00:00+02:00;4308;28-6-2024;6;28;26;4;13;1;50
2024-06-28 14:00:00+02:00;4309;28-6-2024;6;28;26;4;14;1;80
2024-06-28 15:00:00+02:00;4310;28-6-2024;6;28;26;4;15;1;80
2024-06-28 16:00:00+02:00;4311;28-6-2024;6;28;26;4;16;1;80
2024-06-28 17:00:00+02:00;4312;28-6-2024;6;28;26;4;17;1;50
2024-06-28 18:00:00+02:00;4313;28-6-2024;6;28;26;4;18;1;42
2024-06-28 19:00:00+02:00;4314;28-6-2024;6;28;26;4;19;1;33
2024-06-28 20:00:00+02:00;4315;28-6-2024;6;28;26;4;20;1;25
2024-06-28 21:00:00+02:00;4316;28-6-2024;6;28;26;4;21;1;17
2024-06-28 22:00:00+02:00;4317;28-6-2024;6;28;26;4;22;1;8
2024-06-28 23:00:00+02:00;4318;28-6-2024;6;28;26;4;23;1;0
2024-06-29 00:00:00+02:00;4319;29-6-2024;6;29;26;5;0;2;0
2024-06-29 01:00:00+02:00;4320;29-6-2024;6;29;26;5;1;2;0
2024-06-29 02:00:00+02:00;4321;29-6-2024;6;29;26;5;2;2;0
2024-06-29 03:00:00+02:00;4322;29-6-2024;6;29;26;5;3;2;0
2024-06-29 04:00:00+02:00;4323;29-6-2024;6;29;26;5;4;2;0
2024-06-29 05:00:00+02:00;4324;29-6-2024;6;29;26;5;5;2;0
2024-06-29 06:00:00+02:00;4325;29-6-2024;6;29;26;5;6;2;0
2024-06-29 07:00:00+02:00;4326;29-6-2024;6;29;26;5;7;2;0
2024-06-29 08:00:00+02:00;4327;29-6-2024;6;29;26;5;8;2;0
2024-06-29 09:00:00+02:00;4328;29-6-2024;6;29;26;5;9;2;0
2024-06-29 10:00:00+02:00;4329;29-6-2024;6;29;26;5;10;2;50
2024-06-29 11:00:00+02:00;4330;29-6-2024;6;29;26;5;11;2;50
2024-06-29 12:00:00+02:00;4331;29-6-2024;6;29;26;5;12;2;30
2024-06-29 13:00:00+02:00;4332;29-6-2024;6;29;26;5;13;2;30
2024-06-29 14:00:00+02:00;4333;29-6-2024;6;29;26;5;14;2;50
2024-06-29 15:00:00+02:00;4334;29-6-2024;6;29;26;5;15;2;50
2024-06-29 16:00:00+02:00;4335;29-6-2024;6;29;26;5;16;2;50
2024-06-29 17:00:00+02:00;4336;29-6-2024;6;29;26;5;17;2;0
2024-06-29 18:00:00+02:00;4337;29-6-2024;6;29;26;5;18;2;0
2024-06-29 19:00:00+02:00;4338;29-6-2024;6;29;26;5;19;2;0
2024-06-29 20:00:00+02:00;4339;29-6-2024;6;29;26;5;20;2;0
2024-06-29 21:00:00+02:00;4340;29-6-2024;6;29;26;5;21;2;0
2024-06-29 22:00:00+02:00;4341;29-6-2024;6;29;26;5;22;2;0
2024-06-29 23:00:00+02:00;4342;29-6-2024;6;29;26;5;23;2;0
2024-06-30 00:00:00+02:00;4343;30-6-2024;6;30;26;6;0;3;0
2024-06-30 01:00:00+02:00;4344;30-6-2024;6;30;26;6;1;3;0
2024-06-30 02:00:00+02:00;4345;30-6-2024;6;30;26;6;2;3;0
2024-06-30 03:00:00+02:00;4346;30-6-2024;6;30;26;6;3;3;0
2024-06-30 04:00:00+02:00;4347;30-6-2024;6;30;26;6;4;3;0
2024-06-30 05:00:00+02:00;4348;30-6-2024;6;30;26;6;5;3;0
2024-06-30 06:00:00+02:00;4349;30-6-2024;6;30;26;6;6;3;0
2024-06-30 07:00:00+02:00;4350;30-6-2024;6;30;26;6;7;3;0
2024-06-30 08:00:00+02:00;4351;30-6-2024;6;30;26;6;8;3;0
2024-06-30 09:00:00+02:00;4352;30-6-2024;6;30;26;6;9;3;0
2024-06-30 10:00:00+02:00;4353;30-6-2024;6;30;26;6;10;3;0
2024-06-30 11:00:00+02:00;4354;30-6-2024;6;30;26;6;11;3;0
2024-06-30 12:00:00+02:00;4355;30-6-2024;6;30;26;6;12;3;0
2024-06-30 13:00:00+02:00;4356;30-6-2024;6;30;26;6;13;3;0
2024-06-30 14:00:00+02:00;4357;30-6-2024;6;30;26;6;14;3;0
2024-06-30 15:00:00+02:00;4358;30-6-2024;6;30;26;6;15;3;0
2024-06-30 16:00:00+02:00;4359;30-6-2024;6;30;26;6;16;3;0
2024-06-30 17:00:00+02:00;4360;30-6-2024;6;30;26;6;17;3;0
2024-06-30 18:00:00+02:00;4361;30-6-2024;6;30;26;6;18;3;0
2024-06-30 19:00:00+02:00;4362;30-6-2024;6;30;26;6;19;3;0
2024-06-30 20:00:00+02:00;4363;30-6-2024;6;30;26;6;20;3;0
2024-06-30 21:00:00+02:00;4364;30-6-2024;6;30;26;6;21;3;0
2024-06-30 22:00:00+02:00;4365;30-6-2024;6;30;26;6;22;3;0
2024-06-30 23:00:00+02:00;4366;30-6-2024;6;30;26;6;23;3;0
2024-07-01 00:00:00+02:00;4367;1-7-2024;7;1;27;0;0;3;0
2024-07-01 01:00:00+02:00;4368;1-7-2024;7;1;27;0;1;3;0
2024-07-01 02:00:00+02:00;4369;1-7-2024;7;1;27;0;2;3;0
2024-07-01 03:00:00+02:00;4370;1-7-2024;7;1;27;0;3;3;0
2024-07-01 04:00:00+02:00;4371;1-7-2024;7;1;27;0;4;3;0
2024-07-01 05:00:00+02:00;4372;1-7-2024;7;1;27;0;5;3;0
2024-07-01 06:00:00+02:00;4373;1-7-2024;7;1;27;0;6;3;0
2024-07-01 07:00:00+02:00;4374;1-7-2024;7;1;27;0;7;3;0
2024-07-01 08:00:00+02:00;4375;1-7-2024;7;1;27;0;8;3;0
2024-07-01 09:00:00+02:00;4376;1-7-2024;7;1;27;0;9;3;0
2024-07-01 10:00:00+02:00;4377;1-7-2024;7;1;27;0;10;3;0
2024-07-01 11:00:00+02:00;4378;1-7-2024;7;1;27;0;11;3;0
2024-07-01 12:00:00+02:00;4379;1-7-2024;7;1;27;0;12;3;0
2024-07-01 13:00:00+02:00;4380;1-7-2024;7;1;27;0;13;3;0
2024-07-01 14:00:00+02:00;4381;1-7-2024;7;1;27;0;14;3;0
2024-07-01 15:00:00+02:00;4382;1-7-2024;7;1;27;0;15;3;0
2024-07-01 16:00:00+02:00;4383;1-7-2024;7;1;27;0;16;3;0
2024-07-01 17:00:00+02:00;4384;1-7-2024;7;1;27;0;17;3;0
2024-07-01 18:00:00+02:00;4385;1-7-2024;7;1;27;0;18;3;0
2024-07-01 19:00:00+02:00;4386;1-7-2024;7;1;27;0;19;3;0
2024-07-01 20:00:00+02:00;4387;1-7-2024;7;1;27;0;20;3;0
2024-07-01 21:00:00+02:00;4388;1-7-2024;7;1;27;0;21;3;0
2024-07-01 22:00:00+02:00;4389;1-7-2024;7;1;27;0;22;3;0
2024-07-01 23:00:00+02:00;4390;1-7-2024;7;1;27;0;23;3;0
2024-07-02 00:00:00+02:00;4391;2-7-2024;7;2;27;1;0;3;0
2024-07-02 01:00:00+02:00;4392;2-7-2024;7;2;27;1;1;3;0
2024-07-02 02:00:00+02:00;4393;2-7-2024;7;2;27;1;2;3;0
2024-07-02 03:00:00+02:00;4394;2-7-2024;7;2;27;1;3;3;0
2024-07-02 04:00:00+02:00;4395;2-7-2024;7;2;27;1;4;3;0
2024-07-02 05:00:00+02:00;4396;2-7-2024;7;2;27;1;5;3;0
2024-07-02 06:00:00+02:00;4397;2-7-2024;7;2;27;1;6;3;0
2024-07-02 07:00:00+02:00;4398;2-7-2024;7;2;27;1;7;3;0
2024-07-02 08:00:00+02:00;4399;2-7-2024;7;2;27;1;8;3;0
2024-07-02 09:00:00+02:00;4400;2-7-2024;7;2;27;1;9;3;0
2024-07-02 10:00:00+02:00;4401;2-7-2024;7;2;27;1;10;3;0
2024-07-02 11:00:00+02:00;4402;2-7-2024;7;2;27;1;11;3;0
2024-07-02 12:00:00+02:00;4403;2-7-2024;7;2;27;1;12;3;0
2024-07-02 13:00:00+02:00;4404;2-7-2024;7;2;27;1;13;3;0
2024-07-02 14:00:00+02:00;4405;2-7-2024;7;2;27;1;14;3;0
2024-07-02 15:00:00+02:00;4406;2-7-2024;7;2;27;1;15;3;0
2024-07-02 16:00:00+02:00;4407;2-7-2024;7;2;27;1;16;3;0
2024-07-02 17:00:00+02:00;4408;2-7-2024;7;2;27;1;17;3;0
2024-07-02 18:00:00+02:00;4409;2-7-2024;7;2;27;1;18;3;0
2024-07-02 19:00:00+02:00;4410;2-7-2024;7;2;27;1;19;3;0
2024-07-02 20:00:00+02:00;4411;2-7-2024;7;2;27;1;20;3;0
2024-07-02 21:00:00+02:00;4412;2-7-2024;7;2;27;1;21;3;0
2024-07-02 22:00:00+02:00;4413;2-7-2024;7;2;27;1;22;3;0
2024-07-02 23:00:00+02:00;4414;2-7-2024;7;2;27;1;23;3;0
2024-07-03 00:00:00+02:00;4415;3-7-2024;7;3;27;2;0;3;0
2024-07-03 01:00:00+02:00;4416;3-7-2024;7;3;27;2;1;3;0
2024-07-03 02:00:00+02:00;4417;3-7-2024;7;3;27;2;2;3;0
2024-07-03 03:00:00+02:00;4418;3-7-2024;7;3;27;2;3;3;0
2024-07-03 04:00:00+02:00;4419;3-7-2024;7;3;27;2;4;3;0
2024-07-03 05:00:00+02:00;4420;3-7-2024;7;3;27;2;5;3;0
2024-07-03 06:00:00+02:00;4421;3-7-2024;7;3;27;2;6;3;0
2024-07-03 07:00:00+02:00;4422;3-7-2024;7;3;27;2;7;3;0
2024-07-03 08:00:00+02:00;4423;3-7-2024;7;3;27;2;8;3;0
2024-07-03 09:00:00+02:00;4424;3-7-2024;7;3;27;2;9;3;0
2024-07-03 10:00:00+02:00;4425;3-7-2024;7;3;27;2;10;3;0
2024-07-03 11:00:00+02:00;4426;3-7-2024;7;3;27;2;11;3;0
2024-07-03 12:00:00+02:00;4427;3-7-2024;7;3;27;2;12;3;0
2024-07-03 13:00:00+02:00;4428;3-7-2024;7;3;27;2;13;3;0
2024-07-03 14:00:00+02:00;4429;3-7-2024;7;3;27;2;14;3;0
2024-07-03 15:00:00+02:00;4430;3-7-2024;7;3;27;2;15;3;0
2024-07-03 16:00:00+02:00;4431;3-7-2024;7;3;27;2;16;3;0
2024-07-03 17:00:00+02:00;4432;3-7-2024;7;3;27;2;17;3;0
2024-07-03 18:00:00+02:00;4433;3-7-2024;7;3;27;2;18;3;0
2024-07-03 19:00:00+02:00;4434;3-7-2024;7;3;27;2;19;3;0
2024-07-03 20:00:00+02:00;4435;3-7-2024;7;3;27;2;20;3;0
2024-07-03 21:00:00+02:00;4436;3-7-2024;7;3;27;2;21;3;0
2024-07-03 22:00:00+02:00;4437;3-7-2024;7;3;27;2;22;3;0
2024-07-03 23:00:00+02:00;4438;3-7-2024;7;3;27;2;23;3;0
2024-07-04 00:00:00+02:00;4439;4-7-2024;7;4;27;3;0;3;0
2024-07-04 01:00:00+02:00;4440;4-7-2024;7;4;27;3;1;3;0
2024-07-04 02:00:00+02:00;4441;4-7-2024;7;4;27;3;2;3;0
2024-07-04 03:00:00+02:00;4442;4-7-2024;7;4;27;3;3;3;0
2024-07-04 04:00:00+02:00;4443;4-7-2024;7;4;27;3;4;3;0
2024-07-04 05:00:00+02:00;4444;4-7-2024;7;4;27;3;5;3;0
2024-07-04 06:00:00+02:00;4445;4-7-2024;7;4;27;3;6;3;0
2024-07-04 07:00:00+02:00;4446;4-7-2024;7;4;27;3;7;3;0
2024-07-04 08:00:00+02:00;4447;4-7-2024;7;4;27;3;8;3;0
2024-07-04 09:00:00+02:00;4448;4-7-2024;7;4;27;3;9;3;0
2024-07-04 10:00:00+02:00;4449;4-7-2024;7;4;27;3;10;3;0
2024-07-04 11:00:00+02:00;4450;4-7-2024;7;4;27;3;11;3;0
2024-07-04 12:00:00+02:00;4451;4-7-2024;7;4;27;3;12;3;0
2024-07-04 13:00:00+02:00;4452;4-7-2024;7;4;27;3;13;3;0
2024-07-04 14:00:00+02:00;4453;4-7-2024;7;4;27;3;14;3;0
2024-07-04 15:00:00+02:00;4454;4-7-2024;7;4;27;3;15;3;0
2024-07-04 16:00:00+02:00;4455;4-7-2024;7;4;27;3;16;3;0
2024-07-04 17:00:00+02:00;4456;4-7-2024;7;4;27;3;17;3;0
2024-07-04 18:00:00+02:00;4457;4-7-2024;7;4;27;3;18;3;0
2024-07-04 19:00:00+02:00;4458;4-7-2024;7;4;27;3;19;3;0
2024-07-04 20:00:00+02:00;4459;4-7-2024;7;4;27;3;20;3;0
2024-07-04 21:00:00+02:00;4460;4-7-2024;7;4;27;3;21;3;0
2024-07-04 22:00:00+02:00;4461;4-7-2024;7;4;27;3;22;3;0
2024-07-04 23:00:00+02:00;4462;4-7-2024;7;4;27;3;23;3;0
2024-07-05 00:00:00+02:00;4463;5-7-2024;7;5;27;4;0;3;0
2024-07-05 01:00:00+02:00;4464;5-7-2024;7;5;27;4;1;3;0
2024-07-05 02:00:00+02:00;4465;5-7-2024;7;5;27;4;2;3;0
2024-07-05 03:00:00+02:00;4466;5-7-2024;7;5;27;4;3;3;0
2024-07-05 04:00:00+02:00;4467;5-7-2024;7;5;27;4;4;3;0
2024-07-05 05:00:00+02:00;4468;5-7-2024;7;5;27;4;5;3;0
2024-07-05 06:00:00+02:00;4469;5-7-2024;7;5;27;4;6;3;0
2024-07-05 07:00:00+02:00;4470;5-7-2024;7;5;27;4;7;3;0
2024-07-05 08:00:00+02:00;4471;5-7-2024;7;5;27;4;8;3;0
2024-07-05 09:00:00+02:00;4472;5-7-2024;7;5;27;4;9;3;0
2024-07-05 10:00:00+02:00;4473;5-7-2024;7;5;27;4;10;3;0
2024-07-05 11:00:00+02:00;4474;5-7-2024;7;5;27;4;11;3;0
2024-07-05 12:00:00+02:00;4475;5-7-2024;7;5;27;4;12;3;0
2024-07-05 13:00:00+02:00;4476;5-7-2024;7;5;27;4;13;3;0
2024-07-05 14:00:00+02:00;4477;5-7-2024;7;5;27;4;14;3;0
2024-07-05 15:00:00+02:00;4478;5-7-2024;7;5;27;4;15;3;0
2024-07-05 16:00:00+02:00;4479;5-7-2024;7;5;27;4;16;3;0
2024-07-05 17:00:00+02:00;4480;5-7-2024;7;5;27;4;17;3;0
2024-07-05 18:00:00+02:00;4481;5-7-2024;7;5;27;4;18;3;0
2024-07-05 19:00:00+02:00;4482;5-7-2024;7;5;27;4;19;3;0
2024-07-05 20:00:00+02:00;4483;5-7-2024;7;5;27;4;20;3;0
2024-07-05 21:00:00+02:00;4484;5-7-2024;7;5;27;4;21;3;0
2024-07-05 22:00:00+02:00;4485;5-7-2024;7;5;27;4;22;3;0
2024-07-05 23:00:00+02:00;4486;5-7-2024;7;5;27;4;23;3;0
2024-07-06 00:00:00+02:00;4487;6-7-2024;7;6;27;5;0;3;0
2024-07-06 01:00:00+02:00;4488;6-7-2024;7;6;27;5;1;3;0
2024-07-06 02:00:00+02:00;4489;6-7-2024;7;6;27;5;2;3;0
2024-07-06 03:00:00+02:00;4490;6-7-2024;7;6;27;5;3;3;0
2024-07-06 04:00:00+02:00;4491;6-7-2024;7;6;27;5;4;3;0
2024-07-06 05:00:00+02:00;4492;6-7-2024;7;6;27;5;5;3;0
2024-07-06 06:00:00+02:00;4493;6-7-2024;7;6;27;5;6;3;0
2024-07-06 07:00:00+02:00;4494;6-7-2024;7;6;27;5;7;3;0
2024-07-06 08:00:00+02:00;4495;6-7-2024;7;6;27;5;8;3;0
2024-07-06 09:00:00+02:00;4496;6-7-2024;7;6;27;5;9;3;0
2024-07-06 10:00:00+02:00;4497;6-7-2024;7;6;27;5;10;3;0
2024-07-06 11:00:00+02:00;4498;6-7-2024;7;6;27;5;11;3;0
2024-07-06 12:00:00+02:00;4499;6-7-2024;7;6;27;5;12;3;0
2024-07-06 13:00:00+02:00;4500;6-7-2024;7;6;27;5;13;3;0
2024-07-06 14:00:00+02:00;4501;6-7-2024;7;6;27;5;14;3;0
2024-07-06 15:00:00+02:00;4502;6-7-2024;7;6;27;5;15;3;0
2024-07-06 16:00:00+02:00;4503;6-7-2024;7;6;27;5;16;3;0
2024-07-06 17:00:00+02:00;4504;6-7-2024;7;6;27;5;17;3;0
2024-07-06 18:00:00+02:00;4505;6-7-2024;7;6;27;5;18;3;0
2024-07-06 19:00:00+02:00;4506;6-7-2024;7;6;27;5;19;3;0
2024-07-06 20:00:00+02:00;4507;6-7-2024;7;6;27;5;20;3;0
2024-07-06 21:00:00+02:00;4508;6-7-2024;7;6;27;5;21;3;0
2024-07-06 22:00:00+02:00;4509;6-7-2024;7;6;27;5;22;3;0
2024-07-06 23:00:00+02:00;4510;6-7-2024;7;6;27;5;23;3;0
2024-07-07 00:00:00+02:00;4511;7-7-2024;7;7;27;6;0;3;0
2024-07-07 01:00:00+02:00;4512;7-7-2024;7;7;27;6;1;3;0
2024-07-07 02:00:00+02:00;4513;7-7-2024;7;7;27;6;2;3;0
2024-07-07 03:00:00+02:00;4514;7-7-2024;7;7;27;6;3;3;0
2024-07-07 04:00:00+02:00;4515;7-7-2024;7;7;27;6;4;3;0
2024-07-07 05:00:00+02:00;4516;7-7-2024;7;7;27;6;5;3;0
2024-07-07 06:00:00+02:00;4517;7-7-2024;7;7;27;6;6;3;0
2024-07-07 07:00:00+02:00;4518;7-7-2024;7;7;27;6;7;3;0
2024-07-07 08:00:00+02:00;4519;7-7-2024;7;7;27;6;8;3;0
2024-07-07 09:00:00+02:00;4520;7-7-2024;7;7;27;6;9;3;0
2024-07-07 10:00:00+02:00;4521;7-7-2024;7;7;27;6;10;3;0
2024-07-07 11:00:00+02:00;4522;7-7-2024;7;7;27;6;11;3;0
2024-07-07 12:00:00+02:00;4523;7-7-2024;7;7;27;6;12;3;0
2024-07-07 13:00:00+02:00;4524;7-7-2024;7;7;27;6;13;3;0
2024-07-07 14:00:00+02:00;4525;7-7-2024;7;7;27;6;14;3;0
2024-07-07 15:00:00+02:00;4526;7-7-2024;7;7;27;6;15;3;0
2024-07-07 16:00:00+02:00;4527;7-7-2024;7;7;27;6;16;3;0
2024-07-07 17:00:00+02:00;4528;7-7-2024;7;7;27;6;17;3;0
2024-07-07 18:00:00+02:00;4529;7-7-2024;7;7;27;6;18;3;0
2024-07-07 19:00:00+02:00;4530;7-7-2024;7;7;27;6;19;3;0
2024-07-07 20:00:00+02:00;4531;7-7-2024;7;7;27;6;20;3;0
2024-07-07 21:00:00+02:00;4532;7-7-2024;7;7;27;6;21;3;0
2024-07-07 22:00:00+02:00;4533;7-7-2024;7;7;27;6;22;3;0
2024-07-07 23:00:00+02:00;4534;7-7-2024;7;7;27;6;23;3;0
2024-07-08 00:00:00+02:00;4535;8-7-2024;7;8;28;0;0;3;0
2024-07-08 01:00:00+02:00;4536;8-7-2024;7;8;28;0;1;3;0
2024-07-08 02:00:00+02:00;4537;8-7-2024;7;8;28;0;2;3;0
2024-07-08 03:00:00+02:00;4538;8-7-2024;7;8;28;0;3;3;0
2024-07-08 04:00:00+02:00;4539;8-7-2024;7;8;28;0;4;3;0
2024-07-08 05:00:00+02:00;4540;8-7-2024;7;8;28;0;5;3;0
2024-07-08 06:00:00+02:00;4541;8-7-2024;7;8;28;0;6;3;0
2024-07-08 07:00:00+02:00;4542;8-7-2024;7;8;28;0;7;3;0
2024-07-08 08:00:00+02:00;4543;8-7-2024;7;8;28;0;8;3;0
2024-07-08 09:00:00+02:00;4544;8-7-2024;7;8;28;0;9;3;0
2024-07-08 10:00:00+02:00;4545;8-7-2024;7;8;28;0;10;3;0
2024-07-08 11:00:00+02:00;4546;8-7-2024;7;8;28;0;11;3;0
2024-07-08 12:00:00+02:00;4547;8-7-2024;7;8;28;0;12;3;0
2024-07-08 13:00:00+02:00;4548;8-7-2024;7;8;28;0;13;3;0
2024-07-08 14:00:00+02:00;4549;8-7-2024;7;8;28;0;14;3;0
2024-07-08 15:00:00+02:00;4550;8-7-2024;7;8;28;0;15;3;0
2024-07-08 16:00:00+02:00;4551;8-7-2024;7;8;28;0;16;3;0
2024-07-08 17:00:00+02:00;4552;8-7-2024;7;8;28;0;17;3;0
2024-07-08 18:00:00+02:00;4553;8-7-2024;7;8;28;0;18;3;0
2024-07-08 19:00:00+02:00;4554;8-7-2024;7;8;28;0;19;3;0
2024-07-08 20:00:00+02:00;4555;8-7-2024;7;8;28;0;20;3;0
2024-07-08 21:00:00+02:00;4556;8-7-2024;7;8;28;0;21;3;0
2024-07-08 22:00:00+02:00;4557;8-7-2024;7;8;28;0;22;3;0
2024-07-08 23:00:00+02:00;4558;8-7-2024;7;8;28;0;23;3;0
2024-07-09 00:00:00+02:00;4559;9-7-2024;7;9;28;1;0;3;0
2024-07-09 01:00:00+02:00;4560;9-7-2024;7;9;28;1;1;3;0
2024-07-09 02:00:00+02:00;4561;9-7-2024;7;9;28;1;2;3;0
2024-07-09 03:00:00+02:00;4562;9-7-2024;7;9;28;1;3;3;0
2024-07-09 04:00:00+02:00;4563;9-7-2024;7;9;28;1;4;3;0
2024-07-09 05:00:00+02:00;4564;9-7-2024;7;9;28;1;5;3;0
2024-07-09 06:00:00+02:00;4565;9-7-2024;7;9;28;1;6;3;0
2024-07-09 07:00:00+02:00;4566;9-7-2024;7;9;28;1;7;3;0
2024-07-09 08:00:00+02:00;4567;9-7-2024;7;9;28;1;8;3;0
2024-07-09 09:00:00+02:00;4568;9-7-2024;7;9;28;1;9;3;0
2024-07-09 10:00:00+02:00;4569;9-7-2024;7;9;28;1;10;3;0
2024-07-09 11:00:00+02:00;4570;9-7-2024;7;9;28;1;11;3;0
2024-07-09 12:00:00+02:00;4571;9-7-2024;7;9;28;1;12;3;0
2024-07-09 13:00:00+02:00;4572;9-7-2024;7;9;28;1;13;3;0
2024-07-09 14:00:00+02:00;4573;9-7-2024;7;9;28;1;14;3;0
2024-07-09 15:00:00+02:00;4574;9-7-2024;7;9;28;1;15;3;0
2024-07-09 16:00:00+02:00;4575;9-7-2024;7;9;28;1;16;3;0
2024-07-09 17:00:00+02:00;4576;9-7-2024;7;9;28;1;17;3;0
2024-07-09 18:00:00+02:00;4577;9-7-2024;7;9;28;1;18;3;0
2024-07-09 19:00:00+02:00;4578;9-7-2024;7;9;28;1;19;3;0
2024-07-09 20:00:00+02:00;4579;9-7-2024;7;9;28;1;20;3;0
2024-07-09 21:00:00+02:00;4580;9-7-2024;7;9;28;1;21;3;0
2024-07-09 22:00:00+02:00;4581;9-7-2024;7;9;28;1;22;3;0
2024-07-09 23:00:00+02:00;4582;9-7-2024;7;9;28;1;23;3;0
2024-07-10 00:00:00+02:00;4583;10-7-2024;7;10;28;2;0;3;0
2024-07-10 01:00:00+02:00;4584;10-7-2024;7;10;28;2;1;3;0
2024-07-10 02:00:00+02:00;4585;10-7-2024;7;10;28;2;2;3;0
2024-07-10 03:00:00+02:00;4586;10-7-2024;7;10;28;2;3;3;0
2024-07-10 04:00:00+02:00;4587;10-7-2024;7;10;28;2;4;3;0
2024-07-10 05:00:00+02:00;4588;10-7-2024;7;10;28;2;5;3;0
2024-07-10 06:00:00+02:00;4589;10-7-2024;7;10;28;2;6;3;0
2024-07-10 07:00:00+02:00;4590;10-7-2024;7;10;28;2;7;3;0
2024-07-10 08:00:00+02:00;4591;10-7-2024;7;10;28;2;8;3;0
2024-07-10 09:00:00+02:00;4592;10-7-2024;7;10;28;2;9;3;0
2024-07-10 10:00:00+02:00;4593;10-7-2024;7;10;28;2;10;3;0
2024-07-10 11:00:00+02:00;4594;10-7-2024;7;10;28;2;11;3;0
2024-07-10 12:00:00+02:00;4595;10-7-2024;7;10;28;2;12;3;0
2024-07-10 13:00:00+02:00;4596;10-7-2024;7;10;28;2;13;3;0
2024-07-10 14:00:00+02:00;4597;10-7-2024;7;10;28;2;14;3;0
2024-07-10 15:00:00+02:00;4598;10-7-2024;7;10;28;2;15;3;0
2024-07-10 16:00:00+02:00;4599;10-7-2024;7;10;28;2;16;3;0
2024-07-10 17:00:00+02:00;4600;10-7-2024;7;10;28;2;17;3;0
2024-07-10 18:00:00+02:00;4601;10-7-2024;7;10;28;2;18;3;0
2024-07-10 19:00:00+02:00;4602;10-7-2024;7;10;28;2;19;3;0
2024-07-10 20:00:00+02:00;4603;10-7-2024;7;10;28;2;20;3;0
2024-07-10 21:00:00+02:00;4604;10-7-2024;7;10;28;2;21;3;0
2024-07-10 22:00:00+02:00;4605;10-7-2024;7;10;28;2;22;3;0
2024-07-10 23:00:00+02:00;4606;10-7-2024;7;10;28;2;23;3;0
2024-07-11 00:00:00+02:00;4607;11-7-2024;7;11;28;3;0;3;0
2024-07-11 01:00:00+02:00;4608;11-7-2024;7;11;28;3;1;3;0
2024-07-11 02:00:00+02:00;4609;11-7-2024;7;11;28;3;2;3;0
2024-07-11 03:00:00+02:00;4610;11-7-2024;7;11;28;3;3;3;0
2024-07-11 04:00:00+02:00;4611;11-7-2024;7;11;28;3;4;3;0
2024-07-11 05:00:00+02:00;4612;11-7-2024;7;11;28;3;5;3;0
2024-07-11 06:00:00+02:00;4613;11-7-2024;7;11;28;3;6;3;0
2024-07-11 07:00:00+02:00;4614;11-7-2024;7;11;28;3;7;3;0
2024-07-11 08:00:00+02:00;4615;11-7-2024;7;11;28;3;8;3;0
2024-07-11 09:00:00+02:00;4616;11-7-2024;7;11;28;3;9;3;0
2024-07-11 10:00:00+02:00;4617;11-7-2024;7;11;28;3;10;3;0
2024-07-11 11:00:00+02:00;4618;11-7-2024;7;11;28;3;11;3;0
2024-07-11 12:00:00+02:00;4619;11-7-2024;7;11;28;3;12;3;0
2024-07-11 13:00:00+02:00;4620;11-7-2024;7;11;28;3;13;3;0
2024-07-11 14:00:00+02:00;4621;11-7-2024;7;11;28;3;14;3;0
2024-07-11 15:00:00+02:00;4622;11-7-2024;7;11;28;3;15;3;0
2024-07-11 16:00:00+02:00;4623;11-7-2024;7;11;28;3;16;3;0
2024-07-11 17:00:00+02:00;4624;11-7-2024;7;11;28;3;17;3;0
2024-07-11 18:00:00+02:00;4625;11-7-2024;7;11;28;3;18;3;0
2024-07-11 19:00:00+02:00;4626;11-7-2024;7;11;28;3;19;3;0
2024-07-11 20:00:00+02:00;4627;11-7-2024;7;11;28;3;20;3;0
2024-07-11 21:00:00+02:00;4628;11-7-2024;7;11;28;3;21;3;0
2024-07-11 22:00:00+02:00;4629;11-7-2024;7;11;28;3;22;3;0
2024-07-11 23:00:00+02:00;4630;11-7-2024;7;11;28;3;23;3;0
2024-07-12 00:00:00+02:00;4631;12-7-2024;7;12;28;4;0;3;0
2024-07-12 01:00:00+02:00;4632;12-7-2024;7;12;28;4;1;3;0
2024-07-12 02:00:00+02:00;4633;12-7-2024;7;12;28;4;2;3;0
2024-07-12 03:00:00+02:00;4634;12-7-2024;7;12;28;4;3;3;0
2024-07-12 04:00:00+02:00;4635;12-7-2024;7;12;28;4;4;3;0
2024-07-12 05:00:00+02:00;4636;12-7-2024;7;12;28;4;5;3;0
2024-07-12 06:00:00+02:00;4637;12-7-2024;7;12;28;4;6;3;0
2024-07-12 07:00:00+02:00;4638;12-7-2024;7;12;28;4;7;3;0
2024-07-12 08:00:00+02:00;4639;12-7-2024;7;12;28;4;8;3;0
2024-07-12 09:00:00+02:00;4640;12-7-2024;7;12;28;4;9;3;0
2024-07-12 10:00:00+02:00;4641;12-7-2024;7;12;28;4;10;3;0
2024-07-12 11:00:00+02:00;4642;12-7-2024;7;12;28;4;11;3;0
2024-07-12 12:00:00+02:00;4643;12-7-2024;7;12;28;4;12;3;0
2024-07-12 13:00:00+02:00;4644;12-7-2024;7;12;28;4;13;3;0
2024-07-12 14:00:00+02:00;4645;12-7-2024;7;12;28;4;14;3;0
2024-07-12 15:00:00+02:00;4646;12-7-2024;7;12;28;4;15;3;0
2024-07-12 16:00:00+02:00;4647;12-7-2024;7;12;28;4;16;3;0
2024-07-12 17:00:00+02:00;4648;12-7-2024;7;12;28;4;17;3;0
2024-07-12 18:00:00+02:00;4649;12-7-2024;7;12;28;4;18;3;0
2024-07-12 19:00:00+02:00;4650;12-7-2024;7;12;28;4;19;3;0
2024-07-12 20:00:00+02:00;4651;12-7-2024;7;12;28;4;20;3;0
2024-07-12 21:00:00+02:00;4652;12-7-2024;7;12;28;4;21;3;0
2024-07-12 22:00:00+02:00;4653;12-7-2024;7;12;28;4;22;3;0
2024-07-12 23:00:00+02:00;4654;12-7-2024;7;12;28;4;23;3;0
2024-07-13 00:00:00+02:00;4655;13-7-2024;7;13;28;5;0;3;0
2024-07-13 01:00:00+02:00;4656;13-7-2024;7;13;28;5;1;3;0
2024-07-13 02:00:00+02:00;4657;13-7-2024;7;13;28;5;2;3;0
2024-07-13 03:00:00+02:00;4658;13-7-2024;7;13;28;5;3;3;0
2024-07-13 04:00:00+02:00;4659;13-7-2024;7;13;28;5;4;3;0
2024-07-13 05:00:00+02:00;4660;13-7-2024;7;13;28;5;5;3;0
2024-07-13 06:00:00+02:00;4661;13-7-2024;7;13;28;5;6;3;0
2024-07-13 07:00:00+02:00;4662;13-7-2024;7;13;28;5;7;3;0
2024-07-13 08:00:00+02:00;4663;13-7-2024;7;13;28;5;8;3;0
2024-07-13 09:00:00+02:00;4664;13-7-2024;7;13;28;5;9;3;0
2024-07-13 10:00:00+02:00;4665;13-7-2024;7;13;28;5;10;3;0
2024-07-13 11:00:00+02:00;4666;13-7-2024;7;13;28;5;11;3;0
2024-07-13 12:00:00+02:00;4667;13-7-2024;7;13;28;5;12;3;0
2024-07-13 13:00:00+02:00;4668;13-7-2024;7;13;28;5;13;3;0
2024-07-13 14:00:00+02:00;4669;13-7-2024;7;13;28;5;14;3;0
2024-07-13 15:00:00+02:00;4670;13-7-2024;7;13;28;5;15;3;0
2024-07-13 16:00:00+02:00;4671;13-7-2024;7;13;28;5;16;3;0
2024-07-13 17:00:00+02:00;4672;13-7-2024;7;13;28;5;17;3;0
2024-07-13 18:00:00+02:00;4673;13-7-2024;7;13;28;5;18;3;0
2024-07-13 19:00:00+02:00;4674;13-7-2024;7;13;28;5;19;3;0
2024-07-13 20:00:00+02:00;4675;13-7-2024;7;13;28;5;20;3;0
2024-07-13 21:00:00+02:00;4676;13-7-2024;7;13;28;5;21;3;0
2024-07-13 22:00:00+02:00;4677;13-7-2024;7;13;28;5;22;3;0
2024-07-13 23:00:00+02:00;4678;13-7-2024;7;13;28;5;23;3;0
2024-07-14 00:00:00+02:00;4679;14-7-2024;7;14;28;6;0;3;0
2024-07-14 01:00:00+02:00;4680;14-7-2024;7;14;28;6;1;3;0
2024-07-14 02:00:00+02:00;4681;14-7-2024;7;14;28;6;2;3;0
2024-07-14 03:00:00+02:00;4682;14-7-2024;7;14;28;6;3;3;0
2024-07-14 04:00:00+02:00;4683;14-7-2024;7;14;28;6;4;3;0
2024-07-14 05:00:00+02:00;4684;14-7-2024;7;14;28;6;5;3;0
2024-07-14 06:00:00+02:00;4685;14-7-2024;7;14;28;6;6;3;0
2024-07-14 07:00:00+02:00;4686;14-7-2024;7;14;28;6;7;3;0
2024-07-14 08:00:00+02:00;4687;14-7-2024;7;14;28;6;8;3;0
2024-07-14 09:00:00+02:00;4688;14-7-2024;7;14;28;6;9;3;0
2024-07-14 10:00:00+02:00;4689;14-7-2024;7;14;28;6;10;3;0
2024-07-14 11:00:00+02:00;4690;14-7-2024;7;14;28;6;11;3;0
2024-07-14 12:00:00+02:00;4691;14-7-2024;7;14;28;6;12;3;0
2024-07-14 13:00:00+02:00;4692;14-7-2024;7;14;28;6;13;3;0
2024-07-14 14:00:00+02:00;4693;14-7-2024;7;14;28;6;14;3;0
2024-07-14 15:00:00+02:00;4694;14-7-2024;7;14;28;6;15;3;0
2024-07-14 16:00:00+02:00;4695;14-7-2024;7;14;28;6;16;3;0
2024-07-14 17:00:00+02:00;4696;14-7-2024;7;14;28;6;17;3;0
2024-07-14 18:00:00+02:00;4697;14-7-2024;7;14;28;6;18;3;0
2024-07-14 19:00:00+02:00;4698;14-7-2024;7;14;28;6;19;3;0
2024-07-14 20:00:00+02:00;4699;14-7-2024;7;14;28;6;20;3;0
2024-07-14 21:00:00+02:00;4700;14-7-2024;7;14;28;6;21;3;0
2024-07-14 22:00:00+02:00;4701;14-7-2024;7;14;28;6;22;3;0
2024-07-14 23:00:00+02:00;4702;14-7-2024;7;14;28;6;23;3;0
2024-07-15 00:00:00+02:00;4703;15-7-2024;7;15;29;0;0;3;0
2024-07-15 01:00:00+02:00;4704;15-7-2024;7;15;29;0;1;3;0
2024-07-15 02:00:00+02:00;4705;15-7-2024;7;15;29;0;2;3;0
2024-07-15 03:00:00+02:00;4706;15-7-2024;7;15;29;0;3;3;0
2024-07-15 04:00:00+02:00;4707;15-7-2024;7;15;29;0;4;3;0
2024-07-15 05:00:00+02:00;4708;15-7-2024;7;15;29;0;5;3;0
2024-07-15 06:00:00+02:00;4709;15-7-2024;7;15;29;0;6;3;0
2024-07-15 07:00:00+02:00;4710;15-7-2024;7;15;29;0;7;3;0
2024-07-15 08:00:00+02:00;4711;15-7-2024;7;15;29;0;8;3;0
2024-07-15 09:00:00+02:00;4712;15-7-2024;7;15;29;0;9;3;0
2024-07-15 10:00:00+02:00;4713;15-7-2024;7;15;29;0;10;3;0
2024-07-15 11:00:00+02:00;4714;15-7-2024;7;15;29;0;11;3;0
2024-07-15 12:00:00+02:00;4715;15-7-2024;7;15;29;0;12;3;0
2024-07-15 13:00:00+02:00;4716;15-7-2024;7;15;29;0;13;3;0
2024-07-15 14:00:00+02:00;4717;15-7-2024;7;15;29;0;14;3;0
2024-07-15 15:00:00+02:00;4718;15-7-2024;7;15;29;0;15;3;0
2024-07-15 16:00:00+02:00;4719;15-7-2024;7;15;29;0;16;3;0
2024-07-15 17:00:00+02:00;4720;15-7-2024;7;15;29;0;17;3;0
2024-07-15 18:00:00+02:00;4721;15-7-2024;7;15;29;0;18;3;0
2024-07-15 19:00:00+02:00;4722;15-7-2024;7;15;29;0;19;3;0
2024-07-15 20:00:00+02:00;4723;15-7-2024;7;15;29;0;20;3;0
2024-07-15 21:00:00+02:00;4724;15-7-2024;7;15;29;0;21;3;0
2024-07-15 22:00:00+02:00;4725;15-7-2024;7;15;29;0;22;3;0
2024-07-15 23:00:00+02:00;4726;15-7-2024;7;15;29;0;23;3;0
2024-07-16 00:00:00+02:00;4727;16-7-2024;7;16;29;1;0;3;0
2024-07-16 01:00:00+02:00;4728;16-7-2024;7;16;29;1;1;3;0
2024-07-16 02:00:00+02:00;4729;16-7-2024;7;16;29;1;2;3;0
2024-07-16 03:00:00+02:00;4730;16-7-2024;7;16;29;1;3;3;0
2024-07-16 04:00:00+02:00;4731;16-7-2024;7;16;29;1;4;3;0
2024-07-16 05:00:00+02:00;4732;16-7-2024;7;16;29;1;5;3;0
2024-07-16 06:00:00+02:00;4733;16-7-2024;7;16;29;1;6;3;0
2024-07-16 07:00:00+02:00;4734;16-7-2024;7;16;29;1;7;3;0
2024-07-16 08:00:00+02:00;4735;16-7-2024;7;16;29;1;8;3;0
2024-07-16 09:00:00+02:00;4736;16-7-2024;7;16;29;1;9;3;0
2024-07-16 10:00:00+02:00;4737;16-7-2024;7;16;29;1;10;3;0
2024-07-16 11:00:00+02:00;4738;16-7-2024;7;16;29;1;11;3;0
2024-07-16 12:00:00+02:00;4739;16-7-2024;7;16;29;1;12;3;0
2024-07-16 13:00:00+02:00;4740;16-7-2024;7;16;29;1;13;3;0
2024-07-16 14:00:00+02:00;4741;16-7-2024;7;16;29;1;14;3;0
2024-07-16 15:00:00+02:00;4742;16-7-2024;7;16;29;1;15;3;0
2024-07-16 16:00:00+02:00;4743;16-7-2024;7;16;29;1;16;3;0
2024-07-16 17:00:00+02:00;4744;16-7-2024;7;16;29;1;17;3;0
2024-07-16 18:00:00+02:00;4745;16-7-2024;7;16;29;1;18;3;0
2024-07-16 19:00:00+02:00;4746;16-7-2024;7;16;29;1;19;3;0
2024-07-16 20:00:00+02:00;4747;16-7-2024;7;16;29;1;20;3;0
2024-07-16 21:00:00+02:00;4748;16-7-2024;7;16;29;1;21;3;0
2024-07-16 22:00:00+02:00;4749;16-7-2024;7;16;29;1;22;3;0
2024-07-16 23:00:00+02:00;4750;16-7-2024;7;16;29;1;23;3;0
2024-07-17 00:00:00+02:00;4751;17-7-2024;7;17;29;2;0;3;0
2024-07-17 01:00:00+02:00;4752;17-7-2024;7;17;29;2;1;3;0
2024-07-17 02:00:00+02:00;4753;17-7-2024;7;17;29;2;2;3;0
2024-07-17 03:00:00+02:00;4754;17-7-2024;7;17;29;2;3;3;0
2024-07-17 04:00:00+02:00;4755;17-7-2024;7;17;29;2;4;3;0
2024-07-17 05:00:00+02:00;4756;17-7-2024;7;17;29;2;5;3;0
2024-07-17 06:00:00+02:00;4757;17-7-2024;7;17;29;2;6;3;0
2024-07-17 07:00:00+02:00;4758;17-7-2024;7;17;29;2;7;3;0
2024-07-17 08:00:00+02:00;4759;17-7-2024;7;17;29;2;8;3;0
2024-07-17 09:00:00+02:00;4760;17-7-2024;7;17;29;2;9;3;0
2024-07-17 10:00:00+02:00;4761;17-7-2024;7;17;29;2;10;3;0
2024-07-17 11:00:00+02:00;4762;17-7-2024;7;17;29;2;11;3;0
2024-07-17 12:00:00+02:00;4763;17-7-2024;7;17;29;2;12;3;0
2024-07-17 13:00:00+02:00;4764;17-7-2024;7;17;29;2;13;3;0
2024-07-17 14:00:00+02:00;4765;17-7-2024;7;17;29;2;14;3;0
2024-07-17 15:00:00+02:00;4766;17-7-2024;7;17;29;2;15;3;0
2024-07-17 16:00:00+02:00;4767;17-7-2024;7;17;29;2;16;3;0
2024-07-17 17:00:00+02:00;4768;17-7-2024;7;17;29;2;17;3;0
2024-07-17 18:00:00+02:00;4769;17-7-2024;7;17;29;2;18;3;0
2024-07-17 19:00:00+02:00;4770;17-7-2024;7;17;29;2;19;3;0
2024-07-17 20:00:00+02:00;4771;17-7-2024;7;17;29;2;20;3;0
2024-07-17 21:00:00+02:00;4772;17-7-2024;7;17;29;2;21;3;0
2024-07-17 22:00:00+02:00;4773;17-7-2024;7;17;29;2;22;3;0
2024-07-17 23:00:00+02:00;4774;17-7-2024;7;17;29;2;23;3;0
2024-07-18 00:00:00+02:00;4775;18-7-2024;7;18;29;3;0;3;0
2024-07-18 01:00:00+02:00;4776;18-7-2024;7;18;29;3;1;3;0
2024-07-18 02:00:00+02:00;4777;18-7-2024;7;18;29;3;2;3;0
2024-07-18 03:00:00+02:00;4778;18-7-2024;7;18;29;3;3;3;0
2024-07-18 04:00:00+02:00;4779;18-7-2024;7;18;29;3;4;3;0
2024-07-18 05:00:00+02:00;4780;18-7-2024;7;18;29;3;5;3;0
2024-07-18 06:00:00+02:00;4781;18-7-2024;7;18;29;3;6;3;0
2024-07-18 07:00:00+02:00;4782;18-7-2024;7;18;29;3;7;3;0
2024-07-18 08:00:00+02:00;4783;18-7-2024;7;18;29;3;8;3;0
2024-07-18 09:00:00+02:00;4784;18-7-2024;7;18;29;3;9;3;0
2024-07-18 10:00:00+02:00;4785;18-7-2024;7;18;29;3;10;3;0
2024-07-18 11:00:00+02:00;4786;18-7-2024;7;18;29;3;11;3;0
2024-07-18 12:00:00+02:00;4787;18-7-2024;7;18;29;3;12;3;0
2024-07-18 13:00:00+02:00;4788;18-7-2024;7;18;29;3;13;3;0
2024-07-18 14:00:00+02:00;4789;18-7-2024;7;18;29;3;14;3;0
2024-07-18 15:00:00+02:00;4790;18-7-2024;7;18;29;3;15;3;0
2024-07-18 16:00:00+02:00;4791;18-7-2024;7;18;29;3;16;3;0
2024-07-18 17:00:00+02:00;4792;18-7-2024;7;18;29;3;17;3;0
2024-07-18 18:00:00+02:00;4793;18-7-2024;7;18;29;3;18;3;0
2024-07-18 19:00:00+02:00;4794;18-7-2024;7;18;29;3;19;3;0
2024-07-18 20:00:00+02:00;4795;18-7-2024;7;18;29;3;20;3;0
2024-07-18 21:00:00+02:00;4796;18-7-2024;7;18;29;3;21;3;0
2024-07-18 22:00:00+02:00;4797;18-7-2024;7;18;29;3;22;3;0
2024-07-18 23:00:00+02:00;4798;18-7-2024;7;18;29;3;23;3;0
2024-07-19 00:00:00+02:00;4799;19-7-2024;7;19;29;4;0;3;0
2024-07-19 01:00:00+02:00;4800;19-7-2024;7;19;29;4;1;3;0
2024-07-19 02:00:00+02:00;4801;19-7-2024;7;19;29;4;2;3;0
2024-07-19 03:00:00+02:00;4802;19-7-2024;7;19;29;4;3;3;0
2024-07-19 04:00:00+02:00;4803;19-7-2024;7;19;29;4;4;3;0
2024-07-19 05:00:00+02:00;4804;19-7-2024;7;19;29;4;5;3;0
2024-07-19 06:00:00+02:00;4805;19-7-2024;7;19;29;4;6;3;0
2024-07-19 07:00:00+02:00;4806;19-7-2024;7;19;29;4;7;3;0
2024-07-19 08:00:00+02:00;4807;19-7-2024;7;19;29;4;8;3;0
2024-07-19 09:00:00+02:00;4808;19-7-2024;7;19;29;4;9;3;0
2024-07-19 10:00:00+02:00;4809;19-7-2024;7;19;29;4;10;3;0
2024-07-19 11:00:00+02:00;4810;19-7-2024;7;19;29;4;11;3;0
2024-07-19 12:00:00+02:00;4811;19-7-2024;7;19;29;4;12;3;0
2024-07-19 13:00:00+02:00;4812;19-7-2024;7;19;29;4;13;3;0
2024-07-19 14:00:00+02:00;4813;19-7-2024;7;19;29;4;14;3;0
2024-07-19 15:00:00+02:00;4814;19-7-2024;7;19;29;4;15;3;0
2024-07-19 16:00:00+02:00;4815;19-7-2024;7;19;29;4;16;3;0
2024-07-19 17:00:00+02:00;4816;19-7-2024;7;19;29;4;17;3;0
2024-07-19 18:00:00+02:00;4817;19-7-2024;7;19;29;4;18;3;0
2024-07-19 19:00:00+02:00;4818;19-7-2024;7;19;29;4;19;3;0
2024-07-19 20:00:00+02:00;4819;19-7-2024;7;19;29;4;20;3;0
2024-07-19 21:00:00+02:00;4820;19-7-2024;7;19;29;4;21;3;0
2024-07-19 22:00:00+02:00;4821;19-7-2024;7;19;29;4;22;3;0
2024-07-19 23:00:00+02:00;4822;19-7-2024;7;19;29;4;23;3;0
2024-07-20 00:00:00+02:00;4823;20-7-2024;7;20;29;5;0;3;0
2024-07-20 01:00:00+02:00;4824;20-7-2024;7;20;29;5;1;3;0
2024-07-20 02:00:00+02:00;4825;20-7-2024;7;20;29;5;2;3;0
2024-07-20 03:00:00+02:00;4826;20-7-2024;7;20;29;5;3;3;0
2024-07-20 04:00:00+02:00;4827;20-7-2024;7;20;29;5;4;3;0
2024-07-20 05:00:00+02:00;4828;20-7-2024;7;20;29;5;5;3;0
2024-07-20 06:00:00+02:00;4829;20-7-2024;7;20;29;5;6;3;0
2024-07-20 07:00:00+02:00;4830;20-7-2024;7;20;29;5;7;3;0
2024-07-20 08:00:00+02:00;4831;20-7-2024;7;20;29;5;8;3;0
2024-07-20 09:00:00+02:00;4832;20-7-2024;7;20;29;5;9;3;0
2024-07-20 10:00:00+02:00;4833;20-7-2024;7;20;29;5;10;3;0
2024-07-20 11:00:00+02:00;4834;20-7-2024;7;20;29;5;11;3;0
2024-07-20 12:00:00+02:00;4835;20-7-2024;7;20;29;5;12;3;0
2024-07-20 13:00:00+02:00;4836;20-7-2024;7;20;29;5;13;3;0
2024-07-20 14:00:00+02:00;4837;20-7-2024;7;20;29;5;14;3;0
2024-07-20 15:00:00+02:00;4838;20-7-2024;7;20;29;5;15;3;0
2024-07-20 16:00:00+02:00;4839;20-7-2024;7;20;29;5;16;3;0
2024-07-20 17:00:00+02:00;4840;20-7-2024;7;20;29;5;17;3;0
2024-07-20 18:00:00+02:00;4841;20-7-2024;7;20;29;5;18;3;0
2024-07-20 19:00:00+02:00;4842;20-7-2024;7;20;29;5;19;3;0
2024-07-20 20:00:00+02:00;4843;20-7-2024;7;20;29;5;20;3;0
2024-07-20 21:00:00+02:00;4844;20-7-2024;7;20;29;5;21;3;0
2024-07-20 22:00:00+02:00;4845;20-7-2024;7;20;29;5;22;3;0
2024-07-20 23:00:00+02:00;4846;20-7-2024;7;20;29;5;23;3;0
2024-07-21 00:00:00+02:00;4847;21-7-2024;7;21;29;6;0;3;0
2024-07-21 01:00:00+02:00;4848;21-7-2024;7;21;29;6;1;3;0
2024-07-21 02:00:00+02:00;4849;21-7-2024;7;21;29;6;2;3;0
2024-07-21 03:00:00+02:00;4850;21-7-2024;7;21;29;6;3;3;0
2024-07-21 04:00:00+02:00;4851;21-7-2024;7;21;29;6;4;3;0
2024-07-21 05:00:00+02:00;4852;21-7-2024;7;21;29;6;5;3;0
2024-07-21 06:00:00+02:00;4853;21-7-2024;7;21;29;6;6;3;0
2024-07-21 07:00:00+02:00;4854;21-7-2024;7;21;29;6;7;3;0
2024-07-21 08:00:00+02:00;4855;21-7-2024;7;21;29;6;8;3;0
2024-07-21 09:00:00+02:00;4856;21-7-2024;7;21;29;6;9;3;0
2024-07-21 10:00:00+02:00;4857;21-7-2024;7;21;29;6;10;3;0
2024-07-21 11:00:00+02:00;4858;21-7-2024;7;21;29;6;11;3;0
2024-07-21 12:00:00+02:00;4859;21-7-2024;7;21;29;6;12;3;0
2024-07-21 13:00:00+02:00;4860;21-7-2024;7;21;29;6;13;3;0
2024-07-21 14:00:00+02:00;4861;21-7-2024;7;21;29;6;14;3;0
2024-07-21 15:00:00+02:00;4862;21-7-2024;7;21;29;6;15;3;0
2024-07-21 16:00:00+02:00;4863;21-7-2024;7;21;29;6;16;3;0
2024-07-21 17:00:00+02:00;4864;21-7-2024;7;21;29;6;17;3;0
2024-07-21 18:00:00+02:00;4865;21-7-2024;7;21;29;6;18;3;0
2024-07-21 19:00:00+02:00;4866;21-7-2024;7;21;29;6;19;3;0
2024-07-21 20:00:00+02:00;4867;21-7-2024;7;21;29;6;20;3;0
2024-07-21 21:00:00+02:00;4868;21-7-2024;7;21;29;6;21;3;0
2024-07-21 22:00:00+02:00;4869;21-7-2024;7;21;29;6;22;3;0
2024-07-21 23:00:00+02:00;4870;21-7-2024;7;21;29;6;23;3;0
2024-07-22 00:00:00+02:00;4871;22-7-2024;7;22;30;0;0;3;0
2024-07-22 01:00:00+02:00;4872;22-7-2024;7;22;30;0;1;3;0
2024-07-22 02:00:00+02:00;4873;22-7-2024;7;22;30;0;2;3;0
2024-07-22 03:00:00+02:00;4874;22-7-2024;7;22;30;0;3;3;0
2024-07-22 04:00:00+02:00;4875;22-7-2024;7;22;30;0;4;3;0
2024-07-22 05:00:00+02:00;4876;22-7-2024;7;22;30;0;5;3;0
2024-07-22 06:00:00+02:00;4877;22-7-2024;7;22;30;0;6;3;0
2024-07-22 07:00:00+02:00;4878;22-7-2024;7;22;30;0;7;3;0
2024-07-22 08:00:00+02:00;4879;22-7-2024;7;22;30;0;8;3;0
2024-07-22 09:00:00+02:00;4880;22-7-2024;7;22;30;0;9;3;0
2024-07-22 10:00:00+02:00;4881;22-7-2024;7;22;30;0;10;3;0
2024-07-22 11:00:00+02:00;4882;22-7-2024;7;22;30;0;11;3;0
2024-07-22 12:00:00+02:00;4883;22-7-2024;7;22;30;0;12;3;0
2024-07-22 13:00:00+02:00;4884;22-7-2024;7;22;30;0;13;3;0
2024-07-22 14:00:00+02:00;4885;22-7-2024;7;22;30;0;14;3;0
2024-07-22 15:00:00+02:00;4886;22-7-2024;7;22;30;0;15;3;0
2024-07-22 16:00:00+02:00;4887;22-7-2024;7;22;30;0;16;3;0
2024-07-22 17:00:00+02:00;4888;22-7-2024;7;22;30;0;17;3;0
2024-07-22 18:00:00+02:00;4889;22-7-2024;7;22;30;0;18;3;0
2024-07-22 19:00:00+02:00;4890;22-7-2024;7;22;30;0;19;3;0
2024-07-22 20:00:00+02:00;4891;22-7-2024;7;22;30;0;20;3;0
2024-07-22 21:00:00+02:00;4892;22-7-2024;7;22;30;0;21;3;0
2024-07-22 22:00:00+02:00;4893;22-7-2024;7;22;30;0;22;3;0
2024-07-22 23:00:00+02:00;4894;22-7-2024;7;22;30;0;23;3;0
2024-07-23 00:00:00+02:00;4895;23-7-2024;7;23;30;1;0;3;0
2024-07-23 01:00:00+02:00;4896;23-7-2024;7;23;30;1;1;3;0
2024-07-23 02:00:00+02:00;4897;23-7-2024;7;23;30;1;2;3;0
2024-07-23 03:00:00+02:00;4898;23-7-2024;7;23;30;1;3;3;0
2024-07-23 04:00:00+02:00;4899;23-7-2024;7;23;30;1;4;3;0
2024-07-23 05:00:00+02:00;4900;23-7-2024;7;23;30;1;5;3;0
2024-07-23 06:00:00+02:00;4901;23-7-2024;7;23;30;1;6;3;0
2024-07-23 07:00:00+02:00;4902;23-7-2024;7;23;30;1;7;3;0
2024-07-23 08:00:00+02:00;4903;23-7-2024;7;23;30;1;8;3;0
2024-07-23 09:00:00+02:00;4904;23-7-2024;7;23;30;1;9;3;0
2024-07-23 10:00:00+02:00;4905;23-7-2024;7;23;30;1;10;3;0
2024-07-23 11:00:00+02:00;4906;23-7-2024;7;23;30;1;11;3;0
2024-07-23 12:00:00+02:00;4907;23-7-2024;7;23;30;1;12;3;0
2024-07-23 13:00:00+02:00;4908;23-7-2024;7;23;30;1;13;3;0
2024-07-23 14:00:00+02:00;4909;23-7-2024;7;23;30;1;14;3;0
2024-07-23 15:00:00+02:00;4910;23-7-2024;7;23;30;1;15;3;0
2024-07-23 16:00:00+02:00;4911;23-7-2024;7;23;30;1;16;3;0
2024-07-23 17:00:00+02:00;4912;23-7-2024;7;23;30;1;17;3;0
2024-07-23 18:00:00+02:00;4913;23-7-2024;7;23;30;1;18;3;0
2024-07-23 19:00:00+02:00;4914;23-7-2024;7;23;30;1;19;3;0
2024-07-23 20:00:00+02:00;4915;23-7-2024;7;23;30;1;20;3;0
2024-07-23 21:00:00+02:00;4916;23-7-2024;7;23;30;1;21;3;0
2024-07-23 22:00:00+02:00;4917;23-7-2024;7;23;30;1;22;3;0
2024-07-23 23:00:00+02:00;4918;23-7-2024;7;23;30;1;23;3;0
2024-07-24 00:00:00+02:00;4919;24-7-2024;7;24;30;2;0;3;0
2024-07-24 01:00:00+02:00;4920;24-7-2024;7;24;30;2;1;3;0
2024-07-24 02:00:00+02:00;4921;24-7-2024;7;24;30;2;2;3;0
2024-07-24 03:00:00+02:00;4922;24-7-2024;7;24;30;2;3;3;0
2024-07-24 04:00:00+02:00;4923;24-7-2024;7;24;30;2;4;3;0
2024-07-24 05:00:00+02:00;4924;24-7-2024;7;24;30;2;5;3;0
2024-07-24 06:00:00+02:00;4925;24-7-2024;7;24;30;2;6;3;0
2024-07-24 07:00:00+02:00;4926;24-7-2024;7;24;30;2;7;3;0
2024-07-24 08:00:00+02:00;4927;24-7-2024;7;24;30;2;8;3;0
2024-07-24 09:00:00+02:00;4928;24-7-2024;7;24;30;2;9;3;0
2024-07-24 10:00:00+02:00;4929;24-7-2024;7;24;30;2;10;3;0
2024-07-24 11:00:00+02:00;4930;24-7-2024;7;24;30;2;11;3;0
2024-07-24 12:00:00+02:00;4931;24-7-2024;7;24;30;2;12;3;0
2024-07-24 13:00:00+02:00;4932;24-7-2024;7;24;30;2;13;3;0
2024-07-24 14:00:00+02:00;4933;24-7-2024;7;24;30;2;14;3;0
2024-07-24 15:00:00+02:00;4934;24-7-2024;7;24;30;2;15;3;0
2024-07-24 16:00:00+02:00;4935;24-7-2024;7;24;30;2;16;3;0
2024-07-24 17:00:00+02:00;4936;24-7-2024;7;24;30;2;17;3;0
2024-07-24 18:00:00+02:00;4937;24-7-2024;7;24;30;2;18;3;0
2024-07-24 19:00:00+02:00;4938;24-7-2024;7;24;30;2;19;3;0
2024-07-24 20:00:00+02:00;4939;24-7-2024;7;24;30;2;20;3;0
2024-07-24 21:00:00+02:00;4940;24-7-2024;7;24;30;2;21;3;0
2024-07-24 22:00:00+02:00;4941;24-7-2024;7;24;30;2;22;3;0
2024-07-24 23:00:00+02:00;4942;24-7-2024;7;24;30;2;23;3;0
2024-07-25 00:00:00+02:00;4943;25-7-2024;7;25;30;3;0;3;0
2024-07-25 01:00:00+02:00;4944;25-7-2024;7;25;30;3;1;3;0
2024-07-25 02:00:00+02:00;4945;25-7-2024;7;25;30;3;2;3;0
2024-07-25 03:00:00+02:00;4946;25-7-2024;7;25;30;3;3;3;0
2024-07-25 04:00:00+02:00;4947;25-7-2024;7;25;30;3;4;3;0
2024-07-25 05:00:00+02:00;4948;25-7-2024;7;25;30;3;5;3;0
2024-07-25 06:00:00+02:00;4949;25-7-2024;7;25;30;3;6;3;0
2024-07-25 07:00:00+02:00;4950;25-7-2024;7;25;30;3;7;3;0
2024-07-25 08:00:00+02:00;4951;25-7-2024;7;25;30;3;8;3;0
2024-07-25 09:00:00+02:00;4952;25-7-2024;7;25;30;3;9;3;0
2024-07-25 10:00:00+02:00;4953;25-7-2024;7;25;30;3;10;3;0
2024-07-25 11:00:00+02:00;4954;25-7-2024;7;25;30;3;11;3;0
2024-07-25 12:00:00+02:00;4955;25-7-2024;7;25;30;3;12;3;0
2024-07-25 13:00:00+02:00;4956;25-7-2024;7;25;30;3;13;3;0
2024-07-25 14:00:00+02:00;4957;25-7-2024;7;25;30;3;14;3;0
2024-07-25 15:00:00+02:00;4958;25-7-2024;7;25;30;3;15;3;0
2024-07-25 16:00:00+02:00;4959;25-7-2024;7;25;30;3;16;3;0
2024-07-25 17:00:00+02:00;4960;25-7-2024;7;25;30;3;17;3;0
2024-07-25 18:00:00+02:00;4961;25-7-2024;7;25;30;3;18;3;0
2024-07-25 19:00:00+02:00;4962;25-7-2024;7;25;30;3;19;3;0
2024-07-25 20:00:00+02:00;4963;25-7-2024;7;25;30;3;20;3;0
2024-07-25 21:00:00+02:00;4964;25-7-2024;7;25;30;3;21;3;0
2024-07-25 22:00:00+02:00;4965;25-7-2024;7;25;30;3;22;3;0
2024-07-25 23:00:00+02:00;4966;25-7-2024;7;25;30;3;23;3;0
2024-07-26 00:00:00+02:00;4967;26-7-2024;7;26;30;4;0;3;0
2024-07-26 01:00:00+02:00;4968;26-7-2024;7;26;30;4;1;3;0
2024-07-26 02:00:00+02:00;4969;26-7-2024;7;26;30;4;2;3;0
2024-07-26 03:00:00+02:00;4970;26-7-2024;7;26;30;4;3;3;0
2024-07-26 04:00:00+02:00;4971;26-7-2024;7;26;30;4;4;3;0
2024-07-26 05:00:00+02:00;4972;26-7-2024;7;26;30;4;5;3;0
2024-07-26 06:00:00+02:00;4973;26-7-2024;7;26;30;4;6;3;0
2024-07-26 07:00:00+02:00;4974;26-7-2024;7;26;30;4;7;3;0
2024-07-26 08:00:00+02:00;4975;26-7-2024;7;26;30;4;8;3;0
2024-07-26 09:00:00+02:00;4976;26-7-2024;7;26;30;4;9;3;0
2024-07-26 10:00:00+02:00;4977;26-7-2024;7;26;30;4;10;3;0
2024-07-26 11:00:00+02:00;4978;26-7-2024;7;26;30;4;11;3;0
2024-07-26 12:00:00+02:00;4979;26-7-2024;7;26;30;4;12;3;0
2024-07-26 13:00:00+02:00;4980;26-7-2024;7;26;30;4;13;3;0
2024-07-26 14:00:00+02:00;4981;26-7-2024;7;26;30;4;14;3;0
2024-07-26 15:00:00+02:00;4982;26-7-2024;7;26;30;4;15;3;0
2024-07-26 16:00:00+02:00;4983;26-7-2024;7;26;30;4;16;3;0
2024-07-26 17:00:00+02:00;4984;26-7-2024;7;26;30;4;17;3;0
2024-07-26 18:00:00+02:00;4985;26-7-2024;7;26;30;4;18;3;0
2024-07-26 19:00:00+02:00;4986;26-7-2024;7;26;30;4;19;3;0
2024-07-26 20:00:00+02:00;4987;26-7-2024;7;26;30;4;20;3;0
2024-07-26 21:00:00+02:00;4988;26-7-2024;7;26;30;4;21;3;0
2024-07-26 22:00:00+02:00;4989;26-7-2024;7;26;30;4;22;3;0
2024-07-26 23:00:00+02:00;4990;26-7-2024;7;26;30;4;23;3;0
2024-07-27 00:00:00+02:00;4991;27-7-2024;7;27;30;5;0;3;0
2024-07-27 01:00:00+02:00;4992;27-7-2024;7;27;30;5;1;3;0
2024-07-27 02:00:00+02:00;4993;27-7-2024;7;27;30;5;2;3;0
2024-07-27 03:00:00+02:00;4994;27-7-2024;7;27;30;5;3;3;0
2024-07-27 04:00:00+02:00;4995;27-7-2024;7;27;30;5;4;3;0
2024-07-27 05:00:00+02:00;4996;27-7-2024;7;27;30;5;5;3;0
2024-07-27 06:00:00+02:00;4997;27-7-2024;7;27;30;5;6;3;0
2024-07-27 07:00:00+02:00;4998;27-7-2024;7;27;30;5;7;3;0
2024-07-27 08:00:00+02:00;4999;27-7-2024;7;27;30;5;8;3;0
2024-07-27 09:00:00+02:00;5000;27-7-2024;7;27;30;5;9;3;0
2024-07-27 10:00:00+02:00;5001;27-7-2024;7;27;30;5;10;3;0
2024-07-27 11:00:00+02:00;5002;27-7-2024;7;27;30;5;11;3;0
2024-07-27 12:00:00+02:00;5003;27-7-2024;7;27;30;5;12;3;0
2024-07-27 13:00:00+02:00;5004;27-7-2024;7;27;30;5;13;3;0
2024-07-27 14:00:00+02:00;5005;27-7-2024;7;27;30;5;14;3;0
2024-07-27 15:00:00+02:00;5006;27-7-2024;7;27;30;5;15;3;0
2024-07-27 16:00:00+02:00;5007;27-7-2024;7;27;30;5;16;3;0
2024-07-27 17:00:00+02:00;5008;27-7-2024;7;27;30;5;17;3;0
2024-07-27 18:00:00+02:00;5009;27-7-2024;7;27;30;5;18;3;0
2024-07-27 19:00:00+02:00;5010;27-7-2024;7;27;30;5;19;3;0
2024-07-27 20:00:00+02:00;5011;27-7-2024;7;27;30;5;20;3;0
2024-07-27 21:00:00+02:00;5012;27-7-2024;7;27;30;5;21;3;0
2024-07-27 22:00:00+02:00;5013;27-7-2024;7;27;30;5;22;3;0
2024-07-27 23:00:00+02:00;5014;27-7-2024;7;27;30;5;23;3;0
2024-07-28 00:00:00+02:00;5015;28-7-2024;7;28;30;6;0;3;0
2024-07-28 01:00:00+02:00;5016;28-7-2024;7;28;30;6;1;3;0
2024-07-28 02:00:00+02:00;5017;28-7-2024;7;28;30;6;2;3;0
2024-07-28 03:00:00+02:00;5018;28-7-2024;7;28;30;6;3;3;0
2024-07-28 04:00:00+02:00;5019;28-7-2024;7;28;30;6;4;3;0
2024-07-28 05:00:00+02:00;5020;28-7-2024;7;28;30;6;5;3;0
2024-07-28 06:00:00+02:00;5021;28-7-2024;7;28;30;6;6;3;0
2024-07-28 07:00:00+02:00;5022;28-7-2024;7;28;30;6;7;3;0
2024-07-28 08:00:00+02:00;5023;28-7-2024;7;28;30;6;8;3;0
2024-07-28 09:00:00+02:00;5024;28-7-2024;7;28;30;6;9;3;0
2024-07-28 10:00:00+02:00;5025;28-7-2024;7;28;30;6;10;3;0
2024-07-28 11:00:00+02:00;5026;28-7-2024;7;28;30;6;11;3;0
2024-07-28 12:00:00+02:00;5027;28-7-2024;7;28;30;6;12;3;0
2024-07-28 13:00:00+02:00;5028;28-7-2024;7;28;30;6;13;3;0
2024-07-28 14:00:00+02:00;5029;28-7-2024;7;28;30;6;14;3;0
2024-07-28 15:00:00+02:00;5030;28-7-2024;7;28;30;6;15;3;0
2024-07-28 16:00:00+02:00;5031;28-7-2024;7;28;30;6;16;3;0
2024-07-28 17:00:00+02:00;5032;28-7-2024;7;28;30;6;17;3;0
2024-07-28 18:00:00+02:00;5033;28-7-2024;7;28;30;6;18;3;0
2024-07-28 19:00:00+02:00;5034;28-7-2024;7;28;30;6;19;3;0
2024-07-28 20:00:00+02:00;5035;28-7-2024;7;28;30;6;20;3;0
2024-07-28 21:00:00+02:00;5036;28-7-2024;7;28;30;6;21;3;0
2024-07-28 22:00:00+02:00;5037;28-7-2024;7;28;30;6;22;3;0
2024-07-28 23:00:00+02:00;5038;28-7-2024;7;28;30;6;23;3;0
2024-07-29 00:00:00+02:00;5039;29-7-2024;7;29;31;0;0;3;0
2024-07-29 01:00:00+02:00;5040;29-7-2024;7;29;31;0;1;3;0
2024-07-29 02:00:00+02:00;5041;29-7-2024;7;29;31;0;2;3;0
2024-07-29 03:00:00+02:00;5042;29-7-2024;7;29;31;0;3;3;0
2024-07-29 04:00:00+02:00;5043;29-7-2024;7;29;31;0;4;3;0
2024-07-29 05:00:00+02:00;5044;29-7-2024;7;29;31;0;5;3;0
2024-07-29 06:00:00+02:00;5045;29-7-2024;7;29;31;0;6;3;0
2024-07-29 07:00:00+02:00;5046;29-7-2024;7;29;31;0;7;3;0
2024-07-29 08:00:00+02:00;5047;29-7-2024;7;29;31;0;8;3;0
2024-07-29 09:00:00+02:00;5048;29-7-2024;7;29;31;0;9;3;0
2024-07-29 10:00:00+02:00;5049;29-7-2024;7;29;31;0;10;3;0
2024-07-29 11:00:00+02:00;5050;29-7-2024;7;29;31;0;11;3;0
2024-07-29 12:00:00+02:00;5051;29-7-2024;7;29;31;0;12;3;0
2024-07-29 13:00:00+02:00;5052;29-7-2024;7;29;31;0;13;3;0
2024-07-29 14:00:00+02:00;5053;29-7-2024;7;29;31;0;14;3;0
2024-07-29 15:00:00+02:00;5054;29-7-2024;7;29;31;0;15;3;0
2024-07-29 16:00:00+02:00;5055;29-7-2024;7;29;31;0;16;3;0
2024-07-29 17:00:00+02:00;5056;29-7-2024;7;29;31;0;17;3;0
2024-07-29 18:00:00+02:00;5057;29-7-2024;7;29;31;0;18;3;0
2024-07-29 19:00:00+02:00;5058;29-7-2024;7;29;31;0;19;3;0
2024-07-29 20:00:00+02:00;5059;29-7-2024;7;29;31;0;20;3;0
2024-07-29 21:00:00+02:00;5060;29-7-2024;7;29;31;0;21;3;0
2024-07-29 22:00:00+02:00;5061;29-7-2024;7;29;31;0;22;3;0
2024-07-29 23:00:00+02:00;5062;29-7-2024;7;29;31;0;23;3;0
2024-07-30 00:00:00+02:00;5063;30-7-2024;7;30;31;1;0;3;0
2024-07-30 01:00:00+02:00;5064;30-7-2024;7;30;31;1;1;3;0
2024-07-30 02:00:00+02:00;5065;30-7-2024;7;30;31;1;2;3;0
2024-07-30 03:00:00+02:00;5066;30-7-2024;7;30;31;1;3;3;0
2024-07-30 04:00:00+02:00;5067;30-7-2024;7;30;31;1;4;3;0
2024-07-30 05:00:00+02:00;5068;30-7-2024;7;30;31;1;5;3;0
2024-07-30 06:00:00+02:00;5069;30-7-2024;7;30;31;1;6;3;0
2024-07-30 07:00:00+02:00;5070;30-7-2024;7;30;31;1;7;3;0
2024-07-30 08:00:00+02:00;5071;30-7-2024;7;30;31;1;8;3;0
2024-07-30 09:00:00+02:00;5072;30-7-2024;7;30;31;1;9;3;0
2024-07-30 10:00:00+02:00;5073;30-7-2024;7;30;31;1;10;3;0
2024-07-30 11:00:00+02:00;5074;30-7-2024;7;30;31;1;11;3;0
2024-07-30 12:00:00+02:00;5075;30-7-2024;7;30;31;1;12;3;0
2024-07-30 13:00:00+02:00;5076;30-7-2024;7;30;31;1;13;3;0
2024-07-30 14:00:00+02:00;5077;30-7-2024;7;30;31;1;14;3;0
2024-07-30 15:00:00+02:00;5078;30-7-2024;7;30;31;1;15;3;0
2024-07-30 16:00:00+02:00;5079;30-7-2024;7;30;31;1;16;3;0
2024-07-30 17:00:00+02:00;5080;30-7-2024;7;30;31;1;17;3;0
2024-07-30 18:00:00+02:00;5081;30-7-2024;7;30;31;1;18;3;0
2024-07-30 19:00:00+02:00;5082;30-7-2024;7;30;31;1;19;3;0
2024-07-30 20:00:00+02:00;5083;30-7-2024;7;30;31;1;20;3;0
2024-07-30 21:00:00+02:00;5084;30-7-2024;7;30;31;1;21;3;0
2024-07-30 22:00:00+02:00;5085;30-7-2024;7;30;31;1;22;3;0
2024-07-30 23:00:00+02:00;5086;30-7-2024;7;30;31;1;23;3;0
2024-07-31 00:00:00+02:00;5087;31-7-2024;7;31;31;2;0;3;0
2024-07-31 01:00:00+02:00;5088;31-7-2024;7;31;31;2;1;3;0
2024-07-31 02:00:00+02:00;5089;31-7-2024;7;31;31;2;2;3;0
2024-07-31 03:00:00+02:00;5090;31-7-2024;7;31;31;2;3;3;0
2024-07-31 04:00:00+02:00;5091;31-7-2024;7;31;31;2;4;3;0
2024-07-31 05:00:00+02:00;5092;31-7-2024;7;31;31;2;5;3;0
2024-07-31 06:00:00+02:00;5093;31-7-2024;7;31;31;2;6;3;0
2024-07-31 07:00:00+02:00;5094;31-7-2024;7;31;31;2;7;3;0
2024-07-31 08:00:00+02:00;5095;31-7-2024;7;31;31;2;8;3;0
2024-07-31 09:00:00+02:00;5096;31-7-2024;7;31;31;2;9;3;0
2024-07-31 10:00:00+02:00;5097;31-7-2024;7;31;31;2;10;3;0
2024-07-31 11:00:00+02:00;5098;31-7-2024;7;31;31;2;11;3;0
2024-07-31 12:00:00+02:00;5099;31-7-2024;7;31;31;2;12;3;0
2024-07-31 13:00:00+02:00;5100;31-7-2024;7;31;31;2;13;3;0
2024-07-31 14:00:00+02:00;5101;31-7-2024;7;31;31;2;14;3;0
2024-07-31 15:00:00+02:00;5102;31-7-2024;7;31;31;2;15;3;0
2024-07-31 16:00:00+02:00;5103;31-7-2024;7;31;31;2;16;3;0
2024-07-31 17:00:00+02:00;5104;31-7-2024;7;31;31;2;17;3;0
2024-07-31 18:00:00+02:00;5105;31-7-2024;7;31;31;2;18;3;0
2024-07-31 19:00:00+02:00;5106;31-7-2024;7;31;31;2;19;3;0
2024-07-31 20:00:00+02:00;5107;31-7-2024;7;31;31;2;20;3;0
2024-07-31 21:00:00+02:00;5108;31-7-2024;7;31;31;2;21;3;0
2024-07-31 22:00:00+02:00;5109;31-7-2024;7;31;31;2;22;3;0
2024-07-31 23:00:00+02:00;5110;31-7-2024;7;31;31;2;23;3;0
2024-08-01 00:00:00+02:00;5111;1-8-2024;8;1;31;3;0;3;0
2024-08-01 01:00:00+02:00;5112;1-8-2024;8;1;31;3;1;3;0
2024-08-01 02:00:00+02:00;5113;1-8-2024;8;1;31;3;2;3;0
2024-08-01 03:00:00+02:00;5114;1-8-2024;8;1;31;3;3;3;0
2024-08-01 04:00:00+02:00;5115;1-8-2024;8;1;31;3;4;3;0
2024-08-01 05:00:00+02:00;5116;1-8-2024;8;1;31;3;5;3;0
2024-08-01 06:00:00+02:00;5117;1-8-2024;8;1;31;3;6;3;0
2024-08-01 07:00:00+02:00;5118;1-8-2024;8;1;31;3;7;3;0
2024-08-01 08:00:00+02:00;5119;1-8-2024;8;1;31;3;8;3;0
2024-08-01 09:00:00+02:00;5120;1-8-2024;8;1;31;3;9;3;0
2024-08-01 10:00:00+02:00;5121;1-8-2024;8;1;31;3;10;3;0
2024-08-01 11:00:00+02:00;5122;1-8-2024;8;1;31;3;11;3;0
2024-08-01 12:00:00+02:00;5123;1-8-2024;8;1;31;3;12;3;0
2024-08-01 13:00:00+02:00;5124;1-8-2024;8;1;31;3;13;3;0
2024-08-01 14:00:00+02:00;5125;1-8-2024;8;1;31;3;14;3;0
2024-08-01 15:00:00+02:00;5126;1-8-2024;8;1;31;3;15;3;0
2024-08-01 16:00:00+02:00;5127;1-8-2024;8;1;31;3;16;3;0
2024-08-01 17:00:00+02:00;5128;1-8-2024;8;1;31;3;17;3;0
2024-08-01 18:00:00+02:00;5129;1-8-2024;8;1;31;3;18;3;0
2024-08-01 19:00:00+02:00;5130;1-8-2024;8;1;31;3;19;3;0
2024-08-01 20:00:00+02:00;5131;1-8-2024;8;1;31;3;20;3;0
2024-08-01 21:00:00+02:00;5132;1-8-2024;8;1;31;3;21;3;0
2024-08-01 22:00:00+02:00;5133;1-8-2024;8;1;31;3;22;3;0
2024-08-01 23:00:00+02:00;5134;1-8-2024;8;1;31;3;23;3;0
2024-08-02 00:00:00+02:00;5135;2-8-2024;8;2;31;4;0;3;0
2024-08-02 01:00:00+02:00;5136;2-8-2024;8;2;31;4;1;3;0
2024-08-02 02:00:00+02:00;5137;2-8-2024;8;2;31;4;2;3;0
2024-08-02 03:00:00+02:00;5138;2-8-2024;8;2;31;4;3;3;0
2024-08-02 04:00:00+02:00;5139;2-8-2024;8;2;31;4;4;3;0
2024-08-02 05:00:00+02:00;5140;2-8-2024;8;2;31;4;5;3;0
2024-08-02 06:00:00+02:00;5141;2-8-2024;8;2;31;4;6;3;0
2024-08-02 07:00:00+02:00;5142;2-8-2024;8;2;31;4;7;3;0
2024-08-02 08:00:00+02:00;5143;2-8-2024;8;2;31;4;8;3;0
2024-08-02 09:00:00+02:00;5144;2-8-2024;8;2;31;4;9;3;0
2024-08-02 10:00:00+02:00;5145;2-8-2024;8;2;31;4;10;3;0
2024-08-02 11:00:00+02:00;5146;2-8-2024;8;2;31;4;11;3;0
2024-08-02 12:00:00+02:00;5147;2-8-2024;8;2;31;4;12;3;0
2024-08-02 13:00:00+02:00;5148;2-8-2024;8;2;31;4;13;3;0
2024-08-02 14:00:00+02:00;5149;2-8-2024;8;2;31;4;14;3;0
2024-08-02 15:00:00+02:00;5150;2-8-2024;8;2;31;4;15;3;0
2024-08-02 16:00:00+02:00;5151;2-8-2024;8;2;31;4;16;3;0
2024-08-02 17:00:00+02:00;5152;2-8-2024;8;2;31;4;17;3;0
2024-08-02 18:00:00+02:00;5153;2-8-2024;8;2;31;4;18;3;0
2024-08-02 19:00:00+02:00;5154;2-8-2024;8;2;31;4;19;3;0
2024-08-02 20:00:00+02:00;5155;2-8-2024;8;2;31;4;20;3;0
2024-08-02 21:00:00+02:00;5156;2-8-2024;8;2;31;4;21;3;0
2024-08-02 22:00:00+02:00;5157;2-8-2024;8;2;31;4;22;3;0
2024-08-02 23:00:00+02:00;5158;2-8-2024;8;2;31;4;23;3;0
2024-08-03 00:00:00+02:00;5159;3-8-2024;8;3;31;5;0;3;0
2024-08-03 01:00:00+02:00;5160;3-8-2024;8;3;31;5;1;3;0
2024-08-03 02:00:00+02:00;5161;3-8-2024;8;3;31;5;2;3;0
2024-08-03 03:00:00+02:00;5162;3-8-2024;8;3;31;5;3;3;0
2024-08-03 04:00:00+02:00;5163;3-8-2024;8;3;31;5;4;3;0
2024-08-03 05:00:00+02:00;5164;3-8-2024;8;3;31;5;5;3;0
2024-08-03 06:00:00+02:00;5165;3-8-2024;8;3;31;5;6;3;0
2024-08-03 07:00:00+02:00;5166;3-8-2024;8;3;31;5;7;3;0
2024-08-03 08:00:00+02:00;5167;3-8-2024;8;3;31;5;8;3;0
2024-08-03 09:00:00+02:00;5168;3-8-2024;8;3;31;5;9;3;0
2024-08-03 10:00:00+02:00;5169;3-8-2024;8;3;31;5;10;3;0
2024-08-03 11:00:00+02:00;5170;3-8-2024;8;3;31;5;11;3;0
2024-08-03 12:00:00+02:00;5171;3-8-2024;8;3;31;5;12;3;0
2024-08-03 13:00:00+02:00;5172;3-8-2024;8;3;31;5;13;3;0
2024-08-03 14:00:00+02:00;5173;3-8-2024;8;3;31;5;14;3;0
2024-08-03 15:00:00+02:00;5174;3-8-2024;8;3;31;5;15;3;0
2024-08-03 16:00:00+02:00;5175;3-8-2024;8;3;31;5;16;3;0
2024-08-03 17:00:00+02:00;5176;3-8-2024;8;3;31;5;17;3;0
2024-08-03 18:00:00+02:00;5177;3-8-2024;8;3;31;5;18;3;0
2024-08-03 19:00:00+02:00;5178;3-8-2024;8;3;31;5;19;3;0
2024-08-03 20:00:00+02:00;5179;3-8-2024;8;3;31;5;20;3;0
2024-08-03 21:00:00+02:00;5180;3-8-2024;8;3;31;5;21;3;0
2024-08-03 22:00:00+02:00;5181;3-8-2024;8;3;31;5;22;3;0
2024-08-03 23:00:00+02:00;5182;3-8-2024;8;3;31;5;23;3;0
2024-08-04 00:00:00+02:00;5183;4-8-2024;8;4;31;6;0;3;0
2024-08-04 01:00:00+02:00;5184;4-8-2024;8;4;31;6;1;3;0
2024-08-04 02:00:00+02:00;5185;4-8-2024;8;4;31;6;2;3;0
2024-08-04 03:00:00+02:00;5186;4-8-2024;8;4;31;6;3;3;0
2024-08-04 04:00:00+02:00;5187;4-8-2024;8;4;31;6;4;3;0
2024-08-04 05:00:00+02:00;5188;4-8-2024;8;4;31;6;5;3;0
2024-08-04 06:00:00+02:00;5189;4-8-2024;8;4;31;6;6;3;0
2024-08-04 07:00:00+02:00;5190;4-8-2024;8;4;31;6;7;3;0
2024-08-04 08:00:00+02:00;5191;4-8-2024;8;4;31;6;8;3;0
2024-08-04 09:00:00+02:00;5192;4-8-2024;8;4;31;6;9;3;0
2024-08-04 10:00:00+02:00;5193;4-8-2024;8;4;31;6;10;3;0
2024-08-04 11:00:00+02:00;5194;4-8-2024;8;4;31;6;11;3;0
2024-08-04 12:00:00+02:00;5195;4-8-2024;8;4;31;6;12;3;0
2024-08-04 13:00:00+02:00;5196;4-8-2024;8;4;31;6;13;3;0
2024-08-04 14:00:00+02:00;5197;4-8-2024;8;4;31;6;14;3;0
2024-08-04 15:00:00+02:00;5198;4-8-2024;8;4;31;6;15;3;0
2024-08-04 16:00:00+02:00;5199;4-8-2024;8;4;31;6;16;3;0
2024-08-04 17:00:00+02:00;5200;4-8-2024;8;4;31;6;17;3;0
2024-08-04 18:00:00+02:00;5201;4-8-2024;8;4;31;6;18;3;0
2024-08-04 19:00:00+02:00;5202;4-8-2024;8;4;31;6;19;3;0
2024-08-04 20:00:00+02:00;5203;4-8-2024;8;4;31;6;20;3;0
2024-08-04 21:00:00+02:00;5204;4-8-2024;8;4;31;6;21;3;0
2024-08-04 22:00:00+02:00;5205;4-8-2024;8;4;31;6;22;3;0
2024-08-04 23:00:00+02:00;5206;4-8-2024;8;4;31;6;23;3;0
2024-08-05 00:00:00+02:00;5207;5-8-2024;8;5;32;0;0;3;0
2024-08-05 01:00:00+02:00;5208;5-8-2024;8;5;32;0;1;3;0
2024-08-05 02:00:00+02:00;5209;5-8-2024;8;5;32;0;2;3;0
2024-08-05 03:00:00+02:00;5210;5-8-2024;8;5;32;0;3;3;0
2024-08-05 04:00:00+02:00;5211;5-8-2024;8;5;32;0;4;3;0
2024-08-05 05:00:00+02:00;5212;5-8-2024;8;5;32;0;5;3;0
2024-08-05 06:00:00+02:00;5213;5-8-2024;8;5;32;0;6;3;0
2024-08-05 07:00:00+02:00;5214;5-8-2024;8;5;32;0;7;3;0
2024-08-05 08:00:00+02:00;5215;5-8-2024;8;5;32;0;8;3;0
2024-08-05 09:00:00+02:00;5216;5-8-2024;8;5;32;0;9;3;0
2024-08-05 10:00:00+02:00;5217;5-8-2024;8;5;32;0;10;3;0
2024-08-05 11:00:00+02:00;5218;5-8-2024;8;5;32;0;11;3;0
2024-08-05 12:00:00+02:00;5219;5-8-2024;8;5;32;0;12;3;0
2024-08-05 13:00:00+02:00;5220;5-8-2024;8;5;32;0;13;3;0
2024-08-05 14:00:00+02:00;5221;5-8-2024;8;5;32;0;14;3;0
2024-08-05 15:00:00+02:00;5222;5-8-2024;8;5;32;0;15;3;0
2024-08-05 16:00:00+02:00;5223;5-8-2024;8;5;32;0;16;3;0
2024-08-05 17:00:00+02:00;5224;5-8-2024;8;5;32;0;17;3;0
2024-08-05 18:00:00+02:00;5225;5-8-2024;8;5;32;0;18;3;0
2024-08-05 19:00:00+02:00;5226;5-8-2024;8;5;32;0;19;3;0
2024-08-05 20:00:00+02:00;5227;5-8-2024;8;5;32;0;20;3;0
2024-08-05 21:00:00+02:00;5228;5-8-2024;8;5;32;0;21;3;0
2024-08-05 22:00:00+02:00;5229;5-8-2024;8;5;32;0;22;3;0
2024-08-05 23:00:00+02:00;5230;5-8-2024;8;5;32;0;23;3;0
2024-08-06 00:00:00+02:00;5231;6-8-2024;8;6;32;1;0;3;0
2024-08-06 01:00:00+02:00;5232;6-8-2024;8;6;32;1;1;3;0
2024-08-06 02:00:00+02:00;5233;6-8-2024;8;6;32;1;2;3;0
2024-08-06 03:00:00+02:00;5234;6-8-2024;8;6;32;1;3;3;0
2024-08-06 04:00:00+02:00;5235;6-8-2024;8;6;32;1;4;3;0
2024-08-06 05:00:00+02:00;5236;6-8-2024;8;6;32;1;5;3;0
2024-08-06 06:00:00+02:00;5237;6-8-2024;8;6;32;1;6;3;0
2024-08-06 07:00:00+02:00;5238;6-8-2024;8;6;32;1;7;3;0
2024-08-06 08:00:00+02:00;5239;6-8-2024;8;6;32;1;8;3;0
2024-08-06 09:00:00+02:00;5240;6-8-2024;8;6;32;1;9;3;0
2024-08-06 10:00:00+02:00;5241;6-8-2024;8;6;32;1;10;3;0
2024-08-06 11:00:00+02:00;5242;6-8-2024;8;6;32;1;11;3;0
2024-08-06 12:00:00+02:00;5243;6-8-2024;8;6;32;1;12;3;0
2024-08-06 13:00:00+02:00;5244;6-8-2024;8;6;32;1;13;3;0
2024-08-06 14:00:00+02:00;5245;6-8-2024;8;6;32;1;14;3;0
2024-08-06 15:00:00+02:00;5246;6-8-2024;8;6;32;1;15;3;0
2024-08-06 16:00:00+02:00;5247;6-8-2024;8;6;32;1;16;3;0
2024-08-06 17:00:00+02:00;5248;6-8-2024;8;6;32;1;17;3;0
2024-08-06 18:00:00+02:00;5249;6-8-2024;8;6;32;1;18;3;0
2024-08-06 19:00:00+02:00;5250;6-8-2024;8;6;32;1;19;3;0
2024-08-06 20:00:00+02:00;5251;6-8-2024;8;6;32;1;20;3;0
2024-08-06 21:00:00+02:00;5252;6-8-2024;8;6;32;1;21;3;0
2024-08-06 22:00:00+02:00;5253;6-8-2024;8;6;32;1;22;3;0
2024-08-06 23:00:00+02:00;5254;6-8-2024;8;6;32;1;23;3;0
2024-08-07 00:00:00+02:00;5255;7-8-2024;8;7;32;2;0;3;0
2024-08-07 01:00:00+02:00;5256;7-8-2024;8;7;32;2;1;3;0
2024-08-07 02:00:00+02:00;5257;7-8-2024;8;7;32;2;2;3;0
2024-08-07 03:00:00+02:00;5258;7-8-2024;8;7;32;2;3;3;0
2024-08-07 04:00:00+02:00;5259;7-8-2024;8;7;32;2;4;3;0
2024-08-07 05:00:00+02:00;5260;7-8-2024;8;7;32;2;5;3;0
2024-08-07 06:00:00+02:00;5261;7-8-2024;8;7;32;2;6;3;0
2024-08-07 07:00:00+02:00;5262;7-8-2024;8;7;32;2;7;3;0
2024-08-07 08:00:00+02:00;5263;7-8-2024;8;7;32;2;8;3;0
2024-08-07 09:00:00+02:00;5264;7-8-2024;8;7;32;2;9;3;0
2024-08-07 10:00:00+02:00;5265;7-8-2024;8;7;32;2;10;3;0
2024-08-07 11:00:00+02:00;5266;7-8-2024;8;7;32;2;11;3;0
2024-08-07 12:00:00+02:00;5267;7-8-2024;8;7;32;2;12;3;0
2024-08-07 13:00:00+02:00;5268;7-8-2024;8;7;32;2;13;3;0
2024-08-07 14:00:00+02:00;5269;7-8-2024;8;7;32;2;14;3;0
2024-08-07 15:00:00+02:00;5270;7-8-2024;8;7;32;2;15;3;0
2024-08-07 16:00:00+02:00;5271;7-8-2024;8;7;32;2;16;3;0
2024-08-07 17:00:00+02:00;5272;7-8-2024;8;7;32;2;17;3;0
2024-08-07 18:00:00+02:00;5273;7-8-2024;8;7;32;2;18;3;0
2024-08-07 19:00:00+02:00;5274;7-8-2024;8;7;32;2;19;3;0
2024-08-07 20:00:00+02:00;5275;7-8-2024;8;7;32;2;20;3;0
2024-08-07 21:00:00+02:00;5276;7-8-2024;8;7;32;2;21;3;0
2024-08-07 22:00:00+02:00;5277;7-8-2024;8;7;32;2;22;3;0
2024-08-07 23:00:00+02:00;5278;7-8-2024;8;7;32;2;23;3;0
2024-08-08 00:00:00+02:00;5279;8-8-2024;8;8;32;3;0;3;0
2024-08-08 01:00:00+02:00;5280;8-8-2024;8;8;32;3;1;3;0
2024-08-08 02:00:00+02:00;5281;8-8-2024;8;8;32;3;2;3;0
2024-08-08 03:00:00+02:00;5282;8-8-2024;8;8;32;3;3;3;0
2024-08-08 04:00:00+02:00;5283;8-8-2024;8;8;32;3;4;3;0
2024-08-08 05:00:00+02:00;5284;8-8-2024;8;8;32;3;5;3;0
2024-08-08 06:00:00+02:00;5285;8-8-2024;8;8;32;3;6;3;0
2024-08-08 07:00:00+02:00;5286;8-8-2024;8;8;32;3;7;3;0
2024-08-08 08:00:00+02:00;5287;8-8-2024;8;8;32;3;8;3;0
2024-08-08 09:00:00+02:00;5288;8-8-2024;8;8;32;3;9;3;0
2024-08-08 10:00:00+02:00;5289;8-8-2024;8;8;32;3;10;3;0
2024-08-08 11:00:00+02:00;5290;8-8-2024;8;8;32;3;11;3;0
2024-08-08 12:00:00+02:00;5291;8-8-2024;8;8;32;3;12;3;0
2024-08-08 13:00:00+02:00;5292;8-8-2024;8;8;32;3;13;3;0
2024-08-08 14:00:00+02:00;5293;8-8-2024;8;8;32;3;14;3;0
2024-08-08 15:00:00+02:00;5294;8-8-2024;8;8;32;3;15;3;0
2024-08-08 16:00:00+02:00;5295;8-8-2024;8;8;32;3;16;3;0
2024-08-08 17:00:00+02:00;5296;8-8-2024;8;8;32;3;17;3;0
2024-08-08 18:00:00+02:00;5297;8-8-2024;8;8;32;3;18;3;0
2024-08-08 19:00:00+02:00;5298;8-8-2024;8;8;32;3;19;3;0
2024-08-08 20:00:00+02:00;5299;8-8-2024;8;8;32;3;20;3;0
2024-08-08 21:00:00+02:00;5300;8-8-2024;8;8;32;3;21;3;0
2024-08-08 22:00:00+02:00;5301;8-8-2024;8;8;32;3;22;3;0
2024-08-08 23:00:00+02:00;5302;8-8-2024;8;8;32;3;23;3;0
2024-08-09 00:00:00+02:00;5303;9-8-2024;8;9;32;4;0;3;0
2024-08-09 01:00:00+02:00;5304;9-8-2024;8;9;32;4;1;3;0
2024-08-09 02:00:00+02:00;5305;9-8-2024;8;9;32;4;2;3;0
2024-08-09 03:00:00+02:00;5306;9-8-2024;8;9;32;4;3;3;0
2024-08-09 04:00:00+02:00;5307;9-8-2024;8;9;32;4;4;3;0
2024-08-09 05:00:00+02:00;5308;9-8-2024;8;9;32;4;5;3;0
2024-08-09 06:00:00+02:00;5309;9-8-2024;8;9;32;4;6;3;0
2024-08-09 07:00:00+02:00;5310;9-8-2024;8;9;32;4;7;3;0
2024-08-09 08:00:00+02:00;5311;9-8-2024;8;9;32;4;8;3;0
2024-08-09 09:00:00+02:00;5312;9-8-2024;8;9;32;4;9;3;0
2024-08-09 10:00:00+02:00;5313;9-8-2024;8;9;32;4;10;3;0
2024-08-09 11:00:00+02:00;5314;9-8-2024;8;9;32;4;11;3;0
2024-08-09 12:00:00+02:00;5315;9-8-2024;8;9;32;4;12;3;0
2024-08-09 13:00:00+02:00;5316;9-8-2024;8;9;32;4;13;3;0
2024-08-09 14:00:00+02:00;5317;9-8-2024;8;9;32;4;14;3;0
2024-08-09 15:00:00+02:00;5318;9-8-2024;8;9;32;4;15;3;0
2024-08-09 16:00:00+02:00;5319;9-8-2024;8;9;32;4;16;3;0
2024-08-09 17:00:00+02:00;5320;9-8-2024;8;9;32;4;17;3;0
2024-08-09 18:00:00+02:00;5321;9-8-2024;8;9;32;4;18;3;0
2024-08-09 19:00:00+02:00;5322;9-8-2024;8;9;32;4;19;3;0
2024-08-09 20:00:00+02:00;5323;9-8-2024;8;9;32;4;20;3;0
2024-08-09 21:00:00+02:00;5324;9-8-2024;8;9;32;4;21;3;0
2024-08-09 22:00:00+02:00;5325;9-8-2024;8;9;32;4;22;3;0
2024-08-09 23:00:00+02:00;5326;9-8-2024;8;9;32;4;23;3;0
2024-08-10 00:00:00+02:00;5327;10-8-2024;8;10;32;5;0;3;0
2024-08-10 01:00:00+02:00;5328;10-8-2024;8;10;32;5;1;3;0
2024-08-10 02:00:00+02:00;5329;10-8-2024;8;10;32;5;2;3;0
2024-08-10 03:00:00+02:00;5330;10-8-2024;8;10;32;5;3;3;0
2024-08-10 04:00:00+02:00;5331;10-8-2024;8;10;32;5;4;3;0
2024-08-10 05:00:00+02:00;5332;10-8-2024;8;10;32;5;5;3;0
2024-08-10 06:00:00+02:00;5333;10-8-2024;8;10;32;5;6;3;0
2024-08-10 07:00:00+02:00;5334;10-8-2024;8;10;32;5;7;3;0
2024-08-10 08:00:00+02:00;5335;10-8-2024;8;10;32;5;8;3;0
2024-08-10 09:00:00+02:00;5336;10-8-2024;8;10;32;5;9;3;0
2024-08-10 10:00:00+02:00;5337;10-8-2024;8;10;32;5;10;3;0
2024-08-10 11:00:00+02:00;5338;10-8-2024;8;10;32;5;11;3;0
2024-08-10 12:00:00+02:00;5339;10-8-2024;8;10;32;5;12;3;0
2024-08-10 13:00:00+02:00;5340;10-8-2024;8;10;32;5;13;3;0
2024-08-10 14:00:00+02:00;5341;10-8-2024;8;10;32;5;14;3;0
2024-08-10 15:00:00+02:00;5342;10-8-2024;8;10;32;5;15;3;0
2024-08-10 16:00:00+02:00;5343;10-8-2024;8;10;32;5;16;3;0
2024-08-10 17:00:00+02:00;5344;10-8-2024;8;10;32;5;17;3;0
2024-08-10 18:00:00+02:00;5345;10-8-2024;8;10;32;5;18;3;0
2024-08-10 19:00:00+02:00;5346;10-8-2024;8;10;32;5;19;3;0
2024-08-10 20:00:00+02:00;5347;10-8-2024;8;10;32;5;20;3;0
2024-08-10 21:00:00+02:00;5348;10-8-2024;8;10;32;5;21;3;0
2024-08-10 22:00:00+02:00;5349;10-8-2024;8;10;32;5;22;3;0
2024-08-10 23:00:00+02:00;5350;10-8-2024;8;10;32;5;23;3;0
2024-08-11 00:00:00+02:00;5351;11-8-2024;8;11;32;6;0;3;0
2024-08-11 01:00:00+02:00;5352;11-8-2024;8;11;32;6;1;3;0
2024-08-11 02:00:00+02:00;5353;11-8-2024;8;11;32;6;2;3;0
2024-08-11 03:00:00+02:00;5354;11-8-2024;8;11;32;6;3;3;0
2024-08-11 04:00:00+02:00;5355;11-8-2024;8;11;32;6;4;3;0
2024-08-11 05:00:00+02:00;5356;11-8-2024;8;11;32;6;5;3;0
2024-08-11 06:00:00+02:00;5357;11-8-2024;8;11;32;6;6;3;0
2024-08-11 07:00:00+02:00;5358;11-8-2024;8;11;32;6;7;3;0
2024-08-11 08:00:00+02:00;5359;11-8-2024;8;11;32;6;8;3;0
2024-08-11 09:00:00+02:00;5360;11-8-2024;8;11;32;6;9;3;0
2024-08-11 10:00:00+02:00;5361;11-8-2024;8;11;32;6;10;3;0
2024-08-11 11:00:00+02:00;5362;11-8-2024;8;11;32;6;11;3;0
2024-08-11 12:00:00+02:00;5363;11-8-2024;8;11;32;6;12;3;0
2024-08-11 13:00:00+02:00;5364;11-8-2024;8;11;32;6;13;3;0
2024-08-11 14:00:00+02:00;5365;11-8-2024;8;11;32;6;14;3;0
2024-08-11 15:00:00+02:00;5366;11-8-2024;8;11;32;6;15;3;0
2024-08-11 16:00:00+02:00;5367;11-8-2024;8;11;32;6;16;3;0
2024-08-11 17:00:00+02:00;5368;11-8-2024;8;11;32;6;17;3;0
2024-08-11 18:00:00+02:00;5369;11-8-2024;8;11;32;6;18;3;0
2024-08-11 19:00:00+02:00;5370;11-8-2024;8;11;32;6;19;3;0
2024-08-11 20:00:00+02:00;5371;11-8-2024;8;11;32;6;20;3;0
2024-08-11 21:00:00+02:00;5372;11-8-2024;8;11;32;6;21;3;0
2024-08-11 22:00:00+02:00;5373;11-8-2024;8;11;32;6;22;3;0
2024-08-11 23:00:00+02:00;5374;11-8-2024;8;11;32;6;23;3;0
2024-08-12 00:00:00+02:00;5375;12-8-2024;8;12;33;0;0;1;0
2024-08-12 01:00:00+02:00;5376;12-8-2024;8;12;33;0;1;1;0
2024-08-12 02:00:00+02:00;5377;12-8-2024;8;12;33;0;2;1;0
2024-08-12 03:00:00+02:00;5378;12-8-2024;8;12;33;0;3;1;0
2024-08-12 04:00:00+02:00;5379;12-8-2024;8;12;33;0;4;1;0
2024-08-12 05:00:00+02:00;5380;12-8-2024;8;12;33;0;5;1;0
2024-08-12 06:00:00+02:00;5381;12-8-2024;8;12;33;0;6;1;0
2024-08-12 07:00:00+02:00;5382;12-8-2024;8;12;33;0;7;1;0
2024-08-12 08:00:00+02:00;5383;12-8-2024;8;12;33;0;8;1;60
2024-08-12 09:00:00+02:00;5384;12-8-2024;8;12;33;0;9;1;60
2024-08-12 10:00:00+02:00;5385;12-8-2024;8;12;33;0;10;1;90
2024-08-12 11:00:00+02:00;5386;12-8-2024;8;12;33;0;11;1;90
2024-08-12 12:00:00+02:00;5387;12-8-2024;8;12;33;0;12;1;50
2024-08-12 13:00:00+02:00;5388;12-8-2024;8;12;33;0;13;1;50
2024-08-12 14:00:00+02:00;5389;12-8-2024;8;12;33;0;14;1;80
2024-08-12 15:00:00+02:00;5390;12-8-2024;8;12;33;0;15;1;80
2024-08-12 16:00:00+02:00;5391;12-8-2024;8;12;33;0;16;1;80
2024-08-12 17:00:00+02:00;5392;12-8-2024;8;12;33;0;17;1;50
2024-08-12 18:00:00+02:00;5393;12-8-2024;8;12;33;0;18;1;42
2024-08-12 19:00:00+02:00;5394;12-8-2024;8;12;33;0;19;1;33
2024-08-12 20:00:00+02:00;5395;12-8-2024;8;12;33;0;20;1;25
2024-08-12 21:00:00+02:00;5396;12-8-2024;8;12;33;0;21;1;17
2024-08-12 22:00:00+02:00;5397;12-8-2024;8;12;33;0;22;1;8
2024-08-12 23:00:00+02:00;5398;12-8-2024;8;12;33;0;23;1;0
2024-08-13 00:00:00+02:00;5399;13-8-2024;8;13;33;1;0;1;0
2024-08-13 01:00:00+02:00;5400;13-8-2024;8;13;33;1;1;1;0
2024-08-13 02:00:00+02:00;5401;13-8-2024;8;13;33;1;2;1;0
2024-08-13 03:00:00+02:00;5402;13-8-2024;8;13;33;1;3;1;0
2024-08-13 04:00:00+02:00;5403;13-8-2024;8;13;33;1;4;1;0
2024-08-13 05:00:00+02:00;5404;13-8-2024;8;13;33;1;5;1;0
2024-08-13 06:00:00+02:00;5405;13-8-2024;8;13;33;1;6;1;0
2024-08-13 07:00:00+02:00;5406;13-8-2024;8;13;33;1;7;1;0
2024-08-13 08:00:00+02:00;5407;13-8-2024;8;13;33;1;8;1;60
2024-08-13 09:00:00+02:00;5408;13-8-2024;8;13;33;1;9;1;60
2024-08-13 10:00:00+02:00;5409;13-8-2024;8;13;33;1;10;1;90
2024-08-13 11:00:00+02:00;5410;13-8-2024;8;13;33;1;11;1;90
2024-08-13 12:00:00+02:00;5411;13-8-2024;8;13;33;1;12;1;50
2024-08-13 13:00:00+02:00;5412;13-8-2024;8;13;33;1;13;1;50
2024-08-13 14:00:00+02:00;5413;13-8-2024;8;13;33;1;14;1;80
2024-08-13 15:00:00+02:00;5414;13-8-2024;8;13;33;1;15;1;80
2024-08-13 16:00:00+02:00;5415;13-8-2024;8;13;33;1;16;1;80
2024-08-13 17:00:00+02:00;5416;13-8-2024;8;13;33;1;17;1;50
2024-08-13 18:00:00+02:00;5417;13-8-2024;8;13;33;1;18;1;42
2024-08-13 19:00:00+02:00;5418;13-8-2024;8;13;33;1;19;1;33
2024-08-13 20:00:00+02:00;5419;13-8-2024;8;13;33;1;20;1;25
2024-08-13 21:00:00+02:00;5420;13-8-2024;8;13;33;1;21;1;17
2024-08-13 22:00:00+02:00;5421;13-8-2024;8;13;33;1;22;1;8
2024-08-13 23:00:00+02:00;5422;13-8-2024;8;13;33;1;23;1;0
2024-08-14 00:00:00+02:00;5423;14-8-2024;8;14;33;2;0;1;0
2024-08-14 01:00:00+02:00;5424;14-8-2024;8;14;33;2;1;1;0
2024-08-14 02:00:00+02:00;5425;14-8-2024;8;14;33;2;2;1;0
2024-08-14 03:00:00+02:00;5426;14-8-2024;8;14;33;2;3;1;0
2024-08-14 04:00:00+02:00;5427;14-8-2024;8;14;33;2;4;1;0
2024-08-14 05:00:00+02:00;5428;14-8-2024;8;14;33;2;5;1;0
2024-08-14 06:00:00+02:00;5429;14-8-2024;8;14;33;2;6;1;0
2024-08-14 07:00:00+02:00;5430;14-8-2024;8;14;33;2;7;1;0
2024-08-14 08:00:00+02:00;5431;14-8-2024;8;14;33;2;8;1;60
2024-08-14 09:00:00+02:00;5432;14-8-2024;8;14;33;2;9;1;60
2024-08-14 10:00:00+02:00;5433;14-8-2024;8;14;33;2;10;1;90
2024-08-14 11:00:00+02:00;5434;14-8-2024;8;14;33;2;11;1;90
2024-08-14 12:00:00+02:00;5435;14-8-2024;8;14;33;2;12;1;50
2024-08-14 13:00:00+02:00;5436;14-8-2024;8;14;33;2;13;1;50
2024-08-14 14:00:00+02:00;5437;14-8-2024;8;14;33;2;14;1;80
2024-08-14 15:00:00+02:00;5438;14-8-2024;8;14;33;2;15;1;80
2024-08-14 16:00:00+02:00;5439;14-8-2024;8;14;33;2;16;1;80
2024-08-14 17:00:00+02:00;5440;14-8-2024;8;14;33;2;17;1;50
2024-08-14 18:00:00+02:00;5441;14-8-2024;8;14;33;2;18;1;42
2024-08-14 19:00:00+02:00;5442;14-8-2024;8;14;33;2;19;1;33
2024-08-14 20:00:00+02:00;5443;14-8-2024;8;14;33;2;20;1;25
2024-08-14 21:00:00+02:00;5444;14-8-2024;8;14;33;2;21;1;17
2024-08-14 22:00:00+02:00;5445;14-8-2024;8;14;33;2;22;1;8
2024-08-14 23:00:00+02:00;5446;14-8-2024;8;14;33;2;23;1;0
2024-08-15 00:00:00+02:00;5447;15-8-2024;8;15;33;3;0;1;0
2024-08-15 01:00:00+02:00;5448;15-8-2024;8;15;33;3;1;1;0
2024-08-15 02:00:00+02:00;5449;15-8-2024;8;15;33;3;2;1;0
2024-08-15 03:00:00+02:00;5450;15-8-2024;8;15;33;3;3;1;0
2024-08-15 04:00:00+02:00;5451;15-8-2024;8;15;33;3;4;1;0
2024-08-15 05:00:00+02:00;5452;15-8-2024;8;15;33;3;5;1;0
2024-08-15 06:00:00+02:00;5453;15-8-2024;8;15;33;3;6;1;0
2024-08-15 07:00:00+02:00;5454;15-8-2024;8;15;33;3;7;1;0
2024-08-15 08:00:00+02:00;5455;15-8-2024;8;15;33;3;8;1;60
2024-08-15 09:00:00+02:00;5456;15-8-2024;8;15;33;3;9;1;60
2024-08-15 10:00:00+02:00;5457;15-8-2024;8;15;33;3;10;1;90
2024-08-15 11:00:00+02:00;5458;15-8-2024;8;15;33;3;11;1;90
2024-08-15 12:00:00+02:00;5459;15-8-2024;8;15;33;3;12;1;50
2024-08-15 13:00:00+02:00;5460;15-8-2024;8;15;33;3;13;1;50
2024-08-15 14:00:00+02:00;5461;15-8-2024;8;15;33;3;14;1;80
2024-08-15 15:00:00+02:00;5462;15-8-2024;8;15;33;3;15;1;80
2024-08-15 16:00:00+02:00;5463;15-8-2024;8;15;33;3;16;1;80
2024-08-15 17:00:00+02:00;5464;15-8-2024;8;15;33;3;17;1;50
2024-08-15 18:00:00+02:00;5465;15-8-2024;8;15;33;3;18;1;42
2024-08-15 19:00:00+02:00;5466;15-8-2024;8;15;33;3;19;1;33
2024-08-15 20:00:00+02:00;5467;15-8-2024;8;15;33;3;20;1;25
2024-08-15 21:00:00+02:00;5468;15-8-2024;8;15;33;3;21;1;17
2024-08-15 22:00:00+02:00;5469;15-8-2024;8;15;33;3;22;1;8
2024-08-15 23:00:00+02:00;5470;15-8-2024;8;15;33;3;23;1;0
2024-08-16 00:00:00+02:00;5471;16-8-2024;8;16;33;4;0;1;0
2024-08-16 01:00:00+02:00;5472;16-8-2024;8;16;33;4;1;1;0
2024-08-16 02:00:00+02:00;5473;16-8-2024;8;16;33;4;2;1;0
2024-08-16 03:00:00+02:00;5474;16-8-2024;8;16;33;4;3;1;0
2024-08-16 04:00:00+02:00;5475;16-8-2024;8;16;33;4;4;1;0
2024-08-16 05:00:00+02:00;5476;16-8-2024;8;16;33;4;5;1;0
2024-08-16 06:00:00+02:00;5477;16-8-2024;8;16;33;4;6;1;0
2024-08-16 07:00:00+02:00;5478;16-8-2024;8;16;33;4;7;1;0
2024-08-16 08:00:00+02:00;5479;16-8-2024;8;16;33;4;8;1;60
2024-08-16 09:00:00+02:00;5480;16-8-2024;8;16;33;4;9;1;60
2024-08-16 10:00:00+02:00;5481;16-8-2024;8;16;33;4;10;1;90
2024-08-16 11:00:00+02:00;5482;16-8-2024;8;16;33;4;11;1;90
2024-08-16 12:00:00+02:00;5483;16-8-2024;8;16;33;4;12;1;50
2024-08-16 13:00:00+02:00;5484;16-8-2024;8;16;33;4;13;1;50
2024-08-16 14:00:00+02:00;5485;16-8-2024;8;16;33;4;14;1;80
2024-08-16 15:00:00+02:00;5486;16-8-2024;8;16;33;4;15;1;80
2024-08-16 16:00:00+02:00;5487;16-8-2024;8;16;33;4;16;1;80
2024-08-16 17:00:00+02:00;5488;16-8-2024;8;16;33;4;17;1;50
2024-08-16 18:00:00+02:00;5489;16-8-2024;8;16;33;4;18;1;42
2024-08-16 19:00:00+02:00;5490;16-8-2024;8;16;33;4;19;1;33
2024-08-16 20:00:00+02:00;5491;16-8-2024;8;16;33;4;20;1;25
2024-08-16 21:00:00+02:00;5492;16-8-2024;8;16;33;4;21;1;17
2024-08-16 22:00:00+02:00;5493;16-8-2024;8;16;33;4;22;1;8
2024-08-16 23:00:00+02:00;5494;16-8-2024;8;16;33;4;23;1;0
2024-08-17 00:00:00+02:00;5495;17-8-2024;8;17;33;5;0;2;0
2024-08-17 01:00:00+02:00;5496;17-8-2024;8;17;33;5;1;2;0
2024-08-17 02:00:00+02:00;5497;17-8-2024;8;17;33;5;2;2;0
2024-08-17 03:00:00+02:00;5498;17-8-2024;8;17;33;5;3;2;0
2024-08-17 04:00:00+02:00;5499;17-8-2024;8;17;33;5;4;2;0
2024-08-17 05:00:00+02:00;5500;17-8-2024;8;17;33;5;5;2;0
2024-08-17 06:00:00+02:00;5501;17-8-2024;8;17;33;5;6;2;0
2024-08-17 07:00:00+02:00;5502;17-8-2024;8;17;33;5;7;2;0
2024-08-17 08:00:00+02:00;5503;17-8-2024;8;17;33;5;8;2;0
2024-08-17 09:00:00+02:00;5504;17-8-2024;8;17;33;5;9;2;0
2024-08-17 10:00:00+02:00;5505;17-8-2024;8;17;33;5;10;2;50
2024-08-17 11:00:00+02:00;5506;17-8-2024;8;17;33;5;11;2;50
2024-08-17 12:00:00+02:00;5507;17-8-2024;8;17;33;5;12;2;30
2024-08-17 13:00:00+02:00;5508;17-8-2024;8;17;33;5;13;2;30
2024-08-17 14:00:00+02:00;5509;17-8-2024;8;17;33;5;14;2;50
2024-08-17 15:00:00+02:00;5510;17-8-2024;8;17;33;5;15;2;50
2024-08-17 16:00:00+02:00;5511;17-8-2024;8;17;33;5;16;2;50
2024-08-17 17:00:00+02:00;5512;17-8-2024;8;17;33;5;17;2;0
2024-08-17 18:00:00+02:00;5513;17-8-2024;8;17;33;5;18;2;0
2024-08-17 19:00:00+02:00;5514;17-8-2024;8;17;33;5;19;2;0
2024-08-17 20:00:00+02:00;5515;17-8-2024;8;17;33;5;20;2;0
2024-08-17 21:00:00+02:00;5516;17-8-2024;8;17;33;5;21;2;0
2024-08-17 22:00:00+02:00;5517;17-8-2024;8;17;33;5;22;2;0
2024-08-17 23:00:00+02:00;5518;17-8-2024;8;17;33;5;23;2;0
2024-08-18 00:00:00+02:00;5519;18-8-2024;8;18;33;6;0;3;0
2024-08-18 01:00:00+02:00;5520;18-8-2024;8;18;33;6;1;3;0
2024-08-18 02:00:00+02:00;5521;18-8-2024;8;18;33;6;2;3;0
2024-08-18 03:00:00+02:00;5522;18-8-2024;8;18;33;6;3;3;0
2024-08-18 04:00:00+02:00;5523;18-8-2024;8;18;33;6;4;3;0
2024-08-18 05:00:00+02:00;5524;18-8-2024;8;18;33;6;5;3;0
2024-08-18 06:00:00+02:00;5525;18-8-2024;8;18;33;6;6;3;0
2024-08-18 07:00:00+02:00;5526;18-8-2024;8;18;33;6;7;3;0
2024-08-18 08:00:00+02:00;5527;18-8-2024;8;18;33;6;8;3;0
2024-08-18 09:00:00+02:00;5528;18-8-2024;8;18;33;6;9;3;0
2024-08-18 10:00:00+02:00;5529;18-8-2024;8;18;33;6;10;3;0
2024-08-18 11:00:00+02:00;5530;18-8-2024;8;18;33;6;11;3;0
2024-08-18 12:00:00+02:00;5531;18-8-2024;8;18;33;6;12;3;0
2024-08-18 13:00:00+02:00;5532;18-8-2024;8;18;33;6;13;3;0
2024-08-18 14:00:00+02:00;5533;18-8-2024;8;18;33;6;14;3;0
2024-08-18 15:00:00+02:00;5534;18-8-2024;8;18;33;6;15;3;0
2024-08-18 16:00:00+02:00;5535;18-8-2024;8;18;33;6;16;3;0
2024-08-18 17:00:00+02:00;5536;18-8-2024;8;18;33;6;17;3;0
2024-08-18 18:00:00+02:00;5537;18-8-2024;8;18;33;6;18;3;0
2024-08-18 19:00:00+02:00;5538;18-8-2024;8;18;33;6;19;3;0
2024-08-18 20:00:00+02:00;5539;18-8-2024;8;18;33;6;20;3;0
2024-08-18 21:00:00+02:00;5540;18-8-2024;8;18;33;6;21;3;0
2024-08-18 22:00:00+02:00;5541;18-8-2024;8;18;33;6;22;3;0
2024-08-18 23:00:00+02:00;5542;18-8-2024;8;18;33;6;23;3;0
2024-08-19 00:00:00+02:00;5543;19-8-2024;8;19;34;0;0;1;0
2024-08-19 01:00:00+02:00;5544;19-8-2024;8;19;34;0;1;1;0
2024-08-19 02:00:00+02:00;5545;19-8-2024;8;19;34;0;2;1;0
2024-08-19 03:00:00+02:00;5546;19-8-2024;8;19;34;0;3;1;0
2024-08-19 04:00:00+02:00;5547;19-8-2024;8;19;34;0;4;1;0
2024-08-19 05:00:00+02:00;5548;19-8-2024;8;19;34;0;5;1;0
2024-08-19 06:00:00+02:00;5549;19-8-2024;8;19;34;0;6;1;0
2024-08-19 07:00:00+02:00;5550;19-8-2024;8;19;34;0;7;1;0
2024-08-19 08:00:00+02:00;5551;19-8-2024;8;19;34;0;8;1;60
2024-08-19 09:00:00+02:00;5552;19-8-2024;8;19;34;0;9;1;60
2024-08-19 10:00:00+02:00;5553;19-8-2024;8;19;34;0;10;1;90
2024-08-19 11:00:00+02:00;5554;19-8-2024;8;19;34;0;11;1;90
2024-08-19 12:00:00+02:00;5555;19-8-2024;8;19;34;0;12;1;50
2024-08-19 13:00:00+02:00;5556;19-8-2024;8;19;34;0;13;1;50
2024-08-19 14:00:00+02:00;5557;19-8-2024;8;19;34;0;14;1;80
2024-08-19 15:00:00+02:00;5558;19-8-2024;8;19;34;0;15;1;80
2024-08-19 16:00:00+02:00;5559;19-8-2024;8;19;34;0;16;1;80
2024-08-19 17:00:00+02:00;5560;19-8-2024;8;19;34;0;17;1;50
2024-08-19 18:00:00+02:00;5561;19-8-2024;8;19;34;0;18;1;42
2024-08-19 19:00:00+02:00;5562;19-8-2024;8;19;34;0;19;1;33
2024-08-19 20:00:00+02:00;5563;19-8-2024;8;19;34;0;20;1;25
2024-08-19 21:00:00+02:00;5564;19-8-2024;8;19;34;0;21;1;17
2024-08-19 22:00:00+02:00;5565;19-8-2024;8;19;34;0;22;1;8
2024-08-19 23:00:00+02:00;5566;19-8-2024;8;19;34;0;23;1;0
2024-08-20 00:00:00+02:00;5567;20-8-2024;8;20;34;1;0;1;0
2024-08-20 01:00:00+02:00;5568;20-8-2024;8;20;34;1;1;1;0
2024-08-20 02:00:00+02:00;5569;20-8-2024;8;20;34;1;2;1;0
2024-08-20 03:00:00+02:00;5570;20-8-2024;8;20;34;1;3;1;0
2024-08-20 04:00:00+02:00;5571;20-8-2024;8;20;34;1;4;1;0
2024-08-20 05:00:00+02:00;5572;20-8-2024;8;20;34;1;5;1;0
2024-08-20 06:00:00+02:00;5573;20-8-2024;8;20;34;1;6;1;0
2024-08-20 07:00:00+02:00;5574;20-8-2024;8;20;34;1;7;1;0
2024-08-20 08:00:00+02:00;5575;20-8-2024;8;20;34;1;8;1;60
2024-08-20 09:00:00+02:00;5576;20-8-2024;8;20;34;1;9;1;60
2024-08-20 10:00:00+02:00;5577;20-8-2024;8;20;34;1;10;1;90
2024-08-20 11:00:00+02:00;5578;20-8-2024;8;20;34;1;11;1;90
2024-08-20 12:00:00+02:00;5579;20-8-2024;8;20;34;1;12;1;50
2024-08-20 13:00:00+02:00;5580;20-8-2024;8;20;34;1;13;1;50
2024-08-20 14:00:00+02:00;5581;20-8-2024;8;20;34;1;14;1;80
2024-08-20 15:00:00+02:00;5582;20-8-2024;8;20;34;1;15;1;80
2024-08-20 16:00:00+02:00;5583;20-8-2024;8;20;34;1;16;1;80
2024-08-20 17:00:00+02:00;5584;20-8-2024;8;20;34;1;17;1;50
2024-08-20 18:00:00+02:00;5585;20-8-2024;8;20;34;1;18;1;42
2024-08-20 19:00:00+02:00;5586;20-8-2024;8;20;34;1;19;1;33
2024-08-20 20:00:00+02:00;5587;20-8-2024;8;20;34;1;20;1;25
2024-08-20 21:00:00+02:00;5588;20-8-2024;8;20;34;1;21;1;17
2024-08-20 22:00:00+02:00;5589;20-8-2024;8;20;34;1;22;1;8
2024-08-20 23:00:00+02:00;5590;20-8-2024;8;20;34;1;23;1;0
2024-08-21 00:00:00+02:00;5591;21-8-2024;8;21;34;2;0;1;0
2024-08-21 01:00:00+02:00;5592;21-8-2024;8;21;34;2;1;1;0
2024-08-21 02:00:00+02:00;5593;21-8-2024;8;21;34;2;2;1;0
2024-08-21 03:00:00+02:00;5594;21-8-2024;8;21;34;2;3;1;0
2024-08-21 04:00:00+02:00;5595;21-8-2024;8;21;34;2;4;1;0
2024-08-21 05:00:00+02:00;5596;21-8-2024;8;21;34;2;5;1;0
2024-08-21 06:00:00+02:00;5597;21-8-2024;8;21;34;2;6;1;0
2024-08-21 07:00:00+02:00;5598;21-8-2024;8;21;34;2;7;1;0
2024-08-21 08:00:00+02:00;5599;21-8-2024;8;21;34;2;8;1;60
2024-08-21 09:00:00+02:00;5600;21-8-2024;8;21;34;2;9;1;60
2024-08-21 10:00:00+02:00;5601;21-8-2024;8;21;34;2;10;1;90
2024-08-21 11:00:00+02:00;5602;21-8-2024;8;21;34;2;11;1;90
2024-08-21 12:00:00+02:00;5603;21-8-2024;8;21;34;2;12;1;50
2024-08-21 13:00:00+02:00;5604;21-8-2024;8;21;34;2;13;1;50
2024-08-21 14:00:00+02:00;5605;21-8-2024;8;21;34;2;14;1;80
2024-08-21 15:00:00+02:00;5606;21-8-2024;8;21;34;2;15;1;80
2024-08-21 16:00:00+02:00;5607;21-8-2024;8;21;34;2;16;1;80
2024-08-21 17:00:00+02:00;5608;21-8-2024;8;21;34;2;17;1;50
2024-08-21 18:00:00+02:00;5609;21-8-2024;8;21;34;2;18;1;42
2024-08-21 19:00:00+02:00;5610;21-8-2024;8;21;34;2;19;1;33
2024-08-21 20:00:00+02:00;5611;21-8-2024;8;21;34;2;20;1;25
2024-08-21 21:00:00+02:00;5612;21-8-2024;8;21;34;2;21;1;17
2024-08-21 22:00:00+02:00;5613;21-8-2024;8;21;34;2;22;1;8
2024-08-21 23:00:00+02:00;5614;21-8-2024;8;21;34;2;23;1;0
2024-08-22 00:00:00+02:00;5615;22-8-2024;8;22;34;3;0;1;0
2024-08-22 01:00:00+02:00;5616;22-8-2024;8;22;34;3;1;1;0
2024-08-22 02:00:00+02:00;5617;22-8-2024;8;22;34;3;2;1;0
2024-08-22 03:00:00+02:00;5618;22-8-2024;8;22;34;3;3;1;0
2024-08-22 04:00:00+02:00;5619;22-8-2024;8;22;34;3;4;1;0
2024-08-22 05:00:00+02:00;5620;22-8-2024;8;22;34;3;5;1;0
2024-08-22 06:00:00+02:00;5621;22-8-2024;8;22;34;3;6;1;0
2024-08-22 07:00:00+02:00;5622;22-8-2024;8;22;34;3;7;1;0
2024-08-22 08:00:00+02:00;5623;22-8-2024;8;22;34;3;8;1;60
2024-08-22 09:00:00+02:00;5624;22-8-2024;8;22;34;3;9;1;60
2024-08-22 10:00:00+02:00;5625;22-8-2024;8;22;34;3;10;1;90
2024-08-22 11:00:00+02:00;5626;22-8-2024;8;22;34;3;11;1;90
2024-08-22 12:00:00+02:00;5627;22-8-2024;8;22;34;3;12;1;50
2024-08-22 13:00:00+02:00;5628;22-8-2024;8;22;34;3;13;1;50
2024-08-22 14:00:00+02:00;5629;22-8-2024;8;22;34;3;14;1;80
2024-08-22 15:00:00+02:00;5630;22-8-2024;8;22;34;3;15;1;80
2024-08-22 16:00:00+02:00;5631;22-8-2024;8;22;34;3;16;1;80
2024-08-22 17:00:00+02:00;5632;22-8-2024;8;22;34;3;17;1;50
2024-08-22 18:00:00+02:00;5633;22-8-2024;8;22;34;3;18;1;42
2024-08-22 19:00:00+02:00;5634;22-8-2024;8;22;34;3;19;1;33
2024-08-22 20:00:00+02:00;5635;22-8-2024;8;22;34;3;20;1;25
2024-08-22 21:00:00+02:00;5636;22-8-2024;8;22;34;3;21;1;17
2024-08-22 22:00:00+02:00;5637;22-8-2024;8;22;34;3;22;1;8
2024-08-22 23:00:00+02:00;5638;22-8-2024;8;22;34;3;23;1;0
2024-08-23 00:00:00+02:00;5639;23-8-2024;8;23;34;4;0;1;0
2024-08-23 01:00:00+02:00;5640;23-8-2024;8;23;34;4;1;1;0
2024-08-23 02:00:00+02:00;5641;23-8-2024;8;23;34;4;2;1;0
2024-08-23 03:00:00+02:00;5642;23-8-2024;8;23;34;4;3;1;0
2024-08-23 04:00:00+02:00;5643;23-8-2024;8;23;34;4;4;1;0
2024-08-23 05:00:00+02:00;5644;23-8-2024;8;23;34;4;5;1;0
2024-08-23 06:00:00+02:00;5645;23-8-2024;8;23;34;4;6;1;0
2024-08-23 07:00:00+02:00;5646;23-8-2024;8;23;34;4;7;1;0
2024-08-23 08:00:00+02:00;5647;23-8-2024;8;23;34;4;8;1;60
2024-08-23 09:00:00+02:00;5648;23-8-2024;8;23;34;4;9;1;60
2024-08-23 10:00:00+02:00;5649;23-8-2024;8;23;34;4;10;1;90
2024-08-23 11:00:00+02:00;5650;23-8-2024;8;23;34;4;11;1;90
2024-08-23 12:00:00+02:00;5651;23-8-2024;8;23;34;4;12;1;50
2024-08-23 13:00:00+02:00;5652;23-8-2024;8;23;34;4;13;1;50
2024-08-23 14:00:00+02:00;5653;23-8-2024;8;23;34;4;14;1;80
2024-08-23 15:00:00+02:00;5654;23-8-2024;8;23;34;4;15;1;80
2024-08-23 16:00:00+02:00;5655;23-8-2024;8;23;34;4;16;1;80
2024-08-23 17:00:00+02:00;5656;23-8-2024;8;23;34;4;17;1;50
2024-08-23 18:00:00+02:00;5657;23-8-2024;8;23;34;4;18;1;42
2024-08-23 19:00:00+02:00;5658;23-8-2024;8;23;34;4;19;1;33
2024-08-23 20:00:00+02:00;5659;23-8-2024;8;23;34;4;20;1;25
2024-08-23 21:00:00+02:00;5660;23-8-2024;8;23;34;4;21;1;17
2024-08-23 22:00:00+02:00;5661;23-8-2024;8;23;34;4;22;1;8
2024-08-23 23:00:00+02:00;5662;23-8-2024;8;23;34;4;23;1;0
2024-08-24 00:00:00+02:00;5663;24-8-2024;8;24;34;5;0;2;0
2024-08-24 01:00:00+02:00;5664;24-8-2024;8;24;34;5;1;2;0
2024-08-24 02:00:00+02:00;5665;24-8-2024;8;24;34;5;2;2;0
2024-08-24 03:00:00+02:00;5666;24-8-2024;8;24;34;5;3;2;0
2024-08-24 04:00:00+02:00;5667;24-8-2024;8;24;34;5;4;2;0
2024-08-24 05:00:00+02:00;5668;24-8-2024;8;24;34;5;5;2;0
2024-08-24 06:00:00+02:00;5669;24-8-2024;8;24;34;5;6;2;0
2024-08-24 07:00:00+02:00;5670;24-8-2024;8;24;34;5;7;2;0
2024-08-24 08:00:00+02:00;5671;24-8-2024;8;24;34;5;8;2;0
2024-08-24 09:00:00+02:00;5672;24-8-2024;8;24;34;5;9;2;0
2024-08-24 10:00:00+02:00;5673;24-8-2024;8;24;34;5;10;2;50
2024-08-24 11:00:00+02:00;5674;24-8-2024;8;24;34;5;11;2;50
2024-08-24 12:00:00+02:00;5675;24-8-2024;8;24;34;5;12;2;30
2024-08-24 13:00:00+02:00;5676;24-8-2024;8;24;34;5;13;2;30
2024-08-24 14:00:00+02:00;5677;24-8-2024;8;24;34;5;14;2;50
2024-08-24 15:00:00+02:00;5678;24-8-2024;8;24;34;5;15;2;50
2024-08-24 16:00:00+02:00;5679;24-8-2024;8;24;34;5;16;2;50
2024-08-24 17:00:00+02:00;5680;24-8-2024;8;24;34;5;17;2;0
2024-08-24 18:00:00+02:00;5681;24-8-2024;8;24;34;5;18;2;0
2024-08-24 19:00:00+02:00;5682;24-8-2024;8;24;34;5;19;2;0
2024-08-24 20:00:00+02:00;5683;24-8-2024;8;24;34;5;20;2;0
2024-08-24 21:00:00+02:00;5684;24-8-2024;8;24;34;5;21;2;0
2024-08-24 22:00:00+02:00;5685;24-8-2024;8;24;34;5;22;2;0
2024-08-24 23:00:00+02:00;5686;24-8-2024;8;24;34;5;23;2;0
2024-08-25 00:00:00+02:00;5687;25-8-2024;8;25;34;6;0;3;0
2024-08-25 01:00:00+02:00;5688;25-8-2024;8;25;34;6;1;3;0
2024-08-25 02:00:00+02:00;5689;25-8-2024;8;25;34;6;2;3;0
2024-08-25 03:00:00+02:00;5690;25-8-2024;8;25;34;6;3;3;0
2024-08-25 04:00:00+02:00;5691;25-8-2024;8;25;34;6;4;3;0
2024-08-25 05:00:00+02:00;5692;25-8-2024;8;25;34;6;5;3;0
2024-08-25 06:00:00+02:00;5693;25-8-2024;8;25;34;6;6;3;0
2024-08-25 07:00:00+02:00;5694;25-8-2024;8;25;34;6;7;3;0
2024-08-25 08:00:00+02:00;5695;25-8-2024;8;25;34;6;8;3;0
2024-08-25 09:00:00+02:00;5696;25-8-2024;8;25;34;6;9;3;0
2024-08-25 10:00:00+02:00;5697;25-8-2024;8;25;34;6;10;3;0
2024-08-25 11:00:00+02:00;5698;25-8-2024;8;25;34;6;11;3;0
2024-08-25 12:00:00+02:00;5699;25-8-2024;8;25;34;6;12;3;0
2024-08-25 13:00:00+02:00;5700;25-8-2024;8;25;34;6;13;3;0
2024-08-25 14:00:00+02:00;5701;25-8-2024;8;25;34;6;14;3;0
2024-08-25 15:00:00+02:00;5702;25-8-2024;8;25;34;6;15;3;0
2024-08-25 16:00:00+02:00;5703;25-8-2024;8;25;34;6;16;3;0
2024-08-25 17:00:00+02:00;5704;25-8-2024;8;25;34;6;17;3;0
2024-08-25 18:00:00+02:00;5705;25-8-2024;8;25;34;6;18;3;0
2024-08-25 19:00:00+02:00;5706;25-8-2024;8;25;34;6;19;3;0
2024-08-25 20:00:00+02:00;5707;25-8-2024;8;25;34;6;20;3;0
2024-08-25 21:00:00+02:00;5708;25-8-2024;8;25;34;6;21;3;0
2024-08-25 22:00:00+02:00;5709;25-8-2024;8;25;34;6;22;3;0
2024-08-25 23:00:00+02:00;5710;25-8-2024;8;25;34;6;23;3;0
2024-08-26 00:00:00+02:00;5711;26-8-2024;8;26;35;0;0;1;0
2024-08-26 01:00:00+02:00;5712;26-8-2024;8;26;35;0;1;1;0
2024-08-26 02:00:00+02:00;5713;26-8-2024;8;26;35;0;2;1;0
2024-08-26 03:00:00+02:00;5714;26-8-2024;8;26;35;0;3;1;0
2024-08-26 04:00:00+02:00;5715;26-8-2024;8;26;35;0;4;1;0
2024-08-26 05:00:00+02:00;5716;26-8-2024;8;26;35;0;5;1;0
2024-08-26 06:00:00+02:00;5717;26-8-2024;8;26;35;0;6;1;0
2024-08-26 07:00:00+02:00;5718;26-8-2024;8;26;35;0;7;1;0
2024-08-26 08:00:00+02:00;5719;26-8-2024;8;26;35;0;8;1;60
2024-08-26 09:00:00+02:00;5720;26-8-2024;8;26;35;0;9;1;60
2024-08-26 10:00:00+02:00;5721;26-8-2024;8;26;35;0;10;1;90
2024-08-26 11:00:00+02:00;5722;26-8-2024;8;26;35;0;11;1;90
2024-08-26 12:00:00+02:00;5723;26-8-2024;8;26;35;0;12;1;50
2024-08-26 13:00:00+02:00;5724;26-8-2024;8;26;35;0;13;1;50
2024-08-26 14:00:00+02:00;5725;26-8-2024;8;26;35;0;14;1;80
2024-08-26 15:00:00+02:00;5726;26-8-2024;8;26;35;0;15;1;80
2024-08-26 16:00:00+02:00;5727;26-8-2024;8;26;35;0;16;1;80
2024-08-26 17:00:00+02:00;5728;26-8-2024;8;26;35;0;17;1;50
2024-08-26 18:00:00+02:00;5729;26-8-2024;8;26;35;0;18;1;42
2024-08-26 19:00:00+02:00;5730;26-8-2024;8;26;35;0;19;1;33
2024-08-26 20:00:00+02:00;5731;26-8-2024;8;26;35;0;20;1;25
2024-08-26 21:00:00+02:00;5732;26-8-2024;8;26;35;0;21;1;17
2024-08-26 22:00:00+02:00;5733;26-8-2024;8;26;35;0;22;1;8
2024-08-26 23:00:00+02:00;5734;26-8-2024;8;26;35;0;23;1;0
2024-08-27 00:00:00+02:00;5735;27-8-2024;8;27;35;1;0;1;0
2024-08-27 01:00:00+02:00;5736;27-8-2024;8;27;35;1;1;1;0
2024-08-27 02:00:00+02:00;5737;27-8-2024;8;27;35;1;2;1;0
2024-08-27 03:00:00+02:00;5738;27-8-2024;8;27;35;1;3;1;0
2024-08-27 04:00:00+02:00;5739;27-8-2024;8;27;35;1;4;1;0
2024-08-27 05:00:00+02:00;5740;27-8-2024;8;27;35;1;5;1;0
2024-08-27 06:00:00+02:00;5741;27-8-2024;8;27;35;1;6;1;0
2024-08-27 07:00:00+02:00;5742;27-8-2024;8;27;35;1;7;1;0
2024-08-27 08:00:00+02:00;5743;27-8-2024;8;27;35;1;8;1;60
2024-08-27 09:00:00+02:00;5744;27-8-2024;8;27;35;1;9;1;60
2024-08-27 10:00:00+02:00;5745;27-8-2024;8;27;35;1;10;1;90
2024-08-27 11:00:00+02:00;5746;27-8-2024;8;27;35;1;11;1;90
2024-08-27 12:00:00+02:00;5747;27-8-2024;8;27;35;1;12;1;50
2024-08-27 13:00:00+02:00;5748;27-8-2024;8;27;35;1;13;1;50
2024-08-27 14:00:00+02:00;5749;27-8-2024;8;27;35;1;14;1;80
2024-08-27 15:00:00+02:00;5750;27-8-2024;8;27;35;1;15;1;80
2024-08-27 16:00:00+02:00;5751;27-8-2024;8;27;35;1;16;1;80
2024-08-27 17:00:00+02:00;5752;27-8-2024;8;27;35;1;17;1;50
2024-08-27 18:00:00+02:00;5753;27-8-2024;8;27;35;1;18;1;42
2024-08-27 19:00:00+02:00;5754;27-8-2024;8;27;35;1;19;1;33
2024-08-27 20:00:00+02:00;5755;27-8-2024;8;27;35;1;20;1;25
2024-08-27 21:00:00+02:00;5756;27-8-2024;8;27;35;1;21;1;17
2024-08-27 22:00:00+02:00;5757;27-8-2024;8;27;35;1;22;1;8
2024-08-27 23:00:00+02:00;5758;27-8-2024;8;27;35;1;23;1;0
2024-08-28 00:00:00+02:00;5759;28-8-2024;8;28;35;2;0;1;0
2024-08-28 01:00:00+02:00;5760;28-8-2024;8;28;35;2;1;1;0
2024-08-28 02:00:00+02:00;5761;28-8-2024;8;28;35;2;2;1;0
2024-08-28 03:00:00+02:00;5762;28-8-2024;8;28;35;2;3;1;0
2024-08-28 04:00:00+02:00;5763;28-8-2024;8;28;35;2;4;1;0
2024-08-28 05:00:00+02:00;5764;28-8-2024;8;28;35;2;5;1;0
2024-08-28 06:00:00+02:00;5765;28-8-2024;8;28;35;2;6;1;0
2024-08-28 07:00:00+02:00;5766;28-8-2024;8;28;35;2;7;1;0
2024-08-28 08:00:00+02:00;5767;28-8-2024;8;28;35;2;8;1;60
2024-08-28 09:00:00+02:00;5768;28-8-2024;8;28;35;2;9;1;60
2024-08-28 10:00:00+02:00;5769;28-8-2024;8;28;35;2;10;1;90
2024-08-28 11:00:00+02:00;5770;28-8-2024;8;28;35;2;11;1;90
2024-08-28 12:00:00+02:00;5771;28-8-2024;8;28;35;2;12;1;50
2024-08-28 13:00:00+02:00;5772;28-8-2024;8;28;35;2;13;1;50
2024-08-28 14:00:00+02:00;5773;28-8-2024;8;28;35;2;14;1;80
2024-08-28 15:00:00+02:00;5774;28-8-2024;8;28;35;2;15;1;80
2024-08-28 16:00:00+02:00;5775;28-8-2024;8;28;35;2;16;1;80
2024-08-28 17:00:00+02:00;5776;28-8-2024;8;28;35;2;17;1;50
2024-08-28 18:00:00+02:00;5777;28-8-2024;8;28;35;2;18;1;42
2024-08-28 19:00:00+02:00;5778;28-8-2024;8;28;35;2;19;1;33
2024-08-28 20:00:00+02:00;5779;28-8-2024;8;28;35;2;20;1;25
2024-08-28 21:00:00+02:00;5780;28-8-2024;8;28;35;2;21;1;17
2024-08-28 22:00:00+02:00;5781;28-8-2024;8;28;35;2;22;1;8
2024-08-28 23:00:00+02:00;5782;28-8-2024;8;28;35;2;23;1;0
2024-08-29 00:00:00+02:00;5783;29-8-2024;8;29;35;3;0;1;0
2024-08-29 01:00:00+02:00;5784;29-8-2024;8;29;35;3;1;1;0
2024-08-29 02:00:00+02:00;5785;29-8-2024;8;29;35;3;2;1;0
2024-08-29 03:00:00+02:00;5786;29-8-2024;8;29;35;3;3;1;0
2024-08-29 04:00:00+02:00;5787;29-8-2024;8;29;35;3;4;1;0
2024-08-29 05:00:00+02:00;5788;29-8-2024;8;29;35;3;5;1;0
2024-08-29 06:00:00+02:00;5789;29-8-2024;8;29;35;3;6;1;0
2024-08-29 07:00:00+02:00;5790;29-8-2024;8;29;35;3;7;1;0
2024-08-29 08:00:00+02:00;5791;29-8-2024;8;29;35;3;8;1;60
2024-08-29 09:00:00+02:00;5792;29-8-2024;8;29;35;3;9;1;60
2024-08-29 10:00:00+02:00;5793;29-8-2024;8;29;35;3;10;1;90
2024-08-29 11:00:00+02:00;5794;29-8-2024;8;29;35;3;11;1;90
2024-08-29 12:00:00+02:00;5795;29-8-2024;8;29;35;3;12;1;50
2024-08-29 13:00:00+02:00;5796;29-8-2024;8;29;35;3;13;1;50
2024-08-29 14:00:00+02:00;5797;29-8-2024;8;29;35;3;14;1;80
2024-08-29 15:00:00+02:00;5798;29-8-2024;8;29;35;3;15;1;80
2024-08-29 16:00:00+02:00;5799;29-8-2024;8;29;35;3;16;1;80
2024-08-29 17:00:00+02:00;5800;29-8-2024;8;29;35;3;17;1;50
2024-08-29 18:00:00+02:00;5801;29-8-2024;8;29;35;3;18;1;42
2024-08-29 19:00:00+02:00;5802;29-8-2024;8;29;35;3;19;1;33
2024-08-29 20:00:00+02:00;5803;29-8-2024;8;29;35;3;20;1;25
2024-08-29 21:00:00+02:00;5804;29-8-2024;8;29;35;3;21;1;17
2024-08-29 22:00:00+02:00;5805;29-8-2024;8;29;35;3;22;1;8
2024-08-29 23:00:00+02:00;5806;29-8-2024;8;29;35;3;23;1;0
2024-08-30 00:00:00+02:00;5807;30-8-2024;8;30;35;4;0;1;0
2024-08-30 01:00:00+02:00;5808;30-8-2024;8;30;35;4;1;1;0
2024-08-30 02:00:00+02:00;5809;30-8-2024;8;30;35;4;2;1;0
2024-08-30 03:00:00+02:00;5810;30-8-2024;8;30;35;4;3;1;0
2024-08-30 04:00:00+02:00;5811;30-8-2024;8;30;35;4;4;1;0
2024-08-30 05:00:00+02:00;5812;30-8-2024;8;30;35;4;5;1;0
2024-08-30 06:00:00+02:00;5813;30-8-2024;8;30;35;4;6;1;0
2024-08-30 07:00:00+02:00;5814;30-8-2024;8;30;35;4;7;1;0
2024-08-30 08:00:00+02:00;5815;30-8-2024;8;30;35;4;8;1;60
2024-08-30 09:00:00+02:00;5816;30-8-2024;8;30;35;4;9;1;60
2024-08-30 10:00:00+02:00;5817;30-8-2024;8;30;35;4;10;1;90
2024-08-30 11:00:00+02:00;5818;30-8-2024;8;30;35;4;11;1;90
2024-08-30 12:00:00+02:00;5819;30-8-2024;8;30;35;4;12;1;50
2024-08-30 13:00:00+02:00;5820;30-8-2024;8;30;35;4;13;1;50
2024-08-30 14:00:00+02:00;5821;30-8-2024;8;30;35;4;14;1;80
2024-08-30 15:00:00+02:00;5822;30-8-2024;8;30;35;4;15;1;80
2024-08-30 16:00:00+02:00;5823;30-8-2024;8;30;35;4;16;1;80
2024-08-30 17:00:00+02:00;5824;30-8-2024;8;30;35;4;17;1;50
2024-08-30 18:00:00+02:00;5825;30-8-2024;8;30;35;4;18;1;42
2024-08-30 19:00:00+02:00;5826;30-8-2024;8;30;35;4;19;1;33
2024-08-30 20:00:00+02:00;5827;30-8-2024;8;30;35;4;20;1;25
2024-08-30 21:00:00+02:00;5828;30-8-2024;8;30;35;4;21;1;17
2024-08-30 22:00:00+02:00;5829;30-8-2024;8;30;35;4;22;1;8
2024-08-30 23:00:00+02:00;5830;30-8-2024;8;30;35;4;23;1;0
2024-08-31 00:00:00+02:00;5831;31-8-2024;8;31;35;5;0;2;0
2024-08-31 01:00:00+02:00;5832;31-8-2024;8;31;35;5;1;2;0
2024-08-31 02:00:00+02:00;5833;31-8-2024;8;31;35;5;2;2;0
2024-08-31 03:00:00+02:00;5834;31-8-2024;8;31;35;5;3;2;0
2024-08-31 04:00:00+02:00;5835;31-8-2024;8;31;35;5;4;2;0
2024-08-31 05:00:00+02:00;5836;31-8-2024;8;31;35;5;5;2;0
2024-08-31 06:00:00+02:00;5837;31-8-2024;8;31;35;5;6;2;0
2024-08-31 07:00:00+02:00;5838;31-8-2024;8;31;35;5;7;2;0
2024-08-31 08:00:00+02:00;5839;31-8-2024;8;31;35;5;8;2;0
2024-08-31 09:00:00+02:00;5840;31-8-2024;8;31;35;5;9;2;0
2024-08-31 10:00:00+02:00;5841;31-8-2024;8;31;35;5;10;2;50
2024-08-31 11:00:00+02:00;5842;31-8-2024;8;31;35;5;11;2;50
2024-08-31 12:00:00+02:00;5843;31-8-2024;8;31;35;5;12;2;30
2024-08-31 13:00:00+02:00;5844;31-8-2024;8;31;35;5;13;2;30
2024-08-31 14:00:00+02:00;5845;31-8-2024;8;31;35;5;14;2;50
2024-08-31 15:00:00+02:00;5846;31-8-2024;8;31;35;5;15;2;50
2024-08-31 16:00:00+02:00;5847;31-8-2024;8;31;35;5;16;2;50
2024-08-31 17:00:00+02:00;5848;31-8-2024;8;31;35;5;17;2;0
2024-08-31 18:00:00+02:00;5849;31-8-2024;8;31;35;5;18;2;0
2024-08-31 19:00:00+02:00;5850;31-8-2024;8;31;35;5;19;2;0
2024-08-31 20:00:00+02:00;5851;31-8-2024;8;31;35;5;20;2;0
2024-08-31 21:00:00+02:00;5852;31-8-2024;8;31;35;5;21;2;0
2024-08-31 22:00:00+02:00;5853;31-8-2024;8;31;35;5;22;2;0
2024-08-31 23:00:00+02:00;5854;31-8-2024;8;31;35;5;23;2;0
2024-09-01 00:00:00+02:00;5855;1-9-2024;9;1;35;6;0;3;0
2024-09-01 01:00:00+02:00;5856;1-9-2024;9;1;35;6;1;3;0
2024-09-01 02:00:00+02:00;5857;1-9-2024;9;1;35;6;2;3;0
2024-09-01 03:00:00+02:00;5858;1-9-2024;9;1;35;6;3;3;0
2024-09-01 04:00:00+02:00;5859;1-9-2024;9;1;35;6;4;3;0
2024-09-01 05:00:00+02:00;5860;1-9-2024;9;1;35;6;5;3;0
2024-09-01 06:00:00+02:00;5861;1-9-2024;9;1;35;6;6;3;0
2024-09-01 07:00:00+02:00;5862;1-9-2024;9;1;35;6;7;3;0
2024-09-01 08:00:00+02:00;5863;1-9-2024;9;1;35;6;8;3;0
2024-09-01 09:00:00+02:00;5864;1-9-2024;9;1;35;6;9;3;0
2024-09-01 10:00:00+02:00;5865;1-9-2024;9;1;35;6;10;3;0
2024-09-01 11:00:00+02:00;5866;1-9-2024;9;1;35;6;11;3;0
2024-09-01 12:00:00+02:00;5867;1-9-2024;9;1;35;6;12;3;0
2024-09-01 13:00:00+02:00;5868;1-9-2024;9;1;35;6;13;3;0
2024-09-01 14:00:00+02:00;5869;1-9-2024;9;1;35;6;14;3;0
2024-09-01 15:00:00+02:00;5870;1-9-2024;9;1;35;6;15;3;0
2024-09-01 16:00:00+02:00;5871;1-9-2024;9;1;35;6;16;3;0
2024-09-01 17:00:00+02:00;5872;1-9-2024;9;1;35;6;17;3;0
2024-09-01 18:00:00+02:00;5873;1-9-2024;9;1;35;6;18;3;0
2024-09-01 19:00:00+02:00;5874;1-9-2024;9;1;35;6;19;3;0
2024-09-01 20:00:00+02:00;5875;1-9-2024;9;1;35;6;20;3;0
2024-09-01 21:00:00+02:00;5876;1-9-2024;9;1;35;6;21;3;0
2024-09-01 22:00:00+02:00;5877;1-9-2024;9;1;35;6;22;3;0
2024-09-01 23:00:00+02:00;5878;1-9-2024;9;1;35;6;23;3;0
2024-09-02 00:00:00+02:00;5879;2-9-2024;9;2;36;0;0;1;0
2024-09-02 01:00:00+02:00;5880;2-9-2024;9;2;36;0;1;1;0
2024-09-02 02:00:00+02:00;5881;2-9-2024;9;2;36;0;2;1;0
2024-09-02 03:00:00+02:00;5882;2-9-2024;9;2;36;0;3;1;0
2024-09-02 04:00:00+02:00;5883;2-9-2024;9;2;36;0;4;1;0
2024-09-02 05:00:00+02:00;5884;2-9-2024;9;2;36;0;5;1;0
2024-09-02 06:00:00+02:00;5885;2-9-2024;9;2;36;0;6;1;0
2024-09-02 07:00:00+02:00;5886;2-9-2024;9;2;36;0;7;1;0
2024-09-02 08:00:00+02:00;5887;2-9-2024;9;2;36;0;8;1;60
2024-09-02 09:00:00+02:00;5888;2-9-2024;9;2;36;0;9;1;60
2024-09-02 10:00:00+02:00;5889;2-9-2024;9;2;36;0;10;1;90
2024-09-02 11:00:00+02:00;5890;2-9-2024;9;2;36;0;11;1;90
2024-09-02 12:00:00+02:00;5891;2-9-2024;9;2;36;0;12;1;50
2024-09-02 13:00:00+02:00;5892;2-9-2024;9;2;36;0;13;1;50
2024-09-02 14:00:00+02:00;5893;2-9-2024;9;2;36;0;14;1;80
2024-09-02 15:00:00+02:00;5894;2-9-2024;9;2;36;0;15;1;80
2024-09-02 16:00:00+02:00;5895;2-9-2024;9;2;36;0;16;1;80
2024-09-02 17:00:00+02:00;5896;2-9-2024;9;2;36;0;17;1;50
2024-09-02 18:00:00+02:00;5897;2-9-2024;9;2;36;0;18;1;42
2024-09-02 19:00:00+02:00;5898;2-9-2024;9;2;36;0;19;1;33
2024-09-02 20:00:00+02:00;5899;2-9-2024;9;2;36;0;20;1;25
2024-09-02 21:00:00+02:00;5900;2-9-2024;9;2;36;0;21;1;17
2024-09-02 22:00:00+02:00;5901;2-9-2024;9;2;36;0;22;1;8
2024-09-02 23:00:00+02:00;5902;2-9-2024;9;2;36;0;23;1;0
2024-09-03 00:00:00+02:00;5903;3-9-2024;9;3;36;1;0;1;0
2024-09-03 01:00:00+02:00;5904;3-9-2024;9;3;36;1;1;1;0
2024-09-03 02:00:00+02:00;5905;3-9-2024;9;3;36;1;2;1;0
2024-09-03 03:00:00+02:00;5906;3-9-2024;9;3;36;1;3;1;0
2024-09-03 04:00:00+02:00;5907;3-9-2024;9;3;36;1;4;1;0
2024-09-03 05:00:00+02:00;5908;3-9-2024;9;3;36;1;5;1;0
2024-09-03 06:00:00+02:00;5909;3-9-2024;9;3;36;1;6;1;0
2024-09-03 07:00:00+02:00;5910;3-9-2024;9;3;36;1;7;1;0
2024-09-03 08:00:00+02:00;5911;3-9-2024;9;3;36;1;8;1;60
2024-09-03 09:00:00+02:00;5912;3-9-2024;9;3;36;1;9;1;60
2024-09-03 10:00:00+02:00;5913;3-9-2024;9;3;36;1;10;1;90
2024-09-03 11:00:00+02:00;5914;3-9-2024;9;3;36;1;11;1;90
2024-09-03 12:00:00+02:00;5915;3-9-2024;9;3;36;1;12;1;50
2024-09-03 13:00:00+02:00;5916;3-9-2024;9;3;36;1;13;1;50
2024-09-03 14:00:00+02:00;5917;3-9-2024;9;3;36;1;14;1;80
2024-09-03 15:00:00+02:00;5918;3-9-2024;9;3;36;1;15;1;80
2024-09-03 16:00:00+02:00;5919;3-9-2024;9;3;36;1;16;1;80
2024-09-03 17:00:00+02:00;5920;3-9-2024;9;3;36;1;17;1;50
2024-09-03 18:00:00+02:00;5921;3-9-2024;9;3;36;1;18;1;42
2024-09-03 19:00:00+02:00;5922;3-9-2024;9;3;36;1;19;1;33
2024-09-03 20:00:00+02:00;5923;3-9-2024;9;3;36;1;20;1;25
2024-09-03 21:00:00+02:00;5924;3-9-2024;9;3;36;1;21;1;17
2024-09-03 22:00:00+02:00;5925;3-9-2024;9;3;36;1;22;1;8
2024-09-03 23:00:00+02:00;5926;3-9-2024;9;3;36;1;23;1;0
2024-09-04 00:00:00+02:00;5927;4-9-2024;9;4;36;2;0;1;0
2024-09-04 01:00:00+02:00;5928;4-9-2024;9;4;36;2;1;1;0
2024-09-04 02:00:00+02:00;5929;4-9-2024;9;4;36;2;2;1;0
2024-09-04 03:00:00+02:00;5930;4-9-2024;9;4;36;2;3;1;0
2024-09-04 04:00:00+02:00;5931;4-9-2024;9;4;36;2;4;1;0
2024-09-04 05:00:00+02:00;5932;4-9-2024;9;4;36;2;5;1;0
2024-09-04 06:00:00+02:00;5933;4-9-2024;9;4;36;2;6;1;0
2024-09-04 07:00:00+02:00;5934;4-9-2024;9;4;36;2;7;1;0
2024-09-04 08:00:00+02:00;5935;4-9-2024;9;4;36;2;8;1;60
2024-09-04 09:00:00+02:00;5936;4-9-2024;9;4;36;2;9;1;60
2024-09-04 10:00:00+02:00;5937;4-9-2024;9;4;36;2;10;1;90
2024-09-04 11:00:00+02:00;5938;4-9-2024;9;4;36;2;11;1;90
2024-09-04 12:00:00+02:00;5939;4-9-2024;9;4;36;2;12;1;50
2024-09-04 13:00:00+02:00;5940;4-9-2024;9;4;36;2;13;1;50
2024-09-04 14:00:00+02:00;5941;4-9-2024;9;4;36;2;14;1;80
2024-09-04 15:00:00+02:00;5942;4-9-2024;9;4;36;2;15;1;80
2024-09-04 16:00:00+02:00;5943;4-9-2024;9;4;36;2;16;1;80
2024-09-04 17:00:00+02:00;5944;4-9-2024;9;4;36;2;17;1;50
2024-09-04 18:00:00+02:00;5945;4-9-2024;9;4;36;2;18;1;42
2024-09-04 19:00:00+02:00;5946;4-9-2024;9;4;36;2;19;1;33
2024-09-04 20:00:00+02:00;5947;4-9-2024;9;4;36;2;20;1;25
2024-09-04 21:00:00+02:00;5948;4-9-2024;9;4;36;2;21;1;17
2024-09-04 22:00:00+02:00;5949;4-9-2024;9;4;36;2;22;1;8
2024-09-04 23:00:00+02:00;5950;4-9-2024;9;4;36;2;23;1;0
2024-09-05 00:00:00+02:00;5951;5-9-2024;9;5;36;3;0;1;0
2024-09-05 01:00:00+02:00;5952;5-9-2024;9;5;36;3;1;1;0
2024-09-05 02:00:00+02:00;5953;5-9-2024;9;5;36;3;2;1;0
2024-09-05 03:00:00+02:00;5954;5-9-2024;9;5;36;3;3;1;0
2024-09-05 04:00:00+02:00;5955;5-9-2024;9;5;36;3;4;1;0
2024-09-05 05:00:00+02:00;5956;5-9-2024;9;5;36;3;5;1;0
2024-09-05 06:00:00+02:00;5957;5-9-2024;9;5;36;3;6;1;0
2024-09-05 07:00:00+02:00;5958;5-9-2024;9;5;36;3;7;1;0
2024-09-05 08:00:00+02:00;5959;5-9-2024;9;5;36;3;8;1;60
2024-09-05 09:00:00+02:00;5960;5-9-2024;9;5;36;3;9;1;60
2024-09-05 10:00:00+02:00;5961;5-9-2024;9;5;36;3;10;1;90
2024-09-05 11:00:00+02:00;5962;5-9-2024;9;5;36;3;11;1;90
2024-09-05 12:00:00+02:00;5963;5-9-2024;9;5;36;3;12;1;50
2024-09-05 13:00:00+02:00;5964;5-9-2024;9;5;36;3;13;1;50
2024-09-05 14:00:00+02:00;5965;5-9-2024;9;5;36;3;14;1;80
2024-09-05 15:00:00+02:00;5966;5-9-2024;9;5;36;3;15;1;80
2024-09-05 16:00:00+02:00;5967;5-9-2024;9;5;36;3;16;1;80
2024-09-05 17:00:00+02:00;5968;5-9-2024;9;5;36;3;17;1;50
2024-09-05 18:00:00+02:00;5969;5-9-2024;9;5;36;3;18;1;42
2024-09-05 19:00:00+02:00;5970;5-9-2024;9;5;36;3;19;1;33
2024-09-05 20:00:00+02:00;5971;5-9-2024;9;5;36;3;20;1;25
2024-09-05 21:00:00+02:00;5972;5-9-2024;9;5;36;3;21;1;17
2024-09-05 22:00:00+02:00;5973;5-9-2024;9;5;36;3;22;1;8
2024-09-05 23:00:00+02:00;5974;5-9-2024;9;5;36;3;23;1;0
2024-09-06 00:00:00+02:00;5975;6-9-2024;9;6;36;4;0;1;0
2024-09-06 01:00:00+02:00;5976;6-9-2024;9;6;36;4;1;1;0
2024-09-06 02:00:00+02:00;5977;6-9-2024;9;6;36;4;2;1;0
2024-09-06 03:00:00+02:00;5978;6-9-2024;9;6;36;4;3;1;0
2024-09-06 04:00:00+02:00;5979;6-9-2024;9;6;36;4;4;1;0
2024-09-06 05:00:00+02:00;5980;6-9-2024;9;6;36;4;5;1;0
2024-09-06 06:00:00+02:00;5981;6-9-2024;9;6;36;4;6;1;0
2024-09-06 07:00:00+02:00;5982;6-9-2024;9;6;36;4;7;1;0
2024-09-06 08:00:00+02:00;5983;6-9-2024;9;6;36;4;8;1;60
2024-09-06 09:00:00+02:00;5984;6-9-2024;9;6;36;4;9;1;60
2024-09-06 10:00:00+02:00;5985;6-9-2024;9;6;36;4;10;1;90
2024-09-06 11:00:00+02:00;5986;6-9-2024;9;6;36;4;11;1;90
2024-09-06 12:00:00+02:00;5987;6-9-2024;9;6;36;4;12;1;50
2024-09-06 13:00:00+02:00;5988;6-9-2024;9;6;36;4;13;1;50
2024-09-06 14:00:00+02:00;5989;6-9-2024;9;6;36;4;14;1;80
2024-09-06 15:00:00+02:00;5990;6-9-2024;9;6;36;4;15;1;80
2024-09-06 16:00:00+02:00;5991;6-9-2024;9;6;36;4;16;1;80
2024-09-06 17:00:00+02:00;5992;6-9-2024;9;6;36;4;17;1;50
2024-09-06 18:00:00+02:00;5993;6-9-2024;9;6;36;4;18;1;42
2024-09-06 19:00:00+02:00;5994;6-9-2024;9;6;36;4;19;1;33
2024-09-06 20:00:00+02:00;5995;6-9-2024;9;6;36;4;20;1;25
2024-09-06 21:00:00+02:00;5996;6-9-2024;9;6;36;4;21;1;17
2024-09-06 22:00:00+02:00;5997;6-9-2024;9;6;36;4;22;1;8
2024-09-06 23:00:00+02:00;5998;6-9-2024;9;6;36;4;23;1;0
2024-09-07 00:00:00+02:00;5999;7-9-2024;9;7;36;5;0;2;0
2024-09-07 01:00:00+02:00;6000;7-9-2024;9;7;36;5;1;2;0
2024-09-07 02:00:00+02:00;6001;7-9-2024;9;7;36;5;2;2;0
2024-09-07 03:00:00+02:00;6002;7-9-2024;9;7;36;5;3;2;0
2024-09-07 04:00:00+02:00;6003;7-9-2024;9;7;36;5;4;2;0
2024-09-07 05:00:00+02:00;6004;7-9-2024;9;7;36;5;5;2;0
2024-09-07 06:00:00+02:00;6005;7-9-2024;9;7;36;5;6;2;0
2024-09-07 07:00:00+02:00;6006;7-9-2024;9;7;36;5;7;2;0
2024-09-07 08:00:00+02:00;6007;7-9-2024;9;7;36;5;8;2;0
2024-09-07 09:00:00+02:00;6008;7-9-2024;9;7;36;5;9;2;0
2024-09-07 10:00:00+02:00;6009;7-9-2024;9;7;36;5;10;2;50
2024-09-07 11:00:00+02:00;6010;7-9-2024;9;7;36;5;11;2;50
2024-09-07 12:00:00+02:00;6011;7-9-2024;9;7;36;5;12;2;30
2024-09-07 13:00:00+02:00;6012;7-9-2024;9;7;36;5;13;2;30
2024-09-07 14:00:00+02:00;6013;7-9-2024;9;7;36;5;14;2;50
2024-09-07 15:00:00+02:00;6014;7-9-2024;9;7;36;5;15;2;50
2024-09-07 16:00:00+02:00;6015;7-9-2024;9;7;36;5;16;2;50
2024-09-07 17:00:00+02:00;6016;7-9-2024;9;7;36;5;17;2;0
2024-09-07 18:00:00+02:00;6017;7-9-2024;9;7;36;5;18;2;0
2024-09-07 19:00:00+02:00;6018;7-9-2024;9;7;36;5;19;2;0
2024-09-07 20:00:00+02:00;6019;7-9-2024;9;7;36;5;20;2;0
2024-09-07 21:00:00+02:00;6020;7-9-2024;9;7;36;5;21;2;0
2024-09-07 22:00:00+02:00;6021;7-9-2024;9;7;36;5;22;2;0
2024-09-07 23:00:00+02:00;6022;7-9-2024;9;7;36;5;23;2;0
2024-09-08 00:00:00+02:00;6023;8-9-2024;9;8;36;6;0;3;0
2024-09-08 01:00:00+02:00;6024;8-9-2024;9;8;36;6;1;3;0
2024-09-08 02:00:00+02:00;6025;8-9-2024;9;8;36;6;2;3;0
2024-09-08 03:00:00+02:00;6026;8-9-2024;9;8;36;6;3;3;0
2024-09-08 04:00:00+02:00;6027;8-9-2024;9;8;36;6;4;3;0
2024-09-08 05:00:00+02:00;6028;8-9-2024;9;8;36;6;5;3;0
2024-09-08 06:00:00+02:00;6029;8-9-2024;9;8;36;6;6;3;0
2024-09-08 07:00:00+02:00;6030;8-9-2024;9;8;36;6;7;3;0
2024-09-08 08:00:00+02:00;6031;8-9-2024;9;8;36;6;8;3;0
2024-09-08 09:00:00+02:00;6032;8-9-2024;9;8;36;6;9;3;0
2024-09-08 10:00:00+02:00;6033;8-9-2024;9;8;36;6;10;3;0
2024-09-08 11:00:00+02:00;6034;8-9-2024;9;8;36;6;11;3;0
2024-09-08 12:00:00+02:00;6035;8-9-2024;9;8;36;6;12;3;0
2024-09-08 13:00:00+02:00;6036;8-9-2024;9;8;36;6;13;3;0
2024-09-08 14:00:00+02:00;6037;8-9-2024;9;8;36;6;14;3;0
2024-09-08 15:00:00+02:00;6038;8-9-2024;9;8;36;6;15;3;0
2024-09-08 16:00:00+02:00;6039;8-9-2024;9;8;36;6;16;3;0
2024-09-08 17:00:00+02:00;6040;8-9-2024;9;8;36;6;17;3;0
2024-09-08 18:00:00+02:00;6041;8-9-2024;9;8;36;6;18;3;0
2024-09-08 19:00:00+02:00;6042;8-9-2024;9;8;36;6;19;3;0
2024-09-08 20:00:00+02:00;6043;8-9-2024;9;8;36;6;20;3;0
2024-09-08 21:00:00+02:00;6044;8-9-2024;9;8;36;6;21;3;0
2024-09-08 22:00:00+02:00;6045;8-9-2024;9;8;36;6;22;3;0
2024-09-08 23:00:00+02:00;6046;8-9-2024;9;8;36;6;23;3;0
2024-09-09 00:00:00+02:00;6047;9-9-2024;9;9;37;0;0;1;0
2024-09-09 01:00:00+02:00;6048;9-9-2024;9;9;37;0;1;1;0
2024-09-09 02:00:00+02:00;6049;9-9-2024;9;9;37;0;2;1;0
2024-09-09 03:00:00+02:00;6050;9-9-2024;9;9;37;0;3;1;0
2024-09-09 04:00:00+02:00;6051;9-9-2024;9;9;37;0;4;1;0
2024-09-09 05:00:00+02:00;6052;9-9-2024;9;9;37;0;5;1;0
2024-09-09 06:00:00+02:00;6053;9-9-2024;9;9;37;0;6;1;0
2024-09-09 07:00:00+02:00;6054;9-9-2024;9;9;37;0;7;1;0
2024-09-09 08:00:00+02:00;6055;9-9-2024;9;9;37;0;8;1;60
2024-09-09 09:00:00+02:00;6056;9-9-2024;9;9;37;0;9;1;60
2024-09-09 10:00:00+02:00;6057;9-9-2024;9;9;37;0;10;1;90
2024-09-09 11:00:00+02:00;6058;9-9-2024;9;9;37;0;11;1;90
2024-09-09 12:00:00+02:00;6059;9-9-2024;9;9;37;0;12;1;50
2024-09-09 13:00:00+02:00;6060;9-9-2024;9;9;37;0;13;1;50
2024-09-09 14:00:00+02:00;6061;9-9-2024;9;9;37;0;14;1;80
2024-09-09 15:00:00+02:00;6062;9-9-2024;9;9;37;0;15;1;80
2024-09-09 16:00:00+02:00;6063;9-9-2024;9;9;37;0;16;1;80
2024-09-09 17:00:00+02:00;6064;9-9-2024;9;9;37;0;17;1;50
2024-09-09 18:00:00+02:00;6065;9-9-2024;9;9;37;0;18;1;42
2024-09-09 19:00:00+02:00;6066;9-9-2024;9;9;37;0;19;1;33
2024-09-09 20:00:00+02:00;6067;9-9-2024;9;9;37;0;20;1;25
2024-09-09 21:00:00+02:00;6068;9-9-2024;9;9;37;0;21;1;17
2024-09-09 22:00:00+02:00;6069;9-9-2024;9;9;37;0;22;1;8
2024-09-09 23:00:00+02:00;6070;9-9-2024;9;9;37;0;23;1;0
2024-09-10 00:00:00+02:00;6071;10-9-2024;9;10;37;1;0;1;0
2024-09-10 01:00:00+02:00;6072;10-9-2024;9;10;37;1;1;1;0
2024-09-10 02:00:00+02:00;6073;10-9-2024;9;10;37;1;2;1;0
2024-09-10 03:00:00+02:00;6074;10-9-2024;9;10;37;1;3;1;0
2024-09-10 04:00:00+02:00;6075;10-9-2024;9;10;37;1;4;1;0
2024-09-10 05:00:00+02:00;6076;10-9-2024;9;10;37;1;5;1;0
2024-09-10 06:00:00+02:00;6077;10-9-2024;9;10;37;1;6;1;0
2024-09-10 07:00:00+02:00;6078;10-9-2024;9;10;37;1;7;1;0
2024-09-10 08:00:00+02:00;6079;10-9-2024;9;10;37;1;8;1;60
2024-09-10 09:00:00+02:00;6080;10-9-2024;9;10;37;1;9;1;60
2024-09-10 10:00:00+02:00;6081;10-9-2024;9;10;37;1;10;1;90
2024-09-10 11:00:00+02:00;6082;10-9-2024;9;10;37;1;11;1;90
2024-09-10 12:00:00+02:00;6083;10-9-2024;9;10;37;1;12;1;50
2024-09-10 13:00:00+02:00;6084;10-9-2024;9;10;37;1;13;1;50
2024-09-10 14:00:00+02:00;6085;10-9-2024;9;10;37;1;14;1;80
2024-09-10 15:00:00+02:00;6086;10-9-2024;9;10;37;1;15;1;80
2024-09-10 16:00:00+02:00;6087;10-9-2024;9;10;37;1;16;1;80
2024-09-10 17:00:00+02:00;6088;10-9-2024;9;10;37;1;17;1;50
2024-09-10 18:00:00+02:00;6089;10-9-2024;9;10;37;1;18;1;42
2024-09-10 19:00:00+02:00;6090;10-9-2024;9;10;37;1;19;1;33
2024-09-10 20:00:00+02:00;6091;10-9-2024;9;10;37;1;20;1;25
2024-09-10 21:00:00+02:00;6092;10-9-2024;9;10;37;1;21;1;17
2024-09-10 22:00:00+02:00;6093;10-9-2024;9;10;37;1;22;1;8
2024-09-10 23:00:00+02:00;6094;10-9-2024;9;10;37;1;23;1;0
2024-09-11 00:00:00+02:00;6095;11-9-2024;9;11;37;2;0;1;0
2024-09-11 01:00:00+02:00;6096;11-9-2024;9;11;37;2;1;1;0
2024-09-11 02:00:00+02:00;6097;11-9-2024;9;11;37;2;2;1;0
2024-09-11 03:00:00+02:00;6098;11-9-2024;9;11;37;2;3;1;0
2024-09-11 04:00:00+02:00;6099;11-9-2024;9;11;37;2;4;1;0
2024-09-11 05:00:00+02:00;6100;11-9-2024;9;11;37;2;5;1;0
2024-09-11 06:00:00+02:00;6101;11-9-2024;9;11;37;2;6;1;0
2024-09-11 07:00:00+02:00;6102;11-9-2024;9;11;37;2;7;1;0
2024-09-11 08:00:00+02:00;6103;11-9-2024;9;11;37;2;8;1;60
2024-09-11 09:00:00+02:00;6104;11-9-2024;9;11;37;2;9;1;60
2024-09-11 10:00:00+02:00;6105;11-9-2024;9;11;37;2;10;1;90
2024-09-11 11:00:00+02:00;6106;11-9-2024;9;11;37;2;11;1;90
2024-09-11 12:00:00+02:00;6107;11-9-2024;9;11;37;2;12;1;50
2024-09-11 13:00:00+02:00;6108;11-9-2024;9;11;37;2;13;1;50
2024-09-11 14:00:00+02:00;6109;11-9-2024;9;11;37;2;14;1;80
2024-09-11 15:00:00+02:00;6110;11-9-2024;9;11;37;2;15;1;80
2024-09-11 16:00:00+02:00;6111;11-9-2024;9;11;37;2;16;1;80
2024-09-11 17:00:00+02:00;6112;11-9-2024;9;11;37;2;17;1;50
2024-09-11 18:00:00+02:00;6113;11-9-2024;9;11;37;2;18;1;42
2024-09-11 19:00:00+02:00;6114;11-9-2024;9;11;37;2;19;1;33
2024-09-11 20:00:00+02:00;6115;11-9-2024;9;11;37;2;20;1;25
2024-09-11 21:00:00+02:00;6116;11-9-2024;9;11;37;2;21;1;17
2024-09-11 22:00:00+02:00;6117;11-9-2024;9;11;37;2;22;1;8
2024-09-11 23:00:00+02:00;6118;11-9-2024;9;11;37;2;23;1;0
2024-09-12 00:00:00+02:00;6119;12-9-2024;9;12;37;3;0;1;0
2024-09-12 01:00:00+02:00;6120;12-9-2024;9;12;37;3;1;1;0
2024-09-12 02:00:00+02:00;6121;12-9-2024;9;12;37;3;2;1;0
2024-09-12 03:00:00+02:00;6122;12-9-2024;9;12;37;3;3;1;0
2024-09-12 04:00:00+02:00;6123;12-9-2024;9;12;37;3;4;1;0
2024-09-12 05:00:00+02:00;6124;12-9-2024;9;12;37;3;5;1;0
2024-09-12 06:00:00+02:00;6125;12-9-2024;9;12;37;3;6;1;0
2024-09-12 07:00:00+02:00;6126;12-9-2024;9;12;37;3;7;1;0
2024-09-12 08:00:00+02:00;6127;12-9-2024;9;12;37;3;8;1;60
2024-09-12 09:00:00+02:00;6128;12-9-2024;9;12;37;3;9;1;60
2024-09-12 10:00:00+02:00;6129;12-9-2024;9;12;37;3;10;1;90
2024-09-12 11:00:00+02:00;6130;12-9-2024;9;12;37;3;11;1;90
2024-09-12 12:00:00+02:00;6131;12-9-2024;9;12;37;3;12;1;50
2024-09-12 13:00:00+02:00;6132;12-9-2024;9;12;37;3;13;1;50
2024-09-12 14:00:00+02:00;6133;12-9-2024;9;12;37;3;14;1;80
2024-09-12 15:00:00+02:00;6134;12-9-2024;9;12;37;3;15;1;80
2024-09-12 16:00:00+02:00;6135;12-9-2024;9;12;37;3;16;1;80
2024-09-12 17:00:00+02:00;6136;12-9-2024;9;12;37;3;17;1;50
2024-09-12 18:00:00+02:00;6137;12-9-2024;9;12;37;3;18;1;42
2024-09-12 19:00:00+02:00;6138;12-9-2024;9;12;37;3;19;1;33
2024-09-12 20:00:00+02:00;6139;12-9-2024;9;12;37;3;20;1;25
2024-09-12 21:00:00+02:00;6140;12-9-2024;9;12;37;3;21;1;17
2024-09-12 22:00:00+02:00;6141;12-9-2024;9;12;37;3;22;1;8
2024-09-12 23:00:00+02:00;6142;12-9-2024;9;12;37;3;23;1;0
2024-09-13 00:00:00+02:00;6143;13-9-2024;9;13;37;4;0;1;0
2024-09-13 01:00:00+02:00;6144;13-9-2024;9;13;37;4;1;1;0
2024-09-13 02:00:00+02:00;6145;13-9-2024;9;13;37;4;2;1;0
2024-09-13 03:00:00+02:00;6146;13-9-2024;9;13;37;4;3;1;0
2024-09-13 04:00:00+02:00;6147;13-9-2024;9;13;37;4;4;1;0
2024-09-13 05:00:00+02:00;6148;13-9-2024;9;13;37;4;5;1;0
2024-09-13 06:00:00+02:00;6149;13-9-2024;9;13;37;4;6;1;0
2024-09-13 07:00:00+02:00;6150;13-9-2024;9;13;37;4;7;1;0
2024-09-13 08:00:00+02:00;6151;13-9-2024;9;13;37;4;8;1;60
2024-09-13 09:00:00+02:00;6152;13-9-2024;9;13;37;4;9;1;60
2024-09-13 10:00:00+02:00;6153;13-9-2024;9;13;37;4;10;1;90
2024-09-13 11:00:00+02:00;6154;13-9-2024;9;13;37;4;11;1;90
2024-09-13 12:00:00+02:00;6155;13-9-2024;9;13;37;4;12;1;50
2024-09-13 13:00:00+02:00;6156;13-9-2024;9;13;37;4;13;1;50
2024-09-13 14:00:00+02:00;6157;13-9-2024;9;13;37;4;14;1;80
2024-09-13 15:00:00+02:00;6158;13-9-2024;9;13;37;4;15;1;80
2024-09-13 16:00:00+02:00;6159;13-9-2024;9;13;37;4;16;1;80
2024-09-13 17:00:00+02:00;6160;13-9-2024;9;13;37;4;17;1;50
2024-09-13 18:00:00+02:00;6161;13-9-2024;9;13;37;4;18;1;42
2024-09-13 19:00:00+02:00;6162;13-9-2024;9;13;37;4;19;1;33
2024-09-13 20:00:00+02:00;6163;13-9-2024;9;13;37;4;20;1;25
2024-09-13 21:00:00+02:00;6164;13-9-2024;9;13;37;4;21;1;17
2024-09-13 22:00:00+02:00;6165;13-9-2024;9;13;37;4;22;1;8
2024-09-13 23:00:00+02:00;6166;13-9-2024;9;13;37;4;23;1;0
2024-09-14 00:00:00+02:00;6167;14-9-2024;9;14;37;5;0;2;0
2024-09-14 01:00:00+02:00;6168;14-9-2024;9;14;37;5;1;2;0
2024-09-14 02:00:00+02:00;6169;14-9-2024;9;14;37;5;2;2;0
2024-09-14 03:00:00+02:00;6170;14-9-2024;9;14;37;5;3;2;0
2024-09-14 04:00:00+02:00;6171;14-9-2024;9;14;37;5;4;2;0
2024-09-14 05:00:00+02:00;6172;14-9-2024;9;14;37;5;5;2;0
2024-09-14 06:00:00+02:00;6173;14-9-2024;9;14;37;5;6;2;0
2024-09-14 07:00:00+02:00;6174;14-9-2024;9;14;37;5;7;2;0
2024-09-14 08:00:00+02:00;6175;14-9-2024;9;14;37;5;8;2;0
2024-09-14 09:00:00+02:00;6176;14-9-2024;9;14;37;5;9;2;0
2024-09-14 10:00:00+02:00;6177;14-9-2024;9;14;37;5;10;2;50
2024-09-14 11:00:00+02:00;6178;14-9-2024;9;14;37;5;11;2;50
2024-09-14 12:00:00+02:00;6179;14-9-2024;9;14;37;5;12;2;30
2024-09-14 13:00:00+02:00;6180;14-9-2024;9;14;37;5;13;2;30
2024-09-14 14:00:00+02:00;6181;14-9-2024;9;14;37;5;14;2;50
2024-09-14 15:00:00+02:00;6182;14-9-2024;9;14;37;5;15;2;50
2024-09-14 16:00:00+02:00;6183;14-9-2024;9;14;37;5;16;2;50
2024-09-14 17:00:00+02:00;6184;14-9-2024;9;14;37;5;17;2;0
2024-09-14 18:00:00+02:00;6185;14-9-2024;9;14;37;5;18;2;0
2024-09-14 19:00:00+02:00;6186;14-9-2024;9;14;37;5;19;2;0
2024-09-14 20:00:00+02:00;6187;14-9-2024;9;14;37;5;20;2;0
2024-09-14 21:00:00+02:00;6188;14-9-2024;9;14;37;5;21;2;0
2024-09-14 22:00:00+02:00;6189;14-9-2024;9;14;37;5;22;2;0
2024-09-14 23:00:00+02:00;6190;14-9-2024;9;14;37;5;23;2;0
2024-09-15 00:00:00+02:00;6191;15-9-2024;9;15;37;6;0;3;0
2024-09-15 01:00:00+02:00;6192;15-9-2024;9;15;37;6;1;3;0
2024-09-15 02:00:00+02:00;6193;15-9-2024;9;15;37;6;2;3;0
2024-09-15 03:00:00+02:00;6194;15-9-2024;9;15;37;6;3;3;0
2024-09-15 04:00:00+02:00;6195;15-9-2024;9;15;37;6;4;3;0
2024-09-15 05:00:00+02:00;6196;15-9-2024;9;15;37;6;5;3;0
2024-09-15 06:00:00+02:00;6197;15-9-2024;9;15;37;6;6;3;0
2024-09-15 07:00:00+02:00;6198;15-9-2024;9;15;37;6;7;3;0
2024-09-15 08:00:00+02:00;6199;15-9-2024;9;15;37;6;8;3;0
2024-09-15 09:00:00+02:00;6200;15-9-2024;9;15;37;6;9;3;0
2024-09-15 10:00:00+02:00;6201;15-9-2024;9;15;37;6;10;3;0
2024-09-15 11:00:00+02:00;6202;15-9-2024;9;15;37;6;11;3;0
2024-09-15 12:00:00+02:00;6203;15-9-2024;9;15;37;6;12;3;0
2024-09-15 13:00:00+02:00;6204;15-9-2024;9;15;37;6;13;3;0
2024-09-15 14:00:00+02:00;6205;15-9-2024;9;15;37;6;14;3;0
2024-09-15 15:00:00+02:00;6206;15-9-2024;9;15;37;6;15;3;0
2024-09-15 16:00:00+02:00;6207;15-9-2024;9;15;37;6;16;3;0
2024-09-15 17:00:00+02:00;6208;15-9-2024;9;15;37;6;17;3;0
2024-09-15 18:00:00+02:00;6209;15-9-2024;9;15;37;6;18;3;0
2024-09-15 19:00:00+02:00;6210;15-9-2024;9;15;37;6;19;3;0
2024-09-15 20:00:00+02:00;6211;15-9-2024;9;15;37;6;20;3;0
2024-09-15 21:00:00+02:00;6212;15-9-2024;9;15;37;6;21;3;0
2024-09-15 22:00:00+02:00;6213;15-9-2024;9;15;37;6;22;3;0
2024-09-15 23:00:00+02:00;6214;15-9-2024;9;15;37;6;23;3;0
2024-09-16 00:00:00+02:00;6215;16-9-2024;9;16;38;0;0;1;0
2024-09-16 01:00:00+02:00;6216;16-9-2024;9;16;38;0;1;1;0
2024-09-16 02:00:00+02:00;6217;16-9-2024;9;16;38;0;2;1;0
2024-09-16 03:00:00+02:00;6218;16-9-2024;9;16;38;0;3;1;0
2024-09-16 04:00:00+02:00;6219;16-9-2024;9;16;38;0;4;1;0
2024-09-16 05:00:00+02:00;6220;16-9-2024;9;16;38;0;5;1;0
2024-09-16 06:00:00+02:00;6221;16-9-2024;9;16;38;0;6;1;0
2024-09-16 07:00:00+02:00;6222;16-9-2024;9;16;38;0;7;1;0
2024-09-16 08:00:00+02:00;6223;16-9-2024;9;16;38;0;8;1;60
2024-09-16 09:00:00+02:00;6224;16-9-2024;9;16;38;0;9;1;60
2024-09-16 10:00:00+02:00;6225;16-9-2024;9;16;38;0;10;1;90
2024-09-16 11:00:00+02:00;6226;16-9-2024;9;16;38;0;11;1;90
2024-09-16 12:00:00+02:00;6227;16-9-2024;9;16;38;0;12;1;50
2024-09-16 13:00:00+02:00;6228;16-9-2024;9;16;38;0;13;1;50
2024-09-16 14:00:00+02:00;6229;16-9-2024;9;16;38;0;14;1;80
2024-09-16 15:00:00+02:00;6230;16-9-2024;9;16;38;0;15;1;80
2024-09-16 16:00:00+02:00;6231;16-9-2024;9;16;38;0;16;1;80
2024-09-16 17:00:00+02:00;6232;16-9-2024;9;16;38;0;17;1;50
2024-09-16 18:00:00+02:00;6233;16-9-2024;9;16;38;0;18;1;42
2024-09-16 19:00:00+02:00;6234;16-9-2024;9;16;38;0;19;1;33
2024-09-16 20:00:00+02:00;6235;16-9-2024;9;16;38;0;20;1;25
2024-09-16 21:00:00+02:00;6236;16-9-2024;9;16;38;0;21;1;17
2024-09-16 22:00:00+02:00;6237;16-9-2024;9;16;38;0;22;1;8
2024-09-16 23:00:00+02:00;6238;16-9-2024;9;16;38;0;23;1;0
2024-09-17 00:00:00+02:00;6239;17-9-2024;9;17;38;1;0;1;0
2024-09-17 01:00:00+02:00;6240;17-9-2024;9;17;38;1;1;1;0
2024-09-17 02:00:00+02:00;6241;17-9-2024;9;17;38;1;2;1;0
2024-09-17 03:00:00+02:00;6242;17-9-2024;9;17;38;1;3;1;0
2024-09-17 04:00:00+02:00;6243;17-9-2024;9;17;38;1;4;1;0
2024-09-17 05:00:00+02:00;6244;17-9-2024;9;17;38;1;5;1;0
2024-09-17 06:00:00+02:00;6245;17-9-2024;9;17;38;1;6;1;0
2024-09-17 07:00:00+02:00;6246;17-9-2024;9;17;38;1;7;1;0
2024-09-17 08:00:00+02:00;6247;17-9-2024;9;17;38;1;8;1;60
2024-09-17 09:00:00+02:00;6248;17-9-2024;9;17;38;1;9;1;60
2024-09-17 10:00:00+02:00;6249;17-9-2024;9;17;38;1;10;1;90
2024-09-17 11:00:00+02:00;6250;17-9-2024;9;17;38;1;11;1;90
2024-09-17 12:00:00+02:00;6251;17-9-2024;9;17;38;1;12;1;50
2024-09-17 13:00:00+02:00;6252;17-9-2024;9;17;38;1;13;1;50
2024-09-17 14:00:00+02:00;6253;17-9-2024;9;17;38;1;14;1;80
2024-09-17 15:00:00+02:00;6254;17-9-2024;9;17;38;1;15;1;80
2024-09-17 16:00:00+02:00;6255;17-9-2024;9;17;38;1;16;1;80
2024-09-17 17:00:00+02:00;6256;17-9-2024;9;17;38;1;17;1;50
2024-09-17 18:00:00+02:00;6257;17-9-2024;9;17;38;1;18;1;42
2024-09-17 19:00:00+02:00;6258;17-9-2024;9;17;38;1;19;1;33
2024-09-17 20:00:00+02:00;6259;17-9-2024;9;17;38;1;20;1;25
2024-09-17 21:00:00+02:00;6260;17-9-2024;9;17;38;1;21;1;17
2024-09-17 22:00:00+02:00;6261;17-9-2024;9;17;38;1;22;1;8
2024-09-17 23:00:00+02:00;6262;17-9-2024;9;17;38;1;23;1;0
2024-09-18 00:00:00+02:00;6263;18-9-2024;9;18;38;2;0;1;0
2024-09-18 01:00:00+02:00;6264;18-9-2024;9;18;38;2;1;1;0
2024-09-18 02:00:00+02:00;6265;18-9-2024;9;18;38;2;2;1;0
2024-09-18 03:00:00+02:00;6266;18-9-2024;9;18;38;2;3;1;0
2024-09-18 04:00:00+02:00;6267;18-9-2024;9;18;38;2;4;1;0
2024-09-18 05:00:00+02:00;6268;18-9-2024;9;18;38;2;5;1;0
2024-09-18 06:00:00+02:00;6269;18-9-2024;9;18;38;2;6;1;0
2024-09-18 07:00:00+02:00;6270;18-9-2024;9;18;38;2;7;1;0
2024-09-18 08:00:00+02:00;6271;18-9-2024;9;18;38;2;8;1;60
2024-09-18 09:00:00+02:00;6272;18-9-2024;9;18;38;2;9;1;60
2024-09-18 10:00:00+02:00;6273;18-9-2024;9;18;38;2;10;1;90
2024-09-18 11:00:00+02:00;6274;18-9-2024;9;18;38;2;11;1;90
2024-09-18 12:00:00+02:00;6275;18-9-2024;9;18;38;2;12;1;50
2024-09-18 13:00:00+02:00;6276;18-9-2024;9;18;38;2;13;1;50
2024-09-18 14:00:00+02:00;6277;18-9-2024;9;18;38;2;14;1;80
2024-09-18 15:00:00+02:00;6278;18-9-2024;9;18;38;2;15;1;80
2024-09-18 16:00:00+02:00;6279;18-9-2024;9;18;38;2;16;1;80
2024-09-18 17:00:00+02:00;6280;18-9-2024;9;18;38;2;17;1;50
2024-09-18 18:00:00+02:00;6281;18-9-2024;9;18;38;2;18;1;42
2024-09-18 19:00:00+02:00;6282;18-9-2024;9;18;38;2;19;1;33
2024-09-18 20:00:00+02:00;6283;18-9-2024;9;18;38;2;20;1;25
2024-09-18 21:00:00+02:00;6284;18-9-2024;9;18;38;2;21;1;17
2024-09-18 22:00:00+02:00;6285;18-9-2024;9;18;38;2;22;1;8
2024-09-18 23:00:00+02:00;6286;18-9-2024;9;18;38;2;23;1;0
2024-09-19 00:00:00+02:00;6287;19-9-2024;9;19;38;3;0;1;0
2024-09-19 01:00:00+02:00;6288;19-9-2024;9;19;38;3;1;1;0
2024-09-19 02:00:00+02:00;6289;19-9-2024;9;19;38;3;2;1;0
2024-09-19 03:00:00+02:00;6290;19-9-2024;9;19;38;3;3;1;0
2024-09-19 04:00:00+02:00;6291;19-9-2024;9;19;38;3;4;1;0
2024-09-19 05:00:00+02:00;6292;19-9-2024;9;19;38;3;5;1;0
2024-09-19 06:00:00+02:00;6293;19-9-2024;9;19;38;3;6;1;0
2024-09-19 07:00:00+02:00;6294;19-9-2024;9;19;38;3;7;1;0
2024-09-19 08:00:00+02:00;6295;19-9-2024;9;19;38;3;8;1;60
2024-09-19 09:00:00+02:00;6296;19-9-2024;9;19;38;3;9;1;60
2024-09-19 10:00:00+02:00;6297;19-9-2024;9;19;38;3;10;1;90
2024-09-19 11:00:00+02:00;6298;19-9-2024;9;19;38;3;11;1;90
2024-09-19 12:00:00+02:00;6299;19-9-2024;9;19;38;3;12;1;50
2024-09-19 13:00:00+02:00;6300;19-9-2024;9;19;38;3;13;1;50
2024-09-19 14:00:00+02:00;6301;19-9-2024;9;19;38;3;14;1;80
2024-09-19 15:00:00+02:00;6302;19-9-2024;9;19;38;3;15;1;80
2024-09-19 16:00:00+02:00;6303;19-9-2024;9;19;38;3;16;1;80
2024-09-19 17:00:00+02:00;6304;19-9-2024;9;19;38;3;17;1;50
2024-09-19 18:00:00+02:00;6305;19-9-2024;9;19;38;3;18;1;42
2024-09-19 19:00:00+02:00;6306;19-9-2024;9;19;38;3;19;1;33
2024-09-19 20:00:00+02:00;6307;19-9-2024;9;19;38;3;20;1;25
2024-09-19 21:00:00+02:00;6308;19-9-2024;9;19;38;3;21;1;17
2024-09-19 22:00:00+02:00;6309;19-9-2024;9;19;38;3;22;1;8
2024-09-19 23:00:00+02:00;6310;19-9-2024;9;19;38;3;23;1;0
2024-09-20 00:00:00+02:00;6311;20-9-2024;9;20;38;4;0;1;0
2024-09-20 01:00:00+02:00;6312;20-9-2024;9;20;38;4;1;1;0
2024-09-20 02:00:00+02:00;6313;20-9-2024;9;20;38;4;2;1;0
2024-09-20 03:00:00+02:00;6314;20-9-2024;9;20;38;4;3;1;0
2024-09-20 04:00:00+02:00;6315;20-9-2024;9;20;38;4;4;1;0
2024-09-20 05:00:00+02:00;6316;20-9-2024;9;20;38;4;5;1;0
2024-09-20 06:00:00+02:00;6317;20-9-2024;9;20;38;4;6;1;0
2024-09-20 07:00:00+02:00;6318;20-9-2024;9;20;38;4;7;1;0
2024-09-20 08:00:00+02:00;6319;20-9-2024;9;20;38;4;8;1;60
2024-09-20 09:00:00+02:00;6320;20-9-2024;9;20;38;4;9;1;60
2024-09-20 10:00:00+02:00;6321;20-9-2024;9;20;38;4;10;1;90
2024-09-20 11:00:00+02:00;6322;20-9-2024;9;20;38;4;11;1;90
2024-09-20 12:00:00+02:00;6323;20-9-2024;9;20;38;4;12;1;50
2024-09-20 13:00:00+02:00;6324;20-9-2024;9;20;38;4;13;1;50
2024-09-20 14:00:00+02:00;6325;20-9-2024;9;20;38;4;14;1;80
2024-09-20 15:00:00+02:00;6326;20-9-2024;9;20;38;4;15;1;80
2024-09-20 16:00:00+02:00;6327;20-9-2024;9;20;38;4;16;1;80
2024-09-20 17:00:00+02:00;6328;20-9-2024;9;20;38;4;17;1;50
2024-09-20 18:00:00+02:00;6329;20-9-2024;9;20;38;4;18;1;42
2024-09-20 19:00:00+02:00;6330;20-9-2024;9;20;38;4;19;1;33
2024-09-20 20:00:00+02:00;6331;20-9-2024;9;20;38;4;20;1;25
2024-09-20 21:00:00+02:00;6332;20-9-2024;9;20;38;4;21;1;17
2024-09-20 22:00:00+02:00;6333;20-9-2024;9;20;38;4;22;1;8
2024-09-20 23:00:00+02:00;6334;20-9-2024;9;20;38;4;23;1;0
2024-09-21 00:00:00+02:00;6335;21-9-2024;9;21;38;5;0;2;0
2024-09-21 01:00:00+02:00;6336;21-9-2024;9;21;38;5;1;2;0
2024-09-21 02:00:00+02:00;6337;21-9-2024;9;21;38;5;2;2;0
2024-09-21 03:00:00+02:00;6338;21-9-2024;9;21;38;5;3;2;0
2024-09-21 04:00:00+02:00;6339;21-9-2024;9;21;38;5;4;2;0
2024-09-21 05:00:00+02:00;6340;21-9-2024;9;21;38;5;5;2;0
2024-09-21 06:00:00+02:00;6341;21-9-2024;9;21;38;5;6;2;0
2024-09-21 07:00:00+02:00;6342;21-9-2024;9;21;38;5;7;2;0
2024-09-21 08:00:00+02:00;6343;21-9-2024;9;21;38;5;8;2;0
2024-09-21 09:00:00+02:00;6344;21-9-2024;9;21;38;5;9;2;0
2024-09-21 10:00:00+02:00;6345;21-9-2024;9;21;38;5;10;2;50
2024-09-21 11:00:00+02:00;6346;21-9-2024;9;21;38;5;11;2;50
2024-09-21 12:00:00+02:00;6347;21-9-2024;9;21;38;5;12;2;30
2024-09-21 13:00:00+02:00;6348;21-9-2024;9;21;38;5;13;2;30
2024-09-21 14:00:00+02:00;6349;21-9-2024;9;21;38;5;14;2;50
2024-09-21 15:00:00+02:00;6350;21-9-2024;9;21;38;5;15;2;50
2024-09-21 16:00:00+02:00;6351;21-9-2024;9;21;38;5;16;2;50
2024-09-21 17:00:00+02:00;6352;21-9-2024;9;21;38;5;17;2;0
2024-09-21 18:00:00+02:00;6353;21-9-2024;9;21;38;5;18;2;0
2024-09-21 19:00:00+02:00;6354;21-9-2024;9;21;38;5;19;2;0
2024-09-21 20:00:00+02:00;6355;21-9-2024;9;21;38;5;20;2;0
2024-09-21 21:00:00+02:00;6356;21-9-2024;9;21;38;5;21;2;0
2024-09-21 22:00:00+02:00;6357;21-9-2024;9;21;38;5;22;2;0
2024-09-21 23:00:00+02:00;6358;21-9-2024;9;21;38;5;23;2;0
2024-09-22 00:00:00+02:00;6359;22-9-2024;9;22;38;6;0;3;0
2024-09-22 01:00:00+02:00;6360;22-9-2024;9;22;38;6;1;3;0
2024-09-22 02:00:00+02:00;6361;22-9-2024;9;22;38;6;2;3;0
2024-09-22 03:00:00+02:00;6362;22-9-2024;9;22;38;6;3;3;0
2024-09-22 04:00:00+02:00;6363;22-9-2024;9;22;38;6;4;3;0
2024-09-22 05:00:00+02:00;6364;22-9-2024;9;22;38;6;5;3;0
2024-09-22 06:00:00+02:00;6365;22-9-2024;9;22;38;6;6;3;0
2024-09-22 07:00:00+02:00;6366;22-9-2024;9;22;38;6;7;3;0
2024-09-22 08:00:00+02:00;6367;22-9-2024;9;22;38;6;8;3;0
2024-09-22 09:00:00+02:00;6368;22-9-2024;9;22;38;6;9;3;0
2024-09-22 10:00:00+02:00;6369;22-9-2024;9;22;38;6;10;3;0
2024-09-22 11:00:00+02:00;6370;22-9-2024;9;22;38;6;11;3;0
2024-09-22 12:00:00+02:00;6371;22-9-2024;9;22;38;6;12;3;0
2024-09-22 13:00:00+02:00;6372;22-9-2024;9;22;38;6;13;3;0
2024-09-22 14:00:00+02:00;6373;22-9-2024;9;22;38;6;14;3;0
2024-09-22 15:00:00+02:00;6374;22-9-2024;9;22;38;6;15;3;0
2024-09-22 16:00:00+02:00;6375;22-9-2024;9;22;38;6;16;3;0
2024-09-22 17:00:00+02:00;6376;22-9-2024;9;22;38;6;17;3;0
2024-09-22 18:00:00+02:00;6377;22-9-2024;9;22;38;6;18;3;0
2024-09-22 19:00:00+02:00;6378;22-9-2024;9;22;38;6;19;3;0
2024-09-22 20:00:00+02:00;6379;22-9-2024;9;22;38;6;20;3;0
2024-09-22 21:00:00+02:00;6380;22-9-2024;9;22;38;6;21;3;0
2024-09-22 22:00:00+02:00;6381;22-9-2024;9;22;38;6;22;3;0
2024-09-22 23:00:00+02:00;6382;22-9-2024;9;22;38;6;23;3;0
2024-09-23 00:00:00+02:00;6383;23-9-2024;9;23;39;0;0;1;0
2024-09-23 01:00:00+02:00;6384;23-9-2024;9;23;39;0;1;1;0
2024-09-23 02:00:00+02:00;6385;23-9-2024;9;23;39;0;2;1;0
2024-09-23 03:00:00+02:00;6386;23-9-2024;9;23;39;0;3;1;0
2024-09-23 04:00:00+02:00;6387;23-9-2024;9;23;39;0;4;1;0
2024-09-23 05:00:00+02:00;6388;23-9-2024;9;23;39;0;5;1;0
2024-09-23 06:00:00+02:00;6389;23-9-2024;9;23;39;0;6;1;0
2024-09-23 07:00:00+02:00;6390;23-9-2024;9;23;39;0;7;1;0
2024-09-23 08:00:00+02:00;6391;23-9-2024;9;23;39;0;8;1;60
2024-09-23 09:00:00+02:00;6392;23-9-2024;9;23;39;0;9;1;60
2024-09-23 10:00:00+02:00;6393;23-9-2024;9;23;39;0;10;1;90
2024-09-23 11:00:00+02:00;6394;23-9-2024;9;23;39;0;11;1;90
2024-09-23 12:00:00+02:00;6395;23-9-2024;9;23;39;0;12;1;50
2024-09-23 13:00:00+02:00;6396;23-9-2024;9;23;39;0;13;1;50
2024-09-23 14:00:00+02:00;6397;23-9-2024;9;23;39;0;14;1;80
2024-09-23 15:00:00+02:00;6398;23-9-2024;9;23;39;0;15;1;80
2024-09-23 16:00:00+02:00;6399;23-9-2024;9;23;39;0;16;1;80
2024-09-23 17:00:00+02:00;6400;23-9-2024;9;23;39;0;17;1;50
2024-09-23 18:00:00+02:00;6401;23-9-2024;9;23;39;0;18;1;42
2024-09-23 19:00:00+02:00;6402;23-9-2024;9;23;39;0;19;1;33
2024-09-23 20:00:00+02:00;6403;23-9-2024;9;23;39;0;20;1;25
2024-09-23 21:00:00+02:00;6404;23-9-2024;9;23;39;0;21;1;17
2024-09-23 22:00:00+02:00;6405;23-9-2024;9;23;39;0;22;1;8
2024-09-23 23:00:00+02:00;6406;23-9-2024;9;23;39;0;23;1;0
2024-09-24 00:00:00+02:00;6407;24-9-2024;9;24;39;1;0;1;0
2024-09-24 01:00:00+02:00;6408;24-9-2024;9;24;39;1;1;1;0
2024-09-24 02:00:00+02:00;6409;24-9-2024;9;24;39;1;2;1;0
2024-09-24 03:00:00+02:00;6410;24-9-2024;9;24;39;1;3;1;0
2024-09-24 04:00:00+02:00;6411;24-9-2024;9;24;39;1;4;1;0
2024-09-24 05:00:00+02:00;6412;24-9-2024;9;24;39;1;5;1;0
2024-09-24 06:00:00+02:00;6413;24-9-2024;9;24;39;1;6;1;0
2024-09-24 07:00:00+02:00;6414;24-9-2024;9;24;39;1;7;1;0
2024-09-24 08:00:00+02:00;6415;24-9-2024;9;24;39;1;8;1;60
2024-09-24 09:00:00+02:00;6416;24-9-2024;9;24;39;1;9;1;60
2024-09-24 10:00:00+02:00;6417;24-9-2024;9;24;39;1;10;1;90
2024-09-24 11:00:00+02:00;6418;24-9-2024;9;24;39;1;11;1;90
2024-09-24 12:00:00+02:00;6419;24-9-2024;9;24;39;1;12;1;50
2024-09-24 13:00:00+02:00;6420;24-9-2024;9;24;39;1;13;1;50
2024-09-24 14:00:00+02:00;6421;24-9-2024;9;24;39;1;14;1;80
2024-09-24 15:00:00+02:00;6422;24-9-2024;9;24;39;1;15;1;80
2024-09-24 16:00:00+02:00;6423;24-9-2024;9;24;39;1;16;1;80
2024-09-24 17:00:00+02:00;6424;24-9-2024;9;24;39;1;17;1;50
2024-09-24 18:00:00+02:00;6425;24-9-2024;9;24;39;1;18;1;42
2024-09-24 19:00:00+02:00;6426;24-9-2024;9;24;39;1;19;1;33
2024-09-24 20:00:00+02:00;6427;24-9-2024;9;24;39;1;20;1;25
2024-09-24 21:00:00+02:00;6428;24-9-2024;9;24;39;1;21;1;17
2024-09-24 22:00:00+02:00;6429;24-9-2024;9;24;39;1;22;1;8
2024-09-24 23:00:00+02:00;6430;24-9-2024;9;24;39;1;23;1;0
2024-09-25 00:00:00+02:00;6431;25-9-2024;9;25;39;2;0;1;0
2024-09-25 01:00:00+02:00;6432;25-9-2024;9;25;39;2;1;1;0
2024-09-25 02:00:00+02:00;6433;25-9-2024;9;25;39;2;2;1;0
2024-09-25 03:00:00+02:00;6434;25-9-2024;9;25;39;2;3;1;0
2024-09-25 04:00:00+02:00;6435;25-9-2024;9;25;39;2;4;1;0
2024-09-25 05:00:00+02:00;6436;25-9-2024;9;25;39;2;5;1;0
2024-09-25 06:00:00+02:00;6437;25-9-2024;9;25;39;2;6;1;0
2024-09-25 07:00:00+02:00;6438;25-9-2024;9;25;39;2;7;1;0
2024-09-25 08:00:00+02:00;6439;25-9-2024;9;25;39;2;8;1;60
2024-09-25 09:00:00+02:00;6440;25-9-2024;9;25;39;2;9;1;60
2024-09-25 10:00:00+02:00;6441;25-9-2024;9;25;39;2;10;1;90
2024-09-25 11:00:00+02:00;6442;25-9-2024;9;25;39;2;11;1;90
2024-09-25 12:00:00+02:00;6443;25-9-2024;9;25;39;2;12;1;50
2024-09-25 13:00:00+02:00;6444;25-9-2024;9;25;39;2;13;1;50
2024-09-25 14:00:00+02:00;6445;25-9-2024;9;25;39;2;14;1;80
2024-09-25 15:00:00+02:00;6446;25-9-2024;9;25;39;2;15;1;80
2024-09-25 16:00:00+02:00;6447;25-9-2024;9;25;39;2;16;1;80
2024-09-25 17:00:00+02:00;6448;25-9-2024;9;25;39;2;17;1;50
2024-09-25 18:00:00+02:00;6449;25-9-2024;9;25;39;2;18;1;42
2024-09-25 19:00:00+02:00;6450;25-9-2024;9;25;39;2;19;1;33
2024-09-25 20:00:00+02:00;6451;25-9-2024;9;25;39;2;20;1;25
2024-09-25 21:00:00+02:00;6452;25-9-2024;9;25;39;2;21;1;17
2024-09-25 22:00:00+02:00;6453;25-9-2024;9;25;39;2;22;1;8
2024-09-25 23:00:00+02:00;6454;25-9-2024;9;25;39;2;23;1;0
2024-09-26 00:00:00+02:00;6455;26-9-2024;9;26;39;3;0;1;0
2024-09-26 01:00:00+02:00;6456;26-9-2024;9;26;39;3;1;1;0
2024-09-26 02:00:00+02:00;6457;26-9-2024;9;26;39;3;2;1;0
2024-09-26 03:00:00+02:00;6458;26-9-2024;9;26;39;3;3;1;0
2024-09-26 04:00:00+02:00;6459;26-9-2024;9;26;39;3;4;1;0
2024-09-26 05:00:00+02:00;6460;26-9-2024;9;26;39;3;5;1;0
2024-09-26 06:00:00+02:00;6461;26-9-2024;9;26;39;3;6;1;0
2024-09-26 07:00:00+02:00;6462;26-9-2024;9;26;39;3;7;1;0
2024-09-26 08:00:00+02:00;6463;26-9-2024;9;26;39;3;8;1;60
2024-09-26 09:00:00+02:00;6464;26-9-2024;9;26;39;3;9;1;60
2024-09-26 10:00:00+02:00;6465;26-9-2024;9;26;39;3;10;1;90
2024-09-26 11:00:00+02:00;6466;26-9-2024;9;26;39;3;11;1;90
2024-09-26 12:00:00+02:00;6467;26-9-2024;9;26;39;3;12;1;50
2024-09-26 13:00:00+02:00;6468;26-9-2024;9;26;39;3;13;1;50
2024-09-26 14:00:00+02:00;6469;26-9-2024;9;26;39;3;14;1;80
2024-09-26 15:00:00+02:00;6470;26-9-2024;9;26;39;3;15;1;80
2024-09-26 16:00:00+02:00;6471;26-9-2024;9;26;39;3;16;1;80
2024-09-26 17:00:00+02:00;6472;26-9-2024;9;26;39;3;17;1;50
2024-09-26 18:00:00+02:00;6473;26-9-2024;9;26;39;3;18;1;42
2024-09-26 19:00:00+02:00;6474;26-9-2024;9;26;39;3;19;1;33
2024-09-26 20:00:00+02:00;6475;26-9-2024;9;26;39;3;20;1;25
2024-09-26 21:00:00+02:00;6476;26-9-2024;9;26;39;3;21;1;17
2024-09-26 22:00:00+02:00;6477;26-9-2024;9;26;39;3;22;1;8
2024-09-26 23:00:00+02:00;6478;26-9-2024;9;26;39;3;23;1;0
2024-09-27 00:00:00+02:00;6479;27-9-2024;9;27;39;4;0;1;0
2024-09-27 01:00:00+02:00;6480;27-9-2024;9;27;39;4;1;1;0
2024-09-27 02:00:00+02:00;6481;27-9-2024;9;27;39;4;2;1;0
2024-09-27 03:00:00+02:00;6482;27-9-2024;9;27;39;4;3;1;0
2024-09-27 04:00:00+02:00;6483;27-9-2024;9;27;39;4;4;1;0
2024-09-27 05:00:00+02:00;6484;27-9-2024;9;27;39;4;5;1;0
2024-09-27 06:00:00+02:00;6485;27-9-2024;9;27;39;4;6;1;0
2024-09-27 07:00:00+02:00;6486;27-9-2024;9;27;39;4;7;1;0
2024-09-27 08:00:00+02:00;6487;27-9-2024;9;27;39;4;8;1;60
2024-09-27 09:00:00+02:00;6488;27-9-2024;9;27;39;4;9;1;60
2024-09-27 10:00:00+02:00;6489;27-9-2024;9;27;39;4;10;1;90
2024-09-27 11:00:00+02:00;6490;27-9-2024;9;27;39;4;11;1;90
2024-09-27 12:00:00+02:00;6491;27-9-2024;9;27;39;4;12;1;50
2024-09-27 13:00:00+02:00;6492;27-9-2024;9;27;39;4;13;1;50
2024-09-27 14:00:00+02:00;6493;27-9-2024;9;27;39;4;14;1;80
2024-09-27 15:00:00+02:00;6494;27-9-2024;9;27;39;4;15;1;80
2024-09-27 16:00:00+02:00;6495;27-9-2024;9;27;39;4;16;1;80
2024-09-27 17:00:00+02:00;6496;27-9-2024;9;27;39;4;17;1;50
2024-09-27 18:00:00+02:00;6497;27-9-2024;9;27;39;4;18;1;42
2024-09-27 19:00:00+02:00;6498;27-9-2024;9;27;39;4;19;1;33
2024-09-27 20:00:00+02:00;6499;27-9-2024;9;27;39;4;20;1;25
2024-09-27 21:00:00+02:00;6500;27-9-2024;9;27;39;4;21;1;17
2024-09-27 22:00:00+02:00;6501;27-9-2024;9;27;39;4;22;1;8
2024-09-27 23:00:00+02:00;6502;27-9-2024;9;27;39;4;23;1;0
2024-09-28 00:00:00+02:00;6503;28-9-2024;9;28;39;5;0;2;0
2024-09-28 01:00:00+02:00;6504;28-9-2024;9;28;39;5;1;2;0
2024-09-28 02:00:00+02:00;6505;28-9-2024;9;28;39;5;2;2;0
2024-09-28 03:00:00+02:00;6506;28-9-2024;9;28;39;5;3;2;0
2024-09-28 04:00:00+02:00;6507;28-9-2024;9;28;39;5;4;2;0
2024-09-28 05:00:00+02:00;6508;28-9-2024;9;28;39;5;5;2;0
2024-09-28 06:00:00+02:00;6509;28-9-2024;9;28;39;5;6;2;0
2024-09-28 07:00:00+02:00;6510;28-9-2024;9;28;39;5;7;2;0
2024-09-28 08:00:00+02:00;6511;28-9-2024;9;28;39;5;8;2;0
2024-09-28 09:00:00+02:00;6512;28-9-2024;9;28;39;5;9;2;0
2024-09-28 10:00:00+02:00;6513;28-9-2024;9;28;39;5;10;2;50
2024-09-28 11:00:00+02:00;6514;28-9-2024;9;28;39;5;11;2;50
2024-09-28 12:00:00+02:00;6515;28-9-2024;9;28;39;5;12;2;30
2024-09-28 13:00:00+02:00;6516;28-9-2024;9;28;39;5;13;2;30
2024-09-28 14:00:00+02:00;6517;28-9-2024;9;28;39;5;14;2;50
2024-09-28 15:00:00+02:00;6518;28-9-2024;9;28;39;5;15;2;50
2024-09-28 16:00:00+02:00;6519;28-9-2024;9;28;39;5;16;2;50
2024-09-28 17:00:00+02:00;6520;28-9-2024;9;28;39;5;17;2;0
2024-09-28 18:00:00+02:00;6521;28-9-2024;9;28;39;5;18;2;0
2024-09-28 19:00:00+02:00;6522;28-9-2024;9;28;39;5;19;2;0
2024-09-28 20:00:00+02:00;6523;28-9-2024;9;28;39;5;20;2;0
2024-09-28 21:00:00+02:00;6524;28-9-2024;9;28;39;5;21;2;0
2024-09-28 22:00:00+02:00;6525;28-9-2024;9;28;39;5;22;2;0
2024-09-28 23:00:00+02:00;6526;28-9-2024;9;28;39;5;23;2;0
2024-09-29 00:00:00+02:00;6527;29-9-2024;9;29;39;6;0;3;0
2024-09-29 01:00:00+02:00;6528;29-9-2024;9;29;39;6;1;3;0
2024-09-29 02:00:00+02:00;6529;29-9-2024;9;29;39;6;2;3;0
2024-09-29 03:00:00+02:00;6530;29-9-2024;9;29;39;6;3;3;0
2024-09-29 04:00:00+02:00;6531;29-9-2024;9;29;39;6;4;3;0
2024-09-29 05:00:00+02:00;6532;29-9-2024;9;29;39;6;5;3;0
2024-09-29 06:00:00+02:00;6533;29-9-2024;9;29;39;6;6;3;0
2024-09-29 07:00:00+02:00;6534;29-9-2024;9;29;39;6;7;3;0
2024-09-29 08:00:00+02:00;6535;29-9-2024;9;29;39;6;8;3;0
2024-09-29 09:00:00+02:00;6536;29-9-2024;9;29;39;6;9;3;0
2024-09-29 10:00:00+02:00;6537;29-9-2024;9;29;39;6;10;3;0
2024-09-29 11:00:00+02:00;6538;29-9-2024;9;29;39;6;11;3;0
2024-09-29 12:00:00+02:00;6539;29-9-2024;9;29;39;6;12;3;0
2024-09-29 13:00:00+02:00;6540;29-9-2024;9;29;39;6;13;3;0
2024-09-29 14:00:00+02:00;6541;29-9-2024;9;29;39;6;14;3;0
2024-09-29 15:00:00+02:00;6542;29-9-2024;9;29;39;6;15;3;0
2024-09-29 16:00:00+02:00;6543;29-9-2024;9;29;39;6;16;3;0
2024-09-29 17:00:00+02:00;6544;29-9-2024;9;29;39;6;17;3;0
2024-09-29 18:00:00+02:00;6545;29-9-2024;9;29;39;6;18;3;0
2024-09-29 19:00:00+02:00;6546;29-9-2024;9;29;39;6;19;3;0
2024-09-29 20:00:00+02:00;6547;29-9-2024;9;29;39;6;20;3;0
2024-09-29 21:00:00+02:00;6548;29-9-2024;9;29;39;6;21;3;0
2024-09-29 22:00:00+02:00;6549;29-9-2024;9;29;39;6;22;3;0
2024-09-29 23:00:00+02:00;6550;29-9-2024;9;29;39;6;23;3;0
2024-09-30 00:00:00+02:00;6551;30-9-2024;9;30;40;0;0;1;0
2024-09-30 01:00:00+02:00;6552;30-9-2024;9;30;40;0;1;1;0
2024-09-30 02:00:00+02:00;6553;30-9-2024;9;30;40;0;2;1;0
2024-09-30 03:00:00+02:00;6554;30-9-2024;9;30;40;0;3;1;0
2024-09-30 04:00:00+02:00;6555;30-9-2024;9;30;40;0;4;1;0
2024-09-30 05:00:00+02:00;6556;30-9-2024;9;30;40;0;5;1;0
2024-09-30 06:00:00+02:00;6557;30-9-2024;9;30;40;0;6;1;0
2024-09-30 07:00:00+02:00;6558;30-9-2024;9;30;40;0;7;1;0
2024-09-30 08:00:00+02:00;6559;30-9-2024;9;30;40;0;8;1;60
2024-09-30 09:00:00+02:00;6560;30-9-2024;9;30;40;0;9;1;60
2024-09-30 10:00:00+02:00;6561;30-9-2024;9;30;40;0;10;1;90
2024-09-30 11:00:00+02:00;6562;30-9-2024;9;30;40;0;11;1;90
2024-09-30 12:00:00+02:00;6563;30-9-2024;9;30;40;0;12;1;50
2024-09-30 13:00:00+02:00;6564;30-9-2024;9;30;40;0;13;1;50
2024-09-30 14:00:00+02:00;6565;30-9-2024;9;30;40;0;14;1;80
2024-09-30 15:00:00+02:00;6566;30-9-2024;9;30;40;0;15;1;80
2024-09-30 16:00:00+02:00;6567;30-9-2024;9;30;40;0;16;1;80
2024-09-30 17:00:00+02:00;6568;30-9-2024;9;30;40;0;17;1;50
2024-09-30 18:00:00+02:00;6569;30-9-2024;9;30;40;0;18;1;42
2024-09-30 19:00:00+02:00;6570;30-9-2024;9;30;40;0;19;1;33
2024-09-30 20:00:00+02:00;6571;30-9-2024;9;30;40;0;20;1;25
2024-09-30 21:00:00+02:00;6572;30-9-2024;9;30;40;0;21;1;17
2024-09-30 22:00:00+02:00;6573;30-9-2024;9;30;40;0;22;1;8
2024-09-30 23:00:00+02:00;6574;30-9-2024;9;30;40;0;23;1;0
2024-10-01 00:00:00+02:00;6575;1-10-2024;10;1;40;1;0;1;0
2024-10-01 01:00:00+02:00;6576;1-10-2024;10;1;40;1;1;1;0
2024-10-01 02:00:00+02:00;6577;1-10-2024;10;1;40;1;2;1;0
2024-10-01 03:00:00+02:00;6578;1-10-2024;10;1;40;1;3;1;0
2024-10-01 04:00:00+02:00;6579;1-10-2024;10;1;40;1;4;1;0
2024-10-01 05:00:00+02:00;6580;1-10-2024;10;1;40;1;5;1;0
2024-10-01 06:00:00+02:00;6581;1-10-2024;10;1;40;1;6;1;0
2024-10-01 07:00:00+02:00;6582;1-10-2024;10;1;40;1;7;1;0
2024-10-01 08:00:00+02:00;6583;1-10-2024;10;1;40;1;8;1;60
2024-10-01 09:00:00+02:00;6584;1-10-2024;10;1;40;1;9;1;60
2024-10-01 10:00:00+02:00;6585;1-10-2024;10;1;40;1;10;1;90
2024-10-01 11:00:00+02:00;6586;1-10-2024;10;1;40;1;11;1;90
2024-10-01 12:00:00+02:00;6587;1-10-2024;10;1;40;1;12;1;50
2024-10-01 13:00:00+02:00;6588;1-10-2024;10;1;40;1;13;1;50
2024-10-01 14:00:00+02:00;6589;1-10-2024;10;1;40;1;14;1;80
2024-10-01 15:00:00+02:00;6590;1-10-2024;10;1;40;1;15;1;80
2024-10-01 16:00:00+02:00;6591;1-10-2024;10;1;40;1;16;1;80
2024-10-01 17:00:00+02:00;6592;1-10-2024;10;1;40;1;17;1;50
2024-10-01 18:00:00+02:00;6593;1-10-2024;10;1;40;1;18;1;42
2024-10-01 19:00:00+02:00;6594;1-10-2024;10;1;40;1;19;1;33
2024-10-01 20:00:00+02:00;6595;1-10-2024;10;1;40;1;20;1;25
2024-10-01 21:00:00+02:00;6596;1-10-2024;10;1;40;1;21;1;17
2024-10-01 22:00:00+02:00;6597;1-10-2024;10;1;40;1;22;1;8
2024-10-01 23:00:00+02:00;6598;1-10-2024;10;1;40;1;23;1;0
2024-10-02 00:00:00+02:00;6599;2-10-2024;10;2;40;2;0;1;0
2024-10-02 01:00:00+02:00;6600;2-10-2024;10;2;40;2;1;1;0
2024-10-02 02:00:00+02:00;6601;2-10-2024;10;2;40;2;2;1;0
2024-10-02 03:00:00+02:00;6602;2-10-2024;10;2;40;2;3;1;0
2024-10-02 04:00:00+02:00;6603;2-10-2024;10;2;40;2;4;1;0
2024-10-02 05:00:00+02:00;6604;2-10-2024;10;2;40;2;5;1;0
2024-10-02 06:00:00+02:00;6605;2-10-2024;10;2;40;2;6;1;0
2024-10-02 07:00:00+02:00;6606;2-10-2024;10;2;40;2;7;1;0
2024-10-02 08:00:00+02:00;6607;2-10-2024;10;2;40;2;8;1;60
2024-10-02 09:00:00+02:00;6608;2-10-2024;10;2;40;2;9;1;60
2024-10-02 10:00:00+02:00;6609;2-10-2024;10;2;40;2;10;1;90
2024-10-02 11:00:00+02:00;6610;2-10-2024;10;2;40;2;11;1;90
2024-10-02 12:00:00+02:00;6611;2-10-2024;10;2;40;2;12;1;50
2024-10-02 13:00:00+02:00;6612;2-10-2024;10;2;40;2;13;1;50
2024-10-02 14:00:00+02:00;6613;2-10-2024;10;2;40;2;14;1;80
2024-10-02 15:00:00+02:00;6614;2-10-2024;10;2;40;2;15;1;80
2024-10-02 16:00:00+02:00;6615;2-10-2024;10;2;40;2;16;1;80
2024-10-02 17:00:00+02:00;6616;2-10-2024;10;2;40;2;17;1;50
2024-10-02 18:00:00+02:00;6617;2-10-2024;10;2;40;2;18;1;42
2024-10-02 19:00:00+02:00;6618;2-10-2024;10;2;40;2;19;1;33
2024-10-02 20:00:00+02:00;6619;2-10-2024;10;2;40;2;20;1;25
2024-10-02 21:00:00+02:00;6620;2-10-2024;10;2;40;2;21;1;17
2024-10-02 22:00:00+02:00;6621;2-10-2024;10;2;40;2;22;1;8
2024-10-02 23:00:00+02:00;6622;2-10-2024;10;2;40;2;23;1;0
2024-10-03 00:00:00+02:00;6623;3-10-2024;10;3;40;3;0;1;0
2024-10-03 01:00:00+02:00;6624;3-10-2024;10;3;40;3;1;1;0
2024-10-03 02:00:00+02:00;6625;3-10-2024;10;3;40;3;2;1;0
2024-10-03 03:00:00+02:00;6626;3-10-2024;10;3;40;3;3;1;0
2024-10-03 04:00:00+02:00;6627;3-10-2024;10;3;40;3;4;1;0
2024-10-03 05:00:00+02:00;6628;3-10-2024;10;3;40;3;5;1;0
2024-10-03 06:00:00+02:00;6629;3-10-2024;10;3;40;3;6;1;0
2024-10-03 07:00:00+02:00;6630;3-10-2024;10;3;40;3;7;1;0
2024-10-03 08:00:00+02:00;6631;3-10-2024;10;3;40;3;8;1;60
2024-10-03 09:00:00+02:00;6632;3-10-2024;10;3;40;3;9;1;60
2024-10-03 10:00:00+02:00;6633;3-10-2024;10;3;40;3;10;1;90
2024-10-03 11:00:00+02:00;6634;3-10-2024;10;3;40;3;11;1;90
2024-10-03 12:00:00+02:00;6635;3-10-2024;10;3;40;3;12;1;50
2024-10-03 13:00:00+02:00;6636;3-10-2024;10;3;40;3;13;1;50
2024-10-03 14:00:00+02:00;6637;3-10-2024;10;3;40;3;14;1;80
2024-10-03 15:00:00+02:00;6638;3-10-2024;10;3;40;3;15;1;80
2024-10-03 16:00:00+02:00;6639;3-10-2024;10;3;40;3;16;1;80
2024-10-03 17:00:00+02:00;6640;3-10-2024;10;3;40;3;17;1;50
2024-10-03 18:00:00+02:00;6641;3-10-2024;10;3;40;3;18;1;42
2024-10-03 19:00:00+02:00;6642;3-10-2024;10;3;40;3;19;1;33
2024-10-03 20:00:00+02:00;6643;3-10-2024;10;3;40;3;20;1;25
2024-10-03 21:00:00+02:00;6644;3-10-2024;10;3;40;3;21;1;17
2024-10-03 22:00:00+02:00;6645;3-10-2024;10;3;40;3;22;1;8
2024-10-03 23:00:00+02:00;6646;3-10-2024;10;3;40;3;23;1;0
2024-10-04 00:00:00+02:00;6647;4-10-2024;10;4;40;4;0;1;0
2024-10-04 01:00:00+02:00;6648;4-10-2024;10;4;40;4;1;1;0
2024-10-04 02:00:00+02:00;6649;4-10-2024;10;4;40;4;2;1;0
2024-10-04 03:00:00+02:00;6650;4-10-2024;10;4;40;4;3;1;0
2024-10-04 04:00:00+02:00;6651;4-10-2024;10;4;40;4;4;1;0
2024-10-04 05:00:00+02:00;6652;4-10-2024;10;4;40;4;5;1;0
2024-10-04 06:00:00+02:00;6653;4-10-2024;10;4;40;4;6;1;0
2024-10-04 07:00:00+02:00;6654;4-10-2024;10;4;40;4;7;1;0
2024-10-04 08:00:00+02:00;6655;4-10-2024;10;4;40;4;8;1;60
2024-10-04 09:00:00+02:00;6656;4-10-2024;10;4;40;4;9;1;60
2024-10-04 10:00:00+02:00;6657;4-10-2024;10;4;40;4;10;1;90
2024-10-04 11:00:00+02:00;6658;4-10-2024;10;4;40;4;11;1;90
2024-10-04 12:00:00+02:00;6659;4-10-2024;10;4;40;4;12;1;50
2024-10-04 13:00:00+02:00;6660;4-10-2024;10;4;40;4;13;1;50
2024-10-04 14:00:00+02:00;6661;4-10-2024;10;4;40;4;14;1;80
2024-10-04 15:00:00+02:00;6662;4-10-2024;10;4;40;4;15;1;80
2024-10-04 16:00:00+02:00;6663;4-10-2024;10;4;40;4;16;1;80
2024-10-04 17:00:00+02:00;6664;4-10-2024;10;4;40;4;17;1;50
2024-10-04 18:00:00+02:00;6665;4-10-2024;10;4;40;4;18;1;42
2024-10-04 19:00:00+02:00;6666;4-10-2024;10;4;40;4;19;1;33
2024-10-04 20:00:00+02:00;6667;4-10-2024;10;4;40;4;20;1;25
2024-10-04 21:00:00+02:00;6668;4-10-2024;10;4;40;4;21;1;17
2024-10-04 22:00:00+02:00;6669;4-10-2024;10;4;40;4;22;1;8
2024-10-04 23:00:00+02:00;6670;4-10-2024;10;4;40;4;23;1;0
2024-10-05 00:00:00+02:00;6671;5-10-2024;10;5;40;5;0;2;0
2024-10-05 01:00:00+02:00;6672;5-10-2024;10;5;40;5;1;2;0
2024-10-05 02:00:00+02:00;6673;5-10-2024;10;5;40;5;2;2;0
2024-10-05 03:00:00+02:00;6674;5-10-2024;10;5;40;5;3;2;0
2024-10-05 04:00:00+02:00;6675;5-10-2024;10;5;40;5;4;2;0
2024-10-05 05:00:00+02:00;6676;5-10-2024;10;5;40;5;5;2;0
2024-10-05 06:00:00+02:00;6677;5-10-2024;10;5;40;5;6;2;0
2024-10-05 07:00:00+02:00;6678;5-10-2024;10;5;40;5;7;2;0
2024-10-05 08:00:00+02:00;6679;5-10-2024;10;5;40;5;8;2;0
2024-10-05 09:00:00+02:00;6680;5-10-2024;10;5;40;5;9;2;0
2024-10-05 10:00:00+02:00;6681;5-10-2024;10;5;40;5;10;2;50
2024-10-05 11:00:00+02:00;6682;5-10-2024;10;5;40;5;11;2;50
2024-10-05 12:00:00+02:00;6683;5-10-2024;10;5;40;5;12;2;30
2024-10-05 13:00:00+02:00;6684;5-10-2024;10;5;40;5;13;2;30
2024-10-05 14:00:00+02:00;6685;5-10-2024;10;5;40;5;14;2;50
2024-10-05 15:00:00+02:00;6686;5-10-2024;10;5;40;5;15;2;50
2024-10-05 16:00:00+02:00;6687;5-10-2024;10;5;40;5;16;2;50
2024-10-05 17:00:00+02:00;6688;5-10-2024;10;5;40;5;17;2;0
2024-10-05 18:00:00+02:00;6689;5-10-2024;10;5;40;5;18;2;0
2024-10-05 19:00:00+02:00;6690;5-10-2024;10;5;40;5;19;2;0
2024-10-05 20:00:00+02:00;6691;5-10-2024;10;5;40;5;20;2;0
2024-10-05 21:00:00+02:00;6692;5-10-2024;10;5;40;5;21;2;0
2024-10-05 22:00:00+02:00;6693;5-10-2024;10;5;40;5;22;2;0
2024-10-05 23:00:00+02:00;6694;5-10-2024;10;5;40;5;23;2;0
2024-10-06 00:00:00+02:00;6695;6-10-2024;10;6;40;6;0;3;0
2024-10-06 01:00:00+02:00;6696;6-10-2024;10;6;40;6;1;3;0
2024-10-06 02:00:00+02:00;6697;6-10-2024;10;6;40;6;2;3;0
2024-10-06 03:00:00+02:00;6698;6-10-2024;10;6;40;6;3;3;0
2024-10-06 04:00:00+02:00;6699;6-10-2024;10;6;40;6;4;3;0
2024-10-06 05:00:00+02:00;6700;6-10-2024;10;6;40;6;5;3;0
2024-10-06 06:00:00+02:00;6701;6-10-2024;10;6;40;6;6;3;0
2024-10-06 07:00:00+02:00;6702;6-10-2024;10;6;40;6;7;3;0
2024-10-06 08:00:00+02:00;6703;6-10-2024;10;6;40;6;8;3;0
2024-10-06 09:00:00+02:00;6704;6-10-2024;10;6;40;6;9;3;0
2024-10-06 10:00:00+02:00;6705;6-10-2024;10;6;40;6;10;3;0
2024-10-06 11:00:00+02:00;6706;6-10-2024;10;6;40;6;11;3;0
2024-10-06 12:00:00+02:00;6707;6-10-2024;10;6;40;6;12;3;0
2024-10-06 13:00:00+02:00;6708;6-10-2024;10;6;40;6;13;3;0
2024-10-06 14:00:00+02:00;6709;6-10-2024;10;6;40;6;14;3;0
2024-10-06 15:00:00+02:00;6710;6-10-2024;10;6;40;6;15;3;0
2024-10-06 16:00:00+02:00;6711;6-10-2024;10;6;40;6;16;3;0
2024-10-06 17:00:00+02:00;6712;6-10-2024;10;6;40;6;17;3;0
2024-10-06 18:00:00+02:00;6713;6-10-2024;10;6;40;6;18;3;0
2024-10-06 19:00:00+02:00;6714;6-10-2024;10;6;40;6;19;3;0
2024-10-06 20:00:00+02:00;6715;6-10-2024;10;6;40;6;20;3;0
2024-10-06 21:00:00+02:00;6716;6-10-2024;10;6;40;6;21;3;0
2024-10-06 22:00:00+02:00;6717;6-10-2024;10;6;40;6;22;3;0
2024-10-06 23:00:00+02:00;6718;6-10-2024;10;6;40;6;23;3;0
2024-10-07 00:00:00+02:00;6719;7-10-2024;10;7;41;0;0;1;0
2024-10-07 01:00:00+02:00;6720;7-10-2024;10;7;41;0;1;1;0
2024-10-07 02:00:00+02:00;6721;7-10-2024;10;7;41;0;2;1;0
2024-10-07 03:00:00+02:00;6722;7-10-2024;10;7;41;0;3;1;0
2024-10-07 04:00:00+02:00;6723;7-10-2024;10;7;41;0;4;1;0
2024-10-07 05:00:00+02:00;6724;7-10-2024;10;7;41;0;5;1;0
2024-10-07 06:00:00+02:00;6725;7-10-2024;10;7;41;0;6;1;0
2024-10-07 07:00:00+02:00;6726;7-10-2024;10;7;41;0;7;1;0
2024-10-07 08:00:00+02:00;6727;7-10-2024;10;7;41;0;8;1;60
2024-10-07 09:00:00+02:00;6728;7-10-2024;10;7;41;0;9;1;60
2024-10-07 10:00:00+02:00;6729;7-10-2024;10;7;41;0;10;1;90
2024-10-07 11:00:00+02:00;6730;7-10-2024;10;7;41;0;11;1;90
2024-10-07 12:00:00+02:00;6731;7-10-2024;10;7;41;0;12;1;50
2024-10-07 13:00:00+02:00;6732;7-10-2024;10;7;41;0;13;1;50
2024-10-07 14:00:00+02:00;6733;7-10-2024;10;7;41;0;14;1;80
2024-10-07 15:00:00+02:00;6734;7-10-2024;10;7;41;0;15;1;80
2024-10-07 16:00:00+02:00;6735;7-10-2024;10;7;41;0;16;1;80
2024-10-07 17:00:00+02:00;6736;7-10-2024;10;7;41;0;17;1;50
2024-10-07 18:00:00+02:00;6737;7-10-2024;10;7;41;0;18;1;42
2024-10-07 19:00:00+02:00;6738;7-10-2024;10;7;41;0;19;1;33
2024-10-07 20:00:00+02:00;6739;7-10-2024;10;7;41;0;20;1;25
2024-10-07 21:00:00+02:00;6740;7-10-2024;10;7;41;0;21;1;17
2024-10-07 22:00:00+02:00;6741;7-10-2024;10;7;41;0;22;1;8
2024-10-07 23:00:00+02:00;6742;7-10-2024;10;7;41;0;23;1;0
2024-10-08 00:00:00+02:00;6743;8-10-2024;10;8;41;1;0;1;0
2024-10-08 01:00:00+02:00;6744;8-10-2024;10;8;41;1;1;1;0
2024-10-08 02:00:00+02:00;6745;8-10-2024;10;8;41;1;2;1;0
2024-10-08 03:00:00+02:00;6746;8-10-2024;10;8;41;1;3;1;0
2024-10-08 04:00:00+02:00;6747;8-10-2024;10;8;41;1;4;1;0
2024-10-08 05:00:00+02:00;6748;8-10-2024;10;8;41;1;5;1;0
2024-10-08 06:00:00+02:00;6749;8-10-2024;10;8;41;1;6;1;0
2024-10-08 07:00:00+02:00;6750;8-10-2024;10;8;41;1;7;1;0
2024-10-08 08:00:00+02:00;6751;8-10-2024;10;8;41;1;8;1;60
2024-10-08 09:00:00+02:00;6752;8-10-2024;10;8;41;1;9;1;60
2024-10-08 10:00:00+02:00;6753;8-10-2024;10;8;41;1;10;1;90
2024-10-08 11:00:00+02:00;6754;8-10-2024;10;8;41;1;11;1;90
2024-10-08 12:00:00+02:00;6755;8-10-2024;10;8;41;1;12;1;50
2024-10-08 13:00:00+02:00;6756;8-10-2024;10;8;41;1;13;1;50
2024-10-08 14:00:00+02:00;6757;8-10-2024;10;8;41;1;14;1;80
2024-10-08 15:00:00+02:00;6758;8-10-2024;10;8;41;1;15;1;80
2024-10-08 16:00:00+02:00;6759;8-10-2024;10;8;41;1;16;1;80
2024-10-08 17:00:00+02:00;6760;8-10-2024;10;8;41;1;17;1;50
2024-10-08 18:00:00+02:00;6761;8-10-2024;10;8;41;1;18;1;42
2024-10-08 19:00:00+02:00;6762;8-10-2024;10;8;41;1;19;1;33
2024-10-08 20:00:00+02:00;6763;8-10-2024;10;8;41;1;20;1;25
2024-10-08 21:00:00+02:00;6764;8-10-2024;10;8;41;1;21;1;17
2024-10-08 22:00:00+02:00;6765;8-10-2024;10;8;41;1;22;1;8
2024-10-08 23:00:00+02:00;6766;8-10-2024;10;8;41;1;23;1;0
2024-10-09 00:00:00+02:00;6767;9-10-2024;10;9;41;2;0;1;0
2024-10-09 01:00:00+02:00;6768;9-10-2024;10;9;41;2;1;1;0
2024-10-09 02:00:00+02:00;6769;9-10-2024;10;9;41;2;2;1;0
2024-10-09 03:00:00+02:00;6770;9-10-2024;10;9;41;2;3;1;0
2024-10-09 04:00:00+02:00;6771;9-10-2024;10;9;41;2;4;1;0
2024-10-09 05:00:00+02:00;6772;9-10-2024;10;9;41;2;5;1;0
2024-10-09 06:00:00+02:00;6773;9-10-2024;10;9;41;2;6;1;0
2024-10-09 07:00:00+02:00;6774;9-10-2024;10;9;41;2;7;1;0
2024-10-09 08:00:00+02:00;6775;9-10-2024;10;9;41;2;8;1;60
2024-10-09 09:00:00+02:00;6776;9-10-2024;10;9;41;2;9;1;60
2024-10-09 10:00:00+02:00;6777;9-10-2024;10;9;41;2;10;1;90
2024-10-09 11:00:00+02:00;6778;9-10-2024;10;9;41;2;11;1;90
2024-10-09 12:00:00+02:00;6779;9-10-2024;10;9;41;2;12;1;50
2024-10-09 13:00:00+02:00;6780;9-10-2024;10;9;41;2;13;1;50
2024-10-09 14:00:00+02:00;6781;9-10-2024;10;9;41;2;14;1;80
2024-10-09 15:00:00+02:00;6782;9-10-2024;10;9;41;2;15;1;80
2024-10-09 16:00:00+02:00;6783;9-10-2024;10;9;41;2;16;1;80
2024-10-09 17:00:00+02:00;6784;9-10-2024;10;9;41;2;17;1;50
2024-10-09 18:00:00+02:00;6785;9-10-2024;10;9;41;2;18;1;42
2024-10-09 19:00:00+02:00;6786;9-10-2024;10;9;41;2;19;1;33
2024-10-09 20:00:00+02:00;6787;9-10-2024;10;9;41;2;20;1;25
2024-10-09 21:00:00+02:00;6788;9-10-2024;10;9;41;2;21;1;17
2024-10-09 22:00:00+02:00;6789;9-10-2024;10;9;41;2;22;1;8
2024-10-09 23:00:00+02:00;6790;9-10-2024;10;9;41;2;23;1;0
2024-10-10 00:00:00+02:00;6791;10-10-2024;10;10;41;3;0;1;0
2024-10-10 01:00:00+02:00;6792;10-10-2024;10;10;41;3;1;1;0
2024-10-10 02:00:00+02:00;6793;10-10-2024;10;10;41;3;2;1;0
2024-10-10 03:00:00+02:00;6794;10-10-2024;10;10;41;3;3;1;0
2024-10-10 04:00:00+02:00;6795;10-10-2024;10;10;41;3;4;1;0
2024-10-10 05:00:00+02:00;6796;10-10-2024;10;10;41;3;5;1;0
2024-10-10 06:00:00+02:00;6797;10-10-2024;10;10;41;3;6;1;0
2024-10-10 07:00:00+02:00;6798;10-10-2024;10;10;41;3;7;1;0
2024-10-10 08:00:00+02:00;6799;10-10-2024;10;10;41;3;8;1;60
2024-10-10 09:00:00+02:00;6800;10-10-2024;10;10;41;3;9;1;60
2024-10-10 10:00:00+02:00;6801;10-10-2024;10;10;41;3;10;1;90
2024-10-10 11:00:00+02:00;6802;10-10-2024;10;10;41;3;11;1;90
2024-10-10 12:00:00+02:00;6803;10-10-2024;10;10;41;3;12;1;50
2024-10-10 13:00:00+02:00;6804;10-10-2024;10;10;41;3;13;1;50
2024-10-10 14:00:00+02:00;6805;10-10-2024;10;10;41;3;14;1;80
2024-10-10 15:00:00+02:00;6806;10-10-2024;10;10;41;3;15;1;80
2024-10-10 16:00:00+02:00;6807;10-10-2024;10;10;41;3;16;1;80
2024-10-10 17:00:00+02:00;6808;10-10-2024;10;10;41;3;17;1;50
2024-10-10 18:00:00+02:00;6809;10-10-2024;10;10;41;3;18;1;42
2024-10-10 19:00:00+02:00;6810;10-10-2024;10;10;41;3;19;1;33
2024-10-10 20:00:00+02:00;6811;10-10-2024;10;10;41;3;20;1;25
2024-10-10 21:00:00+02:00;6812;10-10-2024;10;10;41;3;21;1;17
2024-10-10 22:00:00+02:00;6813;10-10-2024;10;10;41;3;22;1;8
2024-10-10 23:00:00+02:00;6814;10-10-2024;10;10;41;3;23;1;0
2024-10-11 00:00:00+02:00;6815;11-10-2024;10;11;41;4;0;1;0
2024-10-11 01:00:00+02:00;6816;11-10-2024;10;11;41;4;1;1;0
2024-10-11 02:00:00+02:00;6817;11-10-2024;10;11;41;4;2;1;0
2024-10-11 03:00:00+02:00;6818;11-10-2024;10;11;41;4;3;1;0
2024-10-11 04:00:00+02:00;6819;11-10-2024;10;11;41;4;4;1;0
2024-10-11 05:00:00+02:00;6820;11-10-2024;10;11;41;4;5;1;0
2024-10-11 06:00:00+02:00;6821;11-10-2024;10;11;41;4;6;1;0
2024-10-11 07:00:00+02:00;6822;11-10-2024;10;11;41;4;7;1;0
2024-10-11 08:00:00+02:00;6823;11-10-2024;10;11;41;4;8;1;60
2024-10-11 09:00:00+02:00;6824;11-10-2024;10;11;41;4;9;1;60
2024-10-11 10:00:00+02:00;6825;11-10-2024;10;11;41;4;10;1;90
2024-10-11 11:00:00+02:00;6826;11-10-2024;10;11;41;4;11;1;90
2024-10-11 12:00:00+02:00;6827;11-10-2024;10;11;41;4;12;1;50
2024-10-11 13:00:00+02:00;6828;11-10-2024;10;11;41;4;13;1;50
2024-10-11 14:00:00+02:00;6829;11-10-2024;10;11;41;4;14;1;80
2024-10-11 15:00:00+02:00;6830;11-10-2024;10;11;41;4;15;1;80
2024-10-11 16:00:00+02:00;6831;11-10-2024;10;11;41;4;16;1;80
2024-10-11 17:00:00+02:00;6832;11-10-2024;10;11;41;4;17;1;50
2024-10-11 18:00:00+02:00;6833;11-10-2024;10;11;41;4;18;1;42
2024-10-11 19:00:00+02:00;6834;11-10-2024;10;11;41;4;19;1;33
2024-10-11 20:00:00+02:00;6835;11-10-2024;10;11;41;4;20;1;25
2024-10-11 21:00:00+02:00;6836;11-10-2024;10;11;41;4;21;1;17
2024-10-11 22:00:00+02:00;6837;11-10-2024;10;11;41;4;22;1;8
2024-10-11 23:00:00+02:00;6838;11-10-2024;10;11;41;4;23;1;0
2024-10-12 00:00:00+02:00;6839;12-10-2024;10;12;41;5;0;2;0
2024-10-12 01:00:00+02:00;6840;12-10-2024;10;12;41;5;1;2;0
2024-10-12 02:00:00+02:00;6841;12-10-2024;10;12;41;5;2;2;0
2024-10-12 03:00:00+02:00;6842;12-10-2024;10;12;41;5;3;2;0
2024-10-12 04:00:00+02:00;6843;12-10-2024;10;12;41;5;4;2;0
2024-10-12 05:00:00+02:00;6844;12-10-2024;10;12;41;5;5;2;0
2024-10-12 06:00:00+02:00;6845;12-10-2024;10;12;41;5;6;2;0
2024-10-12 07:00:00+02:00;6846;12-10-2024;10;12;41;5;7;2;0
2024-10-12 08:00:00+02:00;6847;12-10-2024;10;12;41;5;8;2;0
2024-10-12 09:00:00+02:00;6848;12-10-2024;10;12;41;5;9;2;0
2024-10-12 10:00:00+02:00;6849;12-10-2024;10;12;41;5;10;2;50
2024-10-12 11:00:00+02:00;6850;12-10-2024;10;12;41;5;11;2;50
2024-10-12 12:00:00+02:00;6851;12-10-2024;10;12;41;5;12;2;30
2024-10-12 13:00:00+02:00;6852;12-10-2024;10;12;41;5;13;2;30
2024-10-12 14:00:00+02:00;6853;12-10-2024;10;12;41;5;14;2;50
2024-10-12 15:00:00+02:00;6854;12-10-2024;10;12;41;5;15;2;50
2024-10-12 16:00:00+02:00;6855;12-10-2024;10;12;41;5;16;2;50
2024-10-12 17:00:00+02:00;6856;12-10-2024;10;12;41;5;17;2;0
2024-10-12 18:00:00+02:00;6857;12-10-2024;10;12;41;5;18;2;0
2024-10-12 19:00:00+02:00;6858;12-10-2024;10;12;41;5;19;2;0
2024-10-12 20:00:00+02:00;6859;12-10-2024;10;12;41;5;20;2;0
2024-10-12 21:00:00+02:00;6860;12-10-2024;10;12;41;5;21;2;0
2024-10-12 22:00:00+02:00;6861;12-10-2024;10;12;41;5;22;2;0
2024-10-12 23:00:00+02:00;6862;12-10-2024;10;12;41;5;23;2;0
2024-10-13 00:00:00+02:00;6863;13-10-2024;10;13;41;6;0;3;0
2024-10-13 01:00:00+02:00;6864;13-10-2024;10;13;41;6;1;3;0
2024-10-13 02:00:00+02:00;6865;13-10-2024;10;13;41;6;2;3;0
2024-10-13 03:00:00+02:00;6866;13-10-2024;10;13;41;6;3;3;0
2024-10-13 04:00:00+02:00;6867;13-10-2024;10;13;41;6;4;3;0
2024-10-13 05:00:00+02:00;6868;13-10-2024;10;13;41;6;5;3;0
2024-10-13 06:00:00+02:00;6869;13-10-2024;10;13;41;6;6;3;0
2024-10-13 07:00:00+02:00;6870;13-10-2024;10;13;41;6;7;3;0
2024-10-13 08:00:00+02:00;6871;13-10-2024;10;13;41;6;8;3;0
2024-10-13 09:00:00+02:00;6872;13-10-2024;10;13;41;6;9;3;0
2024-10-13 10:00:00+02:00;6873;13-10-2024;10;13;41;6;10;3;0
2024-10-13 11:00:00+02:00;6874;13-10-2024;10;13;41;6;11;3;0
2024-10-13 12:00:00+02:00;6875;13-10-2024;10;13;41;6;12;3;0
2024-10-13 13:00:00+02:00;6876;13-10-2024;10;13;41;6;13;3;0
2024-10-13 14:00:00+02:00;6877;13-10-2024;10;13;41;6;14;3;0
2024-10-13 15:00:00+02:00;6878;13-10-2024;10;13;41;6;15;3;0
2024-10-13 16:00:00+02:00;6879;13-10-2024;10;13;41;6;16;3;0
2024-10-13 17:00:00+02:00;6880;13-10-2024;10;13;41;6;17;3;0
2024-10-13 18:00:00+02:00;6881;13-10-2024;10;13;41;6;18;3;0
2024-10-13 19:00:00+02:00;6882;13-10-2024;10;13;41;6;19;3;0
2024-10-13 20:00:00+02:00;6883;13-10-2024;10;13;41;6;20;3;0
2024-10-13 21:00:00+02:00;6884;13-10-2024;10;13;41;6;21;3;0
2024-10-13 22:00:00+02:00;6885;13-10-2024;10;13;41;6;22;3;0
2024-10-13 23:00:00+02:00;6886;13-10-2024;10;13;41;6;23;3;0
2024-10-14 00:00:00+02:00;6887;14-10-2024;10;14;42;0;0;1;0
2024-10-14 01:00:00+02:00;6888;14-10-2024;10;14;42;0;1;1;0
2024-10-14 02:00:00+02:00;6889;14-10-2024;10;14;42;0;2;1;0
2024-10-14 03:00:00+02:00;6890;14-10-2024;10;14;42;0;3;1;0
2024-10-14 04:00:00+02:00;6891;14-10-2024;10;14;42;0;4;1;0
2024-10-14 05:00:00+02:00;6892;14-10-2024;10;14;42;0;5;1;0
2024-10-14 06:00:00+02:00;6893;14-10-2024;10;14;42;0;6;1;0
2024-10-14 07:00:00+02:00;6894;14-10-2024;10;14;42;0;7;1;0
2024-10-14 08:00:00+02:00;6895;14-10-2024;10;14;42;0;8;1;60
2024-10-14 09:00:00+02:00;6896;14-10-2024;10;14;42;0;9;1;60
2024-10-14 10:00:00+02:00;6897;14-10-2024;10;14;42;0;10;1;90
2024-10-14 11:00:00+02:00;6898;14-10-2024;10;14;42;0;11;1;90
2024-10-14 12:00:00+02:00;6899;14-10-2024;10;14;42;0;12;1;50
2024-10-14 13:00:00+02:00;6900;14-10-2024;10;14;42;0;13;1;50
2024-10-14 14:00:00+02:00;6901;14-10-2024;10;14;42;0;14;1;80
2024-10-14 15:00:00+02:00;6902;14-10-2024;10;14;42;0;15;1;80
2024-10-14 16:00:00+02:00;6903;14-10-2024;10;14;42;0;16;1;80
2024-10-14 17:00:00+02:00;6904;14-10-2024;10;14;42;0;17;1;50
2024-10-14 18:00:00+02:00;6905;14-10-2024;10;14;42;0;18;1;42
2024-10-14 19:00:00+02:00;6906;14-10-2024;10;14;42;0;19;1;33
2024-10-14 20:00:00+02:00;6907;14-10-2024;10;14;42;0;20;1;25
2024-10-14 21:00:00+02:00;6908;14-10-2024;10;14;42;0;21;1;17
2024-10-14 22:00:00+02:00;6909;14-10-2024;10;14;42;0;22;1;8
2024-10-14 23:00:00+02:00;6910;14-10-2024;10;14;42;0;23;1;0
2024-10-15 00:00:00+02:00;6911;15-10-2024;10;15;42;1;0;1;0
2024-10-15 01:00:00+02:00;6912;15-10-2024;10;15;42;1;1;1;0
2024-10-15 02:00:00+02:00;6913;15-10-2024;10;15;42;1;2;1;0
2024-10-15 03:00:00+02:00;6914;15-10-2024;10;15;42;1;3;1;0
2024-10-15 04:00:00+02:00;6915;15-10-2024;10;15;42;1;4;1;0
2024-10-15 05:00:00+02:00;6916;15-10-2024;10;15;42;1;5;1;0
2024-10-15 06:00:00+02:00;6917;15-10-2024;10;15;42;1;6;1;0
2024-10-15 07:00:00+02:00;6918;15-10-2024;10;15;42;1;7;1;0
2024-10-15 08:00:00+02:00;6919;15-10-2024;10;15;42;1;8;1;60
2024-10-15 09:00:00+02:00;6920;15-10-2024;10;15;42;1;9;1;60
2024-10-15 10:00:00+02:00;6921;15-10-2024;10;15;42;1;10;1;90
2024-10-15 11:00:00+02:00;6922;15-10-2024;10;15;42;1;11;1;90
2024-10-15 12:00:00+02:00;6923;15-10-2024;10;15;42;1;12;1;50
2024-10-15 13:00:00+02:00;6924;15-10-2024;10;15;42;1;13;1;50
2024-10-15 14:00:00+02:00;6925;15-10-2024;10;15;42;1;14;1;80
2024-10-15 15:00:00+02:00;6926;15-10-2024;10;15;42;1;15;1;80
2024-10-15 16:00:00+02:00;6927;15-10-2024;10;15;42;1;16;1;80
2024-10-15 17:00:00+02:00;6928;15-10-2024;10;15;42;1;17;1;50
2024-10-15 18:00:00+02:00;6929;15-10-2024;10;15;42;1;18;1;42
2024-10-15 19:00:00+02:00;6930;15-10-2024;10;15;42;1;19;1;33
2024-10-15 20:00:00+02:00;6931;15-10-2024;10;15;42;1;20;1;25
2024-10-15 21:00:00+02:00;6932;15-10-2024;10;15;42;1;21;1;17
2024-10-15 22:00:00+02:00;6933;15-10-2024;10;15;42;1;22;1;8
2024-10-15 23:00:00+02:00;6934;15-10-2024;10;15;42;1;23;1;0
2024-10-16 00:00:00+02:00;6935;16-10-2024;10;16;42;2;0;1;0
2024-10-16 01:00:00+02:00;6936;16-10-2024;10;16;42;2;1;1;0
2024-10-16 02:00:00+02:00;6937;16-10-2024;10;16;42;2;2;1;0
2024-10-16 03:00:00+02:00;6938;16-10-2024;10;16;42;2;3;1;0
2024-10-16 04:00:00+02:00;6939;16-10-2024;10;16;42;2;4;1;0
2024-10-16 05:00:00+02:00;6940;16-10-2024;10;16;42;2;5;1;0
2024-10-16 06:00:00+02:00;6941;16-10-2024;10;16;42;2;6;1;0
2024-10-16 07:00:00+02:00;6942;16-10-2024;10;16;42;2;7;1;0
2024-10-16 08:00:00+02:00;6943;16-10-2024;10;16;42;2;8;1;60
2024-10-16 09:00:00+02:00;6944;16-10-2024;10;16;42;2;9;1;60
2024-10-16 10:00:00+02:00;6945;16-10-2024;10;16;42;2;10;1;90
2024-10-16 11:00:00+02:00;6946;16-10-2024;10;16;42;2;11;1;90
2024-10-16 12:00:00+02:00;6947;16-10-2024;10;16;42;2;12;1;50
2024-10-16 13:00:00+02:00;6948;16-10-2024;10;16;42;2;13;1;50
2024-10-16 14:00:00+02:00;6949;16-10-2024;10;16;42;2;14;1;80
2024-10-16 15:00:00+02:00;6950;16-10-2024;10;16;42;2;15;1;80
2024-10-16 16:00:00+02:00;6951;16-10-2024;10;16;42;2;16;1;80
2024-10-16 17:00:00+02:00;6952;16-10-2024;10;16;42;2;17;1;50
2024-10-16 18:00:00+02:00;6953;16-10-2024;10;16;42;2;18;1;42
2024-10-16 19:00:00+02:00;6954;16-10-2024;10;16;42;2;19;1;33
2024-10-16 20:00:00+02:00;6955;16-10-2024;10;16;42;2;20;1;25
2024-10-16 21:00:00+02:00;6956;16-10-2024;10;16;42;2;21;1;17
2024-10-16 22:00:00+02:00;6957;16-10-2024;10;16;42;2;22;1;8
2024-10-16 23:00:00+02:00;6958;16-10-2024;10;16;42;2;23;1;0
2024-10-17 00:00:00+02:00;6959;17-10-2024;10;17;42;3;0;1;0
2024-10-17 01:00:00+02:00;6960;17-10-2024;10;17;42;3;1;1;0
2024-10-17 02:00:00+02:00;6961;17-10-2024;10;17;42;3;2;1;0
2024-10-17 03:00:00+02:00;6962;17-10-2024;10;17;42;3;3;1;0
2024-10-17 04:00:00+02:00;6963;17-10-2024;10;17;42;3;4;1;0
2024-10-17 05:00:00+02:00;6964;17-10-2024;10;17;42;3;5;1;0
2024-10-17 06:00:00+02:00;6965;17-10-2024;10;17;42;3;6;1;0
2024-10-17 07:00:00+02:00;6966;17-10-2024;10;17;42;3;7;1;0
2024-10-17 08:00:00+02:00;6967;17-10-2024;10;17;42;3;8;1;60
2024-10-17 09:00:00+02:00;6968;17-10-2024;10;17;42;3;9;1;60
2024-10-17 10:00:00+02:00;6969;17-10-2024;10;17;42;3;10;1;90
2024-10-17 11:00:00+02:00;6970;17-10-2024;10;17;42;3;11;1;90
2024-10-17 12:00:00+02:00;6971;17-10-2024;10;17;42;3;12;1;50
2024-10-17 13:00:00+02:00;6972;17-10-2024;10;17;42;3;13;1;50
2024-10-17 14:00:00+02:00;6973;17-10-2024;10;17;42;3;14;1;80
2024-10-17 15:00:00+02:00;6974;17-10-2024;10;17;42;3;15;1;80
2024-10-17 16:00:00+02:00;6975;17-10-2024;10;17;42;3;16;1;80
2024-10-17 17:00:00+02:00;6976;17-10-2024;10;17;42;3;17;1;50
2024-10-17 18:00:00+02:00;6977;17-10-2024;10;17;42;3;18;1;42
2024-10-17 19:00:00+02:00;6978;17-10-2024;10;17;42;3;19;1;33
2024-10-17 20:00:00+02:00;6979;17-10-2024;10;17;42;3;20;1;25
2024-10-17 21:00:00+02:00;6980;17-10-2024;10;17;42;3;21;1;17
2024-10-17 22:00:00+02:00;6981;17-10-2024;10;17;42;3;22;1;8
2024-10-17 23:00:00+02:00;6982;17-10-2024;10;17;42;3;23;1;0
2024-10-18 00:00:00+02:00;6983;18-10-2024;10;18;42;4;0;1;0
2024-10-18 01:00:00+02:00;6984;18-10-2024;10;18;42;4;1;1;0
2024-10-18 02:00:00+02:00;6985;18-10-2024;10;18;42;4;2;1;0
2024-10-18 03:00:00+02:00;6986;18-10-2024;10;18;42;4;3;1;0
2024-10-18 04:00:00+02:00;6987;18-10-2024;10;18;42;4;4;1;0
2024-10-18 05:00:00+02:00;6988;18-10-2024;10;18;42;4;5;1;0
2024-10-18 06:00:00+02:00;6989;18-10-2024;10;18;42;4;6;1;0
2024-10-18 07:00:00+02:00;6990;18-10-2024;10;18;42;4;7;1;0
2024-10-18 08:00:00+02:00;6991;18-10-2024;10;18;42;4;8;1;60
2024-10-18 09:00:00+02:00;6992;18-10-2024;10;18;42;4;9;1;60
2024-10-18 10:00:00+02:00;6993;18-10-2024;10;18;42;4;10;1;90
2024-10-18 11:00:00+02:00;6994;18-10-2024;10;18;42;4;11;1;90
2024-10-18 12:00:00+02:00;6995;18-10-2024;10;18;42;4;12;1;50
2024-10-18 13:00:00+02:00;6996;18-10-2024;10;18;42;4;13;1;50
2024-10-18 14:00:00+02:00;6997;18-10-2024;10;18;42;4;14;1;80
2024-10-18 15:00:00+02:00;6998;18-10-2024;10;18;42;4;15;1;80
2024-10-18 16:00:00+02:00;6999;18-10-2024;10;18;42;4;16;1;80
2024-10-18 17:00:00+02:00;7000;18-10-2024;10;18;42;4;17;1;50
2024-10-18 18:00:00+02:00;7001;18-10-2024;10;18;42;4;18;1;42
2024-10-18 19:00:00+02:00;7002;18-10-2024;10;18;42;4;19;1;33
2024-10-18 20:00:00+02:00;7003;18-10-2024;10;18;42;4;20;1;25
2024-10-18 21:00:00+02:00;7004;18-10-2024;10;18;42;4;21;1;17
2024-10-18 22:00:00+02:00;7005;18-10-2024;10;18;42;4;22;1;8
2024-10-18 23:00:00+02:00;7006;18-10-2024;10;18;42;4;23;1;0
2024-10-19 00:00:00+02:00;7007;19-10-2024;10;19;42;5;0;2;0
2024-10-19 01:00:00+02:00;7008;19-10-2024;10;19;42;5;1;2;0
2024-10-19 02:00:00+02:00;7009;19-10-2024;10;19;42;5;2;2;0
2024-10-19 03:00:00+02:00;7010;19-10-2024;10;19;42;5;3;2;0
2024-10-19 04:00:00+02:00;7011;19-10-2024;10;19;42;5;4;2;0
2024-10-19 05:00:00+02:00;7012;19-10-2024;10;19;42;5;5;2;0
2024-10-19 06:00:00+02:00;7013;19-10-2024;10;19;42;5;6;2;0
2024-10-19 07:00:00+02:00;7014;19-10-2024;10;19;42;5;7;2;0
2024-10-19 08:00:00+02:00;7015;19-10-2024;10;19;42;5;8;2;0
2024-10-19 09:00:00+02:00;7016;19-10-2024;10;19;42;5;9;2;0
2024-10-19 10:00:00+02:00;7017;19-10-2024;10;19;42;5;10;2;50
2024-10-19 11:00:00+02:00;7018;19-10-2024;10;19;42;5;11;2;50
2024-10-19 12:00:00+02:00;7019;19-10-2024;10;19;42;5;12;2;30
2024-10-19 13:00:00+02:00;7020;19-10-2024;10;19;42;5;13;2;30
2024-10-19 14:00:00+02:00;7021;19-10-2024;10;19;42;5;14;2;50
2024-10-19 15:00:00+02:00;7022;19-10-2024;10;19;42;5;15;2;50
2024-10-19 16:00:00+02:00;7023;19-10-2024;10;19;42;5;16;2;50
2024-10-19 17:00:00+02:00;7024;19-10-2024;10;19;42;5;17;2;0
2024-10-19 18:00:00+02:00;7025;19-10-2024;10;19;42;5;18;2;0
2024-10-19 19:00:00+02:00;7026;19-10-2024;10;19;42;5;19;2;0
2024-10-19 20:00:00+02:00;7027;19-10-2024;10;19;42;5;20;2;0
2024-10-19 21:00:00+02:00;7028;19-10-2024;10;19;42;5;21;2;0
2024-10-19 22:00:00+02:00;7029;19-10-2024;10;19;42;5;22;2;0
2024-10-19 23:00:00+02:00;7030;19-10-2024;10;19;42;5;23;2;0
2024-10-20 00:00:00+02:00;7031;20-10-2024;10;20;42;6;0;3;0
2024-10-20 01:00:00+02:00;7032;20-10-2024;10;20;42;6;1;3;0
2024-10-20 02:00:00+02:00;7033;20-10-2024;10;20;42;6;2;3;0
2024-10-20 03:00:00+02:00;7034;20-10-2024;10;20;42;6;3;3;0
2024-10-20 04:00:00+02:00;7035;20-10-2024;10;20;42;6;4;3;0
2024-10-20 05:00:00+02:00;7036;20-10-2024;10;20;42;6;5;3;0
2024-10-20 06:00:00+02:00;7037;20-10-2024;10;20;42;6;6;3;0
2024-10-20 07:00:00+02:00;7038;20-10-2024;10;20;42;6;7;3;0
2024-10-20 08:00:00+02:00;7039;20-10-2024;10;20;42;6;8;3;0
2024-10-20 09:00:00+02:00;7040;20-10-2024;10;20;42;6;9;3;0
2024-10-20 10:00:00+02:00;7041;20-10-2024;10;20;42;6;10;3;0
2024-10-20 11:00:00+02:00;7042;20-10-2024;10;20;42;6;11;3;0
2024-10-20 12:00:00+02:00;7043;20-10-2024;10;20;42;6;12;3;0
2024-10-20 13:00:00+02:00;7044;20-10-2024;10;20;42;6;13;3;0
2024-10-20 14:00:00+02:00;7045;20-10-2024;10;20;42;6;14;3;0
2024-10-20 15:00:00+02:00;7046;20-10-2024;10;20;42;6;15;3;0
2024-10-20 16:00:00+02:00;7047;20-10-2024;10;20;42;6;16;3;0
2024-10-20 17:00:00+02:00;7048;20-10-2024;10;20;42;6;17;3;0
2024-10-20 18:00:00+02:00;7049;20-10-2024;10;20;42;6;18;3;0
2024-10-20 19:00:00+02:00;7050;20-10-2024;10;20;42;6;19;3;0
2024-10-20 20:00:00+02:00;7051;20-10-2024;10;20;42;6;20;3;0
2024-10-20 21:00:00+02:00;7052;20-10-2024;10;20;42;6;21;3;0
2024-10-20 22:00:00+02:00;7053;20-10-2024;10;20;42;6;22;3;0
2024-10-20 23:00:00+02:00;7054;20-10-2024;10;20;42;6;23;3;0
2024-10-21 00:00:00+02:00;7055;21-10-2024;10;21;43;0;0;1;0
2024-10-21 01:00:00+02:00;7056;21-10-2024;10;21;43;0;1;1;0
2024-10-21 02:00:00+02:00;7057;21-10-2024;10;21;43;0;2;1;0
2024-10-21 03:00:00+02:00;7058;21-10-2024;10;21;43;0;3;1;0
2024-10-21 04:00:00+02:00;7059;21-10-2024;10;21;43;0;4;1;0
2024-10-21 05:00:00+02:00;7060;21-10-2024;10;21;43;0;5;1;0
2024-10-21 06:00:00+02:00;7061;21-10-2024;10;21;43;0;6;1;0
2024-10-21 07:00:00+02:00;7062;21-10-2024;10;21;43;0;7;1;0
2024-10-21 08:00:00+02:00;7063;21-10-2024;10;21;43;0;8;1;60
2024-10-21 09:00:00+02:00;7064;21-10-2024;10;21;43;0;9;1;60
2024-10-21 10:00:00+02:00;7065;21-10-2024;10;21;43;0;10;1;90
2024-10-21 11:00:00+02:00;7066;21-10-2024;10;21;43;0;11;1;90
2024-10-21 12:00:00+02:00;7067;21-10-2024;10;21;43;0;12;1;50
2024-10-21 13:00:00+02:00;7068;21-10-2024;10;21;43;0;13;1;50
2024-10-21 14:00:00+02:00;7069;21-10-2024;10;21;43;0;14;1;80
2024-10-21 15:00:00+02:00;7070;21-10-2024;10;21;43;0;15;1;80
2024-10-21 16:00:00+02:00;7071;21-10-2024;10;21;43;0;16;1;80
2024-10-21 17:00:00+02:00;7072;21-10-2024;10;21;43;0;17;1;50
2024-10-21 18:00:00+02:00;7073;21-10-2024;10;21;43;0;18;1;42
2024-10-21 19:00:00+02:00;7074;21-10-2024;10;21;43;0;19;1;33
2024-10-21 20:00:00+02:00;7075;21-10-2024;10;21;43;0;20;1;25
2024-10-21 21:00:00+02:00;7076;21-10-2024;10;21;43;0;21;1;17
2024-10-21 22:00:00+02:00;7077;21-10-2024;10;21;43;0;22;1;8
2024-10-21 23:00:00+02:00;7078;21-10-2024;10;21;43;0;23;1;0
2024-10-22 00:00:00+02:00;7079;22-10-2024;10;22;43;1;0;1;0
2024-10-22 01:00:00+02:00;7080;22-10-2024;10;22;43;1;1;1;0
2024-10-22 02:00:00+02:00;7081;22-10-2024;10;22;43;1;2;1;0
2024-10-22 03:00:00+02:00;7082;22-10-2024;10;22;43;1;3;1;0
2024-10-22 04:00:00+02:00;7083;22-10-2024;10;22;43;1;4;1;0
2024-10-22 05:00:00+02:00;7084;22-10-2024;10;22;43;1;5;1;0
2024-10-22 06:00:00+02:00;7085;22-10-2024;10;22;43;1;6;1;0
2024-10-22 07:00:00+02:00;7086;22-10-2024;10;22;43;1;7;1;0
2024-10-22 08:00:00+02:00;7087;22-10-2024;10;22;43;1;8;1;60
2024-10-22 09:00:00+02:00;7088;22-10-2024;10;22;43;1;9;1;60
2024-10-22 10:00:00+02:00;7089;22-10-2024;10;22;43;1;10;1;90
2024-10-22 11:00:00+02:00;7090;22-10-2024;10;22;43;1;11;1;90
2024-10-22 12:00:00+02:00;7091;22-10-2024;10;22;43;1;12;1;50
2024-10-22 13:00:00+02:00;7092;22-10-2024;10;22;43;1;13;1;50
2024-10-22 14:00:00+02:00;7093;22-10-2024;10;22;43;1;14;1;80
2024-10-22 15:00:00+02:00;7094;22-10-2024;10;22;43;1;15;1;80
2024-10-22 16:00:00+02:00;7095;22-10-2024;10;22;43;1;16;1;80
2024-10-22 17:00:00+02:00;7096;22-10-2024;10;22;43;1;17;1;50
2024-10-22 18:00:00+02:00;7097;22-10-2024;10;22;43;1;18;1;42
2024-10-22 19:00:00+02:00;7098;22-10-2024;10;22;43;1;19;1;33
2024-10-22 20:00:00+02:00;7099;22-10-2024;10;22;43;1;20;1;25
2024-10-22 21:00:00+02:00;7100;22-10-2024;10;22;43;1;21;1;17
2024-10-22 22:00:00+02:00;7101;22-10-2024;10;22;43;1;22;1;8
2024-10-22 23:00:00+02:00;7102;22-10-2024;10;22;43;1;23;1;0
2024-10-23 00:00:00+02:00;7103;23-10-2024;10;23;43;2;0;1;0
2024-10-23 01:00:00+02:00;7104;23-10-2024;10;23;43;2;1;1;0
2024-10-23 02:00:00+02:00;7105;23-10-2024;10;23;43;2;2;1;0
2024-10-23 03:00:00+02:00;7106;23-10-2024;10;23;43;2;3;1;0
2024-10-23 04:00:00+02:00;7107;23-10-2024;10;23;43;2;4;1;0
2024-10-23 05:00:00+02:00;7108;23-10-2024;10;23;43;2;5;1;0
2024-10-23 06:00:00+02:00;7109;23-10-2024;10;23;43;2;6;1;0
2024-10-23 07:00:00+02:00;7110;23-10-2024;10;23;43;2;7;1;0
2024-10-23 08:00:00+02:00;7111;23-10-2024;10;23;43;2;8;1;60
2024-10-23 09:00:00+02:00;7112;23-10-2024;10;23;43;2;9;1;60
2024-10-23 10:00:00+02:00;7113;23-10-2024;10;23;43;2;10;1;90
2024-10-23 11:00:00+02:00;7114;23-10-2024;10;23;43;2;11;1;90
2024-10-23 12:00:00+02:00;7115;23-10-2024;10;23;43;2;12;1;50
2024-10-23 13:00:00+02:00;7116;23-10-2024;10;23;43;2;13;1;50
2024-10-23 14:00:00+02:00;7117;23-10-2024;10;23;43;2;14;1;80
2024-10-23 15:00:00+02:00;7118;23-10-2024;10;23;43;2;15;1;80
2024-10-23 16:00:00+02:00;7119;23-10-2024;10;23;43;2;16;1;80
2024-10-23 17:00:00+02:00;7120;23-10-2024;10;23;43;2;17;1;50
2024-10-23 18:00:00+02:00;7121;23-10-2024;10;23;43;2;18;1;42
2024-10-23 19:00:00+02:00;7122;23-10-2024;10;23;43;2;19;1;33
2024-10-23 20:00:00+02:00;7123;23-10-2024;10;23;43;2;20;1;25
2024-10-23 21:00:00+02:00;7124;23-10-2024;10;23;43;2;21;1;17
2024-10-23 22:00:00+02:00;7125;23-10-2024;10;23;43;2;22;1;8
2024-10-23 23:00:00+02:00;7126;23-10-2024;10;23;43;2;23;1;0
2024-10-24 00:00:00+02:00;7127;24-10-2024;10;24;43;3;0;1;0
2024-10-24 01:00:00+02:00;7128;24-10-2024;10;24;43;3;1;1;0
2024-10-24 02:00:00+02:00;7129;24-10-2024;10;24;43;3;2;1;0
2024-10-24 03:00:00+02:00;7130;24-10-2024;10;24;43;3;3;1;0
2024-10-24 04:00:00+02:00;7131;24-10-2024;10;24;43;3;4;1;0
2024-10-24 05:00:00+02:00;7132;24-10-2024;10;24;43;3;5;1;0
2024-10-24 06:00:00+02:00;7133;24-10-2024;10;24;43;3;6;1;0
2024-10-24 07:00:00+02:00;7134;24-10-2024;10;24;43;3;7;1;0
2024-10-24 08:00:00+02:00;7135;24-10-2024;10;24;43;3;8;1;60
2024-10-24 09:00:00+02:00;7136;24-10-2024;10;24;43;3;9;1;60
2024-10-24 10:00:00+02:00;7137;24-10-2024;10;24;43;3;10;1;90
2024-10-24 11:00:00+02:00;7138;24-10-2024;10;24;43;3;11;1;90
2024-10-24 12:00:00+02:00;7139;24-10-2024;10;24;43;3;12;1;50
2024-10-24 13:00:00+02:00;7140;24-10-2024;10;24;43;3;13;1;50
2024-10-24 14:00:00+02:00;7141;24-10-2024;10;24;43;3;14;1;80
2024-10-24 15:00:00+02:00;7142;24-10-2024;10;24;43;3;15;1;80
2024-10-24 16:00:00+02:00;7143;24-10-2024;10;24;43;3;16;1;80
2024-10-24 17:00:00+02:00;7144;24-10-2024;10;24;43;3;17;1;50
2024-10-24 18:00:00+02:00;7145;24-10-2024;10;24;43;3;18;1;42
2024-10-24 19:00:00+02:00;7146;24-10-2024;10;24;43;3;19;1;33
2024-10-24 20:00:00+02:00;7147;24-10-2024;10;24;43;3;20;1;25
2024-10-24 21:00:00+02:00;7148;24-10-2024;10;24;43;3;21;1;17
2024-10-24 22:00:00+02:00;7149;24-10-2024;10;24;43;3;22;1;8
2024-10-24 23:00:00+02:00;7150;24-10-2024;10;24;43;3;23;1;0
2024-10-25 00:00:00+02:00;7151;25-10-2024;10;25;43;4;0;1;0
2024-10-25 01:00:00+02:00;7152;25-10-2024;10;25;43;4;1;1;0
2024-10-25 02:00:00+02:00;7153;25-10-2024;10;25;43;4;2;1;0
2024-10-25 03:00:00+02:00;7154;25-10-2024;10;25;43;4;3;1;0
2024-10-25 04:00:00+02:00;7155;25-10-2024;10;25;43;4;4;1;0
2024-10-25 05:00:00+02:00;7156;25-10-2024;10;25;43;4;5;1;0
2024-10-25 06:00:00+02:00;7157;25-10-2024;10;25;43;4;6;1;0
2024-10-25 07:00:00+02:00;7158;25-10-2024;10;25;43;4;7;1;0
2024-10-25 08:00:00+02:00;7159;25-10-2024;10;25;43;4;8;1;60
2024-10-25 09:00:00+02:00;7160;25-10-2024;10;25;43;4;9;1;60
2024-10-25 10:00:00+02:00;7161;25-10-2024;10;25;43;4;10;1;90
2024-10-25 11:00:00+02:00;7162;25-10-2024;10;25;43;4;11;1;90
2024-10-25 12:00:00+02:00;7163;25-10-2024;10;25;43;4;12;1;50
2024-10-25 13:00:00+02:00;7164;25-10-2024;10;25;43;4;13;1;50
2024-10-25 14:00:00+02:00;7165;25-10-2024;10;25;43;4;14;1;80
2024-10-25 15:00:00+02:00;7166;25-10-2024;10;25;43;4;15;1;80
2024-10-25 16:00:00+02:00;7167;25-10-2024;10;25;43;4;16;1;80
2024-10-25 17:00:00+02:00;7168;25-10-2024;10;25;43;4;17;1;50
2024-10-25 18:00:00+02:00;7169;25-10-2024;10;25;43;4;18;1;42
2024-10-25 19:00:00+02:00;7170;25-10-2024;10;25;43;4;19;1;33
2024-10-25 20:00:00+02:00;7171;25-10-2024;10;25;43;4;20;1;25
2024-10-25 21:00:00+02:00;7172;25-10-2024;10;25;43;4;21;1;17
2024-10-25 22:00:00+02:00;7173;25-10-2024;10;25;43;4;22;1;8
2024-10-25 23:00:00+02:00;7174;25-10-2024;10;25;43;4;23;1;0
2024-10-26 00:00:00+02:00;7175;26-10-2024;10;26;43;5;0;2;0
2024-10-26 01:00:00+02:00;7176;26-10-2024;10;26;43;5;1;2;0
2024-10-26 02:00:00+02:00;7177;26-10-2024;10;26;43;5;2;2;0
2024-10-26 03:00:00+02:00;7178;26-10-2024;10;26;43;5;3;2;0
2024-10-26 04:00:00+02:00;7179;26-10-2024;10;26;43;5;4;2;0
2024-10-26 05:00:00+02:00;7180;26-10-2024;10;26;43;5;5;2;0
2024-10-26 06:00:00+02:00;7181;26-10-2024;10;26;43;5;6;2;0
2024-10-26 07:00:00+02:00;7182;26-10-2024;10;26;43;5;7;2;0
2024-10-26 08:00:00+02:00;7183;26-10-2024;10;26;43;5;8;2;0
2024-10-26 09:00:00+02:00;7184;26-10-2024;10;26;43;5;9;2;0
2024-10-26 10:00:00+02:00;7185;26-10-2024;10;26;43;5;10;2;50
2024-10-26 11:00:00+02:00;7186;26-10-2024;10;26;43;5;11;2;50
2024-10-26 12:00:00+02:00;7187;26-10-2024;10;26;43;5;12;2;30
2024-10-26 13:00:00+02:00;7188;26-10-2024;10;26;43;5;13;2;30
2024-10-26 14:00:00+02:00;7189;26-10-2024;10;26;43;5;14;2;50
2024-10-26 15:00:00+02:00;7190;26-10-2024;10;26;43;5;15;2;50
2024-10-26 16:00:00+02:00;7191;26-10-2024;10;26;43;5;16;2;50
2024-10-26 17:00:00+02:00;7192;26-10-2024;10;26;43;5;17;2;0
2024-10-26 18:00:00+02:00;7193;26-10-2024;10;26;43;5;18;2;0
2024-10-26 19:00:00+02:00;7194;26-10-2024;10;26;43;5;19;2;0
2024-10-26 20:00:00+02:00;7195;26-10-2024;10;26;43;5;20;2;0
2024-10-26 21:00:00+02:00;7196;26-10-2024;10;26;43;5;21;2;0
2024-10-26 22:00:00+02:00;7197;26-10-2024;10;26;43;5;22;2;0
2024-10-26 23:00:00+02:00;7198;26-10-2024;10;26;43;5;23;2;0
2024-10-27 00:00:00+02:00;7199;27-10-2024;10;27;43;6;0;3;0
2024-10-27 01:00:00+02:00;7200;27-10-2024;10;27;43;6;1;3;0
2024-10-27 02:00:00+02:00;7201;27-10-2024;10;27;43;6;2;3;0
2024-10-27 02:00:00+01:00;7202;27-10-2024;10;27;43;6;2;3;0
2024-10-27 03:00:00+01:00;7203;27-10-2024;10;27;43;6;3;3;0
2024-10-27 04:00:00+01:00;7204;27-10-2024;10;27;43;6;4;3;0
2024-10-27 05:00:00+01:00;7205;27-10-2024;10;27;43;6;5;3;0
2024-10-27 06:00:00+01:00;7206;27-10-2024;10;27;43;6;6;3;0
2024-10-27 07:00:00+01:00;7207;27-10-2024;10;27;43;6;7;3;0
2024-10-27 08:00:00+01:00;7208;27-10-2024;10;27;43;6;8;3;0
2024-10-27 09:00:00+01:00;7209;27-10-2024;10;27;43;6;9;3;0
2024-10-27 10:00:00+01:00;7210;27-10-2024;10;27;43;6;10;3;0
2024-10-27 11:00:00+01:00;7211;27-10-2024;10;27;43;6;11;3;0
2024-10-27 12:00:00+01:00;7212;27-10-2024;10;27;43;6;12;3;0
2024-10-27 13:00:00+01:00;7213;27-10-2024;10;27;43;6;13;3;0
2024-10-27 14:00:00+01:00;7214;27-10-2024;10;27;43;6;14;3;0
2024-10-27 15:00:00+01:00;7215;27-10-2024;10;27;43;6;15;3;0
2024-10-27 16:00:00+01:00;7216;27-10-2024;10;27;43;6;16;3;0
2024-10-27 17:00:00+01:00;7217;27-10-2024;10;27;43;6;17;3;0
2024-10-27 18:00:00+01:00;7218;27-10-2024;10;27;43;6;18;3;0
2024-10-27 19:00:00+01:00;7219;27-10-2024;10;27;43;6;19;3;0
2024-10-27 20:00:00+01:00;7220;27-10-2024;10;27;43;6;20;3;0
2024-10-27 21:00:00+01:00;7221;27-10-2024;10;27;43;6;21;3;0
2024-10-27 22:00:00+01:00;7222;27-10-2024;10;27;43;6;22;3;0
2024-10-27 23:00:00+01:00;7223;27-10-2024;10;27;43;6;23;3;0
2024-10-28 00:00:00+01:00;7224;28-10-2024;10;28;44;0;0;1;0
2024-10-28 01:00:00+01:00;7225;28-10-2024;10;28;44;0;1;1;0
2024-10-28 02:00:00+01:00;7226;28-10-2024;10;28;44;0;2;1;0
2024-10-28 03:00:00+01:00;7227;28-10-2024;10;28;44;0;3;1;0
2024-10-28 04:00:00+01:00;7228;28-10-2024;10;28;44;0;4;1;0
2024-10-28 05:00:00+01:00;7229;28-10-2024;10;28;44;0;5;1;0
2024-10-28 06:00:00+01:00;7230;28-10-2024;10;28;44;0;6;1;0
2024-10-28 07:00:00+01:00;7231;28-10-2024;10;28;44;0;7;1;0
2024-10-28 08:00:00+01:00;7232;28-10-2024;10;28;44;0;8;1;60
2024-10-28 09:00:00+01:00;7233;28-10-2024;10;28;44;0;9;1;60
2024-10-28 10:00:00+01:00;7234;28-10-2024;10;28;44;0;10;1;90
2024-10-28 11:00:00+01:00;7235;28-10-2024;10;28;44;0;11;1;90
2024-10-28 12:00:00+01:00;7236;28-10-2024;10;28;44;0;12;1;50
2024-10-28 13:00:00+01:00;7237;28-10-2024;10;28;44;0;13;1;50
2024-10-28 14:00:00+01:00;7238;28-10-2024;10;28;44;0;14;1;80
2024-10-28 15:00:00+01:00;7239;28-10-2024;10;28;44;0;15;1;80
2024-10-28 16:00:00+01:00;7240;28-10-2024;10;28;44;0;16;1;80
2024-10-28 17:00:00+01:00;7241;28-10-2024;10;28;44;0;17;1;50
2024-10-28 18:00:00+01:00;7242;28-10-2024;10;28;44;0;18;1;42
2024-10-28 19:00:00+01:00;7243;28-10-2024;10;28;44;0;19;1;33
2024-10-28 20:00:00+01:00;7244;28-10-2024;10;28;44;0;20;1;25
2024-10-28 21:00:00+01:00;7245;28-10-2024;10;28;44;0;21;1;17
2024-10-28 22:00:00+01:00;7246;28-10-2024;10;28;44;0;22;1;8
2024-10-28 23:00:00+01:00;7247;28-10-2024;10;28;44;0;23;1;0
2024-10-29 00:00:00+01:00;7248;29-10-2024;10;29;44;1;0;1;0
2024-10-29 01:00:00+01:00;7249;29-10-2024;10;29;44;1;1;1;0
2024-10-29 02:00:00+01:00;7250;29-10-2024;10;29;44;1;2;1;0
2024-10-29 03:00:00+01:00;7251;29-10-2024;10;29;44;1;3;1;0
2024-10-29 04:00:00+01:00;7252;29-10-2024;10;29;44;1;4;1;0
2024-10-29 05:00:00+01:00;7253;29-10-2024;10;29;44;1;5;1;0
2024-10-29 06:00:00+01:00;7254;29-10-2024;10;29;44;1;6;1;0
2024-10-29 07:00:00+01:00;7255;29-10-2024;10;29;44;1;7;1;0
2024-10-29 08:00:00+01:00;7256;29-10-2024;10;29;44;1;8;1;60
2024-10-29 09:00:00+01:00;7257;29-10-2024;10;29;44;1;9;1;60
2024-10-29 10:00:00+01:00;7258;29-10-2024;10;29;44;1;10;1;90
2024-10-29 11:00:00+01:00;7259;29-10-2024;10;29;44;1;11;1;90
2024-10-29 12:00:00+01:00;7260;29-10-2024;10;29;44;1;12;1;50
2024-10-29 13:00:00+01:00;7261;29-10-2024;10;29;44;1;13;1;50
2024-10-29 14:00:00+01:00;7262;29-10-2024;10;29;44;1;14;1;80
2024-10-29 15:00:00+01:00;7263;29-10-2024;10;29;44;1;15;1;80
2024-10-29 16:00:00+01:00;7264;29-10-2024;10;29;44;1;16;1;80
2024-10-29 17:00:00+01:00;7265;29-10-2024;10;29;44;1;17;1;50
2024-10-29 18:00:00+01:00;7266;29-10-2024;10;29;44;1;18;1;42
2024-10-29 19:00:00+01:00;7267;29-10-2024;10;29;44;1;19;1;33
2024-10-29 20:00:00+01:00;7268;29-10-2024;10;29;44;1;20;1;25
2024-10-29 21:00:00+01:00;7269;29-10-2024;10;29;44;1;21;1;17
2024-10-29 22:00:00+01:00;7270;29-10-2024;10;29;44;1;22;1;8
2024-10-29 23:00:00+01:00;7271;29-10-2024;10;29;44;1;23;1;0
2024-10-30 00:00:00+01:00;7272;30-10-2024;10;30;44;2;0;1;0
2024-10-30 01:00:00+01:00;7273;30-10-2024;10;30;44;2;1;1;0
2024-10-30 02:00:00+01:00;7274;30-10-2024;10;30;44;2;2;1;0
2024-10-30 03:00:00+01:00;7275;30-10-2024;10;30;44;2;3;1;0
2024-10-30 04:00:00+01:00;7276;30-10-2024;10;30;44;2;4;1;0
2024-10-30 05:00:00+01:00;7277;30-10-2024;10;30;44;2;5;1;0
2024-10-30 06:00:00+01:00;7278;30-10-2024;10;30;44;2;6;1;0
2024-10-30 07:00:00+01:00;7279;30-10-2024;10;30;44;2;7;1;0
2024-10-30 08:00:00+01:00;7280;30-10-2024;10;30;44;2;8;1;60
2024-10-30 09:00:00+01:00;7281;30-10-2024;10;30;44;2;9;1;60
2024-10-30 10:00:00+01:00;7282;30-10-2024;10;30;44;2;10;1;90
2024-10-30 11:00:00+01:00;7283;30-10-2024;10;30;44;2;11;1;90
2024-10-30 12:00:00+01:00;7284;30-10-2024;10;30;44;2;12;1;50
2024-10-30 13:00:00+01:00;7285;30-10-2024;10;30;44;2;13;1;50
2024-10-30 14:00:00+01:00;7286;30-10-2024;10;30;44;2;14;1;80
2024-10-30 15:00:00+01:00;7287;30-10-2024;10;30;44;2;15;1;80
2024-10-30 16:00:00+01:00;7288;30-10-2024;10;30;44;2;16;1;80
2024-10-30 17:00:00+01:00;7289;30-10-2024;10;30;44;2;17;1;50
2024-10-30 18:00:00+01:00;7290;30-10-2024;10;30;44;2;18;1;42
2024-10-30 19:00:00+01:00;7291;30-10-2024;10;30;44;2;19;1;33
2024-10-30 20:00:00+01:00;7292;30-10-2024;10;30;44;2;20;1;25
2024-10-30 21:00:00+01:00;7293;30-10-2024;10;30;44;2;21;1;17
2024-10-30 22:00:00+01:00;7294;30-10-2024;10;30;44;2;22;1;8
2024-10-30 23:00:00+01:00;7295;30-10-2024;10;30;44;2;23;1;0
2024-10-31 00:00:00+01:00;7296;31-10-2024;10;31;44;3;0;1;0
2024-10-31 01:00:00+01:00;7297;31-10-2024;10;31;44;3;1;1;0
2024-10-31 02:00:00+01:00;7298;31-10-2024;10;31;44;3;2;1;0
2024-10-31 03:00:00+01:00;7299;31-10-2024;10;31;44;3;3;1;0
2024-10-31 04:00:00+01:00;7300;31-10-2024;10;31;44;3;4;1;0
2024-10-31 05:00:00+01:00;7301;31-10-2024;10;31;44;3;5;1;0
2024-10-31 06:00:00+01:00;7302;31-10-2024;10;31;44;3;6;1;0
2024-10-31 07:00:00+01:00;7303;31-10-2024;10;31;44;3;7;1;0
2024-10-31 08:00:00+01:00;7304;31-10-2024;10;31;44;3;8;1;60
2024-10-31 09:00:00+01:00;7305;31-10-2024;10;31;44;3;9;1;60
2024-10-31 10:00:00+01:00;7306;31-10-2024;10;31;44;3;10;1;90
2024-10-31 11:00:00+01:00;7307;31-10-2024;10;31;44;3;11;1;90
2024-10-31 12:00:00+01:00;7308;31-10-2024;10;31;44;3;12;1;50
2024-10-31 13:00:00+01:00;7309;31-10-2024;10;31;44;3;13;1;50
2024-10-31 14:00:00+01:00;7310;31-10-2024;10;31;44;3;14;1;80
2024-10-31 15:00:00+01:00;7311;31-10-2024;10;31;44;3;15;1;80
2024-10-31 16:00:00+01:00;7312;31-10-2024;10;31;44;3;16;1;80
2024-10-31 17:00:00+01:00;7313;31-10-2024;10;31;44;3;17;1;50
2024-10-31 18:00:00+01:00;7314;31-10-2024;10;31;44;3;18;1;42
2024-10-31 19:00:00+01:00;7315;31-10-2024;10;31;44;3;19;1;33
2024-10-31 20:00:00+01:00;7316;31-10-2024;10;31;44;3;20;1;25
2024-10-31 21:00:00+01:00;7317;31-10-2024;10;31;44;3;21;1;17
2024-10-31 22:00:00+01:00;7318;31-10-2024;10;31;44;3;22;1;8
2024-10-31 23:00:00+01:00;7319;31-10-2024;10;31;44;3;23;1;0
2024-11-01 00:00:00+01:00;7320;1-11-2024;11;1;44;4;0;1;0
2024-11-01 01:00:00+01:00;7321;1-11-2024;11;1;44;4;1;1;0
2024-11-01 02:00:00+01:00;7322;1-11-2024;11;1;44;4;2;1;0
2024-11-01 03:00:00+01:00;7323;1-11-2024;11;1;44;4;3;1;0
2024-11-01 04:00:00+01:00;7324;1-11-2024;11;1;44;4;4;1;0
2024-11-01 05:00:00+01:00;7325;1-11-2024;11;1;44;4;5;1;0
2024-11-01 06:00:00+01:00;7326;1-11-2024;11;1;44;4;6;1;0
2024-11-01 07:00:00+01:00;7327;1-11-2024;11;1;44;4;7;1;0
2024-11-01 08:00:00+01:00;7328;1-11-2024;11;1;44;4;8;1;60
2024-11-01 09:00:00+01:00;7329;1-11-2024;11;1;44;4;9;1;60
2024-11-01 10:00:00+01:00;7330;1-11-2024;11;1;44;4;10;1;90
2024-11-01 11:00:00+01:00;7331;1-11-2024;11;1;44;4;11;1;90
2024-11-01 12:00:00+01:00;7332;1-11-2024;11;1;44;4;12;1;50
2024-11-01 13:00:00+01:00;7333;1-11-2024;11;1;44;4;13;1;50
2024-11-01 14:00:00+01:00;7334;1-11-2024;11;1;44;4;14;1;80
2024-11-01 15:00:00+01:00;7335;1-11-2024;11;1;44;4;15;1;80
2024-11-01 16:00:00+01:00;7336;1-11-2024;11;1;44;4;16;1;80
2024-11-01 17:00:00+01:00;7337;1-11-2024;11;1;44;4;17;1;50
2024-11-01 18:00:00+01:00;7338;1-11-2024;11;1;44;4;18;1;42
2024-11-01 19:00:00+01:00;7339;1-11-2024;11;1;44;4;19;1;33
2024-11-01 20:00:00+01:00;7340;1-11-2024;11;1;44;4;20;1;25
2024-11-01 21:00:00+01:00;7341;1-11-2024;11;1;44;4;21;1;17
2024-11-01 22:00:00+01:00;7342;1-11-2024;11;1;44;4;22;1;8
2024-11-01 23:00:00+01:00;7343;1-11-2024;11;1;44;4;23;1;0
2024-11-02 00:00:00+01:00;7344;2-11-2024;11;2;44;5;0;2;0
2024-11-02 01:00:00+01:00;7345;2-11-2024;11;2;44;5;1;2;0
2024-11-02 02:00:00+01:00;7346;2-11-2024;11;2;44;5;2;2;0
2024-11-02 03:00:00+01:00;7347;2-11-2024;11;2;44;5;3;2;0
2024-11-02 04:00:00+01:00;7348;2-11-2024;11;2;44;5;4;2;0
2024-11-02 05:00:00+01:00;7349;2-11-2024;11;2;44;5;5;2;0
2024-11-02 06:00:00+01:00;7350;2-11-2024;11;2;44;5;6;2;0
2024-11-02 07:00:00+01:00;7351;2-11-2024;11;2;44;5;7;2;0
2024-11-02 08:00:00+01:00;7352;2-11-2024;11;2;44;5;8;2;0
2024-11-02 09:00:00+01:00;7353;2-11-2024;11;2;44;5;9;2;0
2024-11-02 10:00:00+01:00;7354;2-11-2024;11;2;44;5;10;2;50
2024-11-02 11:00:00+01:00;7355;2-11-2024;11;2;44;5;11;2;50
2024-11-02 12:00:00+01:00;7356;2-11-2024;11;2;44;5;12;2;30
2024-11-02 13:00:00+01:00;7357;2-11-2024;11;2;44;5;13;2;30
2024-11-02 14:00:00+01:00;7358;2-11-2024;11;2;44;5;14;2;50
2024-11-02 15:00:00+01:00;7359;2-11-2024;11;2;44;5;15;2;50
2024-11-02 16:00:00+01:00;7360;2-11-2024;11;2;44;5;16;2;50
2024-11-02 17:00:00+01:00;7361;2-11-2024;11;2;44;5;17;2;0
2024-11-02 18:00:00+01:00;7362;2-11-2024;11;2;44;5;18;2;0
2024-11-02 19:00:00+01:00;7363;2-11-2024;11;2;44;5;19;2;0
2024-11-02 20:00:00+01:00;7364;2-11-2024;11;2;44;5;20;2;0
2024-11-02 21:00:00+01:00;7365;2-11-2024;11;2;44;5;21;2;0
2024-11-02 22:00:00+01:00;7366;2-11-2024;11;2;44;5;22;2;0
2024-11-02 23:00:00+01:00;7367;2-11-2024;11;2;44;5;23;2;0
2024-11-03 00:00:00+01:00;7368;3-11-2024;11;3;44;6;0;3;0
2024-11-03 01:00:00+01:00;7369;3-11-2024;11;3;44;6;1;3;0
2024-11-03 02:00:00+01:00;7370;3-11-2024;11;3;44;6;2;3;0
2024-11-03 03:00:00+01:00;7371;3-11-2024;11;3;44;6;3;3;0
2024-11-03 04:00:00+01:00;7372;3-11-2024;11;3;44;6;4;3;0
2024-11-03 05:00:00+01:00;7373;3-11-2024;11;3;44;6;5;3;0
2024-11-03 06:00:00+01:00;7374;3-11-2024;11;3;44;6;6;3;0
2024-11-03 07:00:00+01:00;7375;3-11-2024;11;3;44;6;7;3;0
2024-11-03 08:00:00+01:00;7376;3-11-2024;11;3;44;6;8;3;0
2024-11-03 09:00:00+01:00;7377;3-11-2024;11;3;44;6;9;3;0
2024-11-03 10:00:00+01:00;7378;3-11-2024;11;3;44;6;10;3;0
2024-11-03 11:00:00+01:00;7379;3-11-2024;11;3;44;6;11;3;0
2024-11-03 12:00:00+01:00;7380;3-11-2024;11;3;44;6;12;3;0
2024-11-03 13:00:00+01:00;7381;3-11-2024;11;3;44;6;13;3;0
2024-11-03 14:00:00+01:00;7382;3-11-2024;11;3;44;6;14;3;0
2024-11-03 15:00:00+01:00;7383;3-11-2024;11;3;44;6;15;3;0
2024-11-03 16:00:00+01:00;7384;3-11-2024;11;3;44;6;16;3;0
2024-11-03 17:00:00+01:00;7385;3-11-2024;11;3;44;6;17;3;0
2024-11-03 18:00:00+01:00;7386;3-11-2024;11;3;44;6;18;3;0
2024-11-03 19:00:00+01:00;7387;3-11-2024;11;3;44;6;19;3;0
2024-11-03 20:00:00+01:00;7388;3-11-2024;11;3;44;6;20;3;0
2024-11-03 21:00:00+01:00;7389;3-11-2024;11;3;44;6;21;3;0
2024-11-03 22:00:00+01:00;7390;3-11-2024;11;3;44;6;22;3;0
2024-11-03 23:00:00+01:00;7391;3-11-2024;11;3;44;6;23;3;0
2024-11-04 00:00:00+01:00;7392;4-11-2024;11;4;45;0;0;1;0
2024-11-04 01:00:00+01:00;7393;4-11-2024;11;4;45;0;1;1;0
2024-11-04 02:00:00+01:00;7394;4-11-2024;11;4;45;0;2;1;0
2024-11-04 03:00:00+01:00;7395;4-11-2024;11;4;45;0;3;1;0
2024-11-04 04:00:00+01:00;7396;4-11-2024;11;4;45;0;4;1;0
2024-11-04 05:00:00+01:00;7397;4-11-2024;11;4;45;0;5;1;0
2024-11-04 06:00:00+01:00;7398;4-11-2024;11;4;45;0;6;1;0
2024-11-04 07:00:00+01:00;7399;4-11-2024;11;4;45;0;7;1;0
2024-11-04 08:00:00+01:00;7400;4-11-2024;11;4;45;0;8;1;60
2024-11-04 09:00:00+01:00;7401;4-11-2024;11;4;45;0;9;1;60
2024-11-04 10:00:00+01:00;7402;4-11-2024;11;4;45;0;10;1;90
2024-11-04 11:00:00+01:00;7403;4-11-2024;11;4;45;0;11;1;90
2024-11-04 12:00:00+01:00;7404;4-11-2024;11;4;45;0;12;1;50
2024-11-04 13:00:00+01:00;7405;4-11-2024;11;4;45;0;13;1;50
2024-11-04 14:00:00+01:00;7406;4-11-2024;11;4;45;0;14;1;80
2024-11-04 15:00:00+01:00;7407;4-11-2024;11;4;45;0;15;1;80
2024-11-04 16:00:00+01:00;7408;4-11-2024;11;4;45;0;16;1;80
2024-11-04 17:00:00+01:00;7409;4-11-2024;11;4;45;0;17;1;50
2024-11-04 18:00:00+01:00;7410;4-11-2024;11;4;45;0;18;1;42
2024-11-04 19:00:00+01:00;7411;4-11-2024;11;4;45;0;19;1;33
2024-11-04 20:00:00+01:00;7412;4-11-2024;11;4;45;0;20;1;25
2024-11-04 21:00:00+01:00;7413;4-11-2024;11;4;45;0;21;1;17
2024-11-04 22:00:00+01:00;7414;4-11-2024;11;4;45;0;22;1;8
2024-11-04 23:00:00+01:00;7415;4-11-2024;11;4;45;0;23;1;0
2024-11-05 00:00:00+01:00;7416;5-11-2024;11;5;45;1;0;1;0
2024-11-05 01:00:00+01:00;7417;5-11-2024;11;5;45;1;1;1;0
2024-11-05 02:00:00+01:00;7418;5-11-2024;11;5;45;1;2;1;0
2024-11-05 03:00:00+01:00;7419;5-11-2024;11;5;45;1;3;1;0
2024-11-05 04:00:00+01:00;7420;5-11-2024;11;5;45;1;4;1;0
2024-11-05 05:00:00+01:00;7421;5-11-2024;11;5;45;1;5;1;0
2024-11-05 06:00:00+01:00;7422;5-11-2024;11;5;45;1;6;1;0
2024-11-05 07:00:00+01:00;7423;5-11-2024;11;5;45;1;7;1;0
2024-11-05 08:00:00+01:00;7424;5-11-2024;11;5;45;1;8;1;60
2024-11-05 09:00:00+01:00;7425;5-11-2024;11;5;45;1;9;1;60
2024-11-05 10:00:00+01:00;7426;5-11-2024;11;5;45;1;10;1;90
2024-11-05 11:00:00+01:00;7427;5-11-2024;11;5;45;1;11;1;90
2024-11-05 12:00:00+01:00;7428;5-11-2024;11;5;45;1;12;1;50
2024-11-05 13:00:00+01:00;7429;5-11-2024;11;5;45;1;13;1;50
2024-11-05 14:00:00+01:00;7430;5-11-2024;11;5;45;1;14;1;80
2024-11-05 15:00:00+01:00;7431;5-11-2024;11;5;45;1;15;1;80
2024-11-05 16:00:00+01:00;7432;5-11-2024;11;5;45;1;16;1;80
2024-11-05 17:00:00+01:00;7433;5-11-2024;11;5;45;1;17;1;50
2024-11-05 18:00:00+01:00;7434;5-11-2024;11;5;45;1;18;1;42
2024-11-05 19:00:00+01:00;7435;5-11-2024;11;5;45;1;19;1;33
2024-11-05 20:00:00+01:00;7436;5-11-2024;11;5;45;1;20;1;25
2024-11-05 21:00:00+01:00;7437;5-11-2024;11;5;45;1;21;1;17
2024-11-05 22:00:00+01:00;7438;5-11-2024;11;5;45;1;22;1;8
2024-11-05 23:00:00+01:00;7439;5-11-2024;11;5;45;1;23;1;0
2024-11-06 00:00:00+01:00;7440;6-11-2024;11;6;45;2;0;1;0
2024-11-06 01:00:00+01:00;7441;6-11-2024;11;6;45;2;1;1;0
2024-11-06 02:00:00+01:00;7442;6-11-2024;11;6;45;2;2;1;0
2024-11-06 03:00:00+01:00;7443;6-11-2024;11;6;45;2;3;1;0
2024-11-06 04:00:00+01:00;7444;6-11-2024;11;6;45;2;4;1;0
2024-11-06 05:00:00+01:00;7445;6-11-2024;11;6;45;2;5;1;0
2024-11-06 06:00:00+01:00;7446;6-11-2024;11;6;45;2;6;1;0
2024-11-06 07:00:00+01:00;7447;6-11-2024;11;6;45;2;7;1;0
2024-11-06 08:00:00+01:00;7448;6-11-2024;11;6;45;2;8;1;60
2024-11-06 09:00:00+01:00;7449;6-11-2024;11;6;45;2;9;1;60
2024-11-06 10:00:00+01:00;7450;6-11-2024;11;6;45;2;10;1;90
2024-11-06 11:00:00+01:00;7451;6-11-2024;11;6;45;2;11;1;90
2024-11-06 12:00:00+01:00;7452;6-11-2024;11;6;45;2;12;1;50
2024-11-06 13:00:00+01:00;7453;6-11-2024;11;6;45;2;13;1;50
2024-11-06 14:00:00+01:00;7454;6-11-2024;11;6;45;2;14;1;80
2024-11-06 15:00:00+01:00;7455;6-11-2024;11;6;45;2;15;1;80
2024-11-06 16:00:00+01:00;7456;6-11-2024;11;6;45;2;16;1;80
2024-11-06 17:00:00+01:00;7457;6-11-2024;11;6;45;2;17;1;50
2024-11-06 18:00:00+01:00;7458;6-11-2024;11;6;45;2;18;1;42
2024-11-06 19:00:00+01:00;7459;6-11-2024;11;6;45;2;19;1;33
2024-11-06 20:00:00+01:00;7460;6-11-2024;11;6;45;2;20;1;25
2024-11-06 21:00:00+01:00;7461;6-11-2024;11;6;45;2;21;1;17
2024-11-06 22:00:00+01:00;7462;6-11-2024;11;6;45;2;22;1;8
2024-11-06 23:00:00+01:00;7463;6-11-2024;11;6;45;2;23;1;0
2024-11-07 00:00:00+01:00;7464;7-11-2024;11;7;45;3;0;1;0
2024-11-07 01:00:00+01:00;7465;7-11-2024;11;7;45;3;1;1;0
2024-11-07 02:00:00+01:00;7466;7-11-2024;11;7;45;3;2;1;0
2024-11-07 03:00:00+01:00;7467;7-11-2024;11;7;45;3;3;1;0
2024-11-07 04:00:00+01:00;7468;7-11-2024;11;7;45;3;4;1;0
2024-11-07 05:00:00+01:00;7469;7-11-2024;11;7;45;3;5;1;0
2024-11-07 06:00:00+01:00;7470;7-11-2024;11;7;45;3;6;1;0
2024-11-07 07:00:00+01:00;7471;7-11-2024;11;7;45;3;7;1;0
2024-11-07 08:00:00+01:00;7472;7-11-2024;11;7;45;3;8;1;60
2024-11-07 09:00:00+01:00;7473;7-11-2024;11;7;45;3;9;1;60
2024-11-07 10:00:00+01:00;7474;7-11-2024;11;7;45;3;10;1;90
2024-11-07 11:00:00+01:00;7475;7-11-2024;11;7;45;3;11;1;90
2024-11-07 12:00:00+01:00;7476;7-11-2024;11;7;45;3;12;1;50
2024-11-07 13:00:00+01:00;7477;7-11-2024;11;7;45;3;13;1;50
2024-11-07 14:00:00+01:00;7478;7-11-2024;11;7;45;3;14;1;80
2024-11-07 15:00:00+01:00;7479;7-11-2024;11;7;45;3;15;1;80
2024-11-07 16:00:00+01:00;7480;7-11-2024;11;7;45;3;16;1;80
2024-11-07 17:00:00+01:00;7481;7-11-2024;11;7;45;3;17;1;50
2024-11-07 18:00:00+01:00;7482;7-11-2024;11;7;45;3;18;1;42
2024-11-07 19:00:00+01:00;7483;7-11-2024;11;7;45;3;19;1;33
2024-11-07 20:00:00+01:00;7484;7-11-2024;11;7;45;3;20;1;25
2024-11-07 21:00:00+01:00;7485;7-11-2024;11;7;45;3;21;1;17
2024-11-07 22:00:00+01:00;7486;7-11-2024;11;7;45;3;22;1;8
2024-11-07 23:00:00+01:00;7487;7-11-2024;11;7;45;3;23;1;0
2024-11-08 00:00:00+01:00;7488;8-11-2024;11;8;45;4;0;1;0
2024-11-08 01:00:00+01:00;7489;8-11-2024;11;8;45;4;1;1;0
2024-11-08 02:00:00+01:00;7490;8-11-2024;11;8;45;4;2;1;0
2024-11-08 03:00:00+01:00;7491;8-11-2024;11;8;45;4;3;1;0
2024-11-08 04:00:00+01:00;7492;8-11-2024;11;8;45;4;4;1;0
2024-11-08 05:00:00+01:00;7493;8-11-2024;11;8;45;4;5;1;0
2024-11-08 06:00:00+01:00;7494;8-11-2024;11;8;45;4;6;1;0
2024-11-08 07:00:00+01:00;7495;8-11-2024;11;8;45;4;7;1;0
2024-11-08 08:00:00+01:00;7496;8-11-2024;11;8;45;4;8;1;60
2024-11-08 09:00:00+01:00;7497;8-11-2024;11;8;45;4;9;1;60
2024-11-08 10:00:00+01:00;7498;8-11-2024;11;8;45;4;10;1;90
2024-11-08 11:00:00+01:00;7499;8-11-2024;11;8;45;4;11;1;90
2024-11-08 12:00:00+01:00;7500;8-11-2024;11;8;45;4;12;1;50
2024-11-08 13:00:00+01:00;7501;8-11-2024;11;8;45;4;13;1;50
2024-11-08 14:00:00+01:00;7502;8-11-2024;11;8;45;4;14;1;80
2024-11-08 15:00:00+01:00;7503;8-11-2024;11;8;45;4;15;1;80
2024-11-08 16:00:00+01:00;7504;8-11-2024;11;8;45;4;16;1;80
2024-11-08 17:00:00+01:00;7505;8-11-2024;11;8;45;4;17;1;50
2024-11-08 18:00:00+01:00;7506;8-11-2024;11;8;45;4;18;1;42
2024-11-08 19:00:00+01:00;7507;8-11-2024;11;8;45;4;19;1;33
2024-11-08 20:00:00+01:00;7508;8-11-2024;11;8;45;4;20;1;25
2024-11-08 21:00:00+01:00;7509;8-11-2024;11;8;45;4;21;1;17
2024-11-08 22:00:00+01:00;7510;8-11-2024;11;8;45;4;22;1;8
2024-11-08 23:00:00+01:00;7511;8-11-2024;11;8;45;4;23;1;0
2024-11-09 00:00:00+01:00;7512;9-11-2024;11;9;45;5;0;2;0
2024-11-09 01:00:00+01:00;7513;9-11-2024;11;9;45;5;1;2;0
2024-11-09 02:00:00+01:00;7514;9-11-2024;11;9;45;5;2;2;0
2024-11-09 03:00:00+01:00;7515;9-11-2024;11;9;45;5;3;2;0
2024-11-09 04:00:00+01:00;7516;9-11-2024;11;9;45;5;4;2;0
2024-11-09 05:00:00+01:00;7517;9-11-2024;11;9;45;5;5;2;0
2024-11-09 06:00:00+01:00;7518;9-11-2024;11;9;45;5;6;2;0
2024-11-09 07:00:00+01:00;7519;9-11-2024;11;9;45;5;7;2;0
2024-11-09 08:00:00+01:00;7520;9-11-2024;11;9;45;5;8;2;0
2024-11-09 09:00:00+01:00;7521;9-11-2024;11;9;45;5;9;2;0
2024-11-09 10:00:00+01:00;7522;9-11-2024;11;9;45;5;10;2;50
2024-11-09 11:00:00+01:00;7523;9-11-2024;11;9;45;5;11;2;50
2024-11-09 12:00:00+01:00;7524;9-11-2024;11;9;45;5;12;2;30
2024-11-09 13:00:00+01:00;7525;9-11-2024;11;9;45;5;13;2;30
2024-11-09 14:00:00+01:00;7526;9-11-2024;11;9;45;5;14;2;50
2024-11-09 15:00:00+01:00;7527;9-11-2024;11;9;45;5;15;2;50
2024-11-09 16:00:00+01:00;7528;9-11-2024;11;9;45;5;16;2;50
2024-11-09 17:00:00+01:00;7529;9-11-2024;11;9;45;5;17;2;0
2024-11-09 18:00:00+01:00;7530;9-11-2024;11;9;45;5;18;2;0
2024-11-09 19:00:00+01:00;7531;9-11-2024;11;9;45;5;19;2;0
2024-11-09 20:00:00+01:00;7532;9-11-2024;11;9;45;5;20;2;0
2024-11-09 21:00:00+01:00;7533;9-11-2024;11;9;45;5;21;2;0
2024-11-09 22:00:00+01:00;7534;9-11-2024;11;9;45;5;22;2;0
2024-11-09 23:00:00+01:00;7535;9-11-2024;11;9;45;5;23;2;0
2024-11-10 00:00:00+01:00;7536;10-11-2024;11;10;45;6;0;3;0
2024-11-10 01:00:00+01:00;7537;10-11-2024;11;10;45;6;1;3;0
2024-11-10 02:00:00+01:00;7538;10-11-2024;11;10;45;6;2;3;0
2024-11-10 03:00:00+01:00;7539;10-11-2024;11;10;45;6;3;3;0
2024-11-10 04:00:00+01:00;7540;10-11-2024;11;10;45;6;4;3;0
2024-11-10 05:00:00+01:00;7541;10-11-2024;11;10;45;6;5;3;0
2024-11-10 06:00:00+01:00;7542;10-11-2024;11;10;45;6;6;3;0
2024-11-10 07:00:00+01:00;7543;10-11-2024;11;10;45;6;7;3;0
2024-11-10 08:00:00+01:00;7544;10-11-2024;11;10;45;6;8;3;0
2024-11-10 09:00:00+01:00;7545;10-11-2024;11;10;45;6;9;3;0
2024-11-10 10:00:00+01:00;7546;10-11-2024;11;10;45;6;10;3;0
2024-11-10 11:00:00+01:00;7547;10-11-2024;11;10;45;6;11;3;0
2024-11-10 12:00:00+01:00;7548;10-11-2024;11;10;45;6;12;3;0
2024-11-10 13:00:00+01:00;7549;10-11-2024;11;10;45;6;13;3;0
2024-11-10 14:00:00+01:00;7550;10-11-2024;11;10;45;6;14;3;0
2024-11-10 15:00:00+01:00;7551;10-11-2024;11;10;45;6;15;3;0
2024-11-10 16:00:00+01:00;7552;10-11-2024;11;10;45;6;16;3;0
2024-11-10 17:00:00+01:00;7553;10-11-2024;11;10;45;6;17;3;0
2024-11-10 18:00:00+01:00;7554;10-11-2024;11;10;45;6;18;3;0
2024-11-10 19:00:00+01:00;7555;10-11-2024;11;10;45;6;19;3;0
2024-11-10 20:00:00+01:00;7556;10-11-2024;11;10;45;6;20;3;0
2024-11-10 21:00:00+01:00;7557;10-11-2024;11;10;45;6;21;3;0
2024-11-10 22:00:00+01:00;7558;10-11-2024;11;10;45;6;22;3;0
2024-11-10 23:00:00+01:00;7559;10-11-2024;11;10;45;6;23;3;0
2024-11-11 00:00:00+01:00;7560;11-11-2024;11;11;46;0;0;1;0
2024-11-11 01:00:00+01:00;7561;11-11-2024;11;11;46;0;1;1;0
2024-11-11 02:00:00+01:00;7562;11-11-2024;11;11;46;0;2;1;0
2024-11-11 03:00:00+01:00;7563;11-11-2024;11;11;46;0;3;1;0
2024-11-11 04:00:00+01:00;7564;11-11-2024;11;11;46;0;4;1;0
2024-11-11 05:00:00+01:00;7565;11-11-2024;11;11;46;0;5;1;0
2024-11-11 06:00:00+01:00;7566;11-11-2024;11;11;46;0;6;1;0
2024-11-11 07:00:00+01:00;7567;11-11-2024;11;11;46;0;7;1;0
2024-11-11 08:00:00+01:00;7568;11-11-2024;11;11;46;0;8;1;60
2024-11-11 09:00:00+01:00;7569;11-11-2024;11;11;46;0;9;1;60
2024-11-11 10:00:00+01:00;7570;11-11-2024;11;11;46;0;10;1;90
2024-11-11 11:00:00+01:00;7571;11-11-2024;11;11;46;0;11;1;90
2024-11-11 12:00:00+01:00;7572;11-11-2024;11;11;46;0;12;1;50
2024-11-11 13:00:00+01:00;7573;11-11-2024;11;11;46;0;13;1;50
2024-11-11 14:00:00+01:00;7574;11-11-2024;11;11;46;0;14;1;80
2024-11-11 15:00:00+01:00;7575;11-11-2024;11;11;46;0;15;1;80
2024-11-11 16:00:00+01:00;7576;11-11-2024;11;11;46;0;16;1;80
2024-11-11 17:00:00+01:00;7577;11-11-2024;11;11;46;0;17;1;50
2024-11-11 18:00:00+01:00;7578;11-11-2024;11;11;46;0;18;1;42
2024-11-11 19:00:00+01:00;7579;11-11-2024;11;11;46;0;19;1;33
2024-11-11 20:00:00+01:00;7580;11-11-2024;11;11;46;0;20;1;25
2024-11-11 21:00:00+01:00;7581;11-11-2024;11;11;46;0;21;1;17
2024-11-11 22:00:00+01:00;7582;11-11-2024;11;11;46;0;22;1;8
2024-11-11 23:00:00+01:00;7583;11-11-2024;11;11;46;0;23;1;0
2024-11-12 00:00:00+01:00;7584;12-11-2024;11;12;46;1;0;1;0
2024-11-12 01:00:00+01:00;7585;12-11-2024;11;12;46;1;1;1;0
2024-11-12 02:00:00+01:00;7586;12-11-2024;11;12;46;1;2;1;0
2024-11-12 03:00:00+01:00;7587;12-11-2024;11;12;46;1;3;1;0
2024-11-12 04:00:00+01:00;7588;12-11-2024;11;12;46;1;4;1;0
2024-11-12 05:00:00+01:00;7589;12-11-2024;11;12;46;1;5;1;0
2024-11-12 06:00:00+01:00;7590;12-11-2024;11;12;46;1;6;1;0
2024-11-12 07:00:00+01:00;7591;12-11-2024;11;12;46;1;7;1;0
2024-11-12 08:00:00+01:00;7592;12-11-2024;11;12;46;1;8;1;60
2024-11-12 09:00:00+01:00;7593;12-11-2024;11;12;46;1;9;1;60
2024-11-12 10:00:00+01:00;7594;12-11-2024;11;12;46;1;10;1;90
2024-11-12 11:00:00+01:00;7595;12-11-2024;11;12;46;1;11;1;90
2024-11-12 12:00:00+01:00;7596;12-11-2024;11;12;46;1;12;1;50
2024-11-12 13:00:00+01:00;7597;12-11-2024;11;12;46;1;13;1;50
2024-11-12 14:00:00+01:00;7598;12-11-2024;11;12;46;1;14;1;80
2024-11-12 15:00:00+01:00;7599;12-11-2024;11;12;46;1;15;1;80
2024-11-12 16:00:00+01:00;7600;12-11-2024;11;12;46;1;16;1;80
2024-11-12 17:00:00+01:00;7601;12-11-2024;11;12;46;1;17;1;50
2024-11-12 18:00:00+01:00;7602;12-11-2024;11;12;46;1;18;1;42
2024-11-12 19:00:00+01:00;7603;12-11-2024;11;12;46;1;19;1;33
2024-11-12 20:00:00+01:00;7604;12-11-2024;11;12;46;1;20;1;25
2024-11-12 21:00:00+01:00;7605;12-11-2024;11;12;46;1;21;1;17
2024-11-12 22:00:00+01:00;7606;12-11-2024;11;12;46;1;22;1;8
2024-11-12 23:00:00+01:00;7607;12-11-2024;11;12;46;1;23;1;0
2024-11-13 00:00:00+01:00;7608;13-11-2024;11;13;46;2;0;1;0
2024-11-13 01:00:00+01:00;7609;13-11-2024;11;13;46;2;1;1;0
2024-11-13 02:00:00+01:00;7610;13-11-2024;11;13;46;2;2;1;0
2024-11-13 03:00:00+01:00;7611;13-11-2024;11;13;46;2;3;1;0
2024-11-13 04:00:00+01:00;7612;13-11-2024;11;13;46;2;4;1;0
2024-11-13 05:00:00+01:00;7613;13-11-2024;11;13;46;2;5;1;0
2024-11-13 06:00:00+01:00;7614;13-11-2024;11;13;46;2;6;1;0
2024-11-13 07:00:00+01:00;7615;13-11-2024;11;13;46;2;7;1;0
2024-11-13 08:00:00+01:00;7616;13-11-2024;11;13;46;2;8;1;60
2024-11-13 09:00:00+01:00;7617;13-11-2024;11;13;46;2;9;1;60
2024-11-13 10:00:00+01:00;7618;13-11-2024;11;13;46;2;10;1;90
2024-11-13 11:00:00+01:00;7619;13-11-2024;11;13;46;2;11;1;90
2024-11-13 12:00:00+01:00;7620;13-11-2024;11;13;46;2;12;1;50
2024-11-13 13:00:00+01:00;7621;13-11-2024;11;13;46;2;13;1;50
2024-11-13 14:00:00+01:00;7622;13-11-2024;11;13;46;2;14;1;80
2024-11-13 15:00:00+01:00;7623;13-11-2024;11;13;46;2;15;1;80
2024-11-13 16:00:00+01:00;7624;13-11-2024;11;13;46;2;16;1;80
2024-11-13 17:00:00+01:00;7625;13-11-2024;11;13;46;2;17;1;50
2024-11-13 18:00:00+01:00;7626;13-11-2024;11;13;46;2;18;1;42
2024-11-13 19:00:00+01:00;7627;13-11-2024;11;13;46;2;19;1;33
2024-11-13 20:00:00+01:00;7628;13-11-2024;11;13;46;2;20;1;25
2024-11-13 21:00:00+01:00;7629;13-11-2024;11;13;46;2;21;1;17
2024-11-13 22:00:00+01:00;7630;13-11-2024;11;13;46;2;22;1;8
2024-11-13 23:00:00+01:00;7631;13-11-2024;11;13;46;2;23;1;0
2024-11-14 00:00:00+01:00;7632;14-11-2024;11;14;46;3;0;1;0
2024-11-14 01:00:00+01:00;7633;14-11-2024;11;14;46;3;1;1;0
2024-11-14 02:00:00+01:00;7634;14-11-2024;11;14;46;3;2;1;0
2024-11-14 03:00:00+01:00;7635;14-11-2024;11;14;46;3;3;1;0
2024-11-14 04:00:00+01:00;7636;14-11-2024;11;14;46;3;4;1;0
2024-11-14 05:00:00+01:00;7637;14-11-2024;11;14;46;3;5;1;0
2024-11-14 06:00:00+01:00;7638;14-11-2024;11;14;46;3;6;1;0
2024-11-14 07:00:00+01:00;7639;14-11-2024;11;14;46;3;7;1;0
2024-11-14 08:00:00+01:00;7640;14-11-2024;11;14;46;3;8;1;60
2024-11-14 09:00:00+01:00;7641;14-11-2024;11;14;46;3;9;1;60
2024-11-14 10:00:00+01:00;7642;14-11-2024;11;14;46;3;10;1;90
2024-11-14 11:00:00+01:00;7643;14-11-2024;11;14;46;3;11;1;90
2024-11-14 12:00:00+01:00;7644;14-11-2024;11;14;46;3;12;1;50
2024-11-14 13:00:00+01:00;7645;14-11-2024;11;14;46;3;13;1;50
2024-11-14 14:00:00+01:00;7646;14-11-2024;11;14;46;3;14;1;80
2024-11-14 15:00:00+01:00;7647;14-11-2024;11;14;46;3;15;1;80
2024-11-14 16:00:00+01:00;7648;14-11-2024;11;14;46;3;16;1;80
2024-11-14 17:00:00+01:00;7649;14-11-2024;11;14;46;3;17;1;50
2024-11-14 18:00:00+01:00;7650;14-11-2024;11;14;46;3;18;1;42
2024-11-14 19:00:00+01:00;7651;14-11-2024;11;14;46;3;19;1;33
2024-11-14 20:00:00+01:00;7652;14-11-2024;11;14;46;3;20;1;25
2024-11-14 21:00:00+01:00;7653;14-11-2024;11;14;46;3;21;1;17
2024-11-14 22:00:00+01:00;7654;14-11-2024;11;14;46;3;22;1;8
2024-11-14 23:00:00+01:00;7655;14-11-2024;11;14;46;3;23;1;0
2024-11-15 00:00:00+01:00;7656;15-11-2024;11;15;46;4;0;1;0
2024-11-15 01:00:00+01:00;7657;15-11-2024;11;15;46;4;1;1;0
2024-11-15 02:00:00+01:00;7658;15-11-2024;11;15;46;4;2;1;0
2024-11-15 03:00:00+01:00;7659;15-11-2024;11;15;46;4;3;1;0
2024-11-15 04:00:00+01:00;7660;15-11-2024;11;15;46;4;4;1;0
2024-11-15 05:00:00+01:00;7661;15-11-2024;11;15;46;4;5;1;0
2024-11-15 06:00:00+01:00;7662;15-11-2024;11;15;46;4;6;1;0
2024-11-15 07:00:00+01:00;7663;15-11-2024;11;15;46;4;7;1;0
2024-11-15 08:00:00+01:00;7664;15-11-2024;11;15;46;4;8;1;60
2024-11-15 09:00:00+01:00;7665;15-11-2024;11;15;46;4;9;1;60
2024-11-15 10:00:00+01:00;7666;15-11-2024;11;15;46;4;10;1;90
2024-11-15 11:00:00+01:00;7667;15-11-2024;11;15;46;4;11;1;90
2024-11-15 12:00:00+01:00;7668;15-11-2024;11;15;46;4;12;1;50
2024-11-15 13:00:00+01:00;7669;15-11-2024;11;15;46;4;13;1;50
2024-11-15 14:00:00+01:00;7670;15-11-2024;11;15;46;4;14;1;80
2024-11-15 15:00:00+01:00;7671;15-11-2024;11;15;46;4;15;1;80
2024-11-15 16:00:00+01:00;7672;15-11-2024;11;15;46;4;16;1;80
2024-11-15 17:00:00+01:00;7673;15-11-2024;11;15;46;4;17;1;50
2024-11-15 18:00:00+01:00;7674;15-11-2024;11;15;46;4;18;1;42
2024-11-15 19:00:00+01:00;7675;15-11-2024;11;15;46;4;19;1;33
2024-11-15 20:00:00+01:00;7676;15-11-2024;11;15;46;4;20;1;25
2024-11-15 21:00:00+01:00;7677;15-11-2024;11;15;46;4;21;1;17
2024-11-15 22:00:00+01:00;7678;15-11-2024;11;15;46;4;22;1;8
2024-11-15 23:00:00+01:00;7679;15-11-2024;11;15;46;4;23;1;0
2024-11-16 00:00:00+01:00;7680;16-11-2024;11;16;46;5;0;2;0
2024-11-16 01:00:00+01:00;7681;16-11-2024;11;16;46;5;1;2;0
2024-11-16 02:00:00+01:00;7682;16-11-2024;11;16;46;5;2;2;0
2024-11-16 03:00:00+01:00;7683;16-11-2024;11;16;46;5;3;2;0
2024-11-16 04:00:00+01:00;7684;16-11-2024;11;16;46;5;4;2;0
2024-11-16 05:00:00+01:00;7685;16-11-2024;11;16;46;5;5;2;0
2024-11-16 06:00:00+01:00;7686;16-11-2024;11;16;46;5;6;2;0
2024-11-16 07:00:00+01:00;7687;16-11-2024;11;16;46;5;7;2;0
2024-11-16 08:00:00+01:00;7688;16-11-2024;11;16;46;5;8;2;0
2024-11-16 09:00:00+01:00;7689;16-11-2024;11;16;46;5;9;2;0
2024-11-16 10:00:00+01:00;7690;16-11-2024;11;16;46;5;10;2;50
2024-11-16 11:00:00+01:00;7691;16-11-2024;11;16;46;5;11;2;50
2024-11-16 12:00:00+01:00;7692;16-11-2024;11;16;46;5;12;2;30
2024-11-16 13:00:00+01:00;7693;16-11-2024;11;16;46;5;13;2;30
2024-11-16 14:00:00+01:00;7694;16-11-2024;11;16;46;5;14;2;50
2024-11-16 15:00:00+01:00;7695;16-11-2024;11;16;46;5;15;2;50
2024-11-16 16:00:00+01:00;7696;16-11-2024;11;16;46;5;16;2;50
2024-11-16 17:00:00+01:00;7697;16-11-2024;11;16;46;5;17;2;0
2024-11-16 18:00:00+01:00;7698;16-11-2024;11;16;46;5;18;2;0
2024-11-16 19:00:00+01:00;7699;16-11-2024;11;16;46;5;19;2;0
2024-11-16 20:00:00+01:00;7700;16-11-2024;11;16;46;5;20;2;0
2024-11-16 21:00:00+01:00;7701;16-11-2024;11;16;46;5;21;2;0
2024-11-16 22:00:00+01:00;7702;16-11-2024;11;16;46;5;22;2;0
2024-11-16 23:00:00+01:00;7703;16-11-2024;11;16;46;5;23;2;0
2024-11-17 00:00:00+01:00;7704;17-11-2024;11;17;46;6;0;3;0
2024-11-17 01:00:00+01:00;7705;17-11-2024;11;17;46;6;1;3;0
2024-11-17 02:00:00+01:00;7706;17-11-2024;11;17;46;6;2;3;0
2024-11-17 03:00:00+01:00;7707;17-11-2024;11;17;46;6;3;3;0
2024-11-17 04:00:00+01:00;7708;17-11-2024;11;17;46;6;4;3;0
2024-11-17 05:00:00+01:00;7709;17-11-2024;11;17;46;6;5;3;0
2024-11-17 06:00:00+01:00;7710;17-11-2024;11;17;46;6;6;3;0
2024-11-17 07:00:00+01:00;7711;17-11-2024;11;17;46;6;7;3;0
2024-11-17 08:00:00+01:00;7712;17-11-2024;11;17;46;6;8;3;0
2024-11-17 09:00:00+01:00;7713;17-11-2024;11;17;46;6;9;3;0
2024-11-17 10:00:00+01:00;7714;17-11-2024;11;17;46;6;10;3;0
2024-11-17 11:00:00+01:00;7715;17-11-2024;11;17;46;6;11;3;0
2024-11-17 12:00:00+01:00;7716;17-11-2024;11;17;46;6;12;3;0
2024-11-17 13:00:00+01:00;7717;17-11-2024;11;17;46;6;13;3;0
2024-11-17 14:00:00+01:00;7718;17-11-2024;11;17;46;6;14;3;0
2024-11-17 15:00:00+01:00;7719;17-11-2024;11;17;46;6;15;3;0
2024-11-17 16:00:00+01:00;7720;17-11-2024;11;17;46;6;16;3;0
2024-11-17 17:00:00+01:00;7721;17-11-2024;11;17;46;6;17;3;0
2024-11-17 18:00:00+01:00;7722;17-11-2024;11;17;46;6;18;3;0
2024-11-17 19:00:00+01:00;7723;17-11-2024;11;17;46;6;19;3;0
2024-11-17 20:00:00+01:00;7724;17-11-2024;11;17;46;6;20;3;0
2024-11-17 21:00:00+01:00;7725;17-11-2024;11;17;46;6;21;3;0
2024-11-17 22:00:00+01:00;7726;17-11-2024;11;17;46;6;22;3;0
2024-11-17 23:00:00+01:00;7727;17-11-2024;11;17;46;6;23;3;0
2024-11-18 00:00:00+01:00;7728;18-11-2024;11;18;47;0;0;1;0
2024-11-18 01:00:00+01:00;7729;18-11-2024;11;18;47;0;1;1;0
2024-11-18 02:00:00+01:00;7730;18-11-2024;11;18;47;0;2;1;0
2024-11-18 03:00:00+01:00;7731;18-11-2024;11;18;47;0;3;1;0
2024-11-18 04:00:00+01:00;7732;18-11-2024;11;18;47;0;4;1;0
2024-11-18 05:00:00+01:00;7733;18-11-2024;11;18;47;0;5;1;0
2024-11-18 06:00:00+01:00;7734;18-11-2024;11;18;47;0;6;1;0
2024-11-18 07:00:00+01:00;7735;18-11-2024;11;18;47;0;7;1;0
2024-11-18 08:00:00+01:00;7736;18-11-2024;11;18;47;0;8;1;60
2024-11-18 09:00:00+01:00;7737;18-11-2024;11;18;47;0;9;1;60
2024-11-18 10:00:00+01:00;7738;18-11-2024;11;18;47;0;10;1;90
2024-11-18 11:00:00+01:00;7739;18-11-2024;11;18;47;0;11;1;90
2024-11-18 12:00:00+01:00;7740;18-11-2024;11;18;47;0;12;1;50
2024-11-18 13:00:00+01:00;7741;18-11-2024;11;18;47;0;13;1;50
2024-11-18 14:00:00+01:00;7742;18-11-2024;11;18;47;0;14;1;80
2024-11-18 15:00:00+01:00;7743;18-11-2024;11;18;47;0;15;1;80
2024-11-18 16:00:00+01:00;7744;18-11-2024;11;18;47;0;16;1;80
2024-11-18 17:00:00+01:00;7745;18-11-2024;11;18;47;0;17;1;50
2024-11-18 18:00:00+01:00;7746;18-11-2024;11;18;47;0;18;1;42
2024-11-18 19:00:00+01:00;7747;18-11-2024;11;18;47;0;19;1;33
2024-11-18 20:00:00+01:00;7748;18-11-2024;11;18;47;0;20;1;25
2024-11-18 21:00:00+01:00;7749;18-11-2024;11;18;47;0;21;1;17
2024-11-18 22:00:00+01:00;7750;18-11-2024;11;18;47;0;22;1;8
2024-11-18 23:00:00+01:00;7751;18-11-2024;11;18;47;0;23;1;0
2024-11-19 00:00:00+01:00;7752;19-11-2024;11;19;47;1;0;1;0
2024-11-19 01:00:00+01:00;7753;19-11-2024;11;19;47;1;1;1;0
2024-11-19 02:00:00+01:00;7754;19-11-2024;11;19;47;1;2;1;0
2024-11-19 03:00:00+01:00;7755;19-11-2024;11;19;47;1;3;1;0
2024-11-19 04:00:00+01:00;7756;19-11-2024;11;19;47;1;4;1;0
2024-11-19 05:00:00+01:00;7757;19-11-2024;11;19;47;1;5;1;0
2024-11-19 06:00:00+01:00;7758;19-11-2024;11;19;47;1;6;1;0
2024-11-19 07:00:00+01:00;7759;19-11-2024;11;19;47;1;7;1;0
2024-11-19 08:00:00+01:00;7760;19-11-2024;11;19;47;1;8;1;60
2024-11-19 09:00:00+01:00;7761;19-11-2024;11;19;47;1;9;1;60
2024-11-19 10:00:00+01:00;7762;19-11-2024;11;19;47;1;10;1;90
2024-11-19 11:00:00+01:00;7763;19-11-2024;11;19;47;1;11;1;90
2024-11-19 12:00:00+01:00;7764;19-11-2024;11;19;47;1;12;1;50
2024-11-19 13:00:00+01:00;7765;19-11-2024;11;19;47;1;13;1;50
2024-11-19 14:00:00+01:00;7766;19-11-2024;11;19;47;1;14;1;80
2024-11-19 15:00:00+01:00;7767;19-11-2024;11;19;47;1;15;1;80
2024-11-19 16:00:00+01:00;7768;19-11-2024;11;19;47;1;16;1;80
2024-11-19 17:00:00+01:00;7769;19-11-2024;11;19;47;1;17;1;50
2024-11-19 18:00:00+01:00;7770;19-11-2024;11;19;47;1;18;1;42
2024-11-19 19:00:00+01:00;7771;19-11-2024;11;19;47;1;19;1;33
2024-11-19 20:00:00+01:00;7772;19-11-2024;11;19;47;1;20;1;25
2024-11-19 21:00:00+01:00;7773;19-11-2024;11;19;47;1;21;1;17
2024-11-19 22:00:00+01:00;7774;19-11-2024;11;19;47;1;22;1;8
2024-11-19 23:00:00+01:00;7775;19-11-2024;11;19;47;1;23;1;0
2024-11-20 00:00:00+01:00;7776;20-11-2024;11;20;47;2;0;1;0
2024-11-20 01:00:00+01:00;7777;20-11-2024;11;20;47;2;1;1;0
2024-11-20 02:00:00+01:00;7778;20-11-2024;11;20;47;2;2;1;0
2024-11-20 03:00:00+01:00;7779;20-11-2024;11;20;47;2;3;1;0
2024-11-20 04:00:00+01:00;7780;20-11-2024;11;20;47;2;4;1;0
2024-11-20 05:00:00+01:00;7781;20-11-2024;11;20;47;2;5;1;0
2024-11-20 06:00:00+01:00;7782;20-11-2024;11;20;47;2;6;1;0
2024-11-20 07:00:00+01:00;7783;20-11-2024;11;20;47;2;7;1;0
2024-11-20 08:00:00+01:00;7784;20-11-2024;11;20;47;2;8;1;60
2024-11-20 09:00:00+01:00;7785;20-11-2024;11;20;47;2;9;1;60
2024-11-20 10:00:00+01:00;7786;20-11-2024;11;20;47;2;10;1;90
2024-11-20 11:00:00+01:00;7787;20-11-2024;11;20;47;2;11;1;90
2024-11-20 12:00:00+01:00;7788;20-11-2024;11;20;47;2;12;1;50
2024-11-20 13:00:00+01:00;7789;20-11-2024;11;20;47;2;13;1;50
2024-11-20 14:00:00+01:00;7790;20-11-2024;11;20;47;2;14;1;80
2024-11-20 15:00:00+01:00;7791;20-11-2024;11;20;47;2;15;1;80
2024-11-20 16:00:00+01:00;7792;20-11-2024;11;20;47;2;16;1;80
2024-11-20 17:00:00+01:00;7793;20-11-2024;11;20;47;2;17;1;50
2024-11-20 18:00:00+01:00;7794;20-11-2024;11;20;47;2;18;1;42
2024-11-20 19:00:00+01:00;7795;20-11-2024;11;20;47;2;19;1;33
2024-11-20 20:00:00+01:00;7796;20-11-2024;11;20;47;2;20;1;25
2024-11-20 21:00:00+01:00;7797;20-11-2024;11;20;47;2;21;1;17
2024-11-20 22:00:00+01:00;7798;20-11-2024;11;20;47;2;22;1;8
2024-11-20 23:00:00+01:00;7799;20-11-2024;11;20;47;2;23;1;0
2024-11-21 00:00:00+01:00;7800;21-11-2024;11;21;47;3;0;1;0
2024-11-21 01:00:00+01:00;7801;21-11-2024;11;21;47;3;1;1;0
2024-11-21 02:00:00+01:00;7802;21-11-2024;11;21;47;3;2;1;0
2024-11-21 03:00:00+01:00;7803;21-11-2024;11;21;47;3;3;1;0
2024-11-21 04:00:00+01:00;7804;21-11-2024;11;21;47;3;4;1;0
2024-11-21 05:00:00+01:00;7805;21-11-2024;11;21;47;3;5;1;0
2024-11-21 06:00:00+01:00;7806;21-11-2024;11;21;47;3;6;1;0
2024-11-21 07:00:00+01:00;7807;21-11-2024;11;21;47;3;7;1;0
2024-11-21 08:00:00+01:00;7808;21-11-2024;11;21;47;3;8;1;60
2024-11-21 09:00:00+01:00;7809;21-11-2024;11;21;47;3;9;1;60
2024-11-21 10:00:00+01:00;7810;21-11-2024;11;21;47;3;10;1;90
2024-11-21 11:00:00+01:00;7811;21-11-2024;11;21;47;3;11;1;90
2024-11-21 12:00:00+01:00;7812;21-11-2024;11;21;47;3;12;1;50
2024-11-21 13:00:00+01:00;7813;21-11-2024;11;21;47;3;13;1;50
2024-11-21 14:00:00+01:00;7814;21-11-2024;11;21;47;3;14;1;80
2024-11-21 15:00:00+01:00;7815;21-11-2024;11;21;47;3;15;1;80
2024-11-21 16:00:00+01:00;7816;21-11-2024;11;21;47;3;16;1;80
2024-11-21 17:00:00+01:00;7817;21-11-2024;11;21;47;3;17;1;50
2024-11-21 18:00:00+01:00;7818;21-11-2024;11;21;47;3;18;1;42
2024-11-21 19:00:00+01:00;7819;21-11-2024;11;21;47;3;19;1;33
2024-11-21 20:00:00+01:00;7820;21-11-2024;11;21;47;3;20;1;25
2024-11-21 21:00:00+01:00;7821;21-11-2024;11;21;47;3;21;1;17
2024-11-21 22:00:00+01:00;7822;21-11-2024;11;21;47;3;22;1;8
2024-11-21 23:00:00+01:00;7823;21-11-2024;11;21;47;3;23;1;0
2024-11-22 00:00:00+01:00;7824;22-11-2024;11;22;47;4;0;1;0
2024-11-22 01:00:00+01:00;7825;22-11-2024;11;22;47;4;1;1;0
2024-11-22 02:00:00+01:00;7826;22-11-2024;11;22;47;4;2;1;0
2024-11-22 03:00:00+01:00;7827;22-11-2024;11;22;47;4;3;1;0
2024-11-22 04:00:00+01:00;7828;22-11-2024;11;22;47;4;4;1;0
2024-11-22 05:00:00+01:00;7829;22-11-2024;11;22;47;4;5;1;0
2024-11-22 06:00:00+01:00;7830;22-11-2024;11;22;47;4;6;1;0
2024-11-22 07:00:00+01:00;7831;22-11-2024;11;22;47;4;7;1;0
2024-11-22 08:00:00+01:00;7832;22-11-2024;11;22;47;4;8;1;60
2024-11-22 09:00:00+01:00;7833;22-11-2024;11;22;47;4;9;1;60
2024-11-22 10:00:00+01:00;7834;22-11-2024;11;22;47;4;10;1;90
2024-11-22 11:00:00+01:00;7835;22-11-2024;11;22;47;4;11;1;90
2024-11-22 12:00:00+01:00;7836;22-11-2024;11;22;47;4;12;1;50
2024-11-22 13:00:00+01:00;7837;22-11-2024;11;22;47;4;13;1;50
2024-11-22 14:00:00+01:00;7838;22-11-2024;11;22;47;4;14;1;80
2024-11-22 15:00:00+01:00;7839;22-11-2024;11;22;47;4;15;1;80
2024-11-22 16:00:00+01:00;7840;22-11-2024;11;22;47;4;16;1;80
2024-11-22 17:00:00+01:00;7841;22-11-2024;11;22;47;4;17;1;50
2024-11-22 18:00:00+01:00;7842;22-11-2024;11;22;47;4;18;1;42
2024-11-22 19:00:00+01:00;7843;22-11-2024;11;22;47;4;19;1;33
2024-11-22 20:00:00+01:00;7844;22-11-2024;11;22;47;4;20;1;25
2024-11-22 21:00:00+01:00;7845;22-11-2024;11;22;47;4;21;1;17
2024-11-22 22:00:00+01:00;7846;22-11-2024;11;22;47;4;22;1;8
2024-11-22 23:00:00+01:00;7847;22-11-2024;11;22;47;4;23;1;0
2024-11-23 00:00:00+01:00;7848;23-11-2024;11;23;47;5;0;2;0
2024-11-23 01:00:00+01:00;7849;23-11-2024;11;23;47;5;1;2;0
2024-11-23 02:00:00+01:00;7850;23-11-2024;11;23;47;5;2;2;0
2024-11-23 03:00:00+01:00;7851;23-11-2024;11;23;47;5;3;2;0
2024-11-23 04:00:00+01:00;7852;23-11-2024;11;23;47;5;4;2;0
2024-11-23 05:00:00+01:00;7853;23-11-2024;11;23;47;5;5;2;0
2024-11-23 06:00:00+01:00;7854;23-11-2024;11;23;47;5;6;2;0
2024-11-23 07:00:00+01:00;7855;23-11-2024;11;23;47;5;7;2;0
2024-11-23 08:00:00+01:00;7856;23-11-2024;11;23;47;5;8;2;0
2024-11-23 09:00:00+01:00;7857;23-11-2024;11;23;47;5;9;2;0
2024-11-23 10:00:00+01:00;7858;23-11-2024;11;23;47;5;10;2;50
2024-11-23 11:00:00+01:00;7859;23-11-2024;11;23;47;5;11;2;50
2024-11-23 12:00:00+01:00;7860;23-11-2024;11;23;47;5;12;2;30
2024-11-23 13:00:00+01:00;7861;23-11-2024;11;23;47;5;13;2;30
2024-11-23 14:00:00+01:00;7862;23-11-2024;11;23;47;5;14;2;50
2024-11-23 15:00:00+01:00;7863;23-11-2024;11;23;47;5;15;2;50
2024-11-23 16:00:00+01:00;7864;23-11-2024;11;23;47;5;16;2;50
2024-11-23 17:00:00+01:00;7865;23-11-2024;11;23;47;5;17;2;0
2024-11-23 18:00:00+01:00;7866;23-11-2024;11;23;47;5;18;2;0
2024-11-23 19:00:00+01:00;7867;23-11-2024;11;23;47;5;19;2;0
2024-11-23 20:00:00+01:00;7868;23-11-2024;11;23;47;5;20;2;0
2024-11-23 21:00:00+01:00;7869;23-11-2024;11;23;47;5;21;2;0
2024-11-23 22:00:00+01:00;7870;23-11-2024;11;23;47;5;22;2;0
2024-11-23 23:00:00+01:00;7871;23-11-2024;11;23;47;5;23;2;0
2024-11-24 00:00:00+01:00;7872;24-11-2024;11;24;47;6;0;3;0
2024-11-24 01:00:00+01:00;7873;24-11-2024;11;24;47;6;1;3;0
2024-11-24 02:00:00+01:00;7874;24-11-2024;11;24;47;6;2;3;0
2024-11-24 03:00:00+01:00;7875;24-11-2024;11;24;47;6;3;3;0
2024-11-24 04:00:00+01:00;7876;24-11-2024;11;24;47;6;4;3;0
2024-11-24 05:00:00+01:00;7877;24-11-2024;11;24;47;6;5;3;0
2024-11-24 06:00:00+01:00;7878;24-11-2024;11;24;47;6;6;3;0
2024-11-24 07:00:00+01:00;7879;24-11-2024;11;24;47;6;7;3;0
2024-11-24 08:00:00+01:00;7880;24-11-2024;11;24;47;6;8;3;0
2024-11-24 09:00:00+01:00;7881;24-11-2024;11;24;47;6;9;3;0
2024-11-24 10:00:00+01:00;7882;24-11-2024;11;24;47;6;10;3;0
2024-11-24 11:00:00+01:00;7883;24-11-2024;11;24;47;6;11;3;0
2024-11-24 12:00:00+01:00;7884;24-11-2024;11;24;47;6;12;3;0
2024-11-24 13:00:00+01:00;7885;24-11-2024;11;24;47;6;13;3;0
2024-11-24 14:00:00+01:00;7886;24-11-2024;11;24;47;6;14;3;0
2024-11-24 15:00:00+01:00;7887;24-11-2024;11;24;47;6;15;3;0
2024-11-24 16:00:00+01:00;7888;24-11-2024;11;24;47;6;16;3;0
2024-11-24 17:00:00+01:00;7889;24-11-2024;11;24;47;6;17;3;0
2024-11-24 18:00:00+01:00;7890;24-11-2024;11;24;47;6;18;3;0
2024-11-24 19:00:00+01:00;7891;24-11-2024;11;24;47;6;19;3;0
2024-11-24 20:00:00+01:00;7892;24-11-2024;11;24;47;6;20;3;0
2024-11-24 21:00:00+01:00;7893;24-11-2024;11;24;47;6;21;3;0
2024-11-24 22:00:00+01:00;7894;24-11-2024;11;24;47;6;22;3;0
2024-11-24 23:00:00+01:00;7895;24-11-2024;11;24;47;6;23;3;0
2024-11-25 00:00:00+01:00;7896;25-11-2024;11;25;48;0;0;1;0
2024-11-25 01:00:00+01:00;7897;25-11-2024;11;25;48;0;1;1;0
2024-11-25 02:00:00+01:00;7898;25-11-2024;11;25;48;0;2;1;0
2024-11-25 03:00:00+01:00;7899;25-11-2024;11;25;48;0;3;1;0
2024-11-25 04:00:00+01:00;7900;25-11-2024;11;25;48;0;4;1;0
2024-11-25 05:00:00+01:00;7901;25-11-2024;11;25;48;0;5;1;0
2024-11-25 06:00:00+01:00;7902;25-11-2024;11;25;48;0;6;1;0
2024-11-25 07:00:00+01:00;7903;25-11-2024;11;25;48;0;7;1;0
2024-11-25 08:00:00+01:00;7904;25-11-2024;11;25;48;0;8;1;60
2024-11-25 09:00:00+01:00;7905;25-11-2024;11;25;48;0;9;1;60
2024-11-25 10:00:00+01:00;7906;25-11-2024;11;25;48;0;10;1;90
2024-11-25 11:00:00+01:00;7907;25-11-2024;11;25;48;0;11;1;90
2024-11-25 12:00:00+01:00;7908;25-11-2024;11;25;48;0;12;1;50
2024-11-25 13:00:00+01:00;7909;25-11-2024;11;25;48;0;13;1;50
2024-11-25 14:00:00+01:00;7910;25-11-2024;11;25;48;0;14;1;80
2024-11-25 15:00:00+01:00;7911;25-11-2024;11;25;48;0;15;1;80
2024-11-25 16:00:00+01:00;7912;25-11-2024;11;25;48;0;16;1;80
2024-11-25 17:00:00+01:00;7913;25-11-2024;11;25;48;0;17;1;50
2024-11-25 18:00:00+01:00;7914;25-11-2024;11;25;48;0;18;1;42
2024-11-25 19:00:00+01:00;7915;25-11-2024;11;25;48;0;19;1;33
2024-11-25 20:00:00+01:00;7916;25-11-2024;11;25;48;0;20;1;25
2024-11-25 21:00:00+01:00;7917;25-11-2024;11;25;48;0;21;1;17
2024-11-25 22:00:00+01:00;7918;25-11-2024;11;25;48;0;22;1;8
2024-11-25 23:00:00+01:00;7919;25-11-2024;11;25;48;0;23;1;0
2024-11-26 00:00:00+01:00;7920;26-11-2024;11;26;48;1;0;1;0
2024-11-26 01:00:00+01:00;7921;26-11-2024;11;26;48;1;1;1;0
2024-11-26 02:00:00+01:00;7922;26-11-2024;11;26;48;1;2;1;0
2024-11-26 03:00:00+01:00;7923;26-11-2024;11;26;48;1;3;1;0
2024-11-26 04:00:00+01:00;7924;26-11-2024;11;26;48;1;4;1;0
2024-11-26 05:00:00+01:00;7925;26-11-2024;11;26;48;1;5;1;0
2024-11-26 06:00:00+01:00;7926;26-11-2024;11;26;48;1;6;1;0
2024-11-26 07:00:00+01:00;7927;26-11-2024;11;26;48;1;7;1;0
2024-11-26 08:00:00+01:00;7928;26-11-2024;11;26;48;1;8;1;60
2024-11-26 09:00:00+01:00;7929;26-11-2024;11;26;48;1;9;1;60
2024-11-26 10:00:00+01:00;7930;26-11-2024;11;26;48;1;10;1;90
2024-11-26 11:00:00+01:00;7931;26-11-2024;11;26;48;1;11;1;90
2024-11-26 12:00:00+01:00;7932;26-11-2024;11;26;48;1;12;1;50
2024-11-26 13:00:00+01:00;7933;26-11-2024;11;26;48;1;13;1;50
2024-11-26 14:00:00+01:00;7934;26-11-2024;11;26;48;1;14;1;80
2024-11-26 15:00:00+01:00;7935;26-11-2024;11;26;48;1;15;1;80
2024-11-26 16:00:00+01:00;7936;26-11-2024;11;26;48;1;16;1;80
2024-11-26 17:00:00+01:00;7937;26-11-2024;11;26;48;1;17;1;50
2024-11-26 18:00:00+01:00;7938;26-11-2024;11;26;48;1;18;1;42
2024-11-26 19:00:00+01:00;7939;26-11-2024;11;26;48;1;19;1;33
2024-11-26 20:00:00+01:00;7940;26-11-2024;11;26;48;1;20;1;25
2024-11-26 21:00:00+01:00;7941;26-11-2024;11;26;48;1;21;1;17
2024-11-26 22:00:00+01:00;7942;26-11-2024;11;26;48;1;22;1;8
2024-11-26 23:00:00+01:00;7943;26-11-2024;11;26;48;1;23;1;0
2024-11-27 00:00:00+01:00;7944;27-11-2024;11;27;48;2;0;1;0
2024-11-27 01:00:00+01:00;7945;27-11-2024;11;27;48;2;1;1;0
2024-11-27 02:00:00+01:00;7946;27-11-2024;11;27;48;2;2;1;0
2024-11-27 03:00:00+01:00;7947;27-11-2024;11;27;48;2;3;1;0
2024-11-27 04:00:00+01:00;7948;27-11-2024;11;27;48;2;4;1;0
2024-11-27 05:00:00+01:00;7949;27-11-2024;11;27;48;2;5;1;0
2024-11-27 06:00:00+01:00;7950;27-11-2024;11;27;48;2;6;1;0
2024-11-27 07:00:00+01:00;7951;27-11-2024;11;27;48;2;7;1;0
2024-11-27 08:00:00+01:00;7952;27-11-2024;11;27;48;2;8;1;60
2024-11-27 09:00:00+01:00;7953;27-11-2024;11;27;48;2;9;1;60
2024-11-27 10:00:00+01:00;7954;27-11-2024;11;27;48;2;10;1;90
2024-11-27 11:00:00+01:00;7955;27-11-2024;11;27;48;2;11;1;90
2024-11-27 12:00:00+01:00;7956;27-11-2024;11;27;48;2;12;1;50
2024-11-27 13:00:00+01:00;7957;27-11-2024;11;27;48;2;13;1;50
2024-11-27 14:00:00+01:00;7958;27-11-2024;11;27;48;2;14;1;80
2024-11-27 15:00:00+01:00;7959;27-11-2024;11;27;48;2;15;1;80
2024-11-27 16:00:00+01:00;7960;27-11-2024;11;27;48;2;16;1;80
2024-11-27 17:00:00+01:00;7961;27-11-2024;11;27;48;2;17;1;50
2024-11-27 18:00:00+01:00;7962;27-11-2024;11;27;48;2;18;1;42
2024-11-27 19:00:00+01:00;7963;27-11-2024;11;27;48;2;19;1;33
2024-11-27 20:00:00+01:00;7964;27-11-2024;11;27;48;2;20;1;25
2024-11-27 21:00:00+01:00;7965;27-11-2024;11;27;48;2;21;1;17
2024-11-27 22:00:00+01:00;7966;27-11-2024;11;27;48;2;22;1;8
2024-11-27 23:00:00+01:00;7967;27-11-2024;11;27;48;2;23;1;0
2024-11-28 00:00:00+01:00;7968;28-11-2024;11;28;48;3;0;1;0
2024-11-28 01:00:00+01:00;7969;28-11-2024;11;28;48;3;1;1;0
2024-11-28 02:00:00+01:00;7970;28-11-2024;11;28;48;3;2;1;0
2024-11-28 03:00:00+01:00;7971;28-11-2024;11;28;48;3;3;1;0
2024-11-28 04:00:00+01:00;7972;28-11-2024;11;28;48;3;4;1;0
2024-11-28 05:00:00+01:00;7973;28-11-2024;11;28;48;3;5;1;0
2024-11-28 06:00:00+01:00;7974;28-11-2024;11;28;48;3;6;1;0
2024-11-28 07:00:00+01:00;7975;28-11-2024;11;28;48;3;7;1;0
2024-11-28 08:00:00+01:00;7976;28-11-2024;11;28;48;3;8;1;60
2024-11-28 09:00:00+01:00;7977;28-11-2024;11;28;48;3;9;1;60
2024-11-28 10:00:00+01:00;7978;28-11-2024;11;28;48;3;10;1;90
2024-11-28 11:00:00+01:00;7979;28-11-2024;11;28;48;3;11;1;90
2024-11-28 12:00:00+01:00;7980;28-11-2024;11;28;48;3;12;1;50
2024-11-28 13:00:00+01:00;7981;28-11-2024;11;28;48;3;13;1;50
2024-11-28 14:00:00+01:00;7982;28-11-2024;11;28;48;3;14;1;80
2024-11-28 15:00:00+01:00;7983;28-11-2024;11;28;48;3;15;1;80
2024-11-28 16:00:00+01:00;7984;28-11-2024;11;28;48;3;16;1;80
2024-11-28 17:00:00+01:00;7985;28-11-2024;11;28;48;3;17;1;50
2024-11-28 18:00:00+01:00;7986;28-11-2024;11;28;48;3;18;1;42
2024-11-28 19:00:00+01:00;7987;28-11-2024;11;28;48;3;19;1;33
2024-11-28 20:00:00+01:00;7988;28-11-2024;11;28;48;3;20;1;25
2024-11-28 21:00:00+01:00;7989;28-11-2024;11;28;48;3;21;1;17
2024-11-28 22:00:00+01:00;7990;28-11-2024;11;28;48;3;22;1;8
2024-11-28 23:00:00+01:00;7991;28-11-2024;11;28;48;3;23;1;0
2024-11-29 00:00:00+01:00;7992;29-11-2024;11;29;48;4;0;1;0
2024-11-29 01:00:00+01:00;7993;29-11-2024;11;29;48;4;1;1;0
2024-11-29 02:00:00+01:00;7994;29-11-2024;11;29;48;4;2;1;0
2024-11-29 03:00:00+01:00;7995;29-11-2024;11;29;48;4;3;1;0
2024-11-29 04:00:00+01:00;7996;29-11-2024;11;29;48;4;4;1;0
2024-11-29 05:00:00+01:00;7997;29-11-2024;11;29;48;4;5;1;0
2024-11-29 06:00:00+01:00;7998;29-11-2024;11;29;48;4;6;1;0
2024-11-29 07:00:00+01:00;7999;29-11-2024;11;29;48;4;7;1;0
2024-11-29 08:00:00+01:00;8000;29-11-2024;11;29;48;4;8;1;60
2024-11-29 09:00:00+01:00;8001;29-11-2024;11;29;48;4;9;1;60
2024-11-29 10:00:00+01:00;8002;29-11-2024;11;29;48;4;10;1;90
2024-11-29 11:00:00+01:00;8003;29-11-2024;11;29;48;4;11;1;90
2024-11-29 12:00:00+01:00;8004;29-11-2024;11;29;48;4;12;1;50
2024-11-29 13:00:00+01:00;8005;29-11-2024;11;29;48;4;13;1;50
2024-11-29 14:00:00+01:00;8006;29-11-2024;11;29;48;4;14;1;80
2024-11-29 15:00:00+01:00;8007;29-11-2024;11;29;48;4;15;1;80
2024-11-29 16:00:00+01:00;8008;29-11-2024;11;29;48;4;16;1;80
2024-11-29 17:00:00+01:00;8009;29-11-2024;11;29;48;4;17;1;50
2024-11-29 18:00:00+01:00;8010;29-11-2024;11;29;48;4;18;1;42
2024-11-29 19:00:00+01:00;8011;29-11-2024;11;29;48;4;19;1;33
2024-11-29 20:00:00+01:00;8012;29-11-2024;11;29;48;4;20;1;25
2024-11-29 21:00:00+01:00;8013;29-11-2024;11;29;48;4;21;1;17
2024-11-29 22:00:00+01:00;8014;29-11-2024;11;29;48;4;22;1;8
2024-11-29 23:00:00+01:00;8015;29-11-2024;11;29;48;4;23;1;0
2024-11-30 00:00:00+01:00;8016;30-11-2024;11;30;48;5;0;2;0
2024-11-30 01:00:00+01:00;8017;30-11-2024;11;30;48;5;1;2;0
2024-11-30 02:00:00+01:00;8018;30-11-2024;11;30;48;5;2;2;0
2024-11-30 03:00:00+01:00;8019;30-11-2024;11;30;48;5;3;2;0
2024-11-30 04:00:00+01:00;8020;30-11-2024;11;30;48;5;4;2;0
2024-11-30 05:00:00+01:00;8021;30-11-2024;11;30;48;5;5;2;0
2024-11-30 06:00:00+01:00;8022;30-11-2024;11;30;48;5;6;2;0
2024-11-30 07:00:00+01:00;8023;30-11-2024;11;30;48;5;7;2;0
2024-11-30 08:00:00+01:00;8024;30-11-2024;11;30;48;5;8;2;0
2024-11-30 09:00:00+01:00;8025;30-11-2024;11;30;48;5;9;2;0
2024-11-30 10:00:00+01:00;8026;30-11-2024;11;30;48;5;10;2;50
2024-11-30 11:00:00+01:00;8027;30-11-2024;11;30;48;5;11;2;50
2024-11-30 12:00:00+01:00;8028;30-11-2024;11;30;48;5;12;2;30
2024-11-30 13:00:00+01:00;8029;30-11-2024;11;30;48;5;13;2;30
2024-11-30 14:00:00+01:00;8030;30-11-2024;11;30;48;5;14;2;50
2024-11-30 15:00:00+01:00;8031;30-11-2024;11;30;48;5;15;2;50
2024-11-30 16:00:00+01:00;8032;30-11-2024;11;30;48;5;16;2;50
2024-11-30 17:00:00+01:00;8033;30-11-2024;11;30;48;5;17;2;0
2024-11-30 18:00:00+01:00;8034;30-11-2024;11;30;48;5;18;2;0
2024-11-30 19:00:00+01:00;8035;30-11-2024;11;30;48;5;19;2;0
2024-11-30 20:00:00+01:00;8036;30-11-2024;11;30;48;5;20;2;0
2024-11-30 21:00:00+01:00;8037;30-11-2024;11;30;48;5;21;2;0
2024-11-30 22:00:00+01:00;8038;30-11-2024;11;30;48;5;22;2;0
2024-11-30 23:00:00+01:00;8039;30-11-2024;11;30;48;5;23;2;0
2024-12-01 00:00:00+01:00;8040;1-12-2024;12;1;48;6;0;3;0
2024-12-01 01:00:00+01:00;8041;1-12-2024;12;1;48;6;1;3;0
2024-12-01 02:00:00+01:00;8042;1-12-2024;12;1;48;6;2;3;0
2024-12-01 03:00:00+01:00;8043;1-12-2024;12;1;48;6;3;3;0
2024-12-01 04:00:00+01:00;8044;1-12-2024;12;1;48;6;4;3;0
2024-12-01 05:00:00+01:00;8045;1-12-2024;12;1;48;6;5;3;0
2024-12-01 06:00:00+01:00;8046;1-12-2024;12;1;48;6;6;3;0
2024-12-01 07:00:00+01:00;8047;1-12-2024;12;1;48;6;7;3;0
2024-12-01 08:00:00+01:00;8048;1-12-2024;12;1;48;6;8;3;0
2024-12-01 09:00:00+01:00;8049;1-12-2024;12;1;48;6;9;3;0
2024-12-01 10:00:00+01:00;8050;1-12-2024;12;1;48;6;10;3;0
2024-12-01 11:00:00+01:00;8051;1-12-2024;12;1;48;6;11;3;0
2024-12-01 12:00:00+01:00;8052;1-12-2024;12;1;48;6;12;3;0
2024-12-01 13:00:00+01:00;8053;1-12-2024;12;1;48;6;13;3;0
2024-12-01 14:00:00+01:00;8054;1-12-2024;12;1;48;6;14;3;0
2024-12-01 15:00:00+01:00;8055;1-12-2024;12;1;48;6;15;3;0
2024-12-01 16:00:00+01:00;8056;1-12-2024;12;1;48;6;16;3;0
2024-12-01 17:00:00+01:00;8057;1-12-2024;12;1;48;6;17;3;0
2024-12-01 18:00:00+01:00;8058;1-12-2024;12;1;48;6;18;3;0
2024-12-01 19:00:00+01:00;8059;1-12-2024;12;1;48;6;19;3;0
2024-12-01 20:00:00+01:00;8060;1-12-2024;12;1;48;6;20;3;0
2024-12-01 21:00:00+01:00;8061;1-12-2024;12;1;48;6;21;3;0
2024-12-01 22:00:00+01:00;8062;1-12-2024;12;1;48;6;22;3;0
2024-12-01 23:00:00+01:00;8063;1-12-2024;12;1;48;6;23;3;0
2024-12-02 00:00:00+01:00;8064;2-12-2024;12;2;49;0;0;1;0
2024-12-02 01:00:00+01:00;8065;2-12-2024;12;2;49;0;1;1;0
2024-12-02 02:00:00+01:00;8066;2-12-2024;12;2;49;0;2;1;0
2024-12-02 03:00:00+01:00;8067;2-12-2024;12;2;49;0;3;1;0
2024-12-02 04:00:00+01:00;8068;2-12-2024;12;2;49;0;4;1;0
2024-12-02 05:00:00+01:00;8069;2-12-2024;12;2;49;0;5;1;0
2024-12-02 06:00:00+01:00;8070;2-12-2024;12;2;49;0;6;1;0
2024-12-02 07:00:00+01:00;8071;2-12-2024;12;2;49;0;7;1;0
2024-12-02 08:00:00+01:00;8072;2-12-2024;12;2;49;0;8;1;60
2024-12-02 09:00:00+01:00;8073;2-12-2024;12;2;49;0;9;1;60
2024-12-02 10:00:00+01:00;8074;2-12-2024;12;2;49;0;10;1;90
2024-12-02 11:00:00+01:00;8075;2-12-2024;12;2;49;0;11;1;90
2024-12-02 12:00:00+01:00;8076;2-12-2024;12;2;49;0;12;1;50
2024-12-02 13:00:00+01:00;8077;2-12-2024;12;2;49;0;13;1;50
2024-12-02 14:00:00+01:00;8078;2-12-2024;12;2;49;0;14;1;80
2024-12-02 15:00:00+01:00;8079;2-12-2024;12;2;49;0;15;1;80
2024-12-02 16:00:00+01:00;8080;2-12-2024;12;2;49;0;16;1;80
2024-12-02 17:00:00+01:00;8081;2-12-2024;12;2;49;0;17;1;50
2024-12-02 18:00:00+01:00;8082;2-12-2024;12;2;49;0;18;1;42
2024-12-02 19:00:00+01:00;8083;2-12-2024;12;2;49;0;19;1;33
2024-12-02 20:00:00+01:00;8084;2-12-2024;12;2;49;0;20;1;25
2024-12-02 21:00:00+01:00;8085;2-12-2024;12;2;49;0;21;1;17
2024-12-02 22:00:00+01:00;8086;2-12-2024;12;2;49;0;22;1;8
2024-12-02 23:00:00+01:00;8087;2-12-2024;12;2;49;0;23;1;0
2024-12-03 00:00:00+01:00;8088;3-12-2024;12;3;49;1;0;1;0
2024-12-03 01:00:00+01:00;8089;3-12-2024;12;3;49;1;1;1;0
2024-12-03 02:00:00+01:00;8090;3-12-2024;12;3;49;1;2;1;0
2024-12-03 03:00:00+01:00;8091;3-12-2024;12;3;49;1;3;1;0
2024-12-03 04:00:00+01:00;8092;3-12-2024;12;3;49;1;4;1;0
2024-12-03 05:00:00+01:00;8093;3-12-2024;12;3;49;1;5;1;0
2024-12-03 06:00:00+01:00;8094;3-12-2024;12;3;49;1;6;1;0
2024-12-03 07:00:00+01:00;8095;3-12-2024;12;3;49;1;7;1;0
2024-12-03 08:00:00+01:00;8096;3-12-2024;12;3;49;1;8;1;60
2024-12-03 09:00:00+01:00;8097;3-12-2024;12;3;49;1;9;1;60
2024-12-03 10:00:00+01:00;8098;3-12-2024;12;3;49;1;10;1;90
2024-12-03 11:00:00+01:00;8099;3-12-2024;12;3;49;1;11;1;90
2024-12-03 12:00:00+01:00;8100;3-12-2024;12;3;49;1;12;1;50
2024-12-03 13:00:00+01:00;8101;3-12-2024;12;3;49;1;13;1;50
2024-12-03 14:00:00+01:00;8102;3-12-2024;12;3;49;1;14;1;80
2024-12-03 15:00:00+01:00;8103;3-12-2024;12;3;49;1;15;1;80
2024-12-03 16:00:00+01:00;8104;3-12-2024;12;3;49;1;16;1;80
2024-12-03 17:00:00+01:00;8105;3-12-2024;12;3;49;1;17;1;50
2024-12-03 18:00:00+01:00;8106;3-12-2024;12;3;49;1;18;1;42
2024-12-03 19:00:00+01:00;8107;3-12-2024;12;3;49;1;19;1;33
2024-12-03 20:00:00+01:00;8108;3-12-2024;12;3;49;1;20;1;25
2024-12-03 21:00:00+01:00;8109;3-12-2024;12;3;49;1;21;1;17
2024-12-03 22:00:00+01:00;8110;3-12-2024;12;3;49;1;22;1;8
2024-12-03 23:00:00+01:00;8111;3-12-2024;12;3;49;1;23;1;0
2024-12-04 00:00:00+01:00;8112;4-12-2024;12;4;49;2;0;1;0
2024-12-04 01:00:00+01:00;8113;4-12-2024;12;4;49;2;1;1;0
2024-12-04 02:00:00+01:00;8114;4-12-2024;12;4;49;2;2;1;0
2024-12-04 03:00:00+01:00;8115;4-12-2024;12;4;49;2;3;1;0
2024-12-04 04:00:00+01:00;8116;4-12-2024;12;4;49;2;4;1;0
2024-12-04 05:00:00+01:00;8117;4-12-2024;12;4;49;2;5;1;0
2024-12-04 06:00:00+01:00;8118;4-12-2024;12;4;49;2;6;1;0
2024-12-04 07:00:00+01:00;8119;4-12-2024;12;4;49;2;7;1;0
2024-12-04 08:00:00+01:00;8120;4-12-2024;12;4;49;2;8;1;60
2024-12-04 09:00:00+01:00;8121;4-12-2024;12;4;49;2;9;1;60
2024-12-04 10:00:00+01:00;8122;4-12-2024;12;4;49;2;10;1;90
2024-12-04 11:00:00+01:00;8123;4-12-2024;12;4;49;2;11;1;90
2024-12-04 12:00:00+01:00;8124;4-12-2024;12;4;49;2;12;1;50
2024-12-04 13:00:00+01:00;8125;4-12-2024;12;4;49;2;13;1;50
2024-12-04 14:00:00+01:00;8126;4-12-2024;12;4;49;2;14;1;80
2024-12-04 15:00:00+01:00;8127;4-12-2024;12;4;49;2;15;1;80
2024-12-04 16:00:00+01:00;8128;4-12-2024;12;4;49;2;16;1;80
2024-12-04 17:00:00+01:00;8129;4-12-2024;12;4;49;2;17;1;50
2024-12-04 18:00:00+01:00;8130;4-12-2024;12;4;49;2;18;1;42
2024-12-04 19:00:00+01:00;8131;4-12-2024;12;4;49;2;19;1;33
2024-12-04 20:00:00+01:00;8132;4-12-2024;12;4;49;2;20;1;25
2024-12-04 21:00:00+01:00;8133;4-12-2024;12;4;49;2;21;1;17
2024-12-04 22:00:00+01:00;8134;4-12-2024;12;4;49;2;22;1;8
2024-12-04 23:00:00+01:00;8135;4-12-2024;12;4;49;2;23;1;0
2024-12-05 00:00:00+01:00;8136;5-12-2024;12;5;49;3;0;1;0
2024-12-05 01:00:00+01:00;8137;5-12-2024;12;5;49;3;1;1;0
2024-12-05 02:00:00+01:00;8138;5-12-2024;12;5;49;3;2;1;0
2024-12-05 03:00:00+01:00;8139;5-12-2024;12;5;49;3;3;1;0
2024-12-05 04:00:00+01:00;8140;5-12-2024;12;5;49;3;4;1;0
2024-12-05 05:00:00+01:00;8141;5-12-2024;12;5;49;3;5;1;0
2024-12-05 06:00:00+01:00;8142;5-12-2024;12;5;49;3;6;1;0
2024-12-05 07:00:00+01:00;8143;5-12-2024;12;5;49;3;7;1;0
2024-12-05 08:00:00+01:00;8144;5-12-2024;12;5;49;3;8;1;60
2024-12-05 09:00:00+01:00;8145;5-12-2024;12;5;49;3;9;1;60
2024-12-05 10:00:00+01:00;8146;5-12-2024;12;5;49;3;10;1;90
2024-12-05 11:00:00+01:00;8147;5-12-2024;12;5;49;3;11;1;90
2024-12-05 12:00:00+01:00;8148;5-12-2024;12;5;49;3;12;1;50
2024-12-05 13:00:00+01:00;8149;5-12-2024;12;5;49;3;13;1;50
2024-12-05 14:00:00+01:00;8150;5-12-2024;12;5;49;3;14;1;80
2024-12-05 15:00:00+01:00;8151;5-12-2024;12;5;49;3;15;1;80
2024-12-05 16:00:00+01:00;8152;5-12-2024;12;5;49;3;16;1;80
2024-12-05 17:00:00+01:00;8153;5-12-2024;12;5;49;3;17;1;50
2024-12-05 18:00:00+01:00;8154;5-12-2024;12;5;49;3;18;1;42
2024-12-05 19:00:00+01:00;8155;5-12-2024;12;5;49;3;19;1;33
2024-12-05 20:00:00+01:00;8156;5-12-2024;12;5;49;3;20;1;25
2024-12-05 21:00:00+01:00;8157;5-12-2024;12;5;49;3;21;1;17
2024-12-05 22:00:00+01:00;8158;5-12-2024;12;5;49;3;22;1;8
2024-12-05 23:00:00+01:00;8159;5-12-2024;12;5;49;3;23;1;0
2024-12-06 00:00:00+01:00;8160;6-12-2024;12;6;49;4;0;1;0
2024-12-06 01:00:00+01:00;8161;6-12-2024;12;6;49;4;1;1;0
2024-12-06 02:00:00+01:00;8162;6-12-2024;12;6;49;4;2;1;0
2024-12-06 03:00:00+01:00;8163;6-12-2024;12;6;49;4;3;1;0
2024-12-06 04:00:00+01:00;8164;6-12-2024;12;6;49;4;4;1;0
2024-12-06 05:00:00+01:00;8165;6-12-2024;12;6;49;4;5;1;0
2024-12-06 06:00:00+01:00;8166;6-12-2024;12;6;49;4;6;1;0
2024-12-06 07:00:00+01:00;8167;6-12-2024;12;6;49;4;7;1;0
2024-12-06 08:00:00+01:00;8168;6-12-2024;12;6;49;4;8;1;60
2024-12-06 09:00:00+01:00;8169;6-12-2024;12;6;49;4;9;1;60
2024-12-06 10:00:00+01:00;8170;6-12-2024;12;6;49;4;10;1;90
2024-12-06 11:00:00+01:00;8171;6-12-2024;12;6;49;4;11;1;90
2024-12-06 12:00:00+01:00;8172;6-12-2024;12;6;49;4;12;1;50
2024-12-06 13:00:00+01:00;8173;6-12-2024;12;6;49;4;13;1;50
2024-12-06 14:00:00+01:00;8174;6-12-2024;12;6;49;4;14;1;80
2024-12-06 15:00:00+01:00;8175;6-12-2024;12;6;49;4;15;1;80
2024-12-06 16:00:00+01:00;8176;6-12-2024;12;6;49;4;16;1;80
2024-12-06 17:00:00+01:00;8177;6-12-2024;12;6;49;4;17;1;50
2024-12-06 18:00:00+01:00;8178;6-12-2024;12;6;49;4;18;1;42
2024-12-06 19:00:00+01:00;8179;6-12-2024;12;6;49;4;19;1;33
2024-12-06 20:00:00+01:00;8180;6-12-2024;12;6;49;4;20;1;25
2024-12-06 21:00:00+01:00;8181;6-12-2024;12;6;49;4;21;1;17
2024-12-06 22:00:00+01:00;8182;6-12-2024;12;6;49;4;22;1;8
2024-12-06 23:00:00+01:00;8183;6-12-2024;12;6;49;4;23;1;0
2024-12-07 00:00:00+01:00;8184;7-12-2024;12;7;49;5;0;2;0
2024-12-07 01:00:00+01:00;8185;7-12-2024;12;7;49;5;1;2;0
2024-12-07 02:00:00+01:00;8186;7-12-2024;12;7;49;5;2;2;0
2024-12-07 03:00:00+01:00;8187;7-12-2024;12;7;49;5;3;2;0
2024-12-07 04:00:00+01:00;8188;7-12-2024;12;7;49;5;4;2;0
2024-12-07 05:00:00+01:00;8189;7-12-2024;12;7;49;5;5;2;0
2024-12-07 06:00:00+01:00;8190;7-12-2024;12;7;49;5;6;2;0
2024-12-07 07:00:00+01:00;8191;7-12-2024;12;7;49;5;7;2;0
2024-12-07 08:00:00+01:00;8192;7-12-2024;12;7;49;5;8;2;0
2024-12-07 09:00:00+01:00;8193;7-12-2024;12;7;49;5;9;2;0
2024-12-07 10:00:00+01:00;8194;7-12-2024;12;7;49;5;10;2;50
2024-12-07 11:00:00+01:00;8195;7-12-2024;12;7;49;5;11;2;50
2024-12-07 12:00:00+01:00;8196;7-12-2024;12;7;49;5;12;2;30
2024-12-07 13:00:00+01:00;8197;7-12-2024;12;7;49;5;13;2;30
2024-12-07 14:00:00+01:00;8198;7-12-2024;12;7;49;5;14;2;50
2024-12-07 15:00:00+01:00;8199;7-12-2024;12;7;49;5;15;2;50
2024-12-07 16:00:00+01:00;8200;7-12-2024;12;7;49;5;16;2;50
2024-12-07 17:00:00+01:00;8201;7-12-2024;12;7;49;5;17;2;0
2024-12-07 18:00:00+01:00;8202;7-12-2024;12;7;49;5;18;2;0
2024-12-07 19:00:00+01:00;8203;7-12-2024;12;7;49;5;19;2;0
2024-12-07 20:00:00+01:00;8204;7-12-2024;12;7;49;5;20;2;0
2024-12-07 21:00:00+01:00;8205;7-12-2024;12;7;49;5;21;2;0
2024-12-07 22:00:00+01:00;8206;7-12-2024;12;7;49;5;22;2;0
2024-12-07 23:00:00+01:00;8207;7-12-2024;12;7;49;5;23;2;0
2024-12-08 00:00:00+01:00;8208;8-12-2024;12;8;49;6;0;3;0
2024-12-08 01:00:00+01:00;8209;8-12-2024;12;8;49;6;1;3;0
2024-12-08 02:00:00+01:00;8210;8-12-2024;12;8;49;6;2;3;0
2024-12-08 03:00:00+01:00;8211;8-12-2024;12;8;49;6;3;3;0
2024-12-08 04:00:00+01:00;8212;8-12-2024;12;8;49;6;4;3;0
2024-12-08 05:00:00+01:00;8213;8-12-2024;12;8;49;6;5;3;0
2024-12-08 06:00:00+01:00;8214;8-12-2024;12;8;49;6;6;3;0
2024-12-08 07:00:00+01:00;8215;8-12-2024;12;8;49;6;7;3;0
2024-12-08 08:00:00+01:00;8216;8-12-2024;12;8;49;6;8;3;0
2024-12-08 09:00:00+01:00;8217;8-12-2024;12;8;49;6;9;3;0
2024-12-08 10:00:00+01:00;8218;8-12-2024;12;8;49;6;10;3;0
2024-12-08 11:00:00+01:00;8219;8-12-2024;12;8;49;6;11;3;0
2024-12-08 12:00:00+01:00;8220;8-12-2024;12;8;49;6;12;3;0
2024-12-08 13:00:00+01:00;8221;8-12-2024;12;8;49;6;13;3;0
2024-12-08 14:00:00+01:00;8222;8-12-2024;12;8;49;6;14;3;0
2024-12-08 15:00:00+01:00;8223;8-12-2024;12;8;49;6;15;3;0
2024-12-08 16:00:00+01:00;8224;8-12-2024;12;8;49;6;16;3;0
2024-12-08 17:00:00+01:00;8225;8-12-2024;12;8;49;6;17;3;0
2024-12-08 18:00:00+01:00;8226;8-12-2024;12;8;49;6;18;3;0
2024-12-08 19:00:00+01:00;8227;8-12-2024;12;8;49;6;19;3;0
2024-12-08 20:00:00+01:00;8228;8-12-2024;12;8;49;6;20;3;0
2024-12-08 21:00:00+01:00;8229;8-12-2024;12;8;49;6;21;3;0
2024-12-08 22:00:00+01:00;8230;8-12-2024;12;8;49;6;22;3;0
2024-12-08 23:00:00+01:00;8231;8-12-2024;12;8;49;6;23;3;0
2024-12-09 00:00:00+01:00;8232;9-12-2024;12;9;50;0;0;1;0
2024-12-09 01:00:00+01:00;8233;9-12-2024;12;9;50;0;1;1;0
2024-12-09 02:00:00+01:00;8234;9-12-2024;12;9;50;0;2;1;0
2024-12-09 03:00:00+01:00;8235;9-12-2024;12;9;50;0;3;1;0
2024-12-09 04:00:00+01:00;8236;9-12-2024;12;9;50;0;4;1;0
2024-12-09 05:00:00+01:00;8237;9-12-2024;12;9;50;0;5;1;0
2024-12-09 06:00:00+01:00;8238;9-12-2024;12;9;50;0;6;1;0
2024-12-09 07:00:00+01:00;8239;9-12-2024;12;9;50;0;7;1;0
2024-12-09 08:00:00+01:00;8240;9-12-2024;12;9;50;0;8;1;60
2024-12-09 09:00:00+01:00;8241;9-12-2024;12;9;50;0;9;1;60
2024-12-09 10:00:00+01:00;8242;9-12-2024;12;9;50;0;10;1;90
2024-12-09 11:00:00+01:00;8243;9-12-2024;12;9;50;0;11;1;90
2024-12-09 12:00:00+01:00;8244;9-12-2024;12;9;50;0;12;1;50
2024-12-09 13:00:00+01:00;8245;9-12-2024;12;9;50;0;13;1;50
2024-12-09 14:00:00+01:00;8246;9-12-2024;12;9;50;0;14;1;80
2024-12-09 15:00:00+01:00;8247;9-12-2024;12;9;50;0;15;1;80
2024-12-09 16:00:00+01:00;8248;9-12-2024;12;9;50;0;16;1;80
2024-12-09 17:00:00+01:00;8249;9-12-2024;12;9;50;0;17;1;50
2024-12-09 18:00:00+01:00;8250;9-12-2024;12;9;50;0;18;1;42
2024-12-09 19:00:00+01:00;8251;9-12-2024;12;9;50;0;19;1;33
2024-12-09 20:00:00+01:00;8252;9-12-2024;12;9;50;0;20;1;25
2024-12-09 21:00:00+01:00;8253;9-12-2024;12;9;50;0;21;1;17
2024-12-09 22:00:00+01:00;8254;9-12-2024;12;9;50;0;22;1;8
2024-12-09 23:00:00+01:00;8255;9-12-2024;12;9;50;0;23;1;0
2024-12-10 00:00:00+01:00;8256;10-12-2024;12;10;50;1;0;1;0
2024-12-10 01:00:00+01:00;8257;10-12-2024;12;10;50;1;1;1;0
2024-12-10 02:00:00+01:00;8258;10-12-2024;12;10;50;1;2;1;0
2024-12-10 03:00:00+01:00;8259;10-12-2024;12;10;50;1;3;1;0
2024-12-10 04:00:00+01:00;8260;10-12-2024;12;10;50;1;4;1;0
2024-12-10 05:00:00+01:00;8261;10-12-2024;12;10;50;1;5;1;0
2024-12-10 06:00:00+01:00;8262;10-12-2024;12;10;50;1;6;1;0
2024-12-10 07:00:00+01:00;8263;10-12-2024;12;10;50;1;7;1;0
2024-12-10 08:00:00+01:00;8264;10-12-2024;12;10;50;1;8;1;60
2024-12-10 09:00:00+01:00;8265;10-12-2024;12;10;50;1;9;1;60
2024-12-10 10:00:00+01:00;8266;10-12-2024;12;10;50;1;10;1;90
2024-12-10 11:00:00+01:00;8267;10-12-2024;12;10;50;1;11;1;90
2024-12-10 12:00:00+01:00;8268;10-12-2024;12;10;50;1;12;1;50
2024-12-10 13:00:00+01:00;8269;10-12-2024;12;10;50;1;13;1;50
2024-12-10 14:00:00+01:00;8270;10-12-2024;12;10;50;1;14;1;80
2024-12-10 15:00:00+01:00;8271;10-12-2024;12;10;50;1;15;1;80
2024-12-10 16:00:00+01:00;8272;10-12-2024;12;10;50;1;16;1;80
2024-12-10 17:00:00+01:00;8273;10-12-2024;12;10;50;1;17;1;50
2024-12-10 18:00:00+01:00;8274;10-12-2024;12;10;50;1;18;1;42
2024-12-10 19:00:00+01:00;8275;10-12-2024;12;10;50;1;19;1;33
2024-12-10 20:00:00+01:00;8276;10-12-2024;12;10;50;1;20;1;25
2024-12-10 21:00:00+01:00;8277;10-12-2024;12;10;50;1;21;1;17
2024-12-10 22:00:00+01:00;8278;10-12-2024;12;10;50;1;22;1;8
2024-12-10 23:00:00+01:00;8279;10-12-2024;12;10;50;1;23;1;0
2024-12-11 00:00:00+01:00;8280;11-12-2024;12;11;50;2;0;1;0
2024-12-11 01:00:00+01:00;8281;11-12-2024;12;11;50;2;1;1;0
2024-12-11 02:00:00+01:00;8282;11-12-2024;12;11;50;2;2;1;0
2024-12-11 03:00:00+01:00;8283;11-12-2024;12;11;50;2;3;1;0
2024-12-11 04:00:00+01:00;8284;11-12-2024;12;11;50;2;4;1;0
2024-12-11 05:00:00+01:00;8285;11-12-2024;12;11;50;2;5;1;0
2024-12-11 06:00:00+01:00;8286;11-12-2024;12;11;50;2;6;1;0
2024-12-11 07:00:00+01:00;8287;11-12-2024;12;11;50;2;7;1;0
2024-12-11 08:00:00+01:00;8288;11-12-2024;12;11;50;2;8;1;60
2024-12-11 09:00:00+01:00;8289;11-12-2024;12;11;50;2;9;1;60
2024-12-11 10:00:00+01:00;8290;11-12-2024;12;11;50;2;10;1;90
2024-12-11 11:00:00+01:00;8291;11-12-2024;12;11;50;2;11;1;90
2024-12-11 12:00:00+01:00;8292;11-12-2024;12;11;50;2;12;1;50
2024-12-11 13:00:00+01:00;8293;11-12-2024;12;11;50;2;13;1;50
2024-12-11 14:00:00+01:00;8294;11-12-2024;12;11;50;2;14;1;80
2024-12-11 15:00:00+01:00;8295;11-12-2024;12;11;50;2;15;1;80
2024-12-11 16:00:00+01:00;8296;11-12-2024;12;11;50;2;16;1;80
2024-12-11 17:00:00+01:00;8297;11-12-2024;12;11;50;2;17;1;50
2024-12-11 18:00:00+01:00;8298;11-12-2024;12;11;50;2;18;1;42
2024-12-11 19:00:00+01:00;8299;11-12-2024;12;11;50;2;19;1;33
2024-12-11 20:00:00+01:00;8300;11-12-2024;12;11;50;2;20;1;25
2024-12-11 21:00:00+01:00;8301;11-12-2024;12;11;50;2;21;1;17
2024-12-11 22:00:00+01:00;8302;11-12-2024;12;11;50;2;22;1;8
2024-12-11 23:00:00+01:00;8303;11-12-2024;12;11;50;2;23;1;0
2024-12-12 00:00:00+01:00;8304;12-12-2024;12;12;50;3;0;1;0
2024-12-12 01:00:00+01:00;8305;12-12-2024;12;12;50;3;1;1;0
2024-12-12 02:00:00+01:00;8306;12-12-2024;12;12;50;3;2;1;0
2024-12-12 03:00:00+01:00;8307;12-12-2024;12;12;50;3;3;1;0
2024-12-12 04:00:00+01:00;8308;12-12-2024;12;12;50;3;4;1;0
2024-12-12 05:00:00+01:00;8309;12-12-2024;12;12;50;3;5;1;0
2024-12-12 06:00:00+01:00;8310;12-12-2024;12;12;50;3;6;1;0
2024-12-12 07:00:00+01:00;8311;12-12-2024;12;12;50;3;7;1;0
2024-12-12 08:00:00+01:00;8312;12-12-2024;12;12;50;3;8;1;60
2024-12-12 09:00:00+01:00;8313;12-12-2024;12;12;50;3;9;1;60
2024-12-12 10:00:00+01:00;8314;12-12-2024;12;12;50;3;10;1;90
2024-12-12 11:00:00+01:00;8315;12-12-2024;12;12;50;3;11;1;90
2024-12-12 12:00:00+01:00;8316;12-12-2024;12;12;50;3;12;1;50
2024-12-12 13:00:00+01:00;8317;12-12-2024;12;12;50;3;13;1;50
2024-12-12 14:00:00+01:00;8318;12-12-2024;12;12;50;3;14;1;80
2024-12-12 15:00:00+01:00;8319;12-12-2024;12;12;50;3;15;1;80
2024-12-12 16:00:00+01:00;8320;12-12-2024;12;12;50;3;16;1;80
2024-12-12 17:00:00+01:00;8321;12-12-2024;12;12;50;3;17;1;50
2024-12-12 18:00:00+01:00;8322;12-12-2024;12;12;50;3;18;1;42
2024-12-12 19:00:00+01:00;8323;12-12-2024;12;12;50;3;19;1;33
2024-12-12 20:00:00+01:00;8324;12-12-2024;12;12;50;3;20;1;25
2024-12-12 21:00:00+01:00;8325;12-12-2024;12;12;50;3;21;1;17
2024-12-12 22:00:00+01:00;8326;12-12-2024;12;12;50;3;22;1;8
2024-12-12 23:00:00+01:00;8327;12-12-2024;12;12;50;3;23;1;0
2024-12-13 00:00:00+01:00;8328;13-12-2024;12;13;50;4;0;1;0
2024-12-13 01:00:00+01:00;8329;13-12-2024;12;13;50;4;1;1;0
2024-12-13 02:00:00+01:00;8330;13-12-2024;12;13;50;4;2;1;0
2024-12-13 03:00:00+01:00;8331;13-12-2024;12;13;50;4;3;1;0
2024-12-13 04:00:00+01:00;8332;13-12-2024;12;13;50;4;4;1;0
2024-12-13 05:00:00+01:00;8333;13-12-2024;12;13;50;4;5;1;0
2024-12-13 06:00:00+01:00;8334;13-12-2024;12;13;50;4;6;1;0
2024-12-13 07:00:00+01:00;8335;13-12-2024;12;13;50;4;7;1;0
2024-12-13 08:00:00+01:00;8336;13-12-2024;12;13;50;4;8;1;60
2024-12-13 09:00:00+01:00;8337;13-12-2024;12;13;50;4;9;1;60
2024-12-13 10:00:00+01:00;8338;13-12-2024;12;13;50;4;10;1;90
2024-12-13 11:00:00+01:00;8339;13-12-2024;12;13;50;4;11;1;90
2024-12-13 12:00:00+01:00;8340;13-12-2024;12;13;50;4;12;1;50
2024-12-13 13:00:00+01:00;8341;13-12-2024;12;13;50;4;13;1;50
2024-12-13 14:00:00+01:00;8342;13-12-2024;12;13;50;4;14;1;80
2024-12-13 15:00:00+01:00;8343;13-12-2024;12;13;50;4;15;1;80
2024-12-13 16:00:00+01:00;8344;13-12-2024;12;13;50;4;16;1;80
2024-12-13 17:00:00+01:00;8345;13-12-2024;12;13;50;4;17;1;50
2024-12-13 18:00:00+01:00;8346;13-12-2024;12;13;50;4;18;1;42
2024-12-13 19:00:00+01:00;8347;13-12-2024;12;13;50;4;19;1;33
2024-12-13 20:00:00+01:00;8348;13-12-2024;12;13;50;4;20;1;25
2024-12-13 21:00:00+01:00;8349;13-12-2024;12;13;50;4;21;1;17
2024-12-13 22:00:00+01:00;8350;13-12-2024;12;13;50;4;22;1;8
2024-12-13 23:00:00+01:00;8351;13-12-2024;12;13;50;4;23;1;0
2024-12-14 00:00:00+01:00;8352;14-12-2024;12;14;50;5;0;2;0
2024-12-14 01:00:00+01:00;8353;14-12-2024;12;14;50;5;1;2;0
2024-12-14 02:00:00+01:00;8354;14-12-2024;12;14;50;5;2;2;0
2024-12-14 03:00:00+01:00;8355;14-12-2024;12;14;50;5;3;2;0
2024-12-14 04:00:00+01:00;8356;14-12-2024;12;14;50;5;4;2;0
2024-12-14 05:00:00+01:00;8357;14-12-2024;12;14;50;5;5;2;0
2024-12-14 06:00:00+01:00;8358;14-12-2024;12;14;50;5;6;2;0
2024-12-14 07:00:00+01:00;8359;14-12-2024;12;14;50;5;7;2;0
2024-12-14 08:00:00+01:00;8360;14-12-2024;12;14;50;5;8;2;0
2024-12-14 09:00:00+01:00;8361;14-12-2024;12;14;50;5;9;2;0
2024-12-14 10:00:00+01:00;8362;14-12-2024;12;14;50;5;10;2;50
2024-12-14 11:00:00+01:00;8363;14-12-2024;12;14;50;5;11;2;50
2024-12-14 12:00:00+01:00;8364;14-12-2024;12;14;50;5;12;2;30
2024-12-14 13:00:00+01:00;8365;14-12-2024;12;14;50;5;13;2;30
2024-12-14 14:00:00+01:00;8366;14-12-2024;12;14;50;5;14;2;50
2024-12-14 15:00:00+01:00;8367;14-12-2024;12;14;50;5;15;2;50
2024-12-14 16:00:00+01:00;8368;14-12-2024;12;14;50;5;16;2;50
2024-12-14 17:00:00+01:00;8369;14-12-2024;12;14;50;5;17;2;0
2024-12-14 18:00:00+01:00;8370;14-12-2024;12;14;50;5;18;2;0
2024-12-14 19:00:00+01:00;8371;14-12-2024;12;14;50;5;19;2;0
2024-12-14 20:00:00+01:00;8372;14-12-2024;12;14;50;5;20;2;0
2024-12-14 21:00:00+01:00;8373;14-12-2024;12;14;50;5;21;2;0
2024-12-14 22:00:00+01:00;8374;14-12-2024;12;14;50;5;22;2;0
2024-12-14 23:00:00+01:00;8375;14-12-2024;12;14;50;5;23;2;0
2024-12-15 00:00:00+01:00;8376;15-12-2024;12;15;50;6;0;3;0
2024-12-15 01:00:00+01:00;8377;15-12-2024;12;15;50;6;1;3;0
2024-12-15 02:00:00+01:00;8378;15-12-2024;12;15;50;6;2;3;0
2024-12-15 03:00:00+01:00;8379;15-12-2024;12;15;50;6;3;3;0
2024-12-15 04:00:00+01:00;8380;15-12-2024;12;15;50;6;4;3;0
2024-12-15 05:00:00+01:00;8381;15-12-2024;12;15;50;6;5;3;0
2024-12-15 06:00:00+01:00;8382;15-12-2024;12;15;50;6;6;3;0
2024-12-15 07:00:00+01:00;8383;15-12-2024;12;15;50;6;7;3;0
2024-12-15 08:00:00+01:00;8384;15-12-2024;12;15;50;6;8;3;0
2024-12-15 09:00:00+01:00;8385;15-12-2024;12;15;50;6;9;3;0
2024-12-15 10:00:00+01:00;8386;15-12-2024;12;15;50;6;10;3;0
2024-12-15 11:00:00+01:00;8387;15-12-2024;12;15;50;6;11;3;0
2024-12-15 12:00:00+01:00;8388;15-12-2024;12;15;50;6;12;3;0
2024-12-15 13:00:00+01:00;8389;15-12-2024;12;15;50;6;13;3;0
2024-12-15 14:00:00+01:00;8390;15-12-2024;12;15;50;6;14;3;0
2024-12-15 15:00:00+01:00;8391;15-12-2024;12;15;50;6;15;3;0
2024-12-15 16:00:00+01:00;8392;15-12-2024;12;15;50;6;16;3;0
2024-12-15 17:00:00+01:00;8393;15-12-2024;12;15;50;6;17;3;0
2024-12-15 18:00:00+01:00;8394;15-12-2024;12;15;50;6;18;3;0
2024-12-15 19:00:00+01:00;8395;15-12-2024;12;15;50;6;19;3;0
2024-12-15 20:00:00+01:00;8396;15-12-2024;12;15;50;6;20;3;0
2024-12-15 21:00:00+01:00;8397;15-12-2024;12;15;50;6;21;3;0
2024-12-15 22:00:00+01:00;8398;15-12-2024;12;15;50;6;22;3;0
2024-12-15 23:00:00+01:00;8399;15-12-2024;12;15;50;6;23;3;0
2024-12-16 00:00:00+01:00;8400;16-12-2024;12;16;51;0;0;1;0
2024-12-16 01:00:00+01:00;8401;16-12-2024;12;16;51;0;1;1;0
2024-12-16 02:00:00+01:00;8402;16-12-2024;12;16;51;0;2;1;0
2024-12-16 03:00:00+01:00;8403;16-12-2024;12;16;51;0;3;1;0
2024-12-16 04:00:00+01:00;8404;16-12-2024;12;16;51;0;4;1;0
2024-12-16 05:00:00+01:00;8405;16-12-2024;12;16;51;0;5;1;0
2024-12-16 06:00:00+01:00;8406;16-12-2024;12;16;51;0;6;1;0
2024-12-16 07:00:00+01:00;8407;16-12-2024;12;16;51;0;7;1;0
2024-12-16 08:00:00+01:00;8408;16-12-2024;12;16;51;0;8;1;60
2024-12-16 09:00:00+01:00;8409;16-12-2024;12;16;51;0;9;1;60
2024-12-16 10:00:00+01:00;8410;16-12-2024;12;16;51;0;10;1;90
2024-12-16 11:00:00+01:00;8411;16-12-2024;12;16;51;0;11;1;90
2024-12-16 12:00:00+01:00;8412;16-12-2024;12;16;51;0;12;1;50
2024-12-16 13:00:00+01:00;8413;16-12-2024;12;16;51;0;13;1;50
2024-12-16 14:00:00+01:00;8414;16-12-2024;12;16;51;0;14;1;80
2024-12-16 15:00:00+01:00;8415;16-12-2024;12;16;51;0;15;1;80
2024-12-16 16:00:00+01:00;8416;16-12-2024;12;16;51;0;16;1;80
2024-12-16 17:00:00+01:00;8417;16-12-2024;12;16;51;0;17;1;50
2024-12-16 18:00:00+01:00;8418;16-12-2024;12;16;51;0;18;1;42
2024-12-16 19:00:00+01:00;8419;16-12-2024;12;16;51;0;19;1;33
2024-12-16 20:00:00+01:00;8420;16-12-2024;12;16;51;0;20;1;25
2024-12-16 21:00:00+01:00;8421;16-12-2024;12;16;51;0;21;1;17
2024-12-16 22:00:00+01:00;8422;16-12-2024;12;16;51;0;22;1;8
2024-12-16 23:00:00+01:00;8423;16-12-2024;12;16;51;0;23;1;0
2024-12-17 00:00:00+01:00;8424;17-12-2024;12;17;51;1;0;1;0
2024-12-17 01:00:00+01:00;8425;17-12-2024;12;17;51;1;1;1;0
2024-12-17 02:00:00+01:00;8426;17-12-2024;12;17;51;1;2;1;0
2024-12-17 03:00:00+01:00;8427;17-12-2024;12;17;51;1;3;1;0
2024-12-17 04:00:00+01:00;8428;17-12-2024;12;17;51;1;4;1;0
2024-12-17 05:00:00+01:00;8429;17-12-2024;12;17;51;1;5;1;0
2024-12-17 06:00:00+01:00;8430;17-12-2024;12;17;51;1;6;1;0
2024-12-17 07:00:00+01:00;8431;17-12-2024;12;17;51;1;7;1;0
2024-12-17 08:00:00+01:00;8432;17-12-2024;12;17;51;1;8;1;60
2024-12-17 09:00:00+01:00;8433;17-12-2024;12;17;51;1;9;1;60
2024-12-17 10:00:00+01:00;8434;17-12-2024;12;17;51;1;10;1;90
2024-12-17 11:00:00+01:00;8435;17-12-2024;12;17;51;1;11;1;90
2024-12-17 12:00:00+01:00;8436;17-12-2024;12;17;51;1;12;1;50
2024-12-17 13:00:00+01:00;8437;17-12-2024;12;17;51;1;13;1;50
2024-12-17 14:00:00+01:00;8438;17-12-2024;12;17;51;1;14;1;80
2024-12-17 15:00:00+01:00;8439;17-12-2024;12;17;51;1;15;1;80
2024-12-17 16:00:00+01:00;8440;17-12-2024;12;17;51;1;16;1;80
2024-12-17 17:00:00+01:00;8441;17-12-2024;12;17;51;1;17;1;50
2024-12-17 18:00:00+01:00;8442;17-12-2024;12;17;51;1;18;1;42
2024-12-17 19:00:00+01:00;8443;17-12-2024;12;17;51;1;19;1;33
2024-12-17 20:00:00+01:00;8444;17-12-2024;12;17;51;1;20;1;25
2024-12-17 21:00:00+01:00;8445;17-12-2024;12;17;51;1;21;1;17
2024-12-17 22:00:00+01:00;8446;17-12-2024;12;17;51;1;22;1;8
2024-12-17 23:00:00+01:00;8447;17-12-2024;12;17;51;1;23;1;0
2024-12-18 00:00:00+01:00;8448;18-12-2024;12;18;51;2;0;1;0
2024-12-18 01:00:00+01:00;8449;18-12-2024;12;18;51;2;1;1;0
2024-12-18 02:00:00+01:00;8450;18-12-2024;12;18;51;2;2;1;0
2024-12-18 03:00:00+01:00;8451;18-12-2024;12;18;51;2;3;1;0
2024-12-18 04:00:00+01:00;8452;18-12-2024;12;18;51;2;4;1;0
2024-12-18 05:00:00+01:00;8453;18-12-2024;12;18;51;2;5;1;0
2024-12-18 06:00:00+01:00;8454;18-12-2024;12;18;51;2;6;1;0
2024-12-18 07:00:00+01:00;8455;18-12-2024;12;18;51;2;7;1;0
2024-12-18 08:00:00+01:00;8456;18-12-2024;12;18;51;2;8;1;60
2024-12-18 09:00:00+01:00;8457;18-12-2024;12;18;51;2;9;1;60
2024-12-18 10:00:00+01:00;8458;18-12-2024;12;18;51;2;10;1;90
2024-12-18 11:00:00+01:00;8459;18-12-2024;12;18;51;2;11;1;90
2024-12-18 12:00:00+01:00;8460;18-12-2024;12;18;51;2;12;1;50
2024-12-18 13:00:00+01:00;8461;18-12-2024;12;18;51;2;13;1;50
2024-12-18 14:00:00+01:00;8462;18-12-2024;12;18;51;2;14;1;80
2024-12-18 15:00:00+01:00;8463;18-12-2024;12;18;51;2;15;1;80
2024-12-18 16:00:00+01:00;8464;18-12-2024;12;18;51;2;16;1;80
2024-12-18 17:00:00+01:00;8465;18-12-2024;12;18;51;2;17;1;50
2024-12-18 18:00:00+01:00;8466;18-12-2024;12;18;51;2;18;1;42
2024-12-18 19:00:00+01:00;8467;18-12-2024;12;18;51;2;19;1;33
2024-12-18 20:00:00+01:00;8468;18-12-2024;12;18;51;2;20;1;25
2024-12-18 21:00:00+01:00;8469;18-12-2024;12;18;51;2;21;1;17
2024-12-18 22:00:00+01:00;8470;18-12-2024;12;18;51;2;22;1;8
2024-12-18 23:00:00+01:00;8471;18-12-2024;12;18;51;2;23;1;0
2024-12-19 00:00:00+01:00;8472;19-12-2024;12;19;51;3;0;1;0
2024-12-19 01:00:00+01:00;8473;19-12-2024;12;19;51;3;1;1;0
2024-12-19 02:00:00+01:00;8474;19-12-2024;12;19;51;3;2;1;0
2024-12-19 03:00:00+01:00;8475;19-12-2024;12;19;51;3;3;1;0
2024-12-19 04:00:00+01:00;8476;19-12-2024;12;19;51;3;4;1;0
2024-12-19 05:00:00+01:00;8477;19-12-2024;12;19;51;3;5;1;0
2024-12-19 06:00:00+01:00;8478;19-12-2024;12;19;51;3;6;1;0
2024-12-19 07:00:00+01:00;8479;19-12-2024;12;19;51;3;7;1;0
2024-12-19 08:00:00+01:00;8480;19-12-2024;12;19;51;3;8;1;60
2024-12-19 09:00:00+01:00;8481;19-12-2024;12;19;51;3;9;1;60
2024-12-19 10:00:00+01:00;8482;19-12-2024;12;19;51;3;10;1;90
2024-12-19 11:00:00+01:00;8483;19-12-2024;12;19;51;3;11;1;90
2024-12-19 12:00:00+01:00;8484;19-12-2024;12;19;51;3;12;1;50
2024-12-19 13:00:00+01:00;8485;19-12-2024;12;19;51;3;13;1;50
2024-12-19 14:00:00+01:00;8486;19-12-2024;12;19;51;3;14;1;80
2024-12-19 15:00:00+01:00;8487;19-12-2024;12;19;51;3;15;1;80
2024-12-19 16:00:00+01:00;8488;19-12-2024;12;19;51;3;16;1;80
2024-12-19 17:00:00+01:00;8489;19-12-2024;12;19;51;3;17;1;50
2024-12-19 18:00:00+01:00;8490;19-12-2024;12;19;51;3;18;1;42
2024-12-19 19:00:00+01:00;8491;19-12-2024;12;19;51;3;19;1;33
2024-12-19 20:00:00+01:00;8492;19-12-2024;12;19;51;3;20;1;25
2024-12-19 21:00:00+01:00;8493;19-12-2024;12;19;51;3;21;1;17
2024-12-19 22:00:00+01:00;8494;19-12-2024;12;19;51;3;22;1;8
2024-12-19 23:00:00+01:00;8495;19-12-2024;12;19;51;3;23;1;0
2024-12-20 00:00:00+01:00;8496;20-12-2024;12;20;51;4;0;1;0
2024-12-20 01:00:00+01:00;8497;20-12-2024;12;20;51;4;1;1;0
2024-12-20 02:00:00+01:00;8498;20-12-2024;12;20;51;4;2;1;0
2024-12-20 03:00:00+01:00;8499;20-12-2024;12;20;51;4;3;1;0
2024-12-20 04:00:00+01:00;8500;20-12-2024;12;20;51;4;4;1;0
2024-12-20 05:00:00+01:00;8501;20-12-2024;12;20;51;4;5;1;0
2024-12-20 06:00:00+01:00;8502;20-12-2024;12;20;51;4;6;1;0
2024-12-20 07:00:00+01:00;8503;20-12-2024;12;20;51;4;7;1;0
2024-12-20 08:00:00+01:00;8504;20-12-2024;12;20;51;4;8;1;60
2024-12-20 09:00:00+01:00;8505;20-12-2024;12;20;51;4;9;1;60
2024-12-20 10:00:00+01:00;8506;20-12-2024;12;20;51;4;10;1;90
2024-12-20 11:00:00+01:00;8507;20-12-2024;12;20;51;4;11;1;90
2024-12-20 12:00:00+01:00;8508;20-12-2024;12;20;51;4;12;1;50
2024-12-20 13:00:00+01:00;8509;20-12-2024;12;20;51;4;13;1;50
2024-12-20 14:00:00+01:00;8510;20-12-2024;12;20;51;4;14;1;80
2024-12-20 15:00:00+01:00;8511;20-12-2024;12;20;51;4;15;1;80
2024-12-20 16:00:00+01:00;8512;20-12-2024;12;20;51;4;16;1;80
2024-12-20 17:00:00+01:00;8513;20-12-2024;12;20;51;4;17;1;50
2024-12-20 18:00:00+01:00;8514;20-12-2024;12;20;51;4;18;1;42
2024-12-20 19:00:00+01:00;8515;20-12-2024;12;20;51;4;19;1;33
2024-12-20 20:00:00+01:00;8516;20-12-2024;12;20;51;4;20;1;25
2024-12-20 21:00:00+01:00;8517;20-12-2024;12;20;51;4;21;1;17
2024-12-20 22:00:00+01:00;8518;20-12-2024;12;20;51;4;22;1;8
2024-12-20 23:00:00+01:00;8519;20-12-2024;12;20;51;4;23;1;0
2024-12-21 00:00:00+01:00;8520;21-12-2024;12;21;51;5;0;2;0
2024-12-21 01:00:00+01:00;8521;21-12-2024;12;21;51;5;1;2;0
2024-12-21 02:00:00+01:00;8522;21-12-2024;12;21;51;5;2;2;0
2024-12-21 03:00:00+01:00;8523;21-12-2024;12;21;51;5;3;2;0
2024-12-21 04:00:00+01:00;8524;21-12-2024;12;21;51;5;4;2;0
2024-12-21 05:00:00+01:00;8525;21-12-2024;12;21;51;5;5;2;0
2024-12-21 06:00:00+01:00;8526;21-12-2024;12;21;51;5;6;2;0
2024-12-21 07:00:00+01:00;8527;21-12-2024;12;21;51;5;7;2;0
2024-12-21 08:00:00+01:00;8528;21-12-2024;12;21;51;5;8;2;0
2024-12-21 09:00:00+01:00;8529;21-12-2024;12;21;51;5;9;2;0
2024-12-21 10:00:00+01:00;8530;21-12-2024;12;21;51;5;10;2;50
2024-12-21 11:00:00+01:00;8531;21-12-2024;12;21;51;5;11;2;50
2024-12-21 12:00:00+01:00;8532;21-12-2024;12;21;51;5;12;2;30
2024-12-21 13:00:00+01:00;8533;21-12-2024;12;21;51;5;13;2;30
2024-12-21 14:00:00+01:00;8534;21-12-2024;12;21;51;5;14;2;50
2024-12-21 15:00:00+01:00;8535;21-12-2024;12;21;51;5;15;2;50
2024-12-21 16:00:00+01:00;8536;21-12-2024;12;21;51;5;16;2;50
2024-12-21 17:00:00+01:00;8537;21-12-2024;12;21;51;5;17;2;0
2024-12-21 18:00:00+01:00;8538;21-12-2024;12;21;51;5;18;2;0
2024-12-21 19:00:00+01:00;8539;21-12-2024;12;21;51;5;19;2;0
2024-12-21 20:00:00+01:00;8540;21-12-2024;12;21;51;5;20;2;0
2024-12-21 21:00:00+01:00;8541;21-12-2024;12;21;51;5;21;2;0
2024-12-21 22:00:00+01:00;8542;21-12-2024;12;21;51;5;22;2;0
2024-12-21 23:00:00+01:00;8543;21-12-2024;12;21;51;5;23;2;0
2024-12-22 00:00:00+01:00;8544;22-12-2024;12;22;51;6;0;3;0
2024-12-22 01:00:00+01:00;8545;22-12-2024;12;22;51;6;1;3;0
2024-12-22 02:00:00+01:00;8546;22-12-2024;12;22;51;6;2;3;0
2024-12-22 03:00:00+01:00;8547;22-12-2024;12;22;51;6;3;3;0
2024-12-22 04:00:00+01:00;8548;22-12-2024;12;22;51;6;4;3;0
2024-12-22 05:00:00+01:00;8549;22-12-2024;12;22;51;6;5;3;0
2024-12-22 06:00:00+01:00;8550;22-12-2024;12;22;51;6;6;3;0
2024-12-22 07:00:00+01:00;8551;22-12-2024;12;22;51;6;7;3;0
2024-12-22 08:00:00+01:00;8552;22-12-2024;12;22;51;6;8;3;0
2024-12-22 09:00:00+01:00;8553;22-12-2024;12;22;51;6;9;3;0
2024-12-22 10:00:00+01:00;8554;22-12-2024;12;22;51;6;10;3;0
2024-12-22 11:00:00+01:00;8555;22-12-2024;12;22;51;6;11;3;0
2024-12-22 12:00:00+01:00;8556;22-12-2024;12;22;51;6;12;3;0
2024-12-22 13:00:00+01:00;8557;22-12-2024;12;22;51;6;13;3;0
2024-12-22 14:00:00+01:00;8558;22-12-2024;12;22;51;6;14;3;0
2024-12-22 15:00:00+01:00;8559;22-12-2024;12;22;51;6;15;3;0
2024-12-22 16:00:00+01:00;8560;22-12-2024;12;22;51;6;16;3;0
2024-12-22 17:00:00+01:00;8561;22-12-2024;12;22;51;6;17;3;0
2024-12-22 18:00:00+01:00;8562;22-12-2024;12;22;51;6;18;3;0
2024-12-22 19:00:00+01:00;8563;22-12-2024;12;22;51;6;19;3;0
2024-12-22 20:00:00+01:00;8564;22-12-2024;12;22;51;6;20;3;0
2024-12-22 21:00:00+01:00;8565;22-12-2024;12;22;51;6;21;3;0
2024-12-22 22:00:00+01:00;8566;22-12-2024;12;22;51;6;22;3;0
2024-12-22 23:00:00+01:00;8567;22-12-2024;12;22;51;6;23;3;0
2024-12-23 00:00:00+01:00;8568;23-12-2024;12;23;52;0;0;3;0
2024-12-23 01:00:00+01:00;8569;23-12-2024;12;23;52;0;1;3;0
2024-12-23 02:00:00+01:00;8570;23-12-2024;12;23;52;0;2;3;0
2024-12-23 03:00:00+01:00;8571;23-12-2024;12;23;52;0;3;3;0
2024-12-23 04:00:00+01:00;8572;23-12-2024;12;23;52;0;4;3;0
2024-12-23 05:00:00+01:00;8573;23-12-2024;12;23;52;0;5;3;0
2024-12-23 06:00:00+01:00;8574;23-12-2024;12;23;52;0;6;3;0
2024-12-23 07:00:00+01:00;8575;23-12-2024;12;23;52;0;7;3;0
2024-12-23 08:00:00+01:00;8576;23-12-2024;12;23;52;0;8;3;0
2024-12-23 09:00:00+01:00;8577;23-12-2024;12;23;52;0;9;3;0
2024-12-23 10:00:00+01:00;8578;23-12-2024;12;23;52;0;10;3;0
2024-12-23 11:00:00+01:00;8579;23-12-2024;12;23;52;0;11;3;0
2024-12-23 12:00:00+01:00;8580;23-12-2024;12;23;52;0;12;3;0
2024-12-23 13:00:00+01:00;8581;23-12-2024;12;23;52;0;13;3;0
2024-12-23 14:00:00+01:00;8582;23-12-2024;12;23;52;0;14;3;0
2024-12-23 15:00:00+01:00;8583;23-12-2024;12;23;52;0;15;3;0
2024-12-23 16:00:00+01:00;8584;23-12-2024;12;23;52;0;16;3;0
2024-12-23 17:00:00+01:00;8585;23-12-2024;12;23;52;0;17;3;0
2024-12-23 18:00:00+01:00;8586;23-12-2024;12;23;52;0;18;3;0
2024-12-23 19:00:00+01:00;8587;23-12-2024;12;23;52;0;19;3;0
2024-12-23 20:00:00+01:00;8588;23-12-2024;12;23;52;0;20;3;0
2024-12-23 21:00:00+01:00;8589;23-12-2024;12;23;52;0;21;3;0
2024-12-23 22:00:00+01:00;8590;23-12-2024;12;23;52;0;22;3;0
2024-12-23 23:00:00+01:00;8591;23-12-2024;12;23;52;0;23;3;0
2024-12-24 00:00:00+01:00;8592;24-12-2024;12;24;52;1;0;3;0
2024-12-24 01:00:00+01:00;8593;24-12-2024;12;24;52;1;1;3;0
2024-12-24 02:00:00+01:00;8594;24-12-2024;12;24;52;1;2;3;0
2024-12-24 03:00:00+01:00;8595;24-12-2024;12;24;52;1;3;3;0
2024-12-24 04:00:00+01:00;8596;24-12-2024;12;24;52;1;4;3;0
2024-12-24 05:00:00+01:00;8597;24-12-2024;12;24;52;1;5;3;0
2024-12-24 06:00:00+01:00;8598;24-12-2024;12;24;52;1;6;3;0
2024-12-24 07:00:00+01:00;8599;24-12-2024;12;24;52;1;7;3;0
2024-12-24 08:00:00+01:00;8600;24-12-2024;12;24;52;1;8;3;0
2024-12-24 09:00:00+01:00;8601;24-12-2024;12;24;52;1;9;3;0
2024-12-24 10:00:00+01:00;8602;24-12-2024;12;24;52;1;10;3;0
2024-12-24 11:00:00+01:00;8603;24-12-2024;12;24;52;1;11;3;0
2024-12-24 12:00:00+01:00;8604;24-12-2024;12;24;52;1;12;3;0
2024-12-24 13:00:00+01:00;8605;24-12-2024;12;24;52;1;13;3;0
2024-12-24 14:00:00+01:00;8606;24-12-2024;12;24;52;1;14;3;0
2024-12-24 15:00:00+01:00;8607;24-12-2024;12;24;52;1;15;3;0
2024-12-24 16:00:00+01:00;8608;24-12-2024;12;24;52;1;16;3;0
2024-12-24 17:00:00+01:00;8609;24-12-2024;12;24;52;1;17;3;0
2024-12-24 18:00:00+01:00;8610;24-12-2024;12;24;52;1;18;3;0
2024-12-24 19:00:00+01:00;8611;24-12-2024;12;24;52;1;19;3;0
2024-12-24 20:00:00+01:00;8612;24-12-2024;12;24;52;1;20;3;0
2024-12-24 21:00:00+01:00;8613;24-12-2024;12;24;52;1;21;3;0
2024-12-24 22:00:00+01:00;8614;24-12-2024;12;24;52;1;22;3;0
2024-12-24 23:00:00+01:00;8615;24-12-2024;12;24;52;1;23;3;0
2024-12-25 00:00:00+01:00;8616;25-12-2024;12;25;52;2;0;3;0
2024-12-25 01:00:00+01:00;8617;25-12-2024;12;25;52;2;1;3;0
2024-12-25 02:00:00+01:00;8618;25-12-2024;12;25;52;2;2;3;0
2024-12-25 03:00:00+01:00;8619;25-12-2024;12;25;52;2;3;3;0
2024-12-25 04:00:00+01:00;8620;25-12-2024;12;25;52;2;4;3;0
2024-12-25 05:00:00+01:00;8621;25-12-2024;12;25;52;2;5;3;0
2024-12-25 06:00:00+01:00;8622;25-12-2024;12;25;52;2;6;3;0
2024-12-25 07:00:00+01:00;8623;25-12-2024;12;25;52;2;7;3;0
2024-12-25 08:00:00+01:00;8624;25-12-2024;12;25;52;2;8;3;0
2024-12-25 09:00:00+01:00;8625;25-12-2024;12;25;52;2;9;3;0
2024-12-25 10:00:00+01:00;8626;25-12-2024;12;25;52;2;10;3;0
2024-12-25 11:00:00+01:00;8627;25-12-2024;12;25;52;2;11;3;0
2024-12-25 12:00:00+01:00;8628;25-12-2024;12;25;52;2;12;3;0
2024-12-25 13:00:00+01:00;8629;25-12-2024;12;25;52;2;13;3;0
2024-12-25 14:00:00+01:00;8630;25-12-2024;12;25;52;2;14;3;0
2024-12-25 15:00:00+01:00;8631;25-12-2024;12;25;52;2;15;3;0
2024-12-25 16:00:00+01:00;8632;25-12-2024;12;25;52;2;16;3;0
2024-12-25 17:00:00+01:00;8633;25-12-2024;12;25;52;2;17;3;0
2024-12-25 18:00:00+01:00;8634;25-12-2024;12;25;52;2;18;3;0
2024-12-25 19:00:00+01:00;8635;25-12-2024;12;25;52;2;19;3;0
2024-12-25 20:00:00+01:00;8636;25-12-2024;12;25;52;2;20;3;0
2024-12-25 21:00:00+01:00;8637;25-12-2024;12;25;52;2;21;3;0
2024-12-25 22:00:00+01:00;8638;25-12-2024;12;25;52;2;22;3;0
2024-12-25 23:00:00+01:00;8639;25-12-2024;12;25;52;2;23;3;0
2024-12-26 00:00:00+01:00;8640;26-12-2024;12;26;52;3;0;3;0
2024-12-26 01:00:00+01:00;8641;26-12-2024;12;26;52;3;1;3;0
2024-12-26 02:00:00+01:00;8642;26-12-2024;12;26;52;3;2;3;0
2024-12-26 03:00:00+01:00;8643;26-12-2024;12;26;52;3;3;3;0
2024-12-26 04:00:00+01:00;8644;26-12-2024;12;26;52;3;4;3;0
2024-12-26 05:00:00+01:00;8645;26-12-2024;12;26;52;3;5;3;0
2024-12-26 06:00:00+01:00;8646;26-12-2024;12;26;52;3;6;3;0
2024-12-26 07:00:00+01:00;8647;26-12-2024;12;26;52;3;7;3;0
2024-12-26 08:00:00+01:00;8648;26-12-2024;12;26;52;3;8;3;0
2024-12-26 09:00:00+01:00;8649;26-12-2024;12;26;52;3;9;3;0
2024-12-26 10:00:00+01:00;8650;26-12-2024;12;26;52;3;10;3;0
2024-12-26 11:00:00+01:00;8651;26-12-2024;12;26;52;3;11;3;0
2024-12-26 12:00:00+01:00;8652;26-12-2024;12;26;52;3;12;3;0
2024-12-26 13:00:00+01:00;8653;26-12-2024;12;26;52;3;13;3;0
2024-12-26 14:00:00+01:00;8654;26-12-2024;12;26;52;3;14;3;0
2024-12-26 15:00:00+01:00;8655;26-12-2024;12;26;52;3;15;3;0
2024-12-26 16:00:00+01:00;8656;26-12-2024;12;26;52;3;16;3;0
2024-12-26 17:00:00+01:00;8657;26-12-2024;12;26;52;3;17;3;0
2024-12-26 18:00:00+01:00;8658;26-12-2024;12;26;52;3;18;3;0
2024-12-26 19:00:00+01:00;8659;26-12-2024;12;26;52;3;19;3;0
2024-12-26 20:00:00+01:00;8660;26-12-2024;12;26;52;3;20;3;0
2024-12-26 21:00:00+01:00;8661;26-12-2024;12;26;52;3;21;3;0
2024-12-26 22:00:00+01:00;8662;26-12-2024;12;26;52;3;22;3;0
2024-12-26 23:00:00+01:00;8663;26-12-2024;12;26;52;3;23;3;0
2024-12-27 00:00:00+01:00;8664;27-12-2024;12;27;52;4;0;3;0
2024-12-27 01:00:00+01:00;8665;27-12-2024;12;27;52;4;1;3;0
2024-12-27 02:00:00+01:00;8666;27-12-2024;12;27;52;4;2;3;0
2024-12-27 03:00:00+01:00;8667;27-12-2024;12;27;52;4;3;3;0
2024-12-27 04:00:00+01:00;8668;27-12-2024;12;27;52;4;4;3;0
2024-12-27 05:00:00+01:00;8669;27-12-2024;12;27;52;4;5;3;0
2024-12-27 06:00:00+01:00;8670;27-12-2024;12;27;52;4;6;3;0
2024-12-27 07:00:00+01:00;8671;27-12-2024;12;27;52;4;7;3;0
2024-12-27 08:00:00+01:00;8672;27-12-2024;12;27;52;4;8;3;0
2024-12-27 09:00:00+01:00;8673;27-12-2024;12;27;52;4;9;3;0
2024-12-27 10:00:00+01:00;8674;27-12-2024;12;27;52;4;10;3;0
2024-12-27 11:00:00+01:00;8675;27-12-2024;12;27;52;4;11;3;0
2024-12-27 12:00:00+01:00;8676;27-12-2024;12;27;52;4;12;3;0
2024-12-27 13:00:00+01:00;8677;27-12-2024;12;27;52;4;13;3;0
2024-12-27 14:00:00+01:00;8678;27-12-2024;12;27;52;4;14;3;0
2024-12-27 15:00:00+01:00;8679;27-12-2024;12;27;52;4;15;3;0
2024-12-27 16:00:00+01:00;8680;27-12-2024;12;27;52;4;16;3;0
2024-12-27 17:00:00+01:00;8681;27-12-2024;12;27;52;4;17;3;0
2024-12-27 18:00:00+01:00;8682;27-12-2024;12;27;52;4;18;3;0
2024-12-27 19:00:00+01:00;8683;27-12-2024;12;27;52;4;19;3;0
2024-12-27 20:00:00+01:00;8684;27-12-2024;12;27;52;4;20;3;0
2024-12-27 21:00:00+01:00;8685;27-12-2024;12;27;52;4;21;3;0
2024-12-27 22:00:00+01:00;8686;27-12-2024;12;27;52;4;22;3;0
2024-12-27 23:00:00+01:00;8687;27-12-2024;12;27;52;4;23;3;0
2024-12-28 00:00:00+01:00;8688;28-12-2024;12;28;52;5;0;3;0
2024-12-28 01:00:00+01:00;8689;28-12-2024;12;28;52;5;1;3;0
2024-12-28 02:00:00+01:00;8690;28-12-2024;12;28;52;5;2;3;0
2024-12-28 03:00:00+01:00;8691;28-12-2024;12;28;52;5;3;3;0
2024-12-28 04:00:00+01:00;8692;28-12-2024;12;28;52;5;4;3;0
2024-12-28 05:00:00+01:00;8693;28-12-2024;12;28;52;5;5;3;0
2024-12-28 06:00:00+01:00;8694;28-12-2024;12;28;52;5;6;3;0
2024-12-28 07:00:00+01:00;8695;28-12-2024;12;28;52;5;7;3;0
2024-12-28 08:00:00+01:00;8696;28-12-2024;12;28;52;5;8;3;0
2024-12-28 09:00:00+01:00;8697;28-12-2024;12;28;52;5;9;3;0
2024-12-28 10:00:00+01:00;8698;28-12-2024;12;28;52;5;10;3;0
2024-12-28 11:00:00+01:00;8699;28-12-2024;12;28;52;5;11;3;0
2024-12-28 12:00:00+01:00;8700;28-12-2024;12;28;52;5;12;3;0
2024-12-28 13:00:00+01:00;8701;28-12-2024;12;28;52;5;13;3;0
2024-12-28 14:00:00+01:00;8702;28-12-2024;12;28;52;5;14;3;0
2024-12-28 15:00:00+01:00;8703;28-12-2024;12;28;52;5;15;3;0
2024-12-28 16:00:00+01:00;8704;28-12-2024;12;28;52;5;16;3;0
2024-12-28 17:00:00+01:00;8705;28-12-2024;12;28;52;5;17;3;0
2024-12-28 18:00:00+01:00;8706;28-12-2024;12;28;52;5;18;3;0
2024-12-28 19:00:00+01:00;8707;28-12-2024;12;28;52;5;19;3;0
2024-12-28 20:00:00+01:00;8708;28-12-2024;12;28;52;5;20;3;0
2024-12-28 21:00:00+01:00;8709;28-12-2024;12;28;52;5;21;3;0
2024-12-28 22:00:00+01:00;8710;28-12-2024;12;28;52;5;22;3;0
2024-12-28 23:00:00+01:00;8711;28-12-2024;12;28;52;5;23;3;0
2024-12-29 00:00:00+01:00;8712;29-12-2024;12;29;52;6;0;3;0
2024-12-29 01:00:00+01:00;8713;29-12-2024;12;29;52;6;1;3;0
2024-12-29 02:00:00+01:00;8714;29-12-2024;12;29;52;6;2;3;0
2024-12-29 03:00:00+01:00;8715;29-12-2024;12;29;52;6;3;3;0
2024-12-29 04:00:00+01:00;8716;29-12-2024;12;29;52;6;4;3;0
2024-12-29 05:00:00+01:00;8717;29-12-2024;12;29;52;6;5;3;0
2024-12-29 06:00:00+01:00;8718;29-12-2024;12;29;52;6;6;3;0
2024-12-29 07:00:00+01:00;8719;29-12-2024;12;29;52;6;7;3;0
2024-12-29 08:00:00+01:00;8720;29-12-2024;12;29;52;6;8;3;0
2024-12-29 09:00:00+01:00;8721;29-12-2024;12;29;52;6;9;3;0
2024-12-29 10:00:00+01:00;8722;29-12-2024;12;29;52;6;10;3;0
2024-12-29 11:00:00+01:00;8723;29-12-2024;12;29;52;6;11;3;0
2024-12-29 12:00:00+01:00;8724;29-12-2024;12;29;52;6;12;3;0
2024-12-29 13:00:00+01:00;8725;29-12-2024;12;29;52;6;13;3;0
2024-12-29 14:00:00+01:00;8726;29-12-2024;12;29;52;6;14;3;0
2024-12-29 15:00:00+01:00;8727;29-12-2024;12;29;52;6;15;3;0
2024-12-29 16:00:00+01:00;8728;29-12-2024;12;29;52;6;16;3;0
2024-12-29 17:00:00+01:00;8729;29-12-2024;12;29;52;6;17;3;0
2024-12-29 18:00:00+01:00;8730;29-12-2024;12;29;52;6;18;3;0
2024-12-29 19:00:00+01:00;8731;29-12-2024;12;29;52;6;19;3;0
2024-12-29 20:00:00+01:00;8732;29-12-2024;12;29;52;6;20;3;0
2024-12-29 21:00:00+01:00;8733;29-12-2024;12;29;52;6;21;3;0
2024-12-29 22:00:00+01:00;8734;29-12-2024;12;29;52;6;22;3;0
2024-12-29 23:00:00+01:00;8735;29-12-2024;12;29;52;6;23;3;0
2024-12-30 00:00:00+01:00;8736;30-12-2024;12;30;1;0;0;1;0
2024-12-30 01:00:00+01:00;8737;30-12-2024;12;30;1;0;1;1;0
2024-12-30 02:00:00+01:00;8738;30-12-2024;12;30;1;0;2;1;0
2024-12-30 03:00:00+01:00;8739;30-12-2024;12;30;1;0;3;1;0
2024-12-30 04:00:00+01:00;8740;30-12-2024;12;30;1;0;4;1;0
2024-12-30 05:00:00+01:00;8741;30-12-2024;12;30;1;0;5;1;0
2024-12-30 06:00:00+01:00;8742;30-12-2024;12;30;1;0;6;1;0
2024-12-30 07:00:00+01:00;8743;30-12-2024;12;30;1;0;7;1;0
2024-12-30 08:00:00+01:00;8744;30-12-2024;12;30;1;0;8;1;60
2024-12-30 09:00:00+01:00;8745;30-12-2024;12;30;1;0;9;1;60
2024-12-30 10:00:00+01:00;8746;30-12-2024;12;30;1;0;10;1;90
2024-12-30 11:00:00+01:00;8747;30-12-2024;12;30;1;0;11;1;90
2024-12-30 12:00:00+01:00;8748;30-12-2024;12;30;1;0;12;1;50
2024-12-30 13:00:00+01:00;8749;30-12-2024;12;30;1;0;13;1;50
2024-12-30 14:00:00+01:00;8750;30-12-2024;12;30;1;0;14;1;80
2024-12-30 15:00:00+01:00;8751;30-12-2024;12;30;1;0;15;1;80
2024-12-30 16:00:00+01:00;8752;30-12-2024;12;30;1;0;16;1;80
2024-12-30 17:00:00+01:00;8753;30-12-2024;12;30;1;0;17;1;50
2024-12-30 18:00:00+01:00;8754;30-12-2024;12;30;1;0;18;1;42
2024-12-30 19:00:00+01:00;8755;30-12-2024;12;30;1;0;19;1;33
2024-12-30 20:00:00+01:00;8756;30-12-2024;12;30;1;0;20;1;25
2024-12-30 21:00:00+01:00;8757;30-12-2024;12;30;1;0;21;1;17
2024-12-30 22:00:00+01:00;8758;30-12-2024;12;30;1;0;22;1;8
2024-12-30 23:00:00+01:00;8759;30-12-2024;12;30;1;0;23;1;0
2024-12-31 00:00:00+01:00;8760;31-12-2024;12;31;1;1;0;1;0
2024-12-31 01:00:00+01:00;8761;31-12-2024;12;31;1;1;1;1;0
2024-12-31 02:00:00+01:00;8762;31-12-2024;12;31;1;1;2;1;0
2024-12-31 03:00:00+01:00;8763;31-12-2024;12;31;1;1;3;1;0
2024-12-31 04:00:00+01:00;8764;31-12-2024;12;31;1;1;4;1;0
2024-12-31 05:00:00+01:00;8765;31-12-2024;12;31;1;1;5;1;0
2024-12-31 06:00:00+01:00;8766;31-12-2024;12;31;1;1;6;1;0
2024-12-31 07:00:00+01:00;8767;31-12-2024;12;31;1;1;7;1;0
2024-12-31 08:00:00+01:00;8768;31-12-2024;12;31;1;1;8;1;60
2024-12-31 09:00:00+01:00;8769;31-12-2024;12;31;1;1;9;1;60
2024-12-31 10:00:00+01:00;8770;31-12-2024;12;31;1;1;10;1;90
2024-12-31 11:00:00+01:00;8771;31-12-2024;12;31;1;1;11;1;90
2024-12-31 12:00:00+01:00;8772;31-12-2024;12;31;1;1;12;1;50
2024-12-31 13:00:00+01:00;8773;31-12-2024;12;31;1;1;13;1;50
2024-12-31 14:00:00+01:00;8774;31-12-2024;12;31;1;1;14;1;80
2024-12-31 15:00:00+01:00;8775;31-12-2024;12;31;1;1;15;1;80
2024-12-31 16:00:00+01:00;8776;31-12-2024;12;31;1;1;16;1;80
2024-12-31 17:00:00+01:00;8777;31-12-2024;12;31;1;1;17;1;50
2024-12-31 18:00:00+01:00;8778;31-12-2024;12;31;1;1;18;1;42
2024-12-31 19:00:00+01:00;8779;31-12-2024;12;31;1;1;19;1;33
2024-12-31 20:00:00+01:00;8780;31-12-2024;12;31;1;1;20;1;25
2024-12-31 21:00:00+01:00;8781;31-12-2024;12;31;1;1;21;1;17
2024-12-31 22:00:00+01:00;8782;31-12-2024;12;31;1;1;22;1;8
2024-12-31 23:00:00+01:00;8783;31-12-2024;12;31;1;1;23;1;0
