STN;YYYYMMDD;HH;FH;T;Q;P;U
260;20240101;1;90;78;0;9962;79
260;20240101;2;80;76;0;9966;81
260;20240101;3;80;70;0;9967;90
260;20240101;4;80;74;0;9967;90
260;20240101;5;80;73;0;9973;90
260;20240101;6;70;73;0;9980;91
260;20240101;7;70;72;0;9990;93
260;20240101;8;60;71;0;10000;93
260;20240101;9;50;71;3;10009;92
260;20240101;10;50;74;10;10020;87
260;20240101;11;40;81;35;10022;87
260;20240101;12;40;89;38;10028;80
260;20240101;13;50;81;20;10032;82
260;20240101;14;50;78;26;10038;83
260;20240101;15;40;78;9;10042;80
260;20240101;16;40;75;1;10049;80
260;20240101;17;40;74;0;10050;83
260;20240101;18;50;68;0;10052;89
260;20240101;19;50;64;0;10050;89
260;20240101;20;40;67;0;10044;84
260;20240101;21;40;70;0;10036;82
260;20240101;22;50;71;0;10027;88
260;20240101;23;50;68;0;10013;93
260;20240101;24;40;68;0;9992;95
260;20240102;1;50;70;0;9969;95
260;20240102;2;60;72;0;9945;96
260;20240102;3;60;76;0;9923;95
260;20240102;4;50;79;0;9908;97
260;20240102;5;60;90;0;9900;98
260;20240102;6;60;105;0;9901;98
260;20240102;7;50;115;0;9910;92
260;20240102;8;50;113;0;9919;91
260;20240102;9;50;112;8;9915;90
260;20240102;10;50;117;20;9917;91
260;20240102;11;40;118;12;9907;92
260;20240102;12;40;117;8;9897;93
260;20240102;13;50;112;9;9879;95
260;20240102;14;50;107;8;9863;96
260;20240102;15;50;111;2;9850;97
260;20240102;16;60;112;0;9830;97
260;20240102;17;70;116;0;9819;94
260;20240102;18;80;127;0;9811;84
260;20240102;19;100;122;0;9812;73
260;20240102;20;110;121;0;9810;71
260;20240102;21;120;107;0;9819;85
260;20240102;22;90;103;0;9827;88
260;20240102;23;90;93;0;9837;95
260;20240102;24;90;98;0;9845;85
260;20240103;1;80;104;0;9853;79
260;20240103;2;100;109;0;9863;74
260;20240103;3;90;108;0;9870;75
260;20240103;4;80;106;0;9873;80
260;20240103;5;70;106;0;9876;81
260;20240103;6;70;102;0;9877;85
260;20240103;7;80;97;0;9880;89
260;20240103;8;60;91;0;9886;90
260;20240103;9;60;99;5;9890;88
260;20240103;10;50;94;8;9896;95
260;20240103;11;60;101;21;9898;88
260;20240103;12;60;106;25;9896;82
260;20240103;13;50;102;32;9891;85
260;20240103;14;50;97;14;9890;90
260;20240103;15;60;91;6;9891;89
260;20240103;16;50;89;1;9887;89
260;20240103;17;40;88;0;9889;92
260;20240103;18;40;86;0;9892;91
260;20240103;19;30;81;0;9897;92
260;20240103;20;40;84;0;9902;93
260;20240103;21;40;81;0;9913;91
260;20240103;22;30;80;0;9920;94
260;20240103;23;30;82;0;9931;95
260;20240103;24;30;83;0;9943;94
260;20240104;1;30;81;0;9955;93
260;20240104;2;30;81;0;9968;93
260;20240104;3;20;78;0;9975;97
260;20240104;4;20;77;0;9981;97
260;20240104;5;20;73;0;9990;97
260;20240104;6;20;73;0;9997;97
260;20240104;7;20;73;0;10005;97
260;20240104;8;10;71;0;10013;97
260;20240104;9;10;75;5;10019;97
260;20240104;10;20;79;8;10025;97
260;20240104;11;30;84;22;10028;94
260;20240104;12;30;91;45;10029;91
260;20240104;13;20;89;30;10028;88
260;20240104;14;30;83;14;10031;85
260;20240104;15;30;81;12;10032;93
260;20240104;16;30;81;3;10035;91
260;20240104;17;30;70;0;10035;92
260;20240104;18;20;63;0;10034;95
260;20240104;19;20;63;0;10031;96
260;20240104;20;20;67;0;10024;93
260;20240104;21;30;69;0;10018;94
260;20240104;22;30;70;0;10009;97
260;20240104;23;40;72;0;9998;97
260;20240104;24;40;75;0;9986;97
260;20240105;1;40;76;0;9979;97
260;20240105;2;40;76;0;9971;97
260;20240105;3;40;84;0;9961;93
260;20240105;4;40;88;0;9952;90
260;20240105;5;50;86;0;9943;89
260;20240105;6;50;82;0;9941;92
260;20240105;7;40;77;0;9941;91
260;20240105;8;60;67;0;9941;90
260;20240105;9;40;63;4;9938;95
260;20240105;10;50;59;6;9940;95
260;20240105;11;60;63;9;9939;95
260;20240105;12;60;64;10;9931;95
260;20240105;13;60;74;3;9928;97
260;20240105;14;50;72;9;9945;94
260;20240105;15;30;70;5;9960;96
260;20240105;16;30;67;1;9973;94
260;20240105;17;20;68;0;9984;93
260;20240105;18;20;68;0;9992;92
260;20240105;19;10;69;0;9999;94
260;20240105;20;10;69;0;10007;93
260;20240105;21;20;68;0;10015;94
260;20240105;22;30;59;0;10024;94
260;20240105;23;40;56;0;10031;92
260;20240105;24;40;51;0;10037;91
260;20240106;1;30;47;0;10043;89
260;20240106;2;30;45;0;10052;90
260;20240106;3;40;43;0;10058;87
260;20240106;4;40;41;0;10065;89
260;20240106;5;40;38;0;10070;91
260;20240106;6;40;37;0;10077;91
260;20240106;7;40;34;0;10086;92
260;20240106;8;40;34;0;10097;93
260;20240106;9;40;34;2;10104;92
260;20240106;10;40;38;12;10113;83
260;20240106;11;40;39;9;10119;82
260;20240106;12;40;37;5;10122;84
260;20240106;13;40;36;6;10125;85
260;20240106;14;40;35;5;10129;86
260;20240106;15;40;35;3;10136;85
260;20240106;16;40;35;1;10143;81
260;20240106;17;50;34;0;10148;80
260;20240106;18;40;31;0;10152;80
260;20240106;19;40;25;0;10157;79
260;20240106;20;40;18;0;10162;80
260;20240106;21;40;15;0;10167;83
260;20240106;22;40;11;0;10169;84
260;20240106;23;40;10;0;10175;87
260;20240106;24;40;7;0;10180;88
260;20240107;1;30;4;0;10186;94
260;20240107;2;30;6;0;10191;91
260;20240107;3;40;5;0;10194;91
260;20240107;4;40;4;0;10200;90
260;20240107;5;50;4;0;10208;86
260;20240107;6;40;5;0;10214;84
260;20240107;7;40;5;0;10222;84
260;20240107;8;50;3;0;10233;84
260;20240107;9;50;1;4;10240;81
260;20240107;10;50;1;8;10249;80
260;20240107;11;50;3;32;10255;74
260;20240107;12;60;8;85;10256;69
260;20240107;13;60;10;78;10261;65
260;20240107;14;60;7;68;10264;66
260;20240107;15;60;5;39;10274;65
260;20240107;16;40;-4;6;10281;69
260;20240107;17;30;-9;0;10288;75
260;20240107;18;30;-10;0;10294;81
260;20240107;19;30;-13;0;10300;84
260;20240107;20;30;-15;0;10304;86
260;20240107;21;30;-17;0;10306;84
260;20240107;22;40;-20;0;10308;83
260;20240107;23;50;-16;0;10310;75
260;20240107;24;60;-19;0;10313;72
260;20240108;1;50;-24;0;10313;71
260;20240108;2;40;-28;0;10317;71
260;20240108;3;40;-31;0;10319;74
260;20240108;4;40;-32;0;10320;78
260;20240108;5;30;-24;0;10320;78
260;20240108;6;40;-17;0;10319;79
260;20240108;7;40;-14;0;10318;78
260;20240108;8;40;-11;0;10323;73
260;20240108;9;60;-12;6;10327;74
260;20240108;10;60;-11;21;10332;75
260;20240108;11;50;-10;26;10329;77
260;20240108;12;60;-6;41;10326;70
260;20240108;13;60;2;53;10321;59
260;20240108;14;70;2;71;10320;52
260;20240108;15;60;-7;32;10324;55
260;20240108;16;60;-13;3;10329;58
260;20240108;17;60;-17;0;10332;64
260;20240108;18;60;-18;0;10336;67
260;20240108;19;70;-20;0;10339;68
260;20240108;20;60;-22;0;10340;68
260;20240108;21;60;-25;0;10341;67
260;20240108;22;50;-28;0;10343;70
260;20240108;23;60;-29;0;10345;71
260;20240108;24;60;-32;0;10345;70
260;20240109;1;50;-35;0;10344;72
260;20240109;2;50;-38;0;10344;72
260;20240109;3;40;-42;0;10342;75
260;20240109;4;50;-43;0;10340;75
260;20240109;5;50;-46;0;10339;75
260;20240109;6;40;-48;0;10340;72
260;20240109;7;40;-53;0;10343;72
260;20240109;8;50;-53;1;10348;67
260;20240109;9;50;-47;21;10350;63
260;20240109;10;50;-36;57;10351;55
260;20240109;11;60;-22;85;10348;46
260;20240109;12;50;-9;98;10341;41
260;20240109;13;50;0;94;10335;39
260;20240109;14;50;0;74;10331;38
260;20240109;15;50;-5;41;10330;40
260;20240109;16;50;-16;8;10331;45
260;20240109;17;40;-23;0;10332;48
260;20240109;18;50;-26;0;10331;47
260;20240109;19;50;-27;0;10330;46
260;20240109;20;50;-31;0;10329;47
260;20240109;21;40;-34;0;10327;49
260;20240109;22;30;-37;0;10325;52
260;20240109;23;30;-43;0;10325;59
260;20240109;24;30;-45;0;10322;65
260;20240110;1;30;-49;0;10319;69
260;20240110;2;40;-49;0;10314;70
260;20240110;3;30;-53;0;10313;73
260;20240110;4;30;-58;0;10310;76
260;20240110;5;30;-56;0;10306;73
260;20240110;6;40;-55;0;10304;71
260;20240110;7;30;-60;0;10304;73
260;20240110;8;30;-61;1;10308;73
260;20240110;9;30;-47;21;10306;63
260;20240110;10;40;-30;56;10305;54
260;20240110;11;40;-8;82;10303;44
260;20240110;12;40;1;94;10300;40
260;20240110;13;40;8;90;10297;39
260;20240110;14;40;8;70;10297;41
260;20240110;15;40;4;38;10298;43
260;20240110;16;30;-10;7;10300;50
260;20240110;17;30;-19;0;10305;53
260;20240110;18;20;-25;0;10310;56
260;20240110;19;30;-27;0;10313;56
260;20240110;20;30;-29;0;10317;57
260;20240110;21;20;-36;0;10322;62
260;20240110;22;30;-38;0;10326;65
260;20240110;23;30;-43;0;10329;68
260;20240110;24;20;-48;0;10331;72
260;20240111;1;20;-51;0;10331;76
260;20240111;2;20;-53;0;10334;79
260;20240111;3;30;-56;0;10334;82
260;20240111;4;20;-59;0;10335;87
260;20240111;5;20;-64;0;10341;89
260;20240111;6;20;-73;0;10338;91
260;20240111;7;20;-72;0;10350;93
260;20240111;8;20;-72;1;10347;95
260;20240111;9;20;-51;31;10353;86
260;20240111;10;20;-34;55;10358;80
260;20240111;11;20;-17;24;10359;90
260;20240111;12;20;-4;26;10357;88
260;20240111;13;10;5;32;10349;86
260;20240111;14;10;13;23;10346;84
260;20240111;15;20;14;8;10343;86
260;20240111;16;10;10;2;10341;92
260;20240111;17;20;10;0;10342;92
260;20240111;18;20;10;0;10341;95
260;20240111;19;10;9;0;10339;94
260;20240111;20;10;9;0;10343;95
260;20240111;21;10;10;0;10345;94
260;20240111;22;10;11;0;10344;97
260;20240111;23;10;11;0;10346;94
260;20240111;24;20;29;0;10345;85
260;20240112;1;20;30;0;10347;83
260;20240112;2;10;24;0;10347;86
260;20240112;3;20;30;0;10344;84
260;20240112;4;20;30;0;10342;86
260;20240112;5;10;19;0;10338;92
260;20240112;6;10;16;0;10341;94
260;20240112;7;10;16;0;10340;93
260;20240112;8;10;16;0;10339;94
260;20240112;9;10;25;7;10342;95
260;20240112;10;20;37;14;10341;86
260;20240112;11;20;45;19;10337;81
260;20240112;12;20;51;24;10335;79
260;20240112;13;20;50;38;10327;86
260;20240112;14;20;50;30;10323;88
260;20240112;15;20;47;14;10320;90
260;20240112;16;20;41;3;10317;94
260;20240112;17;20;37;0;10319;97
260;20240112;18;10;32;0;10315;98
260;20240112;19;20;32;0;10313;97
260;20240112;20;10;31;0;10310;98
260;20240112;21;10;33;0;10309;97
260;20240112;22;20;34;0;10302;98
260;20240112;23;10;32;0;10295;98
260;20240112;24;10;32;0;10289;98
260;20240113;1;20;32;0;10280;98
260;20240113;2;20;30;0;10277;98
260;20240113;3;30;32;0;10266;98
260;20240113;4;30;30;0;10259;98
260;20240113;5;30;33;0;10255;98
260;20240113;6;30;34;0;10252;97
260;20240113;7;30;36;0;10242;96
260;20240113;8;30;40;0;10236;91
260;20240113;9;40;39;2;10235;88
260;20240113;10;30;40;5;10231;87
260;20240113;11;40;38;8;10228;84
260;20240113;12;40;40;18;10216;82
260;20240113;13;40;40;16;10213;84
260;20240113;14;40;38;19;10203;86
260;20240113;15;40;38;15;10199;88
260;20240113;16;40;32;4;10198;95
260;20240113;17;50;31;0;10192;97
260;20240113;18;40;31;0;10189;98
260;20240113;19;40;33;0;10186;97
260;20240113;20;40;38;0;10179;96
260;20240113;21;40;37;0;10171;96
260;20240113;22;40;35;0;10163;98
260;20240113;23;40;35;0;10159;98
260;20240113;24;40;33;0;10156;98
260;20240114;1;30;31;0;10149;98
260;20240114;2;30;29;0;10143;98
260;20240114;3;30;28;0;10140;98
260;20240114;4;30;26;0;10132;98
260;20240114;5;40;28;0;10127;97
260;20240114;6;40;26;0;10121;96
260;20240114;7;40;24;0;10115;97
260;20240114;8;40;24;0;10115;98
260;20240114;9;40;27;6;10110;97
260;20240114;10;40;30;9;10108;96
260;20240114;11;50;31;6;10102;97
260;20240114;12;50;35;29;10089;96
260;20240114;13;50;34;48;10079;94
260;20240114;14;50;34;27;10070;93
260;20240114;15;50;29;10;10064;93
260;20240114;16;30;26;1;10059;97
260;20240114;17;40;24;0;10053;97
260;20240114;18;40;31;0;10048;92
260;20240114;19;40;30;0;10043;90
260;20240114;20;40;27;0;10040;92
260;20240114;21;40;30;0;10037;91
260;20240114;22;40;21;0;10036;93
260;20240114;23;30;26;0;10034;87
260;20240114;24;30;16;0;10032;91
260;20240115;1;30;24;0;10024;77
260;20240115;2;40;23;0;10023;80
260;20240115;3;30;16;0;10023;88
260;20240115;4;30;22;0;10019;88
260;20240115;5;30;18;0;10015;90
260;20240115;6;30;12;0;10013;94
260;20240115;7;20;10;0;10010;96
260;20240115;8;30;10;0;10014;96
260;20240115;9;30;8;7;10014;95
260;20240115;10;30;12;19;10015;95
260;20240115;11;40;25;58;10018;88
260;20240115;12;40;18;23;10021;90
260;20240115;13;30;18;48;10027;89
260;20240115;14;30;28;36;10029;81
260;20240115;15;30;30;30;10035;75
260;20240115;16;40;25;6;10042;76
260;20240115;17;30;21;0;10050;80
260;20240115;18;30;19;0;10055;81
260;20240115;19;30;16;0;10061;84
260;20240115;20;30;9;0;10068;93
260;20240115;21;30;8;0;10073;92
260;20240115;22;30;6;0;10075;92
260;20240115;23;30;7;0;10081;91
260;20240115;24;20;-1;0;10085;93
260;20240116;1;20;0;0;10089;89
260;20240116;2;30;4;0;10092;98
260;20240116;3;20;-1;0;10089;97
260;20240116;4;20;2;0;10089;94
260;20240116;5;30;5;0;10087;94
260;20240116;6;30;3;0;10083;98
260;20240116;7;20;2;0;10082;97
260;20240116;8;20;2;0;10084;96
260;20240116;9;30;5;12;10084;87
260;20240116;10;40;11;30;10083;81
260;20240116;11;40;24;89;10080;71
260;20240116;12;40;28;110;10074;65
260;20240116;13;40;28;102;10071;69
260;20240116;14;40;30;71;10065;65
260;20240116;15;40;18;44;10061;74
260;20240116;16;40;16;5;10059;76
260;20240116;17;50;13;0;10059;76
260;20240116;18;50;12;0;10054;74
260;20240116;19;50;11;0;10047;73
260;20240116;20;60;2;0;10045;75
260;20240116;21;40;-3;0;10039;74
260;20240116;22;50;-6;0;10030;75
260;20240116;23;40;-7;0;10020;78
260;20240116;24;40;-12;0;10014;81
260;20240117;1;40;-16;0;10005;82
260;20240117;2;30;-19;0;9997;84
260;20240117;3;30;-26;0;9986;87
260;20240117;4;30;-23;0;9976;86
260;20240117;5;30;-26;0;9963;85
260;20240117;6;30;-31;0;9952;86
260;20240117;7;30;-30;0;9944;86
260;20240117;8;30;-29;0;9939;86
260;20240117;9;20;-28;11;9931;87
260;20240117;10;20;-22;24;9925;85
260;20240117;11;20;-18;37;9917;81
260;20240117;12;20;-12;41;9909;80
260;20240117;13;10;-9;37;9897;77
260;20240117;14;10;-7;26;9893;79
260;20240117;15;10;-6;14;9891;76
260;20240117;16;10;-5;4;9892;78
260;20240117;17;20;-2;0;9893;76
260;20240117;18;20;-3;0;9899;78
260;20240117;19;20;-3;0;9904;80
260;20240117;20;20;-3;0;9911;83
260;20240117;21;20;-1;0;9917;85
260;20240117;22;20;-5;0;9923;89
260;20240117;23;20;-21;0;9930;97
260;20240117;24;20;-22;0;9935;98
260;20240118;1;20;-29;0;9942;97
260;20240118;2;10;-45;0;9947;98
260;20240118;3;20;-44;0;9950;97
260;20240118;4;20;-44;0;9953;97
260;20240118;5;20;-53;0;9957;97
260;20240118;6;10;-60;0;9964;95
260;20240118;7;10;-63;0;9972;96
260;20240118;8;0;-60;1;9979;95
260;20240118;9;10;-20;43;9989;96
260;20240118;10;10;19;78;10000;81
260;20240118;11;20;24;90;10012;75
260;20240118;12;30;24;74;10018;83
260;20240118;13;30;31;98;10027;78
260;20240118;14;30;33;79;10036;78
260;20240118;15;30;34;49;10050;76
260;20240118;16;20;10;12;10064;86
260;20240118;17;10;-19;0;10078;97
260;20240118;18;10;-31;0;10088;96
260;20240118;19;20;-37;0;10097;97
260;20240118;20;20;-41;0;10106;97
260;20240118;21;20;-38;0;10114;96
260;20240118;22;30;-3;0;10120;81
260;20240118;23;20;3;0;10126;85
260;20240118;24;30;11;0;10130;84
260;20240119;1;40;8;0;10134;86
260;20240119;2;30;3;0;10137;87
260;20240119;3;30;6;0;10141;81
260;20240119;4;30;6;0;10146;80
260;20240119;5;30;1;0;10156;97
260;20240119;6;20;-11;0;10166;97
260;20240119;7;30;-7;0;10174;97
260;20240119;8;30;-2;2;10183;95
260;20240119;9;20;3;25;10188;92
260;20240119;10;30;12;50;10196;90
260;20240119;11;30;35;90;10200;82
260;20240119;12;40;43;100;10201;77
260;20240119;13;40;48;95;10206;73
260;20240119;14;40;51;75;10207;68
260;20240119;15;40;42;40;10211;69
260;20240119;16;40;31;7;10216;72
260;20240119;17;30;21;0;10224;80
260;20240119;18;40;18;0;10227;82
260;20240119;19;40;14;0;10233;85
260;20240119;20;40;14;0;10238;87
260;20240119;21;50;11;0;10238;89
260;20240119;22;50;6;0;10243;89
260;20240119;23;50;3;0;10249;88
260;20240119;24;50;0;0;10254;87
260;20240120;1;50;-9;0;10255;90
260;20240120;2;50;-12;0;10258;91
260;20240120;3;50;-14;0;10259;92
260;20240120;4;50;-13;0;10262;92
260;20240120;5;50;-13;0;10264;92
260;20240120;6;50;-12;0;10267;92
260;20240120;7;50;-14;0;10270;92
260;20240120;8;50;-13;2;10273;92
260;20240120;9;60;-8;19;10278;92
260;20240120;10;50;-2;31;10282;92
260;20240120;11;50;1;66;10285;90
260;20240120;12;50;9;81;10277;84
260;20240120;13;50;14;87;10273;78
260;20240120;14;40;20;88;10271;73
260;20240120;15;40;12;44;10271;70
260;20240120;16;40;5;8;10272;74
260;20240120;17;40;0;0;10270;75
260;20240120;18;50;-1;0;10266;71
260;20240120;19;50;-2;0;10266;69
260;20240120;20;40;-8;0;10263;73
260;20240120;21;40;-11;0;10254;75
260;20240120;22;30;-8;0;10248;75
260;20240120;23;40;-7;0;10237;73
260;20240120;24;40;-10;0;10231;73
260;20240121;1;40;-3;0;10223;64
260;20240121;2;50;-7;0;10211;64
260;20240121;3;50;-7;0;10199;63
260;20240121;4;50;-2;0;10191;61
260;20240121;5;50;9;0;10181;59
260;20240121;6;60;15;0;10176;58
260;20240121;7;60;16;0;10169;59
260;20240121;8;60;20;1;10178;57
260;20240121;9;60;26;10;10179;63
260;20240121;10;70;32;17;10178;72
260;20240121;11;60;36;19;10177;79
260;20240121;12;60;40;17;10177;80
260;20240121;13;60;47;18;10175;82
260;20240121;14;70;49;11;10168;84
260;20240121;15;60;51;9;10166;85
260;20240121;16;70;49;6;10161;85
260;20240121;17;60;50;0;10159;86
260;20240121;18;70;50;0;10154;86
260;20240121;19;70;52;0;10144;87
260;20240121;20;80;57;0;10129;87
260;20240121;21;80;64;0;10115;85
260;20240121;22;80;69;0;10093;89
260;20240121;23;100;78;0;10078;89
260;20240121;24;90;92;0;10063;82
260;20240122;1;90;96;0;10055;82
260;20240122;2;80;98;0;10042;85
260;20240122;3;90;106;0;10027;85
260;20240122;4;110;113;0;10021;85
260;20240122;5;110;114;0;10017;88
260;20240122;6;100;119;0;10021;85
260;20240122;7;90;116;0;10024;88
260;20240122;8;90;116;0;10030;85
260;20240122;9;70;106;4;10038;92
260;20240122;10;60;98;9;10048;85
260;20240122;11;60;104;60;10059;79
260;20240122;12;70;108;95;10065;71
260;20240122;13;80;107;88;10073;67
260;20240122;14;80;105;70;10075;70
260;20240122;15;80;99;44;10081;70
260;20240122;16;70;92;12;10091;74
260;20240122;17;60;84;0;10101;75
260;20240122;18;60;82;0;10108;79
260;20240122;19;50;76;0;10118;82
260;20240122;20;60;76;0;10126;82
260;20240122;21;70;61;0;10130;90
260;20240122;22;60;77;0;10132;79
260;20240122;23;60;79;0;10145;75
260;20240122;24;70;80;0;10155;74
260;20240123;1;70;79;0;10167;70
260;20240123;2;60;76;0;10175;70
260;20240123;3;50;73;0;10186;75
260;20240123;4;60;71;0;10196;73
260;20240123;5;50;74;0;10209;72
260;20240123;6;50;69;0;10220;75
260;20240123;7;50;66;0;10228;76
260;20240123;8;40;57;1;10233;81
260;20240123;9;40;62;25;10244;81
260;20240123;10;60;68;56;10246;79
260;20240123;11;50;73;80;10244;79
260;20240123;12;50;81;74;10234;77
260;20240123;13;60;81;77;10224;78
260;20240123;14;60;83;16;10218;80
260;20240123;15;50;79;8;10204;90
260;20240123;16;60;78;2;10187;93
260;20240123;17;70;79;0;10177;94
260;20240123;18;70;83;0;10165;94
260;20240123;19;80;91;0;10154;96
260;20240123;20;80;101;0;10142;95
260;20240123;21;90;110;0;10135;95
260;20240123;22;90;122;0;10129;89
260;20240123;23;100;130;0;10122;85
260;20240123;24;100;134;0;10116;84
260;20240124;1;100;121;0;10120;95
260;20240124;2;90;125;0;10115;91
260;20240124;3;100;127;0;10121;84
260;20240124;4;90;118;0;10123;82
260;20240124;5;90;112;0;10129;79
260;20240124;6;90;113;0;10142;71
260;20240124;7;90;106;0;10154;70
260;20240124;8;80;102;1;10162;68
260;20240124;9;80;105;18;10172;67
260;20240124;10;80;109;50;10184;66
260;20240124;11;80;108;68;10195;67
260;20240124;12;80;110;61;10209;63
260;20240124;13;80;107;61;10218;65
260;20240124;14;80;105;38;10227;66
260;20240124;15;70;102;23;10238;68
260;20240124;16;60;98;9;10244;71
260;20240124;17;50;97;0;10251;70
260;20240124;18;40;93;0;10256;73
260;20240124;19;40;91;0;10257;74
260;20240124;20;40;90;0;10261;74
260;20240124;21;40;91;0;10263;73
260;20240124;22;40;94;0;10264;72
260;20240124;23;50;90;0;10269;74
260;20240124;24;40;80;0;10274;79
260;20240125;1;30;72;0;10277;82
260;20240125;2;20;64;0;10281;86
260;20240125;3;20;60;0;10285;88
260;20240125;4;20;54;0;10285;89
260;20240125;5;20;34;0;10287;92
260;20240125;6;20;40;0;10289;95
260;20240125;7;30;46;0;10290;95
260;20240125;8;20;29;2;10292;97
260;20240125;9;20;47;19;10294;95
260;20240125;10;20;60;37;10290;92
260;20240125;11;20;68;49;10289;89
260;20240125;12;20;76;40;10278;84
260;20240125;13;30;78;36;10272;85
260;20240125;14;30;81;25;10262;85
260;20240125;15;30;77;11;10258;94
260;20240125;16;40;76;3;10254;98
260;20240125;17;40;75;0;10250;98
260;20240125;18;30;79;0;10247;98
260;20240125;19;30;86;0;10243;98
260;20240125;20;30;92;0;10236;98
260;20240125;21;40;96;0;10234;98
260;20240125;22;40;98;0;10230;98
260;20240125;23;40;99;0;10228;96
260;20240125;24;40;99;0;10224;95
260;20240126;1;40;99;0;10221;94
260;20240126;2;40;102;0;10212;93
260;20240126;3;50;106;0;10202;92
260;20240126;4;50;108;0;10195;92
260;20240126;5;60;111;0;10183;92
260;20240126;6;70;108;0;10176;96
260;20240126;7;70;111;0;10172;95
260;20240126;8;80;112;0;10177;95
260;20240126;9;70;109;2;10184;94
260;20240126;10;80;88;20;10207;80
260;20240126;11;80;93;94;10225;68
260;20240126;12;80;90;104;10243;65
260;20240126;13;80;84;67;10259;65
260;20240126;14;70;79;27;10270;67
260;20240126;15;60;79;26;10281;67
260;20240126;16;50;71;23;10296;71
260;20240126;17;40;65;1;10303;74
260;20240126;18;30;59;0;10313;76
260;20240126;19;30;52;0;10321;79
260;20240126;20;20;42;0;10327;82
260;20240126;21;30;44;0;10329;84
260;20240126;22;30;41;0;10332;84
260;20240126;23;30;44;0;10337;82
260;20240126;24;30;41;0;10341;84
260;20240127;1;30;32;0;10342;88
260;20240127;2;20;29;0;10343;90
260;20240127;3;20;22;0;10343;93
260;20240127;4;20;23;0;10346;92
260;20240127;5;30;25;0;10349;91
260;20240127;6;30;25;0;10345;92
260;20240127;7;20;22;0;10345;93
260;20240127;8;30;23;4;10352;92
260;20240127;9;30;38;35;10352;87
260;20240127;10;30;55;72;10359;82
260;20240127;11;30;66;97;10358;78
260;20240127;12;40;75;108;10355;70
260;20240127;13;40;79;110;10352;67
260;20240127;14;40;77;73;10350;69
260;20240127;15;40;71;45;10351;75
260;20240127;16;30;64;18;10350;77
260;20240127;17;20;53;0;10349;81
260;20240127;18;20;47;0;10350;85
260;20240127;19;20;37;0;10347;89
260;20240127;20;30;32;0;10347;88
260;20240127;21;20;14;0;10344;94
260;20240127;22;20;-3;0;10341;98
260;20240127;23;30;8;0;10333;91
260;20240127;24;20;2;0;10329;93
260;20240128;1;30;-12;0;10324;96
260;20240128;2;30;7;0;10317;88
260;20240128;3;30;3;0;10316;90
260;20240128;4;30;5;0;10309;88
260;20240128;5;30;4;0;10305;87
260;20240128;6;40;2;0;10297;88
260;20240128;7;30;1;0;10295;88
260;20240128;8;30;2;5;10293;85
260;20240128;9;30;17;37;10290;79
260;20240128;10;30;32;75;10286;75
260;20240128;11;30;52;101;10281;65
260;20240128;12;40;71;118;10271;60
260;20240128;13;40;83;116;10263;56
260;20240128;14;50;85;92;10257;60
260;20240128;15;40;82;56;10252;63
260;20240128;16;40;68;10;10248;69
260;20240128;17;40;64;1;10249;70
260;20240128;18;40;63;0;10245;69
260;20240128;19;40;61;0;10242;70
260;20240128;20;40;55;0;10244;72
260;20240128;21;40;54;0;10243;72
260;20240128;22;30;44;0;10243;76
260;20240128;23;30;46;0;10244;75
260;20240128;24;40;44;0;10244;74
260;20240129;1;30;39;0;10243;78
260;20240129;2;30;32;0;10245;81
260;20240129;3;20;32;0;10245;82
260;20240129;4;20;18;0;10247;88
260;20240129;5;30;36;0;10245;82
260;20240129;6;20;29;0;10247;85
260;20240129;7;20;28;0;10250;87
260;20240129;8;20;33;3;10256;87
260;20240129;9;20;47;20;10258;83
260;20240129;10;20;63;41;10259;80
260;20240129;11;30;85;84;10262;76
260;20240129;12;30;102;104;10260;75
260;20240129;13;30;110;102;10259;74
260;20240129;14;30;107;71;10257;76
260;20240129;15;30;105;35;10259;78
260;20240129;16;20;94;14;10262;81
260;20240129;17;20;85;1;10265;84
260;20240129;18;20;65;0;10263;92
260;20240129;19;30;83;0;10263;85
260;20240129;20;30;77;0;10261;89
260;20240129;21;30;77;0;10260;91
260;20240129;22;30;72;0;10259;93
260;20240129;23;30;69;0;10258;93
260;20240129;24;30;75;0;10257;92
260;20240130;1;30;74;0;10255;91
260;20240130;2;30;70;0;10250;92
260;20240130;3;20;63;0;10249;94
260;20240130;4;20;70;0;10246;92
260;20240130;5;20;71;0;10243;91
260;20240130;6;30;80;0;10242;89
260;20240130;7;30;90;0;10245;87
260;20240130;8;40;101;2;10248;84
260;20240130;9;50;106;13;10250;84
260;20240130;10;50;110;15;10254;83
260;20240130;11;60;114;35;10256;79
260;20240130;12;70;101;47;10260;79
260;20240130;13;70;93;28;10266;80
260;20240130;14;70;85;29;10268;88
260;20240130;15;60;79;13;10274;96
260;20240130;16;50;77;3;10284;98
260;20240130;17;40;76;0;10294;96
260;20240130;18;30;72;0;10304;95
260;20240130;19;30;70;0;10312;94
260;20240130;20;30;70;0;10319;93
260;20240130;21;30;64;0;10328;92
260;20240130;22;20;57;0;10334;93
260;20240130;23;20;51;0;10336;94
260;20240130;24;10;44;0;10339;97
260;20240131;1;20;54;0;10345;91
260;20240131;2;20;54;0;10343;93
260;20240131;3;10;52;0;10340;95
260;20240131;4;10;51;0;10335;96
260;20240131;5;20;53;0;10335;92
260;20240131;6;20;60;0;10330;77
260;20240131;7;20;58;0;10340;88
260;20240131;8;30;62;1;10340;80
260;20240131;9;30;65;8;10331;77
260;20240131;10;30;67;19;10331;82
260;20240131;11;30;69;20;10325;86
260;20240131;12;40;72;28;10310;83
260;20240131;13;50;72;19;10305;75
260;20240131;14;50;75;34;10294;72
260;20240131;15;50;78;22;10288;67
260;20240131;16;50;74;7;10282;68
260;20240131;17;60;71;0;10271;71
260;20240131;18;60;74;0;10270;70
260;20240131;19;60;70;0;10259;71
260;20240131;20;70;69;0;10250;73
260;20240131;21;70;71;0;10247;76
260;20240131;22;70;75;0;10239;80
260;20240131;23;60;71;0;10237;95
260;20240131;24;60;76;0;10237;97
260;20240201;1;40;91;0;10234;98
260;20240201;2;50;96;0;10239;94
260;20240201;3;50;85;0;10246;91
260;20240201;4;40;68;0;10259;85
260;20240201;5;20;51;0;10270;86
260;20240201;6;20;40;0;10277;89
260;20240201;7;20;40;0;10284;91
260;20240201;8;20;39;4;10295;90
260;20240201;9;20;58;37;10302;82
260;20240201;10;30;73;73;10311;80
260;20240201;11;40;83;96;10313;76
260;20240201;12;40;84;101;10314;71
260;20240201;13;40;79;53;10316;73
260;20240201;14;30;81;48;10315;74
260;20240201;15;30;81;65;10318;74
260;20240201;16;30;74;17;10322;78
260;20240201;17;30;62;1;10324;83
260;20240201;18;30;59;0;10325;86
260;20240201;19;30;50;0;10326;90
260;20240201;20;30;46;0;10326;92
260;20240201;21;30;50;0;10323;91
260;20240201;22;30;54;0;10319;91
260;20240201;23;30;55;0;10315;91
260;20240201;24;40;58;0;10306;87
260;20240202;1;40;60;0;10302;87
260;20240202;2;40;60;0;10292;85
260;20240202;3;40;58;0;10288;84
260;20240202;4;50;59;0;10284;84
260;20240202;5;50;59;0;10279;85
260;20240202;6;50;56;0;10276;89
260;20240202;7;50;56;0;10274;92
260;20240202;8;50;60;5;10274;92
260;20240202;9;50;66;25;10270;91
260;20240202;10;60;75;33;10270;91
260;20240202;11;70;83;42;10271;90
260;20240202;12;60;85;31;10267;91
260;20240202;13;50;89;30;10263;90
260;20240202;14;60;89;29;10258;91
260;20240202;15;50;90;14;10255;91
260;20240202;16;50;89;4;10253;93
260;20240202;17;50;88;1;10254;94
260;20240202;18;50;86;0;10261;96
260;20240202;19;40;86;0;10261;95
260;20240202;20;50;86;0;10262;95
260;20240202;21;50;85;0;10261;96
260;20240202;22;60;89;0;10260;95
260;20240202;23;50;89;0;10257;95
260;20240202;24;50;91;0;10258;93
260;20240203;1;50;91;0;10255;92
260;20240203;2;50;96;0;10253;90
260;20240203;3;50;95;0;10248;93
260;20240203;4;40;101;0;10248;87
260;20240203;5;40;99;0;10247;89
260;20240203;6;40;99;0;10246;89
260;20240203;7;40;101;0;10247;88
260;20240203;8;40;100;1;10250;89
260;20240203;9;50;102;14;10250;88
260;20240203;10;50;105;29;10251;88
260;20240203;11;50;108;26;10251;88
260;20240203;12;50;104;26;10248;93
260;20240203;13;50;108;23;10244;93
260;20240203;14;60;111;28;10243;88
260;20240203;15;50;113;23;10243;86
260;20240203;16;40;111;7;10244;86
260;20240203;17;40;103;1;10242;88
260;20240203;18;40;97;0;10243;91
260;20240203;19;40;95;0;10243;93
260;20240203;20;40;94;0;10242;94
260;20240203;21;40;96;0;10240;94
260;20240203;22;40;100;0;10235;94
260;20240203;23;40;101;0;10230;96
260;20240203;24;40;103;0;10232;97
260;20240204;1;50;103;0;10230;94
260;20240204;2;40;99;0;10232;92
260;20240204;3;30;97;0;10230;94
260;20240204;4;40;95;0;10231;93
260;20240204;5;30;92;0;10223;92
260;20240204;6;40;94;0;10221;92
260;20240204;7;50;97;0;10216;94
260;20240204;8;50;102;1;10217;88
260;20240204;9;50;103;5;10212;90
260;20240204;10;50;107;17;10214;88
260;20240204;11;50;108;22;10215;89
260;20240204;12;40;107;19;10210;92
260;20240204;13;50;110;19;10207;89
260;20240204;14;50;108;15;10202;89
260;20240204;15;60;112;11;10198;86
260;20240204;16;70;113;10;10195;85
260;20240204;17;60;109;1;10193;87
260;20240204;18;60;111;0;10189;87
260;20240204;19;70;113;0;10185;86
260;20240204;20;70;114;0;10185;84
260;20240204;21;60;111;0;10185;85
260;20240204;22;70;113;0;10187;82
260;20240204;23;80;110;0;10188;82
260;20240204;24;70;107;0;10193;83
260;20240205;1;70;103;0;10194;84
260;20240205;2;60;96;0;10193;87
260;20240205;3;70;97;0;10191;86
260;20240205;4;60;96;0;10192;86
260;20240205;5;60;97;0;10192;84
260;20240205;6;60;95;0;10191;83
260;20240205;7;60;94;0;10192;82
260;20240205;8;60;92;3;10194;85
260;20240205;9;60;91;16;10193;86
260;20240205;10;70;91;31;10193;84
260;20240205;11;80;95;40;10188;81
260;20240205;12;80;102;50;10181;79
260;20240205;13;80;105;50;10177;80
260;20240205;14;80;104;32;10170;79
260;20240205;15;90;102;31;10168;79
260;20240205;16;80;100;9;10166;79
260;20240205;17;80;94;1;10167;86
260;20240205;18;80;88;0;10163;93
260;20240205;19;70;91;0;10158;89
260;20240205;20;70;95;0;10153;85
260;20240205;21;70;95;0;10148;87
260;20240205;22;70;96;0;10144;85
260;20240205;23;70;98;0;10140;83
260;20240205;24;60;97;0;10136;85
260;20240206;1;60;98;0;10130;84
260;20240206;2;60;100;0;10125;82
260;20240206;3;70;102;0;10118;83
260;20240206;4;70;103;0;10113;84
260;20240206;5;70;105;0;10108;85
260;20240206;6;70;106;0;10103;83
260;20240206;7;70;107;0;10098;84
260;20240206;8;70;107;0;10095;84
260;20240206;9;80;112;7;10089;82
260;20240206;10;90;118;29;10079;80
260;20240206;11;90;122;52;10080;77
260;20240206;12;90;120;35;10075;79
260;20240206;13;100;122;34;10070;77
260;20240206;14;90;118;29;10066;77
260;20240206;15;90;116;14;10061;78
260;20240206;16;90;114;9;10058;80
260;20240206;17;90;114;2;10056;81
260;20240206;18;90;113;0;10051;83
260;20240206;19;90;109;0;10043;89
260;20240206;20;100;107;0;10039;92
260;20240206;21;90;109;0;10034;93
260;20240206;22;80;108;0;10028;94
260;20240206;23;60;63;0;10039;96
260;20240206;24;40;55;0;10038;94
260;20240207;1;30;52;0;10042;91
260;20240207;2;30;47;0;10043;92
260;20240207;3;30;43;0;10046;94
260;20240207;4;20;40;0;10044;93
260;20240207;5;20;41;0;10043;94
260;20240207;6;20;42;0;10052;95
260;20240207;7;10;39;0;10053;97
260;20240207;8;10;39;2;10062;97
260;20240207;9;10;44;10;10066;97
260;20240207;10;10;55;29;10068;87
260;20240207;11;20;61;61;10067;74
260;20240207;12;20;65;96;10067;71
260;20240207;13;10;69;117;10063;66
260;20240207;14;10;69;73;10060;63
260;20240207;15;20;65;34;10053;70
260;20240207;16;20;59;18;10050;73
260;20240207;17;20;50;4;10047;81
260;20240207;18;10;38;0;10050;89
260;20240207;19;10;30;0;10048;93
260;20240207;20;10;17;0;10047;97
260;20240207;21;10;10;0;10049;98
260;20240207;22;10;2;0;10045;98
260;20240207;23;0;1;0;10044;98
260;20240207;24;0;-2;0;10044;98
260;20240208;1;0;1;0;10042;98
260;20240208;2;10;3;0;10040;98
260;20240208;3;0;7;0;10036;98
260;20240208;4;0;9;0;10031;98
260;20240208;5;10;8;0;10027;98
260;20240208;6;10;12;0;10024;98
260;20240208;7;10;17;0;10016;96
260;20240208;8;30;24;3;10012;91
260;20240208;9;30;29;16;10005;90
260;20240208;10;30;34;18;9997;87
260;20240208;11;30;39;25;9989;88
260;20240208;12;30;37;26;9981;93
260;20240208;13;40;31;22;9967;93
260;20240208;14;50;28;20;9950;91
260;20240208;15;60;26;9;9933;93
260;20240208;16;60;26;5;9923;97
260;20240208;17;60;26;1;9917;96
260;20240208;18;50;27;0;9910;97
260;20240208;19;50;28;0;9903;98
260;20240208;20;30;32;0;9898;98
260;20240208;21;30;38;0;9890;98
260;20240208;22;30;47;0;9887;98
260;20240208;23;20;62;0;9878;98
260;20240208;24;30;81;0;9869;98
260;20240209;1;30;93;0;9858;98
260;20240209;2;30;95;0;9851;98
260;20240209;3;30;97;0;9840;98
260;20240209;4;40;97;0;9832;98
260;20240209;5;40;99;0;9828;97
260;20240209;6;50;101;0;9825;94
260;20240209;7;40;100;0;9823;94
260;20240209;8;50;103;1;9824;94
260;20240209;9;60;106;11;9826;93
260;20240209;10;50;109;29;9829;94
260;20240209;11;50;118;42;9832;87
260;20240209;12;60;112;28;9835;93
260;20240209;13;40;118;36;9837;86
260;20240209;14;50;127;48;9836;79
260;20240209;15;40;125;49;9836;81
260;20240209;16;40;124;12;9836;79
260;20240209;17;40;121;5;9837;79
260;20240209;18;40;120;0;9839;80
260;20240209;19;30;113;0;9841;84
260;20240209;20;30;109;0;9842;87
260;20240209;21;30;105;0;9843;86
260;20240209;22;30;100;0;9845;88
260;20240209;23;30;100;0;9845;89
260;20240209;24;30;93;0;9849;91
260;20240210;1;30;94;0;9849;92
260;20240210;2;30;95;0;9850;93
260;20240210;3;30;97;0;9848;94
260;20240210;4;30;94;0;9847;95
260;20240210;5;30;96;0;9849;94
260;20240210;6;20;94;0;9852;94
260;20240210;7;20;92;0;9857;94
260;20240210;8;20;93;5;9862;94
260;20240210;9;20;100;25;9866;92
260;20240210;10;30;103;32;9869;92
260;20240210;11;30;109;49;9871;91
260;20240210;12;20;119;75;9868;85
260;20240210;13;20;120;79;9867;84
260;20240210;14;30;121;57;9867;83
260;20240210;15;30;120;42;9868;82
260;20240210;16;20;116;18;9868;84
260;20240210;17;30;108;2;9867;87
260;20240210;18;20;107;0;9871;90
260;20240210;19;20;105;0;9871;92
260;20240210;20;20;100;0;9871;95
260;20240210;21;20;101;0;9872;95
260;20240210;22;20;97;0;9869;97
260;20240210;23;20;99;0;9868;98
260;20240210;24;20;97;0;9865;98
260;20240211;1;20;97;0;9862;98
260;20240211;2;20;95;0;9863;98
260;20240211;3;20;93;0;9859;98
260;20240211;4;10;92;0;9859;98
260;20240211;5;10;92;0;9859;98
260;20240211;6;10;94;0;9862;98
260;20240211;7;40;82;0;9875;98
260;20240211;8;40;78;1;9886;96
260;20240211;9;30;81;11;9893;94
260;20240211;10;40;86;26;9899;93
260;20240211;11;40;90;48;9903;88
260;20240211;12;40;92;29;9905;89
260;20240211;13;30;96;43;9906;87
260;20240211;14;30;100;37;9910;86
260;20240211;15;30;94;17;9916;85
260;20240211;16;30;93;18;9922;87
260;20240211;17;20;89;3;9927;93
260;20240211;18;20;80;0;9934;94
260;20240211;19;20;78;0;9941;97
260;20240211;20;20;82;0;9946;96
260;20240211;21;20;80;0;9953;96
260;20240211;22;20;80;0;9958;96
260;20240211;23;20;76;0;9962;95
260;20240211;24;20;65;0;9967;98
260;20240212;1;20;68;0;9976;98
260;20240212;2;30;71;0;9981;94
260;20240212;3;30;66;0;9984;95
260;20240212;4;30;63;0;9989;95
260;20240212;5;20;64;0;9995;93
260;20240212;6;20;69;0;9997;94
260;20240212;7;30;68;0;10003;93
260;20240212;8;30;67;9;10013;93
260;20240212;9;30;75;38;10022;91
260;20240212;10;30;79;56;10031;91
260;20240212;11;30;88;81;10037;81
260;20240212;12;40;96;98;10040;78
260;20240212;13;40;90;44;10046;76
260;20240212;14;40;92;53;10050;73
260;20240212;15;40;91;48;10061;72
260;20240212;16;40;83;23;10069;75
260;20240212;17;40;71;4;10081;80
260;20240212;18;30;64;0;10094;83
260;20240212;19;30;56;0;10102;86
260;20240212;20;30;55;0;10110;86
260;20240212;21;30;43;0;10117;91
260;20240212;22;30;39;0;10120;93
260;20240212;23;30;41;0;10127;94
260;20240212;24;30;44;0;10133;93
260;20240213;1;30;45;0;10137;93
260;20240213;2;40;46;0;10140;92
260;20240213;3;30;42;0;10141;93
260;20240213;4;40;44;0;10141;90
260;20240213;5;40;41;0;10144;92
260;20240213;6;40;43;0;10145;93
260;20240213;7;40;40;0;10150;92
260;20240213;8;50;44;13;10155;90
260;20240213;9;50;54;40;10158;88
260;20240213;10;50;62;57;10159;86
260;20240213;11;40;83;102;10163;79
260;20240213;12;50;85;76;10161;77
260;20240213;13;50;88;71;10161;75
260;20240213;14;40;93;49;10158;70
260;20240213;15;50;95;40;10158;65
260;20240213;16;40;91;12;10155;67
260;20240213;17;40;79;2;10159;77
260;20240213;18;30;73;0;10156;84
260;20240213;19;30;74;0;10150;85
260;20240213;20;40;75;0;10142;86
260;20240213;21;40;78;0;10135;84
260;20240213;22;50;77;0;10134;92
260;20240213;23;60;76;0;10128;97
260;20240213;24;60;81;0;10123;97
260;20240214;1;60;89;0;10119;96
260;20240214;2;60;92;0;10119;97
260;20240214;3;60;95;0;10121;97
260;20240214;4;60;99;0;10124;97
260;20240214;5;60;101;0;10130;96
260;20240214;6;50;101;0;10132;98
260;20240214;7;50;102;0;10137;98
260;20240214;8;40;105;1;10141;98
260;20240214;9;50;106;8;10144;98
260;20240214;10;50;110;12;10147;96
260;20240214;11;50;113;23;10148;98
260;20240214;12;50;116;19;10145;97
260;20240214;13;40;115;13;10144;98
260;20240214;14;50;120;15;10142;98
260;20240214;15;50;123;11;10141;97
260;20240214;16;50;123;6;10144;97
260;20240214;17;50;123;1;10146;96
260;20240214;18;50;126;0;10151;93
260;20240214;19;50;123;0;10154;95
260;20240214;20;50;122;0;10156;95
260;20240214;21;60;122;0;10158;95
260;20240214;22;50;122;0;10160;93
260;20240214;23;50;121;0;10159;94
260;20240214;24;40;122;0;10161;94
260;20240215;1;30;121;0;10158;94
260;20240215;2;30;122;0;10155;94
260;20240215;3;30;119;0;10152;95
260;20240215;4;30;120;0;10150;94
260;20240215;5;30;118;0;10146;97
260;20240215;6;40;118;0;10141;98
260;20240215;7;40;120;0;10140;98
260;20240215;8;40;119;0;10141;98
260;20240215;9;40;120;6;10140;98
260;20240215;10;40;124;18;10140;95
260;20240215;11;40;130;40;10139;93
260;20240215;12;30;136;38;10134;93
260;20240215;13;40;147;90;10127;88
260;20240215;14;40;155;109;10120;80
260;20240215;15;30;150;63;10116;80
260;20240215;16;30;146;26;10111;81
260;20240215;17;30;140;5;10108;81
260;20240215;18;30;134;0;10107;82
260;20240215;19;30;133;0;10103;80
260;20240215;20;40;128;0;10099;80
260;20240215;21;40;123;0;10092;81
260;20240215;22;40;119;0;10092;81
260;20240215;23;30;111;0;10093;84
260;20240215;24;30;109;0;10091;84
260;20240216;1;30;105;0;10089;86
260;20240216;2;30;104;0;10084;86
260;20240216;3;30;102;0;10081;87
260;20240216;4;20;96;0;10080;89
260;20240216;5;30;94;0;10081;89
260;20240216;6;30;100;0;10080;86
260;20240216;7;30;116;0;10085;80
260;20240216;8;40;123;6;10093;80
260;20240216;9;50;129;24;10098;81
260;20240216;10;50;126;22;10110;85
260;20240216;11;40;116;10;10125;97
260;20240216;12;40;115;20;10132;96
260;20240216;13;30;114;38;10142;95
260;20240216;14;40;111;35;10153;96
260;20240216;15;30;117;23;10160;91
260;20240216;16;30;120;19;10168;89
260;20240216;17;30;115;3;10179;90
260;20240216;18;30;114;0;10190;89
260;20240216;19;30;107;0;10199;90
260;20240216;20;30;102;0;10208;91
260;20240216;21;30;102;0;10217;89
260;20240216;22;20;96;0;10224;92
260;20240216;23;20;93;0;10230;96
260;20240216;24;30;98;0;10237;91
260;20240217;1;30;98;0;10243;91
260;20240217;2;20;100;0;10249;89
260;20240217;3;20;99;0;10254;89
260;20240217;4;20;98;0;10261;91
260;20240217;5;20;97;0;10270;92
260;20240217;6;20;94;0;10279;93
260;20240217;7;20;93;0;10285;94
260;20240217;8;20;94;9;10296;93
260;20240217;9;10;99;28;10302;92
260;20240217;10;20;104;42;10307;90
260;20240217;11;20;111;58;10314;87
260;20240217;12;20;115;62;10318;86
260;20240217;13;30;117;45;10319;83
260;20240217;14;20;121;57;10320;82
260;20240217;15;30;120;40;10320;82
260;20240217;16;30;118;31;10322;80
260;20240217;17;20;112;7;10321;83
260;20240217;18;20;109;0;10321;85
260;20240217;19;20;108;0;10321;86
260;20240217;20;30;110;0;10322;84
260;20240217;21;30;109;0;10319;86
260;20240217;22;30;108;0;10316;85
260;20240217;23;30;102;0;10312;87
260;20240217;24;40;104;0;10307;85
260;20240218;1;40;106;0;10303;84
260;20240218;2;40;109;0;10298;82
260;20240218;3;50;108;0;10292;82
260;20240218;4;50;100;0;10281;88
260;20240218;5;60;99;0;10270;86
260;20240218;6;60;97;0;10263;87
260;20240218;7;60;94;0;10255;89
260;20240218;8;60;91;2;10249;91
260;20240218;9;60;90;10;10244;93
260;20240218;10;60;90;20;10233;92
260;20240218;11;60;88;18;10225;95
260;20240218;12;60;88;16;10208;95
260;20240218;13;50;90;15;10196;96
260;20240218;14;60;94;15;10181;98
260;20240218;15;60;102;14;10178;97
260;20240218;16;50;103;13;10186;96
260;20240218;17;60;95;2;10201;93
260;20240218;18;60;92;0;10213;95
260;20240218;19;50;90;0;10220;96
260;20240218;20;50;90;0;10226;94
260;20240218;21;50;87;0;10235;97
260;20240218;22;40;87;0;10246;95
260;20240218;23;40;87;0;10256;95
260;20240218;24;30;85;0;10264;94
260;20240219;1;30;85;0;10267;94
260;20240219;2;30;85;0;10268;94
260;20240219;3;20;84;0;10268;95
260;20240219;4;20;83;0;10265;95
260;20240219;5;20;86;0;10266;91
260;20240219;6;30;91;0;10264;90
260;20240219;7;30;90;0;10264;92
260;20240219;8;30;95;19;10263;92
260;20240219;9;40;96;28;10266;93
260;20240219;10;40;101;33;10265;87
260;20240219;11;40;107;40;10259;85
260;20240219;12;40;107;38;10252;85
260;20240219;13;50;105;46;10248;87
260;20240219;14;50;97;14;10247;88
260;20240219;15;40;95;11;10246;92
260;20240219;16;40;91;9;10246;95
260;20240219;17;50;88;3;10251;93
260;20240219;18;40;85;0;10259;91
260;20240219;19;40;82;0;10263;87
260;20240219;20;30;78;0;10265;87
260;20240219;21;20;71;0;10270;90
260;20240219;22;20;64;0;10272;94
260;20240219;23;20;62;0;10275;94
260;20240219;24;20;62;0;10277;93
260;20240220;1;20;61;0;10280;93
260;20240220;2;20;67;0;10280;92
260;20240220;3;20;69;0;10279;93
260;20240220;4;20;69;0;10276;93
260;20240220;5;20;65;0;10277;95
260;20240220;6;30;67;0;10275;94
260;20240220;7;30;65;0;10276;94
260;20240220;8;30;71;10;10274;92
260;20240220;9;30;78;31;10275;90
260;20240220;10;40;87;48;10272;86
260;20240220;11;40;93;65;10269;84
260;20240220;12;50;103;91;10262;79
260;20240220;13;50;112;100;10251;69
260;20240220;14;70;102;81;10244;75
260;20240220;15;60;99;41;10245;80
260;20240220;16;60;100;16;10241;81
260;20240220;17;50;100;2;10239;81
260;20240220;18;50;100;0;10237;83
260;20240220;19;50;96;0;10233;86
260;20240220;20;50;96;0;10229;88
260;20240220;21;50;98;0;10227;86
260;20240220;22;50;99;0;10225;85
260;20240220;23;50;97;0;10219;85
260;20240220;24;60;94;0;10212;86
260;20240221;1;50;94;0;10209;87
260;20240221;2;40;93;0;10203;87
260;20240221;3;40;93;0;10196;87
260;20240221;4;40;91;0;10190;87
260;20240221;5;50;91;0;10184;87
260;20240221;6;40;90;0;10176;88
260;20240221;7;50;89;0;10174;88
260;20240221;8;50;88;7;10166;88
260;20240221;9;50;89;26;10159;86
260;20240221;10;50;93;43;10146;83
260;20240221;11;60;98;62;10129;81
260;20240221;12;50;98;35;10120;82
260;20240221;13;60;101;57;10102;79
260;20240221;14;60;103;28;10088;76
260;20240221;15;70;96;23;10067;82
260;20240221;16;70;90;11;10048;89
260;20240221;17;70;88;1;10038;93
260;20240221;18;70;88;0;10027;94
260;20240221;19;70;90;0;10015;94
260;20240221;20;60;91;0;10005;96
260;20240221;21;60;92;0;9995;97
260;20240221;22;60;95;0;9990;98
260;20240221;23;60;99;0;9983;98
260;20240221;24;50;101;0;9980;98
260;20240222;1;50;102;0;9973;98
260;20240222;2;50;103;0;9966;98
260;20240222;3;40;104;0;9961;97
260;20240222;4;40;101;0;9955;96
260;20240222;5;40;100;0;9948;93
260;20240222;6;40;97;0;9943;92
260;20240222;7;30;92;1;9932;95
260;20240222;8;30;94;11;9922;95
260;20240222;9;50;98;28;9907;95
260;20240222;10;40;111;84;9893;88
260;20240222;11;60;111;59;9878;89
260;20240222;12;40;111;31;9853;92
260;20240222;13;50;116;32;9827;96
260;20240222;14;50;120;33;9805;98
260;20240222;15;50;125;18;9782;96
260;20240222;16;60;125;7;9760;93
260;20240222;17;80;130;3;9740;82
260;20240222;18;100;105;1;9754;80
260;20240222;19;80;95;0;9752;92
260;20240222;20;100;71;0;9772;91
260;20240222;21;90;67;0;9794;82
260;20240222;22;70;54;0;9820;88
260;20240222;23;70;43;0;9845;89
260;20240222;24;60;60;0;9860;80
260;20240223;1;60;60;0;9870;81
260;20240223;2;60;61;0;9875;80
260;20240223;3;70;55;0;9879;82
260;20240223;4;60;50;0;9885;85
260;20240223;5;70;50;0;9887;86
260;20240223;6;50;54;0;9887;82
260;20240223;7;60;56;0;9888;81
260;20240223;8;60;59;12;9886;77
260;20240223;9;70;59;17;9884;80
260;20240223;10;80;64;28;9887;80
260;20240223;11;80;68;39;9892;79
260;20240223;12;80;77;58;9897;75
260;20240223;13;70;82;51;9900;71
260;20240223;14;70;84;49;9901;71
260;20240223;15;70;83;62;9906;70
260;20240223;16;50;83;17;9908;70
260;20240223;17;40;78;3;9912;75
260;20240223;18;50;52;0;9924;92
260;20240223;19;30;52;0;9923;91
260;20240223;20;30;48;0;9929;92
260;20240223;21;30;49;0;9929;95
260;20240223;22;30;49;0;9930;95
260;20240223;23;30;40;0;9931;94
260;20240223;24;30;41;0;9932;93
260;20240224;1;40;40;0;9935;93
260;20240224;2;30;36;0;9937;93
260;20240224;3;30;35;0;9939;94
260;20240224;4;30;33;0;9940;95
260;20240224;5;30;32;0;9945;96
260;20240224;6;30;35;0;9950;96
260;20240224;7;30;40;0;9957;95
260;20240224;8;30;49;9;9962;92
260;20240224;9;30;53;15;9967;91
260;20240224;10;40;56;59;9973;87
260;20240224;11;50;60;62;9980;82
260;20240224;12;60;55;37;9984;82
260;20240224;13;40;54;18;9987;84
260;20240224;14;60;52;49;9992;85
260;20240224;15;40;64;32;9994;78
260;20240224;16;40;67;26;9996;76
260;20240224;17;40;59;11;10000;78
260;20240224;18;40;50;0;10005;81
260;20240224;19;30;45;0;10006;85
260;20240224;20;20;52;0;10006;84
260;20240224;21;30;58;0;10003;81
260;20240224;22;40;57;0;10001;83
260;20240224;23;50;57;0;9999;83
260;20240224;24;40;56;0;9994;82
260;20240225;1;30;57;0;9993;83
260;20240225;2;30;55;0;9992;87
260;20240225;3;30;51;0;9991;93
260;20240225;4;40;50;0;9991;96
260;20240225;5;30;52;0;9993;96
260;20240225;6;30;53;0;9995;95
260;20240225;7;30;53;1;9999;96
260;20240225;8;30;56;13;10002;94
260;20240225;9;30;64;43;10005;91
260;20240225;10;40;70;73;10005;86
260;20240225;11;40;75;88;10006;80
260;20240225;12;40;88;70;10004;74
260;20240225;13;30;82;49;10002;75
260;20240225;14;30;76;60;10000;78
260;20240225;15;20;86;95;9997;78
260;20240225;16;20;83;47;9994;73
260;20240225;17;20;77;7;9995;80
260;20240225;18;30;64;0;9999;85
260;20240225;19;30;57;0;9999;88
260;20240225;20;40;56;0;9995;85
260;20240225;21;40;57;0;9996;85
260;20240225;22;50;58;0;9994;85
260;20240225;23;40;58;0;9993;82
260;20240225;24;40;56;0;9996;82
260;20240226;1;40;53;0;9997;83
260;20240226;2;50;52;0;9997;83
260;20240226;3;60;50;0;10003;84
260;20240226;4;50;49;0;10009;84
260;20240226;5;50;49;0;10011;85
260;20240226;6;60;49;0;10017;86
260;20240226;7;60;49;0;10025;88
260;20240226;8;70;49;5;10032;90
260;20240226;9;70;51;20;10040;89
260;20240226;10;70;50;21;10047;89
260;20240226;11;60;52;31;10057;89
260;20240226;12;60;56;46;10063;88
260;20240226;13;60;59;42;10070;85
260;20240226;14;60;59;42;10077;85
260;20240226;15;60;61;43;10086;81
260;20240226;16;60;60;27;10094;82
260;20240226;17;70;53;8;10105;83
260;20240226;18;70;48;0;10117;82
260;20240226;19;60;46;0;10128;84
260;20240226;20;60;45;0;10138;84
260;20240226;21;60;41;0;10147;85
260;20240226;22;50;44;0;10154;84
260;20240226;23;50;39;0;10159;85
260;20240226;24;50;36;0;10163;86
260;20240227;1;40;34;0;10166;87
260;20240227;2;40;34;0;10170;87
260;20240227;3;40;31;0;10172;89
260;20240227;4;30;28;0;10175;91
260;20240227;5;30;27;0;10180;92
260;20240227;6;30;27;0;10184;92
260;20240227;7;30;28;3;10185;92
260;20240227;8;30;37;21;10193;90
260;20240227;9;40;49;69;10194;84
260;20240227;10;50;57;134;10195;79
260;20240227;11;40;71;168;10194;75
260;20240227;12;30;78;186;10191;69
260;20240227;13;20;85;180;10185;66
260;20240227;14;20;87;151;10183;63
260;20240227;15;30;76;95;10183;71
260;20240227;16;20;73;57;10183;67
260;20240227;17;20;56;10;10185;75
260;20240227;18;10;29;0;10187;90
260;20240227;19;10;26;0;10192;92
260;20240227;20;10;23;0;10194;95
260;20240227;21;10;14;0;10200;97
260;20240227;22;20;8;0;10201;98
260;20240227;23;20;22;0;10199;98
260;20240227;24;10;24;0;10200;97
260;20240228;1;20;17;0;10199;98
260;20240228;2;10;1;0;10197;99
260;20240228;3;10;0;0;10198;98
260;20240228;4;20;16;0;10196;98
260;20240228;5;10;27;0;10199;98
260;20240228;6;20;31;0;10200;96
260;20240228;7;10;44;1;10206;95
260;20240228;8;30;48;6;10210;94
260;20240228;9;30;48;26;10213;94
260;20240228;10;30;64;84;10216;88
260;20240228;11;30;72;102;10213;88
260;20240228;12;40;81;88;10210;86
260;20240228;13;40;90;81;10207;83
260;20240228;14;40;90;56;10199;82
260;20240228;15;40;85;28;10195;85
260;20240228;16;40;84;17;10192;89
260;20240228;17;40;81;7;10187;94
260;20240228;18;30;81;0;10185;91
260;20240228;19;40;81;0;10180;88
260;20240228;20;50;82;0;10175;87
260;20240228;21;40;74;0;10170;88
260;20240228;22;50;70;0;10164;88
260;20240228;23;50;69;0;10156;88
260;20240228;24;50;69;0;10149;87
260;20240229;1;50;70;0;10143;86
260;20240229;2;60;71;0;10134;85
260;20240229;3;60;74;0;10126;85
260;20240229;4;60;68;0;10120;96
260;20240229;5;50;67;0;10113;97
260;20240229;6;50;69;0;10107;96
260;20240229;7;60;74;0;10105;95
260;20240229;8;50;77;7;10101;94
260;20240229;9;60;79;14;10099;95
260;20240229;10;50;79;16;10095;97
260;20240229;11;50;82;22;10090;96
260;20240229;12;50;85;27;10085;96
260;20240229;13;40;86;31;10077;98
260;20240229;14;40;87;21;10068;98
260;20240229;15;40;90;17;10058;98
260;20240229;16;40;89;10;10052;96
260;20240229;17;40;87;3;10046;97
260;20240229;18;40;86;0;10041;96
260;20240229;19;40;87;0;10038;96
260;20240229;20;40;88;0;10033;95
260;20240229;21;40;86;0;10029;97
260;20240229;22;40;88;0;10021;96
260;20240229;23;40;85;0;10014;96
260;20240229;24;40;87;0;10010;91
260;20240301;1;40;87;0;10005;90
260;20240301;2;40;86;0;9999;90
260;20240301;3;40;89;0;9991;90
260;20240301;4;50;64;0;10004;95
260;20240301;5;40;62;0;10013;94
260;20240301;6;30;60;0;10018;93
260;20240301;7;30;57;3;10025;91
260;20240301;8;30;62;20;10025;91
260;20240301;9;50;71;87;10027;85
260;20240301;10;50;82;127;10024;78
260;20240301;11;70;85;120;10015;76
260;20240301;12;80;85;159;10005;71
260;20240301;13;70;93;82;10001;66
260;20240301;14;60;98;29;9998;60
260;20240301;15;80;92;33;10000;66
260;20240301;16;60;92;10;9997;69
260;20240301;17;50;91;5;9995;72
260;20240301;18;40;96;0;10000;69
260;20240301;19;40;86;0;9997;72
260;20240301;20;40;89;0;9992;69
260;20240301;21;50;87;0;9983;69
260;20240301;22;60;88;0;9976;66
260;20240301;23;70;86;0;9972;68
260;20240301;24;70;85;0;9972;72
260;20240302;1;50;70;0;9984;87
260;20240302;2;50;67;0;9988;89
260;20240302;3;50;65;0;9987;88
260;20240302;4;40;66;0;9990;84
260;20240302;5;40;62;0;9993;85
260;20240302;6;40;64;0;9998;81
260;20240302;7;40;65;4;10000;79
260;20240302;8;40;69;27;10005;77
260;20240302;9;50;83;86;10005;74
260;20240302;10;60;95;143;10007;64
260;20240302;11;70;103;174;10004;60
260;20240302;12;60;111;179;10002;57
260;20240302;13;60;119;174;9995;50
260;20240302;14;60;116;123;9992;55
260;20240302;15;60;117;61;9987;58
260;20240302;16;60;121;38;9984;57
260;20240302;17;50;119;13;9981;60
260;20240302;18;50;117;1;9985;65
260;20240302;19;60;117;0;9986;66
260;20240302;20;50;114;0;9982;65
260;20240302;21;50;107;0;9982;68
260;20240302;22;50;109;0;9984;67
260;20240302;23;50;111;0;9984;66
260;20240302;24;50;113;0;9982;65
260;20240303;1;50;111;0;9982;66
260;20240303;2;40;112;0;9984;67
260;20240303;3;30;103;0;9984;71
260;20240303;4;30;97;0;9985;75
260;20240303;5;30;84;0;9988;80
260;20240303;6;20;83;0;9994;82
260;20240303;7;30;95;2;9999;76
260;20240303;8;30;100;21;10006;77
260;20240303;9;30;114;58;10002;70
260;20240303;10;20;128;70;10011;66
260;20240303;11;40;129;91;10010;65
260;20240303;12;30;145;174;10009;58
260;20240303;13;30;147;169;10009;57
260;20240303;14;30;158;150;10010;55
260;20240303;15;20;156;102;10015;56
260;20240303;16;30;142;55;10020;60
260;20240303;17;20;134;11;10024;65
260;20240303;18;20;113;0;10035;77
260;20240303;19;30;100;0;10045;82
260;20240303;20;30;92;0;10051;88
260;20240303;21;30;85;0;10057;91
260;20240303;22;40;80;0;10064;93
260;20240303;23;30;79;0;10066;93
260;20240303;24;40;78;0;10075;92
260;20240304;1;40;78;0;10078;89
260;20240304;2;40;78;0;10083;89
260;20240304;3;30;73;0;10091;89
260;20240304;4;40;72;0;10096;87
260;20240304;5;30;71;0;10102;87
260;20240304;6;20;66;0;10107;89
260;20240304;7;10;67;5;10113;90
260;20240304;8;10;75;29;10115;83
260;20240304;9;30;81;75;10120;80
260;20240304;10;30;87;95;10120;75
260;20240304;11;30;97;132;10123;70
260;20240304;12;20;108;185;10122;63
260;20240304;13;20;110;193;10122;61
260;20240304;14;20;113;175;10119;58
260;20240304;15;20;113;133;10117;59
260;20240304;16;20;111;85;10118;53
260;20240304;17;10;101;29;10120;59
260;20240304;18;20;79;1;10123;77
260;20240304;19;20;62;0;10125;85
260;20240304;20;10;49;0;10127;93
260;20240304;21;20;38;0;10128;96
260;20240304;22;20;36;0;10127;97
260;20240304;23;10;20;0;10127;98
260;20240304;24;20;17;0;10128;98
260;20240305;1;10;18;0;10128;98
260;20240305;2;20;14;0;10127;98
260;20240305;3;20;16;0;10126;98
260;20240305;4;20;34;0;10125;98
260;20240305;5;10;38;0;10125;98
260;20240305;6;10;48;0;10127;98
260;20240305;7;20;57;2;10131;98
260;20240305;8;20;61;6;10132;98
260;20240305;9;20;63;6;10134;98
260;20240305;10;10;69;16;10138;98
260;20240305;11;20;78;33;10139;91
260;20240305;12;20;80;36;10142;88
260;20240305;13;20;80;30;10143;86
260;20240305;14;10;81;26;10146;83
260;20240305;15;20;83;41;10148;81
260;20240305;16;10;83;23;10151;82
260;20240305;17;0;79;7;10155;87
260;20240305;18;10;72;1;10160;96
260;20240305;19;10;65;0;10163;97
260;20240305;20;10;61;0;10165;98
260;20240305;21;10;57;0;10169;98
260;20240305;22;10;61;0;10171;98
260;20240305;23;10;45;0;10174;99
260;20240305;24;10;26;0;10178;99
260;20240306;1;10;35;0;10183;98
260;20240306;2;10;43;0;10185;98
260;20240306;3;10;45;0;10188;98
260;20240306;4;10;47;0;10190;98
260;20240306;5;20;46;0;10194;98
260;20240306;6;10;35;0;10200;99
260;20240306;7;20;39;4;10209;99
260;20240306;8;20;46;23;10215;99
260;20240306;9;20;53;51;10222;99
260;20240306;10;20;62;81;10229;98
260;20240306;11;20;77;127;10232;93
260;20240306;12;20;98;196;10235;84
260;20240306;13;20;105;195;10235;75
260;20240306;14;20;113;180;10236;64
260;20240306;15;20;123;156;10238;58
260;20240306;16;20;113;113;10240;61
260;20240306;17;30;106;44;10244;69
260;20240306;18;30;86;2;10250;80
260;20240306;19;30;75;0;10256;84
260;20240306;20;30;68;0;10258;86
260;20240306;21;30;60;0;10259;89
260;20240306;22;20;51;0;10260;93
260;20240306;23;20;37;0;10262;97
260;20240306;24;20;36;0;10262;97
260;20240307;1;20;30;0;10262;98
260;20240307;2;20;25;0;10260;98
260;20240307;3;20;32;0;10257;98
260;20240307;4;20;25;0;10253;98
260;20240307;5;20;25;0;10252;97
260;20240307;6;30;18;0;10252;98
260;20240307;7;30;19;8;10253;97
260;20240307;8;30;35;46;10252;92
260;20240307;9;30;61;100;10251;78
260;20240307;10;50;74;152;10246;71
260;20240307;11;60;83;178;10241;63
260;20240307;12;70;82;168;10236;62
260;20240307;13;70;90;168;10226;61
260;20240307;14;70;92;182;10220;63
260;20240307;15;70;83;101;10217;71
260;20240307;16;70;76;47;10212;72
260;20240307;17;60;69;28;10207;75
260;20240307;18;50;59;3;10207;80
260;20240307;19;50;55;0;10206;79
260;20240307;20;50;47;0;10204;82
260;20240307;21;50;43;0;10203;84
260;20240307;22;40;37;0;10199;87
260;20240307;23;50;33;0;10194;87
260;20240307;24;50;29;0;10189;86
260;20240308;1;40;26;0;10183;84
260;20240308;2;50;20;0;10177;85
260;20240308;3;40;14;0;10170;85
260;20240308;4;40;9;0;10165;85
260;20240308;5;40;10;0;10161;82
260;20240308;6;50;8;0;10158;82
260;20240308;7;50;13;10;10155;80
260;20240308;8;50;26;40;10150;76
260;20240308;9;60;45;105;10144;70
260;20240308;10;50;62;153;10136;64
260;20240308;11;60;80;186;10125;58
260;20240308;12;70;94;202;10112;53
260;20240308;13;80;98;198;10105;51
260;20240308;14;90;99;173;10098;51
260;20240308;15;80;97;136;10087;53
260;20240308;16;70;95;85;10080;53
260;20240308;17;70;86;32;10078;56
260;20240308;18;70;76;2;10076;59
260;20240308;19;70;68;0;10073;63
260;20240308;20;60;65;0;10069;64
260;20240308;21;50;60;0;10065;66
260;20240308;22;40;50;0;10062;72
260;20240308;23;40;47;0;10058;74
260;20240308;24;40;46;0;10054;75
260;20240309;1;50;44;0;10048;77
260;20240309;2;40;35;0;10042;81
260;20240309;3;40;34;0;10036;81
260;20240309;4;40;37;0;10034;80
260;20240309;5;30;33;0;10030;82
260;20240309;6;30;33;0;10027;82
260;20240309;7;30;40;8;10027;80
260;20240309;8;30;51;31;10027;76
260;20240309;9;40;70;62;10023;70
260;20240309;10;40;95;161;10018;62
260;20240309;11;40;113;188;10012;60
260;20240309;12;40;111;102;10009;61
260;20240309;13;50;121;103;10001;58
260;20240309;14;60;127;89;9996;57
260;20240309;15;60;125;84;9994;59
260;20240309;16;60;122;52;9988;60
260;20240309;17;50;115;26;9989;62
260;20240309;18;50;107;2;9993;66
260;20240309;19;50;98;0;9990;66
260;20240309;20;60;98;0;9989;63
260;20240309;21;60;95;0;9991;63
260;20240309;22;60;89;0;9988;65
260;20240309;23;50;84;0;9986;67
260;20240309;24;40;82;0;9985;68
260;20240310;1;40;79;0;9983;69
260;20240310;2;40;77;0;9978;70
260;20240310;3;40;76;0;9975;71
260;20240310;4;50;72;0;9968;73
260;20240310;5;50;66;0;9967;75
260;20240310;6;40;62;0;9966;76
260;20240310;7;40;62;6;9966;76
260;20240310;8;40;74;34;9971;72
260;20240310;9;50;87;50;9967;69
260;20240310;10;60;99;59;9963;64
260;20240310;11;70;113;88;9960;60
260;20240310;12;50;122;103;9966;59
260;20240310;13;50;127;118;9961;57
260;20240310;14;50;130;115;9957;56
260;20240310;15;50;123;64;9955;62
260;20240310;16;50;121;39;9959;62
260;20240310;17;50;111;27;9964;65
260;20240310;18;40;101;2;9970;70
260;20240310;19;40;97;0;9977;72
260;20240310;20;40;93;0;9974;74
260;20240310;21;40;92;0;9978;76
260;20240310;22;30;89;0;9980;78
260;20240310;23;20;84;0;9979;80
260;20240310;24;20;82;0;9982;81
260;20240311;1;10;73;0;9983;85
260;20240311;2;10;70;0;9983;87
260;20240311;3;20;72;0;9985;87
260;20240311;4;10;73;0;9984;87
260;20240311;5;20;69;0;9986;92
260;20240311;6;20;67;0;9991;96
260;20240311;7;20;65;1;9998;98
260;20240311;8;10;67;6;10003;98
260;20240311;9;20;68;11;10007;98
260;20240311;10;20;69;15;10013;97
260;20240311;11;20;71;25;10016;95
260;20240311;12;20;71;15;10020;97
260;20240311;13;20;70;12;10025;96
260;20240311;14;20;68;16;10030;98
260;20240311;15;20;68;11;10035;98
260;20240311;16;20;67;5;10042;98
260;20240311;17;20;65;2;10047;98
260;20240311;18;10;66;0;10055;98
260;20240311;19;10;67;0;10061;98
260;20240311;20;10;67;0;10067;98
260;20240311;21;10;69;0;10075;98
260;20240311;22;10;70;0;10081;98
260;20240311;23;10;70;0;10086;98
260;20240311;24;20;70;0;10090;97
260;20240312;1;20;71;0;10098;98
260;20240312;2;20;71;0;10101;98
260;20240312;3;30;71;0;10105;98
260;20240312;4;30;70;0;10108;97
260;20240312;5;30;69;0;10115;96
260;20240312;6;30;68;0;10123;95
260;20240312;7;30;69;1;10129;94
260;20240312;8;30;71;5;10134;94
260;20240312;9;30;74;17;10138;92
260;20240312;10;30;79;21;10140;90
260;20240312;11;40;86;55;10141;83
260;20240312;12;40;101;137;10138;74
260;20240312;13;40;105;123;10136;70
260;20240312;14;40;104;75;10135;72
260;20240312;15;40;107;71;10131;74
260;20240312;16;40;101;20;10129;78
260;20240312;17;40;91;8;10127;90
260;20240312;18;30;89;1;10128;94
260;20240312;19;40;86;0;10125;96
260;20240312;20;40;84;0;10126;98
260;20240312;21;40;84;0;10125;98
260;20240312;22;30;84;0;10123;98
260;20240312;23;30;84;0;10123;98
260;20240312;24;30;87;0;10123;98
260;20240313;1;20;91;0;10125;98
260;20240313;2;20;95;0;10123;98
260;20240313;3;20;101;0;10123;98
260;20240313;4;30;102;0;10126;98
260;20240313;5;30;102;0;10127;98
260;20240313;6;30;102;0;10131;98
260;20240313;7;40;103;4;10133;98
260;20240313;8;40;105;13;10137;98
260;20240313;9;40;107;16;10142;97
260;20240313;10;50;110;36;10146;97
260;20240313;11;40;113;49;10146;91
260;20240313;12;50;115;42;10147;86
260;20240313;13;50;117;45;10146;88
260;20240313;14;50;120;35;10146;86
260;20240313;15;40;124;31;10144;83
260;20240313;16;50;123;20;10143;82
260;20240313;17;40;121;7;10144;81
260;20240313;18;40;121;3;10145;79
260;20240313;19;30;116;0;10144;85
260;20240313;20;30;115;0;10144;83
260;20240313;21;40;116;0;10142;79
260;20240313;22;30;112;0;10141;83
260;20240313;23;30;107;0;10140;86
260;20240313;24;30;100;0;10139;90
260;20240314;1;20;97;0;10137;92
260;20240314;2;30;96;0;10134;91
260;20240314;3;30;93;0;10128;90
260;20240314;4;30;90;0;10125;91
260;20240314;5;30;86;0;10125;93
260;20240314;6;30;79;0;10124;95
260;20240314;7;30;90;17;10123;92
260;20240314;8;40;107;70;10122;86
260;20240314;9;50;121;127;10121;81
260;20240314;10;50;135;168;10119;77
260;20240314;11;50;144;206;10115;73
260;20240314;12;50;161;218;10111;64
260;20240314;13;50;172;206;10103;59
260;20240314;14;50;174;179;10097;57
260;20240314;15;50;171;127;10089;54
260;20240314;16;50;166;75;10084;62
260;20240314;17;40;158;32;10080;64
260;20240314;18;30;153;7;10080;65
260;20240314;19;30;139;0;10077;73
260;20240314;20;30;146;0;10076;66
260;20240314;21;30;141;0;10073;68
260;20240314;22;40;135;0;10071;72
260;20240314;23;30;126;0;10068;74
260;20240314;24;40;129;0;10064;77
260;20240315;1;40;131;0;10061;78
260;20240315;2;40;129;0;10058;80
260;20240315;3;40;121;0;10059;89
260;20240315;4;40;123;0;10060;89
260;20240315;5;40;124;0;10059;88
260;20240315;6;40;117;0;10061;96
260;20240315;7;40;123;13;10062;91
260;20240315;8;50;127;23;10066;86
260;20240315;9;60;135;66;10067;79
260;20240315;10;70;138;87;10069;76
260;20240315;11;70;142;62;10070;76
260;20240315;12;70;147;73;10069;75
260;20240315;13;70;143;78;10067;72
260;20240315;14;70;150;83;10065;71
260;20240315;15;70;145;89;10066;70
260;20240315;16;60;144;72;10066;72
260;20240315;17;70;140;39;10072;71
260;20240315;18;60;130;8;10074;74
260;20240315;19;60;124;0;10078;77
260;20240315;20;60;119;0;10081;78
260;20240315;21;50;117;0;10081;80
260;20240315;22;50;113;0;10085;83
260;20240315;23;50;115;0;10087;82
260;20240315;24;50;112;0;10090;84
260;20240316;1;50;104;0;10096;95
260;20240316;2;40;95;0;10106;87
260;20240316;3;40;84;0;10114;95
260;20240316;4;30;79;0;10125;95
260;20240316;5;30;78;0;10137;92
260;20240316;6;30;71;0;10153;92
260;20240316;7;30;73;5;10168;90
260;20240316;8;30;80;36;10180;83
260;20240316;9;30;83;48;10189;73
260;20240316;10;30;85;45;10202;71
260;20240316;11;40;90;77;10211;65
260;20240316;12;30;94;99;10215;61
260;20240316;13;30;97;100;10220;64
260;20240316;14;40;99;147;10224;57
260;20240316;15;40;102;91;10224;53
260;20240316;16;30;95;61;10227;59
260;20240316;17;30;91;28;10230;61
260;20240316;18;20;79;4;10235;69
260;20240316;19;10;51;0;10237;85
260;20240316;20;10;38;0;10237;96
260;20240316;21;10;29;0;10237;97
260;20240316;22;10;27;0;10236;97
260;20240316;23;10;31;0;10237;97
260;20240316;24;20;40;0;10233;92
260;20240317;1;20;44;0;10230;88
260;20240317;2;20;47;0;10223;89
260;20240317;3;20;57;0;10219;85
260;20240317;4;30;60;0;10214;86
260;20240317;5;30;62;0;10212;84
260;20240317;6;30;61;0;10211;83
260;20240317;7;30;68;15;10209;83
260;20240317;8;40;80;43;10208;81
260;20240317;9;40;88;51;10208;79
260;20240317;10;40;98;66;10205;77
260;20240317;11;40;116;148;10201;72
260;20240317;12;50;117;98;10198;74
260;20240317;13;40;120;76;10191;75
260;20240317;14;50;122;71;10184;74
260;20240317;15;50;124;77;10178;73
260;20240317;16;40;125;33;10173;76
260;20240317;17;30;116;9;10171;86
260;20240317;18;30;113;2;10170;89
260;20240317;19;30;108;0;10168;93
260;20240317;20;40;104;0;10165;97
260;20240317;21;40;103;0;10161;98
260;20240317;22;30;105;0;10158;98
260;20240317;23;30;107;0;10153;98
260;20240317;24;30;110;0;10152;97
260;20240318;1;30;109;0;10150;98
260;20240318;2;20;104;0;10146;98
260;20240318;3;20;107;0;10142;98
260;20240318;4;20;108;0;10142;97
260;20240318;5;20;108;0;10144;94
260;20240318;6;30;106;0;10145;94
260;20240318;7;20;107;5;10146;94
260;20240318;8;20;107;14;10151;94
260;20240318;9;30;109;43;10154;94
260;20240318;10;30;131;130;10155;78
260;20240318;11;30;138;152;10158;65
260;20240318;12;30;146;218;10161;53
260;20240318;13;30;143;164;10162;51
260;20240318;14;30;141;172;10161;55
260;20240318;15;30;140;80;10161;55
260;20240318;16;30;140;52;10160;57
260;20240318;17;40;132;37;10163;66
260;20240318;18;30;119;8;10168;76
260;20240318;19;30;107;0;10173;81
260;20240318;20;20;86;0;10175;91
260;20240318;21;10;68;0;10175;97
260;20240318;22;20;69;0;10175;97
260;20240318;23;20;70;0;10173;97
260;20240318;24;20;64;0;10170;98
260;20240319;1;20;84;0;10168;92
260;20240319;2;20;91;0;10168;89
260;20240319;3;30;99;0;10167;87
260;20240319;4;30;105;0;10168;85
260;20240319;5;30;103;0;10170;86
260;20240319;6;20;100;0;10172;89
260;20240319;7;20;102;7;10173;88
260;20240319;8;20;112;26;10175;82
260;20240319;9;30;122;41;10177;80
260;20240319;10;30;128;57;10177;78
260;20240319;11;40;151;123;10175;66
260;20240319;12;40;157;182;10175;63
260;20240319;13;40;160;137;10174;58
260;20240319;14;50;163;187;10173;56
260;20240319;15;50;157;98;10174;62
260;20240319;16;40;146;78;10178;62
260;20240319;17;30;136;33;10182;66
260;20240319;18;20;121;6;10188;72
260;20240319;19;10;100;0;10191;85
260;20240319;20;10;87;0;10193;94
260;20240319;21;10;80;0;10194;96
260;20240319;22;10;82;0;10193;96
260;20240319;23;10;82;0;10192;97
260;20240319;24;20;92;0;10191;90
260;20240320;1;10;89;0;10191;94
260;20240320;2;10;81;0;10188;97
260;20240320;3;10;74;0;10186;98
260;20240320;4;10;73;0;10187;98
260;20240320;5;10;69;0;10188;98
260;20240320;6;10;67;1;10189;98
260;20240320;7;10;75;18;10192;98
260;20240320;8;0;117;66;10194;85
260;20240320;9;10;133;109;10195;72
260;20240320;10;10;147;120;10194;69
260;20240320;11;10;154;128;10193;66
260;20240320;12;10;162;161;10192;61
260;20240320;13;20;173;197;10187;58
260;20240320;14;20;178;180;10184;58
260;20240320;15;20;175;113;10184;60
260;20240320;16;20;168;72;10182;64
260;20240320;17;10;158;22;10183;72
260;20240320;18;10;148;7;10185;75
260;20240320;19;20;132;0;10189;82
260;20240320;20;20;127;0;10195;85
260;20240320;21;20;105;0;10199;93
260;20240320;22;20;105;0;10200;94
260;20240320;23;10;90;0;10198;98
260;20240320;24;10;91;0;10201;98
260;20240321;1;10;93;0;10201;96
260;20240321;2;30;102;0;10205;89
260;20240321;3;20;96;0;10208;96
260;20240321;4;30;95;0;10215;94
260;20240321;5;40;83;0;10224;89
260;20240321;6;40;78;1;10233;87
260;20240321;7;40;80;8;10239;84
260;20240321;8;30;80;26;10247;85
260;20240321;9;20;81;49;10252;84
260;20240321;10;20;87;80;10259;81
260;20240321;11;20;97;109;10259;78
260;20240321;12;30;98;122;10261;78
260;20240321;13;30;96;87;10259;80
260;20240321;14;30;96;67;10253;79
260;20240321;15;30;99;62;10248;78
260;20240321;16;30;100;33;10245;80
260;20240321;17;40;99;20;10244;81
260;20240321;18;30;97;6;10239;83
260;20240321;19;30;98;0;10237;84
260;20240321;20;30;100;0;10231;85
260;20240321;21;30;100;0;10225;85
260;20240321;22;30;104;0;10220;85
260;20240321;23;30;106;0;10215;88
260;20240321;24;30;113;0;10208;89
260;20240322;1;40;114;0;10197;89
260;20240322;2;40;111;0;10195;89
260;20240322;3;40;102;0;10187;91
260;20240322;4;50;100;0;10179;90
260;20240322;5;50;99;0;10179;90
260;20240322;6;50;97;1;10173;90
260;20240322;7;40;101;15;10172;88
260;20240322;8;40;103;14;10172;87
260;20240322;9;40;98;16;10171;96
260;20240322;10;40;99;28;10169;98
260;20240322;11;40;100;30;10168;97
260;20240322;12;40;101;47;10163;97
260;20240322;13;40;101;36;10159;93
260;20240322;14;30;103;48;10152;90
260;20240322;15;30;102;38;10148;88
260;20240322;16;30;91;23;10143;88
260;20240322;17;20;91;12;10141;86
260;20240322;18;20;88;5;10138;81
260;20240322;19;10;83;0;10136;88
260;20240322;20;20;79;0;10131;91
260;20240322;21;10;76;0;10126;93
260;20240322;22;10;71;0;10122;96
260;20240322;23;10;71;0;10116;96
260;20240322;24;20;72;0;10110;94
260;20240323;1;20;74;0;10104;93
260;20240323;2;20;70;0;10098;90
260;20240323;3;30;63;0;10096;88
260;20240323;4;20;49;0;10092;91
260;20240323;5;30;53;0;10090;83
260;20240323;6;30;53;2;10090;83
260;20240323;7;40;66;32;10090;79
260;20240323;8;50;76;79;10090;74
260;20240323;9;50;82;96;10089;68
260;20240323;10;60;83;151;10087;64
260;20240323;11;60;78;127;10087;69
260;20240323;12;70;94;210;10084;62
260;20240323;13;70;87;166;10081;56
260;20240323;14;60;88;117;10078;65
260;20240323;15;60;84;118;10074;64
260;20240323;16;60;80;103;10071;70
260;20240323;17;50;56;19;10069;76
260;20240323;18;30;63;8;10067;75
260;20240323;19;40;68;0;10065;73
260;20240323;20;40;60;0;10064;78
260;20240323;21;40;59;0;10061;82
260;20240323;22;40;54;0;10053;87
260;20240323;23;50;57;0;10044;82
260;20240323;24;50;55;0;10039;91
260;20240324;1;50;57;0;10031;91
260;20240324;2;50;64;0;10021;87
260;20240324;3;50;58;0;10019;92
260;20240324;4;40;48;0;10022;94
260;20240324;5;40;52;0;10020;89
260;20240324;6;40;48;0;10024;92
260;20240324;7;40;56;9;10027;92
260;20240324;8;50;47;25;10028;92
260;20240324;9;50;63;39;10032;88
260;20240324;10;50;66;45;10035;87
260;20240324;11;60;76;59;10036;79
260;20240324;12;60;86;101;10036;78
260;20240324;13;70;86;154;10039;79
260;20240324;14;70;79;99;10045;87
260;20240324;15;70;73;43;10048;89
260;20240324;16;70;78;51;10051;84
260;20240324;17;60;74;35;10055;84
260;20240324;18;50;71;13;10062;79
260;20240324;19;50;66;0;10068;81
260;20240324;20;40;63;0;10072;89
260;20240324;21;30;57;0;10073;87
260;20240324;22;30;56;0;10074;87
260;20240324;23;30;51;0;10076;89
260;20240324;24;20;50;0;10075;89
260;20240325;1;20;49;0;10073;88
260;20240325;2;20;38;0;10076;92
260;20240325;3;20;41;0;10073;91
260;20240325;4;20;28;0;10071;96
260;20240325;5;20;33;0;10071;95
260;20240325;6;20;27;3;10073;96
260;20240325;7;10;50;41;10071;90
260;20240325;8;20;67;100;10073;85
260;20240325;9;20;81;148;10072;76
260;20240325;10;30;94;173;10068;72
260;20240325;11;30;98;181;10062;68
260;20240325;12;30;108;181;10055;65
260;20240325;13;30;115;248;10048;53
260;20240325;14;30;113;164;10039;48
260;20240325;15;30;116;185;10028;48
260;20240325;16;40;113;125;10022;50
260;20240325;17;40;105;59;10016;51
260;20240325;18;40;89;12;10013;59
260;20240325;19;30;75;0;10010;67
260;20240325;20;30;70;0;10007;67
260;20240325;21;40;68;0;10003;67
260;20240325;22;40;62;0;9997;69
260;20240325;23;40;62;0;9991;70
260;20240325;24;40;59;0;9985;70
260;20240326;1;40;55;0;9977;72
260;20240326;2;40;51;0;9968;73
260;20240326;3;40;46;0;9959;74
260;20240326;4;40;46;0;9950;75
260;20240326;5;40;44;0;9943;74
260;20240326;6;40;43;3;9941;75
260;20240326;7;30;62;42;9938;68
260;20240326;8;50;76;84;9931;62
260;20240326;9;50;79;90;9926;66
260;20240326;10;40;86;100;9921;66
260;20240326;11;40;90;94;9915;66
260;20240326;12;40;98;109;9909;67
260;20240326;13;40;103;119;9904;66
260;20240326;14;40;109;91;9899;67
260;20240326;15;40;111;65;9890;68
260;20240326;16;40;114;50;9883;69
260;20240326;17;40;112;47;9878;69
260;20240326;18;30;98;15;9876;76
260;20240326;19;20;98;0;9873;78
260;20240326;20;30;103;0;9869;76
260;20240326;21;30;109;0;9866;73
260;20240326;22;30;116;0;9859;70
260;20240326;23;40;114;0;9856;73
260;20240326;24;30;114;0;9852;75
260;20240327;1;30;109;0;9847;81
260;20240327;2;30;108;0;9841;77
260;20240327;3;40;98;0;9837;78
260;20240327;4;30;97;0;9839;80
260;20240327;5;30;99;0;9835;82
260;20240327;6;40;88;1;9845;84
260;20240327;7;40;86;8;9853;89
260;20240327;8;40;86;24;9859;83
260;20240327;9;40;93;68;9861;77
260;20240327;10;40;89;37;9868;82
260;20240327;11;40;106;128;9871;72
260;20240327;12;40;109;124;9872;67
260;20240327;13;50;123;197;9865;63
260;20240327;14;50;123;159;9868;59
260;20240327;15;50;116;58;9871;62
260;20240327;16;40;119;59;9871;60
260;20240327;17;40;111;49;9871;65
260;20240327;18;30;98;15;9874;80
260;20240327;19;30;88;0;9876;84
260;20240327;20;30;85;0;9871;82
260;20240327;21;30;77;0;9870;85
260;20240327;22;20;69;0;9870;89
260;20240327;23;30;68;0;9865;89
260;20240327;24;20;70;0;9861;85
260;20240328;1;30;72;0;9850;82
260;20240328;2;30;69;0;9844;82
260;20240328;3;40;66;0;9843;81
260;20240328;4;40;71;0;9827;79
260;20240328;5;50;72;0;9824;78
260;20240328;6;50;72;2;9824;80
260;20240328;7;40;75;32;9823;80
260;20240328;8;40;74;31;9825;84
260;20240328;9;40;68;22;9830;90
260;20240328;10;30;72;29;9835;93
260;20240328;11;50;85;56;9846;91
260;20240328;12;60;100;124;9855;73
260;20240328;13;60;115;163;9862;63
260;20240328;14;70;117;169;9869;54
260;20240328;15;70;115;109;9875;54
260;20240328;16;70;103;32;9878;59
260;20240328;17;50;105;44;9875;64
260;20240328;18;40;108;19;9876;62
260;20240328;19;50;108;0;9883;58
260;20240328;20;50;108;0;9891;59
260;20240328;21;60;103;0;9895;60
260;20240328;22;60;100;0;9897;61
260;20240328;23;60;98;0;9900;62
260;20240328;24;60;97;0;9899;64
260;20240329;1;50;86;0;9902;68
260;20240329;2;40;86;0;9897;69
260;20240329;3;40;82;0;9902;70
260;20240329;4;40;91;0;9904;66
260;20240329;5;50;91;0;9905;70
260;20240329;6;70;81;3;9912;84
260;20240329;7;50;78;20;9910;88
260;20240329;8;50;88;59;9917;84
260;20240329;9;50;96;121;9919;80
260;20240329;10;60;99;98;9926;78
260;20240329;11;50;114;186;9927;72
260;20240329;12;50;127;155;9928;65
260;20240329;13;60;129;146;9931;63
260;20240329;14;50;138;153;9936;60
260;20240329;15;50;142;107;9937;55
260;20240329;16;40;142;62;9939;58
260;20240329;17;30;141;42;9940;60
260;20240329;18;40;131;14;9945;62
260;20240329;19;20;115;0;9948;69
260;20240329;20;20;112;0;9955;70
260;20240329;21;20;110;0;9957;72
260;20240329;22;30;119;0;9964;72
260;20240329;23;30;113;0;9967;82
260;20240329;24;30;110;0;9969;83
260;20240330;1;30;102;0;9966;81
260;20240330;2;20;96;0;9962;85
260;20240330;3;20;93;0;9964;88
260;20240330;4;20;87;0;9961;95
260;20240330;5;20;85;0;9956;97
260;20240330;6;20;85;1;9951;97
260;20240330;7;10;86;3;9952;97
260;20240330;8;20;90;8;9949;95
260;20240330;9;20;95;27;9946;94
260;20240330;10;30;95;27;9942;95
260;20240330;11;20;103;53;9940;91
260;20240330;12;10;110;54;9944;89
260;20240330;13;20;97;26;9953;96
260;20240330;14;30;96;32;9964;94
260;20240330;15;30;95;37;9977;94
260;20240330;16;30;95;34;9984;93
260;20240330;17;10;97;30;9981;89
260;20240330;18;10;88;14;9989;94
260;20240330;19;20;90;1;9998;93
260;20240330;20;10;76;0;10003;97
260;20240330;21;10;66;0;10004;99
260;20240330;22;10;50;0;10006;98
260;20240330;23;10;49;0;10004;98
260;20240330;24;10;40;0;10002;99
260;20240331;1;20;62;0;9996;98
260;20240331;2;20;70;0;9998;97
260;20240331;3;20;73;0;9995;94
260;20240331;4;30;72;0;9991;95
260;20240331;5;40;72;0;9992;95
260;20240331;6;40;75;1;9989;94
260;20240331;7;40;77;12;9985;96
260;20240331;8;40;88;48;9981;95
260;20240331;9;40;99;62;9980;92
260;20240331;10;40;117;99;9974;87
260;20240331;11;40;145;238;9971;71
260;20240331;12;40;160;250;9964;63
260;20240331;13;50;154;129;9958;70
260;20240331;14;40;146;105;9954;74
260;20240331;15;40;136;52;9946;80
260;20240331;16;10;138;43;9941;81
260;20240331;17;30;111;2;9947;98
260;20240331;18;20;108;9;9939;97
260;20240331;19;10;105;0;9939;97
260;20240331;20;20;106;0;9942;98
260;20240331;21;20;108;0;9935;97
260;20240331;22;20;105;0;9931;97
260;20240331;23;30;99;0;9934;97
260;20240331;24;30;96;0;9933;97
260;20240401;1;20;83;0;9927;98
260;20240401;2;20;84;0;9929;98
260;20240401;3;20;69;0;9931;98
260;20240401;4;20;71;0;9928;98
260;20240401;5;20;72;0;9931;98
260;20240401;6;20;77;2;9933;97
260;20240401;7;20;88;17;9937;97
260;20240401;8;30;94;30;9943;94
260;20240401;9;30;98;36;9950;90
260;20240401;10;40;102;58;9955;86
260;20240401;11;40;103;46;9960;85
260;20240401;12;40;108;56;9966;81
260;20240401;13;50;118;105;9971;75
260;20240401;14;60;122;126;9976;68
260;20240401;15;50;134;104;9976;63
260;20240401;16;50;138;103;9979;62
260;20240401;17;30;130;39;9981;64
260;20240401;18;30;127;8;9986;68
260;20240401;19;30;113;1;9995;74
260;20240401;20;30;105;0;9999;76
260;20240401;21;30;95;0;10000;81
260;20240401;22;30;91;0;10002;82
260;20240401;23;40;92;0;10007;81
260;20240401;24;40;86;0;10012;82
260;20240402;1;30;81;0;10015;84
260;20240402;2;30;74;0;10018;88
260;20240402;3;30;73;0;10021;90
260;20240402;4;40;73;0;10026;90
260;20240402;5;30;75;0;10032;90
260;20240402;6;30;80;6;10036;90
260;20240402;7;40;88;24;10040;87
260;20240402;8;50;95;30;10044;85
260;20240402;9;50;105;53;10049;78
260;20240402;10;60;96;74;10053;87
260;20240402;11;50;99;68;10054;91
260;20240402;12;50;109;79;10055;87
260;20240402;13;60;103;102;10056;93
260;20240402;14;50;106;66;10053;85
260;20240402;15;60;115;67;10055;81
260;20240402;16;50;119;62;10058;74
260;20240402;17;50;121;40;10062;68
260;20240402;18;40;115;11;10067;79
260;20240402;19;40;105;0;10071;81
260;20240402;20;40;104;0;10071;83
260;20240402;21;30;98;0;10071;88
260;20240402;22;30;102;0;10072;86
260;20240402;23;20;99;0;10070;86
260;20240402;24;30;94;0;10066;95
260;20240403;1;30;95;0;10060;98
260;20240403;2;20;97;0;10053;98
260;20240403;3;40;100;0;10045;96
260;20240403;4;30;99;0;10039;94
260;20240403;5;30;96;0;10036;96
260;20240403;6;30;96;3;10031;97
260;20240403;7;30;100;15;10027;96
260;20240403;8;40;101;16;10027;95
260;20240403;9;40;104;26;10027;95
260;20240403;10;40;109;50;10026;93
260;20240403;11;40;113;73;10026;95
260;20240403;12;30;115;57;10025;96
260;20240403;13;40;119;48;10026;96
260;20240403;14;30;142;126;10022;84
260;20240403;15;40;126;66;10023;93
260;20240403;16;50;127;54;10025;88
260;20240403;17;60;124;50;10032;80
260;20240403;18;60;120;8;10039;76
260;20240403;19;60;117;0;10045;75
260;20240403;20;50;115;0;10050;78
260;20240403;21;60;114;0;10053;79
260;20240403;22;60;111;0;10057;79
260;20240403;23;60;105;0;10058;79
260;20240403;24;50;95;0;10060;82
260;20240404;1;40;89;0;10054;82
260;20240404;2;40;87;0;10048;95
260;20240404;3;30;89;0;10037;94
260;20240404;4;30;91;0;10028;95
260;20240404;5;30;95;0;10020;98
260;20240404;6;30;103;1;10013;97
260;20240404;7;30;112;5;10014;98
260;20240404;8;40;119;10;10011;95
260;20240404;9;60;122;28;10018;91
260;20240404;10;70;126;74;10023;83
260;20240404;11;80;147;197;10027;67
260;20240404;12;90;146;221;10035;65
260;20240404;13;90;144;196;10040;64
260;20240404;14;80;140;125;10045;72
260;20240404;15;70;139;90;10052;73
260;20240404;16;70;142;66;10058;71
260;20240404;17;60;139;37;10068;73
260;20240404;18;50;127;13;10077;82
260;20240404;19;50;127;1;10081;78
260;20240404;20;50;126;0;10087;77
260;20240404;21;40;122;0;10091;75
260;20240404;22;40;119;0;10090;76
260;20240404;23;40;122;0;10093;79
260;20240404;24;40;118;0;10092;82
260;20240405;1;40;117;0;10092;90
260;20240405;2;40;118;0;10090;92
260;20240405;3;30;114;0;10089;94
260;20240405;4;40;113;0;10084;95
260;20240405;5;30;113;0;10075;96
260;20240405;6;30;117;8;10071;95
260;20240405;7;30;126;41;10064;93
260;20240405;8;40;129;35;10053;93
260;20240405;9;40;134;17;10059;91
260;20240405;10;60;140;29;10055;89
260;20240405;11;50;152;68;10049;83
260;20240405;12;60;147;40;10058;84
260;20240405;13;70;161;142;10066;76
260;20240405;14;90;170;210;10069;64
260;20240405;15;80;170;198;10077;65
260;20240405;16;60;166;127;10083;65
260;20240405;17;60;156;61;10090;71
260;20240405;18;40;149;19;10096;74
260;20240405;19;30;140;1;10102;77
260;20240405;20;20;125;0;10107;84
260;20240405;21;30;123;0;10105;85
260;20240405;22;20;102;0;10107;95
260;20240405;23;20;120;0;10113;89
260;20240405;24;10;114;0;10112;93
260;20240406;1;10;115;0;10110;93
260;20240406;2;20;125;0;10109;93
260;20240406;3;30;125;0;10107;97
260;20240406;4;30;122;0;10103;97
260;20240406;5;40;129;0;10096;94
260;20240406;6;40;132;10;10094;92
260;20240406;7;40;151;60;10095;82
260;20240406;8;50;168;126;10089;75
260;20240406;9;60;184;167;10084;68
260;20240406;10;60;193;147;10075;62
260;20240406;11;50;212;182;10070;57
260;20240406;12;60;227;224;10066;47
260;20240406;13;60;231;163;10072;44
260;20240406;14;50;238;172;10069;41
260;20240406;15;60;239;144;10070;38
260;20240406;16;60;233;108;10076;40
260;20240406;17;50;218;42;10079;45
260;20240406;18;40;207;12;10082;51
260;20240406;19;30;202;0;10083;51
260;20240406;20;30;196;0;10084;53
260;20240406;21;30;179;0;10082;60
260;20240406;22;20;149;0;10079;77
260;20240406;23;20;182;0;10076;58
260;20240406;24;20;172;0;10086;62
260;20240407;1;30;170;0;10100;66
260;20240407;2;50;160;0;10105;70
260;20240407;3;60;146;0;10099;79
260;20240407;4;50;148;0;10106;73
260;20240407;5;60;152;0;10112;66
260;20240407;6;50;147;6;10121;71
260;20240407;7;50;156;45;10125;71
260;20240407;8;60;166;130;10130;68
260;20240407;9;70;174;188;10135;57
260;20240407;10;80;177;232;10137;50
260;20240407;11;70;187;252;10137;46
260;20240407;12;80;192;273;10136;44
260;20240407;13;70;199;262;10131;40
260;20240407;14;70;204;218;10124;40
260;20240407;15;60;196;148;10120;42
260;20240407;16;50;197;105;10116;43
260;20240407;17;40;187;34;10116;50
260;20240407;18;40;180;4;10115;51
260;20240407;19;40;170;0;10116;56
260;20240407;20;30;158;0;10119;71
260;20240407;21;30;151;0;10119;76
260;20240407;22;30;153;0;10113;73
260;20240407;23;20;138;0;10114;86
260;20240407;24;10;129;0;10114;95
260;20240408;1;10;126;0;10111;97
260;20240408;2;20;124;0;10107;96
260;20240408;3;20;122;0;10103;96
260;20240408;4;20;121;0;10103;96
260;20240408;5;20;115;0;10100;97
260;20240408;6;20;122;11;10104;94
260;20240408;7;10;132;52;10107;90
260;20240408;8;20;138;68;10103;89
260;20240408;9;10;154;133;10097;79
260;20240408;10;30;161;152;10092;79
260;20240408;11;40;162;123;10091;76
260;20240408;12;30;171;144;10087;72
260;20240408;13;30;172;73;10080;73
260;20240408;14;30;185;93;10072;72
260;20240408;15;40;183;159;10063;68
260;20240408;16;40;189;82;10054;66
260;20240408;17;40;184;80;10050;71
260;20240408;18;30;179;12;10046;74
260;20240408;19;40;168;1;10042;79
260;20240408;20;30;159;0;10037;82
260;20240408;21;30;154;0;10032;86
260;20240408;22;30;154;0;10024;87
260;20240408;23;30;158;0;10034;87
260;20240408;24;30;145;0;10023;90
260;20240409;1;30;144;0;10029;86
260;20240409;2;40;138;0;10035;93
260;20240409;3;40;131;0;10041;85
260;20240409;4;20;125;0;10042;89
260;20240409;5;40;120;0;10055;81
260;20240409;6;40;110;3;10059;93
260;20240409;7;40;114;29;10058;87
260;20240409;8;80;110;92;10069;66
260;20240409;9;90;107;110;10079;65
260;20240409;10;80;114;100;10080;61
260;20240409;11;90;118;121;10085;62
260;20240409;12;70;117;75;10088;62
260;20240409;13;80;119;41;10089;63
260;20240409;14;80;118;60;10094;67
260;20240409;15;90;112;70;10103;71
260;20240409;16;80;112;76;10110;66
260;20240409;17;70;101;36;10120;81
260;20240409;18;60;99;11;10133;84
260;20240409;19;60;106;3;10146;77
260;20240409;20;60;110;0;10156;69
260;20240409;21;50;108;0;10164;69
260;20240409;22;40;109;0;10173;66
260;20240409;23;50;108;0;10184;66
260;20240409;24;50;88;0;10194;88
260;20240410;1;30;86;0;10203;91
260;20240410;2;30;88;0;10210;88
260;20240410;3;30;92;0;10220;82
260;20240410;4;30;89;0;10229;84
260;20240410;5;20;90;0;10240;80
260;20240410;6;20;90;9;10252;82
260;20240410;7;30;95;43;10261;79
260;20240410;8;30;111;133;10268;70
260;20240410;9;40;116;182;10276;62
260;20240410;10;40;118;223;10279;60
260;20240410;11;50;124;242;10282;52
260;20240410;12;50;136;284;10285;47
260;20240410;13;50;143;267;10287;47
260;20240410;14;50;142;253;10288;42
260;20240410;15;50;145;210;10285;43
260;20240410;16;50;147;157;10287;44
260;20240410;17;50;141;95;10284;46
260;20240410;18;40;130;26;10281;53
260;20240410;19;30;117;2;10283;61
260;20240410;20;30;122;0;10285;60
260;20240410;21;40;118;0;10284;61
260;20240410;22;50;123;0;10279;60
260;20240410;23;50;123;0;10280;60
260;20240410;24;50;123;0;10279;61
260;20240411;1;60;125;0;10278;60
260;20240411;2;50;125;0;10275;63
260;20240411;3;50;126;0;10278;69
260;20240411;4;50;126;0;10272;73
260;20240411;5;50;125;0;10276;75
260;20240411;6;50;119;1;10280;85
260;20240411;7;40;118;8;10287;90
260;20240411;8;50;121;17;10293;90
260;20240411;9;40;122;24;10297;95
260;20240411;10;30;127;29;10304;97
260;20240411;11;40;131;42;10308;97
260;20240411;12;40;137;57;10309;93
260;20240411;13;40;143;63;10313;89
260;20240411;14;30;146;41;10311;86
260;20240411;15;40;145;42;10313;83
260;20240411;16;40;145;26;10312;83
260;20240411;17;40;142;18;10313;84
260;20240411;18;40;137;8;10316;90
260;20240411;19;30;135;1;10315;93
260;20240411;20;20;133;0;10316;96
260;20240411;21;20;134;0;10315;97
260;20240411;22;20;136;0;10316;96
260;20240411;23;30;139;0;10316;93
260;20240411;24;30;138;0;10314;92
260;20240412;1;40;134;0;10306;91
260;20240412;2;40;132;0;10305;92
260;20240412;3;40;133;0;10304;92
260;20240412;4;40;133;0;10299;92
260;20240412;5;40;132;0;10297;91
260;20240412;6;40;134;10;10297;91
260;20240412;7;40;141;41;10299;88
260;20240412;8;50;152;67;10299;79
260;20240412;9;60;161;136;10300;71
260;20240412;10;60;173;190;10299;69
260;20240412;11;70;185;242;10299;63
260;20240412;12;70;188;256;10295;62
260;20240412;13;70;191;256;10291;60
260;20240412;14;70;194;195;10286;59
260;20240412;15;70;194;181;10283;56
260;20240412;16;60;188;100;10281;57
260;20240412;17;50;181;51;10276;62
260;20240412;18;40;173;20;10275;66
260;20240412;19;40;165;2;10274;69
260;20240412;20;30;159;0;10273;74
260;20240412;21;30;157;0;10271;77
260;20240412;22;30;151;0;10271;80
260;20240412;23;40;154;0;10268;76
260;20240412;24;40;150;0;10265;76
260;20240413;1;40;146;0;10261;77
260;20240413;2;40;142;0;10259;77
260;20240413;3;30;136;0;10259;79
260;20240413;4;30;129;0;10257;82
260;20240413;5;20;124;0;10255;85
260;20240413;6;30;130;15;10254;84
260;20240413;7;30;148;60;10253;78
260;20240413;8;30;159;74;10249;75
260;20240413;9;40;174;136;10244;71
260;20240413;10;50;183;187;10237;70
260;20240413;11;40;197;207;10231;71
260;20240413;12;50;214;232;10222;60
260;20240413;13;70;222;244;10216;54
260;20240413;14;60;221;211;10207;55
260;20240413;15;60;224;182;10197;55
260;20240413;16;60;217;121;10192;59
260;20240413;17;50;205;69;10187;60
260;20240413;18;60;191;30;10182;63
260;20240413;19;50;184;3;10183;67
260;20240413;20;50;172;0;10184;60
260;20240413;21;50;161;0;10186;62
260;20240413;22;40;152;0;10191;56
260;20240413;23;40;144;0;10197;64
260;20240413;24;30;140;0;10200;73
260;20240414;1;40;130;0;10204;76
260;20240414;2;30;121;0;10209;62
260;20240414;3;20;110;0;10214;74
260;20240414;4;20;106;0;10216;76
260;20240414;5;20;107;0;10220;67
260;20240414;6;20;108;9;10225;69
260;20240414;7;20;111;38;10229;67
260;20240414;8;30;119;91;10232;69
260;20240414;9;40;122;117;10233;48
260;20240414;10;40;135;226;10236;48
260;20240414;11;50;133;218;10234;49
260;20240414;12;50;136;245;10228;49
260;20240414;13;50;142;228;10226;47
260;20240414;14;50;146;232;10219;46
260;20240414;15;40;135;140;10216;52
260;20240414;16;40;125;112;10213;52
260;20240414;17;30;119;64;10205;57
260;20240414;18;20;112;21;10194;61
260;20240414;19;10;103;2;10189;67
260;20240414;20;0;96;0;10184;79
260;20240414;21;10;97;0;10176;78
260;20240414;22;20;100;0;10171;70
260;20240414;23;20;91;0;10160;75
260;20240414;24;20;89;0;10151;75
260;20240415;1;20;85;0;10140;76
260;20240415;2;30;92;0;10132;73
260;20240415;3;40;89;0;10124;80
260;20240415;4;30;88;0;10113;85
260;20240415;5;30;87;0;10106;88
260;20240415;6;40;92;16;10101;83
260;20240415;7;50;100;82;10089;75
260;20240415;8;60;99;66;10077;76
260;20240415;9;70;103;75;10061;74
260;20240415;10;70;106;65;10044;69
260;20240415;11;80;87;49;10031;91
260;20240415;12;60;97;36;10004;84
260;20240415;13;70;46;42;10005;95
260;20240415;14;40;59;29;10004;95
260;20240415;15;50;78;104;10003;84
260;20240415;16;60;76;105;10013;72
260;20240415;17;60;76;87;10013;68
260;20240415;18;60;72;21;10018;72
260;20240415;19;60;57;1;10020;86
260;20240415;20;40;54;0;10026;92
260;20240415;21;40;56;0;10015;89
260;20240415;22;40;62;0;10018;88
260;20240415;23;50;75;0;10014;69
260;20240415;24;60;79;0;10010;69
260;20240416;1;60;76;0;10002;73
260;20240416;2;50;54;0;10000;89
260;20240416;3;50;54;0;9994;88
260;20240416;4;50;60;0;9985;90
260;20240416;5;70;58;0;9969;93
260;20240416;6;60;81;7;9978;84
260;20240416;7;60;80;20;9987;90
260;20240416;8;70;85;36;9994;86
260;20240416;9;60;92;107;10009;87
260;20240416;10;70;105;201;10021;74
260;20240416;11;60;106;157;10030;70
260;20240416;12;60;115;201;10038;64
260;20240416;13;50;109;84;10048;72
260;20240416;14;60;101;74;10056;78
260;20240416;15;50;101;78;10063;73
260;20240416;16;50;105;49;10071;71
260;20240416;17;60;103;68;10079;62
260;20240416;18;60;98;43;10087;67
260;20240416;19;50;83;5;10098;75
260;20240416;20;40;74;0;10106;79
260;20240416;21;30;68;0;10112;83
260;20240416;22;30;63;0;10113;83
260;20240416;23;20;56;0;10117;87
260;20240416;24;20;38;0;10116;96
260;20240417;1;20;47;0;10115;94
260;20240417;2;20;55;0;10113;94
260;20240417;3;20;59;0;10114;93
260;20240417;4;20;58;0;10116;94
260;20240417;5;20;50;1;10117;95
260;20240417;6;20;59;25;10117;93
260;20240417;7;20;76;90;10118;79
260;20240417;8;30;72;147;10119;75
260;20240417;9;30;86;120;10115;66
260;20240417;10;20;94;225;10113;61
260;20240417;11;30;54;74;10119;83
260;20240417;12;40;44;32;10124;95
260;20240417;13;30;60;151;10119;83
260;20240417;14;20;65;167;10118;80
260;20240417;15;20;78;152;10115;73
260;20240417;16;30;51;32;10117;84
260;20240417;17;20;68;100;10117;81
260;20240417;18;20;58;13;10119;88
260;20240417;19;10;53;4;10125;92
260;20240417;20;10;44;0;10130;97
260;20240417;21;0;48;0;10136;97
260;20240417;22;30;45;0;10141;92
260;20240417;23;10;40;0;10148;97
260;20240417;24;10;38;0;10153;97
260;20240418;1;10;28;0;10157;97
260;20240418;2;20;17;0;10163;99
260;20240418;3;20;10;0;10168;99
260;20240418;4;20;20;0;10174;98
260;20240418;5;10;15;2;10180;99
260;20240418;6;20;51;26;10186;97
260;20240418;7;10;76;94;10193;85
260;20240418;8;20;86;147;10198;76
260;20240418;9;30;102;209;10202;64
260;20240418;10;40;105;224;10202;54
260;20240418;11;30;109;240;10203;57
260;20240418;12;40;101;125;10204;58
260;20240418;13;40;112;179;10204;59
260;20240418;14;40;113;101;10203;58
260;20240418;15;50;107;162;10200;58
260;20240418;16;50;98;107;10200;60
260;20240418;17;40;95;59;10197;63
260;20240418;18;40;89;23;10191;65
260;20240418;19;30;84;4;10188;66
260;20240418;20;30;80;0;10182;68
260;20240418;21;30;79;0;10172;71
260;20240418;22;40;80;0;10162;74
260;20240418;23;50;71;0;10147;90
260;20240418;24;40;74;0;10136;95
260;20240419;1;40;73;0;10124;92
260;20240419;2;50;72;0;10111;96
260;20240419;3;50;76;0;10099;98
260;20240419;4;40;85;0;10089;98
260;20240419;5;40;94;1;10083;96
260;20240419;6;40;96;7;10084;94
260;20240419;7;30;96;18;10081;95
260;20240419;8;30;91;25;10079;93
260;20240419;9;40;88;48;10080;94
260;20240419;10;40;96;132;10080;89
260;20240419;11;50;101;164;10080;77
260;20240419;12;60;106;169;10083;78
260;20240419;13;70;95;160;10092;77
260;20240419;14;80;99;226;10097;61
260;20240419;15;60;96;125;10102;68
260;20240419;16;70;75;111;10111;85
260;20240419;17;70;81;44;10116;79
260;20240419;18;60;69;25;10125;87
260;20240419;19;50;69;3;10133;88
260;20240419;20;60;70;0;10142;82
260;20240419;21;50;69;0;10148;79
260;20240419;22;50;61;0;10156;88
260;20240419;23;40;61;0;10161;90
260;20240419;24;40;56;0;10168;92
260;20240420;1;30;61;0;10170;86
260;20240420;2;30;61;0;10174;82
260;20240420;3;30;64;0;10179;79
260;20240420;4;40;65;0;10184;80
260;20240420;5;30;63;2;10193;82
260;20240420;6;40;65;18;10199;79
260;20240420;7;40;67;55;10208;76
260;20240420;8;50;88;148;10214;70
260;20240420;9;50;81;179;10221;65
260;20240420;10;50;86;165;10224;67
260;20240420;11;50;86;196;10225;74
260;20240420;12;40;98;186;10222;67
260;20240420;13;60;87;182;10223;75
260;20240420;14;50;83;143;10220;87
260;20240420;15;50;86;129;10220;79
260;20240420;16;50;79;68;10224;83
260;20240420;17;60;80;46;10227;75
260;20240420;18;60;73;26;10231;81
260;20240420;19;50;68;5;10236;73
260;20240420;20;50;62;0;10238;68
260;20240420;21;40;61;0;10238;75
260;20240420;22;40;62;0;10235;65
260;20240420;23;40;61;0;10236;66
260;20240420;24;30;53;0;10231;71
260;20240421;1;30;48;0;10224;74
260;20240421;2;30;44;0;10216;76
260;20240421;3;30;43;0;10211;84
260;20240421;4;30;32;0;10208;90
260;20240421;5;40;43;1;10211;81
260;20240421;6;60;38;10;10224;87
260;20240421;7;60;41;33;10239;82
260;20240421;8;60;55;132;10247;76
260;20240421;9;50;68;217;10252;70
260;20240421;10;60;76;242;10257;64
260;20240421;11;50;91;242;10258;63
260;20240421;12;50;98;259;10261;59
260;20240421;13;40;104;270;10259;52
260;20240421;14;50;104;224;10259;53
260;20240421;15;40;98;145;10258;59
260;20240421;16;50;87;141;10266;64
260;20240421;17;60;68;101;10268;81
260;20240421;18;30;72;33;10269;77
260;20240421;19;30;66;8;10272;74
260;20240421;20;30;58;0;10275;78
260;20240421;21;20;52;0;10280;80
260;20240421;22;20;47;0;10280;84
260;20240421;23;20;32;0;10280;91
260;20240421;24;10;18;0;10275;97
260;20240422;1;10;11;0;10275;98
260;20240422;2;10;5;0;10270;98
260;20240422;3;20;1;0;10267;98
260;20240422;4;20;13;0;10264;97
260;20240422;5;20;9;2;10263;98
260;20240422;6;10;24;24;10263;97
260;20240422;7;10;59;59;10260;85
260;20240422;8;20;80;110;10257;72
260;20240422;9;30;88;143;10256;63
260;20240422;10;30;79;83;10253;74
260;20240422;11;20;88;66;10250;66
260;20240422;12;50;93;170;10247;48
260;20240422;13;50;91;190;10245;47
260;20240422;14;50;101;184;10240;41
260;20240422;15;60;89;167;10238;40
260;20240422;16;60;89;153;10238;42
260;20240422;17;60;86;107;10235;35
260;20240422;18;60;75;57;10238;38
260;20240422;19;40;60;9;10240;47
260;20240422;20;20;48;0;10246;52
260;20240422;21;30;42;0;10246;58
260;20240422;22;20;32;0;10244;66
260;20240422;23;20;26;0;10243;71
260;20240422;24;20;21;0;10240;76
260;20240423;1;20;8;0;10235;85
260;20240423;2;10;-8;0;10230;94
260;20240423;3;20;-10;0;10228;94
260;20240423;4;10;-19;0;10226;97
260;20240423;5;10;-13;4;10225;97
260;20240423;6;10;24;42;10226;87
260;20240423;7;10;55;103;10224;75
260;20240423;8;20;71;171;10221;58
260;20240423;9;20;79;234;10218;45
260;20240423;10;20;87;252;10210;46
260;20240423;11;20;93;291;10205;41
260;20240423;12;30;95;285;10200;46
260;20240423;13;30;99;216;10192;45
260;20240423;14;30;105;234;10184;41
260;20240423;15;40;96;191;10178;48
260;20240423;16;40;73;63;10176;74
260;20240423;17;30;68;27;10165;85
260;20240423;18;40;74;10;10155;82
260;20240423;19;30;72;1;10153;92
260;20240423;20;30;67;0;10155;83
260;20240423;21;30;55;0;10152;85
260;20240423;22;20;49;0;10149;86
260;20240423;23;20;52;0;10145;85
260;20240423;24;20;50;0;10137;87
260;20240424;1;20;49;0;10129;85
260;20240424;2;30;37;0;10123;91
260;20240424;3;20;38;0;10118;88
260;20240424;4;20;34;0;10110;87
260;20240424;5;30;39;1;10107;85
260;20240424;6;20;46;24;10102;88
260;20240424;7;30;63;81;10098;74
260;20240424;8;40;51;74;10099;87
260;20240424;9;40;83;156;10095;73
260;20240424;10;50;83;180;10093;67
260;20240424;11;50;90;146;10089;65
260;20240424;12;50;92;196;10088;66
260;20240424;13;60;75;199;10089;81
260;20240424;14;50;64;114;10088;86
260;20240424;15;60;75;142;10087;78
260;20240424;16;40;64;95;10085;90
260;20240424;17;40;66;28;10087;82
260;20240424;18;50;64;33;10091;83
260;20240424;19;40;57;3;10092;88
260;20240424;20;30;53;0;10093;89
260;20240424;21;20;48;0;10094;90
260;20240424;22;10;32;0;10091;95
260;20240424;23;20;28;0;10089;97
260;20240424;24;20;32;0;10086;93
260;20240425;1;20;44;0;10082;87
260;20240425;2;10;19;0;10077;97
260;20240425;3;20;36;0;10072;92
260;20240425;4;20;29;0;10068;96
260;20240425;5;20;40;3;10066;91
260;20240425;6;30;50;30;10064;88
260;20240425;7;30;65;72;10062;82
260;20240425;8;40;67;87;10060;79
260;20240425;9;40;68;99;10058;75
260;20240425;10;30;62;73;10054;86
260;20240425;11;30;66;52;10049;81
260;20240425;12;40;91;136;10042;65
260;20240425;13;60;101;219;10037;56
260;20240425;14;50;87;78;10034;58
260;20240425;15;50;87;46;10027;62
260;20240425;16;50;79;31;10023;70
260;20240425;17;40;66;7;10020;85
260;20240425;18;20;64;3;10016;90
260;20240425;19;30;54;3;10020;94
260;20240425;20;20;56;0;10016;95
260;20240425;21;20;59;0;10017;96
260;20240425;22;20;61;0;10015;96
260;20240425;23;20;61;0;10015;98
260;20240425;24;20;62;0;10011;98
260;20240426;1;20;61;0;10010;96
260;20240426;2;20;61;0;10011;97
260;20240426;3;20;59;0;10010;98
260;20240426;4;20;57;0;10010;97
260;20240426;5;20;57;2;10012;94
260;20240426;6;20;61;22;10017;93
260;20240426;7;20;76;75;10023;83
260;20240426;8;30;85;148;10026;71
260;20240426;9;40;91;162;10030;68
260;20240426;10;40;96;197;10034;67
260;20240426;11;30;105;152;10038;64
260;20240426;12;30;112;139;10042;58
260;20240426;13;30;117;262;10044;55
260;20240426;14;30;120;170;10046;51
260;20240426;15;30;119;127;10046;52
260;20240426;16;30;120;105;10049;48
260;20240426;17;20;114;58;10051;60
260;20240426;18;20;106;25;10055;67
260;20240426;19;10;99;9;10058;70
260;20240426;20;10;85;0;10061;82
260;20240426;21;10;87;0;10064;80
260;20240426;22;20;72;0;10063;89
260;20240426;23;10;71;0;10063;90
260;20240426;24;10;71;0;10059;92
260;20240427;1;20;72;0;10056;92
260;20240427;2;20;68;0;10053;93
260;20240427;3;20;64;0;10050;93
260;20240427;4;20;63;0;10048;93
260;20240427;5;20;70;4;10045;90
260;20240427;6;30;80;19;10045;90
260;20240427;7;20;98;51;10046;86
260;20240427;8;30;106;69;10050;84
260;20240427;9;30;113;99;10049;86
260;20240427;10;30;118;135;10051;84
260;20240427;11;40;128;141;10054;80
260;20240427;12;40;135;150;10054;74
260;20240427;13;30;148;173;10052;74
260;20240427;14;30;148;116;10051;73
260;20240427;15;30;160;134;10047;65
260;20240427;16;40;162;94;10048;61
260;20240427;17;30;156;38;10046;66
260;20240427;18;20;147;14;10044;76
260;20240427;19;30;141;6;10044;78
260;20240427;20;20;131;0;10044;81
260;20240427;21;30;127;0;10041;82
260;20240427;22;40;139;0;10042;68
260;20240427;23;40;135;0;10042;72
260;20240427;24;40;128;0;10038;78
260;20240428;1;50;129;0;10035;79
260;20240428;2;50;131;0;10027;78
260;20240428;3;40;129;0;10023;75
260;20240428;4;40;131;0;10026;72
260;20240428;5;40;135;6;10025;72
260;20240428;6;40;137;14;10031;72
260;20240428;7;40;140;32;10034;72
260;20240428;8;50;152;70;10041;67
260;20240428;9;60;148;84;10047;64
260;20240428;10;70;155;166;10052;60
260;20240428;11;80;158;125;10057;61
260;20240428;12;80;153;116;10062;59
260;20240428;13;60;145;43;10069;63
260;20240428;14;70;143;53;10082;62
260;20240428;15;80;139;98;10096;60
260;20240428;16;80;126;63;10109;63
260;20240428;17;80;121;44;10121;66
260;20240428;18;70;115;30;10130;65
260;20240428;19;40;108;8;10139;72
260;20240428;20;30;98;0;10148;77
260;20240428;21;20;80;0;10153;87
260;20240428;22;10;58;0;10159;95
260;20240428;23;20;61;0;10163;97
260;20240428;24;20;69;0;10167;92
260;20240429;1;20;46;0;10169;97
260;20240429;2;20;47;0;10173;97
260;20240429;3;20;52;0;10176;97
260;20240429;4;20;49;0;10179;98
260;20240429;5;20;61;8;10183;97
260;20240429;6;20;86;50;10192;90
260;20240429;7;30;108;108;10195;80
260;20240429;8;30;127;168;10198;74
260;20240429;9;40;142;222;10199;67
260;20240429;10;40;156;263;10199;59
260;20240429;11;40;160;281;10196;57
260;20240429;12;40;173;283;10193;49
260;20240429;13;50;186;280;10190;47
260;20240429;14;50;183;210;10188;47
260;20240429;15;40;193;219;10182;42
260;20240429;16;40;190;143;10182;48
260;20240429;17;30;179;44;10180;52
260;20240429;18;20;167;20;10183;57
260;20240429;19;10;141;5;10183;78
260;20240429;20;10;120;0;10185;88
260;20240429;21;10;107;0;10186;94
260;20240429;22;10;107;0;10186;95
260;20240429;23;10;109;0;10183;94
260;20240429;24;10;112;0;10181;93
260;20240430;1;10;116;0;10179;91
260;20240430;2;20;118;0;10176;88
260;20240430;3;30;126;0;10175;86
260;20240430;4;30;123;0;10173;93
260;20240430;5;20;121;3;10171;97
260;20240430;6;20;124;12;10170;96
260;20240430;7;20;129;29;10168;94
260;20240430;8;30;139;79;10169;88
260;20240430;9;30;154;162;10166;81
260;20240430;10;40;168;222;10163;74
260;20240430;11;40;183;234;10160;68
260;20240430;12;30;196;254;10152;61
260;20240430;13;30;212;293;10146;55
260;20240430;14;30;209;207;10141;54
260;20240430;15;30;210;145;10136;58
260;20240430;16;30;214;150;10132;54
260;20240430;17;20;215;83;10126;57
260;20240430;18;30;201;34;10123;60
260;20240430;19;20;183;13;10123;68
260;20240430;20;20;150;0;10124;87
260;20240430;21;10;144;0;10124;91
260;20240430;22;10;134;0;10120;95
260;20240430;23;20;157;0;10118;81
260;20240430;24;20;167;0;10114;78
260;20240501;1;30;143;0;10119;97
260;20240501;2;20;143;0;10112;93
260;20240501;3;20;142;0;10107;97
260;20240501;4;20;141;0;10104;96
260;20240501;5;20;143;8;10101;94
260;20240501;6;20;154;52;10095;88
260;20240501;7;20;168;98;10089;82
260;20240501;8;40;180;157;10087;76
260;20240501;9;40;192;204;10080;74
260;20240501;10;30;207;249;10073;72
260;20240501;11;20;225;275;10065;66
260;20240501;12;30;227;283;10062;72
260;20240501;13;20;241;274;10052;65
260;20240501;14;30;236;251;10046;65
260;20240501;15;40;239;200;10041;62
260;20240501;16;40;241;160;10036;60
260;20240501;17;30;236;85;10030;63
260;20240501;18;30;221;59;10028;66
260;20240501;19;20;205;11;10028;74
260;20240501;20;10;173;0;10027;92
260;20240501;21;20;177;0;10022;82
260;20240501;22;30;182;0;10018;73
260;20240501;23;20;180;0;10013;72
260;20240501;24;30;170;0;10005;76
260;20240502;1;30;162;0;10002;80
260;20240502;2;20;157;0;10001;82
260;20240502;3;20;158;0;9998;80
260;20240502;4;30;152;0;9994;82
260;20240502;5;30;156;10;9994;80
260;20240502;6;40;169;50;9993;73
260;20240502;7;40;185;106;9991;70
260;20240502;8;30;196;164;9987;65
260;20240502;9;30;212;216;9985;59
260;20240502;10;30;229;255;9986;59
260;20240502;11;20;236;281;9985;55
260;20240502;12;10;247;288;9985;51
260;20240502;13;30;247;281;9985;52
260;20240502;14;20;250;240;9983;47
260;20240502;15;50;212;196;9989;72
260;20240502;16;40;211;144;9993;70
260;20240502;17;40;172;14;10001;86
260;20240502;18;40;157;2;10007;93
260;20240502;19;40;144;2;10011;94
260;20240502;20;40;137;0;10025;94
260;20240502;21;50;140;0;10042;91
260;20240502;22;50;134;0;10039;97
260;20240502;23;60;136;0;10015;95
260;20240502;24;40;136;0;10021;96
260;20240503;1;30;136;0;10028;95
260;20240503;2;30;136;0;10038;96
260;20240503;3;30;134;0;10031;98
260;20240503;4;30;132;0;10035;97
260;20240503;5;30;129;1;10043;97
260;20240503;6;40;125;3;10047;96
260;20240503;7;50;121;14;10052;95
260;20240503;8;60;117;20;10059;93
260;20240503;9;50;114;14;10071;93
260;20240503;10;50;110;19;10080;94
260;20240503;11;50;111;22;10085;92
260;20240503;12;50;113;44;10091;91
260;20240503;13;60;111;32;10097;93
260;20240503;14;50;111;37;10105;92
260;20240503;15;50;116;26;10113;88
260;20240503;16;50;118;37;10120;86
260;20240503;17;50;128;83;10122;75
260;20240503;18;50;130;62;10126;71
260;20240503;19;30;112;13;10131;84
260;20240503;20;20;89;0;10135;95
260;20240503;21;20;77;0;10138;98
260;20240503;22;20;83;0;10141;98
260;20240503;23;20;74;0;10143;99
260;20240503;24;20;71;0;10141;99
260;20240504;1;20;65;0;10142;98
260;20240504;2;20;65;0;10143;99
260;20240504;3;10;61;0;10141;99
260;20240504;4;10;58;0;10141;99
260;20240504;5;10;70;8;10145;98
260;20240504;6;20;89;51;10145;96
260;20240504;7;20;106;89;10149;91
260;20240504;8;20;119;122;10150;87
260;20240504;9;30;133;163;10150;81
260;20240504;10;40;143;194;10147;75
260;20240504;11;40;150;171;10143;71
260;20240504;12;40;161;162;10137;67
260;20240504;13;40;158;139;10131;63
260;20240504;14;30;170;195;10121;61
260;20240504;15;30;180;230;10116;50
260;20240504;16;50;130;121;10121;73
260;20240504;17;50;110;16;10118;92
260;20240504;18;30;109;8;10110;91
260;20240504;19;30;105;5;10110;97
260;20240504;20;20;104;0;10106;97
260;20240504;21;20;103;0;10101;98
260;20240504;22;20;101;0;10097;98
260;20240504;23;30;101;0;10089;97
260;20240504;24;10;102;0;10086;97
260;20240505;1;10;100;0;10082;98
260;20240505;2;10;100;0;10081;97
260;20240505;3;20;94;0;10083;96
260;20240505;4;10;92;0;10080;97
260;20240505;5;10;93;8;10086;98
260;20240505;6;20;96;10;10088;95
260;20240505;7;10;106;44;10093;93
260;20240505;8;20;120;87;10095;79
260;20240505;9;30;135;166;10096;72
260;20240505;10;30;144;223;10097;66
260;20240505;11;30;153;203;10096;61
260;20240505;12;30;153;188;10098;61
260;20240505;13;20;150;65;10096;65
260;20240505;14;20;154;114;10093;61
260;20240505;15;20;155;95;10093;65
260;20240505;16;20;165;173;10090;58
260;20240505;17;20;157;57;10089;60
260;20240505;18;20;153;58;10086;63
260;20240505;19;20;134;18;10086;77
260;20240505;20;10;108;0;10090;94
260;20240505;21;10;97;0;10088;97
260;20240505;22;10;89;0;10088;97
260;20240505;23;10;89;0;10086;96
260;20240505;24;10;82;0;10083;97
260;20240506;1;10;74;0;10079;98
260;20240506;2;10;72;0;10077;98
260;20240506;3;10;74;0;10074;98
260;20240506;4;10;69;0;10074;98
260;20240506;5;10;87;9;10076;97
260;20240506;6;10;117;48;10076;87
260;20240506;7;30;144;109;10076;74
260;20240506;8;40;157;145;10078;66
260;20240506;9;50;164;207;10077;62
260;20240506;10;40;174;230;10080;60
260;20240506;11;40;178;244;10081;54
260;20240506;12;30;181;218;10081;53
260;20240506;13;30;183;153;10080;53
260;20240506;14;30;181;106;10082;58
260;20240506;15;20;180;84;10085;55
260;20240506;16;20;177;62;10090;61
260;20240506;17;10;175;34;10093;62
260;20240506;18;10;167;17;10100;61
260;20240506;19;20;162;4;10105;64
260;20240506;20;20;154;0;10112;69
260;20240506;21;30;146;0;10119;74
260;20240506;22;30;137;0;10126;80
260;20240506;23;20;129;0;10131;83
260;20240506;24;20;128;0;10135;79
260;20240507;1;30;126;0;10140;80
260;20240507;2;30;121;0;10145;83
260;20240507;3;20;115;0;10150;85
260;20240507;4;30;111;0;10155;85
260;20240507;5;30;112;14;10161;83
260;20240507;6;30;125;61;10168;76
260;20240507;7;30;144;113;10175;66
260;20240507;8;30;159;180;10180;58
260;20240507;9;30;168;231;10187;54
260;20240507;10;40;177;273;10193;55
260;20240507;11;40;175;215;10196;54
260;20240507;12;40;181;236;10199;47
260;20240507;13;40;187;253;10203;48
260;20240507;14;40;192;279;10206;48
260;20240507;15;40;185;243;10210;49
260;20240507;16;50;184;193;10215;52
260;20240507;17;50;173;127;10221;59
260;20240507;18;40;158;67;10226;70
260;20240507;19;40;137;19;10233;79
260;20240507;20;40;125;0;10244;82
260;20240507;21;30;124;0;10248;81
260;20240507;22;30;121;0;10249;82
260;20240507;23;30;121;0;10251;82
260;20240507;24;20;121;0;10253;83
260;20240508;1;20;120;0;10252;85
260;20240508;2;20;118;0;10254;85
260;20240508;3;20;116;0;10258;86
260;20240508;4;20;115;0;10260;86
260;20240508;5;20;116;4;10265;88
260;20240508;6;20;118;12;10265;88
260;20240508;7;20;122;30;10271;85
260;20240508;8;20;125;47;10274;82
260;20240508;9;20;128;40;10273;80
260;20240508;10;20;136;78;10276;75
260;20240508;11;20;130;53;10278;80
260;20240508;12;20;138;108;10279;75
260;20240508;13;20;152;172;10277;73
260;20240508;14;20;143;74;10280;75
260;20240508;15;20;149;73;10281;70
260;20240508;16;20;149;62;10279;71
260;20240508;17;20;153;45;10278;70
260;20240508;18;20;151;46;10280;72
260;20240508;19;20;147;14;10282;77
260;20240508;20;20;132;0;10288;82
260;20240508;21;20;122;0;10290;86
260;20240508;22;20;106;0;10292;95
260;20240508;23;20;97;0;10293;96
260;20240508;24;10;80;0;10290;98
260;20240509;1;10;73;0;10288;98
260;20240509;2;10;64;0;10285;98
260;20240509;3;10;60;0;10285;98
260;20240509;4;10;54;0;10284;98
260;20240509;5;10;74;15;10286;98
260;20240509;6;10;103;61;10288;98
260;20240509;7;0;137;117;10286;78
260;20240509;8;10;155;178;10284;71
260;20240509;9;10;167;239;10283;68
260;20240509;10;20;173;244;10280;61
260;20240509;11;20;175;180;10277;57
260;20240509;12;20;177;173;10272;59
260;20240509;13;20;173;149;10268;63
260;20240509;14;20;174;116;10266;64
260;20240509;15;30;178;133;10262;63
260;20240509;16;30;179;146;10257;63
260;20240509;17;20;179;124;10252;63
260;20240509;18;20;164;45;10251;67
260;20240509;19;10;157;17;10251;71
260;20240509;20;10;133;1;10253;86
260;20240509;21;10;114;0;10254;97
260;20240509;22;10;109;0;10253;98
260;20240509;23;0;109;0;10254;98
260;20240509;24;10;93;0;10253;98
260;20240510;1;0;83;0;10250;98
260;20240510;2;10;78;0;10246;99
260;20240510;3;0;69;0;10244;98
260;20240510;4;10;71;0;10245;99
260;20240510;5;10;87;16;10245;98
260;20240510;6;10;124;59;10248;91
260;20240510;7;20;146;114;10248;78
260;20240510;8;10;169;176;10249;70
260;20240510;9;20;171;221;10251;64
260;20240510;10;20;181;229;10250;65
260;20240510;11;20;187;244;10247;62
260;20240510;12;30;199;261;10243;54
260;20240510;13;30;198;242;10240;53
260;20240510;14;30;199;189;10237;60
260;20240510;15;30;202;207;10234;54
260;20240510;16;30;199;183;10231;55
260;20240510;17;40;194;115;10230;61
260;20240510;18;40;187;68;10230;65
260;20240510;19;30;171;20;10231;72
260;20240510;20;30;156;1;10233;82
260;20240510;21;30;150;0;10234;84
260;20240510;22;30;142;0;10232;85
260;20240510;23;40;137;0;10235;85
260;20240510;24;30;130;0;10236;88
260;20240511;1;30;126;0;10235;92
260;20240511;2;30;118;0;10234;95
260;20240511;3;20;110;0;10233;96
260;20240511;4;20;104;0;10233;98
260;20240511;5;20;103;14;10235;98
260;20240511;6;30;107;31;10238;96
260;20240511;7;30;131;117;10237;86
260;20240511;8;20;147;163;10235;80
260;20240511;9;30;165;221;10235;74
260;20240511;10;30;184;256;10231;67
260;20240511;11;20;202;293;10228;63
260;20240511;12;30;209;299;10223;62
260;20240511;13;30;219;279;10218;57
260;20240511;14;30;227;267;10213;49
260;20240511;15;40;227;237;10207;49
260;20240511;16;40;227;186;10204;46
260;20240511;17;40;223;128;10201;46
260;20240511;18;40;211;62;10200;47
260;20240511;19;30;192;19;10201;55
260;20240511;20;20;168;1;10204;63
260;20240511;21;30;165;0;10202;62
260;20240511;22;40;169;0;10203;54
260;20240511;23;40;157;0;10202;57
260;20240511;24;30;150;0;10199;58
260;20240512;1;40;147;0;10194;58
260;20240512;2;30;139;0;10192;64
260;20240512;3;30;131;0;10190;70
260;20240512;4;30;128;1;10185;73
260;20240512;5;30;138;22;10183;73
260;20240512;6;40;152;63;10182;71
260;20240512;7;40;171;117;10179;68
260;20240512;8;40;189;175;10175;64
260;20240512;9;40;204;224;10173;59
260;20240512;10;40;220;244;10167;54
260;20240512;11;40;236;284;10160;55
260;20240512;12;50;242;307;10152;42
260;20240512;13;50;244;301;10146;43
260;20240512;14;60;249;270;10139;45
260;20240512;15;60;249;243;10132;44
260;20240512;16;50;248;186;10125;46
260;20240512;17;50;244;100;10121;47
260;20240512;18;40;238;73;10119;47
260;20240512;19;40;223;17;10120;53
260;20240512;20;40;216;1;10120;56
260;20240512;21;50;208;0;10118;59
260;20240512;22;40;201;0;10118;61
260;20240512;23;30;188;0;10116;65
260;20240512;24;30;173;0;10111;75
260;20240513;1;20;157;0;10109;83
260;20240513;2;20;162;0;10114;81
260;20240513;3;20;161;0;10112;83
260;20240513;4;20;158;1;10113;86
260;20240513;5;20;164;20;10115;84
260;20240513;6;30;174;64;10114;82
260;20240513;7;30;187;120;10112;79
260;20240513;8;30;202;170;10111;74
260;20240513;9;40;214;232;10109;69
260;20240513;10;40;224;271;10108;65
260;20240513;11;40;228;267;10105;61
260;20240513;12;40;230;187;10102;57
260;20240513;13;40;237;242;10097;53
260;20240513;14;40;240;270;10093;56
260;20240513;15;40;223;105;10090;59
260;20240513;16;40;217;154;10090;59
260;20240513;17;20;219;57;10084;65
260;20240513;18;20;216;57;10083;71
260;20240513;19;30;202;27;10082;70
260;20240513;20;20;180;1;10082;80
260;20240513;21;20;164;0;10080;90
260;20240513;22;10;154;0;10078;94
260;20240513;23;10;151;0;10075;95
260;20240513;24;20;145;0;10069;97
260;20240514;1;20;139;0;10064;97
260;20240514;2;20;139;0;10061;95
260;20240514;3;20;132;0;10059;97
260;20240514;4;20;135;1;10057;97
260;20240514;5;20;166;20;10056;83
260;20240514;6;40;191;70;10053;73
260;20240514;7;50;203;127;10051;66
260;20240514;8;50;220;184;10049;62
260;20240514;9;50;230;235;10046;57
260;20240514;10;60;243;274;10042;49
260;20240514;11;70;252;298;10041;47
260;20240514;12;70;266;303;10037;42
260;20240514;13;60;257;224;10035;43
260;20240514;14;60;263;206;10034;42
260;20240514;15;50;251;80;10033;45
260;20240514;16;40;252;101;10032;45
260;20240514;17;40;194;31;10036;77
260;20240514;18;10;186;12;10040;93
260;20240514;19;50;183;1;10052;88
260;20240514;20;40;169;0;10058;92
260;20240514;21;20;160;0;10062;96
260;20240514;22;10;156;0;10063;98
260;20240514;23;10;148;0;10060;98
260;20240514;24;10;134;0;10059;99
260;20240515;1;10;129;0;10057;98
260;20240515;2;10;122;0;10055;98
260;20240515;3;10;121;0;10050;99
260;20240515;4;10;121;1;10051;98
260;20240515;5;10;138;18;10050;98
260;20240515;6;10;167;74;10052;96
260;20240515;7;20;186;129;10051;72
260;20240515;8;20;194;165;10054;71
260;20240515;9;10;199;162;10058;69
260;20240515;10;20;202;117;10059;66
260;20240515;11;20;207;134;10060;64
260;20240515;12;20;209;161;10059;69
260;20240515;13;30;205;185;10058;73
260;20240515;14;30;185;93;10061;83
260;20240515;15;20;171;29;10065;92
260;20240515;16;20;167;24;10065;95
260;20240515;17;20;162;10;10069;96
260;20240515;18;20;159;12;10070;96
260;20240515;19;10;155;4;10070;98
260;20240515;20;20;152;0;10073;98
260;20240515;21;20;150;0;10073;98
260;20240515;22;10;149;0;10068;98
260;20240515;23;10;146;0;10068;98
260;20240515;24;10;142;0;10061;98
260;20240516;1;10;145;0;10058;98
260;20240516;2;10;143;0;10054;98
260;20240516;3;10;146;0;10048;98
260;20240516;4;10;148;1;10042;98
260;20240516;5;10;149;7;10038;98
260;20240516;6;10;155;33;10033;98
260;20240516;7;10;162;46;10028;98
260;20240516;8;20;165;72;10031;92
260;20240516;9;10;172;65;10029;91
260;20240516;10;30;171;77;10032;86
260;20240516;11;30;188;163;10033;80
260;20240516;12;40;196;236;10036;73
260;20240516;13;60;193;226;10042;71
260;20240516;14;40;199;187;10041;66
260;20240516;15;40;198;191;10044;64
260;20240516;16;30;196;115;10047;66
260;20240516;17;20;188;39;10050;70
260;20240516;18;30;163;14;10056;79
260;20240516;19;10;160;11;10062;88
260;20240516;20;20;154;1;10066;89
260;20240516;21;20;150;0;10071;93
260;20240516;22;10;149;0;10071;92
260;20240516;23;20;145;0;10073;94
260;20240516;24;20;142;0;10071;95
260;20240517;1;20;141;0;10073;97
260;20240517;2;20;141;0;10073;97
260;20240517;3;20;141;0;10074;96
260;20240517;4;20;141;0;10075;96
260;20240517;5;20;141;4;10077;95
260;20240517;6;20;144;20;10080;93
260;20240517;7;30;146;33;10080;93
260;20240517;8;30;146;40;10080;95
260;20240517;9;30;154;61;10080;91
260;20240517;10;30;161;59;10082;88
260;20240517;11;30;179;191;10081;80
260;20240517;12;40;185;200;10082;79
260;20240517;13;40;190;161;10082;76
260;20240517;14;30;190;110;10080;76
260;20240517;15;40;183;84;10082;82
260;20240517;16;30;166;10;10083;96
260;20240517;17;30;160;23;10087;94
260;20240517;18;30;151;16;10088;95
260;20240517;19;30;147;7;10090;96
260;20240517;20;20;146;1;10093;96
260;20240517;21;20;141;0;10093;97
260;20240517;22;20;135;0;10092;98
260;20240517;23;20;133;0;10092;98
260;20240517;24;20;127;0;10091;98
260;20240518;1;10;132;0;10090;98
260;20240518;2;10;130;0;10091;98
260;20240518;3;10;127;0;10092;99
260;20240518;4;10;124;1;10096;99
260;20240518;5;10;136;20;10100;98
260;20240518;6;10;147;45;10104;98
260;20240518;7;20;161;94;10109;92
260;20240518;8;10;166;115;10108;90
260;20240518;9;10;192;235;10110;73
260;20240518;10;10;207;281;10110;60
260;20240518;11;20;214;256;10111;65
260;20240518;12;10;224;310;10110;47
260;20240518;13;20;233;223;10106;43
260;20240518;14;30;219;116;10105;50
260;20240518;15;30;203;80;10103;61
260;20240518;16;20;195;53;10102;67
260;20240518;17;20;210;143;10100;55
260;20240518;18;30;174;45;10109;72
260;20240518;19;20;166;19;10105;71
260;20240518;20;20;155;3;10110;77
260;20240518;21;10;131;0;10113;91
260;20240518;22;20;149;0;10111;92
260;20240518;23;20;144;0;10110;94
260;20240518;24;30;140;0;10107;96
260;20240519;1;20;137;0;10106;98
260;20240519;2;20;133;0;10103;98
260;20240519;3;20;128;0;10102;98
260;20240519;4;20;129;1;10104;98
260;20240519;5;20;137;24;10107;96
260;20240519;6;20;150;59;10112;92
260;20240519;7;10;168;82;10115;81
260;20240519;8;10;174;104;10115;81
260;20240519;9;20;202;223;10113;57
260;20240519;10;30;203;257;10112;58
260;20240519;11;30;208;203;10111;58
260;20240519;12;30;206;209;10109;64
260;20240519;13;40;209;142;10106;54
260;20240519;14;40;216;193;10102;45
260;20240519;15;40;214;181;10103;51
260;20240519;16;50;217;195;10102;46
260;20240519;17;50;214;146;10104;48
260;20240519;18;60;206;84;10106;47
260;20240519;19;40;190;31;10111;57
260;20240519;20;40;177;3;10118;56
260;20240519;21;20;161;0;10121;64
260;20240519;22;30;159;0;10120;70
260;20240519;23;30;150;0;10119;79
260;20240519;24;20;149;0;10119;85
260;20240520;1;20;144;0;10119;89
260;20240520;2;20;138;0;10117;97
260;20240520;3;20;143;0;10116;92
260;20240520;4;30;142;0;10117;92
260;20240520;5;20;144;16;10117;96
260;20240520;6;20;147;27;10117;93
260;20240520;7;20;147;26;10118;95
260;20240520;8;20;156;35;10119;92
260;20240520;9;20;168;92;10119;81
260;20240520;10;30;177;124;10119;78
260;20240520;11;30;183;162;10117;73
260;20240520;12;20;203;187;10112;68
260;20240520;13;20;205;169;10106;65
260;20240520;14;20;193;122;10103;68
260;20240520;15;30;181;109;10103;82
260;20240520;16;30;164;33;10102;85
260;20240520;17;20;168;46;10103;86
260;20240520;18;30;162;38;10102;88
260;20240520;19;20;163;19;10101;90
260;20240520;20;10;145;2;10104;98
260;20240520;21;20;136;0;10104;97
260;20240520;22;10;129;0;10103;97
260;20240520;23;10;122;0;10102;98
260;20240520;24;10;113;0;10102;98
260;20240521;1;10;111;0;10099;98
260;20240521;2;10;103;0;10094;98
260;20240521;3;10;107;0;10090;98
260;20240521;4;10;110;2;10090;98
260;20240521;5;10;127;22;10090;98
260;20240521;6;20;156;73;10088;90
260;20240521;7;20;180;132;10086;80
260;20240521;8;30;197;190;10085;73
260;20240521;9;30;216;201;10082;65
260;20240521;10;40;225;268;10078;57
260;20240521;11;50;228;229;10077;54
260;20240521;12;50;232;208;10071;56
260;20240521;13;40;232;170;10068;57
260;20240521;14;30;231;134;10063;54
260;20240521;15;20;232;90;10056;51
260;20240521;16;50;156;20;10071;92
260;20240521;17;50;161;22;10058;91
260;20240521;18;30;163;27;10053;89
260;20240521;19;40;159;7;10072;92
260;20240521;20;30;154;0;10069;96
260;20240521;21;10;150;0;10067;98
260;20240521;22;30;147;0;10057;98
260;20240521;23;30;145;0;10048;98
260;20240521;24;20;141;0;10049;98
260;20240522;1;20;140;0;10045;98
260;20240522;2;20;140;0;10040;97
260;20240522;3;30;140;0;10041;97
260;20240522;4;30;138;1;10041;97
260;20240522;5;30;144;8;10045;97
260;20240522;6;40;145;15;10050;94
260;20240522;7;40;147;26;10057;92
260;20240522;8;40;151;45;10062;86
260;20240522;9;50;152;55;10068;85
260;20240522;10;50;156;79;10073;85
260;20240522;11;60;159;102;10080;80
260;20240522;12;50;164;145;10084;76
260;20240522;13;50;168;101;10087;75
260;20240522;14;50;177;155;10089;70
260;20240522;15;50;182;127;10090;67
260;20240522;16;40;186;129;10088;65
260;20240522;17;40;183;56;10089;66
260;20240522;18;40;172;31;10095;66
260;20240522;19;40;165;40;10099;72
260;20240522;20;30;155;2;10107;77
260;20240522;21;30;150;0;10113;77
260;20240522;22;30;146;0;10115;79
260;20240522;23;30;140;0;10117;81
260;20240522;24;40;135;0;10118;83
260;20240523;1;40;132;0;10116;84
260;20240523;2;30;126;0;10118;88
260;20240523;3;30;133;0;10119;86
260;20240523;4;30;135;0;10122;86
260;20240523;5;30;137;13;10126;87
260;20240523;6;40;139;26;10129;85
260;20240523;7;40;141;31;10134;86
260;20240523;8;40;146;36;10136;84
260;20240523;9;40;159;74;10139;79
260;20240523;10;40;163;107;10143;74
260;20240523;11;50;183;198;10143;67
260;20240523;12;50;183;207;10144;69
260;20240523;13;40;179;128;10143;68
260;20240523;14;40;183;85;10144;65
260;20240523;15;30;190;88;10147;60
260;20240523;16;30;178;101;10151;74
260;20240523;17;20;182;70;10152;64
260;20240523;18;30;175;26;10154;71
260;20240523;19;20;169;28;10158;70
260;20240523;20;10;159;6;10165;77
260;20240523;21;10;139;0;10170;91
260;20240523;22;10;119;0;10171;98
260;20240523;23;10;109;0;10174;98
260;20240523;24;10;101;0;10176;99
260;20240524;1;10;97;0;10176;98
260;20240524;2;0;92;0;10176;99
260;20240524;3;10;89;0;10175;98
260;20240524;4;10;89;2;10176;98
260;20240524;5;10;104;21;10180;98
260;20240524;6;10;140;61;10184;95
260;20240524;7;10;160;73;10186;82
260;20240524;8;10;166;69;10189;79
260;20240524;9;10;172;74;10190;76
260;20240524;10;10;179;88;10192;75
260;20240524;11;20;178;76;10193;74
260;20240524;12;30;163;84;10193;88
260;20240524;13;10;167;64;10190;88
260;20240524;14;10;163;45;10185;88
260;20240524;15;20;163;48;10185;91
260;20240524;16;30;158;23;10183;93
260;20240524;17;30;157;18;10184;92
260;20240524;18;20;151;9;10182;97
260;20240524;19;20;149;3;10180;98
260;20240524;20;20;148;0;10179;98
260;20240524;21;20;150;0;10177;98
260;20240524;22;20;149;0;10175;98
260;20240524;23;30;146;0;10174;97
260;20240524;24;30;143;0;10172;98
260;20240525;1;20;142;0;10168;98
260;20240525;2;10;143;0;10164;98
260;20240525;3;10;143;0;10161;98
260;20240525;4;10;141;1;10158;98
260;20240525;5;10;143;9;10155;98
260;20240525;6;10;153;38;10153;97
260;20240525;7;20;155;66;10155;92
260;20240525;8;20;156;51;10154;92
260;20240525;9;20;164;60;10155;90
260;20240525;10;10;183;241;10156;79
260;20240525;11;20;175;109;10156;83
260;20240525;12;30;165;69;10157;88
260;20240525;13;40;173;140;10160;72
260;20240525;14;40;168;115;10162;80
260;20240525;15;40;174;85;10162;78
260;20240525;16;40;177;202;10163;75
260;20240525;17;40;181;137;10164;68
260;20240525;18;30;168;36;10168;73
260;20240525;19;20;164;32;10169;74
260;20240525;20;10;129;5;10170;94
260;20240525;21;10;111;0;10170;97
260;20240525;22;10;105;0;10172;98
260;20240525;23;10;100;0;10173;98
260;20240525;24;20;94;0;10171;98
260;20240526;1;20;93;0;10169;97
260;20240526;2;20;102;0;10164;98
260;20240526;3;20;109;0;10161;98
260;20240526;4;20;110;3;10159;98
260;20240526;5;20;129;22;10159;97
260;20240526;6;30;157;78;10154;84
260;20240526;7;40;170;126;10154;79
260;20240526;8;40;185;151;10150;74
260;20240526;9;40;184;114;10149;72
260;20240526;10;40;190;129;10147;71
260;20240526;11;30;196;158;10148;70
260;20240526;12;40;154;43;10146;86
260;20240526;13;20;174;126;10135;86
260;20240526;14;20;187;103;10131;84
260;20240526;15;20;210;196;10124;68
260;20240526;16;30;200;91;10122;71
260;20240526;17;50;147;12;10132;96
260;20240526;18;20;156;65;10136;89
260;20240526;19;20;152;44;10141;90
260;20240526;20;20;136;5;10147;97
260;20240526;21;10;118;0;10147;97
260;20240526;22;20;111;0;10148;97
260;20240526;23;20;107;0;10152;98
260;20240526;24;10;97;0;10154;99
260;20240527;1;30;132;0;10152;90
260;20240527;2;30;133;0;10154;85
260;20240527;3;30;131;0;10156;84
260;20240527;4;20;127;1;10158;86
260;20240527;5;20;130;16;10163;85
260;20240527;6;30;141;80;10165;81
260;20240527;7;40;143;91;10168;81
260;20240527;8;40;148;94;10170;80
260;20240527;9;40;156;146;10170;76
260;20240527;10;40;163;191;10171;66
260;20240527;11;40;173;194;10171;64
260;20240527;12;30;169;188;10168;60
260;20240527;13;30;173;120;10168;62
260;20240527;14;30;165;105;10167;66
260;20240527;15;20;171;47;10162;59
260;20240527;16;10;169;51;10161;60
260;20240527;17;10;156;21;10161;78
260;20240527;18;20;136;11;10166;92
260;20240527;19;20;124;3;10170;95
260;20240527;20;10;118;0;10172;97
260;20240527;21;10;120;0;10173;98
260;20240527;22;10;120;0;10174;97
260;20240527;23;10;111;0;10173;97
260;20240527;24;10;97;0;10173;99
260;20240528;1;20;102;0;10173;98
260;20240528;2;20;106;0;10172;95
260;20240528;3;20;100;0;10170;93
260;20240528;4;20;97;1;10171;95
260;20240528;5;20;106;26;10174;94
260;20240528;6;30;120;69;10176;91
260;20240528;7;30;129;109;10175;87
260;20240528;8;30;134;120;10177;82
260;20240528;9;40;154;238;10175;71
260;20240528;10;40;155;182;10174;68
260;20240528;11;40;174;288;10168;59
260;20240528;12;40;178;258;10162;60
260;20240528;13;40;179;235;10156;61
260;20240528;14;40;180;142;10149;58
260;20240528;15;50;168;41;10146;67
260;20240528;16;50;147;43;10144;89
260;20240528;17;40;144;29;10136;94
260;20240528;18;40;141;10;10127;97
260;20240528;19;50;144;3;10123;97
260;20240528;20;40;150;2;10123;96
260;20240528;21;40;148;0;10121;92
260;20240528;22;40;145;0;10118;94
260;20240528;23;40;145;0;10112;97
260;20240528;24;50;143;0;10108;98
260;20240529;1;40;144;0;10100;98
260;20240529;2;40;144;0;10091;97
260;20240529;3;40;144;0;10084;97
260;20240529;4;50;146;0;10079;97
260;20240529;5;50;144;5;10080;98
260;20240529;6;50;142;15;10080;95
260;20240529;7;50;147;39;10082;95
260;20240529;8;40;149;61;10085;91
260;20240529;9;50;149;84;10086;92
260;20240529;10;50;165;140;10086;81
260;20240529;11;50;173;191;10080;73
260;20240529;12;50;145;68;10084;96
260;20240529;13;40;149;133;10082;87
260;20240529;14;30;163;108;10079;81
260;20240529;15;40;166;152;10078;74
260;20240529;16;50;172;180;10077;64
260;20240529;17;30;176;125;10075;61
260;20240529;18;30;168;58;10076;67
260;20240529;19;30;163;35;10075;70
260;20240529;20;10;129;4;10075;94
260;20240529;21;10;114;0;10073;97
260;20240529;22;10;106;0;10071;98
260;20240529;23;10;95;0;10067;99
260;20240529;24;10;98;0;10065;98
260;20240530;1;10;110;0;10063;98
260;20240530;2;10;112;0;10060;98
260;20240530;3;10;112;0;10058;98
260;20240530;4;10;115;1;10056;98
260;20240530;5;20;128;9;10054;97
260;20240530;6;20;136;25;10055;94
260;20240530;7;20;144;45;10057;91
260;20240530;8;20;156;131;10058;80
260;20240530;9;30;163;156;10058;72
260;20240530;10;40;173;208;10059;69
260;20240530;11;40;176;187;10062;66
260;20240530;12;40;176;248;10062;65
260;20240530;13;40;176;190;10065;64
260;20240530;14;40;173;196;10066;71
260;20240530;15;40;159;162;10069;75
260;20240530;16;40;157;124;10071;75
260;20240530;17;40;152;74;10076;72
260;20240530;18;30;148;49;10081;77
260;20240530;19;30;143;13;10083;79
260;20240530;20;30;137;4;10086;84
260;20240530;21;30;135;0;10087;85
260;20240530;22;30;135;0;10087;86
260;20240530;23;20;134;0;10087;88
260;20240530;24;20;131;0;10089;97
260;20240531;1;20;134;0;10088;93
260;20240531;2;20;130;0;10091;94
260;20240531;3;20;129;0;10090;96
260;20240531;4;20;120;1;10091;96
260;20240531;5;10;122;16;10093;97
260;20240531;6;10;133;60;10096;90
260;20240531;7;10;149;154;10101;83
260;20240531;8;20;147;85;10106;81
260;20240531;9;10;167;215;10109;74
260;20240531;10;10;176;144;10114;70
260;20240531;11;20;167;108;10120;73
260;20240531;12;30;183;196;10123;67
260;20240531;13;30;179;89;10124;69
260;20240531;14;20;188;100;10127;65
260;20240531;15;40;186;131;10128;68
260;20240531;16;50;189;102;10131;69
260;20240531;17;60;173;113;10137;75
260;20240531;18;50;171;33;10142;75
260;20240531;19;50;167;59;10145;76
260;20240531;20;40;152;8;10148;87
260;20240531;21;50;151;0;10150;86
260;20240531;22;40;150;0;10152;85
260;20240531;23;40;140;0;10151;95
260;20240531;24;30;141;0;10147;94
260;20240601;1;20;143;0;10145;97
260;20240601;2;20;150;0;10145;98
260;20240601;3;40;153;0;10147;97
260;20240601;4;30;153;0;10149;97
260;20240601;5;40;153;2;10153;98
260;20240601;6;40;154;9;10159;95
260;20240601;7;40;155;16;10165;96
260;20240601;8;40;158;24;10169;96
260;20240601;9;40;160;31;10172;95
260;20240601;10;50;161;37;10176;95
260;20240601;11;40;161;43;10180;93
260;20240601;12;50;162;49;10184;91
260;20240601;13;50;163;69;10185;90
260;20240601;14;50;160;35;10189;91
260;20240601;15;40;160;43;10192;90
260;20240601;16;50;160;33;10193;91
260;20240601;17;50;156;22;10197;92
260;20240601;18;50;152;10;10203;92
260;20240601;19;50;147;6;10209;91
260;20240601;20;60;145;2;10216;91
260;20240601;21;50;144;0;10218;90
260;20240601;22;40;144;0;10218;89
260;20240601;23;40;143;0;10219;85
260;20240601;24;40;137;0;10222;86
260;20240602;1;30;134;0;10222;85
260;20240602;2;30;132;0;10224;84
260;20240602;3;30;130;0;10223;83
260;20240602;4;40;129;1;10226;82
260;20240602;5;30;131;10;10228;82
260;20240602;6;40;135;40;10232;79
260;20240602;7;40;140;79;10236;78
260;20240602;8;30;141;69;10237;78
260;20240602;9;40;141;63;10239;78
260;20240602;10;40;146;91;10240;73
260;20240602;11;40;161;180;10239;63
260;20240602;12;50;168;268;10236;60
260;20240602;13;50;166;284;10235;62
260;20240602;14;50;171;258;10234;61
260;20240602;15;50;169;248;10232;60
260;20240602;16;40;162;169;10229;62
260;20240602;17;40;156;87;10231;67
260;20240602;18;40;144;49;10233;67
260;20240602;19;40;138;13;10233;70
260;20240602;20;30;133;3;10236;70
260;20240602;21;30;129;0;10235;71
260;20240602;22;20;128;0;10232;73
260;20240602;23;20;127;0;10226;74
260;20240602;24;20;122;0;10222;80
260;20240603;1;20;112;0;10221;88
260;20240603;2;20;113;0;10219;87
260;20240603;3;20;108;0;10215;86
260;20240603;4;10;104;2;10212;89
260;20240603;5;10;114;9;10214;88
260;20240603;6;10;128;36;10214;78
260;20240603;7;20;132;48;10214;77
260;20240603;8;10;145;111;10210;71
260;20240603;9;20;144;91;10209;71
260;20240603;10;20;151;165;10209;69
260;20240603;11;20;159;146;10207;69
260;20240603;12;30;162;172;10205;67
260;20240603;13;20;169;181;10201;67
260;20240603;14;20;171;122;10198;67
260;20240603;15;30;168;87;10197;70
260;20240603;16;30;169;94;10195;69
260;20240603;17;20;167;73;10191;72
260;20240603;18;20;164;36;10189;70
260;20240603;19;20;161;15;10186;74
260;20240603;20;10;155;3;10186;80
260;20240603;21;20;148;0;10185;82
260;20240603;22;10;138;0;10179;91
260;20240603;23;10;131;0;10176;94
260;20240603;24;10;126;0;10172;96
260;20240604;1;10;130;0;10168;97
260;20240604;2;0;131;0;10165;97
260;20240604;3;0;130;0;10161;98
260;20240604;4;0;130;1;10156;97
260;20240604;5;10;137;10;10153;94
260;20240604;6;20;147;26;10151;91
260;20240604;7;20;153;39;10148;85
260;20240604;8;30;165;63;10142;81
260;20240604;9;40;176;173;10136;72
260;20240604;10;40;189;206;10131;67
260;20240604;11;50;189;141;10126;69
260;20240604;12;50;196;191;10119;63
260;20240604;13;40;207;234;10111;63
260;20240604;14;50;204;145;10106;62
260;20240604;15;50;211;212;10096;58
260;20240604;16;60;210;117;10088;58
260;20240604;17;50;202;48;10082;61
260;20240604;18;40;180;11;10082;70
260;20240604;19;30;156;3;10076;93
260;20240604;20;20;156;3;10072;93
260;20240604;21;30;157;0;10074;90
260;20240604;22;40;150;0;10076;86
260;20240604;23;40;145;0;10076;92
260;20240604;24;50;142;0;10075;96
260;20240605;1;40;113;0;10088;93
260;20240605;2;30;109;0;10094;92
260;20240605;3;10;106;0;10096;95
260;20240605;4;10;100;3;10101;97
260;20240605;5;20;113;27;10105;93
260;20240605;6;30;127;66;10111;87
260;20240605;7;30;129;97;10117;75
260;20240605;8;40;142;184;10120;64
260;20240605;9;40;144;180;10125;58
260;20240605;10;40;149;194;10127;53
260;20240605;11;40;158;300;10129;49
260;20240605;12;40;162;293;10131;42
260;20240605;13;40;152;260;10134;50
260;20240605;14;50;158;202;10139;47
260;20240605;15;50;157;269;10142;43
260;20240605;16;50;152;202;10145;45
260;20240605;17;40;150;161;10145;46
260;20240605;18;30;147;101;10148;48
260;20240605;19;20;140;45;10151;51
260;20240605;20;20;111;9;10156;69
260;20240605;21;20;87;0;10162;89
260;20240605;22;10;74;0;10161;96
260;20240605;23;10;69;0;10163;97
260;20240605;24;10;69;0;10163;98
260;20240606;1;10;68;0;10162;97
260;20240606;2;10;64;0;10160;98
260;20240606;3;10;63;0;10160;98
260;20240606;4;20;70;3;10161;97
260;20240606;5;20;86;16;10162;92
260;20240606;6;10;113;58;10164;79
260;20240606;7;20;131;96;10163;65
260;20240606;8;30;153;180;10165;59
260;20240606;9;30;163;212;10164;50
260;20240606;10;30;160;146;10165;48
260;20240606;11;30;173;181;10166;49
260;20240606;12;40;163;197;10169;48
260;20240606;13;40;162;120;10173;55
260;20240606;14;40;168;173;10175;45
260;20240606;15;30;164;205;10174;46
260;20240606;16;30;173;171;10174;40
260;20240606;17;30;168;136;10177;44
260;20240606;18;30;161;103;10179;45
260;20240606;19;30;148;45;10182;55
260;20240606;20;20;113;7;10185;79
260;20240606;21;10;89;0;10188;94
260;20240606;22;10;79;0;10187;97
260;20240606;23;10;70;0;10187;98
260;20240606;24;0;68;0;10187;98
260;20240607;1;10;69;0;10188;98
260;20240607;2;10;63;0;10186;98
260;20240607;3;10;63;0;10185;98
260;20240607;4;10;75;4;10183;98
260;20240607;5;20;100;32;10180;88
260;20240607;6;20;130;82;10183;73
260;20240607;7;30;146;123;10186;66
260;20240607;8;40;154;184;10187;67
260;20240607;9;40;166;227;10186;64
260;20240607;10;40;173;187;10184;60
260;20240607;11;50;168;117;10185;63
260;20240607;12;40;168;94;10186;64
260;20240607;13;40;176;186;10183;55
260;20240607;14;40;192;186;10179;49
260;20240607;15;40;189;162;10175;51
260;20240607;16;40;186;195;10172;46
260;20240607;17;40;182;152;10170;46
260;20240607;18;50;172;96;10170;47
260;20240607;19;30;164;46;10167;46
260;20240607;20;10;119;5;10168;78
260;20240607;21;10;92;0;10168;92
260;20240607;22;10;82;0;10166;96
260;20240607;23;10;77;0;10162;97
260;20240607;24;10;71;0;10157;97
260;20240608;1;20;75;0;10150;97
260;20240608;2;20;107;0;10144;89
260;20240608;3;20;107;0;10135;88
260;20240608;4;30;116;4;10132;86
260;20240608;5;40;123;31;10129;84
260;20240608;6;40;126;62;10127;86
260;20240608;7;40;134;75;10127;86
260;20240608;8;40;140;78;10122;86
260;20240608;9;30;155;136;10115;82
260;20240608;10;50;166;156;10111;73
260;20240608;11;50;165;142;10109;70
260;20240608;12;50;176;149;10109;57
260;20240608;13;60;174;187;10106;56
260;20240608;14;50;176;138;10108;61
260;20240608;15;50;179;193;10106;59
260;20240608;16;50;167;117;10109;65
260;20240608;17;50;162;96;10112;66
260;20240608;18;40;130;24;10118;92
260;20240608;19;30;130;23;10122;84
260;20240608;20;20;124;7;10127;80
260;20240608;21;20;97;0;10131;94
260;20240608;22;20;80;0;10130;97
260;20240608;23;20;70;0;10132;97
260;20240608;24;20;62;0;10132;98
260;20240609;1;20;59;0;10128;99
260;20240609;2;10;55;0;10124;99
260;20240609;3;10;60;0;10119;98
260;20240609;4;20;80;3;10115;97
260;20240609;5;30;113;27;10112;82
260;20240609;6;30;130;71;10109;80
260;20240609;7;30;144;144;10107;70
260;20240609;8;40;147;142;10106;61
260;20240609;9;40;150;199;10107;58
260;20240609;10;40;161;229;10108;52
260;20240609;11;50;155;241;10107;47
260;20240609;12;50;154;241;10105;53
260;20240609;13;60;154;207;10104;54
260;20240609;14;50;157;177;10103;47
260;20240609;15;50;164;240;10100;51
260;20240609;16;40;153;100;10100;55
260;20240609;17;40;152;85;10100;56
260;20240609;18;40;146;68;10098;59
260;20240609;19;30;141;19;10097;62
260;20240609;20;30;137;3;10098;66
260;20240609;21;20;134;0;10097;69
260;20240609;22;20;131;0;10094;72
260;20240609;23;20;128;0;10093;75
260;20240609;24;20;120;0;10087;85
260;20240610;1;20;112;0;10082;91
260;20240610;2;20;115;0;10077;91
260;20240610;3;10;116;0;10069;90
260;20240610;4;20;118;1;10064;89
260;20240610;5;20;118;8;10060;94
260;20240610;6;20;115;10;10056;96
260;20240610;7;30;117;27;10051;95
260;20240610;8;40;118;47;10044;94
260;20240610;9;40;117;28;10035;97
260;20240610;10;40;128;60;10029;95
260;20240610;11;40;133;68;10022;93
260;20240610;12;50;144;129;10020;86
260;20240610;13;50;140;188;10017;76
260;20240610;14;50;137;132;10013;72
260;20240610;15;50;133;120;10011;78
260;20240610;16;60;97;31;10038;91
260;20240610;17;70;93;41;10059;88
260;20240610;18;60;92;25;10078;90
260;20240610;19;40;92;13;10090;92
260;20240610;20;30;96;5;10100;93
260;20240610;21;30;94;0;10106;95
260;20240610;22;20;96;0;10114;93
260;20240610;23;30;94;0;10118;92
260;20240610;24;20;87;0;10120;95
260;20240611;1;20;89;0;10123;91
260;20240611;2;20;89;0;10125;90
260;20240611;3;20;90;0;10129;91
260;20240611;4;20;81;3;10129;95
260;20240611;5;30;92;15;10133;92
260;20240611;6;10;99;27;10137;94
260;20240611;7;20;109;49;10142;91
260;20240611;8;30;113;72;10147;79
260;20240611;9;40;136;164;10148;72
260;20240611;10;40;152;217;10151;63
260;20240611;11;50;153;282;10153;59
260;20240611;12;50;151;290;10153;56
260;20240611;13;50;153;273;10157;57
260;20240611;14;50;160;305;10160;55
260;20240611;15;40;131;143;10163;74
260;20240611;16;50;154;192;10164;56
260;20240611;17;50;150;170;10165;59
260;20240611;18;50;132;82;10167;65
260;20240611;19;40;108;14;10173;90
260;20240611;20;30;106;4;10177;94
260;20240611;21;20;107;0;10182;91
260;20240611;22;20;103;0;10183;90
260;20240611;23;20;100;0;10185;95
260;20240611;24;10;102;0;10186;96
260;20240612;1;10;91;0;10184;97
260;20240612;2;20;99;0;10185;95
260;20240612;3;10;96;0;10186;96
260;20240612;4;20;96;2;10189;93
260;20240612;5;20;103;21;10189;87
260;20240612;6;20;112;63;10193;82
260;20240612;7;30;115;64;10196;75
260;20240612;8;30;128;158;10197;66
260;20240612;9;40;131;182;10196;68
260;20240612;10;30;134;160;10196;65
260;20240612;11;40;136;171;10197;59
260;20240612;12;40;134;175;10198;68
260;20240612;13;50;146;254;10197;57
260;20240612;14;50;132;158;10199;71
260;20240612;15;40;138;136;10198;61
260;20240612;16;40;137;154;10196;55
260;20240612;17;40;117;59;10200;72
260;20240612;18;30;106;26;10199;88
260;20240612;19;20;108;24;10196;86
260;20240612;20;10;107;4;10199;89
260;20240612;21;10;109;0;10201;86
260;20240612;22;10;105;0;10199;91
260;20240612;23;10;94;0;10195;97
260;20240612;24;10;93;0;10192;97
260;20240613;1;10;91;0;10192;97
260;20240613;2;10;90;0;10187;96
260;20240613;3;10;95;0;10184;95
260;20240613;4;10;98;2;10181;93
260;20240613;5;20;106;11;10179;88
260;20240613;6;20;119;46;10177;81
260;20240613;7;30;138;143;10175;70
260;20240613;8;50;153;200;10171;62
260;20240613;9;50;163;247;10170;55
260;20240613;10;50;164;237;10165;54
260;20240613;11;50;161;103;10162;55
260;20240613;12;40;172;189;10156;53
260;20240613;13;50;174;155;10150;55
260;20240613;14;50;181;211;10145;51
260;20240613;15;40;183;176;10140;48
260;20240613;16;40;178;88;10131;53
260;20240613;17;30;178;112;10125;52
260;20240613;18;30;176;44;10122;55
260;20240613;19;20;167;15;10120;61
260;20240613;20;10;150;4;10118;77
260;20240613;21;10;136;0;10116;86
260;20240613;22;10;129;0;10108;93
260;20240613;23;10;128;0;10102;92
260;20240613;24;10;125;0;10091;94
260;20240614;1;10;129;0;10083;84
260;20240614;2;20;136;0;10078;81
260;20240614;3;20;139;0;10077;78
260;20240614;4;20;135;1;10072;82
260;20240614;5;30;136;11;10069;81
260;20240614;6;40;141;28;10062;78
260;20240614;7;50;142;27;10062;77
260;20240614;8;60;142;27;10060;81
260;20240614;9;50;151;60;10059;77
260;20240614;10;50;154;66;10060;75
260;20240614;11;50;157;68;10058;74
260;20240614;12;50;153;52;10059;81
260;20240614;13;40;145;49;10063;92
260;20240614;14;30;151;60;10060;94
260;20240614;15;40;163;155;10053;85
260;20240614;16;40;171;98;10049;80
260;20240614;17;40;179;90;10043;72
260;20240614;18;40;180;68;10036;72
260;20240614;19;30;173;37;10035;73
260;20240614;20;20;166;9;10030;78
260;20240614;21;20;154;0;10030;91
260;20240614;22;20;142;0;10022;98
260;20240614;23;20;134;0;10008;97
260;20240614;24;20;124;0;10004;97
260;20240615;1;20;127;0;9998;97
260;20240615;2;20;129;0;9992;97
260;20240615;3;30;133;0;9990;98
260;20240615;4;30;132;2;9989;96
260;20240615;5;40;133;23;9993;92
260;20240615;6;60;125;45;10001;84
260;20240615;7;60;124;47;10009;91
260;20240615;8;60;136;121;10014;79
260;20240615;9;70;136;95;10021;75
260;20240615;10;70;142;146;10026;77
260;20240615;11;70;154;221;10032;76
260;20240615;12;70;166;249;10032;59
260;20240615;13;90;167;186;10036;59
260;20240615;14;70;165;86;10037;59
260;20240615;15;70;174;93;10034;59
260;20240615;16;70;168;54;10034;59
260;20240615;17;60;164;18;10037;60
260;20240615;18;60;140;27;10044;84
260;20240615;19;50;142;40;10044;80
260;20240615;20;50;137;9;10045;81
260;20240615;21;40;139;0;10048;79
260;20240615;22;40;142;0;10049;77
260;20240615;23;50;135;0;10049;80
260;20240615;24;40;133;0;10047;83
260;20240616;1;40;133;0;10045;86
260;20240616;2;40;130;0;10044;90
260;20240616;3;40;129;0;10044;91
260;20240616;4;40;125;2;10046;92
260;20240616;5;40;132;37;10046;90
260;20240616;6;50;142;79;10046;84
260;20240616;7;50;135;66;10047;89
260;20240616;8;50;152;92;10047;80
260;20240616;9;50;154;118;10047;74
260;20240616;10;50;158;126;10046;78
260;20240616;11;50;148;73;10046;84
260;20240616;12;40;143;150;10046;91
260;20240616;13;30;137;63;10049;92
260;20240616;14;30;136;68;10051;90
260;20240616;15;30;159;161;10051;84
260;20240616;16;40;180;215;10051;71
260;20240616;17;40;183;165;10055;64
260;20240616;18;40;183;102;10059;55
260;20240616;19;30;172;50;10064;64
260;20240616;20;30;154;10;10071;76
260;20240616;21;10;117;0;10076;96
260;20240616;22;10;114;0;10080;97
260;20240616;23;10;119;0;10081;97
260;20240616;24;10;117;0;10082;97
260;20240617;1;20;135;0;10081;87
260;20240617;2;20;121;0;10082;94
260;20240617;3;20;135;0;10083;86
260;20240617;4;20;135;2;10085;83
260;20240617;5;20;144;19;10088;79
260;20240617;6;40;151;52;10092;73
260;20240617;7;30;153;59;10096;74
260;20240617;8;40;168;160;10100;70
260;20240617;9;40;170;158;10105;72
260;20240617;10;40;181;213;10108;66
260;20240617;11;40;182;273;10112;64
260;20240617;12;40;195;194;10114;55
260;20240617;13;50;195;281;10116;54
260;20240617;14;40;195;205;10121;53
260;20240617;15;40;205;239;10123;47
260;20240617;16;40;202;217;10124;48
260;20240617;17;30;203;163;10123;47
260;20240617;18;30;196;100;10128;50
260;20240617;19;20;190;60;10130;53
260;20240617;20;10;156;14;10136;76
260;20240617;21;10;132;0;10141;93
260;20240617;22;10;133;0;10142;93
260;20240617;23;10;127;0;10145;94
260;20240617;24;10;117;0;10144;97
260;20240618;1;10;110;0;10143;97
260;20240618;2;10;107;0;10140;97
260;20240618;3;10;113;0;10142;97
260;20240618;4;10;117;3;10140;97
260;20240618;5;10;133;20;10142;95
260;20240618;6;10;154;32;10142;85
260;20240618;7;10;166;41;10143;80
260;20240618;8;20;175;74;10143;69
260;20240618;9;10;172;48;10142;78
260;20240618;10;10;174;64;10140;81
260;20240618;11;20;177;67;10136;83
260;20240618;12;20;178;57;10131;82
260;20240618;13;20;177;55;10130;84
260;20240618;14;20;168;36;10134;89
260;20240618;15;20;162;34;10136;94
260;20240618;16;10;162;29;10135;96
260;20240618;17;20;163;59;10135;92
260;20240618;18;20;161;15;10136;95
260;20240618;19;10;158;12;10138;97
260;20240618;20;20;155;6;10141;97
260;20240618;21;10;149;0;10142;98
260;20240618;22;10;144;0;10146;98
260;20240618;23;10;135;0;10149;99
260;20240618;24;10;140;0;10151;98
260;20240619;1;20;135;0;10154;98
260;20240619;2;20;132;0;10153;98
260;20240619;3;20;135;0;10159;98
260;20240619;4;20;131;3;10164;97
260;20240619;5;20;135;31;10169;93
260;20240619;6;30;145;89;10175;88
260;20240619;7;40;149;113;10177;81
260;20240619;8;50;160;176;10185;74
260;20240619;9;30;167;137;10189;67
260;20240619;10;40;175;268;10193;63
260;20240619;11;30;179;210;10197;61
260;20240619;12;30;193;231;10200;52
260;20240619;13;40;189;276;10203;59
260;20240619;14;40;198;279;10206;57
260;20240619;15;40;194;277;10209;58
260;20240619;16;40;189;240;10208;57
260;20240619;17;30;183;173;10210;57
260;20240619;18;40;174;110;10212;64
260;20240619;19;30;163;55;10221;66
260;20240619;20;30;151;13;10223;71
260;20240619;21;20;128;0;10231;84
260;20240619;22;20;125;0;10225;86
260;20240619;23;10;111;0;10227;94
260;20240619;24;20;107;0;10223;95
260;20240620;1;10;96;0;10229;97
260;20240620;2;20;104;0;10223;96
260;20240620;3;10;100;0;10225;96
260;20240620;4;10;101;4;10225;97
260;20240620;5;20;111;17;10210;93
260;20240620;6;30;121;41;10221;89
260;20240620;7;20;147;113;10219;82
260;20240620;8;20;165;152;10216;76
260;20240620;9;30;178;164;10207;73
260;20240620;10;30;194;177;10204;66
260;20240620;11;20;202;211;10201;55
260;20240620;12;30;199;112;10196;63
260;20240620;13;30;200;140;10194;63
260;20240620;14;30;202;103;10184;64
260;20240620;15;40;204;154;10182;56
260;20240620;16;30;204;144;10178;56
260;20240620;17;40;196;87;10174;60
260;20240620;18;20;192;27;10180;63
260;20240620;19;20;190;21;10166;67
260;20240620;20;20;182;11;10164;72
260;20240620;21;10;168;0;10171;83
260;20240620;22;20;165;0;10162;84
260;20240620;23;20;161;0;10165;85
260;20240620;24;20;154;0;10160;90
260;20240621;1;20;152;0;10157;91
260;20240621;2;20;149;0;10150;90
260;20240621;3;20;146;0;10142;92
260;20240621;4;10;150;2;10140;89
260;20240621;5;20;153;18;10136;88
260;20240621;6;10;155;15;10141;88
260;20240621;7;20;166;55;10132;81
260;20240621;8;20;177;98;10132;77
260;20240621;9;20;189;134;10131;73
260;20240621;10;30;194;167;10124;74
260;20240621;11;20;195;104;10119;77
260;20240621;12;30;185;68;10119;81
260;20240621;13;30;176;35;10114;87
260;20240621;14;20;172;50;10113;90
260;20240621;15;20;174;37;10112;85
260;20240621;16;30;163;30;10111;92
260;20240621;17;20;160;29;10112;86
260;20240621;18;20;163;34;10110;86
260;20240621;19;20;161;17;10110;86
260;20240621;20;30;157;5;10116;88
260;20240621;21;30;151;0;10120;88
260;20240621;22;20;147;0;10122;91
260;20240621;23;20;139;0;10118;92
260;20240621;24;20;126;0;10115;98
260;20240622;1;20;137;0;10111;95
260;20240622;2;30;135;0;10110;90
260;20240622;3;30;137;0;10109;89
260;20240622;4;30;134;3;10108;91
260;20240622;5;30;140;23;10111;89
260;20240622;6;30;154;71;10112;86
260;20240622;7;40;157;79;10115;81
260;20240622;8;40;167;97;10118;80
260;20240622;9;40;170;98;10122;75
260;20240622;10;40;181;150;10125;69
260;20240622;11;40;191;217;10127;65
260;20240622;12;40;194;228;10130;64
260;20240622;13;30;196;146;10134;65
260;20240622;14;30;190;101;10137;69
260;20240622;15;30;202;186;10136;60
260;20240622;16;30;195;91;10138;70
260;20240622;17;30;183;71;10142;73
260;20240622;18;20;184;33;10146;72
260;20240622;19;30;188;61;10150;65
260;20240622;20;20;160;12;10156;83
260;20240622;21;20;151;0;10163;85
260;20240622;22;10;127;0;10162;97
260;20240622;23;10;117;0;10165;97
260;20240622;24;10;112;0;10168;98
260;20240623;1;10;107;0;10171;98
260;20240623;2;10;102;0;10174;98
260;20240623;3;10;108;0;10175;98
260;20240623;4;10;107;5;10178;98
260;20240623;5;10;137;36;10182;98
260;20240623;6;20;166;88;10184;86
260;20240623;7;20;184;140;10187;81
260;20240623;8;20;196;196;10191;72
260;20240623;9;20;209;235;10193;68
260;20240623;10;30;221;268;10196;62
260;20240623;11;20;224;218;10196;53
260;20240623;12;20;226;162;10196;52
260;20240623;13;30;226;174;10196;56
260;20240623;14;20;233;134;10198;52
260;20240623;15;30;227;169;10197;50
260;20240623;16;40;234;166;10199;48
260;20240623;17;40;227;159;10202;49
260;20240623;18;30;218;103;10204;51
260;20240623;19;30;207;51;10207;59
260;20240623;20;20;177;11;10210;75
260;20240623;21;10;147;0;10212;92
260;20240623;22;0;133;0;10214;97
260;20240623;23;0;126;0;10214;97
260;20240623;24;0;120;0;10212;97
260;20240624;1;0;116;0;10213;97
260;20240624;2;10;111;0;10211;98
260;20240624;3;0;107;0;10210;98
260;20240624;4;0;111;4;10211;98
260;20240624;5;10;142;33;10211;95
260;20240624;6;10;175;83;10213;79
260;20240624;7;10;199;139;10215;67
260;20240624;8;10;209;194;10213;58
260;20240624;9;10;223;243;10212;58
260;20240624;10;10;230;267;10209;53
260;20240624;11;20;236;314;10206;53
260;20240624;12;20;244;327;10203;50
260;20240624;13;20;251;328;10197;49
260;20240624;14;20;252;294;10193;47
260;20240624;15;20;259;210;10187;45
260;20240624;16;10;252;172;10185;46
260;20240624;17;20;255;103;10183;52
260;20240624;18;30;245;106;10183;51
260;20240624;19;30;234;48;10182;56
260;20240624;20;20;217;11;10184;65
260;20240624;21;20;202;0;10186;74
260;20240624;22;20;179;0;10187;85
260;20240624;23;20;176;0;10185;82
260;20240624;24;20;169;0;10183;84
260;20240625;1;20;163;0;10179;87
260;20240625;2;10;151;0;10175;93
260;20240625;3;10;151;0;10174;94
260;20240625;4;10;155;4;10172;94
260;20240625;5;20;169;31;10173;88
260;20240625;6;20;190;80;10171;80
260;20240625;7;20;215;135;10170;70
260;20240625;8;20;235;191;10168;64
260;20240625;9;20;247;241;10166;57
260;20240625;10;30;257;282;10164;54
260;20240625;11;30;259;299;10161;52
260;20240625;12;30;261;243;10157;52
260;20240625;13;30;270;286;10154;47
260;20240625;14;30;273;279;10147;48
260;20240625;15;30;279;220;10141;46
260;20240625;16;40;280;209;10136;44
260;20240625;17;40;279;155;10132;46
260;20240625;18;40;273;101;10130;47
260;20240625;19;30;261;49;10131;50
260;20240625;20;20;223;10;10136;71
260;20240625;21;20;203;0;10138;82
260;20240625;22;20;214;0;10138;77
260;20240625;23;30;205;0;10137;82
260;20240625;24;30;200;0;10136;84
260;20240626;1;20;191;0;10133;88
260;20240626;2;20;184;0;10128;89
260;20240626;3;20;176;0;10124;91
260;20240626;4;20;178;4;10125;90
260;20240626;5;20;197;32;10123;81
260;20240626;6;20;217;82;10124;71
260;20240626;7;20;241;137;10125;62
260;20240626;8;20;254;194;10121;55
260;20240626;9;30;265;244;10117;48
260;20240626;10;30;273;283;10116;47
260;20240626;11;40;277;309;10114;44
260;20240626;12;30;284;320;10111;44
260;20240626;13;30;289;312;10104;43
260;20240626;14;20;297;291;10099;44
260;20240626;15;20;299;247;10095;38
260;20240626;16;20;295;216;10092;40
260;20240626;17;20;295;165;10090;46
260;20240626;18;20;288;98;10089;48
260;20240626;19;20;272;47;10089;56
260;20240626;20;20;241;10;10090;73
260;20240626;21;10;207;0;10093;89
260;20240626;22;0;196;0;10090;93
260;20240626;23;10;186;0;10089;97
260;20240626;24;0;182;0;10086;97
260;20240627;1;10;177;0;10085;99
260;20240627;2;10;172;0;10081;99
260;20240627;3;10;165;0;10080;99
260;20240627;4;10;173;4;10080;99
260;20240627;5;10;195;28;10082;96
260;20240627;6;10;226;72;10082;69
260;20240627;7;20;242;128;10084;59
260;20240627;8;20;248;176;10084;59
260;20240627;9;30;259;226;10083;55
260;20240627;10;40;270;275;10083;49
260;20240627;11;50;273;308;10083;47
260;20240627;12;40;276;286;10082;46
260;20240627;13;50;278;248;10083;46
260;20240627;14;50;281;275;10080;44
260;20240627;15;40;286;238;10076;45
260;20240627;16;30;278;143;10076;49
260;20240627;17;30;274;105;10075;51
260;20240627;18;40;233;98;10083;66
260;20240627;19;40;221;39;10087;60
260;20240627;20;30;201;6;10096;70
260;20240627;21;30;192;0;10101;72
260;20240627;22;40;184;0;10103;64
260;20240627;23;50;179;0;10105;69
260;20240627;24;50;173;0;10108;72
260;20240628;1;50;168;0;10111;76
260;20240628;2;50;162;0;10111;81
260;20240628;3;40;156;0;10113;86
260;20240628;4;30;155;3;10118;88
260;20240628;5;30;159;25;10125;87
260;20240628;6;30;173;81;10131;73
260;20240628;7;40;173;88;10138;69
260;20240628;8;40;174;114;10146;60
260;20240628;9;50;179;217;10150;57
260;20240628;10;50;197;271;10158;56
260;20240628;11;50;188;184;10166;55
260;20240628;12;50;201;221;10165;52
260;20240628;13;40;206;242;10166;52
260;20240628;14;40;199;184;10170;54
260;20240628;15;50;201;137;10173;55
260;20240628;16;50;197;194;10173;52
260;20240628;17;40;196;159;10171;54
260;20240628;18;40;190;86;10174;56
260;20240628;19;30;187;51;10175;56
260;20240628;20;20;171;11;10179;61
260;20240628;21;10;139;0;10185;86
260;20240628;22;0;123;0;10184;96
260;20240628;23;10;113;0;10181;97
260;20240628;24;10;109;0;10179;97
260;20240629;1;10;103;0;10176;99
260;20240629;2;10;99;0;10177;99
260;20240629;3;10;96;0;10174;99
260;20240629;4;10;99;5;10174;99
260;20240629;5;10;118;26;10172;99
260;20240629;6;10;144;50;10168;85
260;20240629;7;10;181;130;10168;64
260;20240629;8;10;189;169;10165;64
260;20240629;9;10;203;206;10157;56
260;20240629;10;20;212;280;10151;53
260;20240629;11;20;224;292;10147;50
260;20240629;12;20;233;316;10141;46
260;20240629;13;20;239;305;10133;44
260;20240629;14;20;244;297;10124;46
260;20240629;15;30;243;250;10118;48
260;20240629;16;40;240;213;10107;49
260;20240629;17;40;225;92;10108;55
260;20240629;18;20;212;12;10115;63
260;20240629;19;20;186;1;10095;84
260;20240629;20;40;182;0;10089;84
260;20240629;21;20;177;0;10085;89
260;20240629;22;20;181;0;10089;90
260;20240629;23;20;177;0;10087;91
260;20240629;24;10;178;0;10076;89
260;20240630;1;20;177;0;10069;88
260;20240630;2;20;172;0;10065;88
260;20240630;3;20;170;0;10064;86
260;20240630;4;20;168;1;10069;86
260;20240630;5;20;172;10;10073;83
260;20240630;6;30;174;27;10080;83
260;20240630;7;30;182;65;10083;81
260;20240630;8;40;187;106;10086;71
260;20240630;9;40;194;191;10089;65
260;20240630;10;40;207;263;10094;57
260;20240630;11;40;209;158;10098;60
260;20240630;12;40;208;258;10102;53
260;20240630;13;50;207;303;10107;58
260;20240630;14;40;203;161;10112;61
260;20240630;15;40;197;124;10116;65
260;20240630;16;40;183;79;10120;66
260;20240630;17;30;178;45;10121;71
260;20240630;18;30;178;30;10120;70
260;20240630;19;30;167;11;10122;78
260;20240630;20;30;149;0;10126;95
260;20240630;21;20;148;0;10129;96
260;20240630;22;20;145;0;10132;92
260;20240630;23;20;140;0;10134;92
260;20240630;24;20;142;0;10136;89
260;20240701;1;30;139;0;10137;87
260;20240701;2;20;135;0;10138;85
260;20240701;3;20;122;0;10138;91
260;20240701;4;10;128;2;10141;89
260;20240701;5;20;138;19;10143;85
260;20240701;6;30;152;83;10146;79
260;20240701;7;30;156;107;10150;78
260;20240701;8;30;166;110;10153;72
260;20240701;9;40;156;112;10157;76
260;20240701;10;40;173;129;10158;68
260;20240701;11;50;182;289;10160;62
260;20240701;12;40;178;230;10162;61
260;20240701;13;50;183;221;10163;59
260;20240701;14;40;187;147;10162;59
260;20240701;15;40;182;139;10162;59
260;20240701;16;40;179;130;10161;61
260;20240701;17;40;179;101;10161;62
260;20240701;18;30;175;48;10161;61
260;20240701;19;30;178;47;10160;62
260;20240701;20;30;169;16;10161;68
260;20240701;21;30;165;0;10160;70
260;20240701;22;30;164;0;10157;74
260;20240701;23;30;164;0;10155;76
260;20240701;24;30;162;0;10150;77
260;20240702;1;30;156;0;10147;82
260;20240702;2;30;144;0;10146;96
260;20240702;3;30;140;0;10143;97
260;20240702;4;20;139;1;10143;97
260;20240702;5;10;141;8;10140;98
260;20240702;6;20;145;21;10140;97
260;20240702;7;20;149;33;10140;94
260;20240702;8;20;152;55;10144;94
260;20240702;9;30;162;111;10145;87
260;20240702;10;40;159;121;10147;80
260;20240702;11;40;157;78;10150;79
260;20240702;12;40;163;99;10151;70
260;20240702;13;40;167;156;10152;64
260;20240702;14;40;176;222;10151;56
260;20240702;15;40;176;167;10148;56
260;20240702;16;40;172;147;10147;57
260;20240702;17;50;170;155;10147;59
260;20240702;18;30;159;40;10147;63
260;20240702;19;30;151;10;10149;69
260;20240702;20;30;146;5;10150;69
260;20240702;21;20;137;0;10146;74
260;20240702;22;10;120;0;10146;86
260;20240702;23;20;131;0;10140;82
260;20240702;24;20;125;0;10135;81
260;20240703;1;20;110;0;10132;91
260;20240703;2;20;97;0;10127;97
260;20240703;3;20;86;0;10123;97
260;20240703;4;20;92;3;10116;97
260;20240703;5;10;127;36;10113;86
260;20240703;6;20;137;29;10107;82
260;20240703;7;20;142;28;10104;85
260;20240703;8;30;138;30;10104;93
260;20240703;9;20;129;33;10105;95
260;20240703;10;30;127;29;10100;95
260;20240703;11;30;129;59;10098;91
260;20240703;12;30;128;59;10096;91
260;20240703;13;30;147;164;10090;83
260;20240703;14;30;156;165;10088;71
260;20240703;15;30;172;224;10084;64
260;20240703;16;30;171;116;10080;63
260;20240703;17;30;164;64;10078;63
260;20240703;18;30;163;78;10071;63
260;20240703;19;40;138;5;10070;89
260;20240703;20;30;139;1;10068;91
260;20240703;21;40;138;0;10062;92
260;20240703;22;30;144;0;10055;89
260;20240703;23;40;147;0;10047;87
260;20240703;24;40;144;0;10041;91
260;20240704;1;50;142;0;10035;97
260;20240704;2;50;147;0;10028;97
260;20240704;3;40;152;0;10026;97
260;20240704;4;40;142;1;10034;88
260;20240704;5;20;144;16;10038;89
260;20240704;6;30;155;54;10045;79
260;20240704;7;40;154;79;10052;72
260;20240704;8;50;160;176;10062;65
260;20240704;9;50;158;217;10068;57
260;20240704;10;50;165;250;10074;60
260;20240704;11;50;170;264;10080;54
260;20240704;12;60;172;317;10086;53
260;20240704;13;50;174;297;10088;52
260;20240704;14;50;165;223;10092;53
260;20240704;15;50;177;242;10094;48
260;20240704;16;50;175;141;10096;46
260;20240704;17;50;172;143;10096;47
260;20240704;18;40;169;93;10098;52
260;20240704;19;40;166;35;10098;57
260;20240704;20;40;158;6;10100;64
260;20240704;21;40;155;0;10101;71
260;20240704;22;50;157;0;10099;74
260;20240704;23;50;154;0;10097;70
260;20240704;24;50;148;0;10093;74
260;20240705;1;40;145;0;10093;78
260;20240705;2;40;143;0;10089;82
260;20240705;3;30;145;0;10087;83
260;20240705;4;40;145;1;10085;85
260;20240705;5;40;150;11;10087;84
260;20240705;6;40;144;10;10087;87
260;20240705;7;30;137;25;10089;94
260;20240705;8;30;150;26;10088;87
260;20240705;9;50;155;56;10089;85
260;20240705;10;50;152;61;10092;85
260;20240705;11;50;162;73;10091;81
260;20240705;12;60;160;43;10091;81
260;20240705;13;50;164;53;10090;82
260;20240705;14;50;168;54;10088;80
260;20240705;15;50;173;72;10081;77
260;20240705;16;50;174;40;10076;79
260;20240705;17;50;172;21;10074;81
260;20240705;18;40;164;14;10069;92
260;20240705;19;30;166;9;10066;91
260;20240705;20;30;168;2;10062;92
260;20240705;21;30;167;0;10058;92
260;20240705;22;30;165;0;10051;92
260;20240705;23;20;162;0;10043;92
260;20240705;24;20;163;0;10032;93
260;20240706;1;20;164;0;10024;93
260;20240706;2;20;157;0;10016;95
260;20240706;3;10;150;0;10009;98
260;20240706;4;20;157;1;10002;96
260;20240706;5;20;166;8;9994;91
260;20240706;6;30;177;34;9987;85
260;20240706;7;40;183;54;9983;80
260;20240706;8;40;192;77;9982;76
260;20240706;9;60;190;75;9982;76
260;20240706;10;60;177;72;9985;84
260;20240706;11;70;184;78;9990;69
260;20240706;12;90;204;242;9994;48
260;20240706;13;100;194;222;10003;52
260;20240706;14;110;184;287;10017;51
260;20240706;15;100;173;248;10028;55
260;20240706;16;70;162;146;10034;63
260;20240706;17;90;158;115;10044;57
260;20240706;18;70;160;106;10051;60
260;20240706;19;60;155;44;10060;60
260;20240706;20;40;149;9;10066;69
260;20240706;21;40;144;0;10074;73
260;20240706;22;40;126;0;10082;90
260;20240706;23;30;124;0;10087;91
260;20240706;24;40;124;0;10093;91
260;20240707;1;40;123;0;10094;89
260;20240707;2;40;122;0;10095;88
260;20240707;3;40;123;0;10096;87
260;20240707;4;30;123;3;10101;88
260;20240707;5;30;124;20;10104;88
260;20240707;6;30;135;74;10107;85
260;20240707;7;40;150;133;10112;80
260;20240707;8;50;157;130;10114;79
260;20240707;9;50;161;120;10117;73
260;20240707;10;50;173;199;10117;66
260;20240707;11;50;173;130;10119;62
260;20240707;12;40;174;43;10122;59
260;20240707;13;40;179;152;10125;65
260;20240707;14;30;172;97;10127;64
260;20240707;15;30;143;58;10137;85
260;20240707;16;30;138;31;10132;89
260;20240707;17;20;155;111;10131;83
260;20240707;18;20;157;62;10131;85
260;20240707;19;20;151;24;10134;86
260;20240707;20;20;146;2;10139;91
260;20240707;21;30;141;0;10140;93
260;20240707;22;20;140;0;10141;92
260;20240707;23;20;139;0;10142;89
260;20240707;24;20;128;0;10146;92
260;20240708;1;20;126;0;10145;92
260;20240708;2;20;125;0;10146;91
260;20240708;3;20;118;0;10149;93
260;20240708;4;20;120;2;10154;93
260;20240708;5;20;132;28;10158;89
260;20240708;6;30;151;78;10163;84
260;20240708;7;30;163;136;10167;81
260;20240708;8;30;174;158;10171;75
260;20240708;9;30;178;155;10173;67
260;20240708;10;40;189;225;10175;61
260;20240708;11;40;201;302;10177;53
260;20240708;12;40;206;319;10178;51
260;20240708;13;30;206;229;10176;49
260;20240708;14;30;209;194;10176;51
260;20240708;15;30;204;123;10175;56
260;20240708;16;30;205;107;10176;55
260;20240708;17;20;204;69;10176;56
260;20240708;18;20;196;39;10179;62
260;20240708;19;20;184;17;10181;71
260;20240708;20;20;176;2;10182;75
260;20240708;21;20;170;0;10178;77
260;20240708;22;20;168;0;10180;80
260;20240708;23;20;165;0;10177;81
260;20240708;24;20;167;0;10172;80
260;20240709;1;20;168;0;10169;80
260;20240709;2;20;169;0;10163;79
260;20240709;3;20;169;0;10157;78
260;20240709;4;30;170;1;10154;76
260;20240709;5;30;171;16;10151;77
260;20240709;6;30;190;73;10145;71
260;20240709;7;30;207;129;10143;66
260;20240709;8;30;209;135;10141;66
260;20240709;9;30;222;159;10140;64
260;20240709;10;30;233;178;10137;63
260;20240709;11;30;247;231;10133;60
260;20240709;12;40;252;224;10130;59
260;20240709;13;30;267;236;10125;54
260;20240709;14;30;272;204;10116;49
260;20240709;15;20;277;139;10111;52
260;20240709;16;30;263;68;10100;56
260;20240709;17;20;260;39;10092;57
260;20240709;18;40;206;1;10113;72
260;20240709;19;30;181;0;10116;95
260;20240709;20;30;181;0;10112;96
260;20240709;21;30;179;0;10108;97
260;20240709;22;20;180;0;10119;98
260;20240709;23;20;181;0;10121;96
260;20240709;24;20;175;0;10125;97
260;20240710;1;20;173;0;10123;97
260;20240710;2;20;169;0;10125;96
260;20240710;3;20;165;0;10128;96
260;20240710;4;20;167;0;10132;96
260;20240710;5;20;169;7;10132;95
260;20240710;6;30;179;26;10136;93
260;20240710;7;30;194;87;10137;89
260;20240710;8;40;201;114;10138;88
260;20240710;9;40;206;94;10138;88
260;20240710;10;30;224;128;10138;77
260;20240710;11;50;232;247;10136;71
260;20240710;12;40;213;156;10143;77
260;20240710;13;40;211;204;10146;65
260;20240710;14;40;219;234;10147;64
260;20240710;15;40;224;148;10147;62
260;20240710;16;40;225;135;10147;60
260;20240710;17;50;216;119;10149;63
260;20240710;18;50;211;99;10154;62
260;20240710;19;40;197;29;10156;62
260;20240710;20;30;176;10;10161;77
260;20240710;21;10;150;0;10162;92
260;20240710;22;20;157;0;10163;87
260;20240710;23;20;143;0;10163;93
260;20240710;24;20;149;0;10161;92
260;20240711;1;20;157;0;10160;85
260;20240711;2;30;156;0;10158;82
260;20240711;3;30;153;0;10159;81
260;20240711;4;30;150;1;10159;85
260;20240711;5;30;149;12;10163;87
260;20240711;6;30;160;48;10164;86
260;20240711;7;40;167;99;10168;84
260;20240711;8;40;184;134;10170;77
260;20240711;9;40;189;192;10171;67
260;20240711;10;50;189;174;10174;65
260;20240711;11;40;191;184;10176;60
260;20240711;12;30;198;159;10177;62
260;20240711;13;30;199;150;10178;60
260;20240711;14;30;196;139;10179;62
260;20240711;15;20;200;109;10179;63
260;20240711;16;20;206;132;10176;59
260;20240711;17;30;196;92;10178;64
260;20240711;18;30;185;61;10178;67
260;20240711;19;20;181;41;10175;71
260;20240711;20;10;160;5;10177;84
260;20240711;21;10;148;0;10175;88
260;20240711;22;10;141;0;10173;93
260;20240711;23;10;139;0;10172;95
260;20240711;24;10;143;0;10166;92
260;20240712;1;10;144;0;10162;92
260;20240712;2;10;146;0;10159;92
260;20240712;3;20;145;0;10153;94
260;20240712;4;20;145;1;10146;94
260;20240712;5;30;148;9;10142;92
260;20240712;6;30;151;21;10139;89
260;20240712;7;30;150;18;10133;88
260;20240712;8;40;148;23;10128;91
260;20240712;9;30;145;25;10129;91
260;20240712;10;30;143;20;10125;95
260;20240712;11;30;141;15;10124;94
260;20240712;12;50;137;19;10118;96
260;20240712;13;40;137;49;10119;94
260;20240712;14;40;142;63;10121;89
260;20240712;15;40;149;118;10120;83
260;20240712;16;30;151;74;10123;82
260;20240712;17;30;152;40;10122;84
260;20240712;18;30;140;24;10121;92
260;20240712;19;20;145;15;10119;91
260;20240712;20;20;141;3;10120;94
260;20240712;21;20;141;0;10120;94
260;20240712;22;20;140;0;10116;94
260;20240712;23;30;140;0;10114;94
260;20240712;24;30;139;0;10109;94
260;20240713;1;30;140;0;10106;95
260;20240713;2;40;140;0;10102;96
260;20240713;3;40;141;0;10099;95
260;20240713;4;40;141;1;10097;95
260;20240713;5;30;142;7;10098;95
260;20240713;6;40;146;26;10099;93
260;20240713;7;30;146;43;10101;94
260;20240713;8;30;150;68;10103;91
260;20240713;9;40;161;104;10105;84
260;20240713;10;50;156;139;10107;91
260;20240713;11;50;160;154;10111;81
260;20240713;12;50;159;149;10116;83
260;20240713;13;50;164;145;10117;77
260;20240713;14;50;163;128;10120;74
260;20240713;15;40;157;50;10122;74
260;20240713;16;40;162;75;10123;70
260;20240713;17;40;160;48;10124;71
260;20240713;18;50;158;45;10124;70
260;20240713;19;40;156;40;10124;69
260;20240713;20;30;144;9;10125;76
260;20240713;21;20;132;0;10127;83
260;20240713;22;30;132;0;10126;83
260;20240713;23;30;131;0;10125;84
260;20240713;24;20;117;0;10124;90
260;20240714;1;10;106;0;10120;96
260;20240714;2;10;99;0;10118;97
260;20240714;3;20;123;0;10116;88
260;20240714;4;30;129;2;10117;86
260;20240714;5;30;132;22;10119;85
260;20240714;6;30;150;58;10119;80
260;20240714;7;30;168;130;10117;77
260;20240714;8;40;174;169;10117;77
260;20240714;9;50;188;159;10116;70
260;20240714;10;60;198;232;10116;64
260;20240714;11;60;198;234;10116;57
260;20240714;12;60;195;183;10119;59
260;20240714;13;60;210;299;10120;53
260;20240714;14;60;207;255;10121;54
260;20240714;15;60;203;213;10121;54
260;20240714;16;50;202;160;10120;54
260;20240714;17;40;198;126;10120;55
260;20240714;18;40;198;74;10122;55
260;20240714;19;40;188;44;10125;56
260;20240714;20;30;172;9;10127;63
260;20240714;21;20;162;0;10128;67
260;20240714;22;20;143;0;10128;77
260;20240714;23;20;143;0;10127;79
260;20240714;24;20;122;0;10127;90
260;20240715;1;10;108;0;10126;96
260;20240715;2;10;104;0;10125;97
260;20240715;3;10;107;0;10126;98
260;20240715;4;10;112;1;10127;97
260;20240715;5;10;129;19;10125;97
260;20240715;6;10;158;59;10125;85
260;20240715;7;20;185;123;10125;74
260;20240715;8;20;203;183;10124;69
260;20240715;9;20;216;225;10121;60
260;20240715;10;30;224;273;10119;53
260;20240715;11;30;227;226;10117;55
260;20240715;12;30;234;318;10111;51
260;20240715;13;30;239;277;10105;44
260;20240715;14;30;238;238;10100;48
260;20240715;15;40;238;180;10095;49
260;20240715;16;30;238;103;10089;47
260;20240715;17;20;232;62;10088;54
260;20240715;18;10;225;16;10084;62
260;20240715;19;10;193;4;10078;88
260;20240715;20;10;189;2;10073;91
260;20240715;21;20;184;0;10073;92
260;20240715;22;20;179;0;10065;92
260;20240715;23;20;174;0;10063;96
260;20240715;24;10;169;0;10058;97
260;20240716;1;20;169;0;10055;94
260;20240716;2;40;177;0;10060;90
260;20240716;3;50;171;0;10066;86
260;20240716;4;50;172;0;10071;82
260;20240716;5;50;170;5;10077;81
260;20240716;6;50;167;26;10088;81
260;20240716;7;50;172;74;10092;80
260;20240716;8;60;185;94;10095;76
260;20240716;9;50;186;156;10094;75
260;20240716;10;40;192;138;10094;71
260;20240716;11;50;197;108;10095;71
260;20240716;12;60;202;215;10098;64
260;20240716;13;60;162;90;10108;86
260;20240716;14;30;188;158;10107;83
260;20240716;15;50;192;171;10105;72
260;20240716;16;50;171;69;10109;86
260;20240716;17;40;179;83;10110;83
260;20240716;18;40;181;40;10114;82
260;20240716;19;40;180;25;10120;81
260;20240716;20;50;178;3;10126;81
260;20240716;21;50;174;0;10130;86
260;20240716;22;40;172;0;10135;87
260;20240716;23;40;163;0;10141;83
260;20240716;24;30;157;0;10147;85
260;20240717;1;20;152;0;10153;87
260;20240717;2;20;149;0;10159;89
260;20240717;3;20;151;0;10164;90
260;20240717;4;20;152;1;10168;91
260;20240717;5;20;159;23;10175;88
260;20240717;6;20;173;71;10182;83
260;20240717;7;30;182;118;10187;76
260;20240717;8;30;185;126;10192;73
260;20240717;9;20;190;105;10198;73
260;20240717;10;20;198;118;10202;74
260;20240717;11;20;210;129;10205;66
260;20240717;12;30;216;227;10206;65
260;20240717;13;40;220;221;10207;64
260;20240717;14;40;222;220;10210;59
260;20240717;15;40;221;184;10216;62
260;20240717;16;30;218;209;10216;60
260;20240717;17;30;214;152;10217;61
260;20240717;18;20;203;94;10221;66
260;20240717;19;20;191;40;10224;69
260;20240717;20;10;167;5;10228;84
260;20240717;21;10;142;0;10229;95
260;20240717;22;10;137;0;10228;97
260;20240717;23;10;130;0;10227;96
260;20240717;24;0;125;0;10226;98
260;20240718;1;10;123;0;10225;98
260;20240718;2;10;118;0;10227;97
260;20240718;3;10;120;0;10225;98
260;20240718;4;10;117;1;10226;98
260;20240718;5;10;137;19;10228;98
260;20240718;6;10;156;58;10228;95
260;20240718;7;10;186;115;10230;85
260;20240718;8;10;209;159;10230;71
260;20240718;9;10;223;215;10228;61
260;20240718;10;10;235;258;10228;62
260;20240718;11;10;246;275;10226;57
260;20240718;12;20;253;333;10221;49
260;20240718;13;20;259;327;10220;53
260;20240718;14;20;257;270;10218;51
260;20240718;15;20;268;251;10214;48
260;20240718;16;20;261;140;10212;50
260;20240718;17;20;254;106;10210;57
260;20240718;18;40;243;88;10210;61
260;20240718;19;30;230;38;10212;64
260;20240718;20;20;215;6;10215;68
260;20240718;21;20;199;0;10216;75
260;20240718;22;20;189;0;10215;82
260;20240718;23;20;176;0;10213;89
260;20240718;24;10;168;0;10212;92
260;20240719;1;20;168;0;10205;91
260;20240719;2;10;156;0;10201;95
260;20240719;3;10;147;0;10200;97
260;20240719;4;10;154;2;10200;97
260;20240719;5;10;168;12;10197;95
260;20240719;6;10;190;25;10196;83
260;20240719;7;10;205;46;10196;76
260;20240719;8;10;214;71;10195;72
260;20240719;9;20;212;64;10191;78
260;20240719;10;20;232;137;10190;73
260;20240719;11;20;250;228;10188;62
260;20240719;12;20;269;241;10184;62
260;20240719;13;20;267;187;10182;59
260;20240719;14;10;270;121;10177;56
260;20240719;15;20;272;124;10171;55
260;20240719;16;20;284;207;10165;50
260;20240719;17;20;280;116;10160;47
260;20240719;18;20;272;91;10157;52
260;20240719;19;20;258;34;10155;64
260;20240719;20;20;218;5;10154;86
260;20240719;21;20;203;0;10154;86
260;20240719;22;20;189;0;10153;90
260;20240719;23;20;178;0;10149;93
260;20240719;24;20;172;0;10143;93
260;20240720;1;20;169;0;10136;90
260;20240720;2;20;160;0;10131;95
260;20240720;3;20;160;0;10124;93
260;20240720;4;10;155;1;10120;97
260;20240720;5;10;174;18;10116;92
260;20240720;6;10;218;62;10112;74
260;20240720;7;10;236;118;10110;67
260;20240720;8;20;255;175;10107;59
260;20240720;9;20;267;226;10101;53
260;20240720;10;30;276;268;10098;51
260;20240720;11;30;281;293;10092;51
260;20240720;12;30;283;302;10085;47
260;20240720;13;30;286;271;10079;51
260;20240720;14;30;292;201;10074;49
260;20240720;15;30;297;197;10069;47
260;20240720;16;30;297;192;10061;46
260;20240720;17;30;278;94;10061;57
260;20240720;18;30;259;66;10063;68
260;20240720;19;40;225;24;10070;79
260;20240720;20;20;209;5;10068;87
260;20240720;21;10;192;0;10067;94
260;20240720;22;10;188;0;10066;93
260;20240720;23;10;183;0;10063;97
260;20240720;24;10;183;0;10061;95
260;20240721;1;20;185;0;10059;93
260;20240721;2;20;191;0;10054;92
260;20240721;3;20;188;0;10053;92
260;20240721;4;10;182;0;10058;94
260;20240721;5;10;192;9;10055;93
260;20240721;6;10;194;12;10060;95
260;20240721;7;10;212;67;10062;83
260;20240721;8;20;200;33;10071;93
260;20240721;9;30;207;68;10079;85
260;20240721;10;30;213;102;10081;84
260;20240721;11;20;211;76;10084;84
260;20240721;12;10;214;74;10087;85
260;20240721;13;10;215;35;10089;86
260;20240721;14;10;221;36;10091;79
260;20240721;15;30;213;60;10100;82
260;20240721;16;30;211;47;10104;80
260;20240721;17;40;207;62;10106;82
260;20240721;18;40;199;53;10107;81
260;20240721;19;30;188;29;10115;84
260;20240721;20;30;181;3;10122;85
260;20240721;21;20;175;0;10129;86
260;20240721;22;20;168;0;10132;90
260;20240721;23;20;163;0;10139;89
260;20240721;24;20;158;0;10143;90
260;20240722;1;20;151;0;10143;93
260;20240722;2;10;148;0;10145;93
260;20240722;3;10;126;0;10147;97
260;20240722;4;10;123;0;10150;98
260;20240722;5;10;147;20;10151;94
260;20240722;6;10;171;66;10157;77
260;20240722;7;10;192;123;10161;60
260;20240722;8;20;199;180;10162;64
260;20240722;9;30;200;197;10163;78
260;20240722;10;40;203;175;10167;76
260;20240722;11;50;213;223;10169;70
260;20240722;12;50;228;176;10168;59
260;20240722;13;50;225;290;10168;56
260;20240722;14;50;228;269;10170;51
260;20240722;15;50;232;217;10168;54
260;20240722;16;50;227;158;10167;58
260;20240722;17;40;225;64;10165;59
260;20240722;18;40;217;35;10165;64
260;20240722;19;20;214;8;10167;67
260;20240722;20;30;200;2;10169;79
260;20240722;21;20;196;0;10167;83
260;20240722;22;10;196;0;10165;83
260;20240722;23;30;198;0;10164;81
260;20240722;24;40;194;0;10163;81
260;20240723;1;40;194;0;10158;82
260;20240723;2;40;193;0;10154;82
260;20240723;3;30;192;0;10151;82
260;20240723;4;30;191;0;10148;83
260;20240723;5;30;190;2;10147;86
260;20240723;6;20;184;9;10147;94
260;20240723;7;20;187;32;10144;95
260;20240723;8;20;192;40;10144;92
260;20240723;9;20;196;56;10145;88
260;20240723;10;20;206;120;10145;81
260;20240723;11;30;215;148;10149;75
260;20240723;12;30;225;133;10151;69
260;20240723;13;30;220;149;10154;70
260;20240723;14;40;221;166;10158;68
260;20240723;15;40;216;115;10164;65
260;20240723;16;50;213;159;10166;64
260;20240723;17;50;199;120;10178;70
260;20240723;18;50;184;69;10184;73
260;20240723;19;40;179;36;10187;77
260;20240723;20;30;173;4;10193;79
260;20240723;21;30;173;0;10195;81
260;20240723;22;30;172;0;10198;83
260;20240723;23;20;171;0;10202;86
260;20240723;24;20;166;0;10200;88
260;20240724;1;20;168;0;10203;87
260;20240724;2;20;167;0;10203;86
260;20240724;3;20;165;0;10207;88
260;20240724;4;20;164;0;10209;86
260;20240724;5;20;162;14;10212;83
260;20240724;6;20;169;50;10213;76
260;20240724;7;30;177;112;10216;73
260;20240724;8;30;177;148;10218;70
260;20240724;9;30;182;173;10219;68
260;20240724;10;20;196;251;10218;59
260;20240724;11;30;208;298;10215;58
260;20240724;12;30;205;233;10214;57
260;20240724;13;30;203;126;10212;57
260;20240724;14;30;207;220;10209;53
260;20240724;15;30;213;217;10206;44
260;20240724;16;30;216;204;10201;47
260;20240724;17;30;210;126;10199;51
260;20240724;18;20;203;85;10195;50
260;20240724;19;20;190;32;10197;58
260;20240724;20;10;148;3;10195;86
260;20240724;21;10;131;0;10193;94
260;20240724;22;10;123;0;10188;95
260;20240724;23;10;118;0;10186;97
260;20240724;24;10;115;0;10183;97
260;20240725;1;10;121;0;10177;97
260;20240725;2;10;138;0;10171;90
260;20240725;3;20;146;0;10168;86
260;20240725;4;20;149;0;10162;87
260;20240725;5;20;154;11;10159;85
260;20240725;6;30;165;29;10156;81
260;20240725;7;30;173;42;10153;79
260;20240725;8;30;190;64;10146;71
260;20240725;9;30;200;86;10141;69
260;20240725;10;40;212;124;10136;66
260;20240725;11;50;222;197;10130;60
260;20240725;12;50;226;145;10128;59
260;20240725;13;50;234;205;10125;59
260;20240725;14;40;234;147;10119;58
260;20240725;15;40;229;83;10115;61
260;20240725;16;30;224;63;10114;63
260;20240725;17;30;203;20;10109;82
260;20240725;18;10;205;21;10107;79
260;20240725;19;30;189;8;10110;85
260;20240725;20;20;181;0;10107;95
260;20240725;21;10;180;0;10105;96
260;20240725;22;10;180;0;10101;96
260;20240725;23;20;180;0;10096;95
260;20240725;24;20;182;0;10093;93
260;20240726;1;20;180;0;10085;95
260;20240726;2;20;183;0;10083;92
260;20240726;3;30;182;0;10080;96
260;20240726;4;30;184;0;10077;96
260;20240726;5;40;182;5;10079;96
260;20240726;6;30;178;20;10084;96
260;20240726;7;30;187;44;10090;91
260;20240726;8;30;188;53;10093;90
260;20240726;9;30;198;76;10100;81
260;20240726;10;30;196;162;10103;78
260;20240726;11;40;217;236;10106;66
260;20240726;12;40;215;226;10111;63
260;20240726;13;40;215;185;10116;63
260;20240726;14;30;223;207;10117;58
260;20240726;15;30;218;178;10116;61
260;20240726;16;20;214;82;10120;61
260;20240726;17;30;208;68;10122;61
260;20240726;18;20;196;42;10122;69
260;20240726;19;10;187;18;10124;72
260;20240726;20;10;162;5;10130;89
260;20240726;21;10;148;0;10132;95
260;20240726;22;10;138;0;10131;98
260;20240726;23;0;126;0;10132;97
260;20240726;24;0;120;0;10132;99
260;20240727;1;10;115;0;10131;99
260;20240727;2;10;111;0;10130;100
260;20240727;3;10;105;0;10129;99
260;20240727;4;10;103;0;10129;99
260;20240727;5;10;117;13;10133;97
260;20240727;6;0;147;59;10134;95
260;20240727;7;10;181;104;10138;80
260;20240727;8;10;199;169;10138;66
260;20240727;9;20;209;225;10138;59
260;20240727;10;20;219;255;10138;57
260;20240727;11;20;217;237;10136;59
260;20240727;12;30;225;195;10140;56
260;20240727;13;20;224;191;10137;54
260;20240727;14;20;227;146;10137;54
260;20240727;15;20;228;145;10138;55
260;20240727;16;30;221;111;10140;50
260;20240727;17;30;211;115;10143;64
260;20240727;18;30;208;61;10149;64
260;20240727;19;20;197;29;10153;69
260;20240727;20;20;183;3;10163;73
260;20240727;21;20;170;0;10169;83
260;20240727;22;20;166;0;10176;90
260;20240727;23;20;164;0;10181;91
260;20240727;24;20;159;0;10188;94
260;20240728;1;20;159;0;10197;94
260;20240728;2;20;156;0;10202;94
260;20240728;3;20;149;0;10211;91
260;20240728;4;20;135;0;10218;93
260;20240728;5;10;141;14;10227;96
260;20240728;6;10;171;58;10235;79
260;20240728;7;20;180;112;10244;77
260;20240728;8;30;194;166;10251;71
260;20240728;9;30;206;217;10255;62
260;20240728;10;30;210;261;10256;55
260;20240728;11;30;218;300;10258;53
260;20240728;12;30;217;284;10262;53
260;20240728;13;20;225;247;10262;52
260;20240728;14;30;221;164;10264;52
260;20240728;15;30;232;208;10262;50
260;20240728;16;20;235;212;10259;54
260;20240728;17;30;215;126;10257;58
260;20240728;18;30;205;47;10257;62
260;20240728;19;30;198;35;10259;64
260;20240728;20;20;181;4;10263;73
260;20240728;21;20;162;0;10262;82
260;20240728;22;10;138;0;10261;94
260;20240728;23;10;131;0;10262;94
260;20240728;24;10;121;0;10261;95
260;20240729;1;10;120;0;10258;96
260;20240729;2;10;115;0;10256;96
260;20240729;3;10;112;0;10256;97
260;20240729;4;10;106;0;10255;97
260;20240729;5;10;127;14;10256;96
260;20240729;6;10;168;59;10255;78
260;20240729;7;20;193;116;10254;70
260;20240729;8;30;207;173;10252;66
260;20240729;9;30;221;225;10247;57
260;20240729;10;30;228;268;10243;56
260;20240729;11;30;235;297;10236;51
260;20240729;12;40;242;307;10231;47
260;20240729;13;40;249;303;10226;46
260;20240729;14;30;256;282;10220;45
260;20240729;15;30;258;228;10213;47
260;20240729;16;30;256;199;10207;46
260;20240729;17;30;255;140;10201;44
260;20240729;18;30;248;83;10199;50
260;20240729;19;20;231;30;10195;58
260;20240729;20;10;185;2;10196;87
260;20240729;21;20;171;0;10194;87
260;20240729;22;20;172;0;10191;84
260;20240729;23;20;166;0;10190;86
260;20240729;24;20;170;0;10185;82
260;20240730;1;10;166;0;10183;88
260;20240730;2;10;150;0;10177;95
260;20240730;3;10;148;0;10174;97
260;20240730;4;10;140;0;10174;97
260;20240730;5;10;150;11;10174;96
260;20240730;6;10;187;47;10172;77
260;20240730;7;10;210;92;10171;72
260;20240730;8;10;236;164;10168;62
260;20240730;9;10;262;215;10167;56
260;20240730;10;10;269;249;10165;51
260;20240730;11;10;285;264;10164;44
260;20240730;12;30;285;279;10164;43
260;20240730;13;20;290;292;10163;42
260;20240730;14;30;291;269;10162;46
260;20240730;15;30;286;219;10161;48
260;20240730;16;30;285;191;10159;44
260;20240730;17;30;278;137;10158;45
260;20240730;18;30;273;80;10156;44
260;20240730;19;20;244;18;10157;58
260;20240730;20;20;234;1;10162;62
260;20240730;21;20;210;0;10162;75
260;20240730;22;20;207;0;10160;75
260;20240730;23;20;200;0;10163;74
260;20240730;24;20;191;0;10159;73
260;20240731;1;20;170;0;10166;84
260;20240731;2;20;176;0;10161;75
260;20240731;3;10;160;0;10162;83
260;20240731;4;10;149;0;10160;92
260;20240731;5;10;165;8;10158;79
260;20240731;6;20;179;36;10154;74
260;20240731;7;40;195;76;10152;70
260;20240731;8;30;207;93;10155;65
260;20240731;9;30;220;172;10159;59
260;20240731;10;30;230;196;10157;56
260;20240731;11;30;250;244;10156;53
260;20240731;12;30;253;289;10155;49
260;20240731;13;30;258;272;10153;48
260;20240731;14;20;265;225;10148;48
260;20240731;15;30;268;225;10143;51
260;20240731;16;30;264;183;10139;47
260;20240731;17;40;256;134;10134;54
260;20240731;18;40;244;69;10136;61
260;20240731;19;30;235;19;10140;66
260;20240731;20;20;224;2;10142;73
260;20240731;21;20;218;0;10143;75
260;20240731;22;20;206;0;10140;79
260;20240731;23;30;195;0;10138;83
260;20240731;24;30;186;0;10139;84
260;20240801;1;30;177;0;10134;87
260;20240801;2;30;170;0;10134;90
260;20240801;3;20;167;0;10135;89
260;20240801;4;20;162;0;10126;89
260;20240801;5;20;162;12;10129;88
260;20240801;6;20;172;36;10129;83
260;20240801;7;20;177;39;10126;81
260;20240801;8;30;185;74;10124;79
260;20240801;9;30;199;109;10122;76
260;20240801;10;30;204;116;10123;73
260;20240801;11;20;211;98;10123;72
260;20240801;12;10;221;136;10123;70
260;20240801;13;10;226;126;10123;68
260;20240801;14;10;228;126;10122;69
260;20240801;15;20;227;70;10122;71
260;20240801;16;20;224;85;10120;71
260;20240801;17;30;222;71;10120;70
260;20240801;18;20;218;29;10124;70
260;20240801;19;20;212;10;10127;72
260;20240801;20;20;203;2;10132;77
260;20240801;21;20;194;0;10132;81
260;20240801;22;20;184;0;10134;83
260;20240801;23;20;172;0;10138;86
260;20240801;24;20;159;0;10137;89
260;20240802;1;10;150;0;10137;92
260;20240802;2;10;152;0;10134;93
260;20240802;3;20;149;0;10133;91
260;20240802;4;10;143;0;10132;92
260;20240802;5;10;155;5;10134;87
260;20240802;6;20;163;23;10134;81
260;20240802;7;20;172;50;10136;80
260;20240802;8;10;197;148;10133;73
260;20240802;9;10;206;212;10132;69
260;20240802;10;10;222;239;10132;61
260;20240802;11;10;231;266;10130;58
260;20240802;12;10;240;282;10126;57
260;20240802;13;10;243;238;10123;57
260;20240802;14;10;253;163;10120;57
260;20240802;15;20;253;233;10118;53
260;20240802;16;10;254;129;10114;52
260;20240802;17;10;251;106;10110;56
260;20240802;18;10;250;68;10108;56
260;20240802;19;20;228;22;10108;63
260;20240802;20;10;194;1;10115;81
260;20240802;21;10;176;0;10114;90
260;20240802;22;10;166;0;10114;94
260;20240802;23;10;162;0;10115;96
260;20240802;24;10;160;0;10114;95
260;20240803;1;10;164;0;10109;96
260;20240803;2;10;160;0;10108;98
260;20240803;3;10;161;0;10106;98
260;20240803;4;10;164;0;10106;97
260;20240803;5;20;179;3;10104;95
260;20240803;6;30;192;35;10107;87
260;20240803;7;30;203;92;10108;83
260;20240803;8;30;214;154;10113;79
260;20240803;9;30;228;146;10115;74
260;20240803;10;30;234;146;10116;66
260;20240803;11;30;242;204;10116;60
260;20240803;12;40;242;186;10114;59
260;20240803;13;40;229;145;10115;67
260;20240803;14;40;236;98;10114;63
260;20240803;15;50;233;161;10113;65
260;20240803;16;40;202;34;10117;83
260;20240803;17;40;199;39;10114;86
260;20240803;18;30;204;40;10112;84
260;20240803;19;30;206;13;10112;78
260;20240803;20;30;204;1;10117;79
260;20240803;21;30;199;0;10120;82
260;20240803;22;30;198;0;10119;82
260;20240803;23;40;191;0;10118;89
260;20240803;24;20;180;0;10118;93
260;20240804;1;20;169;0;10125;94
260;20240804;2;20;162;0;10126;93
260;20240804;3;20;159;0;10126;92
260;20240804;4;20;150;0;10128;94
260;20240804;5;10;150;9;10135;94
260;20240804;6;10;160;31;10139;91
260;20240804;7;20;175;92;10143;77
260;20240804;8;20;180;105;10147;70
260;20240804;9;20;190;161;10153;64
260;20240804;10;30;196;180;10156;60
260;20240804;11;20;194;127;10160;59
260;20240804;12;30;203;146;10157;56
260;20240804;13;30;204;163;10158;55
260;20240804;14;30;207;148;10158;55
260;20240804;15;30;202;123;10160;53
260;20240804;16;30;202;101;10156;55
260;20240804;17;30;197;88;10154;55
260;20240804;18;20;193;44;10153;58
260;20240804;19;20;184;13;10155;62
260;20240804;20;10;166;1;10159;76
260;20240804;21;0;162;0;10159;85
260;20240804;22;0;160;0;10160;88
260;20240804;23;10;159;0;10158;87
260;20240804;24;10;153;0;10153;92
260;20240805;1;10;158;0;10152;88
260;20240805;2;10;163;0;10149;84
260;20240805;3;10;161;0;10144;87
260;20240805;4;20;163;0;10143;86
260;20240805;5;10;148;3;10143;94
260;20240805;6;10;178;41;10143;77
260;20240805;7;30;185;78;10142;76
260;20240805;8;20;197;110;10144;73
260;20240805;9;30;213;174;10145;68
260;20240805;10;40;214;251;10145;63
260;20240805;11;40;226;292;10143;58
260;20240805;12;40;239;292;10141;52
260;20240805;13;40;237;290;10140;54
260;20240805;14;30;238;270;10139;54
260;20240805;15;40;237;223;10138;53
260;20240805;16;30;239;186;10137;51
260;20240805;17;30;236;130;10133;51
260;20240805;18;20;232;72;10133;55
260;20240805;19;10;202;24;10133;68
260;20240805;20;10;167;1;10135;89
260;20240805;21;10;150;0;10135;93
260;20240805;22;10;143;0;10134;97
260;20240805;23;10;139;0;10131;98
260;20240805;24;10;132;0;10126;97
260;20240806;1;10;130;0;10124;97
260;20240806;2;10;132;0;10121;97
260;20240806;3;10;132;0;10116;97
260;20240806;4;20;131;0;10114;97
260;20240806;5;20;146;8;10114;94
260;20240806;6;20;180;47;10112;79
260;20240806;7;30;206;103;10112;71
260;20240806;8;30;228;162;10110;61
260;20240806;9;30;247;209;10109;58
260;20240806;10;30;261;235;10105;53
260;20240806;11;40;274;261;10103;50
260;20240806;12;40;278;298;10099;45
260;20240806;13;40;285;282;10097;45
260;20240806;14;40;287;235;10093;43
260;20240806;15;40;283;198;10091;43
260;20240806;16;30;283;136;10089;45
260;20240806;17;30;254;72;10092;61
260;20240806;18;30;246;58;10095;60
260;20240806;19;30;233;23;10099;62
260;20240806;20;10;200;1;10100;82
260;20240806;21;10;201;0;10104;79
260;20240806;22;10;184;0;10105;87
260;20240806;23;10;170;0;10103;94
260;20240806;24;10;165;0;10103;96
260;20240807;1;10;168;0;10103;97
260;20240807;2;10;189;0;10102;89
260;20240807;3;10;191;0;10102;93
260;20240807;4;10;189;0;10102;96
260;20240807;5;20;186;1;10107;91
260;20240807;6;20;183;12;10106;89
260;20240807;7;20;183;24;10110;88
260;20240807;8;10;187;31;10116;78
260;20240807;9;20;200;122;10120;67
260;20240807;10;30;214;154;10122;55
260;20240807;11;30;220;150;10123;57
260;20240807;12;40;232;246;10125;46
260;20240807;13;40;227;210;10127;44
260;20240807;14;40;232;212;10129;46
260;20240807;15;40;228;205;10128;46
260;20240807;16;40;226;172;10128;42
260;20240807;17;30;217;107;10128;46
260;20240807;18;30;212;38;10132;47
260;20240807;19;30;201;15;10138;54
260;20240807;20;30;189;0;10142;60
260;20240807;21;20;178;0;10143;67
260;20240807;22;20;169;0;10147;70
260;20240807;23;20;169;0;10148;75
260;20240807;24;20;170;0;10144;76
260;20240808;1;30;173;0;10141;74
260;20240808;2;30;171;0;10142;76
260;20240808;3;30;168;0;10144;79
260;20240808;4;30;171;0;10146;81
260;20240808;5;30;166;3;10150;85
260;20240808;6;30;180;36;10154;82
260;20240808;7;30;193;90;10158;77
260;20240808;8;30;205;142;10162;69
260;20240808;9;40;208;177;10163;63
260;20240808;10;30;215;159;10165;61
260;20240808;11;40;225;229;10166;56
260;20240808;12;40;231;258;10165;50
260;20240808;13;40;230;272;10162;46
260;20240808;14;40;235;229;10160;48
260;20240808;15;40;238;187;10158;48
260;20240808;16;40;237;177;10153;48
260;20240808;17;40;231;116;10150;48
260;20240808;18;40;228;55;10148;54
260;20240808;19;30;212;15;10146;61
260;20240808;20;20;207;0;10141;64
260;20240808;21;30;206;0;10135;64
260;20240808;22;40;209;0;10135;67
260;20240808;23;40;201;0;10133;74
260;20240808;24;50;199;0;10126;76
260;20240809;1;50;199;0;10121;80
260;20240809;2;50;209;0;10117;76
260;20240809;3;50;209;0;10112;76
260;20240809;4;60;209;0;10111;77
260;20240809;5;60;199;1;10112;87
260;20240809;6;60;201;5;10113;85
260;20240809;7;50;193;12;10118;93
260;20240809;8;50;192;15;10122;94
260;20240809;9;60;194;29;10125;93
260;20240809;10;50;199;54;10126;91
260;20240809;11;50;213;106;10131;83
260;20240809;12;50;228;159;10134;69
260;20240809;13;50;238;234;10138;59
260;20240809;14;50;229;176;10144;62
260;20240809;15;50;230;166;10146;55
260;20240809;16;40;229;120;10150;56
260;20240809;17;50;226;86;10155;58
260;20240809;18;40;215;38;10160;63
260;20240809;19;30;203;11;10164;71
260;20240809;20;20;176;0;10170;84
260;20240809;21;10;153;0;10173;95
260;20240809;22;10;142;0;10172;97
260;20240809;23;20;153;0;10175;96
260;20240809;24;20;170;0;10174;91
260;20240810;1;20;165;0;10174;91
260;20240810;2;30;161;0;10173;91
260;20240810;3;30;161;0;10175;92
260;20240810;4;30;163;0;10177;94
260;20240810;5;30;161;4;10182;95
260;20240810;6;30;174;40;10186;90
260;20240810;7;30;192;100;10190;82
260;20240810;8;40;201;161;10196;74
260;20240810;9;40;211;167;10197;65
260;20240810;10;40;225;216;10198;56
260;20240810;11;50;234;268;10198;53
260;20240810;12;50;237;250;10199;48
260;20240810;13;50;241;284;10200;42
260;20240810;14;50;239;232;10202;44
260;20240810;15;50;233;180;10205;51
260;20240810;16;40;235;115;10206;51
260;20240810;17;30;233;61;10205;56
260;20240810;18;30;226;31;10203;64
260;20240810;19;20;217;5;10204;63
260;20240810;20;30;213;0;10210;50
260;20240810;21;20;205;0;10210;61
260;20240810;22;10;184;0;10211;79
260;20240810;23;10;190;0;10214;77
260;20240810;24;10;182;0;10212;87
260;20240811;1;10;189;0;10213;84
260;20240811;2;10;192;0;10215;83
260;20240811;3;10;171;0;10215;91
260;20240811;4;0;151;0;10216;98
260;20240811;5;10;151;5;10221;98
260;20240811;6;10;188;45;10224;88
260;20240811;7;10;209;100;10227;80
260;20240811;8;10;219;157;10227;68
260;20240811;9;20;231;208;10227;65
260;20240811;10;20;244;249;10224;58
260;20240811;11;10;252;255;10220;55
260;20240811;12;10;259;203;10216;50
260;20240811;13;10;271;251;10213;41
260;20240811;14;20;265;222;10208;51
260;20240811;15;20;265;185;10204;49
260;20240811;16;30;258;160;10199;51
260;20240811;17;30;263;111;10194;45
260;20240811;18;40;244;66;10192;57
260;20240811;19;40;231;19;10190;64
260;20240811;20;30;214;0;10189;75
260;20240811;21;30;205;0;10187;76
260;20240811;22;30;196;0;10184;77
260;20240811;23;30;186;0;10182;77
260;20240811;24;30;178;0;10176;80
260;20240812;1;30;173;0;10170;83
260;20240812;2;30;169;0;10163;85
260;20240812;3;30;169;0;10158;83
260;20240812;4;30;167;0;10153;82
260;20240812;5;30;172;5;10149;79
260;20240812;6;30;189;43;10146;73
260;20240812;7;30;207;99;10139;68
260;20240812;8;30;230;155;10133;62
260;20240812;9;30;252;206;10127;58
260;20240812;10;40;265;249;10119;54
260;20240812;11;50;283;276;10112;52
260;20240812;12;40;296;285;10107;48
260;20240812;13;40;301;279;10100;49
260;20240812;14;40;303;261;10098;48
260;20240812;15;40;308;222;10093;51
260;20240812;16;40;307;172;10090;52
260;20240812;17;30;304;116;10088;53
260;20240812;18;30;296;59;10085;56
260;20240812;19;20;272;15;10085;67
260;20240812;20;20;258;0;10085;71
260;20240812;21;20;237;0;10085;82
260;20240812;22;20;248;0;10083;76
260;20240812;23;20;230;0;10081;84
260;20240812;24;20;242;0;10083;80
260;20240813;1;10;227;0;10080;89
260;20240813;2;10;220;0;10081;92
260;20240813;3;10;209;0;10079;95
260;20240813;4;10;201;0;10080;96
260;20240813;5;20;217;2;10080;85
260;20240813;6;10;226;31;10083;84
260;20240813;7;20;235;86;10086;83
260;20240813;8;30;247;139;10093;78
260;20240813;9;20;265;200;10094;71
260;20240813;10;20;279;243;10092;66
260;20240813;11;20;286;211;10091;63
260;20240813;12;30;296;264;10089;59
260;20240813;13;20;302;214;10088;57
260;20240813;14;30;304;216;10090;58
260;20240813;15;30;286;191;10089;63
260;20240813;16;30;280;162;10089;58
260;20240813;17;40;253;112;10088;62
260;20240813;18;20;248;56;10091;63
260;20240813;19;20;236;9;10104;69
260;20240813;20;20;231;0;10104;74
260;20240813;21;30;210;0;10103;87
260;20240813;22;20;203;0;10099;95
260;20240813;23;20;196;0;10097;95
260;20240813;24;20;194;0;10112;94
260;20240814;1;10;191;0;10102;97
260;20240814;2;10;187;0;10098;98
260;20240814;3;10;182;0;10103;99
260;20240814;4;10;188;0;10107;98
260;20240814;5;10;186;3;10106;98
260;20240814;6;20;198;24;10107;92
260;20240814;7;10;215;86;10103;87
260;20240814;8;10;232;124;10105;77
260;20240814;9;20;222;111;10114;81
260;20240814;10;30;229;127;10115;77
260;20240814;11;20;231;73;10115;76
260;20240814;12;10;232;99;10121;76
260;20240814;13;10;227;26;10124;78
260;20240814;14;20;222;20;10125;79
260;20240814;15;20;218;19;10129;79
260;20240814;16;10;222;37;10130;83
260;20240814;17;20;214;36;10130;86
260;20240814;18;10;216;19;10132;86
260;20240814;19;0;211;4;10136;91
260;20240814;20;10;206;0;10136;94
260;20240814;21;10;207;0;10142;91
260;20240814;22;10;204;0;10146;91
260;20240814;23;20;192;0;10152;90
260;20240814;24;10;179;0;10152;97
260;20240815;1;20;187;0;10154;96
260;20240815;2;10;176;0;10150;97
260;20240815;3;20;176;0;10153;97
260;20240815;4;10;174;0;10152;97
260;20240815;5;10;177;2;10157;95
260;20240815;6;10;185;21;10161;91
260;20240815;7;30;197;77;10166;84
260;20240815;8;30;210;120;10167;82
260;20240815;9;20;228;202;10165;72
260;20240815;10;40;233;218;10162;69
260;20240815;11;50;238;255;10159;67
260;20240815;12;50;238;262;10157;66
260;20240815;13;60;239;167;10158;66
260;20240815;14;60;239;179;10152;63
260;20240815;15;60;247;150;10149;57
260;20240815;16;50;253;159;10143;56
260;20240815;17;50;245;113;10141;55
260;20240815;18;50;241;59;10140;56
260;20240815;19;40;222;11;10143;69
260;20240815;20;40;205;0;10150;70
260;20240815;21;20;196;0;10151;71
260;20240815;22;30;190;0;10151;75
260;20240815;23;30;192;0;10148;66
260;20240815;24;30;196;0;10146;71
260;20240816;1;40;199;0;10143;77
260;20240816;2;50;201;0;10140;80
260;20240816;3;40;197;0;10137;85
260;20240816;4;30;203;0;10133;81
260;20240816;5;40;195;1;10134;88
260;20240816;6;30;201;7;10136;85
260;20240816;7;30;197;17;10138;91
260;20240816;8;30;192;30;10142;94
260;20240816;9;30;196;41;10145;96
260;20240816;10;20;205;75;10147;90
260;20240816;11;20;202;75;10148;92
260;20240816;12;20;202;39;10149;94
260;20240816;13;20;206;96;10147;93
260;20240816;14;10;203;36;10147;94
260;20240816;15;20;198;46;10148;94
260;20240816;16;20;185;13;10147;96
260;20240816;17;10;188;25;10146;95
260;20240816;18;10;188;9;10142;94
260;20240816;19;10;183;13;10140;97
260;20240816;20;10;177;0;10145;98
260;20240816;21;10;170;0;10143;96
260;20240816;22;10;166;0;10142;97
260;20240816;23;10;167;0;10141;96
260;20240816;24;10;161;0;10138;96
260;20240817;1;20;162;0;10137;94
260;20240817;2;10;158;0;10134;94
260;20240817;3;10;145;0;10134;98
260;20240817;4;20;142;0;10134;97
260;20240817;5;20;142;3;10135;97
260;20240817;6;20;157;37;10138;96
260;20240817;7;10;182;90;10140;77
260;20240817;8;20;192;149;10141;78
260;20240817;9;20;198;193;10145;62
260;20240817;10;20;206;250;10145;52
260;20240817;11;20;213;268;10142;51
260;20240817;12;20;223;273;10137;49
260;20240817;13;20;228;264;10137;47
260;20240817;14;20;225;257;10134;47
260;20240817;15;30;230;213;10129;46
260;20240817;16;30;228;172;10127;44
260;20240817;17;30;221;109;10124;49
260;20240817;18;30;211;59;10120;54
260;20240817;19;20;178;14;10120;80
260;20240817;20;10;151;0;10122;91
260;20240817;21;10;147;0;10120;93
260;20240817;22;10;142;0;10117;93
260;20240817;23;10;136;0;10114;96
260;20240817;24;10;136;0;10110;96
260;20240818;1;10;136;0;10107;96
260;20240818;2;10;134;0;10104;95
260;20240818;3;10;133;0;10101;97
260;20240818;4;10;139;0;10103;93
260;20240818;5;10;143;1;10104;91
260;20240818;6;10;150;14;10107;93
260;20240818;7;10;167;49;10109;87
260;20240818;8;10;190;111;10114;77
260;20240818;9;10;204;132;10117;73
260;20240818;10;20;214;160;10118;66
260;20240818;11;20;217;169;10120;58
260;20240818;12;20;231;202;10122;45
260;20240818;13;30;223;146;10125;53
260;20240818;14;40;214;143;10128;60
260;20240818;15;40;217;151;10133;59
260;20240818;16;40;208;101;10139;64
260;20240818;17;40;204;80;10144;62
260;20240818;18;30;191;39;10151;60
260;20240818;19;20;173;7;10159;67
260;20240818;20;10;136;0;10166;88
260;20240818;21;10;122;0;10172;95
260;20240818;22;10;116;0;10175;97
260;20240818;23;0;111;0;10176;97
260;20240818;24;0;106;0;10177;98
260;20240819;1;0;101;0;10181;98
260;20240819;2;10;99;0;10181;99
260;20240819;3;10;93;0;10180;98
260;20240819;4;10;95;0;10181;98
260;20240819;5;10;106;3;10183;97
260;20240819;6;10;125;30;10188;97
260;20240819;7;10;159;76;10188;80
260;20240819;8;20;180;125;10190;68
260;20240819;9;20;197;176;10191;58
260;20240819;10;40;203;219;10189;55
260;20240819;11;40;212;241;10187;54
260;20240819;12;30;222;249;10185;51
260;20240819;13;30;221;248;10181;49
260;20240819;14;30;225;226;10176;50
260;20240819;15;30;227;186;10169;51
260;20240819;16;30;222;126;10164;52
260;20240819;17;30;218;86;10160;54
260;20240819;18;30;207;44;10156;61
260;20240819;19;20;190;6;10155;68
260;20240819;20;20;178;0;10152;74
260;20240819;21;20;166;0;10151;80
260;20240819;22;20;146;0;10148;91
260;20240819;23;20;145;0;10147;91
260;20240819;24;20;160;0;10140;85
260;20240820;1;20;158;0;10135;85
260;20240820;2;20;154;0;10132;87
260;20240820;3;20;154;0;10125;85
260;20240820;4;20;146;0;10124;88
260;20240820;5;20;148;2;10121;87
260;20240820;6;20;156;26;10117;85
260;20240820;7;30;176;72;10116;79
260;20240820;8;40;192;104;10116;73
260;20240820;9;40;210;154;10114;67
260;20240820;10;50;221;236;10110;61
260;20240820;11;50;234;234;10106;58
260;20240820;12;50;223;129;10100;64
260;20240820;13;50;230;159;10096;58
260;20240820;14;50;206;53;10095;75
260;20240820;15;40;191;49;10100;86
260;20240820;16;30;186;18;10098;92
260;20240820;17;20;185;14;10094;95
260;20240820;18;30;180;2;10090;96
260;20240820;19;20;177;0;10091;97
260;20240820;20;30;175;0;10093;95
260;20240820;21;30;173;0;10094;96
260;20240820;22;30;159;0;10107;92
260;20240820;23;20;151;0;10110;89
260;20240820;24;10;128;0;10117;97
260;20240821;1;20;128;0;10119;97
260;20240821;2;20;135;0;10125;92
260;20240821;3;30;132;0;10129;90
260;20240821;4;20;134;0;10133;82
260;20240821;5;30;128;2;10139;85
260;20240821;6;20;148;31;10147;76
260;20240821;7;30;161;85;10153;73
260;20240821;8;40;166;123;10159;65
260;20240821;9;50;169;119;10164;60
260;20240821;10;50;181;135;10166;56
260;20240821;11;50;177;206;10173;54
260;20240821;12;50;181;202;10176;55
260;20240821;13;50;193;243;10176;49
260;20240821;14;50;193;253;10176;50
260;20240821;15;50;182;151;10178;53
260;20240821;16;50;183;136;10175;55
260;20240821;17;40;184;103;10170;55
260;20240821;18;40;178;52;10166;55
260;20240821;19;30;168;10;10165;62
260;20240821;20;30;156;0;10165;70
260;20240821;21;20;149;0;10162;74
260;20240821;22;20;129;0;10160;85
260;20240821;23;30;146;0;10154;76
260;20240821;24;30;153;0;10148;74
260;20240822;1;40;149;0;10142;77
260;20240822;2;40;144;0;10135;80
260;20240822;3;30;147;0;10128;80
260;20240822;4;30;146;0;10123;80
260;20240822;5;40;147;0;10121;79
260;20240822;6;40;146;12;10118;78
260;20240822;7;50;161;76;10114;73
260;20240822;8;50;167;98;10110;71
260;20240822;9;60;194;194;10105;62
260;20240822;10;80;208;213;10100;53
260;20240822;11;60;206;106;10097;58
260;20240822;12;70;213;220;10089;54
260;20240822;13;60;219;146;10086;51
260;20240822;14;70;225;174;10083;47
260;20240822;15;70;221;92;10083;47
260;20240822;16;50;216;68;10076;54
260;20240822;17;50;216;31;10077;53
260;20240822;18;40;216;25;10072;56
260;20240822;19;50;212;3;10073;54
260;20240822;20;30;203;0;10073;59
260;20240822;21;30;198;0;10072;60
260;20240822;22;30;193;0;10065;63
260;20240822;23;30;189;0;10061;69
260;20240822;24;30;190;0;10055;68
260;20240823;1;40;193;0;10050;65
260;20240823;2;40;191;0;10046;65
260;20240823;3;40;187;0;10039;66
260;20240823;4;40;186;0;10034;67
260;20240823;5;50;186;1;10027;68
260;20240823;6;50;190;17;10026;71
260;20240823;7;50;194;47;10028;73
260;20240823;8;70;201;48;10029;74
260;20240823;9;80;209;91;10032;73
260;20240823;10;70;215;63;10038;72
260;20240823;11;80;204;50;10050;79
260;20240823;12;70;187;54;10056;91
260;20240823;13;70;223;189;10062;70
260;20240823;14;70;215;211;10072;64
260;20240823;15;60;220;201;10078;61
260;20240823;16;50;223;162;10083;57
260;20240823;17;40;213;98;10088;61
260;20240823;18;30;202;31;10089;63
260;20240823;19;20;175;4;10093;81
260;20240823;20;10;146;0;10098;93
260;20240823;21;10;141;0;10095;95
260;20240823;22;20;133;0;10096;95
260;20240823;23;20;131;0;10097;94
260;20240823;24;20;151;0;10093;90
260;20240824;1;30;162;0;10091;89
260;20240824;2;30;159;0;10090;88
260;20240824;3;30;158;0;10087;88
260;20240824;4;30;155;0;10083;90
260;20240824;5;20;158;1;10078;90
260;20240824;6;10;161;2;10072;91
260;20240824;7;10;179;21;10069;93
260;20240824;8;30;202;47;10063;87
260;20240824;9;50;226;117;10057;78
260;20240824;10;50;228;87;10055;74
260;20240824;11;50;241;122;10048;70
260;20240824;12;60;245;184;10045;69
260;20240824;13;60;248;151;10036;65
260;20240824;14;60;261;162;10033;62
260;20240824;15;50;266;129;10025;62
260;20240824;16;60;177;37;10046;93
260;20240824;17;40;169;18;10051;91
260;20240824;18;10;173;16;10043;92
260;20240824;19;20;172;3;10048;90
260;20240824;20;30;171;0;10059;89
260;20240824;21;40;166;0;10066;95
260;20240824;22;40;167;0;10074;93
260;20240824;23;40;159;0;10087;92
260;20240824;24;30;156;0;10103;91
260;20240825;1;30;148;0;10113;91
260;20240825;2;40;150;0;10123;88
260;20240825;3;30;136;0;10136;74
260;20240825;4;30;135;0;10148;81
260;20240825;5;30;133;1;10162;85
260;20240825;6;30;146;24;10173;75
260;20240825;7;30;161;81;10181;69
260;20240825;8;40;172;138;10189;71
260;20240825;9;50;185;194;10195;64
260;20240825;10;60;180;208;10200;62
260;20240825;11;50;181;100;10203;60
260;20240825;12;50;190;150;10206;57
260;20240825;13;60;191;214;10208;58
260;20240825;14;50;203;195;10206;51
260;20240825;15;60;179;78;10210;65
260;20240825;16;40;184;114;10209;59
260;20240825;17;40;182;59;10207;62
260;20240825;18;30;179;28;10203;66
260;20240825;19;30;164;4;10205;75
260;20240825;20;20;148;0;10207;83
260;20240825;21;30;157;0;10207;79
260;20240825;22;30;148;0;10206;78
260;20240825;23;30;146;0;10206;77
260;20240825;24;40;144;0;10204;76
260;20240826;1;40;142;0;10204;77
260;20240826;2;40;140;0;10203;79
260;20240826;3;40;141;0;10201;79
260;20240826;4;40;138;0;10201;81
260;20240826;5;30;137;1;10205;82
260;20240826;6;40;148;22;10207;77
260;20240826;7;40;154;42;10208;77
260;20240826;8;40;166;71;10211;76
260;20240826;9;40;174;100;10215;76
260;20240826;10;50;184;146;10215;73
260;20240826;11;50;205;170;10213;67
260;20240826;12;50;203;215;10214;62
260;20240826;13;50;205;150;10217;61
260;20240826;14;50;207;147;10216;59
260;20240826;15;50;209;129;10215;60
260;20240826;16;40;214;153;10214;56
260;20240826;17;30;205;93;10212;58
260;20240826;18;20;199;21;10214;63
260;20240826;19;10;164;2;10217;85
260;20240826;20;10;143;0;10222;94
260;20240826;21;20;133;0;10222;96
260;20240826;22;20;124;0;10224;97
260;20240826;23;20;119;0;10224;97
260;20240826;24;20;118;0;10223;97
260;20240827;1;20;113;0;10222;97
260;20240827;2;20;116;0;10221;98
260;20240827;3;10;105;0;10220;98
260;20240827;4;10;103;0;10219;98
260;20240827;5;10;106;1;10220;98
260;20240827;6;20;128;25;10221;95
260;20240827;7;20;158;74;10224;83
260;20240827;8;10;188;134;10224;73
260;20240827;9;20;208;188;10222;66
260;20240827;10;30;221;228;10217;56
260;20240827;11;30;219;241;10214;56
260;20240827;12;30;233;268;10210;52
260;20240827;13;30;240;267;10206;48
260;20240827;14;30;243;242;10202;45
260;20240827;15;30;243;202;10195;44
260;20240827;16;30;244;151;10190;45
260;20240827;17;30;238;93;10186;46
260;20240827;18;20;226;37;10184;66
260;20240827;19;10;169;3;10186;88
260;20240827;20;10;147;0;10187;95
260;20240827;21;10;136;0;10189;96
260;20240827;22;10;129;0;10188;95
260;20240827;23;10;124;0;10182;98
260;20240827;24;10;119;0;10182;97
260;20240828;1;10;113;0;10177;98
260;20240828;2;10;111;0;10173;98
260;20240828;3;10;105;0;10169;98
260;20240828;4;10;104;0;10167;98
260;20240828;5;10;100;1;10166;98
260;20240828;6;10;136;23;10167;97
260;20240828;7;10;180;74;10166;80
260;20240828;8;20;211;132;10161;68
260;20240828;9;20;236;180;10160;62
260;20240828;10;30;249;225;10157;61
260;20240828;11;30;264;253;10152;54
260;20240828;12;40;271;265;10148;53
260;20240828;13;40;277;258;10140;54
260;20240828;14;50;281;234;10137;51
260;20240828;15;40;287;196;10132;49
260;20240828;16;40;281;142;10129;53
260;20240828;17;30;276;89;10126;53
260;20240828;18;20;260;30;10125;68
260;20240828;19;10;208;3;10128;89
260;20240828;20;10;189;0;10129;94
260;20240828;21;10;184;0;10128;97
260;20240828;22;10;173;0;10128;98
260;20240828;23;10;173;0;10129;98
260;20240828;24;10;165;0;10129;98
260;20240829;1;20;161;0;10130;98
260;20240829;2;10;165;0;10132;98
260;20240829;3;20;152;0;10132;98
260;20240829;4;10;151;0;10136;98
260;20240829;5;10;147;0;10140;98
260;20240829;6;10;175;20;10142;98
260;20240829;7;10;211;69;10146;81
260;20240829;8;10;234;116;10150;66
260;20240829;9;30;245;161;10155;58
260;20240829;10;30;249;207;10157;57
260;20240829;11;30;255;234;10160;60
260;20240829;12;40;245;240;10169;61
260;20240829;13;40;241;209;10174;60
260;20240829;14;40;233;165;10179;63
260;20240829;15;40;221;112;10183;69
260;20240829;16;30;215;89;10189;68
260;20240829;17;20;206;45;10191;73
260;20240829;18;30;199;21;10197;72
260;20240829;19;20;185;3;10201;77
260;20240829;20;10;171;0;10203;84
260;20240829;21;10;149;0;10205;94
260;20240829;22;10;138;0;10206;98
260;20240829;23;10;147;0;10208;96
260;20240829;24;10;143;0;10212;97
260;20240830;1;0;144;0;10214;98
260;20240830;2;10;140;0;10214;98
260;20240830;3;10;138;0;10212;97
260;20240830;4;10;136;0;10218;98
260;20240830;5;10;132;0;10215;98
260;20240830;6;10;138;10;10220;98
260;20240830;7;10;154;25;10224;95
260;20240830;8;10;172;49;10227;83
260;20240830;9;20;187;103;10229;78
260;20240830;10;30;201;198;10230;61
260;20240830;11;30;211;219;10230;59
260;20240830;12;30;219;235;10229;52
260;20240830;13;30;219;220;10230;50
260;20240830;14;40;225;186;10227;46
260;20240830;15;40;221;193;10229;43
260;20240830;16;40;213;122;10228;53
260;20240830;17;40;205;65;10228;55
260;20240830;18;40;197;38;10233;57
260;20240830;19;30;183;1;10234;69
260;20240830;20;30;177;0;10241;74
260;20240830;21;30;172;0;10244;69
260;20240830;22;30;168;0;10246;71
260;20240830;23;40;164;0;10248;77
260;20240830;24;40;163;0;10245;76
260;20240831;1;40;162;0;10248;77
260;20240831;2;40;160;0;10246;79
260;20240831;3;30;156;0;10246;82
260;20240831;4;30;153;0;10244;82
260;20240831;5;30;151;0;10245;83
260;20240831;6;40;153;4;10245;81
260;20240831;7;40;155;34;10245;80
260;20240831;8;50;164;92;10246;74
260;20240831;9;50;182;162;10245;67
260;20240831;10;60;192;218;10239;62
260;20240831;11;60;205;244;10235;56
260;20240831;12;60;212;254;10229;57
260;20240831;13;50;222;247;10223;56
260;20240831;14;50;231;223;10219;57
260;20240831;15;50;223;173;10215;61
260;20240831;16;60;220;125;10211;61
260;20240831;17;50;216;69;10209;64
260;20240831;18;30;207;31;10208;69
260;20240831;19;30;194;2;10211;73
260;20240831;20;30;187;0;10213;76
260;20240831;21;30;178;0;10213;78
260;20240831;22;30;171;0;10208;79
260;20240831;23;30;166;0;10203;79
260;20240831;24;20;159;0;10196;81
260;20240901;1;30;164;0;10191;78
260;20240901;2;30;161;0;10188;81
260;20240901;3;20;156;0;10182;83
260;20240901;4;20;153;0;10177;84
260;20240901;5;30;148;0;10174;86
260;20240901;6;30;160;15;10175;82
260;20240901;7;40;167;37;10172;79
260;20240901;8;40;192;75;10168;75
260;20240901;9;40;212;163;10167;69
260;20240901;10;40;247;214;10160;62
260;20240901;11;50;264;236;10154;57
260;20240901;12;40;281;248;10149;55
260;20240901;13;40;291;242;10144;53
260;20240901;14;40;296;218;10141;53
260;20240901;15;40;295;179;10136;55
260;20240901;16;40;289;128;10133;57
260;20240901;17;50;280;72;10129;59
260;20240901;18;40;263;29;10131;67
260;20240901;19;30;246;2;10134;74
260;20240901;20;30;236;0;10135;76
260;20240901;21;30;225;0;10133;80
260;20240901;22;30;220;0;10131;81
260;20240901;23;30;215;0;10129;83
260;20240901;24;20;211;0;10125;84
260;20240902;1;20;197;0;10122;90
260;20240902;2;10;182;0;10120;97
260;20240902;3;10;176;0;10119;97
260;20240902;4;10;172;0;10117;98
260;20240902;5;10;170;0;10120;98
260;20240902;6;10;181;12;10123;98
260;20240902;7;0;221;65;10124;86
260;20240902;8;10;240;89;10127;75
260;20240902;9;20;252;150;10125;67
260;20240902;10;20;268;197;10122;61
260;20240902;11;30;276;237;10118;56
260;20240902;12;30;280;237;10118;55
260;20240902;13;30;286;236;10115;52
260;20240902;14;20;287;212;10111;52
260;20240902;15;30;276;126;10112;56
260;20240902;16;30;263;71;10109;61
260;20240902;17;30;265;65;10110;64
260;20240902;18;20;237;12;10116;72
260;20240902;19;30;221;1;10124;78
260;20240902;20;20;216;0;10122;81
260;20240902;21;20;211;0;10123;85
260;20240902;22;10;204;0;10126;90
260;20240902;23;10;197;0;10127;94
260;20240902;24;10;194;0;10127;94
260;20240903;1;0;188;0;10128;96
260;20240903;2;10;185;0;10127;97
260;20240903;3;10;171;0;10126;98
260;20240903;4;10;161;0;10127;99
260;20240903;5;10;169;0;10127;98
260;20240903;6;10;183;16;10129;98
260;20240903;7;10;194;25;10131;93
260;20240903;8;20;208;52;10134;88
260;20240903;9;30;214;73;10135;86
260;20240903;10;30;226;83;10136;79
260;20240903;11;30;229;107;10138;75
260;20240903;12;40;231;110;10139;71
260;20240903;13;40;234;111;10142;71
260;20240903;14;40;220;74;10143;80
260;20240903;15;20;213;62;10142;86
260;20240903;16;10;218;65;10142;83
260;20240903;17;10;215;38;10140;86
260;20240903;18;10;209;12;10143;89
260;20240903;19;20;184;0;10152;90
260;20240903;20;20;177;0;10154;96
260;20240903;21;20;177;0;10155;97
260;20240903;22;10;177;0;10157;97
260;20240903;23;10;176;0;10153;97
260;20240903;24;10;176;0;10153;98
260;20240904;1;10;174;0;10152;98
260;20240904;2;10;172;0;10154;98
260;20240904;3;10;172;0;10153;98
260;20240904;4;10;171;0;10154;98
260;20240904;5;20;167;0;10155;97
260;20240904;6;20;166;9;10159;95
260;20240904;7;20;175;47;10159;94
260;20240904;8;10;178;32;10164;92
260;20240904;9;10;182;43;10165;91
260;20240904;10;20;188;76;10166;88
260;20240904;11;20;199;92;10164;83
260;20240904;12;20;203;125;10162;82
260;20240904;13;20;208;168;10159;75
260;20240904;14;30;212;144;10156;74
260;20240904;15;20;195;20;10158;81
260;20240904;16;10;183;3;10160;94
260;20240904;17;10;185;4;10160;89
260;20240904;18;10;183;4;10162;95
260;20240904;19;10;178;0;10162;96
260;20240904;20;10;178;0;10162;93
260;20240904;21;10;174;0;10162;95
260;20240904;22;10;173;0;10161;96
260;20240904;23;10;163;0;10159;98
260;20240904;24;10;147;0;10154;99
260;20240905;1;10;148;0;10153;98
260;20240905;2;20;159;0;10151;95
260;20240905;3;20;157;0;10146;97
260;20240905;4;20;156;0;10141;97
260;20240905;5;20;165;0;10133;96
260;20240905;6;40;173;2;10127;98
260;20240905;7;40;180;12;10121;97
260;20240905;8;40;188;24;10118;93
260;20240905;9;50;200;54;10112;86
260;20240905;10;50;214;111;10104;82
260;20240905;11;50;238;225;10093;76
260;20240905;12;50;258;241;10089;63
260;20240905;13;60;273;233;10084;59
260;20240905;14;60;283;208;10081;55
260;20240905;15;60;287;174;10081;54
260;20240905;16;50;283;116;10083;55
260;20240905;17;50;274;53;10088;55
260;20240905;18;40;258;18;10091;60
260;20240905;19;30;246;0;10093;65
260;20240905;20;40;242;0;10094;63
260;20240905;21;40;244;0;10095;56
260;20240905;22;50;246;0;10097;51
260;20240905;23;50;237;0;10094;52
260;20240905;24;40;228;0;10092;52
260;20240906;1;40;218;0;10092;54
260;20240906;2;40;210;0;10091;56
260;20240906;3;30;199;0;10091;61
260;20240906;4;30;189;0;10090;65
260;20240906;5;20;178;0;10091;70
260;20240906;6;20;182;12;10093;70
260;20240906;7;20;200;55;10095;65
260;20240906;8;40;216;105;10095;61
260;20240906;9;50;233;156;10097;57
260;20240906;10;40;252;196;10099;54
260;20240906;11;30;258;225;10098;53
260;20240906;12;40;261;233;10099;53
260;20240906;13;30;270;226;10099;52
260;20240906;14;40;266;201;10102;55
260;20240906;15;30;253;113;10101;65
260;20240906;16;30;238;53;10103;75
260;20240906;17;30;207;26;10110;89
260;20240906;18;20;201;4;10114;94
260;20240906;19;20;196;0;10120;97
260;20240906;20;20;192;0;10123;98
260;20240906;21;10;191;0;10123;97
260;20240906;22;10;190;0;10123;97
260;20240906;23;10;182;0;10124;98
260;20240906;24;10;178;0;10124;99
260;20240907;1;10;176;0;10122;99
260;20240907;2;10;181;0;10122;98
260;20240907;3;10;179;0;10121;97
260;20240907;4;20;179;0;10121;97
260;20240907;5;10;175;0;10121;97
260;20240907;6;10;176;7;10121;98
260;20240907;7;10;183;31;10122;97
260;20240907;8;20;194;81;10122;85
260;20240907;9;30;192;85;10122;85
260;20240907;10;30;205;189;10119;74
260;20240907;11;30;223;187;10115;72
260;20240907;12;30;234;250;10113;60
260;20240907;13;30;248;238;10109;58
260;20240907;14;30;252;212;10103;56
260;20240907;15;30;260;179;10100;58
260;20240907;16;30;263;129;10098;59
260;20240907;17;30;254;68;10098;65
260;20240907;18;20;238;16;10096;73
260;20240907;19;20;227;0;10095;77
260;20240907;20;20;222;0;10093;78
260;20240907;21;30;224;0;10089;75
260;20240907;22;30;219;0;10087;77
260;20240907;23;20;204;0;10088;87
260;20240907;24;20;196;0;10084;95
260;20240908;1;20;200;0;10081;88
260;20240908;2;30;202;0;10081;86
260;20240908;3;30;194;0;10079;93
260;20240908;4;30;191;0;10082;92
260;20240908;5;30;189;0;10082;91
260;20240908;6;30;185;3;10084;91
260;20240908;7;40;188;37;10087;86
260;20240908;8;40;181;89;10093;81
260;20240908;9;40;194;158;10094;69
260;20240908;10;40;202;209;10089;63
260;20240908;11;50;214;231;10086;57
260;20240908;12;50;215;235;10084;55
260;20240908;13;60;207;201;10080;54
260;20240908;14;50;208;138;10075;56
260;20240908;15;40;206;86;10074;56
260;20240908;16;40;205;58;10070;58
260;20240908;17;30;200;33;10067;61
260;20240908;18;20;186;13;10065;70
260;20240908;19;20;170;0;10063;80
260;20240908;20;20;148;0;10055;92
260;20240908;21;20;135;0;10054;95
260;20240908;22;20;134;0;10048;95
260;20240908;23;20;128;0;10045;96
260;20240908;24;20;121;0;10039;97
260;20240909;1;20;131;0;10034;97
260;20240909;2;20;142;0;10030;90
260;20240909;3;10;141;0;10029;93
260;20240909;4;10;142;0;10027;92
260;20240909;5;10;143;0;10026;91
260;20240909;6;10;150;9;10029;88
260;20240909;7;10;158;18;10030;86
260;20240909;8;10;174;66;10035;84
260;20240909;9;10;180;75;10036;79
260;20240909;10;10;190;95;10037;75
260;20240909;11;20;210;203;10038;64
260;20240909;12;30;184;101;10044;80
260;20240909;13;30;178;38;10048;91
260;20240909;14;20;198;103;10050;75
260;20240909;15;40;191;93;10056;78
260;20240909;16;40;194;101;10062;72
260;20240909;17;50;175;44;10072;80
260;20240909;18;40;167;5;10083;74
260;20240909;19;50;158;0;10094;68
260;20240909;20;40;149;0;10100;69
260;20240909;21;30;141;0;10105;71
260;20240909;22;20;139;0;10109;71
260;20240909;23;20;134;0;10109;74
260;20240909;24;20;130;0;10109;79
260;20240910;1;20;128;0;10109;83
260;20240910;2;20;130;0;10108;83
260;20240910;3;30;131;0;10105;84
260;20240910;4;30;137;0;10101;82
260;20240910;5;30;139;0;10099;78
260;20240910;6;30;144;11;10098;70
260;20240910;7;40;146;41;10097;73
260;20240910;8;40;165;112;10091;73
260;20240910;9;60;162;95;10086;72
260;20240910;10;70;159;80;10084;70
260;20240910;11;70;167;66;10076;70
260;20240910;12;70;152;25;10074;84
260;20240910;13;70;151;25;10071;88
260;20240910;14;60;151;26;10063;91
260;20240910;15;70;156;42;10056;89
260;20240910;16;70;152;16;10053;93
260;20240910;17;50;151;12;10048;92
260;20240910;18;50;146;3;10043;97
260;20240910;19;40;153;0;10039;95
260;20240910;20;50;144;0;10033;94
260;20240910;21;30;135;0;10028;98
260;20240910;22;20;128;0;10022;98
260;20240910;23;40;113;0;10022;95
260;20240910;24;40;105;0;10024;95
260;20240911;1;10;102;0;10026;95
260;20240911;2;10;105;0;10025;97
260;20240911;3;20;106;0;10026;96
260;20240911;4;40;103;0;10029;96
260;20240911;5;30;101;0;10030;94
260;20240911;6;30;105;4;10037;90
260;20240911;7;20;120;38;10039;87
260;20240911;8;20;138;99;10041;76
260;20240911;9;50;120;128;10045;71
260;20240911;10;50;128;170;10048;82
260;20240911;11;50;137;144;10050;69
260;20240911;12;60;148;201;10052;58
260;20240911;13;50;140;135;10055;59
260;20240911;14;60;118;124;10062;72
260;20240911;15;30;148;137;10063;59
260;20240911;16;40;115;50;10069;75
260;20240911;17;30;96;9;10073;87
260;20240911;18;20;100;1;10077;89
260;20240911;19;30;89;0;10078;90
260;20240911;20;30;85;0;10082;94
260;20240911;21;20;83;0;10084;97
260;20240911;22;20;90;0;10083;91
260;20240911;23;20;86;0;10083;93
260;20240911;24;20;83;0;10084;95
260;20240912;1;20;76;0;10088;97
260;20240912;2;20;91;0;10092;95
260;20240912;3;30;85;0;10092;87
260;20240912;4;20;76;0;10097;91
260;20240912;5;20;76;0;10101;93
260;20240912;6;20;85;7;10106;93
260;20240912;7;20;103;66;10109;87
260;20240912;8;20;124;116;10116;78
260;20240912;9;20;127;103;10121;72
260;20240912;10;20;121;141;10121;68
260;20240912;11;20;147;176;10125;56
260;20240912;12;30;126;184;10131;68
260;20240912;13;40;139;179;10134;64
260;20240912;14;30;138;197;10136;61
260;20240912;15;30;137;70;10140;65
260;20240912;16;30;136;69;10143;70
260;20240912;17;30;137;65;10148;61
260;20240912;18;20;113;15;10153;78
260;20240912;19;10;85;0;10159;93
260;20240912;20;10;74;0;10164;97
260;20240912;21;0;67;0;10170;97
260;20240912;22;10;60;0;10173;97
260;20240912;23;10;57;0;10180;97
260;20240912;24;20;54;0;10183;98
260;20240913;1;10;53;0;10187;98
260;20240913;2;10;52;0;10192;98
260;20240913;3;10;47;0;10198;98
260;20240913;4;10;52;0;10205;98
260;20240913;5;10;49;0;10211;98
260;20240913;6;10;70;11;10221;97
260;20240913;7;20;121;82;10226;91
260;20240913;8;30;139;106;10235;84
260;20240913;9;30;143;125;10241;79
260;20240913;10;40;151;103;10246;76
260;20240913;11;50;139;155;10253;78
260;20240913;12;40;158;162;10256;58
260;20240913;13;50;166;184;10259;51
260;20240913;14;50;168;225;10260;52
260;20240913;15;50;158;142;10265;56
260;20240913;16;40;154;91;10269;53
260;20240913;17;40;144;46;10275;60
260;20240913;18;20;127;13;10280;70
260;20240913;19;20;111;0;10287;77
260;20240913;20;20;86;0;10291;91
260;20240913;21;10;76;0;10296;95
260;20240913;22;10;63;0;10300;97
260;20240913;23;10;54;0;10300;98
260;20240913;24;10;51;0;10300;98
260;20240914;1;10;43;0;10299;98
260;20240914;2;10;44;0;10300;96
260;20240914;3;10;48;0;10302;97
260;20240914;4;10;38;0;10304;98
260;20240914;5;10;35;0;10306;98
260;20240914;6;0;51;6;10308;97
260;20240914;7;10;86;37;10309;97
260;20240914;8;10;133;97;10312;76
260;20240914;9;10;150;161;10313;56
260;20240914;10;10;158;205;10311;51
260;20240914;11;20;160;213;10311;52
260;20240914;12;20;161;124;10310;54
260;20240914;13;20;177;151;10307;52
260;20240914;14;30;167;179;10304;50
260;20240914;15;20;178;125;10301;49
260;20240914;16;20;170;92;10300;52
260;20240914;17;20;161;43;10300;58
260;20240914;18;20;125;8;10302;78
260;20240914;19;10;95;0;10302;94
260;20240914;20;10;86;0;10300;97
260;20240914;21;10;76;0;10297;97
260;20240914;22;10;72;0;10295;98
260;20240914;23;10;69;0;10294;98
260;20240914;24;10;70;0;10294;98
260;20240915;1;10;65;0;10293;99
260;20240915;2;10;63;0;10289;98
260;20240915;3;10;62;0;10285;99
260;20240915;4;10;65;0;10281;98
260;20240915;5;10;66;0;10279;98
260;20240915;6;10;76;8;10278;98
260;20240915;7;10;106;57;10277;90
260;20240915;8;10;143;100;10277;81
260;20240915;9;20;165;151;10276;76
260;20240915;10;20;182;180;10274;71
260;20240915;11;20;190;163;10270;65
260;20240915;12;20;184;70;10267;67
260;20240915;13;20;181;64;10264;68
260;20240915;14;30;182;92;10261;69
260;20240915;15;20;179;49;10258;67
260;20240915;16;20;187;66;10255;65
260;20240915;17;30;173;63;10252;66
260;20240915;18;20;155;4;10255;76
260;20240915;19;20;150;0;10252;76
260;20240915;20;10;129;0;10250;89
260;20240915;21;10;123;0;10252;93
260;20240915;22;10;123;0;10249;96
260;20240915;23;10;127;0;10249;94
260;20240915;24;10;119;0;10246;95
260;20240916;1;10;102;0;10243;98
260;20240916;2;10;96;0;10242;99
260;20240916;3;10;90;0;10240;99
260;20240916;4;0;91;0;10238;99
260;20240916;5;10;95;0;10242;98
260;20240916;6;10;113;2;10247;98
260;20240916;7;10;134;12;10248;98
260;20240916;8;10;153;64;10252;96
260;20240916;9;20;167;80;10256;89
260;20240916;10;20;180;118;10255;84
260;20240916;11;30;166;67;10260;90
260;20240916;12;40;181;132;10262;81
260;20240916;13;50;182;147;10264;72
260;20240916;14;50;187;156;10264;69
260;20240916;15;50;186;156;10266;67
260;20240916;16;50;181;111;10268;65
260;20240916;17;50;171;56;10274;69
260;20240916;18;30;157;9;10279;74
260;20240916;19;30;149;0;10282;80
260;20240916;20;30;137;0;10284;84
260;20240916;21;20;125;0;10286;90
260;20240916;22;20;116;0;10287;96
260;20240916;23;10;97;0;10288;98
260;20240916;24;10;97;0;10288;98
260;20240917;1;20;116;0;10286;98
260;20240917;2;20;127;0;10287;97
260;20240917;3;20;141;0;10287;96
260;20240917;4;20;145;0;10289;95
260;20240917;5;20;148;0;10294;95
260;20240917;6;30;155;6;10296;92
260;20240917;7;30;167;50;10297;88
260;20240917;8;40;168;47;10299;86
260;20240917;9;50;175;93;10301;80
260;20240917;10;50;177;81;10301;78
260;20240917;11;60;189;168;10299;72
260;20240917;12;70;187;169;10297;70
260;20240917;13;60;188;137;10294;69
260;20240917;14;50;192;133;10290;67
260;20240917;15;60;196;152;10287;63
260;20240917;16;50;196;106;10287;63
260;20240917;17;40;186;41;10286;67
260;20240917;18;40;173;7;10289;75
260;20240917;19;40;163;0;10293;78
260;20240917;20;40;156;0;10295;81
260;20240917;21;30;148;0;10296;86
260;20240917;22;40;145;0;10296;89
260;20240917;23;30;141;0;10294;90
260;20240917;24;30;140;0;10292;91
260;20240918;1;30;137;0;10290;93
260;20240918;2;30;136;0;10289;93
260;20240918;3;30;135;0;10287;94
260;20240918;4;40;135;0;10283;94
260;20240918;5;50;134;0;10282;94
260;20240918;6;40;133;3;10288;96
260;20240918;7;40;134;18;10288;96
260;20240918;8;30;142;46;10290;94
260;20240918;9;30;152;97;10290;89
260;20240918;10;30;172;160;10287;83
260;20240918;11;40;192;192;10284;74
260;20240918;12;30;205;214;10280;72
260;20240918;13;40;213;205;10274;70
260;20240918;14;50;215;183;10269;68
260;20240918;15;50;213;144;10266;69
260;20240918;16;50;210;98;10263;70
260;20240918;17;40;200;46;10264;75
260;20240918;18;30;187;6;10268;80
260;20240918;19;40;181;0;10271;83
260;20240918;20;50;174;0;10271;88
260;20240918;21;40;173;0;10273;89
260;20240918;22;30;166;0;10274;91
260;20240918;23;20;161;0;10271;93
260;20240918;24;10;151;0;10270;96
260;20240919;1;30;151;0;10267;96
260;20240919;2;20;148;0;10263;96
260;20240919;3;30;147;0;10259;97
260;20240919;4;30;145;0;10257;97
260;20240919;5;30;145;0;10259;98
260;20240919;6;30;145;3;10260;98
260;20240919;7;20;145;20;10263;98
260;20240919;8;30;147;45;10267;97
260;20240919;9;40;159;65;10265;94
260;20240919;10;30;188;179;10260;82
260;20240919;11;40;194;206;10255;79
260;20240919;12;40;209;218;10250;74
260;20240919;13;40;215;211;10244;70
260;20240919;14;40;222;186;10240;67
260;20240919;15;40;215;139;10236;68
260;20240919;16;40;204;89;10231;73
260;20240919;17;40;190;40;10231;76
260;20240919;18;40;176;6;10230;83
260;20240919;19;40;167;0;10236;85
260;20240919;20;50;160;0;10238;87
260;20240919;21;40;154;0;10239;89
260;20240919;22;20;152;0;10236;92
260;20240919;23;30;152;0;10233;93
260;20240919;24;30;147;0;10230;95
260;20240920;1;20;143;0;10228;95
260;20240920;2;30;144;0;10226;93
260;20240920;3;30;144;0;10224;95
260;20240920;4;30;145;0;10224;96
260;20240920;5;30;146;0;10224;94
260;20240920;6;30;145;5;10227;92
260;20240920;7;40;155;37;10228;85
260;20240920;8;40;169;90;10229;79
260;20240920;9;50;182;142;10228;72
260;20240920;10;60;195;183;10226;67
260;20240920;11;60;212;212;10222;61
260;20240920;12;60;219;222;10219;56
260;20240920;13;60;224;213;10215;54
260;20240920;14;50;226;187;10210;53
260;20240920;15;50;225;146;10207;52
260;20240920;16;50;219;96;10206;54
260;20240920;17;40;207;43;10208;58
260;20240920;18;30;186;5;10210;67
260;20240920;19;30;175;0;10212;71
260;20240920;20;30;172;0;10213;73
260;20240920;21;30;164;0;10212;77
260;20240920;22;30;160;0;10213;79
260;20240920;23;30;155;0;10211;81
260;20240920;24;20;148;0;10211;84
260;20240921;1;20;135;0;10209;90
260;20240921;2;20;118;0;10208;95
260;20240921;3;20;123;0;10207;94
260;20240921;4;20;122;0;10206;94
260;20240921;5;20;111;0;10204;97
260;20240921;6;20;113;4;10206;97
260;20240921;7;10;140;38;10207;87
260;20240921;8;20;165;93;10208;79
260;20240921;9;20;185;145;10207;73
260;20240921;10;20;203;186;10203;66
260;20240921;11;20;219;215;10199;63
260;20240921;12;30;232;220;10194;57
260;20240921;13;30;238;210;10189;49
260;20240921;14;30;241;186;10186;49
260;20240921;15;20;242;147;10184;49
260;20240921;16;20;235;97;10182;51
260;20240921;17;20;219;42;10181;64
260;20240921;18;10;168;4;10184;88
260;20240921;19;20;149;0;10187;95
260;20240921;20;10;138;0;10186;95
260;20240921;21;10;130;0;10186;96
260;20240921;22;10;124;0;10183;97
260;20240921;23;10;115;0;10181;97
260;20240921;24;10;112;0;10179;99
260;20240922;1;10;106;0;10176;98
260;20240922;2;10;107;0;10172;98
260;20240922;3;10;102;0;10168;98
260;20240922;4;10;99;0;10163;98
260;20240922;5;10;99;0;10162;98
260;20240922;6;10;111;4;10162;98
260;20240922;7;10;141;34;10160;97
260;20240922;8;10;179;91;10159;78
260;20240922;9;20;196;101;10157;70
260;20240922;10;20;212;131;10153;67
260;20240922;11;30;222;185;10149;64
260;20240922;12;30;236;181;10143;54
260;20240922;13;30;233;174;10137;56
260;20240922;14;30;227;112;10134;59
260;20240922;15;20;224;49;10131;63
260;20240922;16;10;215;24;10128;74
260;20240922;17;10;202;14;10125;82
260;20240922;18;10;182;1;10122;91
260;20240922;19;10;177;0;10121;93
260;20240922;20;10;172;0;10118;95
260;20240922;21;10;161;0;10114;96
260;20240922;22;10;158;0;10111;96
260;20240922;23;10;155;0;10106;97
260;20240922;24;10;153;0;10100;96
260;20240923;1;10;149;0;10093;97
260;20240923;2;20;153;0;10086;93
260;20240923;3;20;151;0;10084;94
260;20240923;4;20;161;0;10079;88
260;20240923;5;20;160;0;10077;89
260;20240923;6;20;162;2;10078;87
260;20240923;7;30;169;10;10077;86
260;20240923;8;40;176;43;10079;84
260;20240923;9;40;183;75;10080;80
260;20240923;10;40;193;116;10079;71
260;20240923;11;50;205;151;10077;67
260;20240923;12;40;197;121;10073;67
260;20240923;13;40;202;134;10069;65
260;20240923;14;40;206;129;10064;67
260;20240923;15;40;200;88;10062;67
260;20240923;16;30;170;29;10061;89
260;20240923;17;10;171;25;10058;92
260;20240923;18;10;165;2;10058;97
260;20240923;19;10;152;0;10059;98
260;20240923;20;20;143;0;10059;95
260;20240923;21;20;141;0;10058;93
260;20240923;22;20;125;0;10055;98
260;20240923;23;20;127;0;10052;98
260;20240923;24;20;126;0;10049;97
260;20240924;1;20;121;0;10045;97
260;20240924;2;20;117;0;10039;98
260;20240924;3;20;112;0;10034;98
260;20240924;4;20;111;0;10032;97
260;20240924;5;20;108;0;10030;97
260;20240924;6;20;112;2;10029;96
260;20240924;7;20;124;9;10029;94
260;20240924;8;30;138;41;10027;90
260;20240924;9;30;147;59;10025;88
260;20240924;10;40;155;58;10022;82
260;20240924;11;50;162;89;10022;79
260;20240924;12;40;181;138;10017;71
260;20240924;13;50;184;125;10013;67
260;20240924;14;40;186;134;10009;69
260;20240924;15;40;165;27;10008;85
260;20240924;16;40;154;16;10012;95
260;20240924;17;30;157;16;10017;94
260;20240924;18;30;155;1;10023;90
260;20240924;19;30;149;0;10029;88
260;20240924;20;20;142;0;10032;89
260;20240924;21;20;131;0;10034;93
260;20240924;22;30;140;0;10036;91
260;20240924;23;30;143;0;10035;90
260;20240924;24;40;147;0;10036;89
260;20240925;1;30;143;0;10034;91
260;20240925;2;30;146;0;10032;91
260;20240925;3;30;143;0;10028;91
260;20240925;4;30;143;0;10026;91
260;20240925;5;30;144;0;10023;91
260;20240925;6;50;142;1;10023;89
260;20240925;7;50;141;11;10028;85
260;20240925;8;40;144;36;10029;86
260;20240925;9;50;146;38;10032;82
260;20240925;10;40;155;82;10032;77
260;20240925;11;40;164;85;10030;69
260;20240925;12;40;170;122;10029;69
260;20240925;13;40;172;160;10023;66
260;20240925;14;30;168;61;10014;75
260;20240925;15;30;172;62;10008;73
260;20240925;16;30;167;34;10000;76
260;20240925;17;30;156;18;9995;84
260;20240925;18;20;149;1;9990;87
260;20240925;19;20;149;0;9985;84
260;20240925;20;20;144;0;9977;89
260;20240925;21;30;142;0;9968;93
260;20240925;22;30;143;0;9958;94
260;20240925;23;30;141;0;9945;94
260;20240925;24;30;138;0;9929;96
260;20240926;1;30;140;0;9913;97
260;20240926;2;30;140;0;9895;98
260;20240926;3;30;142;0;9881;98
260;20240926;4;30;149;0;9874;96
260;20240926;5;40;151;0;9871;94
260;20240926;6;50;154;1;9875;92
260;20240926;7;60;157;12;9879;90
260;20240926;8;60;162;55;9889;83
260;20240926;9;60;171;112;9891;82
260;20240926;10;60;174;119;9898;75
260;20240926;11;60;174;97;9900;79
260;20240926;12;60;178;112;9900;77
260;20240926;13;60;189;164;9899;69
260;20240926;14;50;158;27;9901;90
260;20240926;15;20;163;48;9895;86
260;20240926;16;20;153;35;9891;92
260;20240926;17;20;150;7;9885;92
260;20240926;18;30;145;0;9889;86
260;20240926;19;30;143;0;9895;86
260;20240926;20;40;149;0;9902;81
260;20240926;21;40;142;0;9902;87
260;20240926;22;50;148;0;9903;84
260;20240926;23;70;151;0;9904;78
260;20240926;24;70;149;0;9909;77
260;20240927;1;80;127;0;9915;83
260;20240927;2;70;137;0;9918;79
260;20240927;3;80;134;0;9922;75
260;20240927;4;80;129;0;9920;76
260;20240927;5;80;125;0;9920;76
260;20240927;6;80;125;4;9920;76
260;20240927;7;80;124;14;9920;77
260;20240927;8;90;128;29;9921;75
260;20240927;9;90;131;44;9925;74
260;20240927;10;90;135;62;9931;72
260;20240927;11;90;128;44;9935;79
260;20240927;12;80;119;22;9946;85
260;20240927;13;80;117;12;9954;90
260;20240927;14;60;117;16;9962;94
260;20240927;15;40;123;15;9974;95
260;20240927;16;30;126;19;9987;95
260;20240927;17;20;128;11;10004;91
260;20240927;18;20;118;1;10021;90
260;20240927;19;30;120;0;10040;82
260;20240927;20;40;119;0;10057;80
260;20240927;21;30;114;0;10070;86
260;20240927;22;30;108;0;10082;86
260;20240927;23;30;105;0;10092;84
260;20240927;24;20;90;0;10100;91
260;20240928;1;20;97;0;10111;83
260;20240928;2;20;93;0;10120;86
260;20240928;3;20;87;0;10128;87
260;20240928;4;20;84;0;10141;94
260;20240928;5;10;74;0;10148;97
260;20240928;6;20;73;1;10158;97
260;20240928;7;20;93;20;10171;93
260;20240928;8;30;102;53;10182;79
260;20240928;9;20;125;148;10193;73
260;20240928;10;30;125;141;10201;73
260;20240928;11;30;129;154;10205;72
260;20240928;12;30;132;171;10212;73
260;20240928;13;30;137;128;10214;67
260;20240928;14;40;143;170;10219;55
260;20240928;15;40;141;85;10226;54
260;20240928;16;40;135;73;10232;55
260;20240928;17;30;122;28;10240;65
260;20240928;18;20;111;1;10249;77
260;20240928;19;10;88;0;10256;94
260;20240928;20;10;69;0;10260;97
260;20240928;21;10;79;0;10265;97
260;20240928;22;10;77;0;10271;97
260;20240928;23;10;81;0;10273;97
260;20240928;24;10;84;0;10277;97
260;20240929;1;10;89;0;10277;92
260;20240929;2;10;68;0;10273;98
260;20240929;3;10;50;0;10272;99
260;20240929;4;10;44;0;10272;99
260;20240929;5;10;55;0;10273;99
260;20240929;6;10;47;2;10275;99
260;20240929;7;20;72;33;10278;96
260;20240929;8;20;97;84;10282;84
260;20240929;9;20;116;137;10280;75
260;20240929;10;20;132;178;10275;67
260;20240929;11;40;137;192;10270;61
260;20240929;12;40;139;201;10263;60
260;20240929;13;40;133;121;10258;63
260;20240929;14;40;132;81;10251;66
260;20240929;15;30;129;52;10241;70
260;20240929;16;30;126;25;10233;69
260;20240929;17;30;119;20;10229;72
260;20240929;18;30;111;1;10219;72
260;20240929;19;30;100;0;10216;78
260;20240929;20;30;91;0;10207;83
260;20240929;21;30;82;0;10200;86
260;20240929;22;30;90;0;10191;81
260;20240929;23;40;98;0;10182;77
260;20240929;24;40;97;0;10173;76
260;20240930;1;40;92;0;10161;78
260;20240930;2;40;94;0;10150;77
260;20240930;3;50;97;0;10141;75
260;20240930;4;50;95;0;10132;77
260;20240930;5;40;91;0;10126;79
260;20240930;6;40;87;1;10120;81
260;20240930;7;50;98;20;10114;78
260;20240930;8;50;112;73;10109;75
260;20240930;9;50;119;64;10104;74
260;20240930;10;60;121;39;10099;77
260;20240930;11;50;110;34;10094;90
260;20240930;12;50;115;42;10087;93
260;20240930;13;50;117;34;10077;95
260;20240930;14;50;122;20;10069;96
260;20240930;15;50;131;17;10058;96
260;20240930;16;50;137;10;10047;96
260;20240930;17;60;141;3;10042;97
260;20240930;18;50;147;1;10041;97
260;20240930;19;50;147;0;10041;91
260;20240930;20;50;143;0;10042;91
260;20240930;21;50;144;0;10041;87
260;20240930;22;60;141;0;10041;87
260;20240930;23;50;137;0;10039;90
260;20240930;24;40;138;0;10039;87
260;20241001;1;40;135;0;10040;89
260;20241001;2;50;134;0;10040;87
260;20241001;3;50;125;0;10040;93
260;20241001;4;50;121;0;10036;94
260;20241001;5;40;119;0;10034;96
260;20241001;6;40;120;0;10035;96
260;20241001;7;40;128;3;10037;96
260;20241001;8;40;132;14;10041;94
260;20241001;9;50;131;19;10043;92
260;20241001;10;50;130;28;10047;94
260;20241001;11;60;130;35;10050;95
260;20241001;12;50;134;22;10052;91
260;20241001;13;50;132;22;10054;92
260;20241001;14;50;139;26;10054;87
260;20241001;15;50;142;35;10055;84
260;20241001;16;40;140;26;10054;84
260;20241001;17;40;138;6;10057;85
260;20241001;18;20;136;0;10059;86
260;20241001;19;20;131;0;10060;89
260;20241001;20;10;126;0;10061;92
260;20241001;21;10;121;0;10063;96
260;20241001;22;10;119;0;10065;97
260;20241001;23;10;118;0;10068;97
260;20241001;24;10;117;0;10070;98
260;20241002;1;10;111;0;10073;98
260;20241002;2;10;114;0;10074;98
260;20241002;3;10;113;0;10076;98
260;20241002;4;0;113;0;10081;98
260;20241002;5;10;118;0;10086;98
260;20241002;6;40;111;0;10095;95
260;20241002;7;40;108;6;10103;97
260;20241002;8;40;107;15;10110;95
260;20241002;9;30;109;33;10115;92
260;20241002;10;30;109;27;10122;91
260;20241002;11;30;111;34;10125;90
260;20241002;12;30;117;38;10126;87
260;20241002;13;30;120;41;10129;85
260;20241002;14;30;120;32;10134;80
260;20241002;15;40;119;46;10136;79
260;20241002;16;40;116;24;10140;79
260;20241002;17;40;114;5;10149;81
260;20241002;18;40;111;0;10156;80
260;20241002;19;40;110;0;10163;77
260;20241002;20;30;105;0;10170;78
260;20241002;21;20;97;0;10175;84
260;20241002;22;20;92;0;10178;87
260;20241002;23;30;88;0;10180;88
260;20241002;24;30;83;0;10183;88
260;20241003;1;40;79;0;10187;86
260;20241003;2;30;72;0;10189;88
260;20241003;3;20;68;0;10189;90
260;20241003;4;30;65;0;10191;90
260;20241003;5;20;53;0;10192;96
260;20241003;6;20;58;1;10196;93
260;20241003;7;10;71;25;10201;88
260;20241003;8;20;98;77;10206;78
260;20241003;9;30;120;129;10209;70
260;20241003;10;50;132;169;10211;66
260;20241003;11;60;135;184;10210;61
260;20241003;12;60;141;191;10206;56
260;20241003;13;50;147;200;10205;52
260;20241003;14;50;146;169;10203;55
260;20241003;15;50;142;108;10202;58
260;20241003;16;40;144;81;10203;58
260;20241003;17;20;120;13;10207;72
260;20241003;18;20;99;0;10211;81
260;20241003;19;20;73;0;10214;92
260;20241003;20;20;72;0;10216;92
260;20241003;21;20;60;0;10218;96
260;20241003;22;20;55;0;10219;95
260;20241003;23;10;41;0;10218;97
260;20241003;24;10;35;0;10217;97
260;20241004;1;10;29;0;10215;97
260;20241004;2;10;28;0;10214;97
260;20241004;3;10;25;0;10214;97
260;20241004;4;10;24;0;10217;98
260;20241004;5;10;19;0;10218;98
260;20241004;6;10;16;1;10222;98
260;20241004;7;10;56;31;10225;97
260;20241004;8;10;89;78;10229;86
260;20241004;9;20;116;131;10229;73
260;20241004;10;30;131;168;10229;66
260;20241004;11;20;139;187;10224;60
260;20241004;12;20;147;194;10221;57
260;20241004;13;20;145;214;10218;59
260;20241004;14;10;138;75;10216;67
260;20241004;15;20;152;131;10215;58
260;20241004;16;20;126;39;10214;75
260;20241004;17;10;95;8;10217;90
260;20241004;18;0;69;0;10219;96
260;20241004;19;10;56;0;10221;98
260;20241004;20;10;48;0;10222;97
260;20241004;21;10;42;0;10221;98
260;20241004;22;10;38;0;10220;98
260;20241004;23;10;33;0;10216;98
260;20241004;24;10;28;0;10214;98
260;20241005;1;0;24;0;10214;98
260;20241005;2;10;23;0;10212;98
260;20241005;3;10;16;0;10209;98
260;20241005;4;10;14;0;10209;98
260;20241005;5;10;12;0;10208;98
260;20241005;6;10;10;1;10207;98
260;20241005;7;10;47;24;10208;97
260;20241005;8;10;87;73;10208;87
260;20241005;9;10;124;119;10205;72
260;20241005;10;20;138;165;10199;65
260;20241005;11;20;147;201;10195;61
260;20241005;12;30;150;204;10189;56
260;20241005;13;30;152;179;10180;57
260;20241005;14;30;151;146;10172;55
260;20241005;15;30;149;116;10168;55
260;20241005;16;30;141;70;10164;57
260;20241005;17;20;114;20;10160;71
260;20241005;18;20;75;0;10158;90
260;20241005;19;20;63;0;10154;93
260;20241005;20;30;84;0;10146;86
260;20241005;21;20;77;0;10147;89
260;20241005;22;10;48;0;10143;96
260;20241005;23;20;43;0;10135;96
260;20241005;24;20;49;0;10130;96
260;20241006;1;20;44;0;10127;97
260;20241006;2;20;65;0;10122;93
260;20241006;3;30;67;0;10115;91
260;20241006;4;30;66;0;10109;92
260;20241006;5;20;63;0;10100;92
260;20241006;6;30;73;1;10101;89
260;20241006;7;30;81;23;10101;87
260;20241006;8;40;96;59;10097;82
260;20241006;9;40;105;64;10089;82
260;20241006;10;50;124;137;10080;73
260;20241006;11;50;125;99;10071;72
260;20241006;12;60;137;130;10059;71
260;20241006;13;60;142;144;10048;67
260;20241006;14;60;142;139;10042;66
260;20241006;15;60;152;87;10038;65
260;20241006;16;50;145;69;10032;67
260;20241006;17;30;129;17;10031;75
260;20241006;18;30;120;0;10025;79
260;20241006;19;40;128;0;10018;75
260;20241006;20;40;128;0;10017;78
260;20241006;21;30;123;0;10015;90
260;20241006;22;30;124;0;10006;89
260;20241006;23;30;127;0;10000;87
260;20241006;24;30;132;0;9995;87
260;20241007;1;30;128;0;9991;92
260;20241007;2;30;133;0;9989;95
260;20241007;3;30;145;0;9989;94
260;20241007;4;40;150;0;9991;93
260;20241007;5;40;152;0;9992;88
260;20241007;6;50;141;0;9999;88
260;20241007;7;40;139;14;10008;87
260;20241007;8;50;151;68;10012;83
260;20241007;9;40;162;113;10018;78
260;20241007;10;50;167;162;10024;74
260;20241007;11;50;178;141;10025;68
260;20241007;12;40;173;115;10028;69
260;20241007;13;50;184;142;10025;64
260;20241007;14;40;185;132;10022;61
260;20241007;15;30;181;89;10017;62
260;20241007;16;30;172;39;10014;66
260;20241007;17;20;156;12;10017;75
260;20241007;18;20;151;0;10017;78
260;20241007;19;20;138;0;10008;85
260;20241007;20;20;140;0;10003;84
260;20241007;21;20;141;0;9995;83
260;20241007;22;20;147;0;9985;82
260;20241007;23;30;143;0;9981;88
260;20241007;24;30;146;0;9973;93
260;20241008;1;30;149;0;9966;95
260;20241008;2;30;154;0;9959;94
260;20241008;3;30;154;0;9957;96
260;20241008;4;30;159;0;9960;95
260;20241008;5;40;159;0;9965;94
260;20241008;6;40;157;0;9969;94
260;20241008;7;40;156;7;9978;89
260;20241008;8;40;156;36;9982;86
260;20241008;9;50;163;81;9979;77
260;20241008;10;50;171;153;9985;72
260;20241008;11;50;169;122;9983;71
260;20241008;12;40;177;122;9980;68
260;20241008;13;40;177;97;9982;69
260;20241008;14;40;178;91;9980;70
260;20241008;15;40;178;64;9978;71
260;20241008;16;30;176;34;9974;72
260;20241008;17;30;168;14;9976;77
260;20241008;18;20;161;0;9975;81
260;20241008;19;20;158;0;9974;82
260;20241008;20;30;147;0;9972;86
260;20241008;21;20;135;0;9969;90
260;20241008;22;20;133;0;9962;91
260;20241008;23;30;135;0;9957;89
260;20241008;24;30;140;0;9953;88
260;20241009;1;30;140;0;9949;88
260;20241009;2;30;137;0;9943;87
260;20241009;3;40;134;0;9939;88
260;20241009;4;40;137;0;9931;87
260;20241009;5;40;137;0;9924;87
260;20241009;6;40;141;0;9921;85
260;20241009;7;40;142;6;9918;85
260;20241009;8;40;149;23;9913;82
260;20241009;9;50;154;56;9903;81
260;20241009;10;50;155;68;9898;80
260;20241009;11;50;158;74;9889;79
260;20241009;12;40;159;54;9886;79
260;20241009;13;40;160;48;9878;78
260;20241009;14;40;157;40;9871;79
260;20241009;15;30;146;22;9868;87
260;20241009;16;20;139;12;9860;94
260;20241009;17;10;135;2;9855;96
260;20241009;18;10;132;0;9851;98
260;20241009;19;10;129;0;9851;98
260;20241009;20;10;124;0;9848;98
260;20241009;21;10;127;0;9845;98
260;20241009;22;10;126;0;9847;98
260;20241009;23;10;124;0;9846;99
260;20241009;24;10;124;0;9853;98
260;20241010;1;10;129;0;9861;98
260;20241010;2;20;128;0;9871;98
260;20241010;3;20;130;0;9881;96
260;20241010;4;30;131;0;9893;94
260;20241010;5;40;129;0;9910;92
260;20241010;6;40;122;0;9931;92
260;20241010;7;30;125;9;9950;88
260;20241010;8;40;124;41;9967;83
260;20241010;9;50;138;118;9979;76
260;20241010;10;50;132;75;9996;74
260;20241010;11;30;138;74;10008;70
260;20241010;12;40;136;97;10018;68
260;20241010;13;40;139;121;10027;57
260;20241010;14;40;130;68;10039;66
260;20241010;15;30;126;39;10044;64
260;20241010;16;20;118;23;10052;72
260;20241010;17;30;105;4;10058;78
260;20241010;18;20;106;0;10067;75
260;20241010;19;20;97;0;10073;83
260;20241010;20;20;94;0;10082;84
260;20241010;21;20;91;0;10090;87
260;20241010;22;10;88;0;10096;90
260;20241010;23;10;87;0;10104;91
260;20241010;24;20;80;0;10106;93
260;20241011;1;20;75;0;10111;91
260;20241011;2;20;73;0;10118;92
260;20241011;3;20;70;0;10124;92
260;20241011;4;20;61;0;10129;95
260;20241011;5;20;42;0;10134;97
260;20241011;6;20;57;0;10141;96
260;20241011;7;20;71;16;10151;93
260;20241011;8;20;92;58;10159;81
260;20241011;9;20;111;114;10163;73
260;20241011;10;30;117;129;10168;66
260;20241011;11;40;119;136;10172;66
260;20241011;12;20;122;90;10174;76
260;20241011;13;30;126;111;10175;65
260;20241011;14;30;130;125;10177;59
260;20241011;15;20;124;76;10179;63
260;20241011;16;20;115;39;10181;63
260;20241011;17;10;86;9;10182;82
260;20241011;18;10;59;0;10182;95
260;20241011;19;10;48;0;10181;98
260;20241011;20;10;39;0;10182;98
260;20241011;21;10;39;0;10181;98
260;20241011;22;10;32;0;10180;98
260;20241011;23;10;25;0;10177;99
260;20241011;24;10;20;0;10174;99
260;20241012;1;20;18;0;10169;98
260;20241012;2;10;21;0;10161;98
260;20241012;3;20;31;0;10154;98
260;20241012;4;20;45;0;10148;97
260;20241012;5;30;53;0;10146;96
260;20241012;6;30;56;0;10139;94
260;20241012;7;30;60;6;10132;94
260;20241012;8;30;77;61;10132;89
260;20241012;9;30;82;54;10126;87
260;20241012;10;30;93;65;10119;84
260;20241012;11;30;99;67;10111;82
260;20241012;12;40;106;78;10101;80
260;20241012;13;40;112;71;10091;79
260;20241012;14;40;120;74;10078;78
260;20241012;15;30;121;56;10074;80
260;20241012;16;30;119;20;10068;80
260;20241012;17;30;113;4;10059;84
260;20241012;18;30;111;0;10053;87
260;20241012;19;40;115;0;10044;83
260;20241012;20;50;117;0;10038;82
260;20241012;21;60;115;0;10031;87
260;20241012;22;50;106;0;10036;90
260;20241012;23;40;104;0;10039;93
260;20241012;24;40;104;0;10048;77
260;20241013;1;40;100;0;10059;67
260;20241013;2;40;96;0;10064;65
260;20241013;3;50;97;0;10072;69
260;20241013;4;50;100;0;10078;68
260;20241013;5;50;90;0;10089;85
260;20241013;6;40;95;0;10100;80
260;20241013;7;40;91;5;10113;81
260;20241013;8;40;101;37;10124;84
260;20241013;9;50;102;52;10138;86
260;20241013;10;40;126;101;10150;66
260;20241013;11;50;116;85;10159;72
260;20241013;12;50;130;155;10167;67
260;20241013;13;50;130;111;10175;61
260;20241013;14;50;124;76;10183;61
260;20241013;15;40;122;56;10186;61
260;20241013;16;30;117;27;10187;61
260;20241013;17;20;105;6;10192;74
260;20241013;18;20;95;0;10198;81
260;20241013;19;20;88;0;10201;87
260;20241013;20;20;88;0;10202;87
260;20241013;21;20;86;0;10206;86
260;20241013;22;20;83;0;10204;87
260;20241013;23;10;75;0;10198;91
260;20241013;24;10;71;0;10196;94
260;20241014;1;10;67;0;10198;96
260;20241014;2;10;69;0;10189;96
260;20241014;3;10;70;0;10188;96
260;20241014;4;10;67;0;10180;97
260;20241014;5;20;71;0;10174;96
260;20241014;6;20;71;0;10173;93
260;20241014;7;10;72;6;10175;94
260;20241014;8;20;79;17;10177;89
260;20241014;9;20;92;43;10175;85
260;20241014;10;20;99;51;10175;80
260;20241014;11;20;103;47;10173;79
260;20241014;12;20;102;46;10165;78
260;20241014;13;20;104;48;10163;80
260;20241014;14;20;106;59;10168;77
260;20241014;15;20;114;90;10172;73
260;20241014;16;10;110;48;10176;77
260;20241014;17;10;79;6;10183;91
260;20241014;18;10;58;0;10189;97
260;20241014;19;0;45;0;10193;96
260;20241014;20;10;36;0;10197;98
260;20241014;21;0;28;0;10206;98
260;20241014;22;10;24;0;10208;98
260;20241014;23;20;26;0;10208;98
260;20241014;24;20;35;0;10208;97
260;20241015;1;30;51;0;10208;95
260;20241015;2;30;49;0;10208;94
260;20241015;3;20;45;0;10210;96
260;20241015;4;20;41;0;10208;95
260;20241015;5;30;43;0;10206;94
260;20241015;6;30;46;0;10207;93
260;20241015;7;30;55;13;10208;93
260;20241015;8;30;77;57;10210;87
260;20241015;9;40;94;103;10208;83
260;20241015;10;40;115;125;10202;79
260;20241015;11;50;127;152;10198;74
260;20241015;12;50;135;132;10192;74
260;20241015;13;40;140;137;10190;74
260;20241015;14;50;137;100;10185;75
260;20241015;15;40;135;47;10179;76
260;20241015;16;40;128;33;10175;81
260;20241015;17;30;118;5;10173;82
260;20241015;18;40;114;0;10172;82
260;20241015;19;30;106;0;10167;85
260;20241015;20;40;109;0;10162;83
260;20241015;21;50;114;0;10154;84
260;20241015;22;50;113;0;10148;85
260;20241015;23;50;112;0;10142;86
260;20241015;24;50;113;0;10139;86
260;20241016;1;50;114;0;10134;87
260;20241016;2;50;113;0;10126;87
260;20241016;3;60;116;0;10117;87
260;20241016;4;60;115;0;10114;88
260;20241016;5;60;115;0;10107;89
260;20241016;6;50;117;0;10104;89
260;20241016;7;50;123;6;10103;88
260;20241016;8;50;130;22;10104;87
260;20241016;9;50;154;95;10100;80
260;20241016;10;50;171;143;10096;77
260;20241016;11;50;187;157;10098;74
260;20241016;12;50;203;150;10095;69
260;20241016;13;50;196;126;10093;72
260;20241016;14;50;189;55;10088;75
260;20241016;15;50;188;40;10083;76
260;20241016;16;50;186;28;10080;77
260;20241016;17;40;180;7;10080;79
260;20241016;18;40;180;0;10080;78
260;20241016;19;40;174;0;10080;80
260;20241016;20;40;167;0;10080;81
260;20241016;21;40;163;0;10080;80
260;20241016;22;40;164;0;10079;78
260;20241016;23;50;155;0;10076;82
260;20241016;24;40;153;0;10076;83
260;20241017;1;40;153;0;10072;81
260;20241017;2;40;150;0;10070;81
260;20241017;3;40;149;0;10066;82
260;20241017;4;40;149;0;10065;85
260;20241017;5;40;153;0;10066;86
260;20241017;6;30;156;0;10070;89
260;20241017;7;30;166;2;10077;89
260;20241017;8;50;172;13;10084;90
260;20241017;9;50;173;11;10095;90
260;20241017;10;50;182;52;10103;86
260;20241017;11;50;187;80;10113;81
260;20241017;12;40;192;76;10114;79
260;20241017;13;40;190;54;10118;78
260;20241017;14;30;193;42;10120;78
260;20241017;15;20;194;58;10122;77
260;20241017;16;10;185;20;10127;86
260;20241017;17;10;175;2;10131;89
260;20241017;18;10;173;0;10135;90
260;20241017;19;20;166;0;10138;96
260;20241017;20;10;159;0;10140;98
260;20241017;21;10;158;0;10142;98
260;20241017;22;10;157;0;10141;97
260;20241017;23;10;152;0;10142;98
260;20241017;24;20;154;0;10143;98
260;20241018;1;10;153;0;10144;98
260;20241018;2;10;153;0;10144;98
260;20241018;3;10;154;0;10143;98
260;20241018;4;20;151;0;10139;99
260;20241018;5;10;151;0;10142;100
260;20241018;6;10;148;0;10143;100
260;20241018;7;10;149;4;10150;99
260;20241018;8;20;150;15;10151;98
260;20241018;9;20;152;34;10149;98
260;20241018;10;20;154;38;10148;98
260;20241018;11;10;165;52;10140;96
260;20241018;12;10;167;40;10136;92
260;20241018;13;10;170;44;10134;90
260;20241018;14;10;172;42;10137;91
260;20241018;15;10;176;33;10134;88
260;20241018;16;20;166;25;10132;91
260;20241018;17;10;156;2;10136;96
260;20241018;18;10;151;0;10138;98
260;20241018;19;10;133;0;10136;98
260;20241018;20;10;136;0;10134;98
260;20241018;21;20;143;0;10130;98
260;20241018;22;10;130;0;10131;99
260;20241018;23;10;145;0;10130;98
260;20241018;24;10;142;0;10129;98
260;20241019;1;10;143;0;10129;97
260;20241019;2;10;142;0;10126;94
260;20241019;3;10;139;0;10126;96
260;20241019;4;10;139;0;10125;95
260;20241019;5;10;139;0;10124;95
260;20241019;6;20;139;0;10129;96
260;20241019;7;20;136;2;10133;97
260;20241019;8;20;137;9;10137;96
260;20241019;9;20;140;22;10139;91
260;20241019;10;20;154;73;10141;85
260;20241019;11;30;155;83;10144;79
260;20241019;12;40;157;69;10142;79
260;20241019;13;40;158;43;10142;80
260;20241019;14;40;159;43;10144;82
260;20241019;15;40;158;30;10148;81
260;20241019;16;40;156;9;10153;82
260;20241019;17;30;148;2;10156;85
260;20241019;18;30;148;0;10159;85
260;20241019;19;30;147;0;10164;87
260;20241019;20;40;147;0;10167;86
260;20241019;21;40;147;0;10169;85
260;20241019;22;40;145;0;10172;87
260;20241019;23;30;144;0;10174;88
260;20241019;24;30;144;0;10176;88
260;20241020;1;40;137;0;10176;95
260;20241020;2;30;135;0;10173;97
260;20241020;3;20;136;0;10171;95
260;20241020;4;20;136;0;10171;94
260;20241020;5;30;138;0;10171;93
260;20241020;6;20;137;0;10176;94
260;20241020;7;30;141;3;10170;90
260;20241020;8;30;143;14;10168;90
260;20241020;9;40;146;28;10169;88
260;20241020;10;50;152;55;10169;85
260;20241020;11;60;161;76;10162;79
260;20241020;12;60;165;99;10154;76
260;20241020;13;60;169;108;10149;72
260;20241020;14;60;170;55;10141;70
260;20241020;15;70;168;19;10138;69
260;20241020;16;70;168;7;10137;71
260;20241020;17;60;168;1;10145;71
260;20241020;18;50;169;0;10146;73
260;20241020;19;60;170;0;10145;76
260;20241020;20;50;174;0;10148;78
260;20241020;21;50;179;0;10149;79
260;20241020;22;60;172;0;10157;89
260;20241020;23;50;146;0;10171;90
260;20241020;24;50;143;0;10175;91
260;20241021;1;50;143;0;10179;88
260;20241021;2;40;145;0;10182;86
260;20241021;3;40;147;0;10186;85
260;20241021;4;40;147;0;10192;86
260;20241021;5;40;145;0;10196;88
260;20241021;6;40;144;0;10200;88
260;20241021;7;30;146;2;10211;88
260;20241021;8;30;146;11;10219;89
260;20241021;9;40;147;20;10227;90
260;20241021;10;30;148;37;10232;90
260;20241021;11;30;150;49;10233;88
260;20241021;12;30;153;55;10233;84
260;20241021;13;40;151;42;10236;81
260;20241021;14;30;150;37;10233;82
260;20241021;15;20;148;23;10232;81
260;20241021;16;20;145;10;10230;84
260;20241021;17;20;138;1;10229;91
260;20241021;18;20;132;0;10223;93
260;20241021;19;10;129;0;10217;95
260;20241021;20;0;127;0;10216;96
260;20241021;21;20;123;0;10222;98
260;20241021;22;20;117;0;10219;97
260;20241021;23;30;107;0;10227;96
260;20241021;24;20;106;0;10224;97
260;20241022;1;20;107;0;10232;97
260;20241022;2;10;104;0;10233;97
260;20241022;3;10;97;0;10243;98
260;20241022;4;20;94;0;10251;97
260;20241022;5;20;97;0;10255;97
260;20241022;6;20;97;0;10259;97
260;20241022;7;30;106;6;10267;93
260;20241022;8;40;116;46;10274;90
260;20241022;9;40;128;91;10278;87
260;20241022;10;40;134;117;10284;86
260;20241022;11;50;144;115;10287;80
260;20241022;12;50;156;147;10289;69
260;20241022;13;50;159;134;10288;65
260;20241022;14;40;157;85;10291;66
260;20241022;15;30;159;89;10294;63
260;20241022;16;40;143;34;10298;69
260;20241022;17;30;129;2;10304;77
260;20241022;18;20;117;0;10312;82
260;20241022;19;20;95;0;10316;92
260;20241022;20;20;113;0;10319;86
260;20241022;21;20;123;0;10321;85
260;20241022;22;30;126;0;10324;85
260;20241022;23;30;125;0;10326;88
260;20241022;24;20;112;0;10328;94
260;20241023;1;10;83;0;10328;98
260;20241023;2;10;79;0;10331;98
260;20241023;3;10;81;0;10333;100
260;20241023;4;20;90;0;10335;100
260;20241023;5;10;88;0;10340;100
260;20241023;6;10;92;0;10342;100
260;20241023;7;20;93;4;10343;100
260;20241023;8;20;98;16;10346;100
260;20241023;9;20;106;31;10350;100
260;20241023;10;20;110;40;10350;100
260;20241023;11;20;117;50;10350;98
260;20241023;12;20;133;67;10345;93
260;20241023;13;20;146;69;10340;88
260;20241023;14;20;148;97;10337;87
260;20241023;15;30;141;65;10332;89
260;20241023;16;20;130;24;10329;92
260;20241023;17;20;114;2;10328;97
260;20241023;18;20;99;0;10327;99
260;20241023;19;20;90;0;10327;99
260;20241023;20;20;83;0;10325;99
260;20241023;21;10;73;0;10322;99
260;20241023;22;20;87;0;10319;100
260;20241023;23;20;76;0;10313;99
260;20241023;24;20;63;0;10306;99
260;20241024;1;20;55;0;10300;99
260;20241024;2;20;59;0;10293;99
260;20241024;3;20;55;0;10285;99
260;20241024;4;20;56;0;10280;99
260;20241024;5;20;60;0;10275;99
260;20241024;6;10;43;0;10270;99
260;20241024;7;20;56;6;10271;98
260;20241024;8;20;78;43;10269;96
260;20241024;9;30;101;90;10264;87
260;20241024;10;40;112;119;10257;85
260;20241024;11;40;117;103;10249;84
260;20241024;12;40;129;136;10239;78
260;20241024;13;30;140;145;10229;74
260;20241024;14;40;145;116;10223;73
260;20241024;15;40;143;76;10216;74
260;20241024;16;40;135;30;10211;80
260;20241024;17;30;122;2;10209;84
260;20241024;18;40;119;0;10207;88
260;20241024;19;40;112;0;10203;90
260;20241024;20;30;110;0;10197;91
260;20241024;21;30;114;0;10194;91
260;20241024;22;30;113;0;10187;92
260;20241024;23;30;111;0;10182;93
260;20241024;24;30;106;0;10179;93
260;20241025;1;30;100;0;10175;95
260;20241025;2;30;106;0;10169;94
260;20241025;3;30;110;0;10166;94
260;20241025;4;30;113;0;10165;95
260;20241025;5;30;115;0;10164;96
260;20241025;6;30;119;0;10165;94
260;20241025;7;30;119;3;10168;94
260;20241025;8;30;122;22;10171;92
260;20241025;9;30;136;83;10174;88
260;20241025;10;30;153;118;10175;83
260;20241025;11;20;170;139;10175;80
260;20241025;12;20;180;142;10172;77
260;20241025;13;30;178;110;10171;80
260;20241025;14;30;185;119;10167;78
260;20241025;15;30;184;69;10169;79
260;20241025;16;20;172;27;10171;83
260;20241025;17;20;153;1;10175;91
260;20241025;18;20;140;0;10178;96
260;20241025;19;20;126;0;10178;97
260;20241025;20;20;120;0;10184;98
260;20241025;21;10;105;0;10186;99
260;20241025;22;10;99;0;10186;99
260;20241025;23;10;93;0;10187;99
260;20241025;24;10;98;0;10186;99
260;20241026;1;10;94;0;10184;99
260;20241026;2;10;91;0;10181;99
260;20241026;3;10;94;0;10178;99
260;20241026;4;10;90;0;10176;99
260;20241026;5;20;107;0;10177;100
260;20241026;6;20;115;0;10174;98
260;20241026;7;10;99;2;10175;98
260;20241026;8;20;120;20;10178;98
260;20241026;9;20;145;86;10174;90
260;20241026;10;20;165;117;10170;84
260;20241026;11;20;183;135;10164;78
260;20241026;12;20;180;74;10160;79
260;20241026;13;30;190;107;10152;76
260;20241026;14;30;187;99;10149;76
260;20241026;15;30;185;43;10149;80
260;20241026;16;20;179;19;10146;83
260;20241026;17;20;151;1;10146;94
260;20241026;18;20;137;0;10145;98
260;20241026;19;20;153;0;10146;93
260;20241026;20;20;132;0;10145;98
260;20241026;21;20;137;0;10142;95
260;20241026;22;20;140;0;10142;91
260;20241026;23;10;129;0;10143;97
260;20241026;24;10;126;0;10145;97
260;20241027;1;10;143;0;10149;96
260;20241027;2;10;139;0;10149;98
260;20241027;3;20;145;0;10151;97
260;20241027;4;30;133;0;10164;97
260;20241027;5;10;130;0;10174;96
260;20241027;6;10;126;0;10182;97
260;20241027;7;10;126;1;10190;97
260;20241027;8;10;128;17;10197;97
260;20241027;9;20;146;70;10204;87
260;20241027;10;20;152;101;10209;76
260;20241027;11;30;162;132;10216;67
260;20241027;12;30;160;122;10218;65
260;20241027;13;30;165;147;10221;66
260;20241027;14;30;153;84;10223;70
260;20241027;15;30;158;74;10225;65
260;20241027;16;20;142;24;10228;74
260;20241027;17;20;112;0;10236;90
260;20241027;18;10;102;0;10241;93
260;20241027;19;10;85;0;10243;97
260;20241027;20;10;74;0;10244;98
260;20241027;21;10;75;0;10245;98
260;20241027;22;10;69;0;10246;98
260;20241027;23;20;65;0;10243;99
260;20241027;24;20;81;0;10240;98
260;20241028;1;20;81;0;10236;97
260;20241028;2;20;87;0;10231;98
260;20241028;3;20;95;0;10229;96
260;20241028;4;30;96;0;10226;94
260;20241028;5;30;99;0;10223;93
260;20241028;6;40;104;0;10222;92
260;20241028;7;40;107;3;10222;90
260;20241028;8;40;115;24;10225;89
260;20241028;9;40;123;40;10227;88
260;20241028;10;40;126;45;10228;91
260;20241028;11;50;132;34;10227;91
260;20241028;12;50;141;70;10223;89
260;20241028;13;50;142;39;10223;88
260;20241028;14;50;144;25;10222;85
260;20241028;15;50;144;16;10221;84
260;20241028;16;40;146;9;10220;83
260;20241028;17;40;144;0;10222;83
260;20241028;18;40;142;0;10225;82
260;20241028;19;30;140;0;10230;83
260;20241028;20;40;129;0;10231;93
260;20241028;21;30;126;0;10231;97
260;20241028;22;40;125;0;10232;97
260;20241028;23;40;127;0;10234;97
260;20241028;24;40;128;0;10231;97
260;20241029;1;40;129;0;10232;97
260;20241029;2;30;131;0;10230;97
260;20241029;3;40;131;0;10230;97
260;20241029;4;40;131;0;10232;98
260;20241029;5;30;132;0;10232;97
260;20241029;6;30;133;0;10234;97
260;20241029;7;30;133;1;10236;98
260;20241029;8;30;137;8;10239;98
260;20241029;9;30;138;19;10242;96
260;20241029;10;30;138;23;10242;98
260;20241029;11;30;138;30;10242;96
260;20241029;12;30;138;24;10242;97
260;20241029;13;40;139;29;10239;95
260;20241029;14;30;137;15;10239;97
260;20241029;15;30;137;12;10239;97
260;20241029;16;30;135;7;10240;97
260;20241029;17;30;135;1;10245;97
260;20241029;18;20;133;0;10248;97
260;20241029;19;20;135;0;10249;98
260;20241029;20;20;134;0;10251;98
260;20241029;21;20;133;0;10252;98
260;20241029;22;20;130;0;10254;98
260;20241029;23;0;126;0;10258;98
260;20241029;24;10;128;0;10260;98
260;20241030;1;10;129;0;10263;98
260;20241030;2;10;127;0;10264;98
260;20241030;3;10;124;0;10265;98
260;20241030;4;10;123;0;10266;98
260;20241030;5;10;124;0;10269;98
260;20241030;6;10;122;0;10271;98
260;20241030;7;0;122;1;10277;98
260;20241030;8;0;128;12;10282;98
260;20241030;9;20;128;23;10286;97
260;20241030;10;10;134;37;10289;95
260;20241030;11;10;141;54;10288;87
260;20241030;12;10;146;61;10285;84
260;20241030;13;10;149;58;10283;79
260;20241030;14;10;145;32;10283;85
260;20241030;15;10;145;30;10284;85
260;20241030;16;10;136;3;10285;89
260;20241030;17;10;132;0;10287;93
260;20241030;18;10;129;0;10291;97
260;20241030;19;0;125;0;10292;98
260;20241030;20;0;122;0;10290;97
260;20241030;21;0;122;0;10292;97
260;20241030;22;0;120;0;10290;97
260;20241030;23;0;121;0;10290;97
260;20241030;24;0;120;0;10289;98
260;20241031;1;0;120;0;10289;98
260;20241031;2;0;119;0;10287;98
260;20241031;3;10;119;0;10283;98
260;20241031;4;10;119;0;10283;98
260;20241031;5;0;118;0;10281;98
260;20241031;6;0;118;0;10284;98
260;20241031;7;10;119;0;10283;98
260;20241031;8;10;126;7;10283;98
260;20241031;9;0;132;17;10282;93
260;20241031;10;10;137;25;10282;90
260;20241031;11;20;143;39;10280;84
260;20241031;12;20;147;59;10276;72
260;20241031;13;30;145;41;10273;73
260;20241031;14;30;144;30;10268;71
260;20241031;15;20;142;18;10264;72
260;20241031;16;20;137;5;10262;77
260;20241031;17;20;135;0;10261;77
260;20241031;18;20;125;0;10257;79
260;20241031;19;20;93;0;10256;95
260;20241031;20;10;79;0;10256;97
260;20241031;21;10;70;0;10256;99
260;20241031;22;10;65;0;10253;99
260;20241031;23;10;57;0;10250;99
260;20241031;24;10;52;0;10247;99
260;20241101;1;10;50;0;10244;99
260;20241101;2;10;65;0;10240;98
260;20241101;3;10;79;0;10237;98
260;20241101;4;20;96;0;10234;95
260;20241101;5;30;98;0;10234;97
260;20241101;6;30;95;0;10233;98
260;20241101;7;30;99;0;10238;98
260;20241101;8;30;101;4;10238;98
260;20241101;9;40;103;7;10238;98
260;20241101;10;30;107;16;10240;97
260;20241101;11;40;109;14;10238;96
260;20241101;12;30;112;16;10235;94
260;20241101;13;40;110;15;10232;94
260;20241101;14;30;113;11;10237;94
260;20241101;15;30;113;6;10238;93
260;20241101;16;30;114;3;10240;94
260;20241101;17;20;114;0;10242;94
260;20241101;18;20;115;0;10248;95
260;20241101;19;10;115;0;10256;95
260;20241101;20;10;115;0;10263;94
260;20241101;21;10;114;0;10268;94
260;20241101;22;20;113;0;10271;95
260;20241101;23;10;112;0;10275;97
260;20241101;24;10;112;0;10279;98
260;20241102;1;10;112;0;10283;98
260;20241102;2;10;108;0;10284;98
260;20241102;3;10;116;0;10288;96
260;20241102;4;30;114;0;10293;96
260;20241102;5;30;111;0;10298;96
260;20241102;6;20;105;0;10303;95
260;20241102;7;20;105;1;10311;93
260;20241102;8;20;107;14;10319;88
260;20241102;9;20;106;34;10323;85
260;20241102;10;30;123;97;10325;71
260;20241102;11;30;117;113;10322;73
260;20241102;12;30;125;112;10319;68
260;20241102;13;30;128;140;10314;64
260;20241102;14;30;123;64;10316;66
260;20241102;15;30;119;39;10315;68
260;20241102;16;30;106;11;10317;74
260;20241102;17;20;86;0;10320;83
260;20241102;18;20;66;0;10323;92
260;20241102;19;10;52;0;10324;97
260;20241102;20;10;43;0;10325;97
260;20241102;21;20;43;0;10324;97
260;20241102;22;20;43;0;10324;97
260;20241102;23;10;35;0;10323;96
260;20241102;24;10;27;0;10321;97
260;20241103;1;10;26;0;10317;98
260;20241103;2;10;16;0;10313;97
260;20241103;3;10;14;0;10309;97
260;20241103;4;10;16;0;10308;97
260;20241103;5;10;11;0;10306;97
260;20241103;6;10;8;0;10307;98
260;20241103;7;10;5;1;10308;98
260;20241103;8;10;33;24;10314;94
260;20241103;9;10;57;74;10310;91
260;20241103;10;10;86;101;10308;83
260;20241103;11;10;108;125;10304;80
260;20241103;12;10;118;132;10298;74
260;20241103;13;10;126;122;10295;70
260;20241103;14;10;133;93;10291;72
260;20241103;15;20;130;57;10291;71
260;20241103;16;10;99;16;10290;84
260;20241103;17;10;65;0;10292;94
260;20241103;18;10;46;0;10294;98
260;20241103;19;10;38;0;10295;98
260;20241103;20;10;34;0;10296;98
260;20241103;21;20;50;0;10296;98
260;20241103;22;20;52;0;10299;98
260;20241103;23;10;47;0;10297;98
260;20241103;24;10;39;0;10296;98
260;20241104;1;10;29;0;10294;98
260;20241104;2;10;18;0;10289;99
260;20241104;3;10;14;0;10288;99
260;20241104;4;10;12;0;10291;98
260;20241104;5;10;14;0;10290;99
260;20241104;6;10;6;0;10290;99
260;20241104;7;20;26;1;10292;100
260;20241104;8;20;48;21;10291;97
260;20241104;9;20;78;62;10289;90
260;20241104;10;40;101;102;10287;85
260;20241104;11;30;116;122;10283;80
260;20241104;12;40;126;129;10277;74
260;20241104;13;40;136;120;10269;70
260;20241104;14;40;133;92;10265;71
260;20241104;15;40;128;53;10262;72
260;20241104;16;30;107;17;10262;76
260;20241104;17;30;92;0;10261;81
260;20241104;18;30;81;0;10259;86
260;20241104;19;30;83;0;10255;89
260;20241104;20;40;80;0;10253;91
260;20241104;21;30;71;0;10251;95
260;20241104;22;30;67;0;10247;95
260;20241104;23;30;63;0;10244;95
260;20241104;24;20;51;0;10243;98
260;20241105;1;20;45;0;10239;98
260;20241105;2;10;28;0;10238;99
260;20241105;3;20;26;0;10235;99
260;20241105;4;10;12;0;10233;99
260;20241105;5;10;7;0;10233;99
260;20241105;6;0;3;0;10234;98
260;20241105;7;10;5;1;10233;98
260;20241105;8;10;36;22;10238;98
260;20241105;9;10;67;79;10237;87
260;20241105;10;20;82;91;10237;82
260;20241105;11;20;94;117;10236;80
260;20241105;12;20;102;124;10234;76
260;20241105;13;20;108;111;10230;77
260;20241105;14;10;112;85;10230;74
260;20241105;15;10;109;47;10233;77
260;20241105;16;10;83;8;10237;89
260;20241105;17;10;75;0;10243;92
260;20241105;18;20;59;0;10248;98
260;20241105;19;10;58;0;10249;100
260;20241105;20;10;58;0;10252;99
260;20241105;21;10;62;0;10255;100
260;20241105;22;10;64;0;10259;100
260;20241105;23;10;63;0;10263;99
260;20241105;24;10;64;0;10268;99
260;20241106;1;10;65;0;10270;98
260;20241106;2;10;66;0;10272;98
260;20241106;3;10;68;0;10275;98
260;20241106;4;10;69;0;10277;98
260;20241106;5;10;71;0;10284;98
260;20241106;6;10;72;0;10286;98
260;20241106;7;10;74;0;10290;97
260;20241106;8;20;76;13;10298;96
260;20241106;9;20;83;27;10303;92
260;20241106;10;20;86;32;10313;92
260;20241106;11;20;90;35;10314;90
260;20241106;12;20;96;47;10316;89
260;20241106;13;10;98;36;10315;87
260;20241106;14;20;98;29;10313;87
260;20241106;15;20;97;24;10312;89
260;20241106;16;20;93;5;10313;90
260;20241106;17;10;91;0;10319;92
260;20241106;18;20;88;0;10326;92
260;20241106;19;20;86;0;10328;92
260;20241106;20;10;85;0;10333;93
260;20241106;21;20;81;0;10335;95
260;20241106;22;20;79;0;10333;95
260;20241106;23;20;77;0;10333;94
260;20241106;24;20;76;0;10332;94
260;20241107;1;10;74;0;10333;94
260;20241107;2;10;73;0;10332;94
260;20241107;3;10;73;0;10331;94
260;20241107;4;20;72;0;10331;89
260;20241107;5;30;70;0;10331;89
260;20241107;6;30;68;0;10334;90
260;20241107;7;30;63;0;10336;94
260;20241107;8;30;59;3;10337;95
260;20241107;9;30;57;9;10337;96
260;20241107;10;30;55;16;10340;96
260;20241107;11;30;53;21;10337;95
260;20241107;12;30;53;23;10333;95
260;20241107;13;30;53;23;10329;95
260;20241107;14;30;53;18;10328;94
260;20241107;15;30;51;10;10327;95
260;20241107;16;30;45;3;10325;97
260;20241107;17;30;40;0;10325;98
260;20241107;18;30;36;0;10326;98
260;20241107;19;30;34;0;10327;98
260;20241107;20;30;36;0;10326;98
260;20241107;21;30;40;0;10324;98
260;20241107;22;40;43;0;10322;97
260;20241107;23;30;41;0;10321;97
260;20241107;24;40;41;0;10317;97
260;20241108;1;40;40;0;10313;97
260;20241108;2;40;42;0;10309;98
260;20241108;3;40;40;0;10301;97
260;20241108;4;30;41;0;10300;96
260;20241108;5;40;41;0;10299;96
260;20241108;6;40;41;0;10296;95
260;20241108;7;30;42;0;10296;95
260;20241108;8;40;44;3;10296;94
260;20241108;9;40;47;8;10293;92
260;20241108;10;30;50;12;10291;91
260;20241108;11;40;52;17;10286;90
260;20241108;12;30;53;18;10280;89
260;20241108;13;30;52;16;10274;87
260;20241108;14;40;50;12;10270;87
260;20241108;15;40;51;6;10266;87
260;20241108;16;30;49;2;10264;89
260;20241108;17;30;49;0;10265;88
260;20241108;18;30;50;0;10263;88
260;20241108;19;30;50;0;10261;86
260;20241108;20;30;51;0;10259;83
260;20241108;21;20;51;0;10259;85
260;20241108;22;10;52;0;10257;83
260;20241108;23;20;51;0;10256;83
260;20241108;24;20;51;0;10253;83
260;20241109;1;10;52;0;10251;86
260;20241109;2;10;52;0;10252;86
260;20241109;3;10;52;0;10251;89
260;20241109;4;10;52;0;10249;94
260;20241109;5;10;51;0;10249;95
260;20241109;6;10;53;0;10250;98
260;20241109;7;10;55;0;10252;96
260;20241109;8;10;56;2;10254;96
260;20241109;9;10;59;7;10254;94
260;20241109;10;20;63;15;10255;92
260;20241109;11;20;67;27;10255;89
260;20241109;12;20;70;22;10253;90
260;20241109;13;20;72;22;10250;91
260;20241109;14;20;76;18;10249;91
260;20241109;15;20;72;9;10251;97
260;20241109;16;10;73;2;10251;98
260;20241109;17;20;74;0;10254;97
260;20241109;18;20;75;0;10258;98
260;20241109;19;20;75;0;10259;98
260;20241109;20;20;75;0;10258;98
260;20241109;21;20;75;0;10260;98
260;20241109;22;20;75;0;10260;98
260;20241109;23;20;75;0;10261;98
260;20241109;24;20;75;0;10262;97
260;20241110;1;20;76;0;10261;98
260;20241110;2;20;77;0;10261;98
260;20241110;3;20;78;0;10261;98
260;20241110;4;20;78;0;10260;98
260;20241110;5;10;79;0;10261;98
260;20241110;6;10;78;0;10265;98
260;20241110;7;20;77;0;10269;98
260;20241110;8;20;75;5;10271;98
260;20241110;9;20;77;15;10275;98
260;20241110;10;20;84;25;10278;96
260;20241110;11;20;94;42;10276;92
260;20241110;12;20;103;40;10275;90
260;20241110;13;20;109;40;10273;84
260;20241110;14;20;110;32;10272;82
260;20241110;15;20;108;21;10275;85
260;20241110;16;30;105;4;10276;88
260;20241110;17;10;100;0;10282;91
260;20241110;18;10;100;0;10286;91
260;20241110;19;20;101;0;10289;89
260;20241110;20;20;99;0;10292;91
260;20241110;21;20;99;0;10294;92
260;20241110;22;20;97;0;10292;90
260;20241110;23;20;84;0;10288;93
260;20241110;24;20;82;0;10288;94
260;20241111;1;20;88;0;10285;89
260;20241111;2;20;90;0;10283;88
260;20241111;3;30;94;0;10277;86
260;20241111;4;30;95;0;10274;90
260;20241111;5;30;97;0;10275;97
260;20241111;6;20;100;0;10278;98
260;20241111;7;20;100;0;10281;95
260;20241111;8;20;100;15;10287;92
260;20241111;9;20;111;49;10290;84
260;20241111;10;30;124;85;10293;76
260;20241111;11;40;131;111;10294;66
260;20241111;12;40;108;88;10295;79
260;20241111;13;30;121;89;10293;73
260;20241111;14;40;123;87;10290;69
260;20241111;15;40;93;43;10288;85
260;20241111;16;30;102;8;10290;82
260;20241111;17;30;100;0;10290;84
260;20241111;18;40;101;0;10289;82
260;20241111;19;50;106;0;10289;80
260;20241111;20;50;102;0;10290;88
260;20241111;21;60;97;0;10290;94
260;20241111;22;50;98;0;10287;90
260;20241111;23;50;98;0;10289;88
260;20241111;24;50;96;0;10289;89
260;20241112;1;50;98;0;10292;88
260;20241112;2;50;98;0;10296;86
260;20241112;3;40;92;0;10300;87
260;20241112;4;40;89;0;10304;88
260;20241112;5;40;87;0;10306;89
260;20241112;6;30;86;0;10312;91
260;20241112;7;50;85;0;10317;87
260;20241112;8;40;85;4;10324;86
260;20241112;9;40;86;12;10330;86
260;20241112;10;40;95;50;10335;81
260;20241112;11;40;103;102;10333;76
260;20241112;12;40;105;116;10332;71
260;20241112;13;40;102;106;10335;75
260;20241112;14;40;102;59;10338;74
260;20241112;15;40;97;45;10336;76
260;20241112;16;30;84;7;10337;80
260;20241112;17;30;74;0;10343;83
260;20241112;18;20;64;0;10347;87
260;20241112;19;20;56;0;10350;89
260;20241112;20;10;30;0;10348;97
260;20241112;21;20;26;0;10351;97
260;20241112;22;10;39;0;10350;98
260;20241112;23;10;50;0;10348;98
260;20241112;24;10;52;0;10344;98
260;20241113;1;10;40;0;10341;98
260;20241113;2;10;46;0;10339;98
260;20241113;3;10;38;0;10335;98
260;20241113;4;0;35;0;10335;98
260;20241113;5;10;34;0;10337;98
260;20241113;6;10;31;0;10334;99
260;20241113;7;10;35;0;10339;98
260;20241113;8;10;49;9;10338;98
260;20241113;9;10;76;29;10339;98
260;20241113;10;10;93;37;10335;93
260;20241113;11;10;106;45;10328;87
260;20241113;12;10;110;41;10327;85
260;20241113;13;20;116;38;10322;83
260;20241113;14;20;119;38;10318;79
260;20241113;15;20;115;16;10316;82
260;20241113;16;10;108;3;10314;86
260;20241113;17;10;104;0;10310;86
260;20241113;18;20;105;0;10307;86
260;20241113;19;20;106;0;10306;83
260;20241113;20;20;105;0;10304;85
260;20241113;21;20;105;0;10303;86
260;20241113;22;20;104;0;10299;87
260;20241113;23;10;105;0;10297;87
260;20241113;24;20;106;0;10291;88
260;20241114;1;20;105;0;10285;89
260;20241114;2;20;105;0;10281;89
260;20241114;3;10;106;0;10280;92
260;20241114;4;20;103;0;10275;98
260;20241114;5;20;105;0;10275;98
260;20241114;6;10;107;0;10278;98
260;20241114;7;20;106;0;10279;91
260;20241114;8;30;101;12;10284;81
260;20241114;9;20;103;29;10284;77
260;20241114;10;20;107;27;10289;76
260;20241114;11;20;109;28;10290;76
260;20241114;12;20;109;38;10287;77
260;20241114;13;30;105;63;10284;82
260;20241114;14;20;112;57;10282;76
260;20241114;15;30;104;19;10284;84
260;20241114;16;20;100;4;10286;87
260;20241114;17;20;92;0;10287;96
260;20241114;18;10;88;0;10289;97
260;20241114;19;10;78;0;10291;97
260;20241114;20;10;79;0;10292;97
260;20241114;21;10;69;0;10293;98
260;20241114;22;10;72;0;10293;98
260;20241114;23;10;81;0;10292;98
260;20241114;24;10;64;0;10288;98
260;20241115;1;10;47;0;10287;99
260;20241115;2;10;48;0;10286;98
260;20241115;3;10;57;0;10284;100
260;20241115;4;10;65;0;10281;98
260;20241115;5;10;73;0;10281;98
260;20241115;6;10;77;0;10280;98
260;20241115;7;10;77;0;10279;98
260;20241115;8;10;84;4;10280;98
260;20241115;9;10;89;13;10278;97
260;20241115;10;20;93;21;10278;94
260;20241115;11;20;98;33;10276;91
260;20241115;12;20;101;30;10271;90
260;20241115;13;20;101;19;10265;89
260;20241115;14;20;101;11;10259;89
260;20241115;15;20;100;10;10256;89
260;20241115;16;30;99;2;10253;88
260;20241115;17;30;96;0;10253;89
260;20241115;18;30;93;0;10253;85
260;20241115;19;30;91;0;10251;86
260;20241115;20;30;89;0;10247;86
260;20241115;21;30;88;0;10240;85
260;20241115;22;30;87;0;10233;86
260;20241115;23;30;88;0;10230;84
260;20241115;24;30;91;0;10227;83
260;20241116;1;40;90;0;10216;81
260;20241116;2;40;88;0;10210;80
260;20241116;3;40;86;0;10204;79
260;20241116;4;40;86;0;10201;79
260;20241116;5;40;85;0;10200;80
260;20241116;6;40;79;0;10194;83
260;20241116;7;40;83;0;10193;81
260;20241116;8;40;83;5;10190;81
260;20241116;9;50;83;16;10188;80
260;20241116;10;50;84;16;10186;80
260;20241116;11;50;86;28;10179;80
260;20241116;12;50;88;28;10173;81
260;20241116;13;50;90;27;10164;81
260;20241116;14;60;90;14;10157;81
260;20241116;15;50;86;8;10154;87
260;20241116;16;40;81;2;10150;94
260;20241116;17;40;83;0;10145;95
260;20241116;18;40;82;0;10141;96
260;20241116;19;50;84;0;10137;96
260;20241116;20;50;86;0;10131;98
260;20241116;21;40;88;0;10125;97
260;20241116;22;30;91;0;10123;98
260;20241116;23;30;92;0;10117;97
260;20241116;24;30;90;0;10114;96
260;20241117;1;30;91;0;10109;97
260;20241117;2;30;91;0;10107;97
260;20241117;3;30;91;0;10101;95
260;20241117;4;30;85;0;10101;88
260;20241117;5;30;87;0;10098;84
260;20241117;6;30;82;0;10096;84
260;20241117;7;30;86;0;10098;79
260;20241117;8;50;72;2;10102;79
260;20241117;9;40;76;15;10106;85
260;20241117;10;40;80;38;10109;69
260;20241117;11;40;96;99;10109;60
260;20241117;12;60;86;98;10110;64
260;20241117;13;50;70;89;10107;79
260;20241117;14;40;84;53;10106;70
260;20241117;15;40;62;16;10107;84
260;20241117;16;20;78;4;10102;72
260;20241117;17;50;75;0;10104;67
260;20241117;18;30;68;0;10106;72
260;20241117;19;30;62;0;10099;75
260;20241117;20;30;61;0;10096;76
260;20241117;21;20;55;0;10098;86
260;20241117;22;20;52;0;10091;92
260;20241117;23;20;48;0;10085;93
260;20241117;24;30;46;0;10083;93
260;20241118;1;30;49;0;10087;95
260;20241118;2;20;47;0;10090;91
260;20241118;3;30;49;0;10088;89
260;20241118;4;20;44;0;10090;94
260;20241118;5;20;48;0;10089;92
260;20241118;6;20;44;0;10091;95
260;20241118;7;10;36;0;10097;96
260;20241118;8;10;39;4;10103;97
260;20241118;9;20;54;24;10101;86
260;20241118;10;20;63;45;10106;81
260;20241118;11;30;70;60;10105;76
260;20241118;12;30;72;58;10104;76
260;20241118;13;30;79;56;10103;74
260;20241118;14;30;73;37;10102;77
260;20241118;15;30;71;18;10103;75
260;20241118;16;20;62;2;10101;79
260;20241118;17;20;45;0;10097;86
260;20241118;18;20;44;0;10096;85
260;20241118;19;10;35;0;10089;91
260;20241118;20;10;35;0;10081;94
260;20241118;21;10;36;0;10074;97
260;20241118;22;10;42;0;10063;94
260;20241118;23;20;44;0;10048;93
260;20241118;24;20;47;0;10036;93
260;20241119;1;20;47;0;10014;96
260;20241119;2;30;50;0;9987;96
260;20241119;3;40;55;0;9961;96
260;20241119;4;40;55;0;9934;95
260;20241119;5;30;54;0;9913;98
260;20241119;6;30;53;0;9903;98
260;20241119;7;40;48;0;9903;97
260;20241119;8;50;32;1;9916;94
260;20241119;9;50;24;6;9917;94
260;20241119;10;40;27;11;9923;94
260;20241119;11;30;27;11;9921;95
260;20241119;12;30;28;10;9924;92
260;20241119;13;30;30;20;9926;93
260;20241119;14;20;36;33;9931;94
260;20241119;15;20;39;16;9936;90
260;20241119;16;20;29;2;9940;94
260;20241119;17;20;31;0;9950;94
260;20241119;18;20;14;0;9951;98
260;20241119;19;20;7;0;9956;98
260;20241119;20;20;21;0;9954;94
260;20241119;21;20;6;0;9958;97
260;20241119;22;20;28;0;9965;91
260;20241119;23;20;13;0;9970;95
260;20241119;24;20;12;0;9969;95
260;20241120;1;30;33;0;9977;85
260;20241120;2;30;27;0;9978;92
260;20241120;3;30;30;0;9977;91
260;20241120;4;40;33;0;9981;92
260;20241120;5;40;24;0;9984;90
260;20241120;6;30;33;0;9990;92
260;20241120;7;20;32;0;9992;91
260;20241120;8;30;38;0;10006;87
260;20241120;9;50;21;1;10014;93
260;20241120;10;10;29;13;10017;94
260;20241120;11;30;31;7;10017;91
260;20241120;12;50;9;5;10015;96
260;20241120;13;40;24;29;10014;95
260;20241120;14;30;40;20;10014;83
260;20241120;15;50;51;38;10014;70
260;20241120;16;40;39;8;10009;71
260;20241120;17;40;33;0;10003;74
260;20241120;18;40;11;0;10001;96
260;20241120;19;20;9;0;10004;96
260;20241120;20;10;12;0;10014;97
260;20241120;21;10;16;0;10020;95
260;20241120;22;20;31;0;10027;86
260;20241120;23;40;12;0;10037;93
260;20241120;24;20;12;0;10037;96
260;20241121;1;10;4;0;10034;96
260;20241121;2;30;15;0;10036;95
260;20241121;3;30;8;0;10027;96
260;20241121;4;20;10;0;10022;93
260;20241121;5;30;8;0;10013;85
260;20241121;6;40;20;0;10012;75
260;20241121;7;30;11;0;10010;85
260;20241121;8;50;13;3;10005;89
260;20241121;9;40;18;14;10000;86
260;20241121;10;30;27;55;9987;82
260;20241121;11;40;34;58;9979;69
260;20241121;12;40;46;83;9968;63
260;20241121;13;30;34;62;9963;83
260;20241121;14;20;35;50;9951;81
260;20241121;15;20;28;23;9944;82
260;20241121;16;10;3;3;9939;92
260;20241121;17;20;15;0;9944;87
260;20241121;18;10;-12;0;9943;97
260;20241121;19;10;-17;0;9943;97
260;20241121;20;20;-20;0;9946;96
260;20241121;21;10;-26;0;9949;96
260;20241121;22;10;-21;0;9952;97
260;20241121;23;10;-15;0;9955;92
260;20241121;24;20;7;0;9955;83
260;20241122;1;20;8;0;9960;92
260;20241122;2;20;3;0;9966;97
260;20241122;3;20;8;0;9968;95
260;20241122;4;20;2;0;9971;97
260;20241122;5;20;18;0;9972;86
260;20241122;6;30;23;0;9978;84
260;20241122;7;40;25;0;9982;85
260;20241122;8;40;29;15;9986;85
260;20241122;9;40;31;25;9987;87
260;20241122;10;50;37;32;9989;91
260;20241122;11;50;57;54;9991;71
260;20241122;12;60;61;55;9988;72
260;20241122;13;60;42;13;9998;88
260;20241122;14;40;59;17;9999;83
260;20241122;15;50;58;9;10021;77
260;20241122;16;50;41;1;10048;86
260;20241122;17;30;42;0;10070;85
260;20241122;18;20;38;0;10085;87
260;20241122;19;30;40;0;10099;85
260;20241122;20;30;37;0;10111;80
260;20241122;21;40;43;0;10127;80
260;20241122;22;30;34;0;10138;92
260;20241122;23;30;29;0;10144;92
260;20241122;24;30;25;0;10149;90
260;20241123;1;30;21;0;10153;91
260;20241123;2;40;20;0;10156;91
260;20241123;3;40;21;0;10157;89
260;20241123;4;40;22;0;10161;88
260;20241123;5;30;19;0;10159;90
260;20241123;6;30;15;0;10156;91
260;20241123;7;40;16;0;10159;92
260;20241123;8;40;22;3;10158;90
260;20241123;9;50;30;12;10156;89
260;20241123;10;50;37;17;10153;85
260;20241123;11;60;46;26;10142;80
260;20241123;12;60;50;30;10131;79
260;20241123;13;60;51;23;10114;80
260;20241123;14;60;54;16;10096;76
260;20241123;15;70;58;8;10085;70
260;20241123;16;60;61;1;10067;66
260;20241123;17;70;68;0;10056;59
260;20241123;18;80;52;0;10051;81
260;20241123;19;80;53;0;10048;90
260;20241123;20;70;62;0;10039;92
260;20241123;21;80;74;0;10033;85
260;20241123;22;60;86;0;10034;80
260;20241123;23;60;96;0;10038;81
260;20241123;24;70;93;0;10038;87
260;20241124;1;80;97;0;10037;89
260;20241124;2;80;103;0;10040;87
260;20241124;3;70;107;0;10039;83
260;20241124;4;60;109;0;10037;79
260;20241124;5;70;115;0;10036;74
260;20241124;6;60;115;0;10037;73
260;20241124;7;60;122;0;10039;71
260;20241124;8;70;124;4;10040;69
260;20241124;9;70;129;19;10044;66
260;20241124;10;80;136;31;10045;64
260;20241124;11;80;144;49;10043;62
260;20241124;12;70;162;87;10039;58
260;20241124;13;70;168;71;10038;56
260;20241124;14;70;168;36;10035;56
260;20241124;15;60;170;25;10035;55
260;20241124;16;60;166;3;10033;56
260;20241124;17;70;162;0;10032;57
260;20241124;18;70;161;0;10032;59
260;20241124;19;70;164;0;10031;60
260;20241124;20;70;163;0;10025;61
260;20241124;21;80;161;0;10019;63
260;20241124;22;80;167;0;10016;60
260;20241124;23;80;165;0;10014;61
260;20241124;24;80;161;0;10015;62
260;20241125;1;70;158;0;10011;61
260;20241125;2;70;164;0;10008;56
260;20241125;3;80;158;0;10004;60
260;20241125;4;70;157;0;9999;61
260;20241125;5;60;154;0;9995;65
260;20241125;6;60;154;0;9994;67
260;20241125;7;60;154;0;9993;67
260;20241125;8;50;161;0;9995;62
260;20241125;9;50;142;2;10003;76
260;20241125;10;40;114;4;10010;92
260;20241125;11;30;110;10;10015;94
260;20241125;12;30;105;18;10019;93
260;20241125;13;40;100;22;10019;92
260;20241125;14;40;98;12;10028;94
260;20241125;15;40;96;6;10039;92
260;20241125;16;50;97;1;10048;91
260;20241125;17;50;101;0;10054;90
260;20241125;18;50;101;0;10065;89
260;20241125;19;50;96;0;10073;91
260;20241125;20;40;91;0;10082;90
260;20241125;21;40;90;0;10088;85
260;20241125;22;40;84;0;10097;85
260;20241125;23;40;83;0;10107;84
260;20241125;24;40;78;0;10113;86
260;20241126;1;40;78;0;10119;87
260;20241126;2;40;76;0;10125;88
260;20241126;3;40;70;0;10129;90
260;20241126;4;40;69;0;10134;92
260;20241126;5;40;67;0;10138;94
260;20241126;6;40;71;0;10141;92
260;20241126;7;50;69;0;10143;93
260;20241126;8;50;74;8;10153;92
260;20241126;9;40;81;20;10158;90
260;20241126;10;50;85;51;10157;86
260;20241126;11;50;99;64;10158;79
260;20241126;12;60;95;48;10158;78
260;20241126;13;60;97;47;10161;75
260;20241126;14;50;96;44;10165;78
260;20241126;15;40;91;11;10171;81
260;20241126;16;40;84;2;10176;84
260;20241126;17;30;75;0;10180;88
260;20241126;18;30;73;0;10184;86
260;20241126;19;30;64;0;10188;87
260;20241126;20;30;60;0;10191;90
260;20241126;21;30;57;0;10194;92
260;20241126;22;20;45;0;10195;94
260;20241126;23;10;31;0;10197;97
260;20241126;24;10;34;0;10197;96
260;20241127;1;20;37;0;10194;97
260;20241127;2;20;42;0;10192;97
260;20241127;3;20;48;0;10186;96
260;20241127;4;20;54;0;10180;97
260;20241127;5;30;58;0;10172;97
260;20241127;6;30;63;0;10162;96
260;20241127;7;40;68;0;10150;95
260;20241127;8;50;70;1;10133;95
260;20241127;9;60;76;3;10121;95
260;20241127;10;60;82;7;10106;96
260;20241127;11;50;95;8;10087;94
260;20241127;12;70;107;11;10075;89
260;20241127;13;80;111;12;10062;87
260;20241127;14;80;107;5;10045;92
260;20241127;15;80;109;3;10034;93
260;20241127;16;90;95;1;10043;88
260;20241127;17;90;85;0;10057;82
260;20241127;18;80;80;0;10075;79
260;20241127;19;80;78;0;10090;80
260;20241127;20;70;76;0;10108;83
260;20241127;21;60;75;0;10122;82
260;20241127;22;50;79;0;10139;81
260;20241127;23;40;75;0;10149;83
260;20241127;24;40;73;0;10161;86
260;20241128;1;40;74;0;10171;83
260;20241128;2;40;72;0;10184;84
260;20241128;3;30;65;0;10192;87
260;20241128;4;20;60;0;10198;89
260;20241128;5;30;65;0;10206;83
260;20241128;6;30;60;0;10215;84
260;20241128;7;30;62;0;10225;82
260;20241128;8;20;60;4;10235;82
260;20241128;9;20;76;33;10244;75
260;20241128;10;30;84;54;10255;74
260;20241128;11;30;89;71;10258;74
260;20241128;12;30;92;65;10263;74
260;20241128;13;30;95;75;10267;69
260;20241128;14;30;95;47;10273;66
260;20241128;15;20;80;20;10280;70
260;20241128;16;20;73;3;10283;72
260;20241128;17;10;64;0;10288;79
260;20241128;18;20;55;0;10295;81
260;20241128;19;10;50;0;10303;87
260;20241128;20;10;45;0;10307;89
260;20241128;21;10;48;0;10311;93
260;20241128;22;10;57;0;10314;81
260;20241128;23;10;52;0;10317;87
260;20241128;24;10;44;0;10317;91
260;20241129;1;10;39;0;10317;94
260;20241129;2;10;37;0;10319;95
260;20241129;3;10;21;0;10318;97
260;20241129;4;10;6;0;10319;98
260;20241129;5;10;-2;0;10319;97
260;20241129;6;10;-5;0;10320;98
260;20241129;7;20;-9;0;10324;98
260;20241129;8;10;0;5;10328;98
260;20241129;9;20;28;34;10331;92
260;20241129;10;20;48;68;10331;84
260;20241129;11;20;65;90;10326;78
260;20241129;12;30;75;97;10318;75
260;20241129;13;40;75;80;10314;77
260;20241129;14;40;72;61;10309;77
260;20241129;15;40;64;29;10306;79
260;20241129;16;30;51;3;10307;83
260;20241129;17;30;46;0;10303;84
260;20241129;18;30;44;0;10305;83
260;20241129;19;30;39;0;10304;84
260;20241129;20;20;32;0;10303;87
260;20241129;21;30;30;0;10298;86
260;20241129;22;40;27;0;10294;87
260;20241129;23;30;22;0;10290;88
260;20241129;24;30;19;0;10290;89
260;20241130;1;30;11;0;10287;91
260;20241130;2;40;12;0;10284;90
260;20241130;3;40;10;0;10285;90
260;20241130;4;30;8;0;10284;91
260;20241130;5;40;9;0;10280;91
260;20241130;6;40;8;0;10277;90
260;20241130;7;40;8;0;10278;89
260;20241130;8;30;13;6;10281;88
260;20241130;9;30;17;17;10280;86
260;20241130;10;30;32;53;10280;83
260;20241130;11;30;50;80;10277;72
260;20241130;12;40;58;93;10270;73
260;20241130;13;40;67;86;10269;72
260;20241130;14;40;62;56;10264;73
260;20241130;15;30;64;11;10266;75
260;20241130;16;20;62;1;10266;78
260;20241130;17;20;63;0;10266;77
260;20241130;18;20;63;0;10265;78
260;20241130;19;20;60;0;10262;79
260;20241130;20;20;59;0;10260;78
260;20241130;21;20;59;0;10256;80
260;20241130;22;20;59;0;10255;80
260;20241130;23;20;60;0;10253;79
260;20241130;24;20;59;0;10249;80
260;20241201;1;20;57;0;10243;82
260;20241201;2;30;56;0;10241;82
260;20241201;3;30;55;0;10235;79
260;20241201;4;30;52;0;10231;79
260;20241201;5;30;45;0;10224;80
260;20241201;6;40;36;0;10220;80
260;20241201;7;40;19;0;10220;83
260;20241201;8;30;17;5;10216;83
260;20241201;9;40;28;33;10209;78
260;20241201;10;40;42;63;10206;73
260;20241201;11;40;52;78;10197;69
260;20241201;12;40;66;93;10185;64
260;20241201;13;50;67;80;10176;65
260;20241201;14;40;68;57;10170;64
260;20241201;15;40;62;19;10165;68
260;20241201;16;40;63;2;10159;68
260;20241201;17;40;63;0;10157;71
260;20241201;18;40;74;0;10156;72
260;20241201;19;50;68;0;10155;86
260;20241201;20;40;67;0;10154;94
260;20241201;21;40;73;0;10154;95
260;20241201;22;40;77;0;10153;95
260;20241201;23;40;80;0;10151;96
260;20241201;24;40;85;0;10143;94
260;20241202;1;40;91;0;10142;92
260;20241202;2;50;91;0;10137;94
260;20241202;3;40;94;0;10131;95
260;20241202;4;40;96;0;10126;96
260;20241202;5;40;98;0;10121;96
260;20241202;6;40;101;0;10120;97
260;20241202;7;40;105;0;10119;95
260;20241202;8;40;107;1;10119;95
260;20241202;9;40;111;9;10116;92
260;20241202;10;50;112;28;10114;93
260;20241202;11;50;113;24;10109;91
260;20241202;12;50;113;32;10106;89
260;20241202;13;50;112;17;10102;87
260;20241202;14;40;106;11;10103;91
260;20241202;15;50;103;27;10106;85
260;20241202;16;30;94;2;10108;85
260;20241202;17;30;92;0;10108;87
260;20241202;18;40;86;0;10110;88
260;20241202;19;40;80;0;10113;92
260;20241202;20;30;80;0;10113;95
260;20241202;21;30;78;0;10114;94
260;20241202;22;30;78;0;10116;95
260;20241202;23;30;79;0;10118;97
260;20241202;24;30;80;0;10119;97
260;20241203;1;40;78;0;10129;92
260;20241203;2;40;73;0;10139;86
260;20241203;3;30;70;0;10147;87
260;20241203;4;20;71;0;10152;85
260;20241203;5;30;66;0;10159;86
260;20241203;6;20;62;0;10166;87
260;20241203;7;20;55;0;10175;89
260;20241203;8;20;51;2;10182;90
260;20241203;9;20;61;23;10190;84
260;20241203;10;20;70;43;10197;77
260;20241203;11;20;70;48;10199;76
260;20241203;12;20;76;84;10198;70
260;20241203;13;30;81;61;10201;63
260;20241203;14;30;66;41;10203;71
260;20241203;15;30;64;26;10209;69
260;20241203;16;20;59;1;10211;76
260;20241203;17;10;46;0;10214;81
260;20241203;18;20;48;0;10216;82
260;20241203;19;20;45;0;10218;83
260;20241203;20;20;40;0;10224;83
260;20241203;21;20;40;0;10227;83
260;20241203;22;20;38;0;10228;86
260;20241203;23;20;27;0;10227;89
260;20241203;24;20;15;0;10231;93
260;20241204;1;10;-3;0;10230;97
260;20241204;2;20;14;0;10235;95
260;20241204;3;20;10;0;10239;96
260;20241204;4;20;18;0;10238;90
260;20241204;5;20;17;0;10237;94
260;20241204;6;20;30;0;10241;89
260;20241204;7;20;35;0;10245;90
260;20241204;8;20;39;1;10247;94
260;20241204;9;10;42;6;10251;95
260;20241204;10;10;49;26;10255;91
260;20241204;11;20;53;29;10256;91
260;20241204;12;20;54;17;10257;91
260;20241204;13;20;54;18;10258;90
260;20241204;14;20;52;7;10256;92
260;20241204;15;20;53;4;10260;92
260;20241204;16;20;45;1;10260;93
260;20241204;17;20;49;0;10260;92
260;20241204;18;20;48;0;10261;91
260;20241204;19;30;47;0;10258;90
260;20241204;20;30;41;0;10254;92
260;20241204;21;30;46;0;10253;92
260;20241204;22;30;48;0;10253;92
260;20241204;23;30;47;0;10246;92
260;20241204;24;30;48;0;10241;93
260;20241205;1;40;49;0;10233;95
260;20241205;2;50;54;0;10224;94
260;20241205;3;40;54;0;10214;92
260;20241205;4;50;53;0;10203;91
260;20241205;5;50;55;0;10194;89
260;20241205;6;60;55;0;10183;87
260;20241205;7;60;57;0;10173;85
260;20241205;8;60;57;1;10157;83
260;20241205;9;70;54;2;10149;87
260;20241205;10;60;51;5;10133;94
260;20241205;11;70;54;10;10121;95
260;20241205;12;70;58;12;10112;95
260;20241205;13;60;62;11;10102;96
260;20241205;14;60;67;6;10094;96
260;20241205;15;50;70;4;10085;95
260;20241205;16;50;72;1;10077;96
260;20241205;17;50;78;0;10067;96
260;20241205;18;50;80;0;10051;96
260;20241205;19;50;84;0;10034;96
260;20241205;20;60;93;0;10016;96
260;20241205;21;70;93;0;9991;95
260;20241205;22;80;99;0;9967;95
260;20241205;23;80;108;0;9961;94
260;20241205;24;60;111;0;9960;82
260;20241206;1;70;101;0;9973;75
260;20241206;2;70;96;0;9985;74
260;20241206;3;70;92;0;9994;73
260;20241206;4;70;84;0;10003;81
260;20241206;5;70;84;0;10012;81
260;20241206;6;70;92;0;10025;72
260;20241206;7;80;89;0;10037;75
260;20241206;8;80;93;1;10051;75
260;20241206;9;80;94;9;10067;76
260;20241206;10;80;91;16;10086;83
260;20241206;11;70;92;20;10099;79
260;20241206;12;70;93;37;10115;79
260;20241206;13;60;99;29;10126;71
260;20241206;14;60;99;23;10137;67
260;20241206;15;50;92;8;10145;77
260;20241206;16;40;90;0;10151;78
260;20241206;17;40;87;0;10155;75
260;20241206;18;30;81;0;10158;78
260;20241206;19;40;67;0;10159;81
260;20241206;20;30;60;0;10150;83
260;20241206;21;40;58;0;10143;84
260;20241206;22;30;52;0;10129;86
260;20241206;23;40;59;0;10118;85
260;20241206;24;40;60;0;10094;84
260;20241207;1;50;64;0;10076;83
260;20241207;2;50;60;0;10049;89
260;20241207;3;60;69;0;10024;85
260;20241207;4;70;71;0;10001;89
260;20241207;5;70;72;0;9981;93
260;20241207;6;70;76;0;9966;95
260;20241207;7;70;82;0;9951;95
260;20241207;8;70;91;1;9941;91
260;20241207;9;60;95;20;9930;86
260;20241207;10;70;101;49;9922;82
260;20241207;11;70;104;44;9911;76
260;20241207;12;60;98;39;9906;78
260;20241207;13;70;92;42;9896;78
260;20241207;14;60;89;25;9895;75
260;20241207;15;70;76;6;9895;84
260;20241207;16;60;71;0;9896;87
260;20241207;17;60;70;0;9896;88
260;20241207;18;60;67;0;9893;91
260;20241207;19;60;64;0;9894;94
260;20241207;20;50;65;0;9894;94
260;20241207;21;40;67;0;9898;94
260;20241207;22;30;67;0;9904;95
260;20241207;23;30;67;0;9913;95
260;20241207;24;40;68;0;9922;95
260;20241208;1;40;67;0;9937;96
260;20241208;2;40;66;0;9955;97
260;20241208;3;40;66;0;9969;96
260;20241208;4;40;65;0;9983;96
260;20241208;5;30;65;0;10000;96
260;20241208;6;40;64;0;10017;97
260;20241208;7;50;65;0;10033;95
260;20241208;8;50;64;3;10054;93
260;20241208;9;40;64;10;10069;93
260;20241208;10;40;66;16;10085;93
260;20241208;11;40;68;22;10095;92
260;20241208;12;40;71;31;10106;89
260;20241208;13;50;70;28;10116;87
260;20241208;14;50;70;25;10127;87
260;20241208;15;50;67;16;10142;85
260;20241208;16;40;67;3;10156;82
260;20241208;17;40;63;0;10168;86
260;20241208;18;60;59;0;10183;88
260;20241208;19;50;63;0;10194;88
260;20241208;20;40;66;0;10205;90
260;20241208;21;50;65;0;10213;91
260;20241208;22;50;67;0;10220;84
260;20241208;23;60;65;0;10230;78
260;20241208;24;60;58;0;10235;79
260;20241209;1;50;61;0;10240;82
260;20241209;2;40;61;0;10243;84
260;20241209;3;50;64;0;10245;82
260;20241209;4;50;64;0;10248;82
260;20241209;5;50;63;0;10251;81
260;20241209;6;50;61;0;10256;81
260;20241209;7;60;60;0;10260;79
260;20241209;8;50;60;1;10262;78
260;20241209;9;50;61;6;10266;79
260;20241209;10;50;63;11;10268;80
260;20241209;11;60;64;14;10267;80
260;20241209;12;60;66;18;10264;79
260;20241209;13;70;69;20;10266;78
260;20241209;14;70;66;9;10272;79
260;20241209;15;70;64;4;10279;81
260;20241209;16;70;63;1;10286;80
260;20241209;17;70;61;0;10289;81
260;20241209;18;60;59;0;10293;83
260;20241209;19;60;60;0;10297;82
260;20241209;20;50;60;0;10303;81
260;20241209;21;50;58;0;10307;82
260;20241209;22;50;56;0;10308;87
260;20241209;23;50;57;0;10309;83
260;20241209;24;50;57;0;10308;82
260;20241210;1;60;56;0;10308;82
260;20241210;2;50;53;0;10309;84
260;20241210;3;50;50;0;10307;89
260;20241210;4;40;48;0;10304;91
260;20241210;5;50;50;0;10305;86
260;20241210;6;40;51;0;10309;85
260;20241210;7;50;50;0;10311;86
260;20241210;8;50;50;0;10313;85
260;20241210;9;50;49;3;10314;86
260;20241210;10;50;52;8;10315;82
260;20241210;11;60;51;10;10313;83
260;20241210;12;50;52;11;10311;81
260;20241210;13;50;52;10;10308;81
260;20241210;14;50;52;7;10309;82
260;20241210;15;50;52;3;10309;82
260;20241210;16;50;51;0;10310;81
260;20241210;17;40;52;0;10312;81
260;20241210;18;40;52;0;10314;82
260;20241210;19;40;49;0;10316;81
260;20241210;20;50;48;0;10319;80
260;20241210;21;40;48;0;10320;80
260;20241210;22;40;47;0;10318;81
260;20241210;23;30;47;0;10319;80
260;20241210;24;30;46;0;10319;81
260;20241211;1;30;45;0;10314;81
260;20241211;2;40;44;0;10317;82
260;20241211;3;30;44;0;10316;81
260;20241211;4;30;43;0;10314;82
260;20241211;5;30;41;0;10314;83
260;20241211;6;30;39;0;10317;84
260;20241211;7;40;36;0;10314;86
260;20241211;8;30;36;0;10321;89
260;20241211;9;30;37;3;10326;89
260;20241211;10;40;36;4;10328;89
260;20241211;11;30;35;8;10327;89
260;20241211;12;30;36;13;10323;87
260;20241211;13;30;36;7;10321;86
260;20241211;14;20;37;7;10321;86
260;20241211;15;30;34;4;10322;84
260;20241211;16;30;30;0;10323;84
260;20241211;17;30;28;0;10327;82
260;20241211;18;30;30;0;10328;80
260;20241211;19;20;26;0;10329;83
260;20241211;20;10;25;0;10329;84
260;20241211;21;10;24;0;10332;86
260;20241211;22;10;26;0;10329;85
260;20241211;23;0;28;0;10330;87
260;20241211;24;0;28;0;10327;90
260;20241212;1;10;29;0;10324;90
260;20241212;2;10;27;0;10324;94
260;20241212;3;10;26;0;10324;95
260;20241212;4;10;26;0;10320;97
260;20241212;5;20;26;0;10322;98
260;20241212;6;20;27;0;10319;98
260;20241212;7;20;27;0;10319;98
260;20241212;8;20;28;1;10321;99
260;20241212;9;10;32;5;10324;99
260;20241212;10;10;35;12;10325;99
260;20241212;11;10;37;16;10321;99
260;20241212;12;10;40;21;10316;99
260;20241212;13;10;42;19;10315;96
260;20241212;14;10;44;10;10312;96
260;20241212;15;20;43;3;10312;92
260;20241212;16;20;40;0;10311;93
260;20241212;17;20;39;0;10312;94
260;20241212;18;20;37;0;10312;93
260;20241212;19;20;36;0;10314;96
260;20241212;20;20;36;0;10313;93
260;20241212;21;30;35;0;10311;93
260;20241212;22;30;34;0;10309;91
260;20241212;23;40;34;0;10310;91
260;20241212;24;30;32;0;10308;89
260;20241213;1;30;31;0;10303;89
260;20241213;2;30;30;0;10301;89
260;20241213;3;30;29;0;10298;90
260;20241213;4;30;27;0;10295;91
260;20241213;5;30;25;0;10292;94
260;20241213;6;40;22;0;10290;95
260;20241213;7;30;23;0;10290;95
260;20241213;8;40;21;0;10290;91
260;20241213;9;40;19;3;10291;85
260;20241213;10;40;19;7;10291;85
260;20241213;11;30;13;11;10286;84
260;20241213;12;40;9;12;10280;85
260;20241213;13;30;5;9;10272;86
260;20241213;14;30;7;6;10263;87
260;20241213;15;30;9;2;10261;88
260;20241213;16;30;11;0;10260;87
260;20241213;17;30;9;0;10257;85
260;20241213;18;20;9;0;10252;83
260;20241213;19;20;11;0;10249;82
260;20241213;20;20;13;0;10243;83
260;20241213;21;20;14;0;10238;81
260;20241213;22;30;15;0;10232;79
260;20241213;23;30;16;0;10229;78
260;20241213;24;30;18;0;10222;79
260;20241214;1;30;21;0;10210;79
260;20241214;2;30;20;0;10205;82
260;20241214;3;40;21;0;10199;84
260;20241214;4;40;18;0;10192;91
260;20241214;5;40;17;0;10190;94
260;20241214;6;40;22;0;10187;96
260;20241214;7;40;29;0;10185;93
260;20241214;8;40;30;0;10187;94
260;20241214;9;50;33;3;10184;94
260;20241214;10;50;36;13;10186;93
260;20241214;11;50;40;20;10183;94
260;20241214;12;40;46;23;10179;93
260;20241214;13;50;50;18;10175;91
260;20241214;14;50;52;12;10173;91
260;20241214;15;40;52;4;10173;93
260;20241214;16;40;57;1;10177;96
260;20241214;17;30;61;0;10187;95
260;20241214;18;20;61;0;10195;95
260;20241214;19;20;59;0;10196;94
260;20241214;20;20;58;0;10203;92
260;20241214;21;30;54;0;10206;88
260;20241214;22;20;53;0;10210;87
260;20241214;23;20;37;0;10216;90
260;20241214;24;30;38;0;10215;88
260;20241215;1;30;44;0;10218;90
260;20241215;2;30;46;0;10221;92
260;20241215;3;30;48;0;10222;91
260;20241215;4;30;55;0;10224;91
260;20241215;5;30;57;0;10223;92
260;20241215;6;30;62;0;10228;92
260;20241215;7;30;67;0;10235;91
260;20241215;8;40;65;1;10236;91
260;20241215;9;50;69;4;10243;91
260;20241215;10;50;70;8;10246;94
260;20241215;11;50;72;12;10247;94
260;20241215;12;50;78;16;10244;97
260;20241215;13;40;83;9;10246;97
260;20241215;14;40;89;7;10247;98
260;20241215;15;40;95;3;10249;97
260;20241215;16;50;99;1;10255;94
260;20241215;17;40;99;0;10258;94
260;20241215;18;40;98;0;10258;93
260;20241215;19;50;100;0;10263;93
260;20241215;20;60;102;0;10265;93
260;20241215;21;50;102;0;10265;96
260;20241215;22;40;105;0;10267;93
260;20241215;23;40;107;0;10272;91
260;20241215;24;50;109;0;10271;89
260;20241216;1;50;108;0;10272;89
260;20241216;2;50;110;0;10275;86
260;20241216;3;60;106;0;10279;89
260;20241216;4;50;104;0;10279;91
260;20241216;5;50;105;0;10280;89
260;20241216;6;50;105;0;10281;89
260;20241216;7;50;104;0;10286;88
260;20241216;8;50;105;0;10291;86
260;20241216;9;50;102;3;10298;89
260;20241216;10;50;101;7;10299;88
260;20241216;11;40;96;10;10297;93
260;20241216;12;40;97;12;10293;92
260;20241216;13;40;98;9;10286;88
260;20241216;14;50;93;8;10284;93
260;20241216;15;40;91;4;10285;92
260;20241216;16;40;95;0;10285;87
260;20241216;17;50;96;0;10286;85
260;20241216;18;40;94;0;10286;84
260;20241216;19;40;87;0;10286;86
260;20241216;20;50;87;0;10285;87
260;20241216;21;40;90;0;10286;86
260;20241216;22;40;92;0;10287;83
260;20241216;23;40;91;0;10284;83
260;20241216;24;30;88;0;10284;85
260;20241217;1;30;83;0;10279;86
260;20241217;2;40;80;0;10282;89
260;20241217;3;40;76;0;10282;93
260;20241217;4;30;74;0;10280;94
260;20241217;5;30;72;0;10279;94
260;20241217;6;40;72;0;10275;96
260;20241217;7;40;75;0;10277;98
260;20241217;8;40;74;1;10284;97
260;20241217;9;40;78;4;10287;97
260;20241217;10;40;81;13;10285;95
260;20241217;11;30;88;23;10279;91
260;20241217;12;40;89;19;10271;91
260;20241217;13;30;93;20;10264;88
260;20241217;14;40;92;13;10257;89
260;20241217;15;30;90;6;10253;91
260;20241217;16;30;89;1;10246;90
260;20241217;17;30;88;0;10237;89
260;20241217;18;30;86;0;10226;89
260;20241217;19;50;83;0;10217;84
260;20241217;20;50;81;0;10209;85
260;20241217;21;50;78;0;10198;86
260;20241217;22;50;77;0;10190;86
260;20241217;23;50;76;0;10183;84
260;20241217;24;50;73;0;10178;83
260;20241218;1;50;68;0;10168;86
260;20241218;2;50;65;0;10158;87
260;20241218;3;60;66;0;10146;86
260;20241218;4;60;72;0;10136;81
260;20241218;5;50;79;0;10126;78
260;20241218;6;50;86;0;10115;76
260;20241218;7;50;91;0;10110;77
260;20241218;8;60;95;0;10108;86
260;20241218;9;70;100;3;10102;87
260;20241218;10;70;113;11;10098;82
260;20241218;11;80;118;13;10086;81
260;20241218;12;80;126;10;10084;81
260;20241218;13;90;127;13;10081;82
260;20241218;14;90;120;9;10086;90
260;20241218;15;80;122;5;10088;90
260;20241218;16;70;124;1;10091;89
260;20241218;17;70;125;0;10094;89
260;20241218;18;50;121;0;10087;93
260;20241218;19;60;123;0;10080;92
260;20241218;20;60;118;0;10071;96
260;20241218;21;70;119;0;10059;92
260;20241218;22;60;120;0;10042;89
260;20241218;23;50;120;0;10025;87
260;20241218;24;60;116;0;10004;95
260;20241219;1;60;125;0;9985;93
260;20241219;2;70;126;0;9970;94
260;20241219;3;80;134;0;9955;85
260;20241219;4;70;119;0;9949;84
260;20241219;5;70;126;0;9938;80
260;20241219;6;70;120;0;9932;83
260;20241219;7;80;114;0;9933;89
260;20241219;8;60;84;0;9953;91
260;20241219;9;50;79;6;9965;88
260;20241219;10;40;76;10;9975;89
260;20241219;11;50;70;6;9983;88
260;20241219;12;50;63;16;9998;87
260;20241219;13;60;55;16;10012;85
260;20241219;14;50;44;6;10018;89
260;20241219;15;10;47;7;10028;89
260;20241219;16;30;57;1;10042;84
260;20241219;17;30;57;0;10051;78
260;20241219;18;30;58;0;10061;75
260;20241219;19;40;54;0;10078;84
260;20241219;20;40;52;0;10088;84
260;20241219;21;30;50;0;10102;87
260;20241219;22;30;53;0;10112;84
260;20241219;23;40;54;0;10121;80
260;20241219;24;30;56;0;10132;76
260;20241220;1;30;55;0;10140;77
260;20241220;2;20;51;0;10150;80
260;20241220;3;30;50;0;10157;79
260;20241220;4;20;47;0;10163;78
260;20241220;5;30;51;0;10168;76
260;20241220;6;40;51;0;10175;78
260;20241220;7;20;42;0;10181;83
260;20241220;8;30;53;1;10186;79
260;20241220;9;30;55;15;10190;80
260;20241220;10;30;62;48;10191;79
260;20241220;11;40;66;58;10190;73
260;20241220;12;50;72;60;10186;73
260;20241220;13;40;71;51;10183;75
260;20241220;14;50;72;33;10179;79
260;20241220;15;50;62;24;10177;83
260;20241220;16;50;59;1;10175;83
260;20241220;17;50;60;0;10172;80
260;20241220;18;50;59;0;10167;81
260;20241220;19;50;61;0;10163;83
260;20241220;20;60;62;0;10159;84
260;20241220;21;50;61;0;10156;91
260;20241220;22;60;63;0;10148;91
260;20241220;23;60;68;0;10147;91
260;20241220;24;60;71;0;10142;91
260;20241221;1;50;70;0;10140;94
260;20241221;2;60;72;0;10140;94
260;20241221;3;50;74;0;10140;94
260;20241221;4;40;75;0;10139;96
260;20241221;5;40;75;0;10136;95
260;20241221;6;40;70;0;10137;94
260;20241221;7;40;70;0;10136;94
260;20241221;8;40;71;1;10137;93
260;20241221;9;50;73;7;10132;92
260;20241221;10;50;77;11;10125;90
260;20241221;11;60;79;28;10116;87
260;20241221;12;60;82;14;10106;84
260;20241221;13;70;78;8;10093;92
260;20241221;14;70;80;8;10078;93
260;20241221;15;70;82;3;10068;95
260;20241221;16;70;88;1;10059;94
260;20241221;17;70;89;0;10048;95
260;20241221;18;60;91;0;10036;96
260;20241221;19;60;95;0;10026;95
260;20241221;20;50;100;0;10021;92
260;20241221;21;40;102;0;10020;86
260;20241221;22;50;97;0;10018;72
260;20241221;23;50;97;0;10014;75
260;20241221;24;60;92;0;10005;76
260;20241222;1;50;91;0;9997;74
260;20241222;2;60;80;0;9992;74
260;20241222;3;50;79;0;9985;76
260;20241222;4;60;69;0;9980;75
260;20241222;5;50;67;0;9973;70
260;20241222;6;40;68;0;9966;71
260;20241222;7;40;61;0;9961;73
260;20241222;8;50;60;0;9964;76
260;20241222;9;60;44;6;9971;86
260;20241222;10;60;59;30;9975;76
260;20241222;11;70;60;38;9980;70
260;20241222;12;60;57;32;9984;73
260;20241222;13;60;57;48;9988;70
260;20241222;14;50;56;31;9993;71
260;20241222;15;50;55;31;9996;70
260;20241222;16;50;49;2;10008;73
260;20241222;17;40;38;0;10010;83
260;20241222;18;30;45;0;10014;78
260;20241222;19;30;43;0;10017;77
260;20241222;20;30;43;0;10016;81
260;20241222;21;40;50;0;10014;85
260;20241222;22;50;33;0;10018;90
260;20241222;23;30;33;0;10022;94
260;20241222;24;20;41;0;10027;93
260;20241223;1;40;64;0;10042;91
260;20241223;2;60;71;0;10060;80
260;20241223;3;50;75;0;10072;76
260;20241223;4;50;71;0;10086;73
260;20241223;5;50;61;0;10097;80
260;20241223;6;50;67;0;10107;71
260;20241223;7;60;51;0;10123;86
260;20241223;8;40;58;1;10137;75
260;20241223;9;40;65;17;10144;75
260;20241223;10;40;75;43;10153;68
260;20241223;11;50;79;67;10159;70
260;20241223;12;40;84;84;10165;67
260;20241223;13;40;80;36;10168;64
260;20241223;14;40;74;32;10174;71
260;20241223;15;30;68;17;10177;74
260;20241223;16;30;60;2;10186;81
260;20241223;17;20;56;0;10193;84
260;20241223;18;20;53;0;10198;84
260;20241223;19;20;51;0;10205;91
260;20241223;20;20;50;0;10207;89
260;20241223;21;20;50;0;10214;90
260;20241223;22;20;36;0;10216;93
260;20241223;23;20;42;0;10223;93
260;20241223;24;20;34;0;10228;94
260;20241224;1;20;41;0;10229;94
260;20241224;2;20;34;0;10233;94
260;20241224;3;20;31;0;10236;94
260;20241224;4;20;37;0;10232;90
260;20241224;5;20;43;0;10238;86
260;20241224;6;30;45;0;10240;85
260;20241224;7;30;45;0;10245;93
260;20241224;8;20;44;0;10247;94
260;20241224;9;30;45;3;10251;96
260;20241224;10;40;48;10;10250;96
260;20241224;11;40;52;16;10251;97
260;20241224;12;40;55;18;10251;97
260;20241224;13;40;57;12;10250;97
260;20241224;14;40;60;11;10254;97
260;20241224;15;30;61;3;10254;97
260;20241224;16;30;63;1;10258;98
260;20241224;17;30;65;0;10265;99
260;20241224;18;20;68;0;10269;99
260;20241224;19;20;68;0;10272;99
260;20241224;20;20;72;0;10278;99
260;20241224;21;20;74;0;10282;99
260;20241224;22;20;77;0;10287;99
260;20241224;23;20;78;0;10291;99
260;20241224;24;20;80;0;10296;100
260;20241225;1;20;82;0;10300;100
260;20241225;2;20;81;0;10304;100
260;20241225;3;20;82;0;10304;100
260;20241225;4;20;85;0;10307;100
260;20241225;5;20;86;0;10309;100
260;20241225;6;20;86;0;10314;100
260;20241225;7;20;89;0;10321;99
260;20241225;8;20;89;1;10329;99
260;20241225;9;20;90;4;10334;99
260;20241225;10;20;92;11;10338;99
260;20241225;11;20;95;17;10341;98
260;20241225;12;20;95;14;10340;97
260;20241225;13;30;96;14;10338;97
260;20241225;14;20;95;10;10339;96
260;20241225;15;20;94;5;10341;96
260;20241225;16;30;90;1;10345;97
260;20241225;17;30;88;0;10349;97
260;20241225;18;30;88;0;10349;96
260;20241225;19;30;88;0;10352;97
260;20241225;20;30;87;0;10353;96
260;20241225;21;30;86;0;10354;97
260;20241225;22;30;84;0;10354;98
260;20241225;23;30;83;0;10357;98
260;20241225;24;30;82;0;10357;98
260;20241226;1;30;80;0;10358;98
260;20241226;2;20;79;0;10357;97
260;20241226;3;30;77;0;10358;97
260;20241226;4;20;75;0;10359;98
260;20241226;5;20;73;0;10357;97
260;20241226;6;20;74;0;10360;97
260;20241226;7;20;73;0;10363;99
260;20241226;8;20;70;0;10366;98
260;20241226;9;20;69;4;10371;98
260;20241226;10;20;70;10;10373;97
260;20241226;11;10;70;21;10371;96
260;20241226;12;10;72;18;10366;96
260;20241226;13;10;73;17;10365;95
260;20241226;14;20;71;13;10360;97
260;20241226;15;20;68;5;10362;98
260;20241226;16;20;64;1;10361;98
260;20241226;17;20;60;0;10361;99
260;20241226;18;20;58;0;10363;100
260;20241226;19;30;49;0;10362;100
260;20241226;20;30;47;0;10362;100
260;20241226;21;20;44;0;10362;100
260;20241226;22;20;43;0;10361;100
260;20241226;23;20;41;0;10358;100
260;20241226;24;10;40;0;10356;100
260;20241227;1;10;38;0;10353;98
260;20241227;2;20;39;0;10353;99
260;20241227;3;20;38;0;10350;99
260;20241227;4;20;35;0;10347;99
260;20241227;5;30;34;0;10348;99
260;20241227;6;20;32;0;10348;98
260;20241227;7;30;29;0;10347;98
260;20241227;8;30;26;0;10347;98
260;20241227;9;30;25;7;10347;98
260;20241227;10;30;25;18;10347;100
260;20241227;11;10;30;30;10344;95
260;20241227;12;10;29;39;10339;97
260;20241227;13;10;27;36;10331;93
260;20241227;14;10;34;27;10326;91
260;20241227;15;10;30;29;10327;95
260;20241227;16;0;14;2;10329;96
260;20241227;17;10;5;0;10325;98
260;20241227;18;10;2;0;10327;97
260;20241227;19;10;18;0;10330;99
260;20241227;20;10;21;0;10329;99
260;20241227;21;10;20;0;10326;98
260;20241227;22;10;18;0;10324;99
260;20241227;23;10;15;0;10323;98
260;20241227;24;10;13;0;10320;96
260;20241228;1;20;11;0;10318;100
260;20241228;2;10;10;0;10316;99
260;20241228;3;10;9;0;10315;98
260;20241228;4;10;8;0;10309;99
260;20241228;5;20;5;0;10305;100
260;20241228;6;20;5;0;10304;99
260;20241228;7;20;4;0;10303;100
260;20241228;8;30;1;1;10306;99
260;20241228;9;20;5;4;10308;100
260;20241228;10;20;7;11;10307;100
260;20241228;11;20;10;19;10304;99
260;20241228;12;20;14;25;10301;97
260;20241228;13;20;17;33;10292;97
260;20241228;14;20;15;21;10289;95
260;20241228;15;20;7;9;10288;97
260;20241228;16;20;4;1;10289;97
260;20241228;17;30;4;0;10287;98
260;20241228;18;20;5;0;10289;99
260;20241228;19;30;4;0;10289;98
260;20241228;20;30;8;0;10289;98
260;20241228;21;20;13;0;10290;99
260;20241228;22;20;20;0;10288;98
260;20241228;23;20;25;0;10285;95
260;20241228;24;20;27;0;10281;93
260;20241229;1;20;28;0;10280;93
260;20241229;2;20;30;0;10280;93
260;20241229;3;20;32;0;10280;95
260;20241229;4;30;34;0;10277;94
260;20241229;5;30;34;0;10277;96
260;20241229;6;30;30;0;10280;96
260;20241229;7;40;30;0;10284;97
260;20241229;8;30;29;0;10289;98
260;20241229;9;40;30;3;10290;98
260;20241229;10;40;31;6;10296;97
260;20241229;11;40;33;9;10293;97
260;20241229;12;30;37;12;10287;98
260;20241229;13;30;41;10;10283;97
260;20241229;14;40;44;10;10286;99
260;20241229;15;30;47;5;10284;97
260;20241229;16;40;47;1;10286;96
260;20241229;17;40;48;0;10288;98
260;20241229;18;40;49;0;10288;97
260;20241229;19;40;49;0;10289;97
260;20241229;20;40;48;0;10292;97
260;20241229;21;50;50;0;10292;97
260;20241229;22;40;51;0;10291;96
260;20241229;23;50;50;0;10291;96
260;20241229;24;50;47;0;10289;96
260;20241230;1;40;47;0;10286;97
260;20241230;2;40;49;0;10286;97
260;20241230;3;40;52;0;10284;97
260;20241230;4;40;57;0;10280;97
260;20241230;5;40;60;0;10279;95
260;20241230;6;30;61;0;10279;94
260;20241230;7;40;62;0;10280;94
260;20241230;8;30;66;0;10280;93
260;20241230;9;40;68;3;10280;92
260;20241230;10;50;70;8;10281;92
260;20241230;11;50;73;10;10277;90
260;20241230;12;50;76;12;10271;89
260;20241230;13;50;77;12;10269;89
260;20241230;14;50;78;8;10264;88
260;20241230;15;50;79;6;10264;87
260;20241230;16;50;80;1;10264;87
260;20241230;17;60;81;0;10264;86
260;20241230;18;50;80;0;10264;85
260;20241230;19;50;78;0;10264;86
260;20241230;20;60;76;0;10265;86
260;20241230;21;60;74;0;10271;85
260;20241230;22;50;72;0;10272;85
260;20241230;23;50;70;0;10276;86
260;20241230;24;50;66;0;10269;87
260;20241231;1;40;60;0;10264;89
260;20241231;2;50;54;0;10266;91
260;20241231;3;50;49;0;10262;92
260;20241231;4;50;43;0;10258;94
260;20241231;5;60;38;0;10257;94
260;20241231;6;60;32;0;10256;93
260;20241231;7;60;29;0;10255;93
260;20241231;8;50;25;0;10254;93
260;20241231;9;50;23;3;10256;95
260;20241231;10;50;24;7;10250;92
260;20241231;11;60;28;13;10243;91
260;20241231;12;50;34;15;10237;90
260;20241231;13;50;40;16;10227;88
260;20241231;14;60;43;13;10218;87
260;20241231;15;60;44;5;10210;88
260;20241231;16;60;45;1;10206;88
260;20241231;17;60;45;0;10201;85
260;20241231;18;60;49;0;10193;85
260;20241231;19;70;53;0;10186;85
260;20241231;20;70;62;0;10182;84
260;20241231;21;80;68;0;10182;82
260;20241231;22;80;68;0;10173;83
260;20241231;23;80;74;0;10169;83
260;20241231;24;80;80;0;10157;83
