STN;YYYYMMDD;HH;FH;T;Q;P;U
260;20230101;1;80;155;0;10065;58
260;20230101;2;90;150;0;10070;61
260;20230101;3;80;149;0;10074;60
260;20230101;4;80;139;0;10083;68
260;20230101;5;80;131;0;10092;73
260;20230101;6;70;129;0;10099;67
260;20230101;7;70;125;0;10108;64
260;20230101;8;60;116;1;10123;69
260;20230101;9;50;115;8;10131;71
260;20230101;10;50;120;34;10135;71
260;20230101;11;60;128;46;10136;72
260;20230101;12;60;123;35;10139;78
260;20230101;13;60;129;37;10140;72
260;20230101;14;50;125;22;10140;74
260;20230101;15;40;123;11;10137;76
260;20230101;16;30;122;2;10141;77
260;20230101;17;40;121;0;10135;78
260;20230101;18;40;115;0;10132;83
260;20230101;19;30;107;0;10125;93
260;20230101;20;30;106;0;10121;94
260;20230101;21;30;105;0;10112;96
260;20230101;22;40;106;0;10103;96
260;20230101;23;30;113;0;10097;91
260;20230101;24;40;114;0;10092;92
260;20230102;1;40;114;0;10086;91
260;20230102;2;40;119;0;10083;90
260;20230102;3;40;122;0;10082;89
260;20230102;4;50;127;0;10083;88
260;20230102;5;60;124;0;10084;91
260;20230102;6;60;99;0;10100;94
260;20230102;7;40;93;0;10116;93
260;20230102;8;30;89;1;10132;92
260;20230102;9;40;91;4;10144;89
260;20230102;10;40;90;16;10152;87
260;20230102;11;30;93;38;10155;87
260;20230102;12;40;97;44;10160;85
260;20230102;13;40;97;23;10165;86
260;20230102;14;40;91;11;10168;91
260;20230102;15;40;92;11;10179;89
260;20230102;16;40;89;1;10190;85
260;20230102;17;30;85;0;10200;87
260;20230102;18;30;71;0;10207;89
260;20230102;19;30;69;0;10218;87
260;20230102;20;20;57;0;10225;92
260;20230102;21;20;52;0;10231;95
260;20230102;22;20;49;0;10238;92
260;20230102;23;20;52;0;10246;88
260;20230102;24;20;45;0;10250;88
260;20230103;1;20;48;0;10254;90
260;20230103;2;10;21;0;10256;98
260;20230103;3;10;19;0;10258;98
260;20230103;4;20;31;0;10257;98
260;20230103;5;20;31;0;10259;99
260;20230103;6;20;25;0;10256;98
260;20230103;7;20;32;0;10255;97
260;20230103;8;20;39;1;10256;96
260;20230103;9;30;50;6;10258;95
260;20230103;10;40;63;11;10257;94
260;20230103;11;40;70;13;10257;94
260;20230103;12;40;76;16;10251;91
260;20230103;13;40;81;26;10248;88
260;20230103;14;40;84;28;10243;85
260;20230103;15;50;81;11;10240;84
260;20230103;16;50;80;3;10237;84
260;20230103;17;60;80;0;10233;83
260;20230103;18;60;82;0;10229;82
260;20230103;19;70;84;0;10222;81
260;20230103;20;70;84;0;10212;81
260;20230103;21;70;86;0;10205;81
260;20230103;22;70;89;0;10194;80
260;20230103;23;70;91;0;10187;82
260;20230103;24;70;88;0;10174;88
260;20230104;1;70;88;0;10160;92
260;20230104;2;80;97;0;10154;91
260;20230104;3;90;102;0;10149;92
260;20230104;4;80;111;0;10143;88
260;20230104;5;90;112;0;10136;90
260;20230104;6;80;112;0;10130;92
260;20230104;7;80;116;0;10128;90
260;20230104;8;80;115;1;10125;92
260;20230104;9;80;115;2;10127;94
260;20230104;10;70;118;7;10131;94
260;20230104;11;70;119;8;10129;95
260;20230104;12;80;127;15;10125;88
260;20230104;13;70;128;34;10123;85
260;20230104;14;80;126;29;10122;85
260;20230104;15;70;125;10;10121;83
260;20230104;16;70;123;2;10120;83
260;20230104;17;70;121;0;10124;82
260;20230104;18;70;121;0;10131;79
260;20230104;19;70;120;0;10132;80
260;20230104;20;70;121;0;10134;76
260;20230104;21;70;122;0;10139;74
260;20230104;22;80;118;0;10145;74
260;20230104;23;80;115;0;10148;76
260;20230104;24;70;111;0;10152;77
260;20230105;1;60;111;0;10155;76
260;20230105;2;60;110;0;10160;78
260;20230105;3;60;109;0;10163;79
260;20230105;4;60;109;0;10165;79
260;20230105;5;50;108;0;10167;80
260;20230105;6;50;105;0;10173;82
260;20230105;7;50;106;0;10180;81
260;20230105;8;40;104;1;10185;81
260;20230105;9;40;104;8;10194;81
260;20230105;10;40;107;21;10198;80
260;20230105;11;40;110;27;10201;78
260;20230105;12;40;116;50;10199;77
260;20230105;13;40;117;49;10198;77
260;20230105;14;40;114;26;10197;79
260;20230105;15;40;107;14;10197;86
260;20230105;16;40;99;3;10195;91
260;20230105;17;30;97;0;10191;95
260;20230105;18;30;102;0;10187;96
260;20230105;19;40;108;0;10182;94
260;20230105;20;40;110;0;10181;91
260;20230105;21;40;111;0;10179;89
260;20230105;22;50;111;0;10178;88
260;20230105;23;50;109;0;10176;88
260;20230105;24;60;110;0;10169;85
260;20230106;1;60;106;0;10167;88
260;20230106;2;50;109;0;10163;83
260;20230106;3;50;107;0;10154;82
260;20230106;4;60;108;0;10144;80
260;20230106;5;70;110;0;10139;79
260;20230106;6;70;105;0;10138;86
260;20230106;7;70;103;0;10141;91
260;20230106;8;60;102;1;10151;91
260;20230106;9;40;102;14;10161;86
260;20230106;10;40;104;51;10168;80
260;20230106;11;50;106;75;10170;73
260;20230106;12;40;107;61;10168;76
260;20230106;13;50;113;75;10168;70
260;20230106;14;50;110;60;10166;68
260;20230106;15;40;105;14;10164;70
260;20230106;16;40;98;3;10164;75
260;20230106;17;30;96;0;10162;81
260;20230106;18;30;97;0;10162;83
260;20230106;19;20;100;0;10160;87
260;20230106;20;30;106;0;10156;94
260;20230106;21;40;111;0;10154;92
260;20230106;22;50;110;0;10153;94
260;20230106;23;50;109;0;10153;94
260;20230106;24;60;110;0;10150;92
260;20230107;1;50;109;0;10144;88
260;20230107;2;40;105;0;10141;89
260;20230107;3;50;104;0;10139;89
260;20230107;4;50;99;0;10132;89
260;20230107;5;60;99;0;10128;88
260;20230107;6;50;100;0;10123;87
260;20230107;7;50;99;0;10116;86
260;20230107;8;50;102;1;10112;80
260;20230107;9;60;102;13;10109;78
260;20230107;10;60;108;18;10102;71
260;20230107;11;50;112;42;10090;70
260;20230107;12;60;117;68;10077;65
260;20230107;13;70;111;48;10065;68
260;20230107;14;60;112;44;10054;68
260;20230107;15;60;110;16;10050;68
260;20230107;16;60;108;4;10043;70
260;20230107;17;60;103;0;10042;75
260;20230107;18;60;97;0;10034;80
260;20230107;19;60;95;0;10032;81
260;20230107;20;60;101;0;10028;78
260;20230107;21;70;100;0;10025;83
260;20230107;22;60;102;0;10023;81
260;20230107;23;60;107;0;10022;79
260;20230107;24;60;84;0;10024;87
260;20230108;1;40;87;0;10017;88
260;20230108;2;40;90;0;10018;82
260;20230108;3;40;92;0;10015;83
260;20230108;4;30;90;0;10012;84
260;20230108;5;30;83;0;10009;83
260;20230108;6;30;73;0;10008;88
260;20230108;7;30;72;0;10009;88
260;20230108;8;30;66;1;10007;88
260;20230108;9;40;68;9;10002;83
260;20230108;10;50;80;47;10002;80
260;20230108;11;50;91;72;9996;78
260;20230108;12;50;96;78;9988;75
260;20230108;13;60;97;59;9980;74
260;20230108;14;50;100;61;9974;70
260;20230108;15;50;94;30;9968;70
260;20230108;16;50;86;7;9965;73
260;20230108;17;40;81;0;9962;76
260;20230108;18;40;84;0;9952;76
260;20230108;19;40;82;0;9944;78
260;20230108;20;50;84;0;9936;76
260;20230108;21;40;81;0;9930;78
260;20230108;22;40;77;0;9924;81
260;20230108;23;50;77;0;9923;85
260;20230108;24;50;73;0;9930;83
260;20230109;1;50;67;0;9931;84
260;20230109;2;40;59;0;9934;88
260;20230109;3;40;55;0;9934;90
260;20230109;4;40;50;0;9933;91
260;20230109;5;50;56;0;9932;89
260;20230109;6;40;61;0;9930;88
260;20230109;7;50;65;0;9927;88
260;20230109;8;50;67;1;9931;91
260;20230109;9;50;71;3;9943;92
260;20230109;10;50;80;17;9958;88
260;20230109;11;50;79;30;9969;82
260;20230109;12;40;75;34;9977;86
260;20230109;13;40;85;39;9982;79
260;20230109;14;40;81;28;9991;81
260;20230109;15;40;81;18;10005;79
260;20230109;16;30;77;4;10017;79
260;20230109;17;30;70;0;10029;86
260;20230109;18;30;68;0;10038;84
260;20230109;19;30;71;0;10053;83
260;20230109;20;40;73;0;10067;79
260;20230109;21;40;74;0;10079;78
260;20230109;22;30;73;0;10088;75
260;20230109;23;30;66;0;10100;77
260;20230109;24;30;65;0;10111;76
260;20230110;1;40;68;0;10120;78
260;20230110;2;40;64;0;10125;86
260;20230110;3;30;66;0;10129;85
260;20230110;4;40;72;0;10137;80
260;20230110;5;30;66;0;10142;82
260;20230110;6;30;52;0;10150;87
260;20230110;7;30;65;0;10157;87
260;20230110;8;40;57;2;10164;86
260;20230110;9;50;57;15;10164;85
260;20230110;10;40;58;23;10164;83
260;20230110;11;50;56;29;10159;82
260;20230110;12;50;62;28;10151;82
260;20230110;13;50;68;20;10141;80
260;20230110;14;60;72;17;10132;78
260;20230110;15;70;64;6;10116;88
260;20230110;16;70;63;1;10107;91
260;20230110;17;80;62;0;10094;92
260;20230110;18;80;68;0;10086;92
260;20230110;19;80;77;0;10080;91
260;20230110;20;70;83;0;10076;90
260;20230110;21;70;86;0;10068;92
260;20230110;22;70;90;0;10060;94
260;20230110;23;60;97;0;10053;95
260;20230110;24;60;104;0;10048;94
260;20230111;1;60;107;0;10047;95
260;20230111;2;70;112;0;10048;94
260;20230111;3;70;115;0;10048;94
260;20230111;4;50;112;0;10053;97
260;20230111;5;50;115;0;10059;91
260;20230111;6;50;109;0;10064;87
260;20230111;7;40;103;0;10071;84
260;20230111;8;50;99;1;10080;83
260;20230111;9;40;88;6;10091;86
260;20230111;10;40;99;39;10095;81
260;20230111;11;50;103;74;10098;78
260;20230111;12;60;101;68;10099;77
260;20230111;13;70;103;66;10100;68
260;20230111;14;60;105;59;10097;68
260;20230111;15;60;97;35;10099;74
260;20230111;16;70;95;7;10101;71
260;20230111;17;70;95;0;10100;71
260;20230111;18;70;95;0;10096;72
260;20230111;19;80;91;0;10089;79
260;20230111;20;90;86;0;10081;83
260;20230111;21;80;86;0;10082;85
260;20230111;22;70;91;0;10079;82
260;20230111;23;70;91;0;10082;82
260;20230111;24;70;91;0;10081;84
260;20230112;1;70;91;0;10074;90
260;20230112;2;70;92;0;10065;92
260;20230112;3;70;93;0;10053;90
260;20230112;4;80;89;0;10034;91
260;20230112;5;80;91;0;10021;90
260;20230112;6;100;93;0;10020;91
260;20230112;7;80;97;0;10024;94
260;20230112;8;70;110;1;10027;90
260;20230112;9;80;111;3;10033;91
260;20230112;10;80;113;6;10041;90
260;20230112;11;70;110;8;10044;94
260;20230112;12;70;110;10;10040;94
260;20230112;13;70;110;11;10035;93
260;20230112;14;70;109;7;10030;93
260;20230112;15;70;109;5;10028;93
260;20230112;16;80;109;1;10025;91
260;20230112;17;80;109;0;10026;92
260;20230112;18;80;107;0;10025;92
260;20230112;19;80;107;0;10025;91
260;20230112;20;80;105;0;10020;91
260;20230112;21;60;100;0;10021;93
260;20230112;22;70;105;0;10021;82
260;20230112;23;70;99;0;10026;82
260;20230112;24;70;94;0;10026;74
260;20230113;1;60;89;0;10022;78
260;20230113;2;70;88;0;10022;79
260;20230113;3;70;88;0;10017;74
260;20230113;4;80;87;0;10015;76
260;20230113;5;80;85;0;10017;72
260;20230113;6;70;82;0;10016;76
260;20230113;7;70;84;0;10020;73
260;20230113;8;80;87;1;10023;70
260;20230113;9;70;83;9;10029;76
260;20230113;10;70;84;13;10035;77
260;20230113;11;70;89;18;10042;74
260;20230113;12;70;94;27;10048;68
260;20230113;13;80;97;31;10055;66
260;20230113;14;80;97;27;10065;67
260;20230113;15;70;95;17;10075;68
260;20230113;16;70;92;6;10087;71
260;20230113;17;60;84;0;10097;80
260;20230113;18;70;78;0;10102;81
260;20230113;19;60;81;0;10110;79
260;20230113;20;60;81;0;10120;80
260;20230113;21;60;85;0;10125;76
260;20230113;22;50;85;0;10129;74
260;20230113;23;60;86;0;10135;72
260;20230113;24;50;86;0;10135;70
260;20230114;1;30;75;0;10137;74
260;20230114;2;40;73;0;10136;80
260;20230114;3;40;62;0;10128;85
260;20230114;4;50;59;0;10119;85
260;20230114;5;40;58;0;10109;88
260;20230114;6;50;66;0;10096;86
260;20230114;7;60;68;0;10080;85
260;20230114;8;60;65;1;10059;91
260;20230114;9;60;71;3;10039;92
260;20230114;10;70;78;5;10024;92
260;20230114;11;80;85;9;9999;92
260;20230114;12;80;95;9;9983;91
260;20230114;13;80;98;11;9968;92
260;20230114;14;90;105;8;9957;92
260;20230114;15;90;108;6;9949;93
260;20230114;16;80;110;1;9943;94
260;20230114;17;70;113;0;9945;95
260;20230114;18;60;114;0;9947;91
260;20230114;19;60;109;0;9953;88
260;20230114;20;60;77;0;9971;85
260;20230114;21;40;78;0;9972;81
260;20230114;22;40;82;0;9973;72
260;20230114;23;40;78;0;9974;71
260;20230114;24;50;78;0;9973;70
260;20230115;1;50;75;0;9973;73
260;20230115;2;50;74;0;9975;71
260;20230115;3;60;71;0;9972;70
260;20230115;4;50;66;0;9971;73
260;20230115;5;60;68;0;9970;71
260;20230115;6;60;65;0;9969;71
260;20230115;7;60;60;0;9971;67
260;20230115;8;60;60;1;9970;66
260;20230115;9;80;67;26;9970;65
260;20230115;10;80;69;38;9971;68
260;20230115;11;90;76;89;9974;67
260;20230115;12;100;71;38;9974;73
260;20230115;13;90;63;22;9973;83
260;20230115;14;70;69;27;9977;81
260;20230115;15;60;69;10;9982;82
260;20230115;16;60;66;3;9986;76
260;20230115;17;60;63;1;9987;81
260;20230115;18;70;58;0;9989;82
260;20230115;19;60;52;0;9988;82
260;20230115;20;60;47;0;9984;82
260;20230115;21;50;43;0;9978;84
260;20230115;22;40;48;0;9969;86
260;20230115;23;40;50;0;9959;84
260;20230115;24;40;47;0;9953;89
260;20230116;1;40;45;0;9941;88
260;20230116;2;40;38;0;9931;89
260;20230116;3;40;35;0;9921;90
260;20230116;4;30;31;0;9904;91
260;20230116;5;30;31;0;9885;90
260;20230116;6;40;37;0;9865;88
260;20230116;7;50;42;0;9852;89
260;20230116;8;60;38;1;9832;90
260;20230116;9;70;42;3;9816;89
260;20230116;10;60;47;7;9806;89
260;20230116;11;60;44;11;9797;90
260;20230116;12;40;49;19;9786;90
260;20230116;13;30;51;19;9775;90
260;20230116;14;30;52;17;9769;89
260;20230116;15;30;53;11;9767;90
260;20230116;16;20;51;3;9767;91
260;20230116;17;30;39;0;9771;91
260;20230116;18;30;34;0;9777;92
260;20230116;19;40;37;0;9786;90
260;20230116;20;30;36;0;9792;90
260;20230116;21;30;36;0;9800;90
260;20230116;22;40;33;0;9808;90
260;20230116;23;40;40;0;9818;87
260;20230116;24;50;35;0;9829;83
260;20230117;1;40;18;0;9837;91
260;20230117;2;20;16;0;9847;91
260;20230117;3;30;15;0;9853;90
260;20230117;4;20;11;0;9858;91
260;20230117;5;20;6;0;9857;89
260;20230117;6;30;8;0;9861;90
260;20230117;7;20;8;0;9863;86
260;20230117;8;20;11;1;9866;80
260;20230117;9;30;12;12;9870;78
260;20230117;10;20;21;37;9875;77
260;20230117;11;20;25;54;9876;78
260;20230117;12;20;38;57;9874;71
260;20230117;13;30;46;96;9872;60
260;20230117;14;30;45;74;9874;62
260;20230117;15;30;42;42;9877;62
260;20230117;16;20;23;9;9878;70
260;20230117;17;20;4;0;9881;79
260;20230117;18;20;-12;0;9889;87
260;20230117;19;20;-3;0;9895;85
260;20230117;20;20;6;0;9900;81
260;20230117;21;30;6;0;9901;80
260;20230117;22;30;-3;0;9902;85
260;20230117;23;20;-2;0;9906;82
260;20230117;24;20;-7;0;9906;84
260;20230118;1;20;-12;0;9907;86
260;20230118;2;20;-19;0;9910;90
260;20230118;3;10;-33;0;9914;92
260;20230118;4;20;-32;0;9915;93
260;20230118;5;30;-11;0;9919;88
260;20230118;6;20;-8;0;9923;85
260;20230118;7;30;-3;0;9929;85
260;20230118;8;30;1;1;9935;83
260;20230118;9;30;12;20;9941;79
260;20230118;10;40;24;59;9947;75
260;20230118;11;40;34;86;9949;73
260;20230118;12;50;39;100;9949;72
260;20230118;13;60;48;103;9950;72
260;20230118;14;60;44;56;9953;72
260;20230118;15;60;39;25;9959;76
260;20230118;16;60;37;6;9962;78
260;20230118;17;60;39;0;9966;80
260;20230118;18;60;36;0;9973;84
260;20230118;19;60;35;0;9976;84
260;20230118;20;60;34;0;9980;85
260;20230118;21;50;31;0;9982;85
260;20230118;22;50;13;0;9993;92
260;20230118;23;40;25;0;9991;92
260;20230118;24;40;32;0;9993;90
260;20230119;1;40;30;0;9993;92
260;20230119;2;40;35;0;9997;92
260;20230119;3;50;32;0;10005;88
260;20230119;4;40;21;0;10009;90
260;20230119;5;40;25;0;10011;90
260;20230119;6;30;27;0;10016;91
260;20230119;7;20;28;0;10024;88
260;20230119;8;30;24;1;10032;87
260;20230119;9;30;36;15;10041;81
260;20230119;10;30;51;49;10046;70
260;20230119;11;30;58;89;10048;61
260;20230119;12;40;60;105;10049;59
260;20230119;13;50;57;86;10050;53
260;20230119;14;40;52;63;10053;59
260;20230119;15;30;52;48;10056;54
260;20230119;16;30;38;12;10060;60
260;20230119;17;20;24;0;10066;71
260;20230119;18;20;-1;0;10070;84
260;20230119;19;30;20;0;10075;81
260;20230119;20;30;13;0;10081;88
260;20230119;21;10;9;0;10088;92
260;20230119;22;20;7;0;10093;93
260;20230119;23;30;6;0;10097;94
260;20230119;24;30;5;0;10099;93
260;20230120;1;30;6;0;10102;93
260;20230120;2;30;6;0;10107;93
260;20230120;3;30;3;0;10107;94
260;20230120;4;40;3;0;10108;95
260;20230120;5;30;4;0;10112;94
260;20230120;6;40;4;0;10115;94
260;20230120;7;30;3;0;10115;96
260;20230120;8;30;4;1;10121;96
260;20230120;9;30;7;5;10125;95
260;20230120;10;30;6;8;10130;95
260;20230120;11;30;4;7;10130;95
260;20230120;12;30;5;20;10133;95
260;20230120;13;30;6;28;10136;95
260;20230120;14;40;9;21;10141;94
260;20230120;15;30;10;15;10154;94
260;20230120;16;30;12;5;10169;92
260;20230120;17;30;13;0;10183;92
260;20230120;18;30;10;0;10200;92
260;20230120;19;30;6;0;10213;91
260;20230120;20;30;2;0;10225;91
260;20230120;21;30;-1;0;10236;89
260;20230120;22;30;-4;0;10247;87
260;20230120;23;30;-7;0;10258;89
260;20230120;24;30;-6;0;10265;88
260;20230121;1;30;-11;0;10272;90
260;20230121;2;20;-16;0;10281;91
260;20230121;3;20;-20;0;10288;92
260;20230121;4;20;-21;0;10292;92
260;20230121;5;20;-32;0;10297;94
260;20230121;6;10;-35;0;10302;96
260;20230121;7;20;-26;0;10313;98
260;20230121;8;20;-27;2;10319;98
260;20230121;9;20;-24;8;10326;99
260;20230121;10;10;-13;20;10333;95
260;20230121;11;10;-10;35;10334;94
260;20230121;12;10;-5;43;10334;93
260;20230121;13;10;0;62;10330;91
260;20230121;14;20;-1;41;10333;92
260;20230121;15;20;-4;22;10338;94
260;20230121;16;20;-8;5;10343;94
260;20230121;17;30;-5;1;10345;94
260;20230121;18;30;-4;0;10347;94
260;20230121;19;20;-10;0;10347;95
260;20230121;20;20;-14;0;10347;98
260;20230121;21;30;-11;0;10350;98
260;20230121;22;20;-12;0;10348;98
260;20230121;23;20;-16;0;10346;99
260;20230121;24;20;-22;0;10344;98
260;20230122;1;20;-17;0;10341;96
260;20230122;2;20;-16;0;10337;94
260;20230122;3;20;-14;0;10334;94
260;20230122;4;30;-13;0;10333;94
260;20230122;5;20;-11;0;10332;91
260;20230122;6;20;-5;0;10335;90
260;20230122;7;30;-1;0;10335;86
260;20230122;8;30;-1;1;10338;85
260;20230122;9;30;1;7;10340;84
260;20230122;10;30;5;31;10342;84
260;20230122;11;40;5;35;10342;83
260;20230122;12;40;8;41;10337;84
260;20230122;13;30;11;38;10336;83
260;20230122;14;40;12;31;10337;83
260;20230122;15;30;11;17;10340;84
260;20230122;16;30;11;5;10341;86
260;20230122;17;20;11;0;10343;87
260;20230122;18;20;12;0;10345;88
260;20230122;19;20;13;0;10348;89
260;20230122;20;20;14;0;10348;88
260;20230122;21;20;13;0;10351;90
260;20230122;22;20;14;0;10354;90
260;20230122;23;20;14;0;10357;90
260;20230122;24;20;14;0;10358;91
260;20230123;1;20;13;0;10356;92
260;20230123;2;20;13;0;10357;93
260;20230123;3;20;12;0;10360;94
260;20230123;4;30;13;0;10361;94
260;20230123;5;30;14;0;10363;94
260;20230123;6;20;14;0;10364;94
260;20230123;7;20;15;0;10369;94
260;20230123;8;20;16;2;10373;94
260;20230123;9;20;18;12;10377;95
260;20230123;10;20;25;29;10380;91
260;20230123;11;20;31;53;10379;88
260;20230123;12;30;37;79;10379;83
260;20230123;13;30;39;64;10380;81
260;20230123;14;30;40;40;10378;82
260;20230123;15;20;40;17;10375;83
260;20230123;16;20;35;4;10376;80
260;20230123;17;20;28;0;10380;82
260;20230123;18;20;29;0;10383;84
260;20230123;19;20;31;0;10385;81
260;20230123;20;20;29;0;10387;84
260;20230123;21;30;32;0;10389;79
260;20230123;22;30;33;0;10389;77
260;20230123;23;30;31;0;10390;78
260;20230123;24;30;31;0;10390;77
260;20230124;1;40;30;0;10387;76
260;20230124;2;30;29;0;10386;77
260;20230124;3;30;28;0;10385;77
260;20230124;4;30;26;0;10384;80
260;20230124;5;30;24;0;10387;79
260;20230124;6;30;21;0;10389;81
260;20230124;7;30;19;0;10391;82
260;20230124;8;30;18;1;10395;83
260;20230124;9;40;17;7;10399;84
260;20230124;10;30;18;11;10403;84
260;20230124;11;30;19;17;10399;84
260;20230124;12;30;19;22;10396;83
260;20230124;13;30;20;23;10389;82
260;20230124;14;30;20;21;10388;82
260;20230124;15;30;18;13;10388;81
260;20230124;16;30;16;6;10389;82
260;20230124;17;30;15;0;10388;82
260;20230124;18;20;13;0;10390;84
260;20230124;19;20;11;0;10389;83
260;20230124;20;20;9;0;10389;84
260;20230124;21;10;9;0;10390;84
260;20230124;22;10;6;0;10388;85
260;20230124;23;20;4;0;10384;85
260;20230124;24;10;3;0;10380;85
260;20230125;1;10;0;0;10375;86
260;20230125;2;10;-1;0;10374;85
260;20230125;3;10;-1;0;10369;87
260;20230125;4;20;-4;0;10363;87
260;20230125;5;20;-5;0;10360;86
260;20230125;6;20;-7;0;10359;86
260;20230125;7;10;-7;0;10359;87
260;20230125;8;10;-6;1;10355;87
260;20230125;9;20;-10;5;10352;87
260;20230125;10;20;-10;10;10349;88
260;20230125;11;20;-11;16;10340;87
260;20230125;12;20;-11;19;10325;88
260;20230125;13;20;-10;19;10313;89
260;20230125;14;30;-11;14;10307;89
260;20230125;15;20;-11;8;10305;89
260;20230125;16;20;-11;3;10301;89
260;20230125;17;20;-9;0;10293;89
260;20230125;18;30;-8;0;10281;92
260;20230125;19;30;-6;0;10274;93
260;20230125;20;30;-5;0;10268;94
260;20230125;21;30;-6;0;10265;97
260;20230125;22;30;-6;0;10262;97
260;20230125;23;30;-5;0;10256;97
260;20230125;24;30;-5;0;10251;97
260;20230126;1;30;-5;0;10247;94
260;20230126;2;30;-3;0;10245;94
260;20230126;3;20;-3;0;10245;95
260;20230126;4;10;-1;0;10245;97
260;20230126;5;10;0;0;10243;97
260;20230126;6;10;3;0;10243;97
260;20230126;7;10;4;0;10247;97
260;20230126;8;10;12;1;10251;98
260;20230126;9;20;25;9;10253;97
260;20230126;10;30;55;34;10256;91
260;20230126;11;30;67;75;10258;83
260;20230126;12;40;76;91;10255;77
260;20230126;13;50;78;77;10249;76
260;20230126;14;50;78;72;10250;76
260;20230126;15;50;72;35;10251;79
260;20230126;16;50;68;9;10253;76
260;20230126;17;50;66;0;10254;74
260;20230126;18;40;63;0;10254;76
260;20230126;19;40;62;0;10253;77
260;20230126;20;40;60;0;10255;78
260;20230126;21;40;55;0;10254;81
260;20230126;22;40;48;0;10252;86
260;20230126;23;40;53;0;10253;84
260;20230126;24;40;53;0;10254;80
260;20230127;1;50;50;0;10254;80
260;20230127;2;40;47;0;10257;81
260;20230127;3;40;41;0;10260;82
260;20230127;4;60;39;0;10264;82
260;20230127;5;50;42;0;10267;79
260;20230127;6;50;45;0;10271;74
260;20230127;7;50;42;0;10274;72
260;20230127;8;40;39;3;10279;72
260;20230127;9;30;43;29;10280;71
260;20230127;10;40;44;67;10283;73
260;20230127;11;50;43;38;10286;75
260;20230127;12;50;42;28;10283;76
260;20230127;13;40;49;35;10279;73
260;20230127;14;40;45;21;10279;74
260;20230127;15;40;42;12;10283;73
260;20230127;16;40;40;5;10286;74
260;20230127;17;30;39;0;10290;77
260;20230127;18;30;37;0;10295;75
260;20230127;19;30;36;0;10300;76
260;20230127;20;30;33;0;10302;76
260;20230127;21;30;31;0;10301;79
260;20230127;22;30;29;0;10298;79
260;20230127;23;20;26;0;10298;78
260;20230127;24;20;25;0;10299;77
260;20230128;1;20;23;0;10299;77
260;20230128;2;10;22;0;10301;77
260;20230128;3;20;22;0;10302;78
260;20230128;4;20;21;0;10302;73
260;20230128;5;20;19;0;10303;74
260;20230128;6;20;18;0;10303;73
260;20230128;7;20;17;0;10307;73
260;20230128;8;10;17;2;10310;76
260;20230128;9;10;20;7;10315;71
260;20230128;10;10;31;58;10318;68
260;20230128;11;10;37;101;10315;64
260;20230128;12;10;51;116;10306;62
260;20230128;13;10;53;101;10301;64
260;20230128;14;10;55;88;10298;60
260;20230128;15;20;49;48;10300;64
260;20230128;16;20;44;8;10305;69
260;20230128;17;10;41;1;10305;72
260;20230128;18;10;37;0;10309;76
260;20230128;19;20;35;0;10313;75
260;20230128;20;20;34;0;10310;76
260;20230128;21;20;31;0;10308;80
260;20230128;22;20;33;0;10309;80
260;20230128;23;20;32;0;10304;81
260;20230128;24;20;33;0;10300;80
260;20230129;1;30;35;0;10294;79
260;20230129;2;30;35;0;10294;79
260;20230129;3;20;34;0;10295;80
260;20230129;4;30;34;0;10288;80
260;20230129;5;30;32;0;10283;80
260;20230129;6;30;32;0;10282;78
260;20230129;7;40;32;0;10278;77
260;20230129;8;40;32;1;10275;77
260;20230129;9;40;35;7;10270;75
260;20230129;10;40;37;17;10270;75
260;20230129;11;50;41;18;10263;76
260;20230129;12;50;42;15;10257;76
260;20230129;13;50;45;14;10244;77
260;20230129;14;50;51;30;10233;76
260;20230129;15;50;51;20;10227;76
260;20230129;16;60;49;6;10223;79
260;20230129;17;50;41;0;10220;85
260;20230129;18;50;45;0;10214;81
260;20230129;19;60;46;0;10204;83
260;20230129;20;60;48;0;10199;83
260;20230129;21;60;50;0;10195;86
260;20230129;22;50;55;0;10182;88
260;20230129;23;60;61;0;10177;89
260;20230129;24;60;66;0;10170;90
260;20230130;1;50;70;0;10162;90
260;20230130;2;50;76;0;10156;87
260;20230130;3;60;72;0;10152;91
260;20230130;4;50;78;0;10150;87
260;20230130;5;50;80;0;10151;81
260;20230130;6;60;73;0;10153;78
260;20230130;7;50;67;0;10157;74
260;20230130;8;60;67;5;10163;71
260;20230130;9;60;72;24;10170;69
260;20230130;10;60;75;26;10177;70
260;20230130;11;70;78;35;10181;68
260;20230130;12;70;82;80;10181;67
260;20230130;13;70;83;79;10186;67
260;20230130;14;60;81;27;10194;67
260;20230130;15;50;80;17;10206;67
260;20230130;16;60;78;11;10213;68
260;20230130;17;40;59;1;10227;80
260;20230130;18;30;54;0;10234;83
260;20230130;19;20;49;0;10239;84
260;20230130;20;30;51;0;10242;80
260;20230130;21;30;51;0;10244;81
260;20230130;22;30;53;0;10247;80
260;20230130;23;30;47;0;10245;78
260;20230130;24;30;39;0;10242;82
260;20230131;1;30;37;0;10234;83
260;20230131;2;30;38;0;10235;85
260;20230131;3;40;50;0;10231;86
260;20230131;4;40;50;0;10227;87
260;20230131;5;40;52;0;10222;88
260;20230131;6;50;53;0;10218;89
260;20230131;7;50;54;0;10213;88
260;20230131;8;50;55;2;10207;89
260;20230131;9;50;60;13;10203;87
260;20230131;10;60;63;25;10201;87
260;20230131;11;50;70;27;10198;87
260;20230131;12;50;78;13;10195;85
260;20230131;13;50;86;27;10190;81
260;20230131;14;60;91;38;10193;79
260;20230131;15;70;92;47;10198;76
260;20230131;16;60;91;11;10203;74
260;20230131;17;60;80;2;10206;67
260;20230131;18;40;74;0;10208;70
260;20230131;19;40;71;0;10209;72
260;20230131;20;40;68;0;10206;68
260;20230131;21;40;64;0;10204;66
260;20230131;22;30;55;0;10200;75
260;20230131;23;30;48;0;10200;75
260;20230131;24;40;57;0;10193;73
260;20230201;1;50;69;0;10191;69
260;20230201;2;50;69;0;10188;69
260;20230201;3;60;73;0;10182;69
260;20230201;4;60;69;0;10182;71
260;20230201;5;60;68;0;10180;71
260;20230201;6;60;67;0;10181;72
260;20230201;7;60;66;0;10184;73
260;20230201;8;60;67;4;10185;74
260;20230201;9;70;74;29;10184;71
260;20230201;10;70;77;49;10183;71
260;20230201;11;80;77;21;10181;71
260;20230201;12;80;81;41;10179;71
260;20230201;13;80;83;38;10176;70
260;20230201;14;80;83;23;10178;72
260;20230201;15;70;84;16;10177;72
260;20230201;16;70;85;7;10182;72
260;20230201;17;70;88;1;10186;72
260;20230201;18;60;87;0;10189;73
260;20230201;19;70;88;0;10191;73
260;20230201;20;70;88;0;10193;74
260;20230201;21;60;88;0;10198;75
260;20230201;22;60;87;0;10203;77
260;20230201;23;60;78;0;10205;88
260;20230201;24;50;79;0;10206;84
260;20230202;1;40;71;0;10210;86
260;20230202;2;30;68;0;10210;94
260;20230202;3;40;79;0;10206;83
260;20230202;4;50;81;0;10210;82
260;20230202;5;50;83;0;10210;80
260;20230202;6;60;82;0;10212;82
260;20230202;7;50;80;0;10218;85
260;20230202;8;50;81;3;10222;83
260;20230202;9;50;83;17;10228;81
260;20230202;10;50;83;45;10233;83
260;20230202;11;40;86;33;10238;81
260;20230202;12;50;89;32;10237;80
260;20230202;13;40;84;15;10235;85
260;20230202;14;50;80;21;10236;93
260;20230202;15;40;79;13;10240;94
260;20230202;16;50;81;5;10241;93
260;20230202;17;40;82;2;10247;91
260;20230202;18;40;85;0;10248;88
260;20230202;19;40;85;0;10245;88
260;20230202;20;40;82;0;10245;89
260;20230202;21;40;86;0;10248;87
260;20230202;22;50;93;0;10248;83
260;20230202;23;50;91;0;10239;83
260;20230202;24;50;92;0;10242;82
260;20230203;1;60;91;0;10243;82
260;20230203;2;60;92;0;10239;80
260;20230203;3;50;94;0;10236;78
260;20230203;4;50;95;0;10238;78
260;20230203;5;60;97;0;10237;76
260;20230203;6;60;97;0;10237;76
260;20230203;7;60;97;0;10239;77
260;20230203;8;70;96;2;10243;79
260;20230203;9;60;98;16;10247;79
260;20230203;10;60;103;37;10254;78
260;20230203;11;60;104;32;10259;78
260;20230203;12;70;105;39;10259;78
260;20230203;13;60;94;17;10266;88
260;20230203;14;50;97;20;10269;83
260;20230203;15;50;95;21;10274;79
260;20230203;16;40;91;14;10277;81
260;20230203;17;40;88;3;10286;84
260;20230203;18;40;86;0;10293;78
260;20230203;19;30;86;0;10302;76
260;20230203;20;30;86;0;10307;80
260;20230203;21;30;85;0;10310;74
260;20230203;22;30;84;0;10314;72
260;20230203;23;30;80;0;10321;79
260;20230203;24;20;75;0;10324;83
260;20230204;1;20;67;0;10329;89
260;20230204;2;20;67;0;10335;94
260;20230204;3;20;66;0;10338;93
260;20230204;4;20;54;0;10340;96
260;20230204;5;10;46;0;10341;98
260;20230204;6;10;58;0;10346;96
260;20230204;7;10;56;0;10353;98
260;20230204;8;0;57;5;10358;96
260;20230204;9;0;68;24;10365;95
260;20230204;10;10;81;49;10367;84
260;20230204;11;10;91;69;10369;78
260;20230204;12;10;96;68;10368;75
260;20230204;13;20;96;76;10369;71
260;20230204;14;10;96;48;10366;70
260;20230204;15;20;83;33;10368;80
260;20230204;16;10;83;10;10370;83
260;20230204;17;10;76;2;10373;90
260;20230204;18;0;72;0;10377;94
260;20230204;19;10;72;0;10378;92
260;20230204;20;10;70;0;10376;92
260;20230204;21;10;70;0;10375;92
260;20230204;22;10;72;0;10375;92
260;20230204;23;20;76;0;10373;93
260;20230204;24;20;78;0;10367;93
260;20230205;1;20;75;0;10363;94
260;20230205;2;20;76;0;10364;92
260;20230205;3;20;75;0;10357;84
260;20230205;4;30;74;0;10358;86
260;20230205;5;30;72;0;10357;93
260;20230205;6;50;65;0;10368;84
260;20230205;7;50;63;0;10375;83
260;20230205;8;50;65;3;10386;79
260;20230205;9;60;72;22;10390;76
260;20230205;10;70;76;43;10391;73
260;20230205;11;80;79;69;10397;71
260;20230205;12;80;81;78;10396;68
260;20230205;13;80;81;78;10399;65
260;20230205;14;80;79;60;10404;69
260;20230205;15;70;77;35;10406;70
260;20230205;16;60;73;17;10413;72
260;20230205;17;50;68;3;10419;76
260;20230205;18;40;64;0;10426;78
260;20230205;19;40;61;0;10427;80
260;20230205;20;30;50;0;10432;85
260;20230205;21;20;44;0;10435;89
260;20230205;22;10;31;0;10436;93
260;20230205;23;20;30;0;10437;94
260;20230205;24;20;32;0;10436;95
260;20230206;1;20;30;0;10434;95
260;20230206;2;20;30;0;10433;96
260;20230206;3;10;20;0;10429;96
260;20230206;4;10;6;0;10431;95
260;20230206;5;20;-1;0;10429;97
260;20230206;6;10;-4;0;10433;98
260;20230206;7;10;2;0;10432;96
260;20230206;8;10;10;5;10425;96
260;20230206;9;10;38;24;10421;98
260;20230206;10;10;51;55;10424;94
260;20230206;11;20;72;107;10422;80
260;20230206;12;20;81;109;10418;72
260;20230206;13;20;79;91;10412;68
260;20230206;14;30;76;111;10408;65
260;20230206;15;30;80;75;10408;67
260;20230206;16;20;69;21;10408;70
260;20230206;17;10;66;3;10410;71
260;20230206;18;10;51;0;10408;82
260;20230206;19;10;25;0;10405;89
260;20230206;20;10;7;0;10404;94
260;20230206;21;10;-3;0;10401;96
260;20230206;22;10;-11;0;10402;97
260;20230206;23;10;-15;0;10401;98
260;20230206;24;10;-18;0;10401;98
260;20230207;1;0;-21;0;10401;97
260;20230207;2;20;-23;0;10400;94
260;20230207;3;10;-21;0;10402;95
260;20230207;4;20;-26;0;10400;96
260;20230207;5;20;-35;0;10400;98
260;20230207;6;20;-23;0;10400;96
260;20230207;7;20;-28;0;10402;94
260;20230207;8;20;-11;12;10404;96
260;20230207;9;20;4;60;10406;87
260;20230207;10;20;16;113;10405;81
260;20230207;11;20;26;131;10408;74
260;20230207;12;20;37;138;10403;70
260;20230207;13;10;49;134;10401;65
260;20230207;14;10;53;115;10396;58
260;20230207;15;20;56;82;10395;57
260;20230207;16;20;45;40;10396;60
260;20230207;17;20;28;5;10398;69
260;20230207;18;10;-1;0;10399;83
260;20230207;19;10;-17;0;10399;89
260;20230207;20;20;-22;0;10398;92
260;20230207;21;10;-32;0;10396;95
260;20230207;22;10;-36;0;10395;96
260;20230207;23;10;-39;0;10393;93
260;20230207;24;10;-44;0;10395;93
260;20230208;1;10;-47;0;10391;97
260;20230208;2;10;-48;0;10389;93
260;20230208;3;10;-48;0;10386;92
260;20230208;4;20;-48;0;10386;89
260;20230208;5;10;-52;0;10384;93
260;20230208;6;10;-52;0;10382;90
260;20230208;7;20;-50;0;10383;91
260;20230208;8;20;-20;12;10381;81
260;20230208;9;30;0;53;10379;72
260;20230208;10;30;16;95;10379;66
260;20230208;11;20;30;123;10381;61
260;20230208;12;20;44;137;10375;52
260;20230208;13;30;56;132;10365;49
260;20230208;14;30;62;118;10358;43
260;20230208;15;30;66;81;10350;42
260;20230208;16;20;62;43;10343;46
260;20230208;17;20;37;7;10340;49
260;20230208;18;20;7;0;10335;64
260;20230208;19;30;27;0;10332;50
260;20230208;20;30;20;0;10331;53
260;20230208;21;20;-1;0;10329;64
260;20230208;22;20;-23;0;10324;78
260;20230208;23;20;-19;0;10320;74
260;20230208;24;20;-2;0;10317;64
260;20230209;1;20;-12;0;10317;69
260;20230209;2;20;-8;0;10313;68
260;20230209;3;30;-11;0;10309;68
260;20230209;4;20;-9;0;10304;67
260;20230209;5;20;-12;0;10304;67
260;20230209;6;30;-3;0;10307;62
260;20230209;7;40;-5;0;10312;64
260;20230209;8;30;-1;10;10310;63
260;20230209;9;30;7;40;10311;62
260;20230209;10;30;20;75;10316;60
260;20230209;11;30;30;83;10318;65
260;20230209;12;30;41;94;10317;67
260;20230209;13;30;50;94;10313;69
260;20230209;14;30;51;45;10314;73
260;20230209;15;30;51;14;10318;76
260;20230209;16;30;49;6;10323;81
260;20230209;17;30;49;2;10330;85
260;20230209;18;20;46;0;10335;86
260;20230209;19;30;37;0;10341;91
260;20230209;20;20;24;0;10345;94
260;20230209;21;20;21;0;10349;95
260;20230209;22;20;-1;0;10352;98
260;20230209;23;20;-1;0;10352;98
260;20230209;24;20;7;0;10353;97
260;20230210;1;20;-5;0;10353;93
260;20230210;2;20;-23;0;10356;94
260;20230210;3;10;-26;0;10358;98
260;20230210;4;10;-29;0;10358;96
260;20230210;5;20;-16;0;10358;96
260;20230210;6;20;-18;0;10358;95
260;20230210;7;10;-16;0;10362;97
260;20230210;8;20;2;9;10367;94
260;20230210;9;30;18;43;10367;90
260;20230210;10;30;35;88;10369;84
260;20230210;11;30;53;121;10367;76
260;20230210;12;40;66;130;10363;71
260;20230210;13;40;74;131;10361;67
260;20230210;14;50;75;95;10352;71
260;20230210;15;50;75;72;10349;74
260;20230210;16;50;69;13;10350;76
260;20230210;17;50;69;2;10346;80
260;20230210;18;40;68;0;10346;80
260;20230210;19;50;69;0;10342;80
260;20230210;20;50;69;0;10344;80
260;20230210;21;50;67;0;10342;81
260;20230210;22;40;66;0;10343;83
260;20230210;23;40;67;0;10341;83
260;20230210;24;40;66;0;10339;85
260;20230211;1;40;65;0;10336;86
260;20230211;2;40;62;0;10333;86
260;20230211;3;30;56;0;10333;89
260;20230211;4;30;55;0;10328;91
260;20230211;5;40;60;0;10330;91
260;20230211;6;40;61;0;10330;92
260;20230211;7;30;60;0;10332;93
260;20230211;8;30;65;5;10336;92
260;20230211;9;30;70;22;10340;91
260;20230211;10;30;75;39;10345;90
260;20230211;11;30;89;50;10350;84
260;20230211;12;30;100;76;10352;79
260;20230211;13;40;101;67;10351;76
260;20230211;14;40;101;69;10350;75
260;20230211;15;30;99;52;10351;75
260;20230211;16;30;93;25;10354;79
260;20230211;17;30;86;5;10357;80
260;20230211;18;20;83;0;10363;81
260;20230211;19;20;81;0;10367;82
260;20230211;20;20;80;0;10370;82
260;20230211;21;10;80;0;10377;83
260;20230211;22;10;76;0;10381;85
260;20230211;23;10;76;0;10382;85
260;20230211;24;10;74;0;10384;86
260;20230212;1;10;71;0;10382;88
260;20230212;2;10;65;0;10382;90
260;20230212;3;10;62;0;10380;93
260;20230212;4;10;62;0;10381;91
260;20230212;5;10;65;0;10384;89
260;20230212;6;10;69;0;10385;84
260;20230212;7;10;65;0;10386;87
260;20230212;8;10;66;4;10392;89
260;20230212;9;10;70;9;10396;85
260;20230212;10;10;75;18;10397;82
260;20230212;11;20;77;26;10396;82
260;20230212;12;20;79;30;10394;80
260;20230212;13;20;82;32;10391;76
260;20230212;14;20;82;27;10386;73
260;20230212;15;20;83;20;10383;73
260;20230212;16;20;80;8;10383;72
260;20230212;17;20;78;2;10382;71
260;20230212;18;10;72;0;10386;78
260;20230212;19;10;69;0;10385;80
260;20230212;20;10;69;0;10384;79
260;20230212;21;10;71;0;10382;76
260;20230212;22;10;66;0;10383;81
260;20230212;23;10;67;0;10381;79
260;20230212;24;10;68;0;10377;78
260;20230213;1;10;68;0;10375;80
260;20230213;2;20;67;0;10372;79
260;20230213;3;20;67;0;10370;80
260;20230213;4;20;66;0;10370;80
260;20230213;5;20;64;0;10368;82
260;20230213;6;20;66;0;10367;83
260;20230213;7;20;66;0;10368;85
260;20230213;8;20;65;14;10371;84
260;20230213;9;20;77;52;10373;81
260;20230213;10;30;89;86;10372;79
260;20230213;11;30;94;129;10370;76
260;20230213;12;30;102;139;10365;73
260;20230213;13;30;107;138;10361;69
260;20230213;14;30;114;123;10354;69
260;20230213;15;30;114;90;10352;68
260;20230213;16;30;108;47;10349;69
260;20230213;17;20;82;8;10349;80
260;20230213;18;10;54;0;10350;90
260;20230213;19;20;53;0;10348;95
260;20230213;20;10;36;0;10349;93
260;20230213;21;10;22;0;10352;97
260;20230213;22;10;11;0;10352;94
260;20230213;23;10;6;0;10349;99
260;20230213;24;10;1;0;10348;98
260;20230214;1;10;-3;0;10345;98
260;20230214;2;20;-7;0;10342;98
260;20230214;3;20;-5;0;10341;98
260;20230214;4;20;-5;0;10339;98
260;20230214;5;20;10;0;10338;99
260;20230214;6;20;11;0;10339;99
260;20230214;7;20;8;0;10339;98
260;20230214;8;20;13;13;10341;98
260;20230214;9;20;34;55;10341;97
260;20230214;10;20;62;98;10337;86
260;20230214;11;20;89;130;10335;79
260;20230214;12;20;104;144;10329;68
260;20230214;13;20;110;143;10321;65
260;20230214;14;20;117;124;10314;64
260;20230214;15;20;119;90;10312;65
260;20230214;16;20;110;46;10310;66
260;20230214;17;20;76;9;10308;78
260;20230214;18;10;48;0;10310;88
260;20230214;19;10;36;0;10306;92
260;20230214;20;10;20;0;10305;96
260;20230214;21;10;10;0;10300;95
260;20230214;22;10;5;0;10296;97
260;20230214;23;10;3;0;10293;97
260;20230214;24;10;-1;0;10291;98
260;20230215;1;10;-6;0;10288;96
260;20230215;2;10;-2;0;10282;98
260;20230215;3;10;-7;0;10276;99
260;20230215;4;10;-1;0;10272;99
260;20230215;5;20;7;0;10268;98
260;20230215;6;20;11;0;10268;96
260;20230215;7;20;7;1;10267;97
260;20230215;8;20;13;18;10263;94
260;20230215;9;20;31;59;10260;88
260;20230215;10;20;49;85;10258;83
260;20230215;11;20;79;129;10258;72
260;20230215;12;30;93;120;10247;67
260;20230215;13;30;108;142;10244;64
260;20230215;14;30;109;87;10240;64
260;20230215;15;30;109;57;10238;63
260;20230215;16;40;102;31;10236;66
260;20230215;17;30;92;9;10234;70
260;20230215;18;20;84;0;10237;74
260;20230215;19;20;58;0;10239;83
260;20230215;20;20;74;0;10236;74
260;20230215;21;30;75;0;10236;72
260;20230215;22;40;73;0;10235;72
260;20230215;23;30;61;0;10235;77
260;20230215;24;30;60;0;10234;79
260;20230216;1;40;59;0;10232;79
260;20230216;2;30;52;0;10229;82
260;20230216;3;30;63;0;10224;77
260;20230216;4;30;65;0;10224;76
260;20230216;5;20;56;0;10223;84
260;20230216;6;20;62;0;10219;81
260;20230216;7;30;66;0;10221;80
260;20230216;8;30;69;4;10225;80
260;20230216;9;30;73;7;10229;80
260;20230216;10;40;69;14;10229;91
260;20230216;11;40;78;48;10226;90
260;20230216;12;40;88;68;10222;88
260;20230216;13;40;98;107;10213;84
260;20230216;14;40;108;79;10205;77
260;20230216;15;50;110;36;10202;75
260;20230216;16;50;93;10;10202;92
260;20230216;17;50;93;2;10196;93
260;20230216;18;50;93;0;10194;95
260;20230216;19;50;95;0;10194;96
260;20230216;20;50;97;0;10194;96
260;20230216;21;50;99;0;10190;96
260;20230216;22;50;101;0;10188;93
260;20230216;23;50;100;0;10189;92
260;20230216;24;50;100;0;10187;91
260;20230217;1;60;96;0;10185;92
260;20230217;2;60;89;0;10185;95
260;20230217;3;60;91;0;10178;91
260;20230217;4;60;94;0;10171;92
260;20230217;5;60;97;0;10170;91
260;20230217;6;60;97;0;10169;94
260;20230217;7;70;100;0;10164;93
260;20230217;8;70;107;4;10166;89
260;20230217;9;80;109;9;10171;86
260;20230217;10;80;111;28;10170;85
260;20230217;11;80;112;33;10175;86
260;20230217;12;80;109;27;10182;86
260;20230217;13;80;111;17;10187;85
260;20230217;14;70;116;44;10186;81
260;20230217;15;80;118;57;10190;81
260;20230217;16;70;116;39;10196;82
260;20230217;17;60;111;11;10203;84
260;20230217;18;60;109;0;10214;86
260;20230217;19;40;108;0;10220;88
260;20230217;20;40;106;0;10224;86
260;20230217;21;40;105;0;10225;87
260;20230217;22;40;100;0;10224;90
260;20230217;23;30;95;0;10221;92
260;20230217;24;40;98;0;10216;91
260;20230218;1;40;90;0;10213;96
260;20230218;2;40;87;0;10208;98
260;20230218;3;40;92;0;10193;98
260;20230218;4;50;97;0;10183;97
260;20230218;5;60;98;0;10176;95
260;20230218;6;60;99;0;10172;94
260;20230218;7;60;99;0;10173;94
260;20230218;8;60;99;6;10172;88
260;20230218;9;60;97;11;10175;86
260;20230218;10;70;104;18;10178;81
260;20230218;11;70;107;32;10180;81
260;20230218;12;70;111;45;10181;81
260;20230218;13;70;118;62;10181;78
260;20230218;14;60;120;43;10182;79
260;20230218;15;50;122;56;10184;79
260;20230218;16;60;113;17;10184;82
260;20230218;17;50;108;5;10184;84
260;20230218;18;50;104;0;10185;87
260;20230218;19;30;100;0;10184;91
260;20230218;20;40;100;0;10181;93
260;20230218;21;40;97;0;10176;96
260;20230218;22;50;99;0;10171;93
260;20230218;23;50;101;0;10172;91
260;20230218;24;50;98;0;10170;93
260;20230219;1;40;99;0;10173;91
260;20230219;2;40;98;0;10177;89
260;20230219;3;40;96;0;10179;90
260;20230219;4;50;93;0;10184;91
260;20230219;5;50;94;0;10193;90
260;20230219;6;50;94;0;10197;86
260;20230219;7;40;89;0;10205;90
260;20230219;8;40;86;6;10215;93
260;20230219;9;40;88;18;10221;92
260;20230219;10;40;92;39;10232;88
260;20230219;11;40;90;53;10239;90
260;20230219;12;20;80;37;10240;92
260;20230219;13;20;79;42;10246;91
260;20230219;14;30;69;17;10254;93
260;20230219;15;20;71;26;10251;89
260;20230219;16;20;67;13;10255;88
260;20230219;17;20;70;3;10259;82
260;20230219;18;30;68;0;10264;80
260;20230219;19;30;62;0;10262;86
260;20230219;20;30;56;0;10261;88
260;20230219;21;30;53;0;10261;89
260;20230219;22;30;54;0;10258;90
260;20230219;23;30;54;0;10253;89
260;20230219;24;40;63;0;10248;86
260;20230220;1;40;63;0;10241;86
260;20230220;2;50;63;0;10232;89
260;20230220;3;50;68;0;10228;91
260;20230220;4;50;72;0;10223;91
260;20230220;5;60;75;0;10222;90
260;20230220;6;50;78;0;10221;87
260;20230220;7;60;78;0;10222;87
260;20230220;8;60;80;7;10223;88
260;20230220;9;60;83;23;10222;87
260;20230220;10;60;87;22;10223;86
260;20230220;11;60;89;28;10219;85
260;20230220;12;60;90;30;10218;84
260;20230220;13;60;91;23;10216;84
260;20230220;14;60;91;30;10212;84
260;20230220;15;60;88;18;10206;85
260;20230220;16;60;89;11;10205;84
260;20230220;17;50;88;5;10207;84
260;20230220;18;50;85;0;10206;86
260;20230220;19;60;82;0;10207;88
260;20230220;20;60;82;0;10204;90
260;20230220;21;60;83;0;10203;90
260;20230220;22;60;82;0;10199;90
260;20230220;23;50;82;0;10201;92
260;20230220;24;50;82;0;10202;92
260;20230221;1;50;81;0;10201;93
260;20230221;2;40;82;0;10197;93
260;20230221;3;40;81;0;10196;94
260;20230221;4;30;82;0;10194;94
260;20230221;5;30;80;0;10192;95
260;20230221;6;30;80;0;10194;96
260;20230221;7;20;80;0;10195;96
260;20230221;8;30;82;4;10196;95
260;20230221;9;30;81;9;10196;95
260;20230221;10;30;83;19;10192;96
260;20230221;11;30;86;25;10192;96
260;20230221;12;30;85;23;10189;96
260;20230221;13;30;85;21;10185;93
260;20230221;14;30;87;21;10181;92
260;20230221;15;30;84;12;10179;92
260;20230221;16;20;82;7;10176;89
260;20230221;17;30;78;3;10175;88
260;20230221;18;20;75;0;10174;90
260;20230221;19;20;73;0;10172;93
260;20230221;20;20;74;0;10170;90
260;20230221;21;20;73;0;10168;92
260;20230221;22;20;70;0;10164;89
260;20230221;23;20;66;0;10157;89
260;20230221;24;20;60;0;10153;89
260;20230222;1;30;59;0;10149;90
260;20230222;2;30;57;0;10145;88
260;20230222;3;30;51;0;10139;90
260;20230222;4;30;48;0;10134;92
260;20230222;5;30;44;0;10128;96
260;20230222;6;30;44;0;10123;98
260;20230222;7;30;45;0;10119;99
260;20230222;8;30;46;8;10122;98
260;20230222;9;30;52;21;10119;97
260;20230222;10;30;64;48;10113;94
260;20230222;11;30;74;56;10113;86
260;20230222;12;30;82;61;10108;84
260;20230222;13;20;91;69;10105;80
260;20230222;14;20;93;46;10105;79
260;20230222;15;30;94;30;10107;79
260;20230222;16;30;92;23;10110;80
260;20230222;17;30;89;8;10113;83
260;20230222;18;30;88;0;10117;86
260;20230222;19;30;83;0;10117;90
260;20230222;20;20;81;0;10121;90
260;20230222;21;20;79;0;10124;90
260;20230222;22;10;77;0;10124;92
260;20230222;23;10;75;0;10124;96
260;20230222;24;10;74;0;10128;95
260;20230223;1;10;72;0;10127;95
260;20230223;2;10;71;0;10127;97
260;20230223;3;10;72;0;10128;95
260;20230223;4;10;69;0;10129;98
260;20230223;5;10;72;0;10132;96
260;20230223;6;10;71;0;10135;96
260;20230223;7;10;69;0;10140;96
260;20230223;8;10;73;7;10148;96
260;20230223;9;20;76;19;10153;93
260;20230223;10;20;81;32;10156;90
260;20230223;11;20;86;37;10159;85
260;20230223;12;30;80;31;10160;86
260;20230223;13;30;87;40;10160;81
260;20230223;14;30;89;49;10160;83
260;20230223;15;20;85;26;10160;87
260;20230223;16;40;69;16;10167;90
260;20230223;17;40;66;6;10170;91
260;20230223;18;40;62;0;10174;83
260;20230223;19;30;60;0;10177;80
260;20230223;20;30;54;0;10174;84
260;20230223;21;20;42;0;10172;85
260;20230223;22;20;27;0;10171;86
260;20230223;23;20;14;0;10168;90
260;20230223;24;10;-1;0;10162;95
260;20230224;1;10;-10;0;10155;97
260;20230224;2;10;-14;0;10144;98
260;20230224;3;20;3;0;10136;89
260;20230224;4;20;11;0;10129;85
260;20230224;5;30;27;0;10120;76
260;20230224;6;30;33;0;10108;72
260;20230224;7;30;39;0;10101;73
260;20230224;8;40;43;10;10095;77
260;20230224;9;40;46;22;10089;82
260;20230224;10;50;49;31;10080;90
260;20230224;11;40;55;23;10073;94
260;20230224;12;40;66;33;10066;93
260;20230224;13;30;77;44;10060;80
260;20230224;14;40;79;69;10054;82
260;20230224;15;50;75;74;10054;78
260;20230224;16;50;71;40;10053;77
260;20230224;17;40;60;10;10056;81
260;20230224;18;40;56;0;10062;84
260;20230224;19;40;53;0;10066;73
260;20230224;20;30;51;0;10067;75
260;20230224;21;40;50;0;10073;75
260;20230224;22;30;40;0;10074;82
260;20230224;23;30;44;0;10076;76
260;20230224;24;40;49;0;10079;73
260;20230225;1;40;40;0;10081;78
260;20230225;2;30;42;0;10084;81
260;20230225;3;30;42;0;10082;81
260;20230225;4;30;41;0;10085;77
260;20230225;5;30;45;0;10089;71
260;20230225;6;30;38;0;10088;78
260;20230225;7;30;36;1;10094;78
260;20230225;8;30;45;13;10102;75
260;20230225;9;40;47;39;10104;80
260;20230225;10;40;29;53;10116;85
260;20230225;11;30;59;112;10120;73
260;20230225;12;60;66;155;10124;63
260;20230225;13;60;66;126;10127;53
260;20230225;14;70;65;142;10133;44
260;20230225;15;60;67;120;10138;48
260;20230225;16;60;57;65;10147;48
260;20230225;17;50;48;23;10155;54
260;20230225;18;40;35;1;10162;59
260;20230225;19;20;21;0;10169;67
260;20230225;20;20;-1;0;10173;79
260;20230225;21;10;-10;0;10177;85
260;20230225;22;20;-6;0;10183;84
260;20230225;23;20;-18;0;10186;90
260;20230225;24;20;-14;0;10190;95
260;20230226;1;30;20;0;10199;66
260;20230226;2;30;14;0;10204;65
260;20230226;3;30;8;0;10209;62
260;20230226;4;30;6;0;10214;61
260;20230226;5;20;-2;0;10221;63
260;20230226;6;20;-14;0;10231;70
260;20230226;7;20;-4;3;10239;65
260;20230226;8;30;12;39;10246;62
260;20230226;9;50;25;92;10255;57
260;20230226;10;50;38;138;10259;48
260;20230226;11;60;47;163;10265;50
260;20230226;12;70;48;179;10266;48
260;20230226;13;70;56;186;10264;48
260;20230226;14;60;59;152;10262;48
260;20230226;15;60;63;109;10263;46
260;20230226;16;50;58;73;10265;47
260;20230226;17;50;47;25;10271;52
260;20230226;18;50;37;1;10279;57
260;20230226;19;30;28;0;10282;63
260;20230226;20;20;20;0;10286;69
260;20230226;21;20;14;0;10289;72
260;20230226;22;20;14;0;10292;73
260;20230226;23;20;9;0;10294;75
260;20230226;24;20;-12;0;10296;87
260;20230227;1;20;-21;0;10295;89
260;20230227;2;10;-27;0;10295;92
260;20230227;3;20;-33;0;10295;93
260;20230227;4;20;-13;0;10294;86
260;20230227;5;20;-34;0;10298;92
260;20230227;6;10;-42;0;10302;93
260;20230227;7;20;-34;4;10307;91
260;20230227;8;20;12;40;10309;78
260;20230227;9;30;33;91;10314;70
260;20230227;10;30;47;137;10315;61
260;20230227;11;40;48;149;10315;55
260;20230227;12;50;51;114;10308;51
260;20230227;13;60;60;156;10305;49
260;20230227;14;60;65;114;10303;51
260;20230227;15;60;67;110;10302;50
260;20230227;16;60;63;63;10303;52
260;20230227;17;60;54;30;10304;57
260;20230227;18;30;42;1;10308;65
260;20230227;19;30;29;0;10312;71
260;20230227;20;20;20;0;10314;75
260;20230227;21;20;11;0;10314;80
260;20230227;22;30;15;0;10316;80
260;20230227;23;20;-12;0;10317;90
260;20230227;24;20;5;0;10319;87
260;20230228;1;20;16;0;10318;84
260;20230228;2;20;19;0;10316;84
260;20230228;3;20;23;0;10314;83
260;20230228;4;20;21;0;10314;86
260;20230228;5;20;21;0;10318;75
260;20230228;6;30;9;0;10319;85
260;20230228;7;10;3;2;10320;94
260;20230228;8;10;10;9;10321;92
260;20230228;9;10;21;27;10323;84
260;20230228;10;20;34;53;10324;64
260;20230228;11;30;44;127;10321;46
260;20230228;12;40;59;187;10316;44
260;20230228;13;40;65;186;10311;43
260;20230228;14;50;61;163;10307;40
260;20230228;15;40;66;122;10303;40
260;20230228;16;40;61;77;10303;40
260;20230228;17;30;50;29;10307;43
260;20230228;18;30;36;1;10313;53
260;20230228;19;20;26;0;10315;61
260;20230228;20;20;2;0;10317;75
260;20230228;21;10;-18;0;10319;86
260;20230228;22;10;-26;0;10320;89
260;20230228;23;20;-25;0;10321;92
260;20230228;24;10;-36;0;10322;93
260;20230301;1;10;-42;0;10320;94
260;20230301;2;10;-46;0;10314;94
260;20230301;3;10;-47;0;10310;95
260;20230301;4;10;-46;0;10306;93
260;20230301;5;10;-53;0;10305;93
260;20230301;6;10;-56;0;10298;93
260;20230301;7;10;-46;5;10300;93
260;20230301;8;10;0;45;10301;83
260;20230301;9;20;26;96;10299;68
260;20230301;10;30;47;142;10293;55
260;20230301;11;40;57;171;10288;48
260;20230301;12;40;64;184;10281;46
260;20230301;13;50;69;188;10276;42
260;20230301;14;50;71;166;10268;40
260;20230301;15;50;75;124;10262;41
260;20230301;16;40;71;79;10257;40
260;20230301;17;40;59;30;10257;45
260;20230301;18;30;44;1;10257;51
260;20230301;19;30;36;0;10260;54
260;20230301;20;30;28;0;10259;58
260;20230301;21;30;20;0;10258;65
260;20230301;22;30;17;0;10259;67
260;20230301;23;30;16;0;10260;75
260;20230301;24;40;15;0;10256;87
260;20230302;1;50;9;0;10255;92
260;20230302;2;30;9;0;10254;91
260;20230302;3;30;4;0;10250;93
260;20230302;4;30;2;0;10249;93
260;20230302;5;20;-4;0;10249;94
260;20230302;6;30;-3;0;10249;94
260;20230302;7;30;-4;5;10253;92
260;20230302;8;30;7;49;10251;87
260;20230302;9;40;26;105;10250;78
260;20230302;10;40;40;141;10251;75
260;20230302;11;50;58;175;10248;70
260;20230302;12;40;70;186;10243;65
260;20230302;13;40;80;187;10239;62
260;20230302;14;50;83;164;10235;61
260;20230302;15;50;86;124;10230;60
260;20230302;16;50;78;79;10230;65
260;20230302;17;50;66;30;10235;69
260;20230302;18;40;56;1;10240;71
260;20230302;19;30;46;0;10246;77
260;20230302;20;30;39;0;10249;80
260;20230302;21;40;32;0;10249;87
260;20230302;22;30;24;0;10250;90
260;20230302;23;30;18;0;10251;89
260;20230302;24;20;12;0;10251;88
260;20230303;1;20;11;0;10254;90
260;20230303;2;40;6;0;10255;93
260;20230303;3;30;1;0;10256;94
260;20230303;4;30;4;0;10256;94
260;20230303;5;30;7;0;10258;95
260;20230303;6;30;10;0;10258;98
260;20230303;7;30;14;3;10263;98
260;20230303;8;20;19;15;10268;97
260;20230303;9;30;27;38;10272;93
260;20230303;10;20;43;79;10273;86
260;20230303;11;30;63;149;10273;77
260;20230303;12;30;72;137;10270;67
260;20230303;13;30;74;107;10266;59
260;20230303;14;30;72;72;10265;59
260;20230303;15;40;66;60;10263;60
260;20230303;16;30;66;40;10259;61
260;20230303;17;30;63;19;10259;63
260;20230303;18;20;62;2;10263;67
260;20230303;19;30;58;0;10267;68
260;20230303;20;30;58;0;10268;70
260;20230303;21;20;56;0;10269;72
260;20230303;22;20;58;0;10268;72
260;20230303;23;30;58;0;10269;73
260;20230303;24;40;58;0;10268;71
260;20230304;1;30;57;0;10269;73
260;20230304;2;30;57;0;10264;71
260;20230304;3;30;56;0;10259;70
260;20230304;4;30;54;0;10257;73
260;20230304;5;30;53;0;10258;77
260;20230304;6;20;51;0;10258;80
260;20230304;7;20;51;3;10259;83
260;20230304;8;20;56;23;10262;82
260;20230304;9;30;67;54;10262;78
260;20230304;10;30;71;45;10260;80
260;20230304;11;30;68;71;10260;88
260;20230304;12;40;69;76;10255;87
260;20230304;13;40;70;73;10251;82
260;20230304;14;40;74;66;10246;74
260;20230304;15;40;69;34;10243;72
260;20230304;16;40;66;25;10240;73
260;20230304;17;30;64;10;10238;70
260;20230304;18;30;60;1;10242;71
260;20230304;19;30;57;0;10241;72
260;20230304;20;20;49;0;10239;78
260;20230304;21;20;45;0;10239;82
260;20230304;22;10;40;0;10236;82
260;20230304;23;20;40;0;10233;82
260;20230304;24;10;38;0;10227;83
260;20230305;1;10;38;0;10221;84
260;20230305;2;10;25;0;10214;89
260;20230305;3;20;34;0;10206;84
260;20230305;4;10;31;0;10199;86
260;20230305;5;20;31;0;10194;87
260;20230305;6;20;31;0;10189;89
260;20230305;7;10;27;6;10188;90
260;20230305;8;20;32;15;10186;89
260;20230305;9;20;42;54;10181;83
260;20230305;10;20;51;76;10179;79
260;20230305;11;20;55;95;10173;73
260;20230305;12;20;59;79;10165;68
260;20230305;13;20;60;69;10154;68
260;20230305;14;20;60;58;10146;68
260;20230305;15;20;53;29;10138;79
260;20230305;16;20;57;51;10131;64
260;20230305;17;30;49;6;10125;69
260;20230305;18;20;42;1;10122;76
260;20230305;19;20;39;0;10118;78
260;20230305;20;20;36;0;10112;81
260;20230305;21;20;33;0;10107;80
260;20230305;22;10;31;0;10102;83
260;20230305;23;20;26;0;10094;86
260;20230305;24;20;18;0;10089;89
260;20230306;1;20;18;0;10080;90
260;20230306;2;20;16;0;10077;90
260;20230306;3;20;15;0;10070;92
260;20230306;4;20;21;0;10064;88
260;20230306;5;20;22;0;10060;92
260;20230306;6;20;23;0;10058;92
260;20230306;7;20;24;7;10060;88
260;20230306;8;20;29;32;10061;89
260;20230306;9;20;41;76;10062;80
260;20230306;10;20;54;145;10061;61
260;20230306;11;20;59;120;10059;66
260;20230306;12;30;58;100;10054;69
260;20230306;13;30;63;108;10047;70
260;20230306;14;40;67;58;10038;61
260;20230306;15;50;62;43;10032;59
260;20230306;16;60;54;26;10027;64
260;20230306;17;60;43;10;10021;79
260;20230306;18;60;40;0;10016;80
260;20230306;19;70;34;0;10007;85
260;20230306;20;50;35;0;9998;91
260;20230306;21;50;44;0;9987;92
260;20230306;22;50;50;0;9984;91
260;20230306;23;40;48;0;9979;87
260;20230306;24;40;48;0;9979;90
260;20230307;1;40;49;0;9977;86
260;20230307;2;40;44;0;9974;86
260;20230307;3;30;45;0;9970;87
260;20230307;4;30;45;0;9966;85
260;20230307;5;30;39;0;9963;87
260;20230307;6;40;21;0;9966;86
260;20230307;7;30;9;2;9969;93
260;20230307;8;10;10;12;9970;95
260;20230307;9;20;17;27;9970;93
260;20230307;10;20;26;52;9970;92
260;20230307;11;30;27;50;9973;88
260;20230307;12;30;30;51;9974;88
260;20230307;13;20;18;41;9975;93
260;20230307;14;30;20;53;9978;91
260;20230307;15;20;23;49;9979;88
260;20230307;16;30;25;37;9980;87
260;20230307;17;30;28;14;9983;86
260;20230307;18;30;25;3;9991;83
260;20230307;19;20;6;0;9995;92
260;20230307;20;20;8;0;9999;88
260;20230307;21;20;-1;0;10000;92
260;20230307;22;20;0;0;10003;91
260;20230307;23;20;-5;0;10004;90
260;20230307;24;20;-7;0;10004;92
260;20230308;1;20;-15;0;10001;91
260;20230308;2;10;-23;0;9993;96
260;20230308;3;20;-22;0;9986;95
260;20230308;4;10;-17;0;9983;94
260;20230308;5;20;-15;0;9974;96
260;20230308;6;20;-13;0;9963;98
260;20230308;7;20;-12;3;9961;97
260;20230308;8;20;-6;13;9955;95
260;20230308;9;30;2;25;9952;96
260;20230308;10;30;9;41;9944;93
260;20230308;11;40;18;87;9941;87
260;20230308;12;50;24;80;9936;82
260;20230308;13;50;26;67;9932;77
260;20230308;14;40;28;46;9932;81
260;20230308;15;40;20;30;9931;91
260;20230308;16;30;19;20;9930;88
260;20230308;17;40;15;8;9927;90
260;20230308;18;30;12;2;9929;93
260;20230308;19;20;10;0;9924;94
260;20230308;20;40;12;0;9922;91
260;20230308;21;40;7;0;9922;93
260;20230308;22;30;6;0;9916;94
260;20230308;23;30;5;0;9918;94
260;20230308;24;30;3;0;9916;94
260;20230309;1;40;5;0;9922;93
260;20230309;2;30;5;0;9927;92
260;20230309;3;30;5;0;9932;93
260;20230309;4;30;5;0;9939;92
260;20230309;5;30;5;0;9948;91
260;20230309;6;20;5;0;9951;92
260;20230309;7;20;7;5;9963;90
260;20230309;8;20;12;19;9971;90
260;20230309;9;20;16;32;9977;89
260;20230309;10;20;20;33;9983;88
260;20230309;11;20;23;38;9982;87
260;20230309;12;20;23;35;9983;89
260;20230309;13;20;20;37;9977;91
260;20230309;14;30;17;30;9973;94
260;20230309;15;30;21;25;9966;93
260;20230309;16;40;21;16;9957;93
260;20230309;17;40;20;4;9948;94
260;20230309;18;40;19;1;9941;94
260;20230309;19;50;18;0;9933;94
260;20230309;20;50;19;0;9920;94
260;20230309;21;50;20;0;9907;94
260;20230309;22;40;22;0;9896;95
260;20230309;23;40;23;0;9884;94
260;20230309;24;30;23;0;9878;96
260;20230310;1;30;23;0;9876;95
260;20230310;2;20;22;0;9871;95
260;20230310;3;20;22;0;9865;96
260;20230310;4;30;22;0;9864;96
260;20230310;5;30;21;0;9861;95
260;20230310;6;30;21;0;9861;95
260;20230310;7;40;21;2;9862;95
260;20230310;8;30;23;8;9866;95
260;20230310;9;30;25;14;9869;95
260;20230310;10;40;24;13;9872;94
260;20230310;11;40;24;22;9877;93
260;20230310;12;50;26;24;9876;93
260;20230310;13;60;23;39;9878;91
260;20230310;14;60;16;23;9902;91
260;20230310;15;80;4;16;9935;92
260;20230310;16;80;1;10;9962;97
260;20230310;17;60;3;12;9984;98
260;20230310;18;50;9;3;10003;95
260;20230310;19;50;7;0;10018;92
260;20230310;20;40;11;0;10031;87
260;20230310;21;30;16;0;10042;83
260;20230310;22;20;13;0;10054;86
260;20230310;23;20;12;0;10060;73
260;20230310;24;20;11;0;10067;68
260;20230311;1;20;1;0;10073;70
260;20230311;2;20;-16;0;10077;83
260;20230311;3;20;-23;0;10079;88
260;20230311;4;20;-26;0;10085;89
260;20230311;5;20;-33;0;10090;94
260;20230311;6;10;-41;0;10094;95
260;20230311;7;10;-20;14;10099;86
260;20230311;8;10;25;65;10106;67
260;20230311;9;10;38;115;10111;55
260;20230311;10;20;48;151;10113;53
260;20230311;11;20;53;151;10114;56
260;20230311;12;20;57;211;10116;51
260;20230311;13;30;62;209;10115;45
260;20230311;14;30;62;181;10115;42
260;20230311;15;30;71;144;10116;33
260;20230311;16;30;64;84;10115;38
260;20230311;17;20;57;41;10116;42
260;20230311;18;10;24;3;10118;71
260;20230311;19;0;9;0;10121;82
260;20230311;20;10;-1;0;10120;88
260;20230311;21;10;-4;0;10120;90
260;20230311;22;10;-4;0;10118;89
260;20230311;23;20;-5;0;10115;90
260;20230311;24;20;14;0;10110;73
260;20230312;1;20;17;0;10106;72
260;20230312;2;30;20;0;10102;73
260;20230312;3;30;23;0;10093;71
260;20230312;4;30;25;0;10087;73
260;20230312;5;40;26;0;10075;79
260;20230312;6;40;27;0;10073;81
260;20230312;7;40;25;4;10068;94
260;20230312;8;40;32;8;10069;95
260;20230312;9;40;45;15;10069;96
260;20230312;10;40;66;40;10070;96
260;20230312;11;40;84;48;10070;94
260;20230312;12;50;89;39;10069;94
260;20230312;13;40;101;68;10065;84
260;20230312;14;50;114;90;10065;77
260;20230312;15;60;109;108;10070;72
260;20230312;16;60;107;39;10067;72
260;20230312;17;50;102;18;10065;77
260;20230312;18;60;98;3;10067;78
260;20230312;19;70;98;0;10066;79
260;20230312;20;60;99;0;10061;79
260;20230312;21;40;97;0;10052;81
260;20230312;22;40;94;0;10040;82
260;20230312;23;40;92;0;10030;87
260;20230312;24;50;93;0;10012;87
260;20230313;1;50;93;0;9996;94
260;20230313;2;60;100;0;9982;94
260;20230313;3;70;112;0;9972;93
260;20230313;4;80;120;0;9967;92
260;20230313;5;80;127;0;9961;87
260;20230313;6;90;130;0;9956;80
260;20230313;7;80;130;3;9957;80
260;20230313;8;80;123;8;9959;89
260;20230313;9;80;128;25;9952;85
260;20230313;10;90;145;114;9942;73
260;20230313;11;110;158;193;9938;64
260;20230313;12;110;160;160;9934;60
260;20230313;13;100;162;127;9930;56
260;20230313;14;110;156;162;9926;53
260;20230313;15;90;157;143;9919;55
260;20230313;16;90;151;98;9913;56
260;20230313;17;70;133;43;9908;61
260;20230313;18;40;119;5;9908;69
260;20230313;19;30;112;0;9901;73
260;20230313;20;30;102;0;9898;78
260;20230313;21;30;103;0;9894;78
260;20230313;22;40;114;0;9886;72
260;20230313;23;40;115;0;9883;72
260;20230313;24;50;105;0;9883;81
260;20230314;1;60;102;0;9882;79
260;20230314;2;60;97;0;9881;84
260;20230314;3;60;96;0;9876;84
260;20230314;4;60;99;0;9873;81
260;20230314;5;60;96;0;9872;85
260;20230314;6;60;93;1;9870;90
260;20230314;7;50;75;3;9887;93
260;20230314;8;40;70;11;9911;92
260;20230314;9;60;58;44;9940;84
260;20230314;10;60;59;64;9963;82
260;20230314;11;50;54;70;9987;76
260;20230314;12;50;75;162;10004;47
260;20230314;13;60;79;205;10018;49
260;20230314;14;60;80;217;10032;47
260;20230314;15;50;66;78;10048;52
260;20230314;16;50;64;61;10060;49
260;20230314;17;40;61;29;10071;50
260;20230314;18;40;53;9;10082;57
260;20230314;19;30;44;0;10089;58
260;20230314;20;20;37;0;10091;63
260;20230314;21;40;38;0;10097;74
260;20230314;22;40;44;0;10098;70
260;20230314;23;40;26;0;10111;89
260;20230314;24;30;22;0;10113;93
260;20230315;1;20;15;0;10117;93
260;20230315;2;20;20;0;10123;91
260;20230315;3;20;22;0;10130;90
260;20230315;4;20;7;0;10139;94
260;20230315;5;20;6;0;10147;96
260;20230315;6;20;17;1;10156;90
260;20230315;7;10;22;23;10165;87
260;20230315;8;10;43;71;10174;74
260;20230315;9;10;54;128;10180;70
260;20230315;10;20;66;186;10181;60
260;20230315;11;30;71;195;10186;57
260;20230315;12;30;81;222;10186;51
260;20230315;13;30;83;208;10187;47
260;20230315;14;30;84;176;10188;44
260;20230315;15;30;83;126;10187;48
260;20230315;16;30;79;72;10183;48
260;20230315;17;30;72;33;10184;48
260;20230315;18;20;61;4;10186;56
260;20230315;19;20;54;0;10187;60
260;20230315;20;20;52;0;10184;63
260;20230315;21;20;47;0;10184;68
260;20230315;22;30;51;0;10179;65
260;20230315;23;40;46;0;10178;69
260;20230315;24;30;45;0;10175;71
260;20230316;1;30;45;0;10168;74
260;20230316;2;30;46;0;10160;77
260;20230316;3;30;50;0;10157;77
260;20230316;4;30;48;0;10152;82
260;20230316;5;40;49;0;10147;82
260;20230316;6;40;47;1;10145;84
260;20230316;7;40;51;7;10142;83
260;20230316;8;50;54;18;10140;82
260;20230316;9;50;64;38;10138;77
260;20230316;10;60;80;69;10135;71
260;20230316;11;60;95;144;10129;61
260;20230316;12;60;111;112;10122;54
260;20230316;13;70;127;153;10114;48
260;20230316;14;70;135;161;10108;44
260;20230316;15;70;135;147;10102;42
260;20230316;16;60;136;106;10095;41
260;20230316;17;50;131;50;10092;44
260;20230316;18;40;111;6;10091;50
260;20230316;19;40;102;0;10090;57
260;20230316;20;40;97;0;10085;60
260;20230316;21;40;91;0;10083;62
260;20230316;22;40;84;0;10079;65
260;20230316;23;50;85;0;10077;65
260;20230316;24;40;80;0;10075;67
260;20230317;1;40;75;0;10074;69
260;20230317;2;40;73;0;10069;69
260;20230317;3;40;75;0;10067;68
260;20230317;4;40;76;0;10068;67
260;20230317;5;30;76;0;10070;68
260;20230317;6;30;77;1;10067;66
260;20230317;7;30;76;20;10068;69
260;20230317;8;30;86;51;10068;67
260;20230317;9;30;109;113;10068;62
260;20230317;10;40;127;141;10070;56
260;20230317;11;40;139;139;10074;56
260;20230317;12;30;149;122;10071;55
260;20230317;13;30;150;119;10066;58
260;20230317;14;30;151;87;10064;59
260;20230317;15;20;159;107;10060;57
260;20230317;16;20;154;65;10057;58
260;20230317;17;10;151;24;10059;59
260;20230317;18;10;132;3;10059;73
260;20230317;19;10;123;0;10059;79
260;20230317;20;20;137;0;10061;67
260;20230317;21;20;138;0;10067;65
260;20230317;22;20;134;0;10070;68
260;20230317;23;30;125;0;10073;73
260;20230317;24;20;99;0;10075;84
260;20230318;1;20;102;0;10076;86
260;20230318;2;10;95;0;10077;89
260;20230318;3;20;97;0;10078;88
260;20230318;4;20;108;0;10082;82
260;20230318;5;20;106;0;10084;86
260;20230318;6;20;103;1;10089;90
260;20230318;7;20;105;12;10094;90
260;20230318;8;30;118;60;10099;84
260;20230318;9;30;129;104;10099;80
260;20230318;10;40;134;161;10103;79
260;20230318;11;40;138;174;10104;75
260;20230318;12;40;143;111;10103;71
260;20230318;13;30;136;63;10103;74
260;20230318;14;30;146;78;10100;69
260;20230318;15;50;153;126;10095;65
260;20230318;16;50;152;88;10092;63
260;20230318;17;40;141;47;10093;69
260;20230318;18;30;132;6;10094;71
260;20230318;19;30;131;0;10096;68
260;20230318;20;40;124;0;10103;78
260;20230318;21;40;111;0;10103;87
260;20230318;22;40;113;0;10102;82
260;20230318;23;40;111;0;10101;85
260;20230318;24;30;111;0;10102;84
260;20230319;1;40;108;0;10104;85
260;20230319;2;40;104;0;10104;88
260;20230319;3;30;100;0;10107;90
260;20230319;4;20;92;0;10107;92
260;20230319;5;30;82;0;10110;94
260;20230319;6;30;85;1;10116;94
260;20230319;7;30;82;9;10122;93
260;20230319;8;30;80;19;10129;94
260;20230319;9;30;83;40;10135;94
260;20230319;10;20;83;39;10141;95
260;20230319;11;20;90;46;10146;92
260;20230319;12;30;97;44;10148;87
260;20230319;13;30;106;72;10150;83
260;20230319;14;20;125;95;10148;75
260;20230319;15;30;122;52;10151;75
260;20230319;16;30;117;19;10156;77
260;20230319;17;30;100;10;10165;86
260;20230319;18;30;97;4;10172;86
260;20230319;19;30;92;0;10179;89
260;20230319;20;30;83;0;10185;92
260;20230319;21;30;81;0;10189;91
260;20230319;22;20;81;0;10189;87
260;20230319;23;20;81;0;10193;86
260;20230319;24;30;80;0;10193;86
260;20230320;1;30;81;0;10196;81
260;20230320;2;30;74;0;10195;83
260;20230320;3;30;71;0;10186;83
260;20230320;4;40;67;0;10183;84
260;20230320;5;40;67;0;10181;84
260;20230320;6;40;68;1;10183;84
260;20230320;7;40;68;6;10186;85
260;20230320;8;40;72;17;10187;82
260;20230320;9;50;75;39;10187;83
260;20230320;10;50;79;63;10187;84
260;20230320;11;60;83;76;10185;84
260;20230320;12;50;89;64;10180;83
260;20230320;13;50;84;52;10177;91
260;20230320;14;50;83;34;10173;92
260;20230320;15;50;85;23;10172;94
260;20230320;16;40;86;14;10169;95
260;20230320;17;40;88;11;10167;95
260;20230320;18;40;91;3;10169;97
260;20230320;19;40;94;0;10169;96
260;20230320;20;40;96;0;10166;96
260;20230320;21;40;96;0;10164;96
260;20230320;22;40;96;0;10164;95
260;20230320;23;40;95;0;10162;96
260;20230320;24;40;94;0;10159;95
260;20230321;1;40;92;0;10155;97
260;20230321;2;40;91;0;10149;96
260;20230321;3;40;91;0;10144;95
260;20230321;4;40;90;0;10141;95
260;20230321;5;30;90;0;10139;93
260;20230321;6;20;89;1;10135;92
260;20230321;7;30;92;7;10137;92
260;20230321;8;30;96;19;10134;90
260;20230321;9;40;98;39;10128;87
260;20230321;10;40;105;60;10124;84
260;20230321;11;50;116;89;10123;78
260;20230321;12;50;122;86;10120;78
260;20230321;13;50;132;113;10113;65
260;20230321;14;60;127;71;10108;69
260;20230321;15;60;128;59;10106;70
260;20230321;16;50;123;19;10107;76
260;20230321;17;50;120;17;10103;80
260;20230321;18;50;114;7;10104;84
260;20230321;19;40;114;0;10103;83
260;20230321;20;40;106;0;10102;88
260;20230321;21;50;105;0;10098;86
260;20230321;22;50;102;0;10094;82
260;20230321;23;50;100;0;10091;80
260;20230321;24;50;100;0;10089;78
260;20230322;1;40;94;0;10082;80
260;20230322;2;40;95;0;10071;79
260;20230322;3;40;97;0;10063;83
260;20230322;4;40;100;0;10062;84
260;20230322;5;40;101;0;10057;84
260;20230322;6;40;98;1;10053;83
260;20230322;7;50;103;22;10054;80
260;20230322;8;60;109;39;10053;76
260;20230322;9;80;111;53;10053;74
260;20230322;10;80;102;35;10053;84
260;20230322;11;70;106;41;10051;85
260;20230322;12;70;111;48;10054;80
260;20230322;13;70;112;23;10051;81
260;20230322;14;70;117;24;10050;80
260;20230322;15;60;115;29;10045;84
260;20230322;16;60;112;26;10043;92
260;20230322;17;60;110;13;10038;94
260;20230322;18;60;111;3;10042;94
260;20230322;19;60;112;0;10034;92
260;20230322;20;50;112;0;10031;90
260;20230322;21;60;114;0;10024;88
260;20230322;22;60;115;0;10020;88
260;20230322;23;60;118;0;10019;85
260;20230322;24;50;120;0;10012;81
260;20230323;1;50;123;0;10007;78
260;20230323;2;50;122;0;10003;78
260;20230323;3;60;125;0;10001;76
260;20230323;4;70;126;0;9998;75
260;20230323;5;70;124;0;10004;75
260;20230323;6;60;107;0;10010;91
260;20230323;7;50;109;5;10015;89
260;20230323;8;60;114;28;10017;85
260;20230323;9;60;121;62;10023;80
260;20230323;10;70;125;124;10027;72
260;20230323;11;70;132;172;10030;67
260;20230323;12;60;135;112;10031;67
260;20230323;13;50;140;92;10027;67
260;20230323;14;60;142;95;10028;64
260;20230323;15;60;148;141;10021;65
260;20230323;16;60;146;85;10019;65
260;20230323;17;50;145;25;10018;66
260;20230323;18;50;139;5;10015;68
260;20230323;19;50;131;0;10011;78
260;20230323;20;40;125;0;10005;83
260;20230323;21;50;122;0;9998;86
260;20230323;22;60;122;0;9988;86
260;20230323;23;60;118;0;9980;88
260;20230323;24;60;117;0;9971;90
260;20230324;1;70;121;0;9962;89
260;20230324;2;60;122;0;9955;90
260;20230324;3;70;115;0;9969;78
260;20230324;4;60;105;0;9978;81
260;20230324;5;50;100;0;9986;83
260;20230324;6;60;98;2;9993;83
260;20230324;7;60;102;11;10000;81
260;20230324;8;60;110;48;10006;78
260;20230324;9;60;114;104;10011;75
260;20230324;10;70;116;109;10017;67
260;20230324;11;70;133;201;10016;63
260;20230324;12;70;128;104;10018;69
260;20230324;13;70;133;148;10015;63
260;20230324;14;70;114;98;10017;74
260;20230324;15;60;121;94;10013;73
260;20230324;16;60;129;75;10009;66
260;20230324;17;60;118;36;10010;74
260;20230324;18;50;110;11;10009;80
260;20230324;19;30;106;0;10008;80
260;20230324;20;50;107;0;10006;69
260;20230324;21;60;105;0;10003;69
260;20230324;22;70;102;0;10004;70
260;20230324;23;70;102;0;10004;71
260;20230324;24;70;97;0;10005;74
260;20230325;1;70;97;0;10005;73
260;20230325;2;70;91;0;10003;79
260;20230325;3;70;91;0;10001;80
260;20230325;4;70;87;0;9997;85
260;20230325;5;70;85;0;10000;87
260;20230325;6;70;87;2;10003;81
260;20230325;7;70;85;10;10006;84
260;20230325;8;70;89;22;10009;83
260;20230325;9;70;98;51;10012;78
260;20230325;10;70;104;74;10014;75
260;20230325;11;80;111;78;10018;67
260;20230325;12;80;114;86;10020;66
260;20230325;13;90;122;173;10021;63
260;20230325;14;100;99;113;10028;74
260;20230325;15;90;116;126;10029;66
260;20230325;16;70;99;34;10038;73
260;20230325;17;50;93;16;10045;81
260;20230325;18;50;94;4;10053;81
260;20230325;19;50;88;0;10056;84
260;20230325;20;40;89;0;10057;85
260;20230325;21;30;88;0;10058;82
260;20230325;22;30;78;0;10064;87
260;20230325;23;30;78;0;10067;88
260;20230325;24;20;81;0;10066;88
260;20230326;1;20;81;0;10061;92
260;20230326;2;20;80;0;10054;94
260;20230326;3;20;83;0;10048;93
260;20230326;4;30;82;0;10043;91
260;20230326;5;10;80;0;10034;92
260;20230326;6;20;76;2;10027;94
260;20230326;7;20;78;9;10024;95
260;20230326;8;20;80;13;10022;93
260;20230326;9;20;80;13;10022;93
260;20230326;10;40;76;19;10024;94
260;20230326;11;50;77;45;10028;91
260;20230326;12;40;79;68;10033;90
260;20230326;13;30;88;96;10039;76
260;20230326;14;50;90;112;10044;69
260;20230326;15;60;86;85;10053;64
260;20230326;16;60;78;79;10064;61
260;20230326;17;60;72;34;10077;56
260;20230326;18;50;67;9;10089;59
260;20230326;19;50;63;0;10103;60
260;20230326;20;50;55;0;10113;59
260;20230326;21;40;54;0;10123;63
260;20230326;22;30;49;0;10132;67
260;20230326;23;20;36;0;10141;85
260;20230326;24;20;42;0;10152;78
260;20230327;1;20;41;0;10158;74
260;20230327;2;30;37;0;10163;78
260;20230327;3;20;24;0;10170;86
260;20230327;4;20;26;0;10179;83
260;20230327;5;20;29;0;10186;82
260;20230327;6;20;25;5;10191;83
260;20230327;7;30;38;47;10198;75
260;20230327;8;40;56;96;10205;70
260;20230327;9;50;62;158;10213;63
260;20230327;10;50;33;119;10220;87
260;20230327;11;40;71;209;10220;56
260;20230327;12;50;78;174;10225;49
260;20230327;13;50;66;193;10232;65
260;20230327;14;60;72;195;10232;61
260;20230327;15;50;75;117;10235;51
260;20230327;16;60;78;129;10240;54
260;20230327;17;50;64;61;10246;53
260;20230327;18;40;49;12;10252;63
260;20230327;19;30;40;0;10257;70
260;20230327;20;20;22;0;10258;84
260;20230327;21;20;25;0;10259;79
260;20230327;22;20;24;0;10262;81
260;20230327;23;20;18;0;10265;83
260;20230327;24;20;6;0;10265;90
260;20230328;1;10;-8;0;10266;96
260;20230328;2;20;-12;0;10262;97
260;20230328;3;10;-14;0;10262;96
260;20230328;4;10;-16;0;10260;97
260;20230328;5;10;-17;0;10261;97
260;20230328;6;10;-11;7;10264;94
260;20230328;7;20;20;44;10263;85
260;20230328;8;20;49;84;10264;76
260;20230328;9;30;59;125;10263;64
260;20230328;10;40;60;117;10258;58
260;20230328;11;50;69;131;10250;53
260;20230328;12;60;71;193;10241;52
260;20230328;13;50;72;93;10234;51
260;20230328;14;50;82;95;10224;48
260;20230328;15;50;86;70;10213;52
260;20230328;16;50;80;34;10207;58
260;20230328;17;40;71;9;10202;71
260;20230328;18;30;71;4;10194;74
260;20230328;19;30;71;0;10193;75
260;20230328;20;40;62;0;10187;81
260;20230328;21;50;58;0;10183;80
260;20230328;22;40;54;0;10178;82
260;20230328;23;30;54;0;10170;81
260;20230328;24;30;57;0;10162;79
260;20230329;1;40;60;0;10154;77
260;20230329;2;40;63;0;10149;77
260;20230329;3;30;65;0;10143;78
260;20230329;4;30;68;0;10141;77
260;20230329;5;30;70;0;10137;77
260;20230329;6;20;73;2;10137;78
260;20230329;7;40;82;19;10139;79
260;20230329;8;40;91;36;10140;78
260;20230329;9;40;98;49;10139;79
260;20230329;10;50;108;85;10140;80
260;20230329;11;50;105;73;10136;87
260;20230329;12;40;112;58;10137;82
260;20230329;13;40;117;37;10128;81
260;20230329;14;40;125;72;10121;78
260;20230329;15;30;138;87;10113;74
260;20230329;16;40;142;46;10104;72
260;20230329;17;30;138;15;10095;76
260;20230329;18;20;131;6;10089;79
260;20230329;19;20;124;0;10086;82
260;20230329;20;30;117;0;10075;86
260;20230329;21;30;125;0;10065;85
260;20230329;22;40;130;0;10058;81
260;20230329;23;40;134;0;10055;74
260;20230329;24;40;139;0;10051;68
260;20230330;1;40;135;0;10046;68
260;20230330;2;40;136;0;10039;66
260;20230330;3;50;137;0;10041;68
260;20230330;4;50;134;0;10035;75
260;20230330;5;70;126;0;10035;81
260;20230330;6;60;121;4;10037;80
260;20230330;7;70;120;31;10041;78
260;20230330;8;80;127;60;10045;76
260;20230330;9;70;128;85;10050;76
260;20230330;10;80;138;171;10056;69
260;20230330;11;80;139;198;10059;66
260;20230330;12;80;139;107;10062;67
260;20230330;13;80;136;126;10064;73
260;20230330;14;80;144;127;10059;67
260;20230330;15;80;145;114;10060;65
260;20230330;16;90;145;113;10058;65
260;20230330;17;70;140;74;10057;68
260;20230330;18;70;128;17;10060;72
260;20230330;19;60;122;1;10058;75
260;20230330;20;60;118;0;10058;78
260;20230330;21;40;113;0;10053;80
260;20230330;22;50;110;0;10047;80
260;20230330;23;50;107;0;10040;81
260;20230330;24;40;100;0;10029;85
260;20230331;1;40;106;0;10015;86
260;20230331;2;40;107;0;10003;88
260;20230331;3;40;105;0;9987;92
260;20230331;4;40;101;0;9973;93
260;20230331;5;40;102;0;9956;92
260;20230331;6;50;103;3;9948;90
260;20230331;7;50;102;17;9942;90
260;20230331;8;40;103;24;9938;93
260;20230331;9;40;112;42;9931;90
260;20230331;10;60;125;90;9927;80
260;20230331;11;70;126;92;9923;78
260;20230331;12;60;116;61;9920;86
260;20230331;13;60;117;85;9914;84
260;20230331;14;50;118;55;9908;86
260;20230331;15;60;112;44;9906;85
260;20230331;16;50;106;24;9903;90
260;20230331;17;50;102;15;9899;93
260;20230331;18;50;101;4;9897;93
260;20230331;19;50;102;1;9897;92
260;20230331;20;50;102;0;9895;92
260;20230331;21;50;100;0;9892;93
260;20230331;22;50;99;0;9894;95
260;20230331;23;50;99;0;9897;94
260;20230331;24;40;99;0;9900;94
260;20230401;1;50;94;0;9904;94
260;20230401;2;50;90;0;9905;96
260;20230401;3;40;90;0;9910;97
260;20230401;4;30;93;0;9917;97
260;20230401;5;40;97;0;9927;94
260;20230401;6;30;96;2;9936;95
260;20230401;7;40;95;12;9946;96
260;20230401;8;40;97;18;9955;96
260;20230401;9;40;99;33;9964;96
260;20230401;10;40;104;52;9971;94
260;20230401;11;30;107;61;9976;94
260;20230401;12;30;112;99;9983;92
260;20230401;13;40;109;58;9991;94
260;20230401;14;40;107;54;9998;94
260;20230401;15;40;105;23;10007;94
260;20230401;16;40;101;11;10019;95
260;20230401;17;50;95;12;10031;94
260;20230401;18;50;89;4;10045;93
260;20230401;19;50;87;1;10060;92
260;20230401;20;50;81;0;10073;92
260;20230401;21;50;75;0;10087;90
260;20230401;22;60;70;0;10098;89
260;20230401;23;50;65;0;10110;91
260;20230401;24;50;63;0;10120;89
260;20230402;1;50;60;0;10129;87
260;20230402;2;50;57;0;10138;86
260;20230402;3;50;51;0;10149;85
260;20230402;4;40;46;0;10162;84
260;20230402;5;40;41;0;10174;81
260;20230402;6;50;27;8;10189;78
260;20230402;7;60;25;28;10203;80
260;20230402;8;60;26;37;10213;80
260;20230402;9;50;29;65;10224;78
260;20230402;10;50;42;122;10232;73
260;20230402;11;60;64;258;10236;64
260;20230402;12;60;74;261;10243;61
260;20230402;13;60;84;258;10247;56
260;20230402;14;60;89;233;10250;54
260;20230402;15;50;98;193;10254;53
260;20230402;16;50;97;142;10258;52
260;20230402;17;50;92;84;10265;54
260;20230402;18;40;83;27;10274;57
260;20230402;19;30;70;1;10284;66
260;20230402;20;20;61;0;10290;70
260;20230402;21;30;54;0;10296;70
260;20230402;22;30;44;0;10300;70
260;20230402;23;30;39;0;10303;70
260;20230402;24;30;27;0;10305;74
260;20230403;1;30;20;0;10308;75
260;20230403;2;30;14;0;10308;78
260;20230403;3;20;10;0;10312;82
260;20230403;4;20;5;0;10314;85
260;20230403;5;20;3;0;10317;86
260;20230403;6;20;11;12;10322;83
260;20230403;7;30;31;63;10325;73
260;20230403;8;50;47;124;10328;63
260;20230403;9;50;62;181;10332;49
260;20230403;10;70;71;226;10329;40
260;20230403;11;70;83;255;10322;37
260;20230403;12;60;90;267;10319;40
260;20230403;13;60;92;260;10312;37
260;20230403;14;60;94;237;10309;36
260;20230403;15;60;94;198;10304;39
260;20230403;16;50;90;145;10303;37
260;20230403;17;60;83;86;10304;43
260;20230403;18;50;71;29;10306;46
260;20230403;19;30;53;1;10307;54
260;20230403;20;20;42;0;10307;59
260;20230403;21;20;23;0;10307;75
260;20230403;22;20;5;0;10307;83
260;20230403;23;20;-3;0;10304;86
260;20230403;24;20;7;0;10307;74
260;20230404;1;20;-7;0;10303;85
260;20230404;2;20;-6;0;10303;81
260;20230404;3;20;-13;0;10300;86
260;20230404;4;10;-12;0;10300;84
260;20230404;5;10;-24;0;10302;91
260;20230404;6;10;-15;9;10303;91
260;20230404;7;10;18;52;10305;72
260;20230404;8;10;53;119;10302;58
260;20230404;9;20;68;175;10300;45
260;20230404;10;30;76;214;10299;47
260;20230404;11;30;85;255;10294;46
260;20230404;12;30;94;264;10289;43
260;20230404;13;20;99;257;10281;42
260;20230404;14;30;102;230;10274;39
260;20230404;15;20;105;141;10268;38
260;20230404;16;20;99;99;10264;41
260;20230404;17;40;86;53;10262;50
260;20230404;18;30;77;18;10261;53
260;20230404;19;30;66;1;10264;59
260;20230404;20;30;57;0;10263;66
260;20230404;21;20;50;0;10261;72
260;20230404;22;20;34;0;10257;85
260;20230404;23;10;18;0;10256;89
260;20230404;24;10;7;0;10254;91
260;20230405;1;10;-4;0;10250;93
260;20230405;2;10;-12;0;10246;98
260;20230405;3;10;-16;0;10242;98
260;20230405;4;10;-21;0;10239;98
260;20230405;5;10;-24;0;10238;96
260;20230405;6;10;-7;14;10239;94
260;20230405;7;10;30;61;10238;76
260;20230405;8;10;65;119;10237;61
260;20230405;9;10;86;174;10235;47
260;20230405;10;20;92;218;10232;41
260;20230405;11;20;98;248;10227;46
260;20230405;12;30;99;260;10223;43
260;20230405;13;20;102;250;10217;40
260;20230405;14;20;112;217;10211;39
260;20230405;15;20;116;175;10205;36
260;20230405;16;20;108;119;10199;41
260;20230405;17;20;106;82;10198;37
260;20230405;18;20;90;23;10197;46
260;20230405;19;10;58;1;10198;71
260;20230405;20;10;37;0;10198;81
260;20230405;21;10;22;0;10193;85
260;20230405;22;10;12;0;10191;87
260;20230405;23;20;7;0;10188;88
260;20230405;24;20;7;0;10182;91
260;20230406;1;20;15;0;10177;82
260;20230406;2;30;36;0;10170;67
260;20230406;3;30;39;0;10164;65
260;20230406;4;30;35;0;10160;68
260;20230406;5;30;39;0;10158;68
260;20230406;6;30;46;8;10157;67
260;20230406;7;30;56;33;10156;67
260;20230406;8;30;67;46;10155;66
260;20230406;9;40;75;81;10155;64
260;20230406;10;40;81;76;10155;69
260;20230406;11;60;80;67;10152;80
260;20230406;12;60;79;72;10147;86
260;20230406;13;50;78;45;10143;86
260;20230406;14;50;78;35;10138;88
260;20230406;15;50;75;22;10136;93
260;20230406;16;50;75;18;10133;94
260;20230406;17;40;76;9;10130;95
260;20230406;18;40;77;4;10130;95
260;20230406;19;30;78;0;10132;96
260;20230406;20;20;79;0;10135;97
260;20230406;21;10;83;0;10137;97
260;20230406;22;20;87;0;10139;94
260;20230406;23;30;84;0;10142;93
260;20230406;24;30;81;0;10145;93
260;20230407;1;20;81;0;10147;92
260;20230407;2;20;81;0;10147;90
260;20230407;3;20;81;0;10147;90
260;20230407;4;20;81;0;10149;90
260;20230407;5;30;81;0;10153;89
260;20230407;6;20;80;3;10156;88
260;20230407;7;20;80;13;10160;89
260;20230407;8;20;84;25;10166;88
260;20230407;9;30;89;42;10171;82
260;20230407;10;30;90;65;10174;80
260;20230407;11;30;93;61;10178;80
260;20230407;12;30;100;82;10180;75
260;20230407;13;30;96;47;10185;77
260;20230407;14;20;98;50;10187;80
260;20230407;15;20;93;30;10189;83
260;20230407;16;30;85;16;10193;90
260;20230407;17;20;88;13;10197;88
260;20230407;18;20;89;9;10203;85
260;20230407;19;10;86;2;10211;90
260;20230407;20;10;85;0;10213;92
260;20230407;21;10;84;0;10218;94
260;20230407;22;20;83;0;10220;96
260;20230407;23;10;82;0;10224;96
260;20230407;24;20;73;0;10227;97
260;20230408;1;10;71;0;10228;96
260;20230408;2;10;62;0;10231;98
260;20230408;3;10;61;0;10232;99
260;20230408;4;20;59;0;10235;99
260;20230408;5;20;63;1;10240;99
260;20230408;6;10;56;7;10245;99
260;20230408;7;10;51;28;10250;99
260;20230408;8;10;55;60;10256;96
260;20230408;9;10;95;175;10258;67
260;20230408;10;20;115;219;10260;60
260;20230408;11;30;125;246;10258;50
260;20230408;12;30;133;259;10257;50
260;20230408;13;40;139;238;10257;45
260;20230408;14;30;133;194;10255;51
260;20230408;15;40;131;203;10253;57
260;20230408;16;30;127;101;10254;54
260;20230408;17;30;122;51;10255;57
260;20230408;18;30;106;20;10255;75
260;20230408;19;30;102;1;10258;81
260;20230408;20;20;90;0;10260;87
260;20230408;21;20;74;0;10263;93
260;20230408;22;20;75;0;10264;92
260;20230408;23;20;72;0;10264;93
260;20230408;24;20;76;0;10262;91
260;20230409;1;20;84;0;10259;87
260;20230409;2;20;86;0;10257;86
260;20230409;3;20;86;0;10254;87
260;20230409;4;20;86;0;10251;86
260;20230409;5;30;87;0;10250;84
260;20230409;6;20;87;3;10252;83
260;20230409;7;20;88;10;10253;82
260;20230409;8;20;95;31;10253;79
260;20230409;9;20;106;91;10253;71
260;20230409;10;20;118;205;10249;69
260;20230409;11;30;125;230;10244;69
260;20230409;12;30;128;175;10240;68
260;20230409;13;40;142;202;10238;57
260;20230409;14;30;147;220;10235;50
260;20230409;15;30;148;202;10228;50
260;20230409;16;40;146;149;10224;51
260;20230409;17;30;142;74;10221;52
260;20230409;18;40;129;31;10221;56
260;20230409;19;30;111;1;10221;62
260;20230409;20;30;100;0;10218;65
260;20230409;21;30;98;0;10216;65
260;20230409;22;30;98;0;10215;64
260;20230409;23;30;95;0;10212;65
260;20230409;24;30;90;0;10207;67
260;20230410;1;30;82;0;10200;71
260;20230410;2;30;78;0;10194;74
260;20230410;3;30;73;0;10194;77
260;20230410;4;30;69;0;10189;78
260;20230410;5;30;74;0;10185;75
260;20230410;6;40;79;11;10184;72
260;20230410;7;40;87;30;10175;70
260;20230410;8;50;101;76;10167;65
260;20230410;9;50;108;84;10161;63
260;20230410;10;50;119;81;10152;61
260;20230410;11;60;136;133;10141;59
260;20230410;12;60;150;154;10130;53
260;20230410;13;60;150;69;10118;55
260;20230410;14;60;136;29;10106;69
260;20230410;15;60;123;27;10105;80
260;20230410;16;60;119;17;10099;86
260;20230410;17;60;114;10;10092;91
260;20230410;18;50;111;7;10085;90
260;20230410;19;50;113;2;10083;86
260;20230410;20;60;109;0;10080;85
260;20230410;21;50;104;0;10076;87
260;20230410;22;50;106;0;10075;82
260;20230410;23;50;83;0;10077;78
260;20230410;24;40;90;0;10077;84
260;20230411;1;50;89;0;10079;84
260;20230411;2;50;93;0;10080;79
260;20230411;3;50;90;0;10085;73
260;20230411;4;50;83;0;10090;76
260;20230411;5;50;78;0;10097;73
260;20230411;6;50;83;20;10105;73
260;20230411;7;50;91;64;10111;68
260;20230411;8;70;96;96;10114;62
260;20230411;9;70;107;143;10121;56
260;20230411;10;70;106;195;10125;52
260;20230411;11;70;115;222;10125;49
260;20230411;12;70;116;234;10130;44
260;20230411;13;70;128;277;10132;45
260;20230411;14;70;125;248;10130;41
260;20230411;15;60;128;207;10125;43
260;20230411;16;60;129;154;10120;41
260;20230411;17;50;123;90;10114;50
260;20230411;18;30;112;18;10105;57
260;20230411;19;20;101;2;10101;67
260;20230411;20;30;108;0;10091;64
260;20230411;21;40;105;0;10079;67
260;20230411;22;50;102;0;10071;70
260;20230411;23;50;92;0;10059;81
260;20230411;24;50;86;0;10046;85
260;20230412;1;60;80;0;10027;89
260;20230412;2;60;81;0;10012;88
260;20230412;3;60;80;0;9995;90
260;20230412;4;50;79;0;9983;93
260;20230412;5;50;81;0;9978;92
260;20230412;6;50;84;3;9977;93
260;20230412;7;40;87;15;9975;93
260;20230412;8;30;94;36;9974;88
260;20230412;9;30;110;115;9973;76
260;20230412;10;40;118;163;9970;62
260;20230412;11;40;118;116;9969;64
260;20230412;12;60;122;179;9972;52
260;20230412;13;70;109;137;9976;46
260;20230412;14;50;109;179;9974;57
260;20230412;15;50;105;101;9971;56
260;20230412;16;60;110;134;9975;57
260;20230412;17;40;97;66;9972;67
260;20230412;18;30;84;32;9968;78
260;20230412;19;30;72;2;9968;84
260;20230412;20;40;71;0;9960;84
260;20230412;21;50;69;0;9951;76
260;20230412;22;60;77;0;9940;66
260;20230412;23;80;63;0;9937;83
260;20230412;24;60;65;0;9930;84
260;20230413;1;50;63;0;9928;91
260;20230413;2;40;65;0;9931;90
260;20230413;3;50;61;0;9942;89
260;20230413;4;40;64;0;9950;89
260;20230413;5;50;66;0;9956;85
260;20230413;6;40;65;9;9965;89
260;20230413;7;50;73;31;9973;89
260;20230413;8;50;88;64;9982;82
260;20230413;9;60;95;75;9994;72
260;20230413;10;70;101;122;10004;63
260;20230413;11;60;104;111;10016;63
260;20230413;12;60;103;108;10025;63
260;20230413;13;60;116;165;10031;60
260;20230413;14;60;113;207;10038;57
260;20230413;15;60;120;175;10043;53
260;20230413;16;50;119;132;10048;51
260;20230413;17;50;115;86;10053;44
260;20230413;18;40;107;41;10059;51
260;20230413;19;30;93;4;10066;60
260;20230413;20;30;80;0;10075;66
260;20230413;21;30;74;0;10080;69
260;20230413;22;30;51;0;10082;79
260;20230413;23;20;36;0;10082;88
260;20230413;24;20;34;0;10083;89
260;20230414;1;20;35;0;10084;87
260;20230414;2;20;31;0;10087;89
260;20230414;3;20;21;0;10089;93
260;20230414;4;30;29;0;10091;88
260;20230414;5;30;29;1;10094;87
260;20230414;6;30;43;26;10094;85
260;20230414;7;20;65;82;10094;79
260;20230414;8;30;85;142;10092;73
260;20230414;9;30;110;196;10090;62
260;20230414;10;50;118;232;10088;58
260;20230414;11;50;123;246;10083;54
260;20230414;12;50;129;249;10081;51
260;20230414;13;50;141;234;10078;48
260;20230414;14;40;147;264;10073;43
260;20230414;15;40;151;219;10068;43
260;20230414;16;40;133;84;10070;46
260;20230414;17;30;142;77;10068;44
260;20230414;18;30;125;22;10075;51
260;20230414;19;10;104;1;10077;67
260;20230414;20;10;87;0;10081;74
260;20230414;21;20;88;0;10080;69
260;20230414;22;30;86;0;10080;63
260;20230414;23;30;84;0;10083;63
260;20230414;24;40;82;0;10086;64
260;20230415;1;30;77;0;10086;66
260;20230415;2;40;76;0;10087;68
260;20230415;3;30;65;0;10092;74
260;20230415;4;30;55;0;10096;79
260;20230415;5;30;49;1;10104;83
260;20230415;6;30;56;15;10113;84
260;20230415;7;40;78;63;10123;79
260;20230415;8;50;103;136;10132;68
260;20230415;9;60;114;197;10140;61
260;20230415;10;60;117;198;10148;61
260;20230415;11;60;124;236;10152;58
260;20230415;12;60;125;251;10158;58
260;20230415;13;70;126;239;10165;58
260;20230415;14;70;117;157;10173;61
260;20230415;15;70;104;74;10181;67
260;20230415;16;70;94;55;10189;71
260;20230415;17;60;94;39;10194;71
260;20230415;18;60;87;17;10200;75
260;20230415;19;50;82;3;10206;77
260;20230415;20;50;80;0;10211;80
260;20230415;21;40;80;0;10213;82
260;20230415;22;40;79;0;10216;85
260;20230415;23;40;80;0;10220;87
260;20230415;24;40;78;0;10223;93
260;20230416;1;40;78;0;10223;92
260;20230416;2;40;80;0;10224;91
260;20230416;3;40;80;0;10225;91
260;20230416;4;40;78;0;10227;94
260;20230416;5;40;79;0;10229;94
260;20230416;6;40;80;2;10232;95
260;20230416;7;30;82;6;10236;92
260;20230416;8;30;85;11;10241;91
260;20230416;9;30;88;20;10246;90
260;20230416;10;40;91;23;10250;88
260;20230416;11;40;94;39;10252;87
260;20230416;12;40;98;56;10253;87
260;20230416;13;40;103;73;10254;84
260;20230416;14;30;107;67;10253;82
260;20230416;15;30;107;49;10254;82
260;20230416;16;30;104;37;10254;84
260;20230416;17;30;102;30;10253;83
260;20230416;18;40;96;7;10258;87
260;20230416;19;30;90;2;10263;88
260;20230416;20;30;86;0;10265;90
260;20230416;21;30;85;0;10263;90
260;20230416;22;40;83;0;10263;92
260;20230416;23;30;80;0;10262;92
260;20230416;24;30;78;0;10264;94
260;20230417;1;30;76;0;10263;95
260;20230417;2;30;78;0;10264;91
260;20230417;3;30;77;0;10264;90
260;20230417;4;20;77;0;10265;91
260;20230417;5;30;74;1;10267;92
260;20230417;6;30;72;7;10270;93
260;20230417;7;30;73;18;10277;93
260;20230417;8;30;76;26;10278;93
260;20230417;9;30;86;79;10280;84
260;20230417;10;40;97;160;10282;79
260;20230417;11;40;114;174;10280;74
260;20230417;12;40;127;166;10276;69
260;20230417;13;40;142;206;10276;60
260;20230417;14;40;150;165;10272;64
260;20230417;15;50;146;130;10269;60
260;20230417;16;50;140;101;10268;65
260;20230417;17;40;141;94;10267;64
260;20230417;18;40;133;39;10267;68
260;20230417;19;40;120;5;10270;75
260;20230417;20;40;107;0;10274;80
260;20230417;21;30;98;0;10273;81
260;20230417;22;30;87;0;10273;82
260;20230417;23;30;85;0;10273;83
260;20230417;24;40;80;0;10274;81
260;20230418;1;40;73;0;10274;73
260;20230418;2;40;60;0;10272;69
260;20230418;3;30;58;0;10271;68
260;20230418;4;40;54;0;10271;69
260;20230418;5;50;59;1;10274;70
260;20230418;6;50;61;8;10277;74
260;20230418;7;50;70;39;10279;74
260;20230418;8;50;82;69;10279;71
260;20230418;9;60;98;146;10280;65
260;20230418;10;70;102;158;10278;64
260;20230418;11;60;103;117;10276;67
260;20230418;12;70;113;145;10273;62
260;20230418;13;60;120;102;10273;63
260;20230418;14;70;120;89;10272;64
260;20230418;15;60;127;84;10269;62
260;20230418;16;60;134;142;10266;58
260;20230418;17;50;135;88;10265;59
260;20230418;18;50;126;27;10266;60
260;20230418;19;30;115;4;10268;63
260;20230418;20;30;113;0;10273;63
260;20230418;21;40;103;0;10277;66
260;20230418;22;50;97;0;10278;67
260;20230418;23;50;93;0;10278;69
260;20230418;24;50;89;0;10279;73
260;20230419;1;50;84;0;10276;77
260;20230419;2;40;84;0;10275;78
260;20230419;3;50;89;0;10276;77
260;20230419;4;50;93;0;10274;75
260;20230419;5;60;86;2;10274;75
260;20230419;6;50;86;29;10277;69
260;20230419;7;50;101;89;10275;59
260;20230419;8;70;107;151;10276;46
260;20230419;9;70;115;206;10276;45
260;20230419;10;80;124;251;10274;40
260;20230419;11;70;132;278;10270;40
260;20230419;12;70;135;289;10263;33
260;20230419;13;80;145;284;10258;31
260;20230419;14;70;147;258;10251;33
260;20230419;15;70;148;217;10242;30
260;20230419;16;70;139;166;10239;40
260;20230419;17;80;136;107;10237;42
260;20230419;18;70;124;49;10235;44
260;20230419;19;60;111;7;10240;54
260;20230419;20;50;98;0;10245;57
260;20230419;21;50;95;0;10248;37
260;20230419;22;60;86;0;10248;36
260;20230419;23;40;76;0;10248;39
260;20230419;24;40;70;0;10243;43
260;20230420;1;30;64;0;10233;48
260;20230420;2;30;63;0;10225;55
260;20230420;3;30;73;0;10216;58
260;20230420;4;40;82;0;10211;57
260;20230420;5;40;85;1;10204;58
260;20230420;6;60;81;7;10204;61
260;20230420;7;60;74;24;10200;70
260;20230420;8;60;66;40;10202;79
260;20230420;9;60;73;68;10198;75
260;20230420;10;50;77;120;10193;75
260;20230420;11;60;90;135;10190;70
260;20230420;12;50;100;148;10184;55
260;20230420;13;60;103;65;10183;56
260;20230420;14;70;114;85;10178;55
260;20230420;15;70;112;89;10175;54
260;20230420;16;60;116;97;10173;53
260;20230420;17;50;108;63;10172;52
260;20230420;18;50;107;28;10173;50
260;20230420;19;40;100;9;10175;51
260;20230420;20;40;101;0;10176;57
260;20230420;21;60;91;0;10174;64
260;20230420;22;40;88;0;10173;70
260;20230420;23;40;80;0;10171;81
260;20230420;24;30;76;0;10162;87
260;20230421;1;20;74;0;10154;92
260;20230421;2;30;73;0;10150;94
260;20230421;3;20;73;0;10146;95
260;20230421;4;20;75;0;10142;95
260;20230421;5;30;77;2;10142;95
260;20230421;6;30;83;14;10146;93
260;20230421;7;40;90;32;10144;93
260;20230421;8;40;106;99;10145;87
260;20230421;9;40;116;121;10143;82
260;20230421;10;40;122;122;10140;75
260;20230421;11;40;128;101;10137;73
260;20230421;12;50;141;207;10129;71
260;20230421;13;50;142;186;10123;67
260;20230421;14;50;148;146;10115;67
260;20230421;15;40;151;73;10107;67
260;20230421;16;30;158;78;10097;64
260;20230421;17;50;160;64;10089;61
260;20230421;18;40;152;31;10082;65
260;20230421;19;50;105;3;10085;82
260;20230421;20;20;89;0;10084;92
260;20230421;21;10;92;0;10093;94
260;20230421;22;30;95;0;10090;87
260;20230421;23;20;68;0;10083;95
260;20230421;24;20;59;0;10084;99
260;20230422;1;10;47;0;10082;98
260;20230422;2;10;46;0;10083;98
260;20230422;3;10;37;0;10080;98
260;20230422;4;0;41;0;10075;99
260;20230422;5;10;50;2;10071;98
260;20230422;6;10;60;14;10073;98
260;20230422;7;10;81;45;10067;97
260;20230422;8;20;109;134;10069;85
260;20230422;9;20;141;192;10062;76
260;20230422;10;20;159;233;10054;69
260;20230422;11;20;161;208;10058;68
260;20230422;12;30;142;40;10060;82
260;20230422;13;20;123;26;10058;90
260;20230422;14;10;121;40;10061;93
260;20230422;15;10;113;21;10062;94
260;20230422;16;30;100;11;10066;95
260;20230422;17;20;96;24;10066;93
260;20230422;18;20;97;30;10069;90
260;20230422;19;10;87;8;10075;93
260;20230422;20;10;67;0;10079;98
260;20230422;21;10;57;0;10076;98
260;20230422;22;20;64;0;10076;99
260;20230422;23;20;76;0;10080;96
260;20230422;24;20;72;0;10074;97
260;20230423;1;20;70;0;10069;97
260;20230423;2;30;77;0;10065;96
260;20230423;3;30;83;0;10062;94
260;20230423;4;30;78;0;10059;94
260;20230423;5;20;76;3;10060;94
260;20230423;6;30;90;32;10059;92
260;20230423;7;30;113;93;10055;84
260;20230423;8;40;133;155;10053;77
260;20230423;9;40;143;206;10051;73
260;20230423;10;50;155;209;10048;67
260;20230423;11;50;159;191;10043;59
260;20230423;12;60;161;180;10034;57
260;20230423;13;50;163;143;10027;59
260;20230423;14;50;160;79;10019;62
260;20230423;15;50;138;54;10019;76
260;20230423;16;50;117;26;10018;90
260;20230423;17;30;110;17;10006;91
260;20230423;18;20;109;9;9992;94
260;20230423;19;40;108;4;9985;94
260;20230423;20;40;109;0;9978;94
260;20230423;21;30;107;0;9975;91
260;20230423;22;20;102;0;9973;93
260;20230423;23;40;98;0;9973;91
260;20230423;24;70;93;0;9981;92
260;20230424;1;50;92;0;9986;94
260;20230424;2;40;92;0;9987;94
260;20230424;3;30;91;0;9987;95
260;20230424;4;20;88;0;9987;94
260;20230424;5;10;88;2;9994;95
260;20230424;6;20;83;4;10006;94
260;20230424;7;40;83;6;10021;91
260;20230424;8;40;84;14;10034;91
260;20230424;9;50;88;48;10047;81
260;20230424;10;50;90;73;10055;72
260;20230424;11;50;94;115;10061;73
260;20230424;12;60;97;117;10069;73
260;20230424;13;60;93;89;10077;68
260;20230424;14;60;102;147;10080;63
260;20230424;15;60;101;127;10082;61
260;20230424;16;60;97;103;10087;63
260;20230424;17;60;90;77;10090;66
260;20230424;18;50;86;29;10092;71
260;20230424;19;40;82;6;10096;75
260;20230424;20;40;76;0;10102;82
260;20230424;21;40;74;0;10103;82
260;20230424;22;40;72;0;10104;85
260;20230424;23;30;63;0;10105;83
260;20230424;24;20;59;0;10107;85
260;20230425;1;20;45;0;10109;91
260;20230425;2;20;37;0;10113;90
260;20230425;3;20;39;0;10114;91
260;20230425;4;20;42;0;10117;89
260;20230425;5;20;46;3;10124;85
260;20230425;6;20;55;19;10129;83
260;20230425;7;20;75;90;10136;71
260;20230425;8;40;75;99;10141;63
260;20230425;9;30;79;135;10150;64
260;20230425;10;50;81;175;10157;57
260;20230425;11;40;96;198;10158;49
260;20230425;12;50;85;256;10165;61
260;20230425;13;50;90;152;10166;53
260;20230425;14;50;102;225;10167;46
260;20230425;15;50;96;157;10170;49
260;20230425;16;50;85;143;10176;60
260;20230425;17;40;81;78;10177;56
260;20230425;18;40;79;49;10181;56
260;20230425;19;40;64;9;10186;67
260;20230425;20;20;52;0;10190;74
260;20230425;21;20;50;0;10191;75
260;20230425;22;10;31;0;10191;87
260;20230425;23;20;24;0;10194;89
260;20230425;24;10;25;0;10194;88
260;20230426;1;10;13;0;10193;93
260;20230426;2;10;4;0;10192;98
260;20230426;3;10;-1;0;10192;98
260;20230426;4;10;-6;0;10191;98
260;20230426;5;10;2;7;10192;98
260;20230426;6;10;49;60;10194;78
260;20230426;7;20;62;55;10197;71
260;20230426;8;20;74;94;10198;63
260;20230426;9;20;71;61;10199;66
260;20230426;10;20;78;119;10198;58
260;20230426;11;20;73;31;10199;63
260;20230426;12;10;90;168;10194;52
260;20230426;13;20;91;164;10196;53
260;20230426;14;30;93;188;10196;48
260;20230426;15;20;97;122;10195;53
260;20230426;16;30;88;75;10195;51
260;20230426;17;20;88;34;10195;53
260;20230426;18;30;83;28;10198;57
260;20230426;19;30;72;7;10201;68
260;20230426;20;20;64;0;10204;71
260;20230426;21;10;30;0;10206;93
260;20230426;22;10;18;0;10206;94
260;20230426;23;10;10;0;10208;98
260;20230426;24;0;6;0;10213;95
260;20230427;1;10;-2;0;10211;96
260;20230427;2;10;-6;0;10209;98
260;20230427;3;10;-11;0;10207;98
260;20230427;4;20;-11;0;10209;97
260;20230427;5;10;-3;7;10212;95
260;20230427;6;10;34;51;10213;85
260;20230427;7;30;67;102;10213;69
260;20230427;8;40;81;148;10215;60
260;20230427;9;40;92;180;10213;53
260;20230427;10;30;106;222;10211;51
260;20230427;11;30;114;259;10209;45
260;20230427;12;40;119;291;10202;43
260;20230427;13;40;123;280;10199;39
260;20230427;14;30;130;242;10194;43
260;20230427;15;30;130;175;10187;41
260;20230427;16;30;127;130;10182;43
260;20230427;17;40;122;71;10174;41
260;20230427;18;40;114;27;10174;44
260;20230427;19;30;105;4;10172;49
260;20230427;20;30;101;0;10170;50
260;20230427;21;30;97;0;10164;52
260;20230427;22;40;94;0;10153;53
260;20230427;23;40;93;0;10146;54
260;20230427;24;40;90;0;10142;56
260;20230428;1;30;86;0;10131;60
260;20230428;2;30;86;0;10125;59
260;20230428;3;40;85;0;10117;59
260;20230428;4;30;83;0;10111;61
260;20230428;5;30;85;3;10105;64
260;20230428;6;20;86;8;10106;74
260;20230428;7;30;93;23;10101;82
260;20230428;8;30;102;45;10101;83
260;20230428;9;30;108;62;10100;95
260;20230428;10;30;116;56;10097;96
260;20230428;11;30;125;47;10097;95
260;20230428;12;40;134;82;10096;88
260;20230428;13;50;132;64;10099;92
260;20230428;14;40;130;48;10101;92
260;20230428;15;40;131;30;10102;92
260;20230428;16;30;130;22;10105;93
260;20230428;17;40;126;14;10109;94
260;20230428;18;40;116;9;10114;95
260;20230428;19;30;112;4;10118;92
260;20230428;20;40;107;0;10126;90
260;20230428;21;40;99;0;10134;92
260;20230428;22;40;94;0;10138;89
260;20230428;23;30;91;0;10142;88
260;20230428;24;20;89;0;10148;92
260;20230429;1;30;91;0;10152;87
260;20230429;2;30;91;0;10156;87
260;20230429;3;30;92;0;10162;86
260;20230429;4;20;92;0;10166;86
260;20230429;5;20;93;1;10174;85
260;20230429;6;20;94;12;10180;88
260;20230429;7;30;103;48;10188;81
260;20230429;8;30;104;69;10197;80
260;20230429;9;30;115;80;10200;73
260;20230429;10;40;127;160;10203;64
260;20230429;11;40;138;198;10204;59
260;20230429;12;30;148;283;10205;53
260;20230429;13;30;153;289;10205;49
260;20230429;14;50;158;267;10208;49
260;20230429;15;40;155;227;10211;44
260;20230429;16;40;154;176;10214;41
260;20230429;17;40;146;122;10217;44
260;20230429;18;40;130;63;10219;47
260;20230429;19;40;111;14;10223;54
260;20230429;20;30;100;0;10229;63
260;20230429;21;20;89;0;10232;73
260;20230429;22;20;78;0;10234;81
260;20230429;23;20;59;0;10236;90
260;20230429;24;10;47;0;10238;96
260;20230430;1;10;42;0;10239;95
260;20230430;2;10;35;0;10240;98
260;20230430;3;10;30;0;10239;98
260;20230430;4;10;27;0;10237;98
260;20230430;5;10;45;9;10238;96
260;20230430;6;10;78;53;10241;87
260;20230430;7;20;105;110;10243;77
260;20230430;8;30;114;166;10242;69
260;20230430;9;20;133;218;10242;65
260;20230430;10;20;143;256;10238;61
260;20230430;11;20;152;276;10233;60
260;20230430;12;20;167;261;10226;52
260;20230430;13;20;169;250;10221;50
260;20230430;14;30;167;147;10216;48
260;20230430;15;20;172;151;10211;48
260;20230430;16;30;174;130;10206;45
260;20230430;17;30;162;72;10202;52
260;20230430;18;30;153;38;10199;55
260;20230430;19;20;131;10;10197;72
260;20230430;20;20;110;0;10197;76
260;20230430;21;20;98;0;10194;81
260;20230430;22;20;89;0;10191;85
260;20230430;23;10;80;0;10187;89
260;20230430;24;10;66;0;10184;96
260;20230501;1;20;69;0;10176;89
260;20230501;2;10;66;0;10168;90
260;20230501;3;10;75;0;10161;87
260;20230501;4;10;79;0;10155;89
260;20230501;5;10;84;3;10155;81
260;20230501;6;10;91;12;10152;77
260;20230501;7;10;105;36;10151;72
260;20230501;8;0;118;50;10152;68
260;20230501;9;0;130;76;10152;65
260;20230501;10;10;147;120;10153;58
260;20230501;11;20;150;90;10157;58
260;20230501;12;30;140;118;10159;64
260;20230501;13;30;131;61;10158;73
260;20230501;14;20;156;150;10157;62
260;20230501;15;30;167;203;10156;54
260;20230501;16;30;162;119;10160;58
260;20230501;17;40;155;132;10164;62
260;20230501;18;30;144;64;10169;67
260;20230501;19;30;126;14;10177;74
260;20230501;20;30;112;0;10184;85
260;20230501;21;30;109;0;10188;87
260;20230501;22;20;107;0;10191;86
260;20230501;23;30;103;0;10198;87
260;20230501;24;30;102;0;10202;89
260;20230502;1;30;105;0;10205;87
260;20230502;2;40;98;0;10210;85
260;20230502;3;30;93;0;10217;79
260;20230502;4;40;88;0;10223;75
260;20230502;5;30;86;3;10232;81
260;20230502;6;30;87;15;10240;75
260;20230502;7;30;94;53;10250;67
260;20230502;8;50;87;63;10257;70
260;20230502;9;40;97;102;10261;60
260;20230502;10;40;103;137;10267;53
260;20230502;11;40;113;293;10270;49
260;20230502;12;40;112;304;10274;49
260;20230502;13;40;110;282;10278;49
260;20230502;14;30;128;287;10280;46
260;20230502;15;40;119;249;10280;47
260;20230502;16;40;117;186;10281;46
260;20230502;17;40;109;129;10283;50
260;20230502;18;40;100;68;10285;54
260;20230502;19;30;86;17;10289;59
260;20230502;20;20;78;0;10292;64
260;20230502;21;20;71;0;10296;69
260;20230502;22;20;50;0;10294;81
260;20230502;23;20;50;0;10295;78
260;20230502;24;20;33;0;10298;89
260;20230503;1;10;22;0;10297;93
260;20230503;2;20;21;0;10297;95
260;20230503;3;20;16;0;10293;92
260;20230503;4;10;6;0;10296;95
260;20230503;5;10;25;12;10300;97
260;20230503;6;10;55;57;10302;75
260;20230503;7;30;80;119;10300;61
260;20230503;8;50;90;177;10295;59
260;20230503;9;40;105;225;10294;59
260;20230503;10;30;115;263;10294;49
260;20230503;11;30;123;290;10290;49
260;20230503;12;30;139;289;10284;50
260;20230503;13;30;140;288;10275;46
260;20230503;14;40;149;265;10267;45
260;20230503;15;50;150;225;10260;43
260;20230503;16;50;150;181;10257;44
260;20230503;17;50;148;125;10255;42
260;20230503;18;40;134;38;10252;48
260;20230503;19;30;120;10;10254;52
260;20230503;20;30;110;0;10254;56
260;20230503;21;40;101;0;10252;63
260;20230503;22;40;90;0;10248;68
260;20230503;23;30;79;0;10245;73
260;20230503;24;30;74;0;10239;74
260;20230504;1;40;74;0;10234;74
260;20230504;2;40;71;0;10230;76
260;20230504;3;30;67;0;10226;76
260;20230504;4;30;61;0;10222;79
260;20230504;5;30;62;9;10221;79
260;20230504;6;30;78;45;10218;74
260;20230504;7;30;94;85;10214;68
260;20230504;8;40;127;162;10210;61
260;20230504;9;40;146;182;10203;54
260;20230504;10;40;172;244;10197;49
260;20230504;11;50;195;282;10187;41
260;20230504;12;50;202;296;10179;37
260;20230504;13;50;210;274;10171;38
260;20230504;14;50;211;231;10162;41
260;20230504;15;60;216;207;10155;39
260;20230504;16;50;214;168;10150;38
260;20230504;17;60;215;103;10144;39
260;20230504;18;50;200;53;10145;44
260;20230504;19;30;186;15;10148;49
260;20230504;20;40;171;0;10147;51
260;20230504;21;30;168;0;10142;54
260;20230504;22;30;160;0;10138;57
260;20230504;23;20;137;0;10138;70
260;20230504;24;10;141;0;10144;67
260;20230505;1;20;160;0;10142;69
260;20230505;2;20;155;0;10147;73
260;20230505;3;20;129;0;10146;90
260;20230505;4;30;132;0;10149;84
260;20230505;5;30;133;10;10155;86
260;20230505;6;20;144;57;10158;82
260;20230505;7;20;159;114;10161;74
260;20230505;8;20;172;169;10163;67
260;20230505;9;30;174;183;10166;66
260;20230505;10;30;143;85;10169;85
260;20230505;11;20;141;34;10169;88
260;20230505;12;10;139;24;10172;92
260;20230505;13;20;138;41;10167;94
260;20230505;14;20;130;24;10170;88
260;20230505;15;10;140;72;10167;84
260;20230505;16;20;153;133;10163;81
260;20230505;17;20;156;123;10161;78
260;20230505;18;20;149;52;10162;81
260;20230505;19;20;131;13;10163;89
260;20230505;20;10;115;0;10167;98
260;20230505;21;20;116;0;10167;92
260;20230505;22;20;104;0;10167;97
260;20230505;23;20;101;0;10165;99
260;20230505;24;10;107;0;10164;98
260;20230506;1;20;106;0;10160;97
260;20230506;2;20;92;0;10160;98
260;20230506;3;20;96;0;10160;98
260;20230506;4;20;88;0;10159;98
260;20230506;5;10;103;12;10164;98
260;20230506;6;10;110;28;10166;98
260;20230506;7;10;120;59;10168;96
260;20230506;8;10;139;95;10170;88
260;20230506;9;10;164;169;10170;82
260;20230506;10;20;176;234;10167;72
260;20230506;11;30;185;223;10164;68
260;20230506;12;30;193;227;10162;64
260;20230506;13;30;202;215;10162;58
260;20230506;14;30;199;234;10159;54
260;20230506;15;30;197;156;10156;58
260;20230506;16;20;199;84;10155;54
260;20230506;17;20;194;50;10156;56
260;20230506;18;40;151;11;10159;88
260;20230506;19;20;147;6;10162;89
260;20230506;20;10;143;0;10163;92
260;20230506;21;10;142;0;10163;92
260;20230506;22;10;134;0;10162;98
260;20230506;23;10;135;0;10163;96
260;20230506;24;20;132;0;10163;97
260;20230507;1;20;134;0;10161;95
260;20230507;2;10;132;0;10160;96
260;20230507;3;10;131;0;10159;96
260;20230507;4;10;126;0;10159;98
260;20230507;5;10;132;5;10161;96
260;20230507;6;20;137;14;10166;94
260;20230507;7;20;145;45;10169;91
260;20230507;8;20;151;76;10170;89
260;20230507;9;20;159;91;10172;87
260;20230507;10;30;176;157;10173;84
260;20230507;11;30;185;222;10174;73
260;20230507;12;20;198;261;10174;71
260;20230507;13;20;203;221;10175;64
260;20230507;14;20;210;198;10175;61
260;20230507;15;30;171;74;10183;79
260;20230507;16;40;151;13;10185;94
260;20230507;17;20;162;78;10188;88
260;20230507;18;20;161;46;10189;90
260;20230507;19;20;154;12;10194;93
260;20230507;20;10;142;1;10199;97
260;20230507;21;0;131;0;10202;98
260;20230507;22;10;129;0;10205;98
260;20230507;23;10;120;0;10207;99
260;20230507;24;10;109;0;10205;99
260;20230508;1;10;105;0;10204;99
260;20230508;2;10;101;0;10205;99
260;20230508;3;10;96;0;10206;99
260;20230508;4;10;93;0;10204;99
260;20230508;5;10;108;10;10208;99
260;20230508;6;10;122;20;10212;98
260;20230508;7;10;138;52;10213;98
260;20230508;8;10;145;65;10213;96
260;20230508;9;10;156;90;10213;90
260;20230508;10;20;164;105;10213;86
260;20230508;11;20;174;123;10213;80
260;20230508;12;20;183;130;10208;77
260;20230508;13;30;197;183;10203;71
260;20230508;14;20;191;146;10202;71
260;20230508;15;20;195;120;10199;70
260;20230508;16;30;184;102;10199;76
260;20230508;17;30;180;84;10196;75
260;20230508;18;20;169;32;10196;77
260;20230508;19;20;158;11;10195;84
260;20230508;20;10;139;0;10198;93
260;20230508;21;20;149;0;10196;85
260;20230508;22;10;142;0;10190;90
260;20230508;23;10;135;0;10182;95
260;20230508;24;20;137;0;10175;92
260;20230509;1;20;135;0;10170;92
260;20230509;2;10;133;0;10163;93
260;20230509;3;20;132;0;10159;93
260;20230509;4;20;130;0;10152;94
260;20230509;5;20;134;8;10147;92
260;20230509;6;20;140;31;10140;90
260;20230509;7;20;139;16;10136;93
260;20230509;8;30;141;30;10131;94
260;20230509;9;30;141;42;10123;93
260;20230509;10;40;143;50;10119;92
260;20230509;11;40;143;44;10113;94
260;20230509;12;40;144;39;10107;94
260;20230509;13;40;146;58;10102;93
260;20230509;14;40;146;54;10097;94
260;20230509;15;30;145;43;10091;93
260;20230509;16;30;142;35;10088;94
260;20230509;17;20;142;28;10083;94
260;20230509;18;20;139;17;10081;95
260;20230509;19;20;136;4;10081;94
260;20230509;20;20;129;0;10085;94
260;20230509;21;20;128;0;10087;94
260;20230509;22;20;127;0;10083;96
260;20230509;23;10;125;0;10082;96
260;20230509;24;10;123;0;10081;98
260;20230510;1;20;123;0;10081;98
260;20230510;2;20;119;0;10082;97
260;20230510;3;20;119;0;10086;98
260;20230510;4;30;120;0;10087;98
260;20230510;5;20;122;3;10088;96
260;20230510;6;30;118;7;10095;96
260;20230510;7;20;123;35;10098;90
260;20230510;8;20;128;47;10102;87
260;20230510;9;20;132;50;10109;83
260;20230510;10;10;141;61;10112;81
260;20230510;11;20;147;73;10114;79
260;20230510;12;20;154;138;10116;74
260;20230510;13;30;128;41;10122;95
260;20230510;14;20;135;55;10124;94
260;20230510;15;20;139;66;10124;90
260;20230510;16;20;139;57;10127;88
260;20230510;17;20;142;66;10129;86
260;20230510;18;20;143;57;10133;85
260;20230510;19;10;136;29;10134;88
260;20230510;20;10;130;0;10140;92
260;20230510;21;10;123;0;10141;93
260;20230510;22;10;117;0;10141;96
260;20230510;23;10;115;0;10142;98
260;20230510;24;10;116;0;10143;97
260;20230511;1;10;115;0;10142;97
260;20230511;2;10;108;0;10143;96
260;20230511;3;0;102;0;10145;98
260;20230511;4;10;102;0;10141;98
260;20230511;5;10;110;4;10146;98
260;20230511;6;10;117;13;10150;98
260;20230511;7;10;124;48;10153;95
260;20230511;8;10;144;132;10153;80
260;20230511;9;10;151;127;10153;74
260;20230511;10;10;160;178;10153;68
260;20230511;11;10;161;83;10153;72
260;20230511;12;30;136;36;10155;87
260;20230511;13;20;138;41;10156;89
260;20230511;14;20;144;45;10155;88
260;20230511;15;20;142;42;10156;88
260;20230511;16;10;146;47;10157;86
260;20230511;17;20;152;57;10155;85
260;20230511;18;30;143;28;10158;83
260;20230511;19;30;136;8;10161;86
260;20230511;20;20;131;0;10166;91
260;20230511;21;20;130;0;10168;93
260;20230511;22;20;129;0;10171;94
260;20230511;23;20;123;0;10171;87
260;20230511;24;30;116;0;10170;91
260;20230512;1;30;117;0;10167;95
260;20230512;2;30;117;0;10164;95
260;20230512;3;40;117;0;10163;95
260;20230512;4;40;115;0;10160;95
260;20230512;5;40;116;5;10164;97
260;20230512;6;40;122;16;10167;95
260;20230512;7;40;131;39;10173;92
260;20230512;8;40;145;96;10175;88
260;20230512;9;40;171;189;10179;77
260;20230512;10;50;174;235;10182;69
260;20230512;11;50;186;252;10183;63
260;20230512;12;50;195;169;10185;54
260;20230512;13;50;203;203;10186;60
260;20230512;14;50;201;196;10185;57
260;20230512;15;50;202;135;10187;56
260;20230512;16;40;211;146;10186;49
260;20230512;17;40;153;31;10191;89
260;20230512;18;20;159;30;10194;78
260;20230512;19;20;154;10;10198;86
260;20230512;20;10;134;1;10205;97
260;20230512;21;20;145;0;10209;86
260;20230512;22;30;148;0;10213;78
260;20230512;23;30;151;0;10215;75
260;20230512;24;30;145;0;10214;70
260;20230513;1;30;135;0;10214;68
260;20230513;2;20;114;0;10213;77
260;20230513;3;20;112;0;10212;83
260;20230513;4;20;109;0;10214;90
260;20230513;5;30;118;17;10217;83
260;20230513;6;30;133;61;10219;76
260;20230513;7;40;147;118;10220;69
260;20230513;8;40;163;160;10220;65
260;20230513;9;40;182;227;10220;60
260;20230513;10;40;192;267;10219;59
260;20230513;11;40;200;292;10216;58
260;20230513;12;40;208;301;10213;55
260;20230513;13;40;218;296;10211;48
260;20230513;14;50;213;263;10208;47
260;20230513;15;40;213;143;10206;46
260;20230513;16;50;214;181;10204;47
260;20230513;17;50;207;132;10201;47
260;20230513;18;50;194;74;10202;57
260;20230513;19;40;176;24;10206;64
260;20230513;20;30;158;1;10209;75
260;20230513;21;30;145;0;10211;80
260;20230513;22;30;138;0;10209;80
260;20230513;23;30;131;0;10208;83
260;20230513;24;30;126;0;10205;85
260;20230514;1;20;119;0;10199;87
260;20230514;2;20;113;0;10197;90
260;20230514;3;20;109;0;10194;94
260;20230514;4;20;106;1;10192;94
260;20230514;5;20;111;18;10192;89
260;20230514;6;30;123;57;10192;89
260;20230514;7;30;135;74;10193;84
260;20230514;8;30;151;133;10192;77
260;20230514;9;40;163;210;10190;71
260;20230514;10;30;179;256;10185;66
260;20230514;11;30;180;287;10181;70
260;20230514;12;40;187;264;10178;68
260;20230514;13;40;198;274;10173;62
260;20230514;14;40;193;222;10169;54
260;20230514;15;40;194;193;10167;52
260;20230514;16;40;191;139;10163;54
260;20230514;17;40;177;86;10165;73
260;20230514;18;40;154;45;10168;79
260;20230514;19;30;137;16;10170;82
260;20230514;20;20;127;1;10171;85
260;20230514;21;20;119;0;10168;87
260;20230514;22;20;114;0;10166;91
260;20230514;23;20;114;0;10162;90
260;20230514;24;20;110;0;10158;92
260;20230515;1;20;99;0;10153;95
260;20230515;2;20;98;0;10152;95
260;20230515;3;20;94;0;10152;97
260;20230515;4;20;97;1;10150;97
260;20230515;5;30;100;10;10151;93
260;20230515;6;20;106;41;10151;88
260;20230515;7;20;117;104;10150;83
260;20230515;8;20;127;123;10150;81
260;20230515;9;20;129;100;10152;80
260;20230515;10;30;128;55;10153;83
260;20230515;11;30;130;44;10152;82
260;20230515;12;30;142;89;10151;76
260;20230515;13;30;144;121;10150;77
260;20230515;14;40;137;99;10154;77
260;20230515;15;40;129;38;10155;78
260;20230515;16;40;124;43;10157;80
260;20230515;17;40;127;53;10160;78
260;20230515;18;50;114;36;10167;85
260;20230515;19;50;108;8;10172;84
260;20230515;20;50;100;1;10178;84
260;20230515;21;50;99;0;10185;82
260;20230515;22;40;95;0;10189;80
260;20230515;23;40;88;0;10193;80
260;20230515;24;40;85;0;10196;78
260;20230516;1;30;79;0;10197;80
260;20230516;2;30;78;0;10198;80
260;20230516;3;30;74;0;10201;82
260;20230516;4;20;59;1;10205;89
260;20230516;5;10;76;21;10209;83
260;20230516;6;20;97;68;10212;74
260;20230516;7;30;113;122;10215;67
260;20230516;8;40;107;113;10217;66
260;20230516;9;40;128;241;10217;58
260;20230516;10;40;130;187;10219;60
260;20230516;11;40;138;189;10219;53
260;20230516;12;40;124;154;10222;57
260;20230516;13;40;138;160;10222;53
260;20230516;14;40;136;165;10223;50
260;20230516;15;50;145;252;10223;48
260;20230516;16;40;129;126;10227;57
260;20230516;17;40;133;42;10227;62
260;20230516;18;40;126;71;10232;65
260;20230516;19;40;115;38;10237;72
260;20230516;20;20;99;2;10242;79
260;20230516;21;20;91;0;10245;83
260;20230516;22;20;85;0;10249;86
260;20230516;23;20;83;0;10249;90
260;20230516;24;20;79;0;10250;92
260;20230517;1;10;73;0;10250;94
260;20230517;2;20;88;0;10249;90
260;20230517;3;10;81;0;10251;94
260;20230517;4;20;87;1;10257;87
260;20230517;5;20;88;22;10264;86
260;20230517;6;20;104;71;10272;77
260;20230517;7;30;106;99;10276;68
260;20230517;8;40;116;186;10280;59
260;20230517;9;40;128;230;10282;53
260;20230517;10;40;130;263;10284;50
260;20230517;11;40;134;298;10284;47
260;20230517;12;50;133;310;10284;45
260;20230517;13;40;135;309;10282;47
260;20230517;14;40;139;285;10281;46
260;20230517;15;40;141;246;10282;46
260;20230517;16;40;135;199;10281;47
260;20230517;17;40;128;141;10281;52
260;20230517;18;40;117;83;10283;53
260;20230517;19;40;105;29;10285;59
260;20230517;20;30;91;2;10288;66
260;20230517;21;20;82;0;10287;71
260;20230517;22;20;71;0;10288;73
260;20230517;23;20;64;0;10290;74
260;20230517;24;20;47;0;10289;84
260;20230518;1;20;48;0;10290;83
260;20230518;2;10;38;0;10291;91
260;20230518;3;20;45;0;10290;83
260;20230518;4;20;43;1;10291;81
260;20230518;5;30;52;17;10294;79
260;20230518;6;30;69;51;10294;73
260;20230518;7;30;93;126;10298;63
260;20230518;8;40;95;174;10299;59
260;20230518;9;30;101;126;10298;56
260;20230518;10;30;114;246;10294;58
260;20230518;11;30;118;226;10290;53
260;20230518;12;40;134;287;10286;52
260;20230518;13;40;139;239;10282;50
260;20230518;14;40;145;279;10278;46
260;20230518;15;40;147;227;10275;47
260;20230518;16;30;154;184;10270;45
260;20230518;17;40;151;143;10267;45
260;20230518;18;40;143;65;10268;48
260;20230518;19;30;133;34;10270;50
260;20230518;20;20;112;5;10272;68
260;20230518;21;30;109;0;10277;70
260;20230518;22;30;100;0;10279;73
260;20230518;23;40;94;0;10280;77
260;20230518;24;30;82;0;10279;84
260;20230519;1;30;77;0;10276;85
260;20230519;2;40;74;0;10273;88
260;20230519;3;30;69;0;10270;90
260;20230519;4;30;67;1;10268;92
260;20230519;5;20;75;23;10270;90
260;20230519;6;20;94;70;10272;81
260;20230519;7;20;124;122;10272;69
260;20230519;8;20;140;164;10270;62
260;20230519;9;40;151;214;10265;50
260;20230519;10;40;168;265;10263;42
260;20230519;11;40;175;305;10258;40
260;20230519;12;40;178;306;10256;44
260;20230519;13;40;178;266;10253;41
260;20230519;14;40;181;240;10249;39
260;20230519;15;40;184;238;10246;39
260;20230519;16;40;190;150;10242;39
260;20230519;17;40;185;134;10240;41
260;20230519;18;40;173;47;10242;49
260;20230519;19;30;159;16;10244;63
260;20230519;20;20;148;2;10249;61
260;20230519;21;30;139;0;10253;69
260;20230519;22;40;132;0;10256;70
260;20230519;23;40;124;0;10256;70
260;20230519;24;40;118;0;10255;70
260;20230520;1;40;112;0;10253;74
260;20230520;2;40;109;0;10249;76
260;20230520;3;40;106;0;10247;77
260;20230520;4;40;105;1;10247;79
260;20230520;5;40;114;20;10248;77
260;20230520;6;40;129;75;10245;71
260;20230520;7;40;143;131;10244;66
260;20230520;8;40;163;188;10239;59
260;20230520;9;50;169;210;10235;51
260;20230520;10;60;187;270;10231;46
260;20230520;11;80;187;257;10225;42
260;20230520;12;60;194;291;10221;43
260;20230520;13;60;194;200;10216;47
260;20230520;14;60;192;145;10213;47
260;20230520;15;50;195;146;10207;44
260;20230520;16;60;191;98;10204;47
260;20230520;17;50;188;73;10200;49
260;20230520;18;50;184;44;10203;47
260;20230520;19;40;176;13;10204;50
260;20230520;20;40;168;3;10207;53
260;20230520;21;30;154;0;10208;58
260;20230520;22;30;153;0;10204;62
260;20230520;23;30;148;0;10200;65
260;20230520;24;30;147;0;10196;68
260;20230521;1;30;146;0;10193;70
260;20230521;2;30;144;0;10191;71
260;20230521;3;30;143;0;10190;73
260;20230521;4;30;141;1;10187;74
260;20230521;5;30;141;9;10188;75
260;20230521;6;30;142;26;10187;77
260;20230521;7;40;150;85;10187;75
260;20230521;8;40;159;111;10187;72
260;20230521;9;50;171;136;10185;68
260;20230521;10;50;182;186;10180;66
260;20230521;11;60;201;260;10178;61
260;20230521;12;50;195;224;10172;64
260;20230521;13;50;200;242;10170;62
260;20230521;14;50;207;261;10167;61
260;20230521;15;50;207;234;10165;61
260;20230521;16;50;202;182;10161;62
260;20230521;17;40;200;130;10162;65
260;20230521;18;40;190;74;10161;69
260;20230521;19;30;178;31;10162;74
260;20230521;20;30;166;4;10165;81
260;20230521;21;20;156;0;10163;86
260;20230521;22;20;147;0;10162;90
260;20230521;23;30;143;0;10160;93
260;20230521;24;20;142;0;10161;94
260;20230522;1;20;143;0;10153;94
260;20230522;2;20;141;0;10150;95
260;20230522;3;20;135;0;10145;95
260;20230522;4;10;123;2;10143;96
260;20230522;5;20;133;19;10149;95
260;20230522;6;20;148;62;10149;90
260;20230522;7;20;170;116;10152;84
260;20230522;8;20;188;170;10153;81
260;20230522;9;20;206;221;10152;75
260;20230522;10;20;216;219;10151;70
260;20230522;11;20;227;271;10149;66
260;20230522;12;20;239;309;10146;62
260;20230522;13;30;235;282;10147;60
260;20230522;14;50;229;229;10149;58
260;20230522;15;50;223;234;10154;64
260;20230522;16;50;217;190;10158;61
260;20230522;17;50;209;134;10160;63
260;20230522;18;50;199;80;10163;65
260;20230522;19;30;184;31;10168;75
260;20230522;20;30;169;3;10177;79
260;20230522;21;40;153;0;10187;84
260;20230522;22;40;143;0;10189;87
260;20230522;23;40;142;0;10190;83
260;20230522;24;50;137;0;10194;87
260;20230523;1;50;130;0;10197;90
260;20230523;2;40;130;0;10198;89
260;20230523;3;40;131;0;10202;87
260;20230523;4;40;126;1;10204;84
260;20230523;5;50;119;3;10211;83
260;20230523;6;50;118;17;10220;78
260;20230523;7;40;116;20;10223;81
260;20230523;8;50;129;78;10227;67
260;20230523;9;60;139;132;10231;61
260;20230523;10;70;140;232;10234;57
260;20230523;11;60;140;174;10237;61
260;20230523;12;60;140;173;10239;59
260;20230523;13;50;149;197;10240;55
260;20230523;14;50;146;192;10241;57
260;20230523;15;50;142;166;10241;53
260;20230523;16;60;139;136;10244;49
260;20230523;17;50;136;121;10243;52
260;20230523;18;50;126;90;10245;57
260;20230523;19;40;117;34;10247;61
260;20230523;20;30;108;4;10253;65
260;20230523;21;20;96;0;10252;76
260;20230523;22;20;91;0;10253;80
260;20230523;23;20;89;0;10252;80
260;20230523;24;10;68;0;10250;91
260;20230524;1;10;58;0;10246;94
260;20230524;2;20;58;0;10246;96
260;20230524;3;10;48;0;10245;97
260;20230524;4;10;48;2;10244;96
260;20230524;5;10;77;28;10245;97
260;20230524;6;20;109;74;10247;78
260;20230524;7;30;119;127;10250;72
260;20230524;8;40;131;190;10249;65
260;20230524;9;30;143;231;10249;60
260;20230524;10;40;149;246;10248;53
260;20230524;11;40;145;171;10247;54
260;20230524;12;40;150;122;10247;57
260;20230524;13;40;154;147;10245;51
260;20230524;14;40;155;142;10245;55
260;20230524;15;30;154;105;10245;54
260;20230524;16;30;153;108;10246;54
260;20230524;17;40;156;128;10244;53
260;20230524;18;40;151;98;10245;56
260;20230524;19;40;139;28;10248;65
260;20230524;20;30;125;4;10253;72
260;20230524;21;20;109;0;10257;81
260;20230524;22;10;96;0;10261;88
260;20230524;23;10;81;0;10263;93
260;20230524;24;10;74;0;10263;97
260;20230525;1;10;64;0;10265;98
260;20230525;2;10;57;0;10267;96
260;20230525;3;10;54;0;10269;97
260;20230525;4;10;52;2;10271;98
260;20230525;5;10;80;29;10275;97
260;20230525;6;10;113;78;10280;86
260;20230525;7;30;124;128;10284;78
260;20230525;8;30;139;154;10288;72
260;20230525;9;40;138;135;10291;67
260;20230525;10;40;148;197;10291;63
260;20230525;11;40;152;138;10292;65
260;20230525;12;50;166;183;10290;59
260;20230525;13;50;154;231;10290;59
260;20230525;14;50;160;158;10286;56
260;20230525;15;40;167;188;10284;52
260;20230525;16;40;168;194;10284;53
260;20230525;17;50;159;144;10284;56
260;20230525;18;50;148;87;10286;58
260;20230525;19;50;132;35;10288;62
260;20230525;20;40;120;4;10292;69
260;20230525;21;40;110;0;10297;71
260;20230525;22;40;101;0;10299;74
260;20230525;23;30;92;0;10299;79
260;20230525;24;30;87;0;10300;80
260;20230526;1;30;81;0;10302;82
260;20230526;2;20;77;0;10304;84
260;20230526;3;20;71;0;10306;86
260;20230526;4;20;68;2;10307;87
260;20230526;5;20;81;27;10312;83
260;20230526;6;30;97;77;10315;77
260;20230526;7;50;111;147;10316;69
260;20230526;8;50;117;156;10316;64
260;20230526;9;60;130;244;10316;61
260;20230526;10;60;140;288;10314;56
260;20230526;11;50;156;313;10312;51
260;20230526;12;50;165;320;10309;51
260;20230526;13;50;175;310;10307;47
260;20230526;14;60;177;286;10303;44
260;20230526;15;60;181;249;10302;43
260;20230526;16;60;176;200;10302;49
260;20230526;17;60;161;143;10301;52
260;20230526;18;60;151;84;10303;54
260;20230526;19;50;138;36;10305;58
260;20230526;20;40;126;5;10306;64
260;20230526;21;30;114;0;10307;69
260;20230526;22;30;104;0;10305;73
260;20230526;23;30;92;0;10305;79
260;20230526;24;30;83;0;10302;81
260;20230527;1;30;79;0;10299;83
260;20230527;2;30;74;0;10300;84
260;20230527;3;30;66;0;10298;88
260;20230527;4;20;62;3;10296;90
260;20230527;5;20;76;29;10295;86
260;20230527;6;30;99;79;10292;79
260;20230527;7;50;119;144;10286;75
260;20230527;8;40;133;172;10282;69
260;20230527;9;30;155;243;10274;62
260;20230527;10;30;167;281;10269;53
260;20230527;11;30;181;308;10262;53
260;20230527;12;30;192;317;10253;43
260;20230527;13;30;204;309;10246;41
260;20230527;14;30;216;285;10239;40
260;20230527;15;30;218;247;10233;38
260;20230527;16;30;215;199;10228;38
260;20230527;17;40;201;141;10224;53
260;20230527;18;40;192;86;10222;57
260;20230527;19;30;181;37;10223;61
260;20230527;20;30;164;6;10224;67
260;20230527;21;20;147;0;10225;81
260;20230527;22;30;139;0;10221;86
260;20230527;23;20;131;0;10218;87
260;20230527;24;20;121;0;10219;90
260;20230528;1;20;115;0;10213;91
260;20230528;2;20;112;0;10214;92
260;20230528;3;10;110;0;10213;92
260;20230528;4;20;107;2;10216;91
260;20230528;5;20;114;18;10217;89
260;20230528;6;20;131;73;10218;81
260;20230528;7;20;151;128;10218;76
260;20230528;8;20;170;186;10221;66
260;20230528;9;40;184;220;10220;60
260;20230528;10;40;192;206;10219;56
260;20230528;11;50;206;276;10217;51
260;20230528;12;50;207;297;10217;56
260;20230528;13;50;207;322;10215;49
260;20230528;14;50;208;162;10214;44
260;20230528;15;50;212;213;10214;42
260;20230528;16;60;201;199;10213;53
260;20230528;17;70;187;145;10216;57
260;20230528;18;70;175;88;10221;62
260;20230528;19;50;157;35;10226;73
260;20230528;20;50;144;5;10232;75
260;20230528;21;50;131;0;10236;79
260;20230528;22;50;119;0;10239;77
260;20230528;23;50;111;0;10243;76
260;20230528;24;50;105;0;10245;80
260;20230529;1;40;99;0;10248;80
260;20230529;2;30;94;0;10253;80
260;20230529;3;30;90;0;10253;82
260;20230529;4;30;87;2;10254;82
260;20230529;5;30;94;28;10258;79
260;20230529;6;40;106;77;10261;74
260;20230529;7;50;118;137;10263;65
260;20230529;8;60;128;192;10264;60
260;20230529;9;60;134;231;10266;57
260;20230529;10;50;142;269;10265;57
260;20230529;11;50;156;274;10263;50
260;20230529;12;60;159;291;10263;49
260;20230529;13;60;169;276;10261;51
260;20230529;14;60;169;260;10261;50
260;20230529;15;50;168;239;10261;50
260;20230529;16;50;171;184;10259;50
260;20230529;17;60;161;143;10261;53
260;20230529;18;60;150;89;10265;52
260;20230529;19;50;138;44;10264;56
260;20230529;20;40;123;8;10267;65
260;20230529;21;40;114;0;10271;68
260;20230529;22;50;105;0;10272;74
260;20230529;23;40;99;0;10275;76
260;20230529;24;40;95;0;10277;78
260;20230530;1;30;91;0;10277;80
260;20230530;2;30;86;0;10278;82
260;20230530;3;10;75;0;10280;89
260;20230530;4;20;91;3;10283;82
260;20230530;5;30;106;31;10283;76
260;20230530;6;50;108;58;10284;71
260;20230530;7;40;128;125;10286;66
260;20230530;8;40;137;189;10286;66
260;20230530;9;40;146;245;10282;60
260;20230530;10;50;154;283;10279;59
260;20230530;11;50;160;308;10277;60
260;20230530;12;50;145;250;10279;70
260;20230530;13;50;144;117;10276;69
260;20230530;14;40;146;98;10274;70
260;20230530;15;40;151;101;10270;66
260;20230530;16;40;148;82;10269;68
260;20230530;17;40;146;55;10267;67
260;20230530;18;40;145;45;10268;66
260;20230530;19;40;140;20;10269;68
260;20230530;20;30;130;4;10269;72
260;20230530;21;30;124;0;10268;75
260;20230530;22;30;123;0;10266;80
260;20230530;23;30;115;0;10271;84
260;20230530;24;30;109;0;10271;87
260;20230531;1;30;102;0;10270;90
260;20230531;2;30;99;0;10271;92
260;20230531;3;30;93;0;10267;94
260;20230531;4;30;94;4;10268;93
260;20230531;5;30;106;31;10270;89
260;20230531;6;40;120;81;10271;84
260;20230531;7;30;143;139;10271;76
260;20230531;8;40;161;195;10268;68
260;20230531;9;40;182;245;10266;62
260;20230531;10;40;196;284;10262;57
260;20230531;11;50;206;309;10257;57
260;20230531;12;40;215;304;10252;50
260;20230531;13;40;220;314;10245;52
260;20230531;14;50;214;289;10243;56
260;20230531;15;50;211;247;10239;59
260;20230531;16;60;207;205;10238;60
260;20230531;17;60;197;150;10235;62
260;20230531;18;60;182;96;10233;67
260;20230531;19;50;164;44;10233;72
260;20230531;20;50;141;8;10237;79
260;20230531;21;40;128;0;10241;84
260;20230531;22;40;116;0;10242;85
260;20230531;23;40;107;0;10244;86
260;20230531;24;40;103;0;10244;85
260;20230601;1;40;104;0;10244;85
260;20230601;2;40;104;0;10243;84
260;20230601;3;40;102;0;10241;83
260;20230601;4;40;103;3;10241;83
260;20230601;5;40;104;16;10242;82
260;20230601;6;40;112;40;10243;80
260;20230601;7;40;120;63;10243;77
260;20230601;8;50;128;117;10244;73
260;20230601;9;50;135;188;10241;69
260;20230601;10;50;152;277;10238;64
260;20230601;11;50;155;292;10236;64
260;20230601;12;50;158;334;10235;64
260;20230601;13;50;140;140;10237;73
260;20230601;14;40;144;82;10234;70
260;20230601;15;40;142;74;10230;71
260;20230601;16;50;140;71;10228;70
260;20230601;17;50;133;51;10225;69
260;20230601;18;50;128;26;10224;71
260;20230601;19;50;123;11;10222;71
260;20230601;20;50;121;3;10223;70
260;20230601;21;40;118;0;10224;70
260;20230601;22;40;113;0;10226;68
260;20230601;23;30;111;0;10226;69
260;20230601;24;30;114;0;10226;68
260;20230602;1;40;109;0;10223;68
260;20230602;2;30;106;0;10224;69
260;20230602;3;30;106;0;10223;68
260;20230602;4;30;104;2;10224;69
260;20230602;5;30;107;10;10225;69
260;20230602;6;30;110;28;10226;67
260;20230602;7;30;113;48;10228;67
260;20230602;8;40;116;81;10230;67
260;20230602;9;30;119;84;10229;70
260;20230602;10;40;132;129;10229;67
260;20230602;11;40;137;152;10229;67
260;20230602;12;30;147;147;10227;67
260;20230602;13;30;160;176;10225;65
260;20230602;14;30;175;205;10223;59
260;20230602;15;30;180;176;10219;57
260;20230602;16;40;181;161;10215;57
260;20230602;17;40;179;78;10213;51
260;20230602;18;40;178;96;10214;57
260;20230602;19;40;169;41;10212;67
260;20230602;20;40;159;7;10214;72
260;20230602;21;30;148;0;10217;77
260;20230602;22;30;140;0;10218;78
260;20230602;23;30;131;0;10220;80
260;20230602;24;30;124;0;10221;82
260;20230603;1;30;118;0;10222;82
260;20230603;2;20;104;0;10224;86
260;20230603;3;20;101;0;10221;82
260;20230603;4;30;99;4;10222;80
260;20230603;5;30;111;34;10224;74
260;20230603;6;30;137;85;10227;58
260;20230603;7;30;159;142;10227;52
260;20230603;8;30;175;199;10228;43
260;20230603;9;40;188;249;10226;38
260;20230603;10;50;189;287;10226;38
260;20230603;11;50;201;313;10225;32
260;20230603;12;50;210;324;10223;28
260;20230603;13;50;208;317;10221;27
260;20230603;14;50;211;294;10217;25
260;20230603;15;50;215;257;10215;25
260;20230603;16;50;212;207;10213;28
260;20230603;17;50;209;153;10210;27
260;20230603;18;50;202;91;10211;29
260;20230603;19;40;192;41;10213;34
260;20230603;20;40;172;7;10217;49
260;20230603;21;40;156;0;10222;54
260;20230603;22;40;144;0;10225;59
260;20230603;23;40;136;0;10226;63
260;20230603;24;30;124;0;10227;68
260;20230604;1;30;116;0;10226;69
260;20230604;2;40;114;0;10226;67
260;20230604;3;30;106;0;10227;69
260;20230604;4;20;101;4;10226;73
260;20230604;5;20;114;33;10227;72
260;20230604;6;30;131;82;10228;67
260;20230604;7;40;150;138;10230;63
260;20230604;8;40;167;194;10231;51
260;20230604;9;40;184;243;10232;47
260;20230604;10;40;196;281;10233;42
260;20230604;11;40;200;307;10232;39
260;20230604;12;30;208;313;10228;40
260;20230604;13;40;210;306;10227;44
260;20230604;14;50;215;283;10226;45
260;20230604;15;50;211;246;10224;44
260;20230604;16;50;205;200;10223;46
260;20230604;17;50;196;144;10221;53
260;20230604;18;50;181;88;10222;60
260;20230604;19;50;166;39;10224;64
260;20230604;20;40;150;7;10228;70
260;20230604;21;40;138;0;10233;73
260;20230604;22;40;128;0;10235;76
260;20230604;23;40;118;0;10237;79
260;20230604;24;30;109;0;10238;83
260;20230605;1;30;104;0;10238;86
260;20230605;2;30;100;0;10234;88
260;20230605;3;30;95;0;10232;89
260;20230605;4;20;96;4;10230;89
260;20230605;5;30;103;30;10234;85
260;20230605;6;40;114;75;10235;81
260;20230605;7;50;123;112;10236;77
260;20230605;8;50;140;192;10236;72
260;20230605;9;40;157;239;10234;65
260;20230605;10;40;172;278;10231;60
260;20230605;11;40;180;303;10227;59
260;20230605;12;40;188;312;10225;56
260;20230605;13;40;196;305;10222;55
260;20230605;14;40;195;283;10217;55
260;20230605;15;40;194;247;10215;53
260;20230605;16;50;188;201;10213;58
260;20230605;17;50;177;146;10211;62
260;20230605;18;50;167;90;10211;66
260;20230605;19;50;153;40;10211;71
260;20230605;20;40;143;8;10214;75
260;20230605;21;40;134;0;10216;77
260;20230605;22;30;126;0;10217;79
260;20230605;23;40;116;0;10220;80
260;20230605;24;30;110;0;10220;82
260;20230606;1;30;105;0;10220;84
260;20230606;2;30;101;0;10219;86
260;20230606;3;30;99;0;10218;87
260;20230606;4;30;100;4;10218;87
260;20230606;5;30;110;31;10220;84
260;20230606;6;40;123;77;10220;80
260;20230606;7;40;138;135;10220;76
260;20230606;8;40;154;191;10218;70
260;20230606;9;40;177;242;10217;63
260;20230606;10;40;184;279;10216;64
260;20230606;11;40;192;306;10214;60
260;20230606;12;40;207;316;10211;57
260;20230606;13;40;210;309;10209;56
260;20230606;14;50;213;289;10207;57
260;20230606;15;50;212;254;10206;57
260;20230606;16;50;209;209;10204;57
260;20230606;17;50;196;151;10204;61
260;20230606;18;50;187;114;10205;61
260;20230606;19;50;173;57;10208;65
260;20230606;20;40;156;11;10212;71
260;20230606;21;40;143;0;10215;78
260;20230606;22;40;135;0;10217;78
260;20230606;23;40;126;0;10216;79
260;20230606;24;30;116;0;10216;82
260;20230607;1;30;110;0;10216;85
260;20230607;2;30;106;0;10216;86
260;20230607;3;30;103;0;10214;87
260;20230607;4;30;103;5;10215;88
260;20230607;5;30;108;25;10216;86
260;20230607;6;40;108;38;10219;87
260;20230607;7;40;126;105;10219;79
260;20230607;8;30;147;163;10220;73
260;20230607;9;30;167;207;10218;67
260;20230607;10;30;177;268;10217;61
260;20230607;11;30;195;301;10213;58
260;20230607;12;30;213;284;10210;52
260;20230607;13;30;216;290;10207;56
260;20230607;14;30;213;236;10203;54
260;20230607;15;40;213;253;10199;56
260;20230607;16;40;216;202;10196;49
260;20230607;17;50;210;151;10194;55
260;20230607;18;40;197;85;10195;61
260;20230607;19;40;180;42;10195;66
260;20230607;20;40;163;9;10198;72
260;20230607;21;30;149;0;10200;79
260;20230607;22;30;142;0;10201;79
260;20230607;23;30;136;0;10200;79
260;20230607;24;30;124;0;10199;83
260;20230608;1;30;117;0;10196;85
260;20230608;2;30;110;0;10194;89
260;20230608;3;30;108;0;10192;89
260;20230608;4;30;109;4;10191;90
260;20230608;5;30;115;28;10190;86
260;20230608;6;40;123;69;10188;82
260;20230608;7;40;142;85;10189;75
260;20230608;8;40;150;150;10189;73
260;20230608;9;40;180;233;10186;65
260;20230608;10;40;198;266;10184;55
260;20230608;11;40;214;285;10180;53
260;20230608;12;40;226;259;10174;47
260;20230608;13;50;236;302;10168;47
260;20230608;14;50;245;283;10162;47
260;20230608;15;50;244;246;10157;49
260;20230608;16;50;238;200;10154;51
260;20230608;17;60;233;148;10151;53
260;20230608;18;50;226;93;10150;53
260;20230608;19;50;211;43;10154;54
260;20230608;20;40;194;8;10160;57
260;20230608;21;40;177;0;10161;62
260;20230608;22;40;165;0;10164;65
260;20230608;23;40;154;0;10163;71
260;20230608;24;30;145;0;10161;75
260;20230609;1;30;138;0;10158;78
260;20230609;2;30;133;0;10156;79
260;20230609;3;40;130;0;10155;73
260;20230609;4;40;124;4;10155;76
260;20230609;5;30;132;31;10155;76
260;20230609;6;30;152;78;10156;73
260;20230609;7;30;175;134;10157;67
260;20230609;8;30;203;188;10157;62
260;20230609;9;30;225;237;10154;55
260;20230609;10;30;246;276;10152;50
260;20230609;11;30;263;300;10147;47
260;20230609;12;40;269;296;10142;38
260;20230609;13;50;276;266;10138;38
260;20230609;14;50;279;195;10134;36
260;20230609;15;50;285;259;10132;32
260;20230609;16;50;275;203;10129;34
260;20230609;17;50;274;119;10127;36
260;20230609;18;50;276;86;10129;37
260;20230609;19;40;262;43;10133;41
260;20230609;20;40;251;8;10140;45
260;20230609;21;40;237;0;10146;48
260;20230609;22;40;225;0;10148;52
260;20230609;23;30;206;0;10149;57
260;20230609;24;30;200;0;10150;56
260;20230610;1;30;192;0;10152;56
260;20230610;2;30;188;0;10153;54
260;20230610;3;30;181;0;10153;58
260;20230610;4;40;180;4;10155;61
260;20230610;5;30;186;31;10159;61
260;20230610;6;30;200;78;10161;61
260;20230610;7;40;215;133;10160;55
260;20230610;8;30;233;189;10163;50
260;20230610;9;30;255;238;10162;44
260;20230610;10;40;269;276;10162;40
260;20230610;11;50;278;302;10158;35
260;20230610;12;40;284;312;10155;32
260;20230610;13;40;289;306;10152;29
260;20230610;14;40;293;285;10147;30
260;20230610;15;40;294;249;10147;29
260;20230610;16;40;291;201;10143;28
260;20230610;17;40;285;152;10141;29
260;20230610;18;50;276;98;10145;27
260;20230610;19;40;259;47;10149;32
260;20230610;20;40;241;9;10153;35
260;20230610;21;30;218;0;10158;43
260;20230610;22;30;202;0;10160;49
260;20230610;23;20;179;0;10159;62
260;20230610;24;20;173;0;10158;63
260;20230611;1;20;161;0;10154;74
260;20230611;2;20;173;0;10154;68
260;20230611;3;20;157;0;10153;79
260;20230611;4;20;163;4;10156;77
260;20230611;5;20;195;33;10156;66
260;20230611;6;30;214;81;10157;60
260;20230611;7;30;233;136;10160;57
260;20230611;8;30;249;190;10160;54
260;20230611;9;30;263;239;10159;51
260;20230611;10;30;277;276;10158;49
260;20230611;11;40;289;313;10156;40
260;20230611;12;50;293;300;10153;39
260;20230611;13;50;299;324;10151;33
260;20230611;14;50;299;290;10149;33
260;20230611;15;50;299;253;10146;32
260;20230611;16;50;299;206;10143;31
260;20230611;17;40;294;152;10142;31
260;20230611;18;50;288;94;10142;32
260;20230611;19;40;277;43;10145;35
260;20230611;20;40;256;8;10150;40
260;20230611;21;30;240;0;10156;40
260;20230611;22;30;232;0;10157;41
260;20230611;23;40;223;0;10159;40
260;20230611;24;40;215;0;10158;41
260;20230612;1;40;208;0;10158;43
260;20230612;2;20;189;0;10159;49
260;20230612;3;20;167;0;10159;60
260;20230612;4;30;178;5;10162;54
260;20230612;5;20;189;29;10163;51
260;20230612;6;20;214;83;10164;50
260;20230612;7;20;240;143;10164;41
260;20230612;8;30;259;199;10164;36
260;20230612;9;40;269;245;10161;31
260;20230612;10;60;276;281;10160;28
260;20230612;11;60;281;309;10157;26
260;20230612;12;60;287;323;10153;23
260;20230612;13;50;293;315;10149;18
260;20230612;14;40;295;297;10145;20
260;20230612;15;30;294;205;10143;29
260;20230612;16;30;279;137;10139;31
260;20230612;17;40;280;142;10135;32
260;20230612;18;40;272;95;10135;36
260;20230612;19;40;263;43;10137;33
260;20230612;20;30;241;9;10142;37
260;20230612;21;30;231;0;10147;39
260;20230612;22;40;220;0;10149;39
260;20230612;23;40;211;0;10148;38
260;20230612;24;40;202;0;10148;39
260;20230613;1;30;187;0;10147;44
260;20230613;2;30;177;0;10146;47
260;20230613;3;20;156;0;10147;55
260;20230613;4;20;150;4;10148;58
260;20230613;5;30;169;35;10149;54
260;20230613;6;30;195;86;10152;49
260;20230613;7;30;223;142;10151;42
260;20230613;8;50;240;198;10152;36
260;20230613;9;70;247;248;10150;29
260;20230613;10;80;256;287;10147;27
260;20230613;11;70;261;311;10144;28
260;20230613;12;50;265;320;10141;27
260;20230613;13;50;268;313;10138;26
260;20230613;14;50;268;291;10135;28
260;20230613;15;50;267;254;10132;27
260;20230613;16;50;266;208;10131;27
260;20230613;17;50;269;154;10129;25
260;20230613;18;40;263;98;10131;27
260;20230613;19;30;244;46;10134;41
260;20230613;20;50;226;9;10141;39
260;20230613;21;50;213;0;10148;40
260;20230613;22;40;195;0;10151;46
260;20230613;23;40;185;0;10154;50
260;20230613;24;30;175;0;10156;55
260;20230614;1;40;170;0;10156;53
260;20230614;2;30;161;0;10156;56
260;20230614;3;30;148;0;10157;61
260;20230614;4;20;144;5;10162;63
260;20230614;5;20;155;36;10165;61
260;20230614;6;30;178;85;10168;54
260;20230614;7;40;197;141;10172;47
260;20230614;8;50;220;196;10176;41
260;20230614;9;60;230;246;10176;37
260;20230614;10;60;233;285;10177;32
260;20230614;11;70;239;313;10177;31
260;20230614;12;50;245;321;10175;31
260;20230614;13;60;249;317;10174;32
260;20230614;14;50;248;295;10175;29
260;20230614;15;50;251;259;10172;31
260;20230614;16;50;248;213;10173;29
260;20230614;17;40;246;159;10173;32
260;20230614;18;50;237;103;10176;32
260;20230614;19;40;226;50;10180;38
260;20230614;20;30;207;11;10185;45
260;20230614;21;20;173;0;10189;60
260;20230614;22;20;156;0;10191;66
260;20230614;23;20;137;0;10192;78
260;20230614;24;30;162;0;10194;64
260;20230615;1;20;141;0;10195;76
260;20230615;2;20;130;0;10195;84
260;20230615;3;10;117;0;10196;90
260;20230615;4;10;112;4;10197;92
260;20230615;5;10;158;33;10200;75
260;20230615;6;10;177;81;10202;69
260;20230615;7;10;209;135;10202;57
260;20230615;8;10;226;188;10203;51
260;20230615;9;20;242;236;10202;44
260;20230615;10;30;242;277;10202;43
260;20230615;11;30;243;278;10201;36
260;20230615;12;30;244;248;10198;36
260;20230615;13;30;257;214;10193;34
260;20230615;14;40;259;253;10193;31
260;20230615;15;40;252;228;10191;33
260;20230615;16;40;252;206;10189;32
260;20230615;17;40;244;152;10189;37
260;20230615;18;40;235;98;10191;38
260;20230615;19;40;226;49;10193;39
260;20230615;20;30;207;10;10195;49
260;20230615;21;20;182;0;10196;62
260;20230615;22;20;183;0;10196;65
260;20230615;23;20;144;0;10196;83
260;20230615;24;0;125;0;10195;90
260;20230616;1;0;114;0;10193;91
260;20230616;2;10;110;0;10193;95
260;20230616;3;10;106;0;10192;93
260;20230616;4;10;106;4;10193;93
260;20230616;5;10;132;35;10195;84
260;20230616;6;20;179;82;10196;62
260;20230616;7;10;202;137;10198;53
260;20230616;8;10;226;190;10198;41
260;20230616;9;20;235;240;10196;36
260;20230616;10;20;239;279;10195;35
260;20230616;11;30;251;305;10191;30
260;20230616;12;30;259;316;10190;27
260;20230616;13;30;257;311;10188;25
260;20230616;14;30;259;290;10183;27
260;20230616;15;40;252;257;10182;32
260;20230616;16;50;250;206;10180;32
260;20230616;17;50;243;154;10177;30
260;20230616;18;40;235;100;10177;32
260;20230616;19;30;215;48;10177;41
260;20230616;20;20;193;10;10178;50
260;20230616;21;20;156;0;10179;70
260;20230616;22;10;131;0;10177;82
260;20230616;23;10;118;0;10175;86
260;20230616;24;10;110;0;10173;90
260;20230617;1;10;100;0;10170;93
260;20230617;2;10;99;0;10168;95
260;20230617;3;0;92;0;10166;97
260;20230617;4;0;95;5;10164;97
260;20230617;5;0;123;37;10165;83
260;20230617;6;10;171;86;10166;65
260;20230617;7;10;194;143;10166;54
260;20230617;8;20;216;197;10165;43
260;20230617;9;20;227;247;10163;36
260;20230617;10;20;240;285;10164;31
260;20230617;11;30;249;312;10158;28
260;20230617;12;20;255;321;10154;26
260;20230617;13;20;265;318;10149;23
260;20230617;14;20;272;268;10147;20
260;20230617;15;30;269;227;10145;22
260;20230617;16;30;269;176;10143;23
260;20230617;17;20;265;118;10139;23
260;20230617;18;20;255;61;10140;29
260;20230617;19;20;234;25;10140;50
260;20230617;20;20;220;5;10140;55
260;20230617;21;20;205;0;10141;65
260;20230617;22;10;201;0;10139;67
260;20230617;23;10;206;0;10138;60
260;20230617;24;20;207;0;10135;59
260;20230618;1;30;196;0;10133;62
260;20230618;2;20;172;0;10131;74
260;20230618;3;20;152;0;10127;84
260;20230618;4;20;159;5;10128;80
260;20230618;5;20;177;22;10130;71
260;20230618;6;20;198;60;10131;65
260;20230618;7;20;218;96;10132;57
260;20230618;8;20;226;68;10134;54
260;20230618;9;20;241;155;10131;43
260;20230618;10;20;246;142;10129;45
260;20230618;11;20;241;105;10127;49
260;20230618;12;20;243;120;10123;50
260;20230618;13;30;240;94;10121;52
260;20230618;14;20;241;70;10116;53
260;20230618;15;30;248;113;10112;45
260;20230618;16;30;243;68;10112;44
260;20230618;17;30;235;26;10107;48
260;20230618;18;30;232;15;10098;45
260;20230618;19;30;230;5;10095;45
260;20230618;20;30;227;2;10097;49
260;20230618;21;30;219;0;10092;54
260;20230618;22;40;222;0;10083;52
260;20230618;23;40;223;0;10074;51
260;20230618;24;40;225;0;10076;52
260;20230619;1;40;214;0;10078;61
260;20230619;2;60;202;0;10083;72
260;20230619;3;50;200;0;10086;76
260;20230619;4;60;193;1;10091;83
260;20230619;5;60;191;7;10099;80
260;20230619;6;60;188;35;10106;77
260;20230619;7;50;193;63;10112;74
260;20230619;8;60;193;103;10120;73
260;20230619;9;50;199;111;10126;71
260;20230619;10;50;204;154;10132;68
260;20230619;11;40;220;245;10132;60
260;20230619;12;40;223;268;10133;59
260;20230619;13;40;235;250;10133;53
260;20230619;14;40;249;264;10131;46
260;20230619;15;30;250;249;10129;45
260;20230619;16;30;253;212;10126;43
260;20230619;17;30;239;138;10128;52
260;20230619;18;30;233;86;10124;53
260;20230619;19;20;225;36;10126;58
260;20230619;20;20;212;7;10129;60
260;20230619;21;20;200;0;10133;64
260;20230619;22;30;198;0;10130;67
260;20230619;23;30;198;0;10128;66
260;20230619;24;30;198;0;10125;64
260;20230620;1;30;200;0;10123;63
260;20230620;2;30;195;0;10121;66
260;20230620;3;40;198;0;10116;63
260;20230620;4;30;193;2;10114;66
260;20230620;5;20;195;8;10113;67
260;20230620;6;30;216;52;10109;63
260;20230620;7;30;224;116;10110;62
260;20230620;8;30;236;155;10107;59
260;20230620;9;30;245;215;10106;58
260;20230620;10;30;269;260;10104;54
260;20230620;11;40;268;272;10100;55
260;20230620;12;40;279;257;10095;52
260;20230620;13;40;281;260;10091;48
260;20230620;14;40;286;213;10085;46
260;20230620;15;30;274;62;10079;50
260;20230620;16;50;203;7;10103;90
260;20230620;17;30;197;11;10099;92
260;20230620;18;20;194;14;10098;95
260;20230620;19;10;195;14;10100;94
260;20230620;20;20;195;2;10105;92
260;20230620;21;30;192;0;10112;95
260;20230620;22;30;191;0;10112;94
260;20230620;23;30;187;0;10113;96
260;20230620;24;30;187;0;10118;94
260;20230621;1;30;183;0;10123;95
260;20230621;2;30;183;0;10124;96
260;20230621;3;30;182;0;10130;95
260;20230621;4;20;177;3;10138;96
260;20230621;5;20;184;26;10141;93
260;20230621;6;20;196;96;10146;84
260;20230621;7;30;201;112;10154;78
260;20230621;8;30;211;183;10158;73
260;20230621;9;30;220;221;10162;64
260;20230621;10;40;234;262;10163;63
260;20230621;11;40;239;278;10168;56
260;20230621;12;40;247;234;10171;50
260;20230621;13;50;254;311;10177;48
260;20230621;14;40;250;242;10179;51
260;20230621;15;40;248;253;10182;52
260;20230621;16;40;240;187;10185;52
260;20230621;17;30;240;156;10187;49
260;20230621;18;30;230;93;10186;53
260;20230621;19;20;223;40;10184;59
260;20230621;20;20;202;11;10184;71
260;20230621;21;10;177;0;10190;86
260;20230621;22;10;165;0;10192;92
260;20230621;23;10;159;0;10194;93
260;20230621;24;10;149;0;10197;97
260;20230622;1;10;145;0;10194;96
260;20230622;2;10;137;0;10193;97
260;20230622;3;10;132;0;10191;97
260;20230622;4;10;138;3;10188;98
260;20230622;5;10;168;33;10188;89
260;20230622;6;20;179;67;10189;86
260;20230622;7;20;208;126;10183;77
260;20230622;8;30;223;174;10180;68
260;20230622;9;40;237;212;10174;58
260;20230622;10;40;239;132;10173;56
260;20230622;11;30;235;68;10172;60
260;20230622;12;30;230;69;10168;66
260;20230622;13;30;226;70;10163;70
260;20230622;14;30;206;33;10162;84
260;20230622;15;30;199;34;10161;85
260;20230622;16;30;193;23;10158;87
260;20230622;17;20;190;16;10158;94
260;20230622;18;20;192;12;10161;93
260;20230622;19;30;189;11;10161;91
260;20230622;20;30;186;3;10167;82
260;20230622;21;30;179;0;10173;82
260;20230622;22;30;174;0;10180;82
260;20230622;23;30;172;0;10183;87
260;20230622;24;30;168;0;10188;86
260;20230623;1;30;164;0;10192;85
260;20230623;2;20;149;0;10199;92
260;20230623;3;20;152;0;10206;92
260;20230623;4;20;154;3;10210;95
260;20230623;5;20;162;22;10214;95
260;20230623;6;20;180;77;10220;89
260;20230623;7;20;194;131;10225;82
260;20230623;8;30;209;187;10227;73
260;20230623;9;30;224;241;10232;65
260;20230623;10;30;229;284;10235;55
260;20230623;11;30;240;312;10238;47
260;20230623;12;30;247;314;10239;44
260;20230623;13;30;250;290;10239;44
260;20230623;14;30;250;232;10239;43
260;20230623;15;30;252;248;10240;42
260;20230623;16;30;248;197;10242;44
260;20230623;17;30;246;147;10243;46
260;20230623;18;20;236;80;10242;48
260;20230623;19;20;224;36;10244;54
260;20230623;20;10;194;10;10245;76
260;20230623;21;10;170;0;10244;89
260;20230623;22;10;160;0;10245;91
260;20230623;23;10;153;0;10246;94
260;20230623;24;10;149;0;10245;93
260;20230624;1;10;144;0;10245;95
260;20230624;2;10;137;0;10243;97
260;20230624;3;10;132;0;10240;99
260;20230624;4;10;130;3;10241;98
260;20230624;5;10;159;28;10242;83
260;20230624;6;10;195;80;10244;66
260;20230624;7;20;209;136;10245;63
260;20230624;8;20;223;191;10245;60
260;20230624;9;30;235;242;10244;58
260;20230624;10;30;249;278;10241;54
260;20230624;11;20;257;266;10239;52
260;20230624;12;30;259;311;10235;50
260;20230624;13;20;261;261;10231;48
260;20230624;14;30;276;321;10229;42
260;20230624;15;30;278;276;10226;41
260;20230624;16;20;276;224;10223;43
260;20230624;17;30;260;103;10221;54
260;20230624;18;30;252;97;10220;55
260;20230624;19;20;242;44;10218;58
260;20230624;20;20;224;9;10216;65
260;20230624;21;10;193;0;10217;83
260;20230624;22;10;177;0;10213;92
260;20230624;23;10;172;0;10212;92
260;20230624;24;10;167;0;10207;94
260;20230625;1;10;167;0;10202;95
260;20230625;2;20;172;0;10196;91
260;20230625;3;20;166;0;10192;92
260;20230625;4;20;161;3;10189;95
260;20230625;5;10;194;32;10187;83
260;20230625;6;10;218;81;10187;69
260;20230625;7;20;238;137;10185;55
260;20230625;8;20;253;193;10182;51
260;20230625;9;20;270;242;10178;39
260;20230625;10;30;278;281;10174;40
260;20230625;11;30;295;308;10168;36
260;20230625;12;30;295;319;10163;36
260;20230625;13;40;302;313;10157;35
260;20230625;14;40;306;292;10152;35
260;20230625;15;40;305;255;10147;33
260;20230625;16;40;309;210;10141;35
260;20230625;17;40;307;154;10137;34
260;20230625;18;30;300;99;10133;37
260;20230625;19;30;289;46;10131;41
260;20230625;20;20;258;9;10128;52
260;20230625;21;20;216;0;10129;76
260;20230625;22;20;200;0;10128;83
260;20230625;23;20;200;0;10124;78
260;20230625;24;20;192;0;10121;85
260;20230626;1;30;225;0;10122;64
260;20230626;2;40;210;0;10125;71
260;20230626;3;30;202;0;10128;76
260;20230626;4;30;195;2;10133;76
260;20230626;5;40;191;25;10139;76
260;20230626;6;30;199;78;10147;70
260;20230626;7;50;198;100;10156;73
260;20230626;8;40;204;155;10161;69
260;20230626;9;50;198;203;10168;64
260;20230626;10;50;205;229;10174;59
260;20230626;11;50;208;244;10180;56
260;20230626;12;60;207;264;10188;50
260;20230626;13;50;205;286;10192;52
260;20230626;14;50;207;278;10195;50
260;20230626;15;50;213;270;10196;48
260;20230626;16;50;207;168;10196;50
260;20230626;17;40;197;127;10196;56
260;20230626;18;40;199;93;10198;54
260;20230626;19;30;188;45;10201;61
260;20230626;20;20;176;7;10205;70
260;20230626;21;10;158;0;10205;82
260;20230626;22;10;144;0;10204;90
260;20230626;23;10;135;0;10202;93
260;20230626;24;10;134;0;10200;95
260;20230627;1;10;141;0;10200;93
260;20230627;2;10;132;0;10198;95
260;20230627;3;10;129;0;10198;97
260;20230627;4;10;135;3;10198;97
260;20230627;5;20;156;15;10200;86
260;20230627;6;20;175;48;10200;77
260;20230627;7;20;194;137;10204;58
260;20230627;8;30;201;177;10202;52
260;20230627;9;30;196;122;10203;53
260;20230627;10;30;200;111;10206;52
260;20230627;11;40;202;180;10205;49
260;20230627;12;40;211;234;10205;48
260;20230627;13;40;209;219;10202;49
260;20230627;14;50;213;235;10201;44
260;20230627;15;50;209;181;10197;46
260;20230627;16;40;201;154;10194;52
260;20230627;17;30;196;83;10194;49
260;20230627;18;30;188;36;10197;55
260;20230627;19;20;183;17;10197;57
260;20230627;20;20;170;3;10196;68
260;20230627;21;20;158;0;10198;84
260;20230627;22;20;151;0;10196;85
260;20230627;23;20;146;0;10194;89
260;20230627;24;10;144;0;10191;93
260;20230628;1;10;146;0;10189;92
260;20230628;2;20;146;0;10189;89
260;20230628;3;20;142;0;10186;91
260;20230628;4;20;143;0;10183;94
260;20230628;5;30;147;4;10182;95
260;20230628;6;30;151;13;10181;96
260;20230628;7;30;154;24;10182;94
260;20230628;8;30;161;29;10182;90
260;20230628;9;30;169;48;10183;86
260;20230628;10;30;182;101;10181;82
260;20230628;11;30;203;137;10178;77
260;20230628;12;30;218;161;10176;70
260;20230628;13;30;208;42;10176;72
260;20230628;14;30;209;59;10176;72
260;20230628;15;30;209;40;10174;75
260;20230628;16;20;212;25;10172;76
260;20230628;17;20;214;31;10169;75
260;20230628;18;20;212;20;10170;73
260;20230628;19;10;211;14;10171;72
260;20230628;20;20;204;3;10170;78
260;20230628;21;20;200;0;10170;76
260;20230628;22;20;195;0;10169;78
260;20230628;23;20;193;0;10165;79
260;20230628;24;20;179;0;10162;89
260;20230629;1;10;179;0;10158;90
260;20230629;2;10;180;0;10155;90
260;20230629;3;10;179;0;10151;92
260;20230629;4;20;183;1;10147;92
260;20230629;5;20;188;10;10144;89
260;20230629;6;30;191;18;10143;85
260;20230629;7;30;193;32;10143;83
260;20230629;8;30;197;68;10142;81
260;20230629;9;40;216;154;10139;73
260;20230629;10;40;216;135;10139;73
260;20230629;11;40;227;201;10137;69
260;20230629;12;40;216;118;10136;73
260;20230629;13;40;221;117;10134;66
260;20230629;14;50;227;228;10133;62
260;20230629;15;50;210;128;10136;72
260;20230629;16;50;192;116;10136;79
260;20230629;17;50;175;31;10142;82
260;20230629;18;40;163;11;10145;86
260;20230629;19;40;164;10;10146;76
260;20230629;20;20;165;5;10151;79
260;20230629;21;20;165;0;10150;73
260;20230629;22;20;154;0;10153;80
260;20230629;23;20;137;0;10151;86
260;20230629;24;10;115;0;10150;94
260;20230630;1;10;102;0;10147;98
260;20230630;2;10;98;0;10147;97
260;20230630;3;20;90;0;10146;97
260;20230630;4;10;88;2;10147;98
260;20230630;5;10;133;32;10146;88
260;20230630;6;10;160;79;10147;74
260;20230630;7;30;176;132;10146;60
260;20230630;8;30;187;184;10146;56
260;20230630;9;30;189;200;10143;55
260;20230630;10;30;194;137;10140;53
260;20230630;11;30;204;191;10135;50
260;20230630;12;40;220;232;10131;48
260;20230630;13;50;219;250;10124;46
260;20230630;14;50;225;246;10119;43
260;20230630;15;50;224;141;10114;45
260;20230630;16;50;217;93;10110;49
260;20230630;17;40;207;63;10105;53
260;20230630;18;40;193;48;10106;57
260;20230630;19;30;190;23;10103;53
260;20230630;20;30;185;5;10099;54
260;20230630;21;40;182;0;10094;61
260;20230630;22;40;181;0;10084;58
260;20230630;23;40;181;0;10078;60
260;20230630;24;40;180;0;10072;65
260;20230701;1;60;158;0;10064;85
260;20230701;2;60;166;0;10055;78
260;20230701;3;60;166;0;10049;80
260;20230701;4;60;164;0;10043;85
260;20230701;5;60;159;4;10039;93
260;20230701;6;50;164;9;10035;91
260;20230701;7;50;165;16;10034;94
260;20230701;8;40;170;27;10032;94
260;20230701;9;50;175;41;10030;94
260;20230701;10;40;179;53;10028;95
260;20230701;11;40;181;83;10029;94
260;20230701;12;40;189;116;10031;88
260;20230701;13;40;196;110;10034;82
260;20230701;14;50;181;94;10042;81
260;20230701;15;40;188;90;10045;76
260;20230701;16;40;195;86;10047;71
260;20230701;17;40;193;75;10047;69
260;20230701;18;40;189;30;10053;70
260;20230701;19;40;183;12;10057;71
260;20230701;20;30;180;3;10062;69
260;20230701;21;30;175;0;10065;72
260;20230701;22;30;176;0;10066;74
260;20230701;23;30;177;0;10064;79
260;20230701;24;30;160;0;10066;81
260;20230702;1;20;150;0;10070;77
260;20230702;2;20;142;0;10070;77
260;20230702;3;20;130;0;10074;84
260;20230702;4;30;134;3;10077;80
260;20230702;5;30;144;29;10081;76
260;20230702;6;30;160;80;10085;69
260;20230702;7;50;165;116;10091;63
260;20230702;8;50;175;185;10096;56
260;20230702;9;60;176;205;10100;55
260;20230702;10;50;179;202;10101;45
260;20230702;11;60;184;209;10105;43
260;20230702;12;60;195;206;10106;43
260;20230702;13;60;198;260;10109;42
260;20230702;14;60;202;311;10111;41
260;20230702;15;60;196;229;10112;39
260;20230702;16;50;195;153;10108;43
260;20230702;17;50;194;121;10106;46
260;20230702;18;50;190;53;10103;49
260;20230702;19;50;181;23;10102;53
260;20230702;20;40;177;4;10101;57
260;20230702;21;40;172;0;10101;66
260;20230702;22;40;169;0;10100;73
260;20230702;23;40;168;0;10096;73
260;20230702;24;50;167;0;10090;71
260;20230703;1;50;163;0;10089;74
260;20230703;2;50;160;0;10087;78
260;20230703;3;40;157;0;10086;81
260;20230703;4;30;162;1;10086;60
260;20230703;5;30;160;12;10090;59
260;20230703;6;30;163;37;10092;60
260;20230703;7;40;170;73;10094;56
260;20230703;8;50;181;154;10095;53
260;20230703;9;50;171;60;10100;57
260;20230703;10;50;173;119;10102;58
260;20230703;11;50;174;117;10104;56
260;20230703;12;60;175;131;10104;55
260;20230703;13;60;190;109;10105;46
260;20230703;14;70;181;108;10107;47
260;20230703;15;60;174;73;10104;50
260;20230703;16;60;187;131;10100;47
260;20230703;17;60;190;101;10093;52
260;20230703;18;60;191;52;10088;53
260;20230703;19;60;177;9;10091;59
260;20230703;20;60;143;1;10094;92
260;20230703;21;40;139;0;10096;90
260;20230703;22;40;130;0;10099;89
260;20230703;23;40;135;0;10098;90
260;20230703;24;40;137;0;10100;93
260;20230704;1;30;137;0;10103;84
260;20230704;2;20;128;0;10103;87
260;20230704;3;30;129;0;10103;86
260;20230704;4;20;128;2;10105;87
260;20230704;5;30;137;16;10106;82
260;20230704;6;20;155;59;10109;75
260;20230704;7;30;165;96;10113;75
260;20230704;8;40;161;60;10116;76
260;20230704;9;40;175;122;10118;61
260;20230704;10;60;184;147;10122;55
260;20230704;11;50;187;129;10125;52
260;20230704;12;60;194;219;10126;48
260;20230704;13;60;201;282;10125;47
260;20230704;14;50;201;239;10124;47
260;20230704;15;50;202;183;10122;45
260;20230704;16;40;206;142;10118;48
260;20230704;17;20;200;93;10111;53
260;20230704;18;10;195;42;10108;57
260;20230704;19;20;186;23;10098;61
260;20230704;20;30;172;2;10095;71
260;20230704;21;30;153;0;10088;89
260;20230704;22;20;149;0;10074;95
260;20230704;23;40;148;0;10057;94
260;20230704;24;40;150;0;10044;90
260;20230705;1;40;152;0;10023;96
260;20230705;2;50;159;0;10016;92
260;20230705;3;60;148;0;10018;83
260;20230705;4;70;142;0;10016;80
260;20230705;5;80;132;9;10016;88
260;20230705;6;80;127;21;10014;91
260;20230705;7;90;117;7;10019;91
260;20230705;8;90;127;16;10031;89
260;20230705;9;80;125;42;10048;90
260;20230705;10;80;118;36;10067;90
260;20230705;11;60;146;80;10077;84
260;20230705;12;60;125;45;10094;91
260;20230705;13;40;137;132;10101;89
260;20230705;14;30;178;134;10107;67
260;20230705;15;60;185;186;10113;59
260;20230705;16;60;183;91;10119;66
260;20230705;17;40;166;84;10126;67
260;20230705;18;30;176;99;10129;58
260;20230705;19;30;162;38;10135;67
260;20230705;20;30;141;2;10138;87
260;20230705;21;20;126;0;10144;93
260;20230705;22;20;128;0;10147;92
260;20230705;23;20;119;0;10149;95
260;20230705;24;20;124;0;10149;95
260;20230706;1;30;135;0;10149;89
260;20230706;2;30;139;0;10149;87
260;20230706;3;20;137;0;10150;88
260;20230706;4;30;137;1;10152;89
260;20230706;5;30;141;14;10155;90
260;20230706;6;30;153;53;10158;88
260;20230706;7;40;165;90;10165;85
260;20230706;8;40;181;159;10167;78
260;20230706;9;40;184;169;10171;72
260;20230706;10;40;180;114;10174;68
260;20230706;11;30;189;68;10177;70
260;20230706;12;40;191;139;10179;57
260;20230706;13;40;210;282;10180;46
260;20230706;14;50;215;302;10179;42
260;20230706;15;40;211;243;10180;43
260;20230706;16;30;216;200;10176;42
260;20230706;17;30;213;154;10176;46
260;20230706;18;30;207;96;10178;48
260;20230706;19;20;207;39;10179;51
260;20230706;20;20;166;11;10185;75
260;20230706;21;10;135;0;10190;94
260;20230706;22;10;124;0;10193;95
260;20230706;23;10;116;0;10193;97
260;20230706;24;10;111;0;10192;97
260;20230707;1;10;105;0;10192;98
260;20230707;2;10;100;0;10191;97
260;20230707;3;20;95;0;10191;97
260;20230707;4;20;105;3;10193;97
260;20230707;5;20;140;29;10193;83
260;20230707;6;30;168;78;10196;70
260;20230707;7;30;195;135;10199;60
260;20230707;8;30;218;191;10201;53
260;20230707;9;40;237;243;10202;50
260;20230707;10;40;244;286;10201;37
260;20230707;11;40;254;315;10199;33
260;20230707;12;40;259;329;10196;26
260;20230707;13;40;263;327;10194;30
260;20230707;14;30;270;303;10191;33
260;20230707;15;30;269;265;10188;34
260;20230707;16;30;272;214;10185;32
260;20230707;17;30;272;157;10182;31
260;20230707;18;30;263;101;10179;35
260;20230707;19;30;252;48;10179;38
260;20230707;20;30;227;9;10181;47
260;20230707;21;30;212;0;10182;53
260;20230707;22;30;207;0;10182;53
260;20230707;23;30;205;0;10180;53
260;20230707;24;40;200;0;10178;54
260;20230708;1;40;188;0;10173;59
260;20230708;2;30;181;0;10170;63
260;20230708;3;30;177;0;10165;66
260;20230708;4;30;172;2;10166;68
260;20230708;5;20;183;25;10166;66
260;20230708;6;30;199;71;10165;59
260;20230708;7;30;222;128;10166;59
260;20230708;8;30;243;185;10163;51
260;20230708;9;30;261;236;10166;45
260;20230708;10;20;278;274;10166;46
260;20230708;11;20;293;301;10163;43
260;20230708;12;30;307;314;10161;35
260;20230708;13;30;315;309;10158;31
260;20230708;14;30;319;292;10157;36
260;20230708;15;30;314;223;10159;35
260;20230708;16;30;308;169;10158;40
260;20230708;17;20;311;90;10156;43
260;20230708;18;10;312;90;10156;41
260;20230708;19;30;291;44;10160;45
260;20230708;20;20;243;8;10163;73
260;20230708;21;10;216;0;10167;82
260;20230708;22;10;207;0;10168;84
260;20230708;23;10;194;0;10173;92
260;20230708;24;10;189;0;10171;93
260;20230709;1;10;182;0;10174;95
260;20230709;2;10;180;0;10175;95
260;20230709;3;10;175;0;10175;97
260;20230709;4;10;175;1;10177;96
260;20230709;5;10;187;16;10176;94
260;20230709;6;10;229;56;10175;78
260;20230709;7;10;256;106;10178;68
260;20230709;8;10;266;166;10179;67
260;20230709;9;30;284;207;10177;58
260;20230709;10;30;289;240;10174;56
260;20230709;11;30;287;209;10176;56
260;20230709;12;30;289;214;10177;58
260;20230709;13;40;264;212;10183;57
260;20230709;14;50;235;125;10184;69
260;20230709;15;50;201;19;10198;92
260;20230709;16;30;207;78;10184;86
260;20230709;17;20;212;55;10192;87
260;20230709;18;30;205;56;10195;86
260;20230709;19;20;202;22;10196;87
260;20230709;20;10;199;3;10197;89
260;20230709;21;10;195;0;10200;91
260;20230709;22;20;188;0;10203;89
260;20230709;23;20;186;0;10206;87
260;20230709;24;20;177;0;10202;85
260;20230710;1;10;171;0;10203;93
260;20230710;2;10;167;0;10203;91
260;20230710;3;20;160;0;10203;92
260;20230710;4;10;160;1;10207;92
260;20230710;5;20;171;15;10209;87
260;20230710;6;30;188;74;10210;78
260;20230710;7;30;200;131;10214;74
260;20230710;8;30;207;183;10216;68
260;20230710;9;40;219;227;10215;58
260;20230710;10;40;224;276;10215;55
260;20230710;11;40;229;275;10216;54
260;20230710;12;40;241;260;10213;54
260;20230710;13;40;241;316;10212;49
260;20230710;14;40;238;224;10209;49
260;20230710;15;30;249;268;10206;46
260;20230710;16;30;239;212;10201;44
260;20230710;17;30;242;161;10195;44
260;20230710;18;20;235;88;10192;50
260;20230710;19;20;227;42;10189;53
260;20230710;20;10;204;7;10185;67
260;20230710;21;10;193;0;10181;66
260;20230710;22;10;174;0;10178;77
260;20230710;23;30;179;0;10174;71
260;20230710;24;20;160;0;10169;86
260;20230711;1;10;153;0;10167;91
260;20230711;2;10;148;0;10158;93
260;20230711;3;10;143;0;10149;93
260;20230711;4;10;143;1;10144;95
260;20230711;5;20;166;18;10138;88
260;20230711;6;30;190;73;10132;78
260;20230711;7;40;218;131;10128;63
260;20230711;8;40;241;187;10125;52
260;20230711;9;50;254;239;10122;51
260;20230711;10;60;260;274;10119;49
260;20230711;11;60;264;305;10117;48
260;20230711;12;50;267;292;10113;48
260;20230711;13;50;271;301;10109;48
260;20230711;14;50;272;228;10105;49
260;20230711;15;40;272;184;10102;53
260;20230711;16;40;257;142;10100;59
260;20230711;17;30;253;73;10096;58
260;20230711;18;30;246;97;10092;60
260;20230711;19;30;225;23;10086;70
260;20230711;20;30;217;3;10088;72
260;20230711;21;20;185;0;10086;94
260;20230711;22;30;173;0;10088;94
260;20230711;23;20;171;0;10088;92
260;20230711;24;20;167;0;10088;92
260;20230712;1;30;170;0;10085;87
260;20230712;2;30;164;0;10085;94
260;20230712;3;30;162;0;10087;93
260;20230712;4;40;162;0;10088;93
260;20230712;5;40;163;10;10091;91
260;20230712;6;30;166;25;10095;90
260;20230712;7;50;176;61;10098;84
260;20230712;8;50;195;148;10103;78
260;20230712;9;50;191;138;10108;77
260;20230712;10;50;202;162;10111;69
260;20230712;11;50;200;210;10113;64
260;20230712;12;60;218;263;10116;60
260;20230712;13;50;210;240;10120;58
260;20230712;14;60;220;295;10123;51
260;20230712;15;50;218;216;10123;50
260;20230712;16;50;217;234;10123;49
260;20230712;17;50;212;131;10125;51
260;20230712;18;50;204;94;10125;54
260;20230712;19;40;196;44;10127;52
260;20230712;20;50;183;10;10133;63
260;20230712;21;40;176;0;10134;69
260;20230712;22;40;174;0;10133;72
260;20230712;23;40;172;0;10136;75
260;20230712;24;40;169;0;10134;78
260;20230713;1;30;160;0;10134;80
260;20230713;2;30;157;0;10136;83
260;20230713;3;30;154;0;10138;88
260;20230713;4;30;150;1;10141;91
260;20230713;5;30;156;17;10145;91
260;20230713;6;30;168;48;10149;87
260;20230713;7;40;172;84;10154;86
260;20230713;8;40;178;63;10156;86
260;20230713;9;50;166;123;10158;84
260;20230713;10;40;189;186;10161;83
260;20230713;11;50;202;291;10163;68
260;20230713;12;40;205;158;10166;67
260;20230713;13;40;212;187;10166;54
260;20230713;14;50;204;186;10169;59
260;20230713;15;40;210;119;10170;58
260;20230713;16;40;207;155;10171;59
260;20230713;17;40;202;104;10171;58
260;20230713;18;30;199;49;10172;61
260;20230713;19;30;191;32;10175;64
260;20230713;20;20;180;6;10177;67
260;20230713;21;20;170;0;10179;71
260;20230713;22;20;153;0;10179;83
260;20230713;23;20;135;0;10178;92
260;20230713;24;20;140;0;10175;90
260;20230714;1;20;136;0;10172;93
260;20230714;2;20;149;0;10168;87
260;20230714;3;20;146;0;10166;88
260;20230714;4;20;146;1;10164;85
260;20230714;5;30;152;19;10162;82
260;20230714;6;30;163;65;10159;78
260;20230714;7;30;173;118;10158;77
260;20230714;8;40;181;163;10153;73
260;20230714;9;40;189;159;10153;68
260;20230714;10;40;197;180;10150;61
260;20230714;11;40;195;159;10145;61
260;20230714;12;30;203;116;10136;62
260;20230714;13;30;220;248;10127;50
260;20230714;14;40;219;185;10120;55
260;20230714;15;30;222;128;10107;57
260;20230714;16;30;228;133;10094;55
260;20230714;17;30;220;49;10086;61
260;20230714;18;20;221;35;10079;64
260;20230714;19;30;215;23;10072;64
260;20230714;20;30;211;3;10066;64
260;20230714;21;30;207;0;10060;67
260;20230714;22;30;200;0;10049;69
260;20230714;23;30;210;0;10041;62
260;20230714;24;40;221;0;10034;56
260;20230715;1;40;223;0;10034;51
260;20230715;2;40;217;0;10038;54
260;20230715;3;30;187;0;10039;72
260;20230715;4;20;196;1;10039;71
260;20230715;5;30;209;17;10041;73
260;20230715;6;30;211;46;10044;74
260;20230715;7;40;219;99;10045;69
260;20230715;8;40;218;135;10048;70
260;20230715;9;40;228;156;10049;64
260;20230715;10;40;237;181;10053;67
260;20230715;11;40;236;97;10050;66
260;20230715;12;50;240;160;10045;64
260;20230715;13;60;241;228;10038;59
260;20230715;14;60;250;98;10036;55
260;20230715;15;70;260;206;10027;47
260;20230715;16;60;181;36;10052;88
260;20230715;17;40;202;138;10051;74
260;20230715;18;50;203;91;10052;70
260;20230715;19;40;199;19;10056;64
260;20230715;20;30;197;11;10063;68
260;20230715;21;30;182;0;10069;65
260;20230715;22;30;175;0;10074;67
260;20230715;23;30;168;0;10077;74
260;20230715;24;40;170;0;10078;65
260;20230716;1;50;171;0;10080;64
260;20230716;2;50;169;0;10080;67
260;20230716;3;50;169;0;10081;68
260;20230716;4;50;167;1;10086;69
260;20230716;5;60;170;22;10090;66
260;20230716;6;60;177;69;10095;63
260;20230716;7;70;187;127;10100;62
260;20230716;8;70;191;128;10106;62
260;20230716;9;70;189;164;10112;64
260;20230716;10;70;193;124;10116;63
260;20230716;11;80;206;173;10121;59
260;20230716;12;90;206;224;10126;55
260;20230716;13;70;213;267;10128;52
260;20230716;14;70;224;142;10129;48
260;20230716;15;70;212;112;10133;52
260;20230716;16;60;216;164;10132;52
260;20230716;17;60;211;93;10135;57
260;20230716;18;50;206;78;10137;58
260;20230716;19;40;202;22;10139;58
260;20230716;20;40;192;2;10142;64
260;20230716;21;30;183;0;10143;69
260;20230716;22;30;184;0;10145;65
260;20230716;23;40;177;0;10147;77
260;20230716;24;30;174;0;10148;69
260;20230717;1;40;168;0;10149;73
260;20230717;2;40;164;0;10151;72
260;20230717;3;40;155;0;10153;77
260;20230717;4;40;150;1;10155;81
260;20230717;5;40;154;19;10159;81
260;20230717;6;40;161;42;10164;80
260;20230717;7;40;172;94;10169;76
260;20230717;8;50;185;160;10172;68
260;20230717;9;50;188;182;10177;58
260;20230717;10;50;176;146;10182;76
260;20230717;11;50;182;225;10186;67
260;20230717;12;40;195;203;10184;73
260;20230717;13;50;184;166;10185;69
260;20230717;14;40;187;138;10189;77
260;20230717;15;50;186;127;10190;69
260;20230717;16;50;190;155;10190;65
260;20230717;17;40;205;159;10191;51
260;20230717;18;50;196;100;10197;53
260;20230717;19;30;185;44;10201;62
260;20230717;20;30;175;6;10207;68
260;20230717;21;30;166;0;10210;74
260;20230717;22;20;137;0;10211;91
260;20230717;23;20;147;0;10213;87
260;20230717;24;20;132;0;10210;92
260;20230718;1;20;146;0;10208;85
260;20230718;2;20;124;0;10206;94
260;20230718;3;20;119;0;10203;95
260;20230718;4;20;118;1;10205;93
260;20230718;5;20;138;18;10202;84
260;20230718;6;30;156;67;10201;78
260;20230718;7;30;175;123;10202;80
260;20230718;8;30;184;178;10199;79
260;20230718;9;30;195;205;10197;68
260;20230718;10;30;202;204;10194;66
260;20230718;11;30;212;286;10188;56
260;20230718;12;30;223;288;10183;49
260;20230718;13;20;227;257;10179;44
260;20230718;14;20;232;173;10172;46
260;20230718;15;20;231;168;10168;44
260;20230718;16;20;224;122;10165;53
260;20230718;17;30;221;95;10160;54
260;20230718;18;30;209;51;10159;56
260;20230718;19;20;197;15;10159;63
260;20230718;20;10;181;3;10156;73
260;20230718;21;10;162;0;10153;89
260;20230718;22;10;153;0;10150;91
260;20230718;23;10;146;0;10147;95
260;20230718;24;10;145;0;10145;96
260;20230719;1;10;137;0;10140;97
260;20230719;2;10;136;0;10138;97
260;20230719;3;10;134;0;10136;97
260;20230719;4;0;136;0;10135;97
260;20230719;5;0;149;14;10137;97
260;20230719;6;0;167;35;10136;91
260;20230719;7;10;191;107;10135;75
260;20230719;8;20;196;152;10136;67
260;20230719;9;20;201;100;10134;69
260;20230719;10;20;195;131;10134;70
260;20230719;11;30;201;135;10135;69
260;20230719;12;40;205;195;10135;63
260;20230719;13;30;210;135;10135;61
260;20230719;14;40;207;183;10137;60
260;20230719;15;40;203;130;10136;65
260;20230719;16;40;198;108;10137;65
260;20230719;17;30;192;65;10139;68
260;20230719;18;30;187;28;10140;70
260;20230719;19;30;180;23;10141;72
260;20230719;20;20;175;5;10141;76
260;20230719;21;20;171;0;10142;79
260;20230719;22;10;169;0;10142;82
260;20230719;23;20;156;0;10145;90
260;20230719;24;20;153;0;10146;93
260;20230720;1;20;146;0;10146;93
260;20230720;2;20;137;0;10148;96
260;20230720;3;20;122;0;10149;98
260;20230720;4;10;119;1;10151;98
260;20230720;5;20;137;23;10155;87
260;20230720;6;10;158;63;10155;76
260;20230720;7;20;169;121;10159;71
260;20230720;8;20;178;179;10159;60
260;20230720;9;20;188;234;10160;51
260;20230720;10;10;190;284;10158;48
260;20230720;11;20;199;193;10156;49
260;20230720;12;20;208;226;10152;47
260;20230720;13;20;211;183;10150;52
260;20230720;14;30;210;209;10147;52
260;20230720;15;20;205;80;10142;52
260;20230720;16;20;203;59;10140;48
260;20230720;17;20;201;55;10137;48
260;20230720;18;20;195;36;10135;53
260;20230720;19;20;192;36;10135;59
260;20230720;20;20;161;5;10136;77
260;20230720;21;10;141;0;10136;87
260;20230720;22;20;158;0;10134;73
260;20230720;23;20;151;0;10133;80
260;20230720;24;10;135;0;10129;91
260;20230721;1;10;128;0;10126;95
260;20230721;2;0;118;0;10121;96
260;20230721;3;10;110;0;10120;98
260;20230721;4;0;110;0;10118;98
260;20230721;5;0;126;19;10115;97
260;20230721;6;0;146;40;10114;85
260;20230721;7;10;170;79;10113;70
260;20230721;8;10;177;74;10113;64
260;20230721;9;20;192;165;10113;49
260;20230721;10;20;203;270;10110;51
260;20230721;11;30;199;224;10111;48
260;20230721;12;40;168;82;10115;75
260;20230721;13;20;172;91;10115;75
260;20230721;14;30;192;142;10114;61
260;20230721;15;50;195;234;10119;52
260;20230721;16;50;183;183;10122;56
260;20230721;17;50;184;118;10125;54
260;20230721;18;40;173;87;10129;61
260;20230721;19;40;166;17;10131;69
260;20230721;20;30;143;2;10137;91
260;20230721;21;20;135;0;10139;95
260;20230721;22;10;123;0;10140;97
260;20230721;23;10;113;0;10139;99
260;20230721;24;20;113;0;10139;98
260;20230722;1;10;115;0;10136;99
260;20230722;2;10;104;0;10133;99
260;20230722;3;10;103;0;10130;99
260;20230722;4;10;105;0;10131;99
260;20230722;5;20;130;10;10131;98
260;20230722;6;20;145;27;10131;94
260;20230722;7;30;160;71;10129;90
260;20230722;8;30;173;94;10128;80
260;20230722;9;40;185;156;10127;76
260;20230722;10;50;187;116;10126;67
260;20230722;11;50;186;93;10126;66
260;20230722;12;30;161;42;10125;87
260;20230722;13;20;174;43;10124;84
260;20230722;14;30;168;40;10123;76
260;20230722;15;30;175;60;10120;70
260;20230722;16;30;176;40;10117;73
260;20230722;17;30;181;61;10113;72
260;20230722;18;30;167;13;10110;80
260;20230722;19;40;152;3;10113;94
260;20230722;20;30;151;1;10109;91
260;20230722;21;40;148;0;10107;92
260;20230722;22;40;149;0;10100;91
260;20230722;23;30;150;0;10095;92
260;20230722;24;30;152;0;10086;89
260;20230723;1;30;148;0;10079;94
260;20230723;2;20;149;0;10071;93
260;20230723;3;20;147;0;10062;93
260;20230723;4;20;147;0;10055;93
260;20230723;5;30;159;7;10052;83
260;20230723;6;40;157;16;10052;86
260;20230723;7;50;152;21;10053;90
260;20230723;8;50;154;35;10053;90
260;20230723;9;50;160;45;10052;88
260;20230723;10;50;163;49;10053;92
260;20230723;11;60;173;65;10054;89
260;20230723;12;60;185;100;10054;85
260;20230723;13;60;198;125;10051;81
260;20230723;14;60;222;192;10050;65
260;20230723;15;60;227;145;10048;64
260;20230723;16;60;221;130;10047;67
260;20230723;17;50;219;101;10044;67
260;20230723;18;50;209;54;10043;79
260;20230723;19;40;206;16;10042;81
260;20230723;20;40;198;1;10043;84
260;20230723;21;50;188;0;10048;87
260;20230723;22;40;182;0;10047;89
260;20230723;23;40;184;0;10047;85
260;20230723;24;40;182;0;10041;84
260;20230724;1;40;178;0;10034;85
260;20230724;2;30;177;0;10031;86
260;20230724;3;30;175;0;10026;88
260;20230724;4;30;172;0;10024;88
260;20230724;5;30;171;3;10024;89
260;20230724;6;30;174;28;10026;85
260;20230724;7;50;182;71;10027;81
260;20230724;8;40;189;94;10025;77
260;20230724;9;50;191;145;10026;73
260;20230724;10;50;197;115;10022;71
260;20230724;11;50;200;191;10019;69
260;20230724;12;50;203;187;10021;70
260;20230724;13;50;181;65;10022;88
260;20230724;14;30;195;83;10021;79
260;20230724;15;40;189;128;10028;73
260;20230724;16;50;173;81;10035;79
260;20230724;17;40;165;41;10043;79
260;20230724;18;40;166;45;10050;76
260;20230724;19;40;158;7;10056;74
260;20230724;20;20;153;3;10063;75
260;20230724;21;20;140;0;10069;81
260;20230724;22;20;114;0;10069;96
260;20230724;23;20;109;0;10069;97
260;20230724;24;20;106;0;10070;97
260;20230725;1;20;94;0;10069;98
260;20230725;2;10;88;0;10067;99
260;20230725;3;10;86;0;10065;98
260;20230725;4;10;94;0;10065;97
260;20230725;5;10;119;9;10067;95
260;20230725;6;30;136;33;10070;87
260;20230725;7;20;153;60;10072;77
260;20230725;8;40;164;169;10072;59
260;20230725;9;40;169;192;10077;59
260;20230725;10;30;178;172;10081;51
260;20230725;11;30;176;187;10082;53
260;20230725;12;40;185;207;10083;55
260;20230725;13;40;192;248;10086;52
260;20230725;14;40;191;267;10088;54
260;20230725;15;50;188;254;10092;48
260;20230725;16;40;184;191;10095;53
260;20230725;17;50;178;136;10097;58
260;20230725;18;40;172;94;10100;58
260;20230725;19;40;155;18;10104;72
260;20230725;20;20;149;2;10108;76
260;20230725;21;10;143;0;10111;78
260;20230725;22;20;142;0;10113;78
260;20230725;23;10;135;0;10112;83
260;20230725;24;20;131;0;10113;89
260;20230726;1;20;106;0;10112;96
260;20230726;2;10;96;0;10111;99
260;20230726;3;10;88;0;10111;98
260;20230726;4;10;95;0;10110;98
260;20230726;5;10;113;10;10111;97
260;20230726;6;10;130;25;10115;94
260;20230726;7;20;115;6;10120;93
260;20230726;8;20;155;138;10120;85
260;20230726;9;30;165;184;10119;79
260;20230726;10;30;182;173;10120;69
260;20230726;11;40;188;248;10120;58
260;20230726;12;50;186;200;10124;58
260;20230726;13;50;201;273;10126;54
260;20230726;14;50;197;268;10127;51
260;20230726;15;40;199;237;10127;53
260;20230726;16;40;197;173;10125;53
260;20230726;17;40;198;152;10121;51
260;20230726;18;30;192;83;10120;45
260;20230726;19;20;167;19;10119;66
260;20230726;20;20;170;2;10119;57
260;20230726;21;10;141;0;10115;81
260;20230726;22;10;140;0;10107;86
260;20230726;23;10;140;0;10103;85
260;20230726;24;20;140;0;10095;88
260;20230727;1;30;147;0;10091;89
260;20230727;2;30;140;0;10082;95
260;20230727;3;20;138;0;10070;98
260;20230727;4;30;141;0;10057;97
260;20230727;5;40;141;1;10049;97
260;20230727;6;40;148;7;10042;97
260;20230727;7;40;158;21;10036;97
260;20230727;8;40;167;32;10032;96
260;20230727;9;50;174;48;10031;95
260;20230727;10;40;179;66;10031;96
260;20230727;11;40;180;67;10031;96
260;20230727;12;40;188;92;10030;93
260;20230727;13;40;185;69;10030;95
260;20230727;14;40;185;65;10033;95
260;20230727;15;50;187;54;10034;95
260;20230727;16;50;182;29;10034;94
260;20230727;17;50;181;26;10035;95
260;20230727;18;50;180;19;10034;94
260;20230727;19;40;181;6;10037;93
260;20230727;20;40;182;1;10040;92
260;20230727;21;50;182;0;10040;92
260;20230727;22;40;180;0;10043;94
260;20230727;23;40;181;0;10042;94
260;20230727;24;40;182;0;10043;93
260;20230728;1;30;181;0;10042;94
260;20230728;2;30;178;0;10043;96
260;20230728;3;30;180;0;10043;95
260;20230728;4;30;181;0;10047;96
260;20230728;5;30;182;2;10050;95
260;20230728;6;30;183;10;10052;96
260;20230728;7;30;187;23;10058;94
260;20230728;8;40;192;48;10063;91
260;20230728;9;40;213;103;10066;83
260;20230728;10;40;219;132;10068;77
260;20230728;11;50;223;266;10068;73
260;20230728;12;50;233;233;10071;71
260;20230728;13;40;221;147;10074;72
260;20230728;14;30;233;184;10072;66
260;20230728;15;40;226;152;10074;71
260;20230728;16;40;215;104;10074;76
260;20230728;17;40;202;58;10074;78
260;20230728;18;20;205;23;10072;80
260;20230728;19;20;198;34;10073;81
260;20230728;20;20;192;2;10076;84
260;20230728;21;30;194;0;10075;79
260;20230728;22;30;181;0;10073;83
260;20230728;23;20;171;0;10072;88
260;20230728;24;20;171;0;10071;88
260;20230729;1;20;172;0;10067;90
260;20230729;2;30;172;0;10064;92
260;20230729;3;30;170;0;10062;86
260;20230729;4;30;167;0;10062;85
260;20230729;5;30;166;5;10062;86
260;20230729;6;30;172;29;10064;86
260;20230729;7;40;181;70;10065;84
260;20230729;8;40;188;67;10067;81
260;20230729;9;40;198;63;10068;77
260;20230729;10;40;186;70;10069;86
260;20230729;11;30;187;74;10071;88
260;20230729;12;40;200;121;10071;85
260;20230729;13;40;206;143;10069;80
260;20230729;14;40;218;150;10069;69
260;20230729;15;40;220;195;10069;63
260;20230729;16;50;217;143;10068;64
260;20230729;17;40;219;112;10066;65
260;20230729;18;40;210;69;10071;56
260;20230729;19;40;193;32;10075;63
260;20230729;20;40;183;3;10079;69
260;20230729;21;40;176;0;10082;71
260;20230729;22;50;174;0;10080;71
260;20230729;23;50;170;0;10082;73
260;20230729;24;40;164;0;10085;75
260;20230730;1;40;157;0;10086;81
260;20230730;2;40;158;0;10088;84
260;20230730;3;40;154;0;10087;89
260;20230730;4;30;151;0;10089;93
260;20230730;5;30;157;8;10091;93
260;20230730;6;40;164;30;10093;91
260;20230730;7;40;167;47;10093;87
260;20230730;8;50;177;86;10095;81
260;20230730;9;60;183;122;10096;75
260;20230730;10;60;189;141;10102;66
260;20230730;11;50;200;205;10105;58
260;20230730;12;60;197;179;10109;61
260;20230730;13;60;206;249;10111;59
260;20230730;14;70;202;198;10112;55
260;20230730;15;60;200;139;10113;58
260;20230730;16;60;199;111;10112;62
260;20230730;17;60;190;91;10111;71
260;20230730;18;70;177;33;10112;80
260;20230730;19;50;171;7;10109;86
260;20230730;20;50;163;0;10109;94
260;20230730;21;40;155;0;10107;92
260;20230730;22;30;147;0;10103;96
260;20230730;23;40;147;0;10097;98
260;20230730;24;30;154;0;10092;98
260;20230731;1;40;167;0;10088;96
260;20230731;2;50;165;0;10087;95
260;20230731;3;50;168;0;10080;91
260;20230731;4;50;165;0;10078;91
260;20230731;5;50;158;3;10073;95
260;20230731;6;50;158;6;10067;96
260;20230731;7;50;164;17;10061;96
260;20230731;8;60;169;32;10060;95
260;20230731;9;60;173;59;10057;95
260;20230731;10;60;178;85;10055;94
260;20230731;11;50;181;54;10054;94
260;20230731;12;60;181;48;10053;95
260;20230731;13;60;184;53;10048;92
260;20230731;14;50;183;51;10044;97
260;20230731;15;50;182;33;10038;96
260;20230731;16;50;180;19;10026;95
260;20230731;17;60;177;16;10022;96
260;20230731;18;40;179;8;10017;96
260;20230731;19;50;179;10;10013;93
260;20230731;20;40;170;2;10009;92
260;20230731;21;40;168;0;10003;86
260;20230731;22;30;166;0;9995;87
260;20230731;23;30;154;0;9991;95
260;20230731;24;20;155;0;9985;93
260;20230801;1;20;149;0;9978;97
260;20230801;2;30;149;0;9977;95
260;20230801;3;30;153;0;9976;90
260;20230801;4;30;152;0;9977;95
260;20230801;5;30;158;12;9975;95
260;20230801;6;30;163;30;9979;90
260;20230801;7;30;176;93;9982;81
260;20230801;8;50;180;117;9984;81
260;20230801;9;60;180;164;9988;71
260;20230801;10;50;193;184;9991;67
260;20230801;11;60;186;167;9997;66
260;20230801;12;60;185;157;10001;67
260;20230801;13;60;176;132;10005;77
260;20230801;14;50;191;180;10007;63
260;20230801;15;50;187;54;10012;67
260;20230801;16;40;170;47;10015;82
260;20230801;17;50;182;74;10015;72
260;20230801;18;40;183;43;10015;71
260;20230801;19;30;178;10;10019;72
260;20230801;20;30;173;0;10021;74
260;20230801;21;30;172;0;10020;78
260;20230801;22;30;161;0;10017;86
260;20230801;23;30;155;0;10014;89
260;20230801;24;20;146;0;10003;92
260;20230802;1;20;151;0;10000;90
260;20230802;2;20;148;0;9994;92
260;20230802;3;30;147;0;9982;94
260;20230802;4;30;147;0;9970;95
260;20230802;5;30;152;3;9955;93
260;20230802;6;40;152;8;9941;96
260;20230802;7;50;154;8;9927;97
260;20230802;8;50;157;30;9913;97
260;20230802;9;50;166;44;9904;97
260;20230802;10;40;191;83;9897;90
260;20230802;11;50;213;240;9889;75
260;20230802;12;70;218;239;9887;63
260;20230802;13;70;220;250;9884;60
260;20230802;14;70;206;163;9888;64
260;20230802;15;70;209;194;9890;59
260;20230802;16;60;168;45;9895;89
260;20230802;17;40;178;62;9893;81
260;20230802;18;40;180;39;9890;78
260;20230802;19;40;162;10;9889;93
260;20230802;20;40;165;0;9885;92
260;20230802;21;50;169;0;9882;89
260;20230802;22;50;163;0;9876;95
260;20230802;23;50;163;0;9875;94
260;20230802;24;50;164;0;9880;95
260;20230803;1;40;168;0;9889;94
260;20230803;2;40;168;0;9897;95
260;20230803;3;30;168;0;9898;93
260;20230803;4;30;164;0;9906;96
260;20230803;5;40;164;2;9913;95
260;20230803;6;40;163;8;9921;95
260;20230803;7;40;165;24;9926;95
260;20230803;8;40;176;52;9943;93
260;20230803;9;30;180;95;9959;87
260;20230803;10;40;195;181;9970;83
260;20230803;11;40;185;168;9986;84
260;20230803;12;50;186;130;10001;79
260;20230803;13;50;192;172;10016;72
260;20230803;14;50;196;202;10028;68
260;20230803;15;50;183;98;10042;73
260;20230803;16;40;170;34;10053;79
260;20230803;17;40;166;58;10060;78
260;20230803;18;30;169;20;10067;78
260;20230803;19;30;170;9;10075;78
260;20230803;20;20;161;1;10082;80
260;20230803;21;20;154;0;10088;86
260;20230803;22;10;146;0;10094;92
260;20230803;23;20;150;0;10097;90
260;20230803;24;20;144;0;10099;93
260;20230804;1;20;146;0;10101;93
260;20230804;2;10;148;0;10104;93
260;20230804;3;20;151;0;10108;93
260;20230804;4;10;149;0;10111;94
260;20230804;5;10;150;2;10116;94
260;20230804;6;10;157;14;10121;90
260;20230804;7;10;167;35;10126;86
260;20230804;8;20;165;57;10132;87
260;20230804;9;30;160;73;10138;89
260;20230804;10;20;182;182;10139;79
260;20230804;11;30;194;207;10140;69
260;20230804;12;50;193;215;10145;64
260;20230804;13;40;191;189;10150;67
260;20230804;14;40;192;174;10154;67
260;20230804;15;40;191;129;10155;65
260;20230804;16;40;201;197;10156;62
260;20230804;17;30;190;126;10159;65
260;20230804;18;30;175;21;10163;81
260;20230804;19;20;168;10;10166;83
260;20230804;20;10;154;1;10173;91
260;20230804;21;10;148;0;10174;93
260;20230804;22;10;133;0;10175;97
260;20230804;23;10;128;0;10174;97
260;20230804;24;0;124;0;10170;98
260;20230805;1;10;136;0;10163;97
260;20230805;2;10;130;0;10162;98
260;20230805;3;10;137;0;10157;98
260;20230805;4;10;136;0;10153;98
260;20230805;5;20;136;4;10145;98
260;20230805;6;20;142;14;10142;97
260;20230805;7;20;153;47;10138;93
260;20230805;8;30;169;134;10131;83
260;20230805;9;40;177;168;10123;74
260;20230805;10;50;180;152;10115;74
260;20230805;11;50;172;83;10110;76
260;20230805;12;50;172;52;10101;76
260;20230805;13;40;156;23;10101;82
260;20230805;14;30;155;49;10092;87
260;20230805;15;30;152;77;10086;83
260;20230805;16;30;161;69;10076;80
260;20230805;17;40;160;68;10070;78
260;20230805;18;30;152;29;10065;88
260;20230805;19;30;147;5;10060;94
260;20230805;20;30;148;0;10057;93
260;20230805;21;30;146;0;10054;95
260;20230805;22;30;146;0;10049;97
260;20230805;23;30;146;0;10044;97
260;20230805;24;20;146;0;10041;97
260;20230806;1;20;146;0;10041;96
260;20230806;2;20;145;0;10040;97
260;20230806;3;20;144;0;10040;98
260;20230806;4;20;144;0;10039;98
260;20230806;5;20;145;1;10043;98
260;20230806;6;20;147;9;10050;98
260;20230806;7;30;145;12;10056;96
260;20230806;8;40;143;33;10060;94
260;20230806;9;30;147;30;10064;95
260;20230806;10;30;149;41;10071;93
260;20230806;11;40;156;80;10074;92
260;20230806;12;40;153;75;10078;91
260;20230806;13;30;156;70;10083;92
260;20230806;14;30;157;52;10087;93
260;20230806;15;40;150;52;10096;92
260;20230806;16;50;149;40;10105;88
260;20230806;17;50;152;45;10113;81
260;20230806;18;50;150;36;10118;79
260;20230806;19;50;138;12;10118;93
260;20230806;20;50;135;0;10120;94
260;20230806;21;60;135;0;10121;95
260;20230806;22;50;136;0;10125;89
260;20230806;23;50;140;0;10125;84
260;20230806;24;50;133;0;10129;96
260;20230807;1;40;137;0;10128;87
260;20230807;2;50;137;0;10130;86
260;20230807;3;40;143;0;10130;83
260;20230807;4;40;134;0;10131;95
260;20230807;5;40;140;3;10134;88
260;20230807;6;40;144;10;10140;86
260;20230807;7;40;153;60;10145;81
260;20230807;8;40;156;98;10152;75
260;20230807;9;50;162;143;10157;72
260;20230807;10;50;160;127;10162;74
260;20230807;11;50;162;154;10166;68
260;20230807;12;50;174;159;10167;60
260;20230807;13;50;171;123;10167;61
260;20230807;14;50;184;263;10170;56
260;20230807;15;60;175;216;10172;63
260;20230807;16;50;164;83;10174;73
260;20230807;17;40;154;70;10171;84
260;20230807;18;30;165;76;10167;73
260;20230807;19;40;158;22;10162;72
260;20230807;20;30;147;1;10161;78
260;20230807;21;20;138;0;10155;92
260;20230807;22;20;144;0;10149;91
260;20230807;23;30;148;0;10144;91
260;20230807;24;40;154;0;10140;89
260;20230808;1;30;154;0;10137;91
260;20230808;2;20;149;0;10135;93
260;20230808;3;20;144;0;10132;93
260;20230808;4;20;141;0;10130;86
260;20230808;5;20;142;6;10128;85
260;20230808;6;30;155;42;10130;75
260;20230808;7;40;165;94;10132;67
260;20230808;8;50;171;153;10129;62
260;20230808;9;60;173;178;10131;60
260;20230808;10;60;174;149;10132;60
260;20230808;11;60;183;208;10132;59
260;20230808;12;50;178;159;10132;61
260;20230808;13;50;181;144;10132;60
260;20230808;14;60;185;155;10134;58
260;20230808;15;60;188;152;10134;55
260;20230808;16;50;180;110;10133;62
260;20230808;17;50;166;41;10133;69
260;20230808;18;30;158;19;10130;83
260;20230808;19;30;143;6;10127;89
260;20230808;20;20;140;0;10127;92
260;20230808;21;20;135;0;10124;97
260;20230808;22;20;136;0;10122;97
260;20230808;23;10;134;0;10123;98
260;20230808;24;10;135;0;10124;98
260;20230809;1;10;128;0;10126;99
260;20230809;2;20;132;0;10128;98
260;20230809;3;20;132;0;10132;99
260;20230809;4;20;131;0;10138;99
260;20230809;5;20;132;6;10142;99
260;20230809;6;20;140;41;10146;98
260;20230809;7;10;159;84;10151;91
260;20230809;8;20;173;106;10153;86
260;20230809;9;30;183;140;10159;77
260;20230809;10;50;200;227;10159;70
260;20230809;11;40;206;179;10162;57
260;20230809;12;50;203;224;10168;61
260;20230809;13;50;204;266;10173;57
260;20230809;14;40;206;289;10179;59
260;20230809;15;50;198;194;10185;55
260;20230809;16;40;191;182;10188;53
260;20230809;17;40;179;115;10190;57
260;20230809;18;30;179;61;10193;54
260;20230809;19;30;160;14;10199;66
260;20230809;20;20;136;0;10202;83
260;20230809;21;20;124;0;10204;93
260;20230809;22;10;122;0;10205;93
260;20230809;23;10;125;0;10206;96
260;20230809;24;10;134;0;10211;92
260;20230810;1;10;136;0;10211;87
260;20230810;2;10;122;0;10211;95
260;20230810;3;0;117;0;10211;97
260;20230810;4;10;115;0;10214;97
260;20230810;5;10;125;5;10214;93
260;20230810;6;10;160;46;10213;78
260;20230810;7;20;176;81;10212;68
260;20230810;8;20;177;65;10215;73
260;20230810;9;30;188;117;10217;67
260;20230810;10;30;203;220;10215;58
260;20230810;11;30;204;184;10216;55
260;20230810;12;30;207;165;10214;53
260;20230810;13;20;220;225;10212;49
260;20230810;14;20;223;179;10212;54
260;20230810;15;20;228;164;10209;52
260;20230810;16;20;235;159;10205;54
260;20230810;17;10;230;121;10205;59
260;20230810;18;10;223;66;10204;61
260;20230810;19;20;202;19;10205;71
260;20230810;20;20;173;0;10208;88
260;20230810;21;20;162;0;10208;92
260;20230810;22;20;152;0;10207;94
260;20230810;23;20;148;0;10207;93
260;20230810;24;10;142;0;10203;96
260;20230811;1;20;150;0;10200;92
260;20230811;2;20;151;0;10197;91
260;20230811;3;20;149;0;10197;92
260;20230811;4;20;139;0;10194;96
260;20230811;5;30;155;5;10190;87
260;20230811;6;20;173;40;10189;81
260;20230811;7;20;191;95;10191;77
260;20230811;8;20;215;150;10190;70
260;20230811;9;20;237;202;10190;64
260;20230811;10;30;255;212;10189;57
260;20230811;11;30;264;263;10187;55
260;20230811;12;40;274;282;10187;54
260;20230811;13;50;268;205;10185;53
260;20230811;14;40;264;179;10185;60
260;20230811;15;40;242;98;10187;69
260;20230811;16;30;237;42;10186;69
260;20230811;17;20;228;49;10184;75
260;20230811;18;30;219;27;10184;77
260;20230811;19;30;213;5;10185;78
260;20230811;20;20;206;0;10184;83
260;20230811;21;10;198;0;10181;89
260;20230811;22;20;197;0;10179;88
260;20230811;23;20;193;0;10178;89
260;20230811;24;20;186;0;10176;93
260;20230812;1;20;187;0;10171;94
260;20230812;2;20;183;0;10165;97
260;20230812;3;20;189;0;10160;95
260;20230812;4;20;190;0;10152;97
260;20230812;5;20;194;2;10147;96
260;20230812;6;20;194;4;10145;96
260;20230812;7;30;188;6;10142;98
260;20230812;8;20;191;17;10142;98
260;20230812;9;30;168;31;10148;95
260;20230812;10;20;183;89;10151;88
260;20230812;11;30;205;234;10150;73
260;20230812;12;30;222;232;10149;62
260;20230812;13;50;227;305;10151;55
260;20230812;14;50;224;277;10154;54
260;20230812;15;40;216;164;10156;60
260;20230812;16;50;221;167;10156;53
260;20230812;17;40;221;127;10155;55
260;20230812;18;40;209;64;10155;60
260;20230812;19;40;196;14;10161;69
260;20230812;20;30;188;0;10164;68
260;20230812;21;30;177;0;10163;78
260;20230812;22;30;173;0;10165;82
260;20230812;23;30;175;0;10165;81
260;20230812;24;30;170;0;10164;81
260;20230813;1;30;169;0;10162;82
260;20230813;2;30;165;0;10162;84
260;20230813;3;30;159;0;10161;88
260;20230813;4;30;157;0;10162;89
260;20230813;5;30;157;6;10163;90
260;20230813;6;30;169;36;10165;86
260;20230813;7;30;179;91;10165;82
260;20230813;8;40;189;130;10166;79
260;20230813;9;40;196;120;10165;73
260;20230813;10;50;200;121;10161;72
260;20230813;11;40;206;124;10159;71
260;20230813;12;40;221;116;10158;70
260;20230813;13;30;213;91;10155;70
260;20230813;14;20;199;37;10156;79
260;20230813;15;30;217;159;10155;67
260;20230813;16;30;217;95;10153;59
260;20230813;17;30;215;66;10152;60
260;20230813;18;20;206;53;10152;64
260;20230813;19;10;176;11;10156;85
260;20230813;20;10;154;0;10159;95
260;20230813;21;10;145;0;10159;97
260;20230813;22;10;137;0;10159;98
260;20230813;23;10;131;0;10161;98
260;20230813;24;10;133;0;10160;98
260;20230814;1;10;134;0;10157;98
260;20230814;2;20;125;0;10152;99
260;20230814;3;10;124;0;10149;99
260;20230814;4;20;127;0;10149;98
260;20230814;5;10;138;6;10146;98
260;20230814;6;10;148;24;10147;97
260;20230814;7;20;176;71;10147;89
260;20230814;8;20;200;121;10149;79
260;20230814;9;30;217;203;10143;70
260;20230814;10;40;226;250;10141;64
260;20230814;11;40;232;227;10138;59
260;20230814;12;40;240;261;10135;54
260;20230814;13;30;253;235;10133;51
260;20230814;14;40;254;259;10125;49
260;20230814;15;30;249;167;10122;50
260;20230814;16;30;254;176;10121;48
260;20230814;17;30;258;117;10122;49
260;20230814;18;20;249;49;10121;56
260;20230814;19;10;199;6;10122;86
260;20230814;20;10;176;0;10125;94
260;20230814;21;10;171;0;10122;96
260;20230814;22;10;167;0;10121;97
260;20230814;23;20;195;0;10125;77
260;20230814;24;20;177;0;10119;85
260;20230815;1;20;174;0;10122;80
260;20230815;2;10;162;0;10121;93
260;20230815;3;20;178;0;10128;84
260;20230815;4;20;170;0;10128;91
260;20230815;5;20;160;1;10132;97
260;20230815;6;30;186;35;10139;88
260;20230815;7;30;190;55;10145;86
260;20230815;8;30;200;76;10149;80
260;20230815;9;40;209;158;10151;76
260;20230815;10;40;208;78;10156;77
260;20230815;11;40;214;133;10161;74
260;20230815;12;40;219;129;10165;73
260;20230815;13;40;220;153;10166;72
260;20230815;14;30;228;173;10167;63
260;20230815;15;30;240;160;10168;54
260;20230815;16;30;224;125;10172;66
260;20230815;17;40;214;115;10177;60
260;20230815;18;30;205;63;10181;62
260;20230815;19;20;182;15;10186;77
260;20230815;20;10;150;0;10190;94
260;20230815;21;10;139;0;10194;97
260;20230815;22;10;135;0;10197;97
260;20230815;23;10;128;0;10198;98
260;20230815;24;0;122;0;10197;97
260;20230816;1;10;118;0;10199;98
260;20230816;2;10;114;0;10202;98
260;20230816;3;10;121;0;10202;97
260;20230816;4;0;109;0;10206;98
260;20230816;5;10;110;4;10207;98
260;20230816;6;10;154;46;10210;79
260;20230816;7;20;182;97;10213;69
260;20230816;8;30;194;157;10213;65
260;20230816;9;40;207;202;10216;61
260;20230816;10;40;218;250;10216;55
260;20230816;11;40;222;221;10215;56
260;20230816;12;40;232;257;10214;52
260;20230816;13;40;234;277;10209;52
260;20230816;14;40;232;236;10208;56
260;20230816;15;40;233;178;10210;55
260;20230816;16;40;227;128;10207;53
260;20230816;17;40;224;71;10205;58
260;20230816;18;30;217;25;10205;62
260;20230816;19;30;209;7;10207;67
260;20230816;20;30;200;0;10211;70
260;20230816;21;40;191;0;10210;73
260;20230816;22;40;182;0;10213;75
260;20230816;23;40;174;0;10212;78
260;20230816;24;40;172;0;10213;79
260;20230817;1;40;167;0;10210;82
260;20230817;2;30;161;0;10209;84
260;20230817;3;40;161;0;10207;83
260;20230817;4;30;161;0;10206;83
260;20230817;5;40;160;1;10206;84
260;20230817;6;40;165;21;10206;83
260;20230817;7;40;168;50;10209;81
260;20230817;8;40;178;93;10209;79
260;20230817;9;50;188;153;10207;77
260;20230817;10;50;198;158;10203;73
260;20230817;11;50;194;167;10201;76
260;20230817;12;50;193;110;10201;78
260;20230817;13;40;194;116;10201;78
260;20230817;14;40;197;73;10198;77
260;20230817;15;40;199;60;10194;77
260;20230817;16;40;196;51;10190;78
260;20230817;17;40;191;26;10188;81
260;20230817;18;40;187;12;10185;85
260;20230817;19;30;185;1;10190;86
260;20230817;20;30;183;0;10191;87
260;20230817;21;20;185;0;10193;84
260;20230817;22;40;183;0;10192;81
260;20230817;23;30;181;0;10188;81
260;20230817;24;40;175;0;10186;84
260;20230818;1;40;170;0;10184;87
260;20230818;2;40;164;0;10180;92
260;20230818;3;30;160;0;10175;93
260;20230818;4;40;159;0;10174;93
260;20230818;5;30;160;1;10175;93
260;20230818;6;20;165;14;10173;90
260;20230818;7;30;170;57;10170;88
260;20230818;8;20;184;46;10171;86
260;20230818;9;30;201;146;10171;80
260;20230818;10;30;216;215;10167;77
260;20230818;11;30;220;237;10163;76
260;20230818;12;30;239;272;10155;71
260;20230818;13;20;250;271;10152;67
260;20230818;14;20;262;249;10148;67
260;20230818;15;30;267;207;10144;65
260;20230818;16;30;254;134;10142;72
260;20230818;17;30;252;76;10139;74
260;20230818;18;30;246;69;10137;74
260;20230818;19;20;231;8;10137;82
260;20230818;20;20;214;0;10137;91
260;20230818;21;20;208;0;10136;94
260;20230818;22;20;218;0;10131;90
260;20230818;23;20;220;0;10126;90
260;20230818;24;30;221;0;10122;88
260;20230819;1;20;218;0;10119;90
260;20230819;2;30;228;0;10114;86
260;20230819;3;30;226;0;10110;86
260;20230819;4;30;226;0;10109;85
260;20230819;5;30;225;0;10112;86
260;20230819;6;30;230;11;10110;84
260;20230819;7;30;241;51;10117;81
260;20230819;8;30;248;65;10122;78
260;20230819;9;30;251;66;10128;80
260;20230819;10;40;250;124;10139;77
260;20230819;11;30;253;161;10147;67
260;20230819;12;30;245;95;10158;72
260;20230819;13;60;224;60;10174;68
260;20230819;14;40;218;56;10179;71
260;20230819;15;30;230;157;10182;67
260;20230819;16;30;232;150;10181;66
260;20230819;17;30;232;83;10186;62
260;20230819;18;20;221;51;10188;66
260;20230819;19;20;199;7;10195;74
260;20230819;20;10;176;0;10199;90
260;20230819;21;10;161;0;10204;97
260;20230819;22;10;171;0;10205;95
260;20230819;23;20;168;0;10204;92
260;20230819;24;10;155;0;10204;96
260;20230820;1;10;159;0;10209;97
260;20230820;2;20;158;0;10213;95
260;20230820;3;10;143;0;10211;97
260;20230820;4;20;147;0;10215;97
260;20230820;5;10;138;2;10219;98
260;20230820;6;10;169;32;10220;86
260;20230820;7;20;195;90;10220;78
260;20230820;8;20;209;149;10224;73
260;20230820;9;30;221;201;10227;67
260;20230820;10;30;233;243;10227;61
260;20230820;11;30;245;272;10227;55
260;20230820;12;30;244;271;10225;48
260;20230820;13;30;252;248;10227;48
260;20230820;14;30;244;200;10226;56
260;20230820;15;30;245;142;10225;55
260;20230820;16;20;248;115;10224;51
260;20230820;17;30;236;108;10225;56
260;20230820;18;20;227;41;10225;60
260;20230820;19;10;197;9;10228;77
260;20230820;20;10;181;0;10232;84
260;20230820;21;10;171;0;10234;93
260;20230820;22;10;167;0;10235;93
260;20230820;23;0;159;0;10233;96
260;20230820;24;10;153;0;10233;97
260;20230821;1;0;155;0;10232;97
260;20230821;2;0;153;0;10233;97
260;20230821;3;10;148;0;10233;97
260;20230821;4;10;147;0;10232;97
260;20230821;5;0;147;1;10234;97
260;20230821;6;0;164;23;10236;89
260;20230821;7;0;202;61;10237;72
260;20230821;8;10;218;120;10240;65
260;20230821;9;20;226;186;10239;62
260;20230821;10;20;239;233;10237;54
260;20230821;11;30;248;255;10236;49
260;20230821;12;20;237;206;10235;53
260;20230821;13;30;263;287;10232;45
260;20230821;14;30;245;184;10230;51
260;20230821;15;20;251;209;10225;51
260;20230821;16;30;248;175;10222;55
260;20230821;17;30;238;110;10220;59
260;20230821;18;30;226;51;10218;61
260;20230821;19;20;204;8;10221;71
260;20230821;20;10;164;0;10223;92
260;20230821;21;10;152;0;10222;95
260;20230821;22;10;147;0;10220;97
260;20230821;23;0;150;0;10216;97
260;20230821;24;10;151;0;10211;97
260;20230822;1;0;150;0;10208;97
260;20230822;2;10;142;0;10204;98
260;20230822;3;10;137;0;10202;99
260;20230822;4;10;131;0;10200;99
260;20230822;5;10;126;1;10202;97
260;20230822;6;10;154;22;10201;97
260;20230822;7;20;195;76;10202;76
260;20230822;8;30;199;101;10208;76
260;20230822;9;30;210;121;10206;73
260;20230822;10;30;216;148;10208;71
260;20230822;11;30;223;150;10206;70
260;20230822;12;30;225;155;10208;68
260;20230822;13;30;230;146;10208;64
260;20230822;14;30;234;183;10206;62
260;20230822;15;30;235;187;10202;60
260;20230822;16;30;232;139;10203;63
260;20230822;17;30;231;114;10201;58
260;20230822;18;30;217;48;10202;64
260;20230822;19;20;190;8;10205;77
260;20230822;20;20;159;0;10207;93
260;20230822;21;10;142;0;10206;97
260;20230822;22;10;134;0;10210;98
260;20230822;23;0;128;0;10207;98
260;20230822;24;0;122;0;10207;99
260;20230823;1;10;122;0;10202;99
260;20230823;2;10;119;0;10202;99
260;20230823;3;10;123;0;10199;100
260;20230823;4;10;122;0;10199;98
260;20230823;5;10;123;1;10197;98
260;20230823;6;20;160;25;10199;96
260;20230823;7;20;184;77;10201;86
260;20230823;8;30;204;138;10203;79
260;20230823;9;30;219;190;10204;69
260;20230823;10;20;232;230;10204;65
260;20230823;11;30;233;246;10200;63
260;20230823;12;30;249;251;10198;53
260;20230823;13;30;255;272;10199;49
260;20230823;14;30;258;186;10194;49
260;20230823;15;30;248;176;10193;53
260;20230823;16;30;241;157;10193;56
260;20230823;17;30;231;100;10192;59
260;20230823;18;30;218;46;10195;62
260;20230823;19;20;197;6;10194;73
260;20230823;20;20;189;0;10195;74
260;20230823;21;10;161;0;10194;89
260;20230823;22;10;149;0;10195;95
260;20230823;23;10;142;0;10192;97
260;20230823;24;10;140;0;10185;97
260;20230824;1;10;150;0;10182;95
260;20230824;2;10;154;0;10179;95
260;20230824;3;20;161;0;10171;92
260;20230824;4;20;151;0;10166;96
260;20230824;5;10;145;1;10167;97
260;20230824;6;10;169;25;10159;91
260;20230824;7;20;198;72;10152;79
260;20230824;8;20;224;129;10152;68
260;20230824;9;30;226;131;10142;70
260;20230824;10;20;244;163;10139;65
260;20230824;11;20;229;43;10137;74
260;20230824;12;20;238;88;10132;72
260;20230824;13;20;247;133;10115;68
260;20230824;14;30;247;111;10117;67
260;20230824;15;30;240;55;10112;73
260;20230824;16;30;240;80;10106;71
260;20230824;17;30;237;47;10103;71
260;20230824;18;30;227;17;10098;77
260;20230824;19;20;219;1;10096;81
260;20230824;20;20;204;0;10089;91
260;20230824;21;20;201;0;10099;93
260;20230824;22;30;199;0;10094;94
260;20230824;23;20;188;0;10093;96
260;20230824;24;10;182;0;10094;98
260;20230825;1;10;180;0;10093;99
260;20230825;2;10;183;0;10092;100
260;20230825;3;20;188;0;10086;99
260;20230825;4;10;187;0;10081;99
260;20230825;5;10;188;0;10077;98
260;20230825;6;10;191;7;10076;98
260;20230825;7;10;198;24;10075;96
260;20230825;8;10;208;60;10073;90
260;20230825;9;10;208;41;10075;90
260;20230825;10;20;207;36;10077;91
260;20230825;11;30;210;84;10073;90
260;20230825;12;20;210;51;10074;92
260;20230825;13;20;217;96;10071;89
260;20230825;14;20;221;94;10068;81
260;20230825;15;30;215;53;10073;80
260;20230825;16;30;213;92;10075;76
260;20230825;17;40;205;76;10075;74
260;20230825;18;30;197;35;10079;76
260;20230825;19;20;184;5;10086;81
260;20230825;20;20;180;0;10089;76
260;20230825;21;20;174;0;10091;77
260;20230825;22;20;159;0;10091;84
260;20230825;23;10;147;0;10089;94
260;20230825;24;20;139;0;10089;97
260;20230826;1;10;144;0;10087;96
260;20230826;2;30;157;0;10086;86
260;20230826;3;40;150;0;10087;85
260;20230826;4;30;145;0;10087;86
260;20230826;5;40;142;1;10092;88
260;20230826;6;30;142;23;10095;86
260;20230826;7;30;152;75;10093;84
260;20230826;8;40;161;104;10099;81
260;20230826;9;50;180;179;10098;72
260;20230826;10;50;181;170;10101;68
260;20230826;11;40;193;139;10100;70
260;20230826;12;50;185;214;10098;69
260;20230826;13;30;188;116;10101;75
260;20230826;14;40;170;114;10104;81
260;20230826;15;40;167;40;10101;86
260;20230826;16;30;182;145;10101;76
260;20230826;17;30;175;57;10103;72
260;20230826;18;10;169;41;10101;85
260;20230826;19;20;151;5;10103;93
260;20230826;20;20;148;0;10105;93
260;20230826;21;20;132;0;10102;98
260;20230826;22;20;132;0;10100;97
260;20230826;23;20;133;0;10098;97
260;20230826;24;20;137;0;10095;95
260;20230827;1;20;132;0;10088;97
260;20230827;2;20;132;0;10084;96
260;20230827;3;20;134;0;10085;96
260;20230827;4;20;139;0;10084;95
260;20230827;5;20;139;0;10084;95
260;20230827;6;20;142;17;10082;95
260;20230827;7;30;155;64;10079;91
260;20230827;8;40;159;85;10080;85
260;20230827;9;40;164;132;10078;79
260;20230827;10;30;169;103;10078;72
260;20230827;11;40;149;47;10079;79
260;20230827;12;40;158;113;10084;78
260;20230827;13;40;176;229;10083;71
260;20230827;14;40;168;84;10085;73
260;20230827;15;40;154;63;10091;78
260;20230827;16;40;180;157;10089;64
260;20230827;17;50;174;91;10092;65
260;20230827;18;30;156;28;10099;83
260;20230827;19;10;137;5;10102;89
260;20230827;20;20;126;0;10105;95
260;20230827;21;20;145;0;10108;85
260;20230827;22;30;136;0;10113;91
260;20230827;23;30;136;0;10115;91
260;20230827;24;20;128;0;10112;94
260;20230828;1;20;128;0;10113;96
260;20230828;2;10;106;0;10111;97
260;20230828;3;10;96;0;10107;99
260;20230828;4;10;97;0;10114;99
260;20230828;5;10;120;0;10119;98
260;20230828;6;10;130;13;10118;97
260;20230828;7;10;147;47;10120;95
260;20230828;8;10;178;139;10120;72
260;20230828;9;20;189;162;10123;67
260;20230828;10;20;195;228;10122;57
260;20230828;11;20;210;277;10123;56
260;20230828;12;20;212;239;10122;56
260;20230828;13;30;207;193;10121;58
260;20230828;14;30;203;238;10122;58
260;20230828;15;40;201;151;10124;59
260;20230828;16;40;194;108;10128;61
260;20230828;17;30;191;65;10128;66
260;20230828;18;20;181;33;10131;73
260;20230828;19;10;153;4;10134;87
260;20230828;20;10;139;0;10138;94
260;20230828;21;10;144;0;10139;94
260;20230828;22;10;133;0;10137;97
260;20230828;23;10;118;0;10134;99
260;20230828;24;0;111;0;10131;98
260;20230829;1;10;103;0;10128;99
260;20230829;2;10;99;0;10128;99
260;20230829;3;10;94;0;10128;99
260;20230829;4;10;93;0;10130;99
260;20230829;5;0;94;1;10123;98
260;20230829;6;10;121;29;10122;97
260;20230829;7;10;146;53;10123;87
260;20230829;8;10;162;76;10121;83
260;20230829;9;20;175;121;10121;77
260;20230829;10;20;182;123;10120;68
260;20230829;11;20;181;152;10117;70
260;20230829;12;20;183;101;10115;73
260;20230829;13;30;182;95;10109;71
260;20230829;14;20;165;11;10109;80
260;20230829;15;10;175;43;10107;76
260;20230829;16;10;181;53;10106;78
260;20230829;17;20;179;53;10105;69
260;20230829;18;20;162;20;10103;75
260;20230829;19;20;135;1;10104;90
260;20230829;20;10;112;0;10102;97
260;20230829;21;10;114;0;10100;97
260;20230829;22;10;119;0;10096;97
260;20230829;23;10;120;0;10091;94
260;20230829;24;20;116;0;10085;93
260;20230830;1;20;123;0;10080;92
260;20230830;2;20;127;0;10076;89
260;20230830;3;20;128;0;10071;85
260;20230830;4;20;116;0;10064;88
260;20230830;5;20;112;0;10061;89
260;20230830;6;20;124;11;10060;85
260;20230830;7;20;125;8;10055;95
260;20230830;8;30;130;19;10045;97
260;20230830;9;40;135;29;10044;97
260;20230830;10;30;152;51;10042;93
260;20230830;11;40;166;202;10046;74
260;20230830;12;30;175;133;10047;67
260;20230830;13;40;180;218;10051;60
260;20230830;14;40;147;87;10057;90
260;20230830;15;20;154;56;10060;84
260;20230830;16;30;166;130;10060;77
260;20230830;17;40;164;57;10062;71
260;20230830;18;30;154;25;10067;72
260;20230830;19;20;142;2;10071;78
260;20230830;20;30;137;0;10074;78
260;20230830;21;30;125;0;10076;85
260;20230830;22;30;118;0;10076;87
260;20230830;23;30;118;0;10077;89
260;20230830;24;30;117;0;10077;94
260;20230831;1;30;127;0;10076;93
260;20230831;2;40;126;0;10075;91
260;20230831;3;40;127;0;10076;86
260;20230831;4;30;127;0;10079;92
260;20230831;5;20;125;0;10084;96
260;20230831;6;20;125;8;10090;97
260;20230831;7;20;132;24;10093;94
260;20230831;8;20;141;58;10097;92
260;20230831;9;30;173;172;10099;74
260;20230831;10;40;173;152;10101;62
260;20230831;11;50;185;259;10103;50
260;20230831;12;50;190;270;10103;50
260;20230831;13;50;189;243;10105;49
260;20230831;14;40;193;207;10106;50
260;20230831;15;40;198;207;10108;52
260;20230831;16;30;190;140;10110;50
260;20230831;17;30;185;86;10111;54
260;20230831;18;20;164;25;10112;70
260;20230831;19;0;128;0;10114;92
260;20230831;20;10;124;0;10117;95
260;20230831;21;10;134;0;10119;93
260;20230831;22;10;131;0;10118;94
260;20230831;23;10;126;0;10118;97
260;20230831;24;10;127;0;10115;96
260;20230901;1;10;123;0;10117;96
260;20230901;2;10;120;0;10117;97
260;20230901;3;10;123;0;10115;97
260;20230901;4;10;128;0;10112;97
260;20230901;5;10;134;0;10114;95
260;20230901;6;10;138;9;10113;93
260;20230901;7;20;145;26;10117;89
260;20230901;8;20;150;30;10114;89
260;20230901;9;20;154;35;10116;88
260;20230901;10;20;159;35;10122;87
260;20230901;11;20;166;55;10121;85
260;20230901;12;20;170;74;10127;86
260;20230901;13;20;178;87;10131;85
260;20230901;14;10;183;67;10134;82
260;20230901;15;10;194;130;10133;77
260;20230901;16;10;195;100;10133;79
260;20230901;17;10;190;21;10136;84
260;20230901;18;10;178;5;10139;93
260;20230901;19;20;171;0;10148;97
260;20230901;20;20;168;0;10155;97
260;20230901;21;20;166;0;10159;98
260;20230901;22;20;164;0;10161;98
260;20230901;23;20;161;0;10164;97
260;20230901;24;20;151;0;10166;98
260;20230902;1;10;135;0;10165;99
260;20230902;2;10;142;0;10170;99
260;20230902;3;10;149;0;10172;99
260;20230902;4;10;149;0;10173;99
260;20230902;5;10;148;0;10179;99
260;20230902;6;10;149;7;10183;99
260;20230902;7;10;155;25;10192;99
260;20230902;8;10;159;45;10200;98
260;20230902;9;20;164;70;10201;98
260;20230902;10;20;169;67;10212;96
260;20230902;11;20;180;63;10215;91
260;20230902;12;20;195;101;10217;84
260;20230902;13;20;200;103;10222;81
260;20230902;14;10;216;159;10220;72
260;20230902;15;10;216;116;10221;73
260;20230902;16;20;211;136;10224;76
260;20230902;17;20;207;68;10228;77
260;20230902;18;30;189;24;10232;80
260;20230902;19;20;172;1;10239;84
260;20230902;20;10;153;0;10245;95
260;20230902;21;10;134;0;10251;98
260;20230902;22;10;125;0;10256;98
260;20230902;23;10;118;0;10259;98
260;20230902;24;10;113;0;10261;98
260;20230903;1;10;107;0;10260;99
260;20230903;2;10;107;0;10264;98
260;20230903;3;10;107;0;10260;98
260;20230903;4;0;105;0;10264;98
260;20230903;5;0;109;0;10267;98
260;20230903;6;10;114;13;10275;98
260;20230903;7;10;134;43;10280;85
260;20230903;8;10;152;76;10284;76
260;20230903;9;10;187;153;10285;61
260;20230903;10;10;205;201;10286;53
260;20230903;11;10;213;205;10283;57
260;20230903;12;10;219;210;10285;50
260;20230903;13;20;220;178;10284;55
260;20230903;14;10;224;207;10284;48
260;20230903;15;10;231;191;10283;46
260;20230903;16;10;227;109;10283;50
260;20230903;17;10;217;59;10281;64
260;20230903;18;10;201;26;10278;78
260;20230903;19;10;167;2;10280;91
260;20230903;20;10;145;0;10278;96
260;20230903;21;10;131;0;10278;98
260;20230903;22;10;124;0;10282;97
260;20230903;23;10;114;0;10281;97
260;20230903;24;10;111;0;10279;98
260;20230904;1;10;105;0;10279;98
260;20230904;2;10;101;0;10277;99
260;20230904;3;10;97;0;10273;98
260;20230904;4;10;93;0;10270;98
260;20230904;5;10;86;0;10268;99
260;20230904;6;10;120;22;10270;97
260;20230904;7;10;157;68;10269;85
260;20230904;8;20;180;113;10267;77
260;20230904;9;30;197;155;10267;70
260;20230904;10;20;217;212;10265;64
260;20230904;11;30;235;255;10258;59
260;20230904;12;30;243;261;10253;56
260;20230904;13;30;247;259;10248;51
260;20230904;14;30;248;206;10241;56
260;20230904;15;30;250;148;10237;52
260;20230904;16;30;247;116;10232;54
260;20230904;17;30;232;66;10230;60
260;20230904;18;30;208;16;10223;71
260;20230904;19;30;195;1;10220;75
260;20230904;20;20;165;0;10219;88
260;20230904;21;20;175;0;10216;82
260;20230904;22;20;151;0;10213;93
260;20230904;23;20;156;0;10212;89
260;20230904;24;20;159;0;10210;85
260;20230905;1;20;147;0;10208;91
260;20230905;2;30;157;0;10204;85
260;20230905;3;20;151;0;10201;87
260;20230905;4;20;144;0;10197;89
260;20230905;5;30;150;0;10195;85
260;20230905;6;30;165;17;10196;79
260;20230905;7;30;194;68;10197;68
260;20230905;8;40;211;126;10196;66
260;20230905;9;40;228;178;10196;59
260;20230905;10;40;242;219;10197;57
260;20230905;11;40;254;247;10194;54
260;20230905;12;30;263;258;10189;50
260;20230905;13;40;279;253;10184;48
260;20230905;14;30;285;229;10182;46
260;20230905;15;30;286;190;10180;47
260;20230905;16;40;285;139;10176;50
260;20230905;17;30;276;82;10176;51
260;20230905;18;20;254;27;10179;60
260;20230905;19;10;198;0;10183;88
260;20230905;20;20;183;0;10183;91
260;20230905;21;10;171;0;10186;97
260;20230905;22;20;165;0;10187;96
260;20230905;23;20;158;0;10186;95
260;20230905;24;30;196;0;10187;73
260;20230906;1;30;191;0;10186;76
260;20230906;2;20;177;0;10186;82
260;20230906;3;20;171;0;10189;85
260;20230906;4;20;157;0;10190;91
260;20230906;5;20;163;0;10192;89
260;20230906;6;20;179;16;10196;83
260;20230906;7;20;199;65;10199;77
260;20230906;8;20;221;121;10202;72
260;20230906;9;20;242;173;10204;64
260;20230906;10;30;258;215;10204;58
260;20230906;11;30;269;245;10202;54
260;20230906;12;30;280;256;10199;51
260;20230906;13;30;290;249;10194;50
260;20230906;14;30;291;227;10194;44
260;20230906;15;20;295;188;10192;44
260;20230906;16;20;291;135;10191;49
260;20230906;17;10;281;78;10191;55
260;20230906;18;10;243;25;10191;71
260;20230906;19;10;197;0;10196;92
260;20230906;20;10;178;0;10197;95
260;20230906;21;10;168;0;10199;96
260;20230906;22;10;160;0;10201;97
260;20230906;23;10;154;0;10201;98
260;20230906;24;10;147;0;10199;99
260;20230907;1;10;139;0;10195;99
260;20230907;2;10;136;0;10193;99
260;20230907;3;10;132;0;10195;99
260;20230907;4;10;126;0;10193;98
260;20230907;5;20;126;0;10194;99
260;20230907;6;10;154;15;10198;91
260;20230907;7;10;198;64;10201;81
260;20230907;8;20;231;121;10199;64
260;20230907;9;20;251;174;10195;59
260;20230907;10;30;262;216;10194;52
260;20230907;11;40;276;244;10192;50
260;20230907;12;40;279;254;10187;46
260;20230907;13;40;287;247;10184;45
260;20230907;14;40;286;223;10177;44
260;20230907;15;40;289;186;10176;42
260;20230907;16;40;283;135;10173;45
260;20230907;17;30;274;77;10170;50
260;20230907;18;20;234;23;10172;74
260;20230907;19;10;192;0;10176;91
260;20230907;20;20;184;0;10176;92
260;20230907;21;20;170;0;10175;95
260;20230907;22;20;155;0;10172;97
260;20230907;23;20;156;0;10171;95
260;20230907;24;20;151;0;10170;97
260;20230908;1;20;155;0;10170;95
260;20230908;2;20;156;0;10169;94
260;20230908;3;10;153;0;10169;95
260;20230908;4;10;145;0;10166;95
260;20230908;5;10;140;0;10166;96
260;20230908;6;20;172;13;10169;86
260;20230908;7;20;199;60;10171;78
260;20230908;8;20;218;116;10171;73
260;20230908;9;20;240;168;10170;67
260;20230908;10;20;260;209;10171;64
260;20230908;11;20;270;236;10169;58
260;20230908;12;20;284;245;10169;56
260;20230908;13;20;295;238;10166;50
260;20230908;14;30;296;214;10163;50
260;20230908;15;30;293;171;10161;55
260;20230908;16;20;286;115;10160;52
260;20230908;17;10;290;64;10158;55
260;20230908;18;10;243;16;10159;79
260;20230908;19;10;206;0;10164;94
260;20230908;20;10;194;0;10163;97
260;20230908;21;10;188;0;10162;97
260;20230908;22;0;176;0;10163;98
260;20230908;23;0;168;0;10161;99
260;20230908;24;10;163;0;10160;99
260;20230909;1;10;156;0;10160;99
260;20230909;2;10;147;0;10159;99
260;20230909;3;0;138;0;10158;99
260;20230909;4;0;132;0;10158;99
260;20230909;5;10;130;0;10161;99
260;20230909;6;10;158;8;10163;100
260;20230909;7;0;175;29;10168;99
260;20230909;8;10;186;64;10171;100
260;20230909;9;0;213;160;10173;84
260;20230909;10;10;251;198;10174;65
260;20230909;11;10;265;225;10172;55
260;20230909;12;20;271;237;10172;53
260;20230909;13;20;278;231;10170;52
260;20230909;14;20;282;206;10168;51
260;20230909;15;20;286;167;10167;46
260;20230909;16;10;291;118;10164;49
260;20230909;17;10;271;63;10166;58
260;20230909;18;10;235;15;10168;82
260;20230909;19;10;204;0;10172;93
260;20230909;20;10;190;0;10176;96
260;20230909;21;10;180;0;10175;98
260;20230909;22;20;178;0;10175;96
260;20230909;23;10;171;0;10175;97
260;20230909;24;10;170;0;10175;98
260;20230910;1;10;168;0;10173;98
260;20230910;2;10;164;0;10175;98
260;20230910;3;10;163;0;10174;98
260;20230910;4;20;170;0;10173;98
260;20230910;5;20;167;0;10172;98
260;20230910;6;20;181;9;10174;94
260;20230910;7;20;214;50;10177;80
260;20230910;8;30;235;102;10177;74
260;20230910;9;30;253;156;10177;65
260;20230910;10;30;269;197;10175;62
260;20230910;11;30;282;223;10172;60
260;20230910;12;30;293;229;10169;56
260;20230910;13;30;304;219;10166;50
260;20230910;14;20;304;198;10163;48
260;20230910;15;20;302;135;10159;51
260;20230910;16;20;303;116;10155;48
260;20230910;17;20;288;60;10153;60
260;20230910;18;20;255;16;10153;78
260;20230910;19;10;225;0;10154;91
260;20230910;20;10;211;0;10154;97
260;20230910;21;20;205;0;10151;98
260;20230910;22;20;201;0;10148;97
260;20230910;23;20;223;0;10145;83
260;20230910;24;20;221;0;10139;82
260;20230911;1;20;212;0;10137;86
260;20230911;2;20;192;0;10134;95
260;20230911;3;20;203;0;10129;89
260;20230911;4;20;197;0;10123;91
260;20230911;5;20;191;0;10121;92
260;20230911;6;20;199;8;10124;88
260;20230911;7;20;217;35;10126;79
260;20230911;8;20;240;108;10129;70
260;20230911;9;20;251;152;10130;65
260;20230911;10;30;263;193;10130;57
260;20230911;11;30;277;220;10127;59
260;20230911;12;30;274;229;10128;55
260;20230911;13;30;265;205;10130;64
260;20230911;14;30;258;176;10130;69
260;20230911;15;30;235;148;10132;75
260;20230911;16;30;228;69;10135;76
260;20230911;17;20;217;26;10123;81
260;20230911;18;20;211;4;10131;85
260;20230911;19;10;202;0;10134;90
260;20230911;20;10;189;0;10135;96
260;20230911;21;20;196;0;10141;91
260;20230911;22;10;189;0;10138;96
260;20230911;23;10;187;0;10130;98
260;20230911;24;10;177;0;10132;99
260;20230912;1;0;161;0;10130;99
260;20230912;2;10;166;0;10129;99
260;20230912;3;10;165;0;10129;99
260;20230912;4;10;167;0;10128;99
260;20230912;5;10;165;0;10125;99
260;20230912;6;10;175;7;10127;98
260;20230912;7;10;180;25;10131;98
260;20230912;8;10;193;62;10131;95
260;20230912;9;20;205;103;10135;87
260;20230912;10;20;209;98;10136;83
260;20230912;11;20;222;146;10137;75
260;20230912;12;10;231;186;10133;75
260;20230912;13;10;237;127;10131;70
260;20230912;14;20;231;99;10129;67
260;20230912;15;20;231;134;10127;66
260;20230912;16;20;218;64;10124;78
260;20230912;17;20;210;22;10125;83
260;20230912;18;10;206;6;10127;88
260;20230912;19;10;205;0;10131;89
260;20230912;20;20;199;0;10131;88
260;20230912;21;10;195;0;10130;92
260;20230912;22;10;186;0;10132;97
260;20230912;23;0;185;0;10130;98
260;20230912;24;10;186;0;10129;94
260;20230913;1;10;183;0;10128;97
260;20230913;2;10;176;0;10128;98
260;20230913;3;10;172;0;10130;98
260;20230913;4;20;175;0;10131;98
260;20230913;5;20;178;0;10132;97
260;20230913;6;40;169;2;10144;91
260;20230913;7;60;156;13;10158;87
260;20230913;8;60;170;94;10166;75
260;20230913;9;50;179;127;10177;70
260;20230913;10;50;188;191;10185;67
260;20230913;11;50;183;182;10191;70
260;20230913;12;40;183;83;10199;66
260;20230913;13;40;201;196;10202;54
260;20230913;14;40;196;207;10206;54
260;20230913;15;40;189;160;10206;54
260;20230913;16;30;189;92;10208;56
260;20230913;17;40;176;59;10212;73
260;20230913;18;30;164;11;10217;77
260;20230913;19;20;158;0;10222;79
260;20230913;20;20;144;0;10225;85
260;20230913;21;10;125;0;10228;93
260;20230913;22;0;109;0;10230;97
260;20230913;23;10;113;0;10231;97
260;20230913;24;10;115;0;10230;97
260;20230914;1;0;104;0;10231;97
260;20230914;2;10;101;0;10230;99
260;20230914;3;0;88;0;10228;99
260;20230914;4;10;81;0;10227;99
260;20230914;5;10;78;0;10228;97
260;20230914;6;10;96;8;10230;97
260;20230914;7;10;124;49;10230;95
260;20230914;8;20;151;90;10232;84
260;20230914;9;30;169;154;10233;78
260;20230914;10;20;185;192;10231;71
260;20230914;11;20;180;108;10228;68
260;20230914;12;20;191;214;10227;59
260;20230914;13;20;197;194;10223;58
260;20230914;14;20;209;156;10217;52
260;20230914;15;20;195;125;10214;56
260;20230914;16;20;200;78;10211;57
260;20230914;17;20;190;41;10210;63
260;20230914;18;20;159;11;10208;82
260;20230914;19;10;132;0;10211;94
260;20230914;20;10;120;0;10212;96
260;20230914;21;20;117;0;10209;96
260;20230914;22;10;111;0;10208;97
260;20230914;23;20;105;0;10207;97
260;20230914;24;10;100;0;10203;98
260;20230915;1;10;96;0;10201;98
260;20230915;2;10;90;0;10198;99
260;20230915;3;10;85;0;10196;98
260;20230915;4;10;79;0;10193;99
260;20230915;5;10;76;0;10191;98
260;20230915;6;10;93;8;10193;98
260;20230915;7;10;123;43;10193;94
260;20230915;8;20;156;99;10189;78
260;20230915;9;20;184;158;10188;69
260;20230915;10;30;197;200;10184;61
260;20230915;11;30;209;228;10179;55
260;20230915;12;40;213;239;10174;59
260;20230915;13;30;218;231;10170;58
260;20230915;14;30;217;170;10163;58
260;20230915;15;30;219;157;10159;56
260;20230915;16;30;212;96;10155;56
260;20230915;17;20;195;26;10154;69
260;20230915;18;20;178;13;10155;78
260;20230915;19;20;145;0;10156;91
260;20230915;20;10;131;0;10157;95
260;20230915;21;10;120;0;10155;96
260;20230915;22;10;114;0;10155;98
260;20230915;23;10;112;0;10150;98
260;20230915;24;10;112;0;10145;98
260;20230916;1;10;108;0;10144;97
260;20230916;2;10;103;0;10143;98
260;20230916;3;10;97;0;10142;100
260;20230916;4;10;95;0;10138;98
260;20230916;5;10;93;0;10137;98
260;20230916;6;10;100;6;10139;98
260;20230916;7;10;141;49;10141;82
260;20230916;8;10;183;105;10143;67
260;20230916;9;10;215;157;10145;58
260;20230916;10;10;237;161;10146;54
260;20230916;11;20;236;200;10145;53
260;20230916;12;30;243;211;10141;49
260;20230916;13;20;243;192;10139;50
260;20230916;14;20;242;138;10138;53
260;20230916;15;30;237;99;10138;57
260;20230916;16;30;228;62;10138;60
260;20230916;17;30;218;33;10138;62
260;20230916;18;30;205;5;10142;67
260;20230916;19;20;199;0;10148;71
260;20230916;20;20;195;0;10148;76
260;20230916;21;30;196;0;10150;74
260;20230916;22;30;186;0;10149;80
260;20230916;23;40;178;0;10149;75
260;20230916;24;30;176;0;10146;71
260;20230917;1;40;174;0;10142;72
260;20230917;2;40;170;0;10136;74
260;20230917;3;30;161;0;10138;82
260;20230917;4;30;154;0;10133;89
260;20230917;5;40;152;0;10130;84
260;20230917;6;40;143;0;10132;95
260;20230917;7;30;145;3;10134;97
260;20230917;8;30;148;11;10134;97
260;20230917;9;30;155;28;10131;94
260;20230917;10;30;157;40;10131;95
260;20230917;11;20;162;47;10125;95
260;20230917;12;20;168;43;10125;95
260;20230917;13;10;176;54;10123;94
260;20230917;14;20;185;54;10122;91
260;20230917;15;20;187;28;10116;90
260;20230917;16;20;192;35;10116;89
260;20230917;17;10;190;27;10112;91
260;20230917;18;10;175;6;10105;97
260;20230917;19;10;159;0;10103;98
260;20230917;20;10;162;0;10098;99
260;20230917;21;10;152;0;10095;99
260;20230917;22;10;159;0;10085;99
260;20230917;23;20;173;0;10077;98
260;20230917;24;20;179;0;10062;98
260;20230918;1;30;185;0;10049;94
260;20230918;2;20;184;0;10040;93
260;20230918;3;30;188;0;10032;93
260;20230918;4;20;189;0;10028;93
260;20230918;5;30;189;0;10018;95
260;20230918;6;20;187;2;10022;96
260;20230918;7;30;193;9;10024;91
260;20230918;8;40;193;33;10025;90
260;20230918;9;50;204;110;10029;84
260;20230918;10;60;199;89;10036;82
260;20230918;11;60;203;102;10035;79
260;20230918;12;70;215;179;10035;72
260;20230918;13;60;218;179;10031;70
260;20230918;14;60;217;150;10022;67
260;20230918;15;60;206;57;10021;71
260;20230918;16;60;171;27;10021;89
260;20230918;17;50;185;53;10019;84
260;20230918;18;60;190;1;10024;73
260;20230918;19;70;186;0;10027;73
260;20230918;20;50;173;0;10039;83
260;20230918;21;50;158;0;10043;92
260;20230918;22;40;159;0;10055;82
260;20230918;23;30;144;0;10061;90
260;20230918;24;30;138;0;10067;90
260;20230919;1;30;144;0;10071;87
260;20230919;2;30;144;0;10074;81
260;20230919;3;40;141;0;10076;83
260;20230919;4;40;136;0;10075;81
260;20230919;5;50;138;0;10080;80
260;20230919;6;60;142;5;10082;80
260;20230919;7;50;146;31;10083;82
260;20230919;8;60;155;71;10087;80
260;20230919;9;60;166;102;10086;77
260;20230919;10;70;174;143;10084;71
260;20230919;11;80;188;167;10078;66
260;20230919;12;90;187;103;10075;65
260;20230919;13;70;185;42;10077;69
260;20230919;14;80;188;53;10074;67
260;20230919;15;80;183;21;10076;70
260;20230919;16;80;182;16;10074;71
260;20230919;17;80;175;6;10075;78
260;20230919;18;70;172;0;10075;80
260;20230919;19;70;170;0;10079;82
260;20230919;20;70;169;0;10079;83
260;20230919;21;60;169;0;10079;85
260;20230919;22;60;172;0;10075;82
260;20230919;23;50;179;0;10074;77
260;20230919;24;60;181;0;10076;76
260;20230920;1;50;174;0;10074;80
260;20230920;2;50;172;0;10072;80
260;20230920;3;50;170;0;10066;80
260;20230920;4;50;172;0;10062;79
260;20230920;5;50;170;0;10059;80
260;20230920;6;50;166;7;10058;82
260;20230920;7;50;171;34;10057;81
260;20230920;8;60;174;37;10059;81
260;20230920;9;60;177;35;10062;79
260;20230920;10;60;178;28;10059;80
260;20230920;11;50;191;57;10055;77
260;20230920;12;60;205;135;10052;67
260;20230920;13;80;210;153;10045;64
260;20230920;14;70;216;151;10037;62
260;20230920;15;60;205;76;10038;69
260;20230920;16;60;202;31;10033;70
260;20230920;17;50;201;27;10029;72
260;20230920;18;40;191;6;10024;71
260;20230920;19;30;180;0;10025;76
260;20230920;20;30;178;0;10018;78
260;20230920;21;30;179;0;10009;79
260;20230920;22;40;181;0;10001;77
260;20230920;23;40;184;0;9993;74
260;20230920;24;40;188;0;9986;72
260;20230921;1;40;186;0;9980;73
260;20230921;2;40;191;0;9974;70
260;20230921;3;40;188;0;9971;72
260;20230921;4;40;188;0;9966;71
260;20230921;5;40;181;0;9965;78
260;20230921;6;30;169;0;9966;89
260;20230921;7;40;138;3;9975;95
260;20230921;8;10;140;12;9978;95
260;20230921;9;10;145;24;9982;95
260;20230921;10;20;145;27;9981;97
260;20230921;11;10;145;23;9982;96
260;20230921;12;10;148;32;9979;97
260;20230921;13;30;150;42;9970;96
260;20230921;14;30;153;45;9970;95
260;20230921;15;20;151;30;9960;94
260;20230921;16;10;150;14;9961;96
260;20230921;17;10;148;8;9954;97
260;20230921;18;10;148;1;9959;97
260;20230921;19;20;146;0;9963;98
260;20230921;20;20;145;0;9967;98
260;20230921;21;20;149;0;9968;97
260;20230921;22;30;148;0;9969;95
260;20230921;23;40;139;0;9972;96
260;20230921;24;30;135;0;9978;97
260;20230922;1;40;136;0;9979;95
260;20230922;2;40;129;0;9979;95
260;20230922;3;20;123;0;9980;96
260;20230922;4;30;123;0;9979;96
260;20230922;5;30;128;0;9981;96
260;20230922;6;30;129;2;9984;95
260;20230922;7;40;135;33;9989;89
260;20230922;8;50;145;77;9996;79
260;20230922;9;50;142;88;10002;83
260;20230922;10;60;152;104;10005;77
260;20230922;11;60;169;191;10005;71
260;20230922;12;60;169;177;10010;65
260;20230922;13;50;169;113;10013;66
260;20230922;14;50;162;79;10017;69
260;20230922;15;40;160;71;10021;67
260;20230922;16;30;152;31;10022;77
260;20230922;17;20;148;15;10025;80
260;20230922;18;20;141;1;10031;89
260;20230922;19;20;136;0;10038;92
260;20230922;20;30;126;0;10046;88
260;20230922;21;20;123;0;10052;93
260;20230922;22;20;117;0;10053;95
260;20230922;23;30;115;0;10061;94
260;20230922;24;30;119;0;10067;89
260;20230923;1;20;114;0;10069;96
260;20230923;2;20;115;0;10074;96
260;20230923;3;30;115;0;10078;97
260;20230923;4;30;116;0;10082;96
260;20230923;5;30;119;0;10088;97
260;20230923;6;30;117;3;10097;96
260;20230923;7;40;123;30;10105;94
260;20230923;8;40;139;60;10115;92
260;20230923;9;40;141;101;10124;90
260;20230923;10;40;144;69;10130;94
260;20230923;11;40;159;109;10137;81
260;20230923;12;40;170;195;10144;76
260;20230923;13;40;170;162;10151;73
260;20230923;14;40;166;121;10160;73
260;20230923;15;40;161;69;10166;78
260;20230923;16;30;167;53;10174;77
260;20230923;17;30;157;33;10183;76
260;20230923;18;20;150;3;10191;83
260;20230923;19;20;146;0;10200;81
260;20230923;20;20;135;0;10207;88
260;20230923;21;10;113;0;10213;97
260;20230923;22;10;96;0;10219;98
260;20230923;23;10;97;0;10221;98
260;20230923;24;20;97;0;10224;98
260;20230924;1;20;96;0;10227;98
260;20230924;2;20;96;0;10228;97
260;20230924;3;20;89;0;10228;97
260;20230924;4;20;82;0;10233;97
260;20230924;5;20;74;0;10238;98
260;20230924;6;20;87;5;10240;96
260;20230924;7;20;98;32;10246;94
260;20230924;8;20;126;87;10249;83
260;20230924;9;30;151;146;10250;72
260;20230924;10;40;171;187;10245;69
260;20230924;11;50;181;211;10243;60
260;20230924;12;50;186;193;10241;56
260;20230924;13;60;191;214;10236;55
260;20230924;14;50;194;185;10232;53
260;20230924;15;50;194;147;10226;51
260;20230924;16;50;191;96;10226;54
260;20230924;17;30;177;41;10225;59
260;20230924;18;20;154;3;10224;71
260;20230924;19;20;133;0;10223;82
260;20230924;20;20;139;0;10221;78
260;20230924;21;30;131;0;10217;82
260;20230924;22;30;129;0;10216;81
260;20230924;23;30;130;0;10211;80
260;20230924;24;30;130;0;10211;80
260;20230925;1;30;124;0;10211;82
260;20230925;2;30;122;0;10209;80
260;20230925;3;30;115;0;10205;83
260;20230925;4;30;115;0;10205;81
260;20230925;5;30;118;0;10210;79
260;20230925;6;30;118;2;10212;80
260;20230925;7;30;129;26;10213;77
260;20230925;8;30;149;71;10212;72
260;20230925;9;40;164;105;10211;68
260;20230925;10;40;173;138;10215;65
260;20230925;11;30;191;187;10216;61
260;20230925;12;40;196;193;10216;58
260;20230925;13;30;206;165;10217;59
260;20230925;14;30;207;171;10216;59
260;20230925;15;20;209;77;10217;61
260;20230925;16;20;205;46;10218;59
260;20230925;17;20;195;15;10222;69
260;20230925;18;10;179;1;10223;86
260;20230925;19;10;171;0;10224;90
260;20230925;20;10;162;0;10225;92
260;20230925;21;10;145;0;10225;96
260;20230925;22;10;145;0;10225;97
260;20230925;23;10;127;0;10222;99
260;20230925;24;10;122;0;10220;99
260;20230926;1;20;117;0;10219;98
260;20230926;2;10;130;0;10216;97
260;20230926;3;10;124;0;10213;98
260;20230926;4;10;119;0;10210;97
260;20230926;5;10;116;0;10206;97
260;20230926;6;10;123;3;10208;95
260;20230926;7;10;140;26;10208;87
260;20230926;8;20;148;41;10206;85
260;20230926;9;20;167;93;10204;80
260;20230926;10;20;179;110;10202;74
260;20230926;11;30;192;127;10199;71
260;20230926;12;30;207;189;10195;66
260;20230926;13;30;206;145;10192;61
260;20230926;14;30;213;116;10191;61
260;20230926;15;30;209;104;10187;64
260;20230926;16;30;202;64;10185;69
260;20230926;17;20;193;21;10186;73
260;20230926;18;20;169;2;10190;84
260;20230926;19;20;146;0;10193;95
260;20230926;20;20;146;0;10192;92
260;20230926;21;20;156;0;10195;88
260;20230926;22;20;142;0;10195;93
260;20230926;23;20;130;0;10193;98
260;20230926;24;10;130;0;10198;98
260;20230927;1;10;121;0;10196;98
260;20230927;2;10;115;0;10196;99
260;20230927;3;10;109;0;10197;99
260;20230927;4;10;106;0;10199;99
260;20230927;5;10;108;0;10196;99
260;20230927;6;10;122;3;10197;98
260;20230927;7;10;135;23;10196;98
260;20230927;8;20;155;62;10201;92
260;20230927;9;10;177;106;10200;86
260;20230927;10;10;191;60;10196;83
260;20230927;11;20;200;92;10187;77
260;20230927;12;40;223;213;10180;67
260;20230927;13;40;226;207;10170;63
260;20230927;14;40;227;172;10167;64
260;20230927;15;40;213;93;10159;69
260;20230927;16;30;209;32;10153;72
260;20230927;17;30;202;20;10148;75
260;20230927;18;30;196;0;10143;76
260;20230927;19;30;192;0;10141;77
260;20230927;20;30;190;0;10133;76
260;20230927;21;40;193;0;10125;74
260;20230927;22;40;190;0;10121;76
260;20230927;23;30;186;0;10122;79
260;20230927;24;30;193;0;10125;74
260;20230928;1;30;185;0;10130;78
260;20230928;2;30;179;0;10132;83
260;20230928;3;30;179;0;10133;84
260;20230928;4;30;171;0;10143;87
260;20230928;5;30;167;0;10146;84
260;20230928;6;40;160;1;10153;83
260;20230928;7;40;166;28;10158;81
260;20230928;8;40;171;38;10165;81
260;20230928;9;40;180;70;10168;77
260;20230928;10;40;188;135;10170;71
260;20230928;11;40;187;89;10172;72
260;20230928;12;40;191;83;10173;69
260;20230928;13;50;192;101;10171;68
260;20230928;14;40;190;54;10176;65
260;20230928;15;40;190;60;10167;65
260;20230928;16;30;188;53;10166;68
260;20230928;17;20;166;20;10164;83
260;20230928;18;10;137;2;10164;95
260;20230928;19;10;131;0;10164;97
260;20230928;20;20;140;0;10162;94
260;20230928;21;20;153;0;10157;88
260;20230928;22;20;149;0;10158;88
260;20230928;23;20;152;0;10156;88
260;20230928;24;20;158;0;10152;85
260;20230929;1;30;161;0;10145;85
260;20230929;2;30;164;0;10142;85
260;20230929;3;30;169;0;10135;81
260;20230929;4;30;161;0;10129;90
260;20230929;5;30;165;0;10126;89
260;20230929;6;30;176;0;10125;85
260;20230929;7;30;185;5;10126;84
260;20230929;8;30;191;26;10129;84
260;20230929;9;40;200;44;10133;81
260;20230929;10;50;202;64;10138;82
260;20230929;11;50;194;40;10143;89
260;20230929;12;50;180;35;10158;91
260;20230929;13;40;180;60;10172;81
260;20230929;14;40;182;58;10183;77
260;20230929;15;40;181;77;10193;76
260;20230929;16;50;174;77;10204;67
260;20230929;17;40;162;30;10212;72
260;20230929;18;20;148;1;10225;80
260;20230929;19;20;130;0;10231;88
260;20230929;20;10;104;0;10237;97
260;20230929;21;20;99;0;10239;97
260;20230929;22;10;91;0;10243;98
260;20230929;23;10;91;0;10245;98
260;20230929;24;10;99;0;10246;98
260;20230930;1;10;104;0;10249;98
260;20230930;2;10;101;0;10249;98
260;20230930;3;10;107;0;10249;98
260;20230930;4;10;104;0;10249;98
260;20230930;5;10;104;0;10253;98
260;20230930;6;20;99;1;10253;99
260;20230930;7;20;121;27;10259;98
260;20230930;8;20;140;71;10263;93
260;20230930;9;20;167;136;10262;84
260;20230930;10;20;177;136;10269;72
260;20230930;11;30;186;126;10264;64
260;20230930;12;30;190;150;10262;62
260;20230930;13;30;191;85;10259;61
260;20230930;14;30;191;125;10256;57
260;20230930;15;30;190;108;10252;60
260;20230930;16;30;180;62;10248;61
260;20230930;17;20;170;12;10250;71
260;20230930;18;20;148;1;10249;86
260;20230930;19;10;139;0;10248;94
260;20230930;20;10;135;0;10249;95
260;20230930;21;10;141;0;10250;92
260;20230930;22;10;146;0;10245;88
260;20230930;23;20;146;0;10242;88
260;20230930;24;20;147;0;10235;87
260;20231001;1;30;147;0;10233;84
260;20231001;2;20;155;0;10230;76
260;20231001;3;30;154;0;10228;76
260;20231001;4;40;151;0;10224;79
260;20231001;5;30;154;0;10224;79
260;20231001;6;30;155;0;10225;80
260;20231001;7;30;156;27;10226;79
260;20231001;8;30;167;80;10228;77
260;20231001;9;30;181;122;10228;74
260;20231001;10;30;201;133;10229;69
260;20231001;11;40;212;179;10224;65
260;20231001;12;50;225;199;10221;62
260;20231001;13;50;228;181;10218;60
260;20231001;14;40;232;146;10215;53
260;20231001;15;40;230;129;10210;55
260;20231001;16;30;219;67;10207;62
260;20231001;17;20;196;21;10209;80
260;20231001;18;20;163;1;10207;92
260;20231001;19;10;150;0;10208;97
260;20231001;20;10;146;0;10207;97
260;20231001;21;20;144;0;10203;97
260;20231001;22;10;140;0;10203;98
260;20231001;23;20;136;0;10202;98
260;20231001;24;30;172;0;10199;85
260;20231002;1;20;155;0;10198;94
260;20231002;2;10;145;0;10196;96
260;20231002;3;20;140;0;10193;97
260;20231002;4;10;134;0;10193;98
260;20231002;5;20;141;0;10190;98
260;20231002;6;20;144;1;10192;96
260;20231002;7;10;157;17;10196;93
260;20231002;8;20;173;42;10198;88
260;20231002;9;20;191;80;10198;84
260;20231002;10;20;203;131;10195;80
260;20231002;11;30;211;138;10192;77
260;20231002;12;30;216;134;10189;77
260;20231002;13;20;228;149;10180;75
260;20231002;14;20;230;135;10175;71
260;20231002;15;20;234;109;10166;73
260;20231002;16;20;231;66;10158;75
260;20231002;17;20;209;19;10156;84
260;20231002;18;10;180;0;10157;94
260;20231002;19;10;166;0;10151;98
260;20231002;20;10;157;0;10143;98
260;20231002;21;20;171;0;10130;98
260;20231002;22;30;183;0;10120;90
260;20231002;23;30;186;0;10112;84
260;20231002;24;30;182;0;10099;85
260;20231003;1;30;181;0;10087;83
260;20231003;2;30;183;0;10077;80
260;20231003;3;50;199;0;10070;74
260;20231003;4;60;195;0;10075;78
260;20231003;5;70;185;0;10077;83
260;20231003;6;70;185;0;10082;80
260;20231003;7;60;182;11;10090;80
260;20231003;8;50;164;18;10106;93
260;20231003;9;50;156;35;10125;90
260;20231003;10;40;160;52;10136;84
260;20231003;11;40;147;44;10146;94
260;20231003;12;40;140;36;10158;93
260;20231003;13;40;146;77;10169;89
260;20231003;14;30;155;95;10177;81
260;20231003;15;40;164;100;10185;65
260;20231003;16;50;163;74;10193;66
260;20231003;17;40;154;16;10201;73
260;20231003;18;40;142;0;10210;86
260;20231003;19;30;139;0;10219;86
260;20231003;20;30;138;0;10226;81
260;20231003;21;30;133;0;10229;81
260;20231003;22;30;126;0;10231;84
260;20231003;23;30;138;0;10234;78
260;20231003;24;30;137;0;10238;79
260;20231004;1;20;137;0;10242;79
260;20231004;2;30;132;0;10243;83
260;20231004;3;20;121;0;10246;89
260;20231004;4;30;124;0;10247;86
260;20231004;5;30;120;0;10248;89
260;20231004;6;30;124;1;10252;90
260;20231004;7;30;130;20;10256;90
260;20231004;8;40;145;65;10260;85
260;20231004;9;40;153;87;10261;83
260;20231004;10;40;157;72;10261;82
260;20231004;11;50;161;80;10259;75
260;20231004;12;50;168;84;10255;70
260;20231004;13;50;165;51;10252;73
260;20231004;14;60;176;102;10249;63
260;20231004;15;60;170;96;10245;63
260;20231004;16;50;162;54;10243;65
260;20231004;17;40;154;25;10244;69
260;20231004;18;30;145;0;10246;74
260;20231004;19;30;144;0;10244;75
260;20231004;20;30;142;0;10240;78
260;20231004;21;40;139;0;10236;83
260;20231004;22;40;144;0;10230;82
260;20231004;23;40;143;0;10225;84
260;20231004;24;40;148;0;10224;85
260;20231005;1;40;148;0;10223;85
260;20231005;2;40;147;0;10223;83
260;20231005;3;30;145;0;10220;84
260;20231005;4;30;139;0;10220;87
260;20231005;5;30;136;0;10221;88
260;20231005;6;30;134;0;10225;89
260;20231005;7;30;138;12;10229;88
260;20231005;8;30;146;34;10236;85
260;20231005;9;30;158;52;10240;80
260;20231005;10;40;162;45;10245;80
260;20231005;11;40;169;78;10245;77
260;20231005;12;40;172;57;10245;77
260;20231005;13;40;176;74;10244;74
260;20231005;14;40;185;93;10243;63
260;20231005;15;40;183;108;10243;60
260;20231005;16;30;176;51;10243;66
260;20231005;17;40;164;15;10245;74
260;20231005;18;40;153;0;10245;77
260;20231005;19;30;149;0;10249;80
260;20231005;20;30;142;0;10249;80
260;20231005;21;20;141;0;10249;83
260;20231005;22;30;141;0;10244;84
260;20231005;23;30;144;0;10245;83
260;20231005;24;30;138;0;10242;86
260;20231006;1;40;136;0;10239;88
260;20231006;2;40;134;0;10238;89
260;20231006;3;40;131;0;10234;90
260;20231006;4;40;135;0;10229;87
260;20231006;5;40;133;0;10226;87
260;20231006;6;50;134;1;10227;87
260;20231006;7;40;135;13;10227;86
260;20231006;8;40;150;65;10229;82
260;20231006;9;50;156;77;10230;81
260;20231006;10;60;172;122;10228;78
260;20231006;11;50;180;111;10226;76
260;20231006;12;60;184;137;10223;75
260;20231006;13;70;192;156;10219;73
260;20231006;14;60;194;140;10218;70
260;20231006;15;70;194;108;10215;70
260;20231006;16;50;188;47;10214;71
260;20231006;17;50;183;12;10212;76
260;20231006;18;50;174;0;10215;81
260;20231006;19;50;169;0;10215;75
260;20231006;20;50;163;0;10215;80
260;20231006;21;50;159;0;10213;83
260;20231006;22;50;158;0;10212;85
260;20231006;23;50;154;0;10210;88
260;20231006;24;50;154;0;10206;90
260;20231007;1;40;155;0;10206;92
260;20231007;2;30;157;0;10205;92
260;20231007;3;30;160;0;10204;92
260;20231007;4;30;158;0;10201;93
260;20231007;5;30;164;0;10198;91
260;20231007;6;40;166;0;10201;91
260;20231007;7;40;168;12;10203;91
260;20231007;8;50;172;37;10208;90
260;20231007;9;50;186;90;10206;83
260;20231007;10;50;201;142;10208;76
260;20231007;11;60;199;164;10209;69
260;20231007;12;60;207;173;10211;68
260;20231007;13;50;197;108;10207;72
260;20231007;14;50;195;75;10209;73
260;20231007;15;60;195;68;10203;75
260;20231007;16;40;194;32;10209;74
260;20231007;17;40;188;5;10207;78
260;20231007;18;40;184;0;10208;80
260;20231007;19;30;184;0;10209;80
260;20231007;20;30;187;0;10215;79
260;20231007;21;40;183;0;10218;81
260;20231007;22;40;180;0;10218;84
260;20231007;23;30;180;0;10222;87
260;20231007;24;20;176;0;10225;89
260;20231008;1;10;172;0;10224;91
260;20231008;2;20;173;0;10229;92
260;20231008;3;10;166;0;10229;96
260;20231008;4;10;165;0;10236;97
260;20231008;5;20;152;0;10242;95
260;20231008;6;30;141;0;10246;93
260;20231008;7;40;136;3;10254;91
260;20231008;8;40;139;19;10260;88
260;20231008;9;30;144;35;10265;86
260;20231008;10;30;150;60;10264;82
260;20231008;11;30;151;52;10262;84
260;20231008;12;30;155;49;10260;86
260;20231008;13;30;163;101;10252;82
260;20231008;14;30;161;71;10250;82
260;20231008;15;20;163;39;10243;82
260;20231008;16;20;163;24;10240;84
260;20231008;17;20;153;5;10236;89
260;20231008;18;20;144;0;10230;93
260;20231008;19;20;137;0;10226;96
260;20231008;20;20;133;0;10219;97
260;20231008;21;20;135;0;10217;97
260;20231008;22;10;122;0;10210;98
260;20231008;23;20;140;0;10206;98
260;20231008;24;20;146;0;10199;95
260;20231009;1;30;160;0;10197;85
260;20231009;2;30;159;0;10191;88
260;20231009;3;30;162;0;10187;88
260;20231009;4;30;165;0;10189;88
260;20231009;5;30;163;0;10187;91
260;20231009;6;30;170;0;10190;87
260;20231009;7;20;167;5;10193;90
260;20231009;8;30;175;24;10191;87
260;20231009;9;30;186;53;10199;84
260;20231009;10;40;193;79;10200;80
260;20231009;11;30;197;99;10202;75
260;20231009;12;40;199;97;10201;76
260;20231009;13;30;198;61;10200;78
260;20231009;14;30;192;48;10200;78
260;20231009;15;30;192;39;10200;80
260;20231009;16;20;189;27;10201;82
260;20231009;17;30;183;6;10206;85
260;20231009;18;20;179;0;10207;87
260;20231009;19;20;176;0;10209;89
260;20231009;20;20;175;0;10210;89
260;20231009;21;10;171;0;10211;91
260;20231009;22;10;163;0;10212;95
260;20231009;23;10;160;0;10208;96
260;20231009;24;10;147;0;10206;98
260;20231010;1;10;138;0;10203;99
260;20231010;2;10;127;0;10198;99
260;20231010;3;20;144;0;10195;99
260;20231010;4;20;143;0;10193;98
260;20231010;5;20;141;0;10186;98
260;20231010;6;20;138;0;10183;98
260;20231010;7;20;142;13;10183;95
260;20231010;8;20;150;43;10182;92
260;20231010;9;30;165;80;10182;86
260;20231010;10;40;187;134;10180;78
260;20231010;11;30;203;163;10179;71
260;20231010;12;30;206;142;10173;71
260;20231010;13;40;215;165;10169;65
260;20231010;14;40;211;101;10168;68
260;20231010;15;40;214;113;10161;58
260;20231010;16;30;203;42;10156;64
260;20231010;17;30;190;8;10152;71
260;20231010;18;30;186;0;10148;69
260;20231010;19;30;190;0;10143;61
260;20231010;20;40;189;0;10142;58
260;20231010;21;40;183;0;10140;59
260;20231010;22;50;174;0;10142;73
260;20231010;23;50;166;0;10140;82
260;20231010;24;40;163;0;10137;86
260;20231011;1;50;164;0;10135;86
260;20231011;2;50;162;0;10130;85
260;20231011;3;50;158;0;10127;85
260;20231011;4;40;156;0;10123;86
260;20231011;5;40;156;0;10124;87
260;20231011;6;50;157;0;10124;88
260;20231011;7;50;161;6;10125;88
260;20231011;8;50;165;16;10129;89
260;20231011;9;50;166;12;10131;93
260;20231011;10;50;171;19;10134;90
260;20231011;11;50;188;66;10128;84
260;20231011;12;60;194;75;10126;81
260;20231011;13;60;191;58;10124;82
260;20231011;14;60;190;52;10120;82
260;20231011;15;50;193;35;10113;82
260;20231011;16;40;191;21;10110;83
260;20231011;17;20;184;4;10111;86
260;20231011;18;20;183;0;10111;85
260;20231011;19;30;185;0;10111;78
260;20231011;20;40;181;0;10107;78
260;20231011;21;40;178;0;10106;80
260;20231011;22;30;174;0;10106;82
260;20231011;23;30;170;0;10111;87
260;20231011;24;30;166;0;10111;94
260;20231012;1;30;166;0;10117;94
260;20231012;2;30;157;0;10117;97
260;20231012;3;10;150;0;10115;97
260;20231012;4;20;142;0;10117;97
260;20231012;5;10;140;0;10123;97
260;20231012;6;20;134;0;10130;98
260;20231012;7;20;132;2;10135;98
260;20231012;8;20;133;7;10139;98
260;20231012;9;20;136;13;10141;97
260;20231012;10;20;138;17;10138;97
260;20231012;11;20;143;24;10132;97
260;20231012;12;20;143;10;10128;98
260;20231012;13;20;148;5;10128;98
260;20231012;14;40;156;6;10115;98
260;20231012;15;30;162;18;10121;96
260;20231012;16;20;162;4;10117;97
260;20231012;17;20;164;1;10116;98
260;20231012;18;30;169;0;10118;98
260;20231012;19;30;172;0;10119;97
260;20231012;20;30;173;0;10118;96
260;20231012;21;40;173;0;10118;95
260;20231012;22;30;172;0;10113;95
260;20231012;23;40;172;0;10111;93
260;20231012;24;40;171;0;10110;94
260;20231013;1;40;169;0;10103;96
260;20231013;2;50;170;0;10096;95
260;20231013;3;40;167;0;10086;96
260;20231013;4;40;165;0;10072;97
260;20231013;5;50;168;0;10061;97
260;20231013;6;60;173;0;10056;92
260;20231013;7;40;177;3;10048;95
260;20231013;8;60;184;13;10043;91
260;20231013;9;60;193;27;10037;83
260;20231013;10;50;196;22;10029;80
260;20231013;11;50;205;61;10023;76
260;20231013;12;70;214;52;10017;66
260;20231013;13;80;212;33;10016;67
260;20231013;14;70;199;18;10014;76
260;20231013;15;60;181;6;10020;93
260;20231013;16;40;181;5;10006;94
260;20231013;17;30;181;3;10006;92
260;20231013;18;60;177;0;10002;94
260;20231013;19;60;178;0;9995;93
260;20231013;20;60;179;0;9987;92
260;20231013;21;70;165;0;9988;92
260;20231013;22;60;153;0;9990;93
260;20231013;23;30;140;0;10001;97
260;20231013;24;20;139;0;10010;96
260;20231014;1;30;128;0;10029;91
260;20231014;2;30;121;0;10039;79
260;20231014;3;30;114;0;10054;80
260;20231014;4;30;115;0;10066;77
260;20231014;5;30;110;0;10077;78
260;20231014;6;30;106;0;10087;79
260;20231014;7;20;113;13;10100;74
260;20231014;8;30;120;52;10110;76
260;20231014;9;30;135;94;10117;65
260;20231014;10;40;117;36;10126;75
260;20231014;11;30;114;60;10130;79
260;20231014;12;40;138;146;10134;60
260;20231014;13;60;135;120;10139;62
260;20231014;14;50;133;88;10146;67
260;20231014;15;50;125;55;10152;59
260;20231014;16;50;117;48;10156;55
260;20231014;17;30;105;4;10164;62
260;20231014;18;20;94;0;10170;68
260;20231014;19;20;93;0;10173;70
260;20231014;20;20;87;0;10175;73
260;20231014;21;20;77;0;10176;79
260;20231014;22;30;82;0;10177;80
260;20231014;23;20;72;0;10178;93
260;20231014;24;20;71;0;10183;96
260;20231015;1;20;72;0;10178;96
260;20231015;2;30;71;0;10175;93
260;20231015;3;30;64;0;10175;95
260;20231015;4;30;70;0;10185;89
260;20231015;5;20;52;0;10178;96
260;20231015;6;10;59;0;10184;97
260;20231015;7;20;70;5;10190;91
260;20231015;8;20;75;28;10201;88
260;20231015;9;20;86;63;10207;84
260;20231015;10;20;93;86;10213;82
260;20231015;11;30;68;136;10222;86
260;20231015;12;20;100;154;10220;73
260;20231015;13;20;98;112;10223;80
260;20231015;14;30;92;117;10230;83
260;20231015;15;20;94;65;10229;79
260;20231015;16;20;92;27;10235;85
260;20231015;17;10;76;9;10235;93
260;20231015;18;20;76;0;10240;90
260;20231015;19;20;63;0;10242;97
260;20231015;20;10;55;0;10245;98
260;20231015;21;20;66;0;10245;97
260;20231015;22;20;72;0;10246;95
260;20231015;23;20;72;0;10242;95
260;20231015;24;10;52;0;10240;98
260;20231016;1;20;68;0;10238;97
260;20231016;2;20;72;0;10237;96
260;20231016;3;20;76;0;10235;94
260;20231016;4;20;73;0;10233;95
260;20231016;5;20;77;0;10228;93
260;20231016;6;10;78;0;10229;97
260;20231016;7;20;84;6;10230;94
260;20231016;8;10;96;40;10230;89
260;20231016;9;10;110;83;10231;81
260;20231016;10;10;123;122;10230;73
260;20231016;11;10;127;130;10230;72
260;20231016;12;10;126;66;10225;72
260;20231016;13;20;126;66;10222;72
260;20231016;14;10;127;91;10220;67
260;20231016;15;20;124;57;10217;69
260;20231016;16;20;114;30;10215;78
260;20231016;17;20;86;4;10215;90
260;20231016;18;20;73;0;10217;97
260;20231016;19;10;71;0;10215;97
260;20231016;20;10;62;0;10214;97
260;20231016;21;20;57;0;10217;97
260;20231016;22;10;47;0;10217;98
260;20231016;23;20;55;0;10215;97
260;20231016;24;20;57;0;10213;97
260;20231017;1;20;56;0;10210;97
260;20231017;2;20;57;0;10206;97
260;20231017;3;20;64;0;10204;94
260;20231017;4;20;65;0;10206;93
260;20231017;5;20;66;0;10206;93
260;20231017;6;30;61;0;10202;93
260;20231017;7;30;65;6;10205;93
260;20231017;8;30;80;53;10204;89
260;20231017;9;40;98;102;10204;80
260;20231017;10;50;112;141;10206;76
260;20231017;11;50;116;159;10198;71
260;20231017;12;50;124;170;10192;67
260;20231017;13;50;128;161;10183;63
260;20231017;14;50;125;123;10177;65
260;20231017;15;50;121;94;10174;67
260;20231017;16;40;111;43;10172;71
260;20231017;17;40;93;4;10172;78
260;20231017;18;30;81;0;10174;83
260;20231017;19;30;75;0;10169;86
260;20231017;20;40;73;0;10164;87
260;20231017;21;40;70;0;10156;89
260;20231017;22;40;65;0;10151;90
260;20231017;23;30;61;0;10146;92
260;20231017;24;40;60;0;10137;92
260;20231018;1;40;56;0;10133;92
260;20231018;2;40;55;0;10128;92
260;20231018;3;40;54;0;10120;90
260;20231018;4;40;55;0;10113;89
260;20231018;5;50;55;0;10103;88
260;20231018;6;50;55;0;10099;87
260;20231018;7;50;59;6;10091;83
260;20231018;8;50;71;31;10085;77
260;20231018;9;50;85;74;10079;72
260;20231018;10;50;105;99;10069;69
260;20231018;11;60;113;113;10056;64
260;20231018;12;60;128;133;10041;64
260;20231018;13;60;129;130;10029;62
260;20231018;14;60;134;107;10014;63
260;20231018;15;50;127;48;10006;64
260;20231018;16;60;122;17;9995;64
260;20231018;17;60;118;2;9985;65
260;20231018;18;60;115;0;9981;65
260;20231018;19;50;118;0;9967;64
260;20231018;20;50;107;0;9958;77
260;20231018;21;50;97;0;9949;90
260;20231018;22;60;96;0;9939;97
260;20231018;23;60;100;0;9930;97
260;20231018;24;50;106;0;9923;98
260;20231019;1;40;112;0;9920;98
260;20231019;2;40;124;0;9917;98
260;20231019;3;20;135;0;9914;98
260;20231019;4;30;140;0;9911;97
260;20231019;5;30;141;0;9911;93
260;20231019;6;30;144;0;9915;92
260;20231019;7;30;143;3;9919;92
260;20231019;8;30;147;15;9921;92
260;20231019;9;20;155;34;9920;92
260;20231019;10;30;168;93;9916;86
260;20231019;11;30;170;66;9913;87
260;20231019;12;40;177;109;9908;83
260;20231019;13;30;172;37;9905;84
260;20231019;14;40;165;28;9902;92
260;20231019;15;40;159;19;9893;93
260;20231019;16;40;161;34;9890;92
260;20231019;17;40;156;3;9891;94
260;20231019;18;30;155;0;9888;95
260;20231019;19;30;145;0;9886;97
260;20231019;20;30;143;0;9882;98
260;20231019;21;30;144;0;9877;97
260;20231019;22;40;144;0;9868;97
260;20231019;23;40;145;0;9869;97
260;20231019;24;50;145;0;9858;96
260;20231020;1;50;145;0;9854;96
260;20231020;2;50;136;0;9845;96
260;20231020;3;60;125;0;9832;97
260;20231020;4;60;115;0;9823;98
260;20231020;5;60;111;0;9816;97
260;20231020;6;60;110;0;9809;97
260;20231020;7;60;105;0;9806;96
260;20231020;8;70;102;5;9805;97
260;20231020;9;70;99;10;9800;95
260;20231020;10;70;94;13;9797;96
260;20231020;11;70;94;20;9789;96
260;20231020;12;70;96;18;9780;96
260;20231020;13;50;99;16;9774;97
260;20231020;14;50;99;7;9783;97
260;20231020;15;30;103;7;9780;97
260;20231020;16;30;107;3;9781;97
260;20231020;17;20;113;0;9785;98
260;20231020;18;30;132;0;9789;98
260;20231020;19;40;141;0;9794;96
260;20231020;20;40;137;0;9803;96
260;20231020;21;40;134;0;9810;96
260;20231020;22;40;131;0;9817;96
260;20231020;23;30;127;0;9822;96
260;20231020;24;30;126;0;9828;96
260;20231021;1;30;122;0;9834;97
260;20231021;2;30;118;0;9841;97
260;20231021;3;30;114;0;9848;97
260;20231021;4;30;113;0;9855;97
260;20231021;5;30;116;0;9863;97
260;20231021;6;30;124;0;9873;96
260;20231021;7;30;123;4;9883;96
260;20231021;8;40;131;9;9892;97
260;20231021;9;50;136;25;9904;89
260;20231021;10;50;137;45;9913;81
260;20231021;11;60;147;87;9919;73
260;20231021;12;60;153;106;9923;69
260;20231021;13;60;152;69;9923;69
260;20231021;14;60;147;36;9926;70
260;20231021;15;60;129;15;9932;83
260;20231021;16;50;122;6;9935;90
260;20231021;17;50;123;0;9940;91
260;20231021;18;40;127;0;9943;87
260;20231021;19;40;131;0;9943;81
260;20231021;20;50;137;0;9943;76
260;20231021;21;60;141;0;9944;74
260;20231021;22;60;139;0;9944;76
260;20231021;23;60;123;0;9946;91
260;20231021;24;60;122;0;9948;95
260;20231022;1;70;129;0;9952;88
260;20231022;2;70;124;0;9958;94
260;20231022;3;70;125;0;9972;97
260;20231022;4;60;118;0;9992;95
260;20231022;5;40;116;0;10006;92
260;20231022;6;40;113;0;10017;94
260;20231022;7;30;114;1;10030;95
260;20231022;8;40;116;26;10039;91
260;20231022;9;40;119;59;10047;90
260;20231022;10;40;133;92;10054;83
260;20231022;11;50;144;164;10059;78
260;20231022;12;50;142;155;10064;74
260;20231022;13;50;150;130;10069;67
260;20231022;14;50;147;72;10076;68
260;20231022;15;30;149;40;10081;71
260;20231022;16;30;137;26;10087;74
260;20231022;17;20;114;2;10094;87
260;20231022;18;20;104;0;10101;91
260;20231022;19;20;89;0;10106;95
260;20231022;20;20;71;0;10113;97
260;20231022;21;10;65;0;10117;98
260;20231022;22;10;58;0;10119;99
260;20231022;23;10;57;0;10123;99
260;20231022;24;10;67;0;10125;98
260;20231023;1;10;74;0;10126;98
260;20231023;2;10;65;0;10128;99
260;20231023;3;10;65;0;10131;98
260;20231023;4;10;58;0;10133;99
260;20231023;5;10;86;0;10132;99
260;20231023;6;20;94;0;10133;99
260;20231023;7;20;93;4;10133;99
260;20231023;8;20;96;17;10135;99
260;20231023;9;20;99;31;10132;99
260;20231023;10;30;104;38;10132;98
260;20231023;11;30;111;61;10128;96
260;20231023;12;30;120;86;10119;90
260;20231023;13;30;130;87;10111;86
260;20231023;14;40;132;58;10102;85
260;20231023;15;30;131;32;10095;87
260;20231023;16;40;125;14;10087;89
260;20231023;17;40;123;0;10078;90
260;20231023;18;40;122;0;10072;90
260;20231023;19;40;121;0;10068;90
260;20231023;20;40;116;0;10064;94
260;20231023;21;50;114;0;10048;95
260;20231023;22;50;115;0;10035;96
260;20231023;23;40;114;0;10026;97
260;20231023;24;40;115;0;10020;98
260;20231024;1;40;117;0;10016;98
260;20231024;2;30;120;0;10013;95
260;20231024;3;40;116;0;10011;97
260;20231024;4;40;112;0;10014;98
260;20231024;5;40;111;0;10010;96
260;20231024;6;40;110;0;10009;96
260;20231024;7;40;109;0;10015;94
260;20231024;8;40;113;11;10011;92
260;20231024;9;50;118;31;10013;89
260;20231024;10;50;127;80;10010;84
260;20231024;11;50;124;48;10011;86
260;20231024;12;50;119;25;10008;92
260;20231024;13;40;114;18;10006;92
260;20231024;14;30;115;23;10009;92
260;20231024;15;30;127;47;10005;88
260;20231024;16;40;127;39;10006;79
260;20231024;17;30;118;2;10007;84
260;20231024;18;40;118;0;10010;86
260;20231024;19;40;113;0;10012;88
260;20231024;20;30;107;0;10014;90
260;20231024;21;30;101;0;10012;91
260;20231024;22;30;98;0;10011;90
260;20231024;23;30;98;0;10011;90
260;20231024;24;30;93;0;10011;92
260;20231025;1;20;72;0;10008;97
260;20231025;2;20;76;0;10004;98
260;20231025;3;20;73;0;10000;97
260;20231025;4;20;71;0;9995;97
260;20231025;5;20;74;0;9989;97
260;20231025;6;30;78;0;9985;97
260;20231025;7;30;85;1;9980;96
260;20231025;8;30;91;11;9973;95
260;20231025;9;20;94;11;9970;94
260;20231025;10;20;96;12;9961;96
260;20231025;11;30;100;23;9954;96
260;20231025;12;40;100;21;9945;97
260;20231025;13;40;102;19;9936;96
260;20231025;14;40;101;10;9930;97
260;20231025;15;40;102;7;9929;98
260;20231025;16;40;102;2;9930;98
260;20231025;17;40;102;0;9931;98
260;20231025;18;40;103;0;9934;97
260;20231025;19;40;103;0;9941;97
260;20231025;20;30;103;0;9948;97
260;20231025;21;20;102;0;9950;98
260;20231025;22;20;101;0;9958;96
260;20231025;23;20;95;0;9960;98
260;20231025;24;20;91;0;9964;98
260;20231026;1;20;92;0;9967;98
260;20231026;2;20;96;0;9969;98
260;20231026;3;10;89;0;9968;99
260;20231026;4;10;76;0;9966;99
260;20231026;5;10;84;0;9962;99
260;20231026;6;10;82;0;9962;99
260;20231026;7;20;77;2;9962;99
260;20231026;8;20;77;14;9964;99
260;20231026;9;20;80;31;9967;99
260;20231026;10;20;86;42;9963;99
260;20231026;11;30;99;87;9959;98
260;20231026;12;20;97;51;9958;96
260;20231026;13;30;98;47;9955;94
260;20231026;14;30;100;38;9952;94
260;20231026;15;20;106;47;9944;93
260;20231026;16;30;104;11;9941;94
260;20231026;17;20;101;1;9945;95
260;20231026;18;20;100;0;9942;95
260;20231026;19;30;99;0;9939;95
260;20231026;20;30;100;0;9938;96
260;20231026;21;30;101;0;9934;96
260;20231026;22;30;99;0;9929;96
260;20231026;23;30;100;0;9925;95
260;20231026;24;30;102;0;9921;96
260;20231027;1;20;102;0;9918;97
260;20231027;2;30;103;0;9914;98
260;20231027;3;30;103;0;9913;98
260;20231027;4;30;104;0;9911;98
260;20231027;5;20;104;0;9911;98
260;20231027;6;20;104;0;9910;98
260;20231027;7;20;104;1;9911;98
260;20231027;8;10;106;10;9913;98
260;20231027;9;10;109;21;9915;97
260;20231027;10;10;111;22;9918;97
260;20231027;11;10;114;28;9918;95
260;20231027;12;20;116;35;9918;95
260;20231027;13;20;114;27;9918;97
260;20231027;14;10;111;12;9919;98
260;20231027;15;20;118;15;9922;96
260;20231027;16;30;116;7;9924;96
260;20231027;17;20;113;0;9929;96
260;20231027;18;20;106;0;9930;97
260;20231027;19;20;95;0;9930;97
260;20231027;20;20;89;0;9934;97
260;20231027;21;20;83;0;9937;98
260;20231027;22;20;85;0;9941;97
260;20231027;23;20;85;0;9940;97
260;20231027;24;30;90;0;9940;96
260;20231028;1;30;95;0;9942;97
260;20231028;2;30;101;0;9941;97
260;20231028;3;30;105;0;9939;96
260;20231028;4;30;106;0;9941;94
260;20231028;5;40;104;0;9939;92
260;20231028;6;30;104;0;9939;93
260;20231028;7;30;105;2;9941;93
260;20231028;8;30;108;9;9944;93
260;20231028;9;40;120;28;9945;89
260;20231028;10;50;126;59;9949;84
260;20231028;11;50;132;58;9949;81
260;20231028;12;50;134;47;9949;77
260;20231028;13;50;138;61;9952;72
260;20231028;14;40;143;38;9951;70
260;20231028;15;40;139;51;9951;74
260;20231028;16;30;130;11;9951;78
260;20231028;17;30;114;1;9950;84
260;20231028;18;30;111;0;9950;87
260;20231028;19;30;110;0;9945;89
260;20231028;20;40;115;0;9937;89
260;20231028;21;50;113;0;9929;97
260;20231028;22;50;117;0;9916;96
260;20231028;23;50;121;0;9902;96
260;20231028;24;50;129;0;9897;93
260;20231029;1;50;133;0;9888;91
260;20231029;2;50;137;0;9881;87
260;20231029;3;60;139;0;9882;83
260;20231029;4;50;140;0;9882;81
260;20231029;5;70;141;0;9885;73
260;20231029;6;70;134;0;9890;78
260;20231029;7;70;128;1;9901;79
260;20231029;8;70;133;26;9912;79
260;20231029;9;70;130;30;9922;79
260;20231029;10;70;134;57;9928;73
260;20231029;11;60;141;92;9933;70
260;20231029;12;60;138;54;9922;71
260;20231029;13;50;138;48;9922;73
260;20231029;14;50;133;26;9919;78
260;20231029;15;50;126;36;9913;82
260;20231029;16;40;123;17;9914;85
260;20231029;17;40;121;0;9915;93
260;20231029;18;50;118;0;9929;88
260;20231029;19;60;116;0;9939;81
260;20231029;20;70;120;0;9950;79
260;20231029;21;60;118;0;9956;79
260;20231029;22;50;115;0;9965;78
260;20231029;23;50;110;0;9970;81
260;20231029;24;40;102;0;9973;84
260;20231030;1;40;102;0;9977;85
260;20231030;2;40;98;0;9981;87
260;20231030;3;40;101;0;9985;86
260;20231030;4;40;103;0;9984;86
260;20231030;5;40;99;0;9983;88
260;20231030;6;40;100;0;9984;90
260;20231030;7;40;101;2;9990;92
260;20231030;8;40;114;34;9996;88
260;20231030;9;40;115;40;9996;89
260;20231030;10;50;121;33;9996;88
260;20231030;11;40;130;69;9990;85
260;20231030;12;40;136;56;9987;84
260;20231030;13;30;129;40;9982;89
260;20231030;14;20;127;34;9975;85
260;20231030;15;10;124;17;9971;87
260;20231030;16;10;117;3;9965;94
260;20231030;17;10;113;0;9959;98
260;20231030;18;20;112;0;9959;98
260;20231030;19;30;107;0;9954;97
260;20231030;20;30;105;0;9951;97
260;20231030;21;30;102;0;9949;96
260;20231030;22;30;99;0;9951;98
260;20231030;23;40;98;0;9953;97
260;20231030;24;30;96;0;9959;97
260;20231031;1;20;99;0;9964;98
260;20231031;2;20;100;0;9966;98
260;20231031;3;40;103;0;9971;97
260;20231031;4;30;101;0;9979;95
260;20231031;5;30;97;0;9984;96
260;20231031;6;30;96;0;9990;95
260;20231031;7;40;96;2;9996;96
260;20231031;8;40;103;24;10002;95
260;20231031;9;30;119;58;10006;90
260;20231031;10;40;132;123;10012;84
260;20231031;11;40;138;153;10017;82
260;20231031;12;40;131;71;10021;85
260;20231031;13;40;127;56;10025;86
260;20231031;14;40;119;35;10028;86
260;20231031;15;50;114;14;10033;91
260;20231031;16;40;108;10;10036;94
260;20231031;17;30;108;0;10039;96
260;20231031;18;30;106;0;10042;95
260;20231031;19;20;104;0;10039;97
260;20231031;20;30;111;0;10036;96
260;20231031;21;50;108;0;10039;96
260;20231031;22;20;101;0;10037;98
260;20231031;23;20;107;0;10037;96
260;20231031;24;30;113;0;10033;95
260;20231101;1;30;113;0;10025;96
260;20231101;2;40;114;0;10018;95
260;20231101;3;40;112;0;10012;95
260;20231101;4;30;113;0;10005;96
260;20231101;5;30;114;0;10001;98
260;20231101;6;40;121;0;9997;98
260;20231101;7;40;125;0;9997;95
260;20231101;8;40;128;9;9996;92
260;20231101;9;50;130;26;9993;90
260;20231101;10;60;136;48;9989;86
260;20231101;11;60;138;57;9981;84
260;20231101;12;50;143;47;9971;81
260;20231101;13;50;148;61;9961;76
260;20231101;14;60;146;69;9951;73
260;20231101;15;60;143;16;9945;73
260;20231101;16;70;128;3;9942;84
260;20231101;17;70;128;0;9941;80
260;20231101;18;70;120;0;9941;84
260;20231101;19;60;115;0;9939;87
260;20231101;20;50;112;0;9940;87
260;20231101;21;50;107;0;9933;87
260;20231101;22;50;103;0;9925;86
260;20231101;23;40;98;0;9914;88
260;20231101;24;40;97;0;9903;91
260;20231102;1;40;104;0;9882;87
260;20231102;2;60;108;0;9860;83
260;20231102;3;70;111;0;9830;80
260;20231102;4;70;112;0;9808;79
260;20231102;5;80;114;0;9780;75
260;20231102;6;70;104;0;9765;85
260;20231102;7;70;107;1;9749;83
260;20231102;8;80;118;10;9735;82
260;20231102;9;80;134;33;9726;73
260;20231102;10;80;140;41;9717;65
260;20231102;11;110;119;48;9716;76
260;20231102;12;100;120;41;9711;77
260;20231102;13;100;120;39;9706;75
260;20231102;14;100;117;20;9703;75
260;20231102;15;110;109;6;9708;77
260;20231102;16;110;103;3;9715;81
260;20231102;17;100;103;0;9720;81
260;20231102;18;90;113;0;9726;67
260;20231102;19;100;111;0;9734;68
260;20231102;20;100;97;0;9737;81
260;20231102;21;90;88;0;9741;87
260;20231102;22;90;81;0;9740;91
260;20231102;23;80;87;0;9744;88
260;20231102;24;90;87;0;9751;86
260;20231103;1;90;86;0;9756;89
260;20231103;2;80;88;0;9762;89
260;20231103;3;90;89;0;9767;91
260;20231103;4;90;87;0;9774;91
260;20231103;5;80;86;0;9779;93
260;20231103;6;70;87;0;9787;91
260;20231103;7;70;89;0;9800;93
260;20231103;8;60;90;9;9810;92
260;20231103;9;60;96;28;9818;88
260;20231103;10;70;105;68;9822;83
260;20231103;11;70;110;130;9826;80
260;20231103;12;60;113;62;9833;78
260;20231103;13;70;117;95;9840;75
260;20231103;14;70;116;32;9844;76
260;20231103;15;60;113;24;9849;71
260;20231103;16;60;107;10;9855;72
260;20231103;17;50;100;0;9859;75
260;20231103;18;60;98;0;9859;75
260;20231103;19;60;95;0;9862;73
260;20231103;20;60;86;0;9862;79
260;20231103;21;50;82;0;9860;81
260;20231103;22;50;80;0;9857;82
260;20231103;23;50;78;0;9853;82
260;20231103;24;50;79;0;9850;84
260;20231104;1;50;84;0;9846;84
260;20231104;2;50;89;0;9843;85
260;20231104;3;50;92;0;9840;86
260;20231104;4;50;92;0;9836;87
260;20231104;5;50;92;0;9832;89
260;20231104;6;50;92;0;9825;89
260;20231104;7;50;94;0;9821;86
260;20231104;8;60;97;10;9814;83
260;20231104;9;50;96;45;9802;82
260;20231104;10;50;104;59;9794;79
260;20231104;11;60;103;47;9778;78
260;20231104;12;50;96;24;9760;86
260;20231104;13;50;90;26;9739;93
260;20231104;14;70;90;17;9725;92
260;20231104;15;70;90;8;9715;94
260;20231104;16;50;93;1;9709;95
260;20231104;17;40;96;0;9706;95
260;20231104;18;40;98;0;9706;95
260;20231104;19;50;97;0;9705;93
260;20231104;20;40;93;0;9707;95
260;20231104;21;40;97;0;9708;93
260;20231104;22;40;94;0;9709;91
260;20231104;23;40;96;0;9709;89
260;20231104;24;40;94;0;9706;90
260;20231105;1;30;94;0;9701;88
260;20231105;2;30;96;0;9699;89
260;20231105;3;30;93;0;9695;96
260;20231105;4;30;96;0;9695;95
260;20231105;5;30;95;0;9696;96
260;20231105;6;20;95;0;9700;97
260;20231105;7;20;94;1;9707;97
260;20231105;8;30;102;8;9714;95
260;20231105;9;30;109;23;9725;91
260;20231105;10;40;109;43;9735;91
260;20231105;11;40;108;17;9751;94
260;20231105;12;40;118;58;9764;84
260;20231105;13;50;113;35;9779;90
260;20231105;14;60;113;28;9797;86
260;20231105;15;60;110;10;9812;84
260;20231105;16;60;110;3;9830;85
260;20231105;17;60;118;0;9848;75
260;20231105;18;50;112;0;9865;77
260;20231105;19;50;109;0;9879;76
260;20231105;20;40;111;0;9891;73
260;20231105;21;50;102;0;9901;83
260;20231105;22;50;99;0;9912;86
260;20231105;23;50;95;0;9917;92
260;20231105;24;40;95;0;9924;93
260;20231106;1;50;95;0;9930;93
260;20231106;2;50;93;0;9936;94
260;20231106;3;50;93;0;9943;93
260;20231106;4;50;91;0;9949;91
260;20231106;5;50;89;0;9954;90
260;20231106;6;50;91;0;9959;88
260;20231106;7;60;91;1;9965;88
260;20231106;8;60;95;21;9972;83
260;20231106;9;70;100;61;9976;82
260;20231106;10;80;107;74;9984;77
260;20231106;11;80;112;81;9988;76
260;20231106;12;80;113;100;9992;75
260;20231106;13;70;112;46;9995;76
260;20231106;14;70;113;48;9999;77
260;20231106;15;60;112;38;10003;78
260;20231106;16;50;106;10;10008;82
260;20231106;17;50;102;0;10014;85
260;20231106;18;50;100;0;10022;85
260;20231106;19;50;96;0;10028;88
260;20231106;20;40;94;0;10033;88
260;20231106;21;40;90;0;10038;90
260;20231106;22;40;89;0;10041;90
260;20231106;23;40;89;0;10045;90
260;20231106;24;40;87;0;10050;90
260;20231107;1;40;93;0;10055;88
260;20231107;2;40;91;0;10058;89
260;20231107;3;40;91;0;10058;89
260;20231107;4;40;89;0;10059;90
260;20231107;5;40;83;0;10060;91
260;20231107;6;40;78;0;10064;93
260;20231107;7;30;77;1;10067;93
260;20231107;8;40;81;14;10072;91
260;20231107;9;40;90;52;10076;87
260;20231107;10;50;104;73;10080;81
260;20231107;11;60;115;105;10081;76
260;20231107;12;50;121;116;10080;72
260;20231107;13;60;116;72;10081;74
260;20231107;14;60;125;48;10080;72
260;20231107;15;60;112;33;10083;76
260;20231107;16;50;107;7;10084;77
260;20231107;17;50;101;0;10085;80
260;20231107;18;50;94;0;10084;81
260;20231107;19;50;93;0;10088;83
260;20231107;20;50;91;0;10089;86
260;20231107;21;50;86;0;10090;93
260;20231107;22;40;87;0;10093;93
260;20231107;23;50;90;0;10094;92
260;20231107;24;50;88;0;10103;95
260;20231108;1;40;87;0;10101;95
260;20231108;2;40;87;0;10102;94
260;20231108;3;40;85;0;10103;95
260;20231108;4;50;84;0;10103;95
260;20231108;5;50;83;0;10106;94
260;20231108;6;40;81;0;10109;94
260;20231108;7;40;78;0;10108;92
260;20231108;8;50;82;24;10110;90
260;20231108;9;50;86;52;10110;88
260;20231108;10;50;92;57;10108;86
260;20231108;11;50;100;59;10099;81
260;20231108;12;60;105;70;10095;78
260;20231108;13;60;102;35;10088;81
260;20231108;14;60;101;24;10075;83
260;20231108;15;70;94;8;10067;90
260;20231108;16;70;90;1;10057;94
260;20231108;17;70;93;0;10053;95
260;20231108;18;60;95;0;10048;96
260;20231108;19;60;97;0;10042;97
260;20231108;20;50;100;0;10038;96
260;20231108;21;50;102;0;10032;97
260;20231108;22;50;105;0;10022;95
260;20231108;23;60;105;0;10017;96
260;20231108;24;50;105;0;10011;96
260;20231109;1;50;104;0;10003;97
260;20231109;2;50;105;0;9998;96
260;20231109;3;50;105;0;9994;97
260;20231109;4;30;101;0;9995;98
260;20231109;5;30;97;0;9996;98
260;20231109;6;30;94;0;10002;95
260;20231109;7;30;88;0;10007;95
260;20231109;8;30;89;12;10009;97
260;20231109;9;30;98;49;10009;92
260;20231109;10;40;103;84;10008;83
260;20231109;11;40;106;103;10009;77
260;20231109;12;50;106;80;10002;76
260;20231109;13;50;108;51;9993;76
260;20231109;14;50;114;38;9981;76
260;20231109;15;60;112;20;9973;76
260;20231109;16;50;108;3;9968;78
260;20231109;17;60;84;0;9967;89
260;20231109;18;50;77;0;9967;90
260;20231109;19;40;74;0;9963;93
260;20231109;20;40;78;0;9964;89
260;20231109;21;50;79;0;9961;85
260;20231109;22;50;75;0;9959;86
260;20231109;23;50;71;0;9955;86
260;20231109;24;50;70;0;9953;85
260;20231110;1;40;71;0;9949;88
260;20231110;2;40;75;0;9945;85
260;20231110;3;50;75;0;9944;85
260;20231110;4;60;76;0;9943;85
260;20231110;5;60;76;0;9944;86
260;20231110;6;50;66;0;9946;90
260;20231110;7;40;69;1;9948;88
260;20231110;8;40;70;8;9948;88
260;20231110;9;40;75;17;9948;88
260;20231110;10;50;80;25;9946;84
260;20231110;11;50;81;18;9942;85
260;20231110;12;50;86;26;9942;82
260;20231110;13;50;78;9;9945;93
260;20231110;14;40;81;18;9947;93
260;20231110;15;30;80;10;9952;96
260;20231110;16;30;82;2;9954;94
260;20231110;17;40;79;0;9961;94
260;20231110;18;30;73;0;9962;92
260;20231110;19;20;71;0;9964;94
260;20231110;20;10;71;0;9970;95
260;20231110;21;10;69;0;9976;97
260;20231110;22;10;64;0;9980;97
260;20231110;23;20;65;0;9986;95
260;20231110;24;20;62;0;9992;93
260;20231111;1;20;68;0;9997;89
260;20231111;2;30;68;0;10002;89
260;20231111;3;20;59;0;10005;90
260;20231111;4;30;65;0;10013;90
260;20231111;5;40;65;0;10018;90
260;20231111;6;30;68;0;10022;84
260;20231111;7;40;63;0;10025;87
260;20231111;8;40;62;10;10031;89
260;20231111;9;30;66;31;10037;92
260;20231111;10;30;71;34;10038;92
260;20231111;11;30;86;91;10041;85
260;20231111;12;30;99;103;10042;77
260;20231111;13;40;91;95;10045;80
260;20231111;14;30;90;42;10048;75
260;20231111;15;30;86;22;10054;81
260;20231111;16;30;87;5;10056;81
260;20231111;17;20;80;0;10059;83
260;20231111;18;30;80;0;10060;83
260;20231111;19;30;80;0;10058;86
260;20231111;20;30;79;0;10061;87
260;20231111;21;20;75;0;10057;90
260;20231111;22;30;74;0;10056;93
260;20231111;23;30;75;0;10055;92
260;20231111;24;30;70;0;10051;94
260;20231112;1;20;69;0;10050;95
260;20231112;2;20;52;0;10048;98
260;20231112;3;10;27;0;10049;99
260;20231112;4;10;29;0;10049;99
260;20231112;5;10;30;0;10048;99
260;20231112;6;20;42;0;10052;98
260;20231112;7;10;47;0;10054;98
260;20231112;8;10;52;8;10058;98
260;20231112;9;20;59;38;10060;97
260;20231112;10;30;73;81;10063;91
260;20231112;11;30;82;68;10064;86
260;20231112;12;30;76;67;10067;88
260;20231112;13;30;60;37;10068;95
260;20231112;14;20;63;31;10069;95
260;20231112;15;20;57;10;10071;98
260;20231112;16;20;56;2;10076;98
260;20231112;17;20;61;0;10076;97
260;20231112;18;20;68;0;10079;94
260;20231112;19;30;61;0;10080;95
260;20231112;20;10;50;0;10079;98
260;20231112;21;10;45;0;10081;99
260;20231112;22;20;43;0;10082;99
260;20231112;23;20;43;0;10076;98
260;20231112;24;20;35;0;10075;98
260;20231113;1;20;42;0;10066;98
260;20231113;2;30;44;0;10065;97
260;20231113;3;20;47;0;10058;97
260;20231113;4;20;51;0;10057;97
260;20231113;5;20;56;0;10050;98
260;20231113;6;30;60;0;10039;98
260;20231113;7;30;65;0;10036;99
260;20231113;8;30;75;1;10026;98
260;20231113;9;30;91;4;10011;98
260;20231113;10;40;100;10;9999;98
260;20231113;11;50;101;13;9979;98
260;20231113;12;50;112;9;9957;98
260;20231113;13;60;140;12;9952;95
260;20231113;14;80;152;32;9946;83
260;20231113;15;80;147;28;9951;79
260;20231113;16;70;141;4;9957;72
260;20231113;17;60;133;0;9970;64
260;20231113;18;70;126;0;9977;77
260;20231113;19;70;127;0;9979;76
260;20231113;20;70;125;0;9986;77
260;20231113;21;70;128;0;9990;76
260;20231113;22;70;129;0;9991;76
260;20231113;23;70;129;0;9992;76
260;20231113;24;70;130;0;9994;77
260;20231114;1;70;131;0;9997;75
260;20231114;2;70;130;0;10001;75
260;20231114;3;70;130;0;10007;75
260;20231114;4;70;130;0;10013;76
260;20231114;5;70;128;0;10013;77
260;20231114;6;60;126;0;10016;78
260;20231114;7;60;124;0;10021;81
260;20231114;8;60;123;4;10023;82
260;20231114;9;50;127;23;10022;82
260;20231114;10;50;134;40;10026;77
260;20231114;11;50;132;35;10025;81
260;20231114;12;60;133;39;10019;82
260;20231114;13;50;132;31;10011;81
260;20231114;14;50;123;19;10009;87
260;20231114;15;60;115;5;10001;89
260;20231114;16;50;107;1;10001;92
260;20231114;17;40;103;0;10000;96
260;20231114;18;30;103;0;10004;97
260;20231114;19;30;104;0;10014;97
260;20231114;20;20;106;0;10028;97
260;20231114;21;30;106;0;10039;97
260;20231114;22;30;103;0;10051;94
260;20231114;23;30;102;0;10063;95
260;20231114;24;20;103;0;10070;95
260;20231115;1;40;108;0;10078;93
260;20231115;2;30;110;0;10086;91
260;20231115;3;40;111;0;10091;90
260;20231115;4;40;112;0;10095;88
260;20231115;5;40;112;0;10102;88
260;20231115;6;40;109;0;10106;89
260;20231115;7;40;101;0;10112;91
260;20231115;8;30;108;13;10119;88
260;20231115;9;40;116;49;10125;85
260;20231115;10;40;122;61;10127;80
260;20231115;11;50;128;109;10129;76
260;20231115;12;60;127;116;10130;73
260;20231115;13;50;118;79;10133;79
260;20231115;14;50;117;55;10135;73
260;20231115;15;50;116;45;10140;73
260;20231115;16;40;108;7;10142;76
260;20231115;17;50;103;0;10145;81
260;20231115;18;40;101;0;10146;85
260;20231115;19;40;100;0;10146;86
260;20231115;20;40;100;0;10146;84
260;20231115;21;40;105;0;10148;77
260;20231115;22;40;104;0;10146;78
260;20231115;23;40;106;0;10147;76
260;20231115;24;50;102;0;10147;80
260;20231116;1;30;90;0;10152;95
260;20231116;2;20;88;0;10153;96
260;20231116;3;20;87;0;10152;95
260;20231116;4;20;77;0;10152;97
260;20231116;5;10;62;0;10150;99
260;20231116;6;10;63;0;10149;98
260;20231116;7;10;76;0;10144;98
260;20231116;8;10;77;6;10141;98
260;20231116;9;20;79;16;10136;98
260;20231116;10;10;83;23;10134;98
260;20231116;11;20;83;25;10128;95
260;20231116;12;30;82;28;10117;93
260;20231116;13;30;79;27;10111;92
260;20231116;14;30;78;23;10109;93
260;20231116;15;30;77;14;10113;94
260;20231116;16;20;68;4;10114;93
260;20231116;17;20;64;0;10120;94
260;20231116;18;20;64;0;10124;97
260;20231116;19;20;61;0;10129;96
260;20231116;20;20;53;0;10136;97
260;20231116;21;10;44;0;10138;98
260;20231116;22;10;42;0;10147;98
260;20231116;23;10;35;0;10154;98
260;20231116;24;10;30;0;10161;99
260;20231117;1;10;34;0;10165;98
260;20231117;2;0;35;0;10170;98
260;20231117;3;10;34;0;10169;99
260;20231117;4;10;34;0;10169;98
260;20231117;5;10;37;0;10171;98
260;20231117;6;10;35;0;10174;98
260;20231117;7;10;34;0;10179;98
260;20231117;8;10;36;7;10183;98
260;20231117;9;10;53;31;10187;98
260;20231117;10;10;68;42;10194;95
260;20231117;11;20;81;51;10196;82
260;20231117;12;20;91;51;10199;75
260;20231117;13;30;96;79;10202;70
260;20231117;14;30;92;67;10203;75
260;20231117;15;30;92;30;10209;72
260;20231117;16;20;72;5;10214;86
260;20231117;17;10;41;0;10218;97
260;20231117;18;10;31;0;10223;98
260;20231117;19;20;25;0;10225;98
260;20231117;20;20;33;0;10228;98
260;20231117;21;20;39;0;10229;98
260;20231117;22;20;40;0;10232;98
260;20231117;23;20;42;0;10234;98
260;20231117;24;20;42;0;10232;98
260;20231118;1;20;50;0;10233;98
260;20231118;2;20;48;0;10233;98
260;20231118;3;20;47;0;10230;98
260;20231118;4;20;49;0;10221;98
260;20231118;5;30;53;0;10215;98
260;20231118;6;30;55;0;10209;97
260;20231118;7;30;58;0;10207;94
260;20231118;8;30;59;2;10208;94
260;20231118;9;40;61;10;10197;95
260;20231118;10;40;64;7;10189;95
260;20231118;11;40;70;12;10181;95
260;20231118;12;50;75;12;10159;96
260;20231118;13;60;77;10;10138;98
260;20231118;14;50;80;7;10129;98
260;20231118;15;60;83;4;10116;97
260;20231118;16;50;85;1;10107;98
260;20231118;17;50;90;0;10098;98
260;20231118;18;40;100;0;10094;97
260;20231118;19;40;116;0;10092;97
260;20231118;20;50;123;0;10085;97
260;20231118;21;50;130;0;10084;95
260;20231118;22;60;133;0;10079;94
260;20231118;23;60;137;0;10076;92
260;20231118;24;60;137;0;10073;91
260;20231119;1;50;136;0;10070;91
260;20231119;2;50;132;0;10067;90
260;20231119;3;50;125;0;10067;89
260;20231119;4;50;119;0;10067;89
260;20231119;5;50;115;0;10068;88
260;20231119;6;50;114;0;10070;87
260;20231119;7;50;112;0;10072;86
260;20231119;8;50;117;6;10075;86
260;20231119;9;60;121;25;10077;84
260;20231119;10;60;125;30;10076;82
260;20231119;11;70;137;95;10073;77
260;20231119;12;60;133;47;10070;78
260;20231119;13;70;135;39;10069;77
260;20231119;14;60;132;27;10067;80
260;20231119;15;60;128;13;10065;80
260;20231119;16;60;128;2;10062;79
260;20231119;17;60;115;0;10062;93
260;20231119;18;60;115;0;10060;95
260;20231119;19;60;116;0;10058;96
260;20231119;20;60;121;0;10057;94
260;20231119;21;50;126;0;10061;89
260;20231119;22;60;129;0;10062;85
260;20231119;23;60;123;0;10065;89
260;20231119;24;60;118;0;10069;92
260;20231120;1;50;113;0;10071;96
260;20231120;2;50;111;0;10075;97
260;20231120;3;50;110;0;10073;98
260;20231120;4;50;112;0;10073;92
260;20231120;5;40;112;0;10076;90
260;20231120;6;40;109;0;10077;90
260;20231120;7;40;103;0;10080;94
260;20231120;8;40;103;5;10084;90
260;20231120;9;50;105;43;10084;88
260;20231120;10;50;105;27;10082;89
260;20231120;11;40;109;40;10080;89
260;20231120;12;40;105;50;10079;91
260;20231120;13;30;120;49;10074;80
260;20231120;14;40;112;38;10073;81
260;20231120;15;40;108;29;10073;85
260;20231120;16;30;103;5;10075;89
260;20231120;17;20;96;0;10078;90
260;20231120;18;20;95;0;10081;91
260;20231120;19;10;86;0;10087;95
260;20231120;20;20;87;0;10090;95
260;20231120;21;20;83;0;10094;96
260;20231120;22;20;64;0;10099;98
260;20231120;23;20;54;0;10102;99
260;20231120;24;20;43;0;10104;99
260;20231121;1;10;41;0;10108;99
260;20231121;2;10;51;0;10113;98
260;20231121;3;10;65;0;10116;98
260;20231121;4;10;71;0;10119;98
260;20231121;5;10;80;0;10126;98
260;20231121;6;10;86;0;10132;98
260;20231121;7;20;92;0;10139;98
260;20231121;8;20;97;2;10146;98
260;20231121;9;20;103;15;10156;98
260;20231121;10;30;103;15;10167;96
260;20231121;11;40;99;16;10177;96
260;20231121;12;30;99;13;10182;96
260;20231121;13;40;101;25;10188;92
260;20231121;14;30;96;18;10195;96
260;20231121;15;40;90;5;10206;93
260;20231121;16;50;84;2;10219;89
260;20231121;17;40;77;0;10232;87
260;20231121;18;30;67;0;10243;89
260;20231121;19;20;53;0;10251;95
260;20231121;20;20;45;0;10259;97
260;20231121;21;20;42;0;10266;97
260;20231121;22;20;25;0;10274;99
260;20231121;23;10;23;0;10278;98
260;20231121;24;10;28;0;10278;98
260;20231122;1;10;28;0;10281;98
260;20231122;2;20;18;0;10287;99
260;20231122;3;10;8;0;10286;99
260;20231122;4;10;9;0;10295;98
260;20231122;5;10;18;0;10298;98
260;20231122;6;10;20;0;10299;98
260;20231122;7;10;24;0;10300;98
260;20231122;8;10;25;7;10304;98
260;20231122;9;10;37;27;10306;95
260;20231122;10;20;44;43;10309;94
260;20231122;11;30;50;55;10303;92
260;20231122;12;30;55;60;10293;90
260;20231122;13;30;59;69;10286;86
260;20231122;14;30;56;20;10282;90
260;20231122;15;40;52;9;10278;92
260;20231122;16;40;50;1;10272;94
260;20231122;17;40;54;0;10267;90
260;20231122;18;50;56;0;10265;89
260;20231122;19;40;59;0;10257;88
260;20231122;20;40;67;0;10252;88
260;20231122;21;40;70;0;10249;96
260;20231122;22;40;75;0;10243;98
260;20231122;23;40;81;0;10239;98
260;20231122;24;40;89;0;10236;97
260;20231123;1;40;94;0;10229;96
260;20231123;2;40;95;0;10226;95
260;20231123;3;40;96;0;10225;95
260;20231123;4;40;97;0;10223;94
260;20231123;5;40;95;0;10222;94
260;20231123;6;40;94;0;10217;95
260;20231123;7;40;97;0;10214;94
260;20231123;8;40;95;6;10214;95
260;20231123;9;40;109;24;10210;92
260;20231123;10;40;127;56;10202;83
260;20231123;11;50;130;45;10198;82
260;20231123;12;60;132;41;10190;81
260;20231123;13;60;132;48;10180;81
260;20231123;14;60;129;11;10173;81
260;20231123;15;70;129;14;10163;79
260;20231123;16;60;127;1;10164;81
260;20231123;17;60;128;0;10156;82
260;20231123;18;60;127;0;10151;84
260;20231123;19;50;123;0;10144;90
260;20231123;20;60;126;0;10140;87
260;20231123;21;60;111;0;10141;85
260;20231123;22;60;111;0;10142;67
260;20231123;23;50;102;0;10142;69
260;20231123;24;50;85;0;10146;78
260;20231124;1;40;87;0;10142;72
260;20231124;2;40;86;0;10139;70
260;20231124;3;40;75;0;10134;77
260;20231124;4;40;73;0;10131;80
260;20231124;5;40;67;0;10126;86
260;20231124;6;40;64;0;10124;86
260;20231124;7;40;61;0;10122;82
260;20231124;8;40;66;2;10124;80
260;20231124;9;50;57;18;10119;86
260;20231124;10;50;58;43;10117;82
260;20231124;11;50;61;57;10112;81
260;20231124;12;50;67;66;10105;78
260;20231124;13;50;57;49;10102;82
260;20231124;14;60;66;30;10097;73
260;20231124;15;60;52;13;10101;81
260;20231124;16;60;52;1;10102;75
260;20231124;17;60;52;0;10100;81
260;20231124;18;50;59;0;10100;77
260;20231124;19;50;66;0;10104;71
260;20231124;20;60;64;0;10107;64
260;20231124;21;60;66;0;10114;60
260;20231124;22;50;59;0;10120;72
260;20231124;23;40;52;0;10125;75
260;20231124;24;30;57;0;10131;78
260;20231125;1;40;55;0;10132;79
260;20231125;2;30;53;0;10133;77
260;20231125;3;30;51;0;10130;76
260;20231125;4;30;58;0;10130;75
260;20231125;5;30;49;0;10128;89
260;20231125;6;30;47;0;10122;85
260;20231125;7;30;47;0;10123;86
260;20231125;8;30;55;3;10124;85
260;20231125;9;30;60;26;10126;81
260;20231125;10;30;71;46;10125;78
260;20231125;11;40;74;69;10125;79
260;20231125;12;50;77;61;10121;75
260;20231125;13;50;73;59;10122;77
260;20231125;14;50;69;38;10122;83
260;20231125;15;40;66;12;10125;85
260;20231125;16;30;67;2;10127;79
260;20231125;17;30;65;0;10132;80
260;20231125;18;30;57;0;10137;82
260;20231125;19;20;30;0;10143;94
260;20231125;20;20;25;0;10146;97
260;20231125;21;10;16;0;10148;97
260;20231125;22;20;13;0;10149;97
260;20231125;23;20;15;0;10152;97
260;20231125;24;20;18;0;10152;97
260;20231126;1;20;5;0;10153;97
260;20231126;2;20;-2;0;10155;97
260;20231126;3;20;-5;0;10153;98
260;20231126;4;20;27;0;10155;97
260;20231126;5;20;39;0;10155;96
260;20231126;6;10;38;0;10155;97
260;20231126;7;20;46;0;10154;95
260;20231126;8;20;51;2;10156;93
260;20231126;9;20;58;16;10155;91
260;20231126;10;20;67;32;10155;88
260;20231126;11;20;73;31;10151;86
260;20231126;12;30;72;28;10150;93
260;20231126;13;20;74;23;10146;91
260;20231126;14;30;72;16;10143;92
260;20231126;15;30;66;5;10138;96
260;20231126;16;20;65;1;10135;95
260;20231126;17;20;62;0;10130;93
260;20231126;18;30;63;0;10127;88
260;20231126;19;40;61;0;10122;89
260;20231126;20;40;57;0;10117;90
260;20231126;21;30;56;0;10111;90
260;20231126;22;30;53;0;10101;94
260;20231126;23;30;54;0;10093;95
260;20231126;24;50;54;0;10084;96
260;20231127;1;50;53;0;10072;95
260;20231127;2;50;50;0;10061;92
260;20231127;3;50;49;0;10046;95
260;20231127;4;50;49;0;10035;95
260;20231127;5;50;46;0;10024;95
260;20231127;6;50;45;0;10012;95
260;20231127;7;40;42;0;10001;96
260;20231127;8;30;42;0;9991;97
260;20231127;9;40;43;3;9984;98
260;20231127;10;30;44;6;9974;97
260;20231127;11;30;49;13;9964;98
260;20231127;12;30;52;13;9952;97
260;20231127;13;30;55;19;9942;97
260;20231127;14;30;55;9;9935;98
260;20231127;15;20;54;4;9931;98
260;20231127;16;30;52;0;9930;98
260;20231127;17;50;36;0;9933;97
260;20231127;18;50;27;0;9939;95
260;20231127;19;50;19;0;9945;96
260;20231127;20;50;20;0;9951;96
260;20231127;21;50;25;0;9956;94
260;20231127;22;60;30;0;9965;89
260;20231127;23;60;31;0;9979;88
260;20231127;24;60;28;0;9988;87
260;20231128;1;50;23;0;9999;88
260;20231128;2;50;21;0;10012;86
260;20231128;3;60;18;0;10022;81
260;20231128;4;50;6;0;10032;80
260;20231128;5;40;5;0;10041;83
260;20231128;6;40;6;0;10047;82
260;20231128;7;20;2;0;10058;85
260;20231128;8;20;3;5;10065;86
260;20231128;9;10;15;34;10071;82
260;20231128;10;10;27;67;10077;75
260;20231128;11;10;33;89;10078;72
260;20231128;12;20;37;88;10078;70
260;20231128;13;20;43;85;10079;70
260;20231128;14;20;41;44;10077;72
260;20231128;15;20;35;29;10078;73
260;20231128;16;30;24;3;10074;78
260;20231128;17;30;21;0;10071;79
260;20231128;18;40;24;0;10064;80
260;20231128;19;60;28;0;10056;86
260;20231128;20;60;27;0;10051;87
260;20231128;21;50;22;0;10051;94
260;20231128;22;30;17;0;10044;97
260;20231128;23;30;17;0;10040;98
260;20231128;24;20;19;0;10025;95
260;20231129;1;40;26;0;10017;92
260;20231129;2;30;29;0;10012;91
260;20231129;3;40;36;0;10005;86
260;20231129;4;50;33;0;9993;87
260;20231129;5;60;31;0;9990;86
260;20231129;6;40;35;0;9994;84
260;20231129;7;30;34;0;10005;86
260;20231129;8;20;32;3;10013;85
260;20231129;9;20;36;31;10021;83
260;20231129;10;30;40;62;10025;80
260;20231129;11;20;41;61;10026;75
260;20231129;12;30;34;26;10027;81
260;20231129;13;30;33;38;10027;90
260;20231129;14;20;37;52;10027;81
260;20231129;15;20;30;18;10025;88
260;20231129;16;10;21;1;10025;93
260;20231129;17;10;9;0;10026;97
260;20231129;18;10;15;0;10027;95
260;20231129;19;20;15;0;10029;93
260;20231129;20;20;-2;0;10030;96
260;20231129;21;10;6;0;10029;97
260;20231129;22;10;10;0;10029;97
260;20231129;23;10;-3;0;10029;98
260;20231129;24;10;-1;0;10027;98
260;20231130;1;10;1;0;10023;98
260;20231130;2;10;0;0;10020;98
260;20231130;3;10;-1;0;10018;98
260;20231130;4;10;-5;0;10018;98
260;20231130;5;10;-5;0;10016;98
260;20231130;6;10;-1;0;10017;98
260;20231130;7;10;2;0;10019;98
260;20231130;8;10;1;2;10022;98
260;20231130;9;20;-2;10;10021;99
260;20231130;10;10;0;31;10021;99
260;20231130;11;10;6;52;10021;99
260;20231130;12;20;6;35;10021;99
260;20231130;13;10;7;32;10018;98
260;20231130;14;10;7;21;10019;99
260;20231130;15;10;3;9;10021;99
260;20231130;16;10;-3;1;10023;99
260;20231130;17;10;-4;0;10023;99
260;20231130;18;20;-7;0;10025;99
260;20231130;19;10;-10;0;10028;99
260;20231130;20;10;-13;0;10031;99
260;20231130;21;10;-13;0;10031;99
260;20231130;22;20;-13;0;10038;99
260;20231130;23;10;-12;0;10041;99
260;20231130;24;30;-16;0;10046;99
260;20231201;1;30;-13;0;10050;98
260;20231201;2;30;-14;0;10053;98
260;20231201;3;20;-11;0;10054;98
260;20231201;4;10;-10;0;10056;96
260;20231201;5;10;-7;0;10060;97
260;20231201;6;10;-4;0;10064;92
260;20231201;7;10;-3;0;10069;95
260;20231201;8;20;-1;2;10075;88
260;20231201;9;30;-4;13;10077;86
260;20231201;10;20;-8;24;10082;86
260;20231201;11;20;-1;55;10082;83
260;20231201;12;20;5;95;10081;79
260;20231201;13;20;5;85;10083;81
260;20231201;14;20;1;48;10083;79
260;20231201;15;20;-6;19;10085;82
260;20231201;16;20;-17;2;10091;86
260;20231201;17;30;-24;0;10095;88
260;20231201;18;20;-24;0;10100;90
260;20231201;19;20;-25;0;10100;88
260;20231201;20;20;-25;0;10103;89
260;20231201;21;10;-31;0;10104;91
260;20231201;22;10;-26;0;10108;91
260;20231201;23;10;-27;0;10109;92
260;20231201;24;10;-23;0;10108;92
260;20231202;1;0;-23;0;10107;94
260;20231202;2;10;-21;0;10111;92
260;20231202;3;10;-33;0;10110;96
260;20231202;4;10;-30;0;10111;98
260;20231202;5;20;-26;0;10116;92
260;20231202;6;10;-30;0;10119;92
260;20231202;7;10;-36;0;10126;94
260;20231202;8;20;-31;3;10131;95
260;20231202;9;20;-22;13;10137;93
260;20231202;10;20;-12;27;10141;90
260;20231202;11;20;-2;33;10139;85
260;20231202;12;20;11;82;10139;83
260;20231202;13;20;14;53;10142;86
260;20231202;14;20;21;39;10144;86
260;20231202;15;20;16;28;10150;90
260;20231202;16;20;7;2;10158;95
260;20231202;17;20;11;0;10163;94
260;20231202;18;30;16;0;10169;93
260;20231202;19;30;13;0;10170;95
260;20231202;20;30;16;0;10173;93
260;20231202;21;20;13;0;10179;94
260;20231202;22;20;14;0;10178;98
260;20231202;23;30;14;0;10182;97
260;20231202;24;30;15;0;10185;98
260;20231203;1;30;16;0;10185;98
260;20231203;2;20;19;0;10189;97
260;20231203;3;30;20;0;10190;96
260;20231203;4;30;10;0;10191;93
260;20231203;5;30;1;0;10193;95
260;20231203;6;20;-9;0;10194;97
260;20231203;7;30;-10;0;10198;95
260;20231203;8;30;-10;3;10199;94
260;20231203;9;30;-4;25;10203;91
260;20231203;10;30;7;48;10198;82
260;20231203;11;40;13;64;10195;79
260;20231203;12;40;14;52;10188;75
260;20231203;13;40;23;52;10188;75
260;20231203;14;50;24;21;10182;68
260;20231203;15;40;19;6;10177;73
260;20231203;16;50;18;1;10170;76
260;20231203;17;50;19;0;10165;77
260;20231203;18;50;7;0;10161;93
260;20231203;19;60;2;0;10156;98
260;20231203;20;50;2;0;10149;98
260;20231203;21;50;2;0;10142;98
260;20231203;22;50;5;0;10133;97
260;20231203;23;50;6;0;10130;96
260;20231203;24;40;9;0;10124;91
260;20231204;1;40;10;0;10119;91
260;20231204;2;40;11;0;10113;90
260;20231204;3;40;10;0;10105;89
260;20231204;4;40;11;0;10096;85
260;20231204;5;50;12;0;10091;84
260;20231204;6;50;11;0;10084;83
260;20231204;7;50;13;0;10078;80
260;20231204;8;50;14;1;10075;78
260;20231204;9;50;16;10;10070;74
260;20231204;10;50;20;21;10069;69
260;20231204;11;50;24;34;10058;68
260;20231204;12;50;25;32;10051;72
260;20231204;13;50;25;30;10042;73
260;20231204;14;50;24;8;10034;76
260;20231204;15;50;22;7;10028;80
260;20231204;16;50;21;1;10022;87
260;20231204;17;50;17;0;10018;94
260;20231204;18;50;16;0;10014;96
260;20231204;19;40;16;0;10010;97
260;20231204;20;50;17;0;10005;98
260;20231204;21;50;20;0;10000;97
260;20231204;22;50;22;0;9998;97
260;20231204;23;50;24;0;9996;97
260;20231204;24;40;24;0;9994;98
260;20231205;1;30;24;0;9991;98
260;20231205;2;40;22;0;9992;98
260;20231205;3;40;21;0;9993;98
260;20231205;4;40;19;0;9992;98
260;20231205;5;30;17;0;9997;98
260;20231205;6;30;16;0;10000;97
260;20231205;7;40;16;0;10005;98
260;20231205;8;30;17;1;10013;97
260;20231205;9;40;17;11;10018;98
260;20231205;10;30;16;7;10025;98
260;20231205;11;30;17;11;10031;98
260;20231205;12;30;18;15;10035;97
260;20231205;13;30;17;10;10039;96
260;20231205;14;30;18;8;10043;96
260;20231205;15;30;16;4;10052;96
260;20231205;16;30;15;0;10061;96
260;20231205;17;30;14;0;10067;95
260;20231205;18;30;15;0;10072;92
260;20231205;19;20;16;0;10079;92
260;20231205;20;20;15;0;10084;92
260;20231205;21;20;18;0;10089;91
260;20231205;22;30;18;0;10093;94
260;20231205;23;30;19;0;10100;94
260;20231205;24;20;19;0;10106;95
260;20231206;1;20;22;0;10110;96
260;20231206;2;20;26;0;10115;95
260;20231206;3;20;28;0;10119;94
260;20231206;4;20;30;0;10120;96
260;20231206;5;20;36;0;10124;96
260;20231206;6;20;39;0;10129;93
260;20231206;7;20;41;0;10133;88
260;20231206;8;20;38;1;10138;89
260;20231206;9;20;36;13;10143;86
260;20231206;10;20;51;42;10148;78
260;20231206;11;20;63;58;10148;75
260;20231206;12;30;54;30;10150;82
260;20231206;13;20;65;80;10151;76
260;20231206;14;20;55;24;10153;81
260;20231206;15;20;53;24;10158;83
260;20231206;16;20;34;2;10166;90
260;20231206;17;20;16;0;10172;97
260;20231206;18;10;2;0;10176;98
260;20231206;19;20;3;0;10181;98
260;20231206;20;0;-14;0;10185;98
260;20231206;21;10;-20;0;10188;99
260;20231206;22;10;-25;0;10190;98
260;20231206;23;20;-21;0;10195;98
260;20231206;24;20;-24;0;10195;98
260;20231207;1;10;-27;0;10193;98
260;20231207;2;10;-34;0;10195;97
260;20231207;3;10;-28;0;10194;98
260;20231207;4;10;-24;0;10197;99
260;20231207;5;20;-15;0;10196;99
260;20231207;6;20;-9;0;10195;99
260;20231207;7;30;-9;0;10196;99
260;20231207;8;30;-10;1;10197;99
260;20231207;9;40;-6;8;10195;99
260;20231207;10;40;-3;15;10193;99
260;20231207;11;50;-1;19;10185;99
260;20231207;12;40;4;20;10177;99
260;20231207;13;30;10;20;10164;98
260;20231207;14;40;16;16;10158;98
260;20231207;15;40;19;10;10148;98
260;20231207;16;40;10;1;10141;97
260;20231207;17;50;14;0;10130;96
260;20231207;18;50;23;0;10124;89
260;20231207;19;50;21;0;10117;88
260;20231207;20;50;24;0;10104;84
260;20231207;21;50;24;0;10092;82
260;20231207;22;60;25;0;10085;80
260;20231207;23;50;25;0;10085;80
260;20231207;24;50;25;0;10079;81
260;20231208;1;40;24;0;10068;85
260;20231208;2;40;28;0;10068;82
260;20231208;3;40;23;0;10058;89
260;20231208;4;40;22;0;10053;91
260;20231208;5;40;23;0;10055;93
260;20231208;6;30;24;0;10052;93
260;20231208;7;30;25;0;10054;96
260;20231208;8;30;27;0;10057;98
260;20231208;9;30;33;1;10062;98
260;20231208;10;20;38;7;10064;99
260;20231208;11;20;47;15;10064;99
260;20231208;12;20;61;20;10065;99
260;20231208;13;30;71;15;10067;99
260;20231208;14;30;76;10;10071;98
260;20231208;15;30;81;4;10075;98
260;20231208;16;30;83;1;10081;97
260;20231208;17;30;84;0;10083;96
260;20231208;18;30;82;0;10084;95
260;20231208;19;40;78;0;10087;96
260;20231208;20;40;73;0;10089;96
260;20231208;21;40;77;0;10091;95
260;20231208;22;40;76;0;10091;95
260;20231208;23;30;75;0;10094;95
260;20231208;24;40;74;0;10095;95
260;20231209;1;40;73;0;10096;95
260;20231209;2;40;68;0;10091;95
260;20231209;3;40;63;0;10085;96
260;20231209;4;40;62;0;10082;96
260;20231209;5;40;59;0;10077;96
260;20231209;6;40;63;0;10071;95
260;20231209;7;50;67;0;10060;94
260;20231209;8;50;72;1;10055;92
260;20231209;9;60;74;8;10043;91
260;20231209;10;50;78;16;10029;89
260;20231209;11;50;84;25;10010;88
260;20231209;12;60;82;17;9984;92
260;20231209;13;60;80;15;9962;93
260;20231209;14;70;78;5;9934;93
260;20231209;15;80;75;3;9915;95
260;20231209;16;70;75;0;9906;97
260;20231209;17;60;78;0;9900;97
260;20231209;18;50;93;0;9901;98
260;20231209;19;60;108;0;9911;84
260;20231209;20;60;103;0;9924;73
260;20231209;21;60;106;0;9934;71
260;20231209;22;60;99;0;9949;71
260;20231209;23;60;99;0;9958;71
260;20231209;24;70;93;0;9965;79
260;20231210;1;70;87;0;9965;83
260;20231210;2;70;91;0;9969;78
260;20231210;3;80;89;0;9975;81
260;20231210;4;90;87;0;9982;83
260;20231210;5;90;97;0;9991;73
260;20231210;6;90;97;0;10006;71
260;20231210;7;90;98;0;10020;70
260;20231210;8;80;98;0;10034;70
260;20231210;9;70;96;4;10043;72
260;20231210;10;60;99;25;10049;72
260;20231210;11;60;99;45;10048;72
260;20231210;12;50;108;55;10045;72
260;20231210;13;50;101;34;10042;77
260;20231210;14;50;100;21;10035;83
260;20231210;15;50;103;6;10023;83
260;20231210;16;60;99;1;10007;79
260;20231210;17;60;87;0;9987;88
260;20231210;18;60;81;0;9968;96
260;20231210;19;70;96;0;9960;94
260;20231210;20;70;109;0;9964;91
260;20231210;21;70;107;0;9970;84
260;20231210;22;70;107;0;9978;78
260;20231210;23;50;96;0;9981;89
260;20231210;24;60;98;0;9979;88
260;20231211;1;60;101;0;9977;87
260;20231211;2;60;99;0;9970;90
260;20231211;3;70;97;0;9962;92
260;20231211;4;60;101;0;9959;90
260;20231211;5;70;103;0;9954;84
260;20231211;6;80;101;0;9950;86
260;20231211;7;80;96;0;9951;90
260;20231211;8;90;97;0;9961;86
260;20231211;9;80;100;6;9980;79
260;20231211;10;60;95;16;9998;87
260;20231211;11;60;92;20;10008;88
260;20231211;12;60;97;32;10017;78
260;20231211;13;50;98;25;10024;81
260;20231211;14;50;94;14;10030;86
260;20231211;15;40;93;5;10039;85
260;20231211;16;30;89;0;10044;91
260;20231211;17;30;84;0;10049;96
260;20231211;18;30;83;0;10056;95
260;20231211;19;20;83;0;10062;96
260;20231211;20;30;87;0;10066;96
260;20231211;21;20;85;0;10069;97
260;20231211;22;30;85;0;10075;96
260;20231211;23;30;81;0;10076;94
260;20231211;24;20;77;0;10074;94
260;20231212;1;20;67;0;10075;94
260;20231212;2;20;51;0;10072;97
260;20231212;3;20;59;0;10071;96
260;20231212;4;20;49;0;10067;98
260;20231212;5;20;47;0;10063;98
260;20231212;6;20;53;0;10060;98
260;20231212;7;20;59;0;10054;98
260;20231212;8;30;67;1;10049;98
260;20231212;9;30;73;8;10043;98
260;20231212;10;30;80;23;10033;97
260;20231212;11;30;91;44;10025;93
260;20231212;12;30;96;48;10012;93
260;20231212;13;30;104;27;10003;94
260;20231212;14;40;99;13;9994;97
260;20231212;15;30;98;2;9988;97
260;20231212;16;30;105;1;9981;95
260;20231212;17;20;93;0;9976;92
260;20231212;18;20;97;0;9970;93
260;20231212;19;30;90;0;9965;94
260;20231212;20;20;91;0;9964;95
260;20231212;21;20;89;0;9962;96
260;20231212;22;30;85;0;9962;92
260;20231212;23;30;82;0;9961;94
260;20231212;24;40;83;0;9957;94
260;20231213;1;30;83;0;9955;96
260;20231213;2;40;84;0;9957;93
260;20231213;3;30;83;0;9955;94
260;20231213;4;30;83;0;9953;94
260;20231213;5;20;80;0;9953;97
260;20231213;6;20;77;0;9952;98
260;20231213;7;20;82;0;9954;97
260;20231213;8;20;81;1;9957;98
260;20231213;9;20;83;4;9960;98
260;20231213;10;20;89;17;9965;97
260;20231213;11;20;93;30;9969;94
260;20231213;12;20;93;33;9972;94
260;20231213;13;10;97;31;9976;92
260;20231213;14;0;95;11;9981;93
260;20231213;15;20;89;2;9990;95
260;20231213;16;10;86;0;10000;98
260;20231213;17;20;85;0;10011;98
260;20231213;18;20;85;0;10024;98
260;20231213;19;20;84;0;10035;97
260;20231213;20;30;84;0;10046;97
260;20231213;21;40;74;0;10059;95
260;20231213;22;40;60;0;10072;96
260;20231213;23;40;57;0;10085;95
260;20231213;24;40;55;0;10095;94
260;20231214;1;40;53;0;10105;94
260;20231214;2;30;53;0;10115;93
260;20231214;3;30;53;0;10126;92
260;20231214;4;30;51;0;10131;91
260;20231214;5;30;50;0;10142;90
260;20231214;6;30;48;0;10153;88
260;20231214;7;30;45;0;10165;86
260;20231214;8;30;45;0;10173;84
260;20231214;9;20;47;3;10181;85
260;20231214;10;20;55;33;10190;80
260;20231214;11;10;58;55;10196;78
260;20231214;12;10;63;74;10201;75
260;20231214;13;10;63;36;10201;77
260;20231214;14;20;60;25;10208;81
260;20231214;15;20;60;7;10216;80
260;20231214;16;20;52;0;10223;97
260;20231214;17;20;56;0;10230;91
260;20231214;18;20;55;0;10234;93
260;20231214;19;20;58;0;10241;93
260;20231214;20;20;63;0;10248;88
260;20231214;21;30;63;0;10253;91
260;20231214;22;30;66;0;10256;88
260;20231214;23;40;67;0;10261;91
260;20231214;24;40;66;0;10268;96
260;20231215;1;30;67;0;10272;97
260;20231215;2;30;69;0;10278;97
260;20231215;3;20;69;0;10286;98
260;20231215;4;30;71;0;10290;97
260;20231215;5;30;71;0;10296;97
260;20231215;6;20;74;0;10302;96
260;20231215;7;30;75;0;10311;96
260;20231215;8;30;77;1;10318;95
260;20231215;9;20;82;8;10327;92
260;20231215;10;20;89;21;10338;87
260;20231215;11;20;95;25;10348;81
260;20231215;12;20;98;32;10343;77
260;20231215;13;30;101;31;10348;71
260;20231215;14;30;100;22;10352;73
260;20231215;15;30;96;5;10354;74
260;20231215;16;20;97;1;10360;65
260;20231215;17;30;91;0;10368;69
260;20231215;18;30;88;0;10369;70
260;20231215;19;30;86;0;10370;75
260;20231215;20;30;86;0;10379;71
260;20231215;21;30;85;0;10381;74
260;20231215;22;30;85;0;10381;75
260;20231215;23;30;86;0;10380;71
260;20231215;24;30;84;0;10380;71
260;20231216;1;30;80;0;10381;74
260;20231216;2;40;73;0;10380;78
260;20231216;3;30;71;0;10378;81
260;20231216;4;40;71;0;10375;82
260;20231216;5;40;68;0;10377;86
260;20231216;6;40;68;0;10377;87
260;20231216;7;40;67;0;10377;88
260;20231216;8;50;70;2;10378;86
260;20231216;9;40;77;18;10385;87
260;20231216;10;40;82;18;10388;90
260;20231216;11;40;87;21;10386;93
260;20231216;12;40;89;7;10381;95
260;20231216;13;40;90;10;10376;95
260;20231216;14;40;91;9;10373;96
260;20231216;15;40;96;5;10366;94
260;20231216;16;40;97;0;10369;94
260;20231216;17;40;96;0;10368;96
260;20231216;18;50;99;0;10367;97
260;20231216;19;50;100;0;10372;97
260;20231216;20;40;102;0;10377;96
260;20231216;21;50;105;0;10374;93
260;20231216;22;40;103;0;10372;92
260;20231216;23;40;102;0;10372;92
260;20231216;24;40;100;0;10369;93
260;20231217;1;40;99;0;10367;93
260;20231217;2;40;101;0;10366;90
260;20231217;3;40;101;0;10366;87
260;20231217;4;40;99;0;10361;90
260;20231217;5;50;96;0;10359;91
260;20231217;6;50;95;0;10358;93
260;20231217;7;50;94;0;10360;91
260;20231217;8;50;91;0;10361;91
260;20231217;9;50;87;4;10361;91
260;20231217;10;50;84;9;10363;92
260;20231217;11;60;83;18;10357;90
260;20231217;12;60;91;53;10347;84
260;20231217;13;50;101;75;10341;73
260;20231217;14;50;100;54;10334;71
260;20231217;15;60;89;24;10334;74
260;20231217;16;50;81;2;10331;77
260;20231217;17;50;78;0;10324;77
260;20231217;18;50;73;0;10325;79
260;20231217;19;40;68;0;10324;82
260;20231217;20;40;64;0;10326;83
260;20231217;21;50;66;0;10322;84
260;20231217;22;40;70;0;10323;85
260;20231217;23;40;72;0;10321;87
260;20231217;24;50;73;0;10318;86
260;20231218;1;40;73;0;10316;87
260;20231218;2;40;74;0;10314;87
260;20231218;3;40;75;0;10312;88
260;20231218;4;40;73;0;10310;89
260;20231218;5;30;75;0;10310;89
260;20231218;6;40;75;0;10308;89
260;20231218;7;40;72;0;10308;90
260;20231218;8;40;73;0;10306;90
260;20231218;9;50;76;6;10305;89
260;20231218;10;50;80;17;10302;87
260;20231218;11;50;86;30;10296;86
260;20231218;12;40;90;26;10291;86
260;20231218;13;50;91;28;10284;85
260;20231218;14;60;86;13;10277;86
260;20231218;15;60;85;7;10279;87
260;20231218;16;50;79;0;10275;88
260;20231218;17;50;76;0;10275;88
260;20231218;18;60;73;0;10264;89
260;20231218;19;60;67;0;10264;90
260;20231218;20;50;65;0;10266;90
260;20231218;21;50;66;0;10255;92
260;20231218;22;60;65;0;10255;94
260;20231218;23;60;65;0;10250;98
260;20231218;24;50;65;0;10245;98
260;20231219;1;50;67;0;10237;98
260;20231219;2;50;68;0;10231;98
260;20231219;3;50;70;0;10222;98
260;20231219;4;60;73;0;10211;98
260;20231219;5;60;78;0;10203;96
260;20231219;6;70;80;0;10199;97
260;20231219;7;70;82;0;10194;96
260;20231219;8;70;81;0;10191;97
260;20231219;9;70;81;1;10186;97
260;20231219;10;70;82;3;10181;97
260;20231219;11;60;82;7;10171;96
260;20231219;12;60;83;8;10162;97
260;20231219;13;60;84;7;10156;97
260;20231219;14;60;84;4;10151;96
260;20231219;15;30;87;3;10151;97
260;20231219;16;20;88;0;10151;98
260;20231219;17;20;88;0;10150;98
260;20231219;18;20;86;0;10152;98
260;20231219;19;30;87;0;10153;97
260;20231219;20;30;81;0;10156;90
260;20231219;21;20;77;0;10157;94
260;20231219;22;30;69;0;10157;87
260;20231219;23;30;66;0;10154;89
260;20231219;24;30;66;0;10154;87
260;20231220;1;30;65;0;10152;86
260;20231220;2;30;69;0;10151;85
260;20231220;3;40;74;0;10149;83
260;20231220;4;40;74;0;10146;81
260;20231220;5;40;76;0;10145;81
260;20231220;6;50;77;0;10145;80
260;20231220;7;50;79;0;10143;80
260;20231220;8;50;82;0;10142;80
260;20231220;9;50;84;2;10141;80
260;20231220;10;60;88;9;10142;80
260;20231220;11;50;91;21;10141;78
260;20231220;12;50;93;42;10134;78
260;20231220;13;50;94;29;10129;78
260;20231220;14;60;94;24;10122;78
260;20231220;15;50;93;11;10119;80
260;20231220;16;50;89;0;10118;85
260;20231220;17;60;84;0;10106;93
260;20231220;18;60;86;0;10100;94
260;20231220;19;60;89;0;10092;94
260;20231220;20;70;89;0;10085;95
260;20231220;21;60;95;0;10080;91
260;20231220;22;70;102;0;10074;85
260;20231220;23;60;105;0;10071;83
260;20231220;24;50;103;0;10062;85
260;20231221;1;60;103;0;10048;85
260;20231221;2;60;104;0;10043;85
260;20231221;3;60;105;0;10034;84
260;20231221;4;60;103;0;10019;86
260;20231221;5;70;106;0;10008;85
260;20231221;6;70;101;0;10002;91
260;20231221;7;70;105;0;9983;87
260;20231221;8;80;100;0;9978;95
260;20231221;9;80;107;2;9968;89
260;20231221;10;90;112;5;9965;89
260;20231221;11;100;115;11;9959;87
260;20231221;12;90;121;11;9957;78
260;20231221;13;90;116;14;9953;84
260;20231221;14;90;119;12;9956;74
260;20231221;15;90;116;10;9959;70
260;20231221;16;90;113;1;9967;66
260;20231221;17;90;81;0;9975;84
260;20231221;18;70;73;0;9991;84
260;20231221;19;70;84;0;9992;66
260;20231221;20;60;82;0;9998;72
260;20231221;21;50;85;0;10003;73
260;20231221;22;70;62;0;10013;87
260;20231221;23;50;70;0;10018;80
260;20231221;24;60;71;0;10020;79
260;20231222;1;60;56;0;10026;92
260;20231222;2;50;63;0;10027;89
260;20231222;3;50;76;0;10024;73
260;20231222;4;60;85;0;10026;69
260;20231222;5;60;86;0;10030;70
260;20231222;6;60;88;0;10028;76
260;20231222;7;60;91;0;10028;77
260;20231222;8;60;89;0;10027;83
260;20231222;9;60;90;5;10025;90
260;20231222;10;70;97;10;10026;86
260;20231222;11;70;101;18;10028;84
260;20231222;12;70;104;23;10022;82
260;20231222;13;80;106;24;10021;80
260;20231222;14;90;109;14;10024;79
260;20231222;15;90;106;5;10028;81
260;20231222;16;80;108;0;10033;79
260;20231222;17;80;104;0;10038;83
260;20231222;18;80;108;0;10042;76
260;20231222;19;80;107;0;10049;74
260;20231222;20;60;75;0;10067;96
260;20231222;21;40;78;0;10075;89
260;20231222;22;40;81;0;10083;83
260;20231222;23;40;77;0;10091;85
260;20231222;24;30;77;0;10092;90
260;20231223;1;30;76;0;10089;91
260;20231223;2;20;75;0;10081;95
260;20231223;3;50;90;0;10072;93
260;20231223;4;70;99;0;10066;83
260;20231223;5;80;101;0;10061;80
260;20231223;6;80;99;0;10059;83
260;20231223;7;80;103;0;10057;81
260;20231223;8;80;105;0;10061;78
260;20231223;9;80;105;3;10067;80
260;20231223;10;80;106;9;10070;79
260;20231223;11;70;111;14;10072;75
260;20231223;12;80;112;27;10070;75
260;20231223;13;80;109;34;10073;75
260;20231223;14;70;109;23;10077;75
260;20231223;15;70;107;7;10079;78
260;20231223;16;60;106;1;10084;78
260;20231223;17;60;106;0;10084;79
260;20231223;18;70;108;0;10082;77
260;20231223;19;70;109;0;10083;76
260;20231223;20;70;108;0;10082;76
260;20231223;21;70;107;0;10081;77
260;20231223;22;60;102;0;10074;81
260;20231223;23;70;102;0;10071;81
260;20231223;24;60;106;0;10072;80
260;20231224;1;70;100;0;10060;85
260;20231224;2;70;97;0;10056;93
260;20231224;3;70;98;0;10050;96
260;20231224;4;70;102;0;10042;97
260;20231224;5;70;105;0;10039;96
260;20231224;6;70;108;0;10035;96
260;20231224;7;70;112;0;10035;95
260;20231224;8;60;114;0;10033;94
260;20231224;9;60;113;2;10032;97
260;20231224;10;60;116;6;10033;95
260;20231224;11;70;118;6;10028;94
260;20231224;12;80;120;8;10021;94
260;20231224;13;80;122;5;10016;95
260;20231224;14;80;122;3;10009;94
260;20231224;15;80;120;2;10007;95
260;20231224;16;90;123;0;10009;91
260;20231224;17;90;123;0;10018;89
260;20231224;18;80;127;0;10024;87
260;20231224;19;80;129;0;10031;86
260;20231224;20;80;125;0;10034;88
260;20231224;21;80;122;0;10034;92
260;20231224;22;80;124;0;10035;89
260;20231224;23;80;125;0;10037;89
260;20231224;24;70;124;0;10040;90
260;20231225;1;70;123;0;10043;89
260;20231225;2;70;119;0;10043;90
260;20231225;3;70;123;0;10045;89
260;20231225;4;70;124;0;10051;88
260;20231225;5;60;124;0;10050;86
260;20231225;6;60;121;0;10050;87
260;20231225;7;40;115;0;10054;85
260;20231225;8;40;112;0;10060;88
260;20231225;9;40;113;5;10065;88
260;20231225;10;40;114;16;10067;86
260;20231225;11;40;118;26;10069;81
260;20231225;12;50;119;42;10070;80
260;20231225;13;50;121;33;10067;81
260;20231225;14;50;119;28;10067;80
260;20231225;15;40;116;10;10067;81
260;20231225;16;40;116;0;10066;91
260;20231225;17;50;117;0;10065;91
260;20231225;18;40;113;0;10065;95
260;20231225;19;40;108;0;10060;96
260;20231225;20;40;103;0;10054;97
260;20231225;21;30;103;0;10046;98
260;20231225;22;60;115;0;10041;96
260;20231225;23;80;113;0;10043;94
260;20231225;24;80;111;0;10046;95
260;20231226;1;60;111;0;10046;93
260;20231226;2;70;111;0;10050;91
260;20231226;3;60;110;0;10059;86
260;20231226;4;70;101;0;10066;80
260;20231226;5;50;95;0;10076;79
260;20231226;6;50;89;0;10087;74
260;20231226;7;50;87;0;10096;74
260;20231226;8;50;88;0;10105;73
260;20231226;9;50;88;10;10117;76
260;20231226;10;50;94;40;10129;74
260;20231226;11;60;102;70;10135;69
260;20231226;12;60;98;25;10142;70
260;20231226;13;50;95;19;10149;68
260;20231226;14;40;94;20;10156;70
260;20231226;15;40;91;6;10166;71
260;20231226;16;30;82;1;10177;80
260;20231226;17;30;77;0;10186;77
260;20231226;18;20;62;0;10189;84
260;20231226;19;10;45;0;10196;95
260;20231226;20;10;28;0;10203;97
260;20231226;21;10;23;0;10205;97
260;20231226;22;10;20;0;10209;98
260;20231226;23;10;20;0;10214;98
260;20231226;24;10;15;0;10210;98
260;20231227;1;10;8;0;10208;99
260;20231227;2;20;7;0;10208;98
260;20231227;3;20;16;0;10200;98
260;20231227;4;20;28;0;10193;98
260;20231227;5;30;39;0;10185;98
260;20231227;6;30;45;0;10177;97
260;20231227;7;40;56;0;10167;94
260;20231227;8;40;56;0;10162;98
260;20231227;9;40;62;2;10154;97
260;20231227;10;40;72;6;10146;97
260;20231227;11;40;78;6;10138;98
260;20231227;12;40;91;8;10128;94
260;20231227;13;50;94;9;10115;91
260;20231227;14;50;92;13;10102;90
260;20231227;15;50;91;9;10091;88
260;20231227;16;60;90;1;10080;86
260;20231227;17;60;91;0;10072;81
260;20231227;18;50;88;0;10065;77
260;20231227;19;70;91;0;10057;71
260;20231227;20;60;92;0;10060;69
260;20231227;21;60;95;0;10060;70
260;20231227;22;70;97;0;10064;81
260;20231227;23;70;102;0;10068;78
260;20231227;24;70;106;0;10073;80
260;20231228;1;60;104;0;10077;83
260;20231228;2;70;101;0;10078;83
260;20231228;3;80;104;0;10075;81
260;20231228;4;80;103;0;10074;81
260;20231228;5;80;107;0;10075;77
260;20231228;6;80;110;0;10076;75
260;20231228;7;90;110;0;10079;74
260;20231228;8;90;108;0;10088;75
260;20231228;9;80;108;7;10092;75
260;20231228;10;90;112;21;10095;73
260;20231228;11;90;111;31;10097;74
260;20231228;12;80;112;37;10094;74
260;20231228;13;80;114;44;10091;72
260;20231228;14;80;110;25;10090;74
260;20231228;15;70;108;5;10087;77
260;20231228;16;70;110;1;10084;73
260;20231228;17;80;110;0;10082;72
260;20231228;18;80;110;0;10077;70
260;20231228;19;80;111;0;10075;70
260;20231228;20;90;112;0;10069;70
260;20231228;21;80;113;0;10066;70
260;20231228;22;90;113;0;10064;71
260;20231228;23;80;103;0;10064;81
260;20231228;24;90;109;0;10060;77
260;20231229;1;90;108;0;10057;78
260;20231229;2;90;105;0;10054;80
260;20231229;3;90;99;0;10057;87
260;20231229;4;70;98;0;10055;88
260;20231229;5;70;102;0;10054;83
260;20231229;6;70;101;0;10052;82
260;20231229;7;70;101;0;10053;82
260;20231229;8;70;101;0;10054;85
260;20231229;9;70;101;3;10055;88
260;20231229;10;80;107;19;10059;83
260;20231229;11;80;109;36;10062;81
260;20231229;12;70;112;46;10063;78
260;20231229;13;60;114;41;10060;78
260;20231229;14;50;110;27;10057;79
260;20231229;15;40;106;9;10053;82
260;20231229;16;50;97;0;10046;90
260;20231229;17;60;57;0;10058;87
260;20231229;18;20;59;0;10060;90
260;20231229;19;30;70;0;10063;90
260;20231229;20;40;87;0;10065;80
260;20231229;21;50;60;0;10070;88
260;20231229;22;50;77;0;10072;86
260;20231229;23;40;81;0;10077;81
260;20231229;24;40;80;0;10084;77
260;20231230;1;40;74;0;10089;77
260;20231230;2;40;70;0;10094;78
260;20231230;3;40;71;0;10099;76
260;20231230;4;40;67;0;10100;79
260;20231230;5;40;63;0;10102;83
260;20231230;6;30;58;0;10108;85
260;20231230;7;30;56;0;10111;89
260;20231230;8;30;65;0;10116;86
260;20231230;9;40;68;12;10120;89
260;20231230;10;40;73;23;10122;88
260;20231230;11;40;82;26;10120;85
260;20231230;12;40;86;36;10116;87
260;20231230;13;50;91;27;10108;87
260;20231230;14;40;94;36;10101;83
260;20231230;15;40;90;15;10097;84
260;20231230;16;40;93;2;10092;83
260;20231230;17;40;95;0;10090;81
260;20231230;18;50;96;0;10085;80
260;20231230;19;50;92;0;10075;82
260;20231230;20;40;93;0;10069;84
260;20231230;21;50;93;0;10061;86
260;20231230;22;50;94;0;10051;88
260;20231230;23;50;92;0;10044;90
260;20231230;24;50;92;0;10033;88
260;20231231;1;40;89;0;10022;86
260;20231231;2;40;89;0;10010;83
260;20231231;3;50;91;0;9998;79
260;20231231;4;50;91;0;9982;79
260;20231231;5;50;91;0;9968;79
260;20231231;6;60;93;0;9957;78
260;20231231;7;60;90;0;9948;80
260;20231231;8;60;93;0;9940;80
260;20231231;9;60;93;2;9934;84
260;20231231;10;60;81;3;9942;90
260;20231231;11;50;90;21;9935;85
260;20231231;12;80;81;16;9941;85
260;20231231;13;70;88;34;9942;77
260;20231231;14;80;93;38;9943;72
260;20231231;15;60;91;15;9941;72
260;20231231;16;60;93;1;9943;71
260;20231231;17;70;89;0;9944;75
260;20231231;18;80;90;0;9945;74
260;20231231;19;70;86;0;9950;78
260;20231231;20;80;86;0;9951;77
260;20231231;21;70;82;0;9954;84
260;20231231;22;70;81;0;9955;84
260;20231231;23;80;86;0;9959;78
260;20231231;24;80;82;0;9962;77
