STN;YYYYMMDD;HH;FH;T;Q;P;U
260;20250101;1;80;83;0;10156;82
260;20250101;2;80;86;0;10151;79
260;20250101;3;90;86;0;10141;79
260;20250101;4;90;86;0;10133;77
260;20250101;5;100;87;0;10128;77
260;20250101;6;90;86;0;10116;76
260;20250101;7;90;84;0;10109;76
260;20250101;8;100;85;0;10103;75
260;20250101;9;110;83;3;10100;76
260;20250101;10;90;84;5;10096;77
260;20250101;11;90;87;7;10082;77
260;20250101;12;100;93;8;10075;77
260;20250101;13;100;95;7;10063;76
260;20250101;14;110;98;5;10051;76
260;20250101;15;110;96;3;10039;78
260;20250101;16;100;96;0;10035;81
260;20250101;17;80;70;0;10053;92
260;20250101;18;40;64;0;10057;94
260;20250101;19;40;55;0;10063;89
260;20250101;20;50;50;0;10067;90
260;20250101;21;50;48;0;10067;92
260;20250101;22;60;49;0;10069;92
260;20250101;23;60;53;0;10075;93
260;20250101;24;40;57;0;10079;92
260;20250102;1;20;55;0;10086;86
260;20250102;2;20;50;0;10093;88
260;20250102;3;20;29;0;10099;94
260;20250102;4;10;13;0;10102;98
260;20250102;5;10;8;0;10106;97
260;20250102;6;10;3;0;10114;99
260;20250102;7;10;13;0;10118;97
260;20250102;8;20;12;0;10126;97
260;20250102;9;20;36;21;10131;90
260;20250102;10;10;48;40;10138;84
260;20250102;11;20;56;76;10139;81
260;20250102;12;30;63;86;10139;75
260;20250102;13;30;53;53;10140;77
260;20250102;14;30;35;32;10143;86
260;20250102;15;20;38;18;10148;88
260;20250102;16;20;27;2;10151;91
260;20250102;17;20;16;0;10154;94
260;20250102;18;20;17;0;10157;92
260;20250102;19;30;27;0;10163;85
260;20250102;20;20;18;0;10169;92
260;20250102;21;20;18;0;10171;92
260;20250102;22;20;22;0;10174;87
260;20250102;23;20;12;0;10177;92
260;20250102;24;30;16;0;10179;91
260;20250103;1;20;17;0;10179;90
260;20250103;2;30;17;0;10180;89
260;20250103;3;30;18;0;10178;90
260;20250103;4;30;14;0;10177;94
260;20250103;5;30;13;0;10175;93
260;20250103;6;30;15;0;10173;92
260;20250103;7;40;25;0;10170;77
260;20250103;8;40;27;0;10173;69
260;20250103;9;40;30;14;10177;70
260;20250103;10;50;34;31;10178;68
260;20250103;11;50;33;25;10174;74
260;20250103;12;50;38;21;10170;77
260;20250103;13;50;30;22;10174;88
260;20250103;14;40;30;22;10171;91
260;20250103;15;30;32;19;10177;91
260;20250103;16;30;26;2;10181;92
260;20250103;17;20;27;0;10185;91
260;20250103;18;20;21;0;10192;92
260;20250103;19;20;23;0;10200;90
260;20250103;20;10;17;0;10202;96
260;20250103;21;20;16;0;10207;96
260;20250103;22;20;7;0;10207;96
260;20250103;23;20;9;0;10212;97
260;20250103;24;20;17;0;10212;93
260;20250104;1;20;17;0;10210;94
260;20250104;2;20;9;0;10211;97
260;20250104;3;20;8;0;10206;95
260;20250104;4;20;18;0;10203;94
260;20250104;5;20;18;0;10202;92
260;20250104;6;20;22;0;10200;93
260;20250104;7;30;21;0;10196;95
260;20250104;8;20;20;0;10194;95
260;20250104;9;20;20;7;10192;95
260;20250104;10;30;22;20;10190;94
260;20250104;11;30;27;33;10184;90
260;20250104;12;30;32;28;10179;89
260;20250104;13;30;31;19;10170;86
260;20250104;14;30;33;26;10164;83
260;20250104;15;30;29;21;10160;86
260;20250104;16;30;23;3;10155;90
260;20250104;17;30;21;0;10149;89
260;20250104;18;30;18;0;10144;91
260;20250104;19;30;19;0;10139;90
260;20250104;20;30;12;0;10132;91
260;20250104;21;20;8;0;10122;93
260;20250104;22;20;8;0;10110;93
260;20250104;23;20;9;0;10099;92
260;20250104;24;30;12;0;10084;89
260;20250105;1;40;14;0;10070;83
260;20250105;2;40;13;0;10060;83
260;20250105;3;40;11;0;10043;83
260;20250105;4;50;5;0;10028;90
260;20250105;5;40;0;0;10016;99
260;20250105;6;50;0;0;10001;98
260;20250105;7;60;1;0;9981;99
260;20250105;8;70;3;0;9972;96
260;20250105;9;60;5;3;9956;95
260;20250105;10;60;7;7;9942;95
260;20250105;11;50;10;9;9926;96
260;20250105;12;50;18;8;9913;97
260;20250105;13;40;31;6;9900;98
260;20250105;14;40;76;6;9891;99
260;20250105;15;50;108;5;9888;96
260;20250105;16;70;110;1;9887;96
260;20250105;17;70;111;0;9887;96
260;20250105;18;70;111;0;9884;96
260;20250105;19;70;112;0;9881;95
260;20250105;20;70;113;0;9880;94
260;20250105;21;70;116;0;9878;90
260;20250105;22;70;113;0;9874;91
260;20250105;23;60;110;0;9872;91
260;20250105;24;60;108;0;9865;92
260;20250106;1;60;109;0;9858;89
260;20250106;2;60;111;0;9853;88
260;20250106;3;70;110;0;9846;86
260;20250106;4;60;111;0;9839;85
260;20250106;5;80;111;0;9828;85
260;20250106;6;80;111;0;9821;83
260;20250106;7;80;111;0;9815;79
260;20250106;8;70;111;0;9808;78
260;20250106;9;80;119;6;9804;74
260;20250106;10;90;119;10;9800;76
260;20250106;11;80;122;18;9785;76
260;20250106;12;90;124;19;9772;74
260;20250106;13;90;107;8;9763;90
260;20250106;14;110;80;15;9792;80
260;20250106;15;110;58;10;9823;84
260;20250106;16;90;57;1;9847;86
260;20250106;17;80;55;0;9868;83
260;20250106;18;80;53;0;9885;81
260;20250106;19;70;52;0;9900;79
260;20250106;20;60;47;0;9907;85
260;20250106;21;70;48;0;9916;79
260;20250106;22;70;46;0;9920;77
260;20250106;23;50;43;0;9926;84
260;20250106;24;60;46;0;9928;84
260;20250107;1;60;45;0;9931;83
260;20250107;2;60;41;0;9937;85
260;20250107;3;50;38;0;9939;86
260;20250107;4;50;38;0;9943;89
260;20250107;5;50;36;0;9947;88
260;20250107;6;60;33;0;9952;88
260;20250107;7;50;34;0;9957;90
260;20250107;8;50;36;0;9964;89
260;20250107;9;50;27;2;9969;92
260;20250107;10;40;26;11;9975;91
260;20250107;11;50;41;55;9977;85
260;20250107;12;60;39;56;9977;84
260;20250107;13;70;53;80;9978;73
260;20250107;14;70;43;42;9980;77
260;20250107;15;60;39;20;9979;80
260;20250107;16;50;37;2;9982;83
260;20250107;17;60;33;0;9986;86
260;20250107;18;50;32;0;9986;87
260;20250107;19;50;30;0;9987;89
260;20250107;20;50;32;0;9988;87
260;20250107;21;40;30;0;9993;89
260;20250107;22;50;36;0;9995;84
260;20250107;23;50;30;0;9998;87
260;20250107;24;50;29;0;9999;86
260;20250108;1;40;27;0;9999;86
260;20250108;2;40;24;0;10004;89
260;20250108;3;30;22;0;10008;85
260;20250108;4;30;21;0;10011;83
260;20250108;5;40;28;0;10013;79
260;20250108;6;40;27;0;10018;80
260;20250108;7;30;22;0;10024;84
260;20250108;8;20;13;0;10032;87
260;20250108;9;30;21;17;10032;86
260;20250108;10;30;31;49;10034;83
260;20250108;11;40;36;66;10035;82
260;20250108;12;40;36;56;10032;83
260;20250108;13;30;36;40;10027;84
260;20250108;14;20;39;42;10024;84
260;20250108;15;20;35;19;10021;85
260;20250108;16;10;21;3;10019;91
260;20250108;17;20;20;0;10012;95
260;20250108;18;20;23;0;10008;91
260;20250108;19;20;22;0;10001;91
260;20250108;20;20;22;0;9996;92
260;20250108;21;20;24;0;9989;89
260;20250108;22;50;16;0;9988;91
260;20250108;23;20;16;0;9985;91
260;20250108;24;20;17;0;9990;90
260;20250109;1;10;15;0;9993;93
260;20250109;2;10;11;0;9992;91
260;20250109;3;20;4;0;9987;93
260;20250109;4;10;-2;0;9988;96
260;20250109;5;10;-3;0;9992;96
260;20250109;6;10;0;0;9995;97
260;20250109;7;10;3;0;9998;99
260;20250109;8;10;4;0;10005;100
260;20250109;9;10;11;3;10007;96
260;20250109;10;10;14;13;10013;97
260;20250109;11;20;32;42;10015;86
260;20250109;12;20;46;70;10021;78
260;20250109;13;30;61;85;10026;63
260;20250109;14;40;56;51;10036;61
260;20250109;15;40;42;32;10047;70
260;20250109;16;40;36;9;10058;75
260;20250109;17;40;11;0;10072;93
260;20250109;18;20;24;0;10082;87
260;20250109;19;40;17;0;10091;90
260;20250109;20;30;20;0;10101;88
260;20250109;21;30;24;0;10110;79
260;20250109;22;30;21;0;10115;80
260;20250109;23;40;27;0;10117;79
260;20250109;24;40;21;0;10123;91
260;20250110;1;30;30;0;10131;89
260;20250110;2;30;26;0;10137;91
260;20250110;3;30;27;0;10143;91
260;20250110;4;20;27;0;10147;90
260;20250110;5;30;22;0;10151;90
260;20250110;6;30;25;0;10154;81
260;20250110;7;30;17;0;10158;86
260;20250110;8;30;14;1;10166;86
260;20250110;9;30;19;19;10171;83
260;20250110;10;30;31;57;10176;76
260;20250110;11;40;41;84;10178;73
260;20250110;12;40;50;97;10176;68
260;20250110;13;50;50;91;10174;64
260;20250110;14;40;51;43;10177;63
260;20250110;15;40;50;36;10182;64
260;20250110;16;30;32;2;10187;91
260;20250110;17;10;28;0;10189;94
260;20250110;18;20;27;0;10192;95
260;20250110;19;20;16;0;10197;95
260;20250110;20;20;5;0;10202;97
260;20250110;21;10;-6;0;10205;98
260;20250110;22;10;-12;0;10212;98
260;20250110;23;10;-20;0;10216;98
260;20250110;24;10;-20;0;10219;96
260;20250111;1;10;-28;0;10222;99
260;20250111;2;10;-31;0;10227;98
260;20250111;3;10;-32;0;10231;95
260;20250111;4;10;-34;0;10236;98
260;20250111;5;10;-39;0;10240;96
260;20250111;6;10;-41;0;10247;97
260;20250111;7;0;-42;0;10252;98
260;20250111;8;0;-44;2;10258;97
260;20250111;9;10;-9;40;10264;98
260;20250111;10;10;6;84;10271;93
260;20250111;11;10;40;82;10272;85
260;20250111;12;20;52;92;10273;78
260;20250111;13;20;52;76;10274;74
260;20250111;14;30;57;73;10275;72
260;20250111;15;30;45;30;10282;78
260;20250111;16;20;31;7;10288;84
260;20250111;17;20;35;0;10294;83
260;20250111;18;20;32;0;10301;86
260;20250111;19;20;10;0;10307;93
260;20250111;20;20;2;0;10315;96
260;20250111;21;20;14;0;10323;90
260;20250111;22;20;18;0;10329;86
260;20250111;23;20;17;0;10335;86
260;20250111;24;10;9;0;10335;90
260;20250112;1;10;0;0;10340;95
260;20250112;2;10;7;0;10349;93
260;20250112;3;10;6;0;10352;90
260;20250112;4;10;12;0;10356;93
260;20250112;5;20;18;0;10360;82
260;20250112;6;10;10;0;10368;88
260;20250112;7;10;-4;0;10371;94
260;20250112;8;10;-5;1;10384;95
260;20250112;9;10;9;9;10389;95
260;20250112;10;10;26;22;10392;92
260;20250112;11;10;49;39;10396;75
260;20250112;12;20;53;52;10397;73
260;20250112;13;20;56;45;10394;71
260;20250112;14;20;53;54;10398;74
260;20250112;15;20;50;25;10399;75
260;20250112;16;10;21;7;10402;87
260;20250112;17;10;7;0;10407;93
260;20250112;18;10;11;0;10413;95
260;20250112;19;10;15;0;10420;96
260;20250112;20;10;13;0;10423;97
260;20250112;21;10;8;0;10423;99
260;20250112;22;10;-2;0;10429;97
260;20250112;23;10;3;0;10429;100
260;20250112;24;10;0;0;10423;96
260;20250113;1;10;-15;0;10419;97
260;20250113;2;10;-23;0;10421;96
260;20250113;3;10;-28;0;10420;97
260;20250113;4;10;-29;0;10423;95
260;20250113;5;10;-28;0;10421;99
260;20250113;6;10;-19;0;10419;96
260;20250113;7;20;-8;0;10420;97
260;20250113;8;20;4;1;10424;98
260;20250113;9;10;4;8;10426;94
260;20250113;10;20;24;77;10428;88
260;20250113;11;20;39;88;10425;83
260;20250113;12;30;49;101;10417;72
260;20250113;13;40;51;100;10412;65
260;20250113;14;40;47;80;10407;62
260;20250113;15;30;43;46;10406;65
260;20250113;16;20;26;10;10404;71
260;20250113;17;20;10;0;10397;79
260;20250113;18;20;8;0;10391;78
260;20250113;19;30;11;0;10387;76
260;20250113;20;30;3;0;10385;78
260;20250113;21;30;-1;0;10386;81
260;20250113;22;30;-13;0;10383;84
260;20250113;23;20;-11;0;10375;83
260;20250113;24;30;-13;0;10370;84
260;20250114;1;30;-13;0;10371;83
260;20250114;2;30;-12;0;10371;81
260;20250114;3;30;-5;0;10366;79
260;20250114;4;30;1;0;10357;77
260;20250114;5;30;0;0;10351;78
260;20250114;6;20;-2;0;10349;80
260;20250114;7;30;4;0;10346;81
260;20250114;8;40;7;1;10343;82
260;20250114;9;40;12;10;10351;81
260;20250114;10;30;16;27;10346;79
260;20250114;11;40;30;56;10342;80
260;20250114;12;40;41;54;10333;81
260;20250114;13;50;49;86;10329;81
260;20250114;14;40;45;33;10328;84
260;20250114;15;30;46;15;10325;88
260;20250114;16;40;45;5;10328;91
260;20250114;17;30;44;0;10328;96
260;20250114;18;20;47;0;10328;97
260;20250114;19;30;50;0;10331;99
260;20250114;20;30;50;0;10326;99
260;20250114;21;20;51;0;10325;99
260;20250114;22;20;52;0;10325;100
260;20250114;23;20;54;0;10326;100
260;20250114;24;20;57;0;10325;100
260;20250115;1;20;60;0;10322;100
260;20250115;2;10;63;0;10326;100
260;20250115;3;20;65;0;10322;99
260;20250115;4;20;67;0;10321;100
260;20250115;5;10;64;0;10324;100
260;20250115;6;10;63;0;10327;100
260;20250115;7;10;65;0;10326;100
260;20250115;8;10;64;1;10330;100
260;20250115;9;10;66;7;10339;100
260;20250115;10;10;69;17;10341;100
260;20250115;11;10;70;25;10346;100
260;20250115;12;10;68;21;10340;99
260;20250115;13;10;69;28;10338;100
260;20250115;14;20;67;21;10337;99
260;20250115;15;20;70;12;10337;100
260;20250115;16;10;72;3;10340;99
260;20250115;17;10;73;0;10342;99
260;20250115;18;10;70;0;10344;100
260;20250115;19;0;68;0;10350;99
260;20250115;20;10;67;0;10352;99
260;20250115;21;10;64;0;10353;100
260;20250115;22;20;62;0;10355;99
260;20250115;23;10;61;0;10354;98
260;20250115;24;10;60;0;10350;99
260;20250116;1;10;61;0;10350;100
260;20250116;2;10;61;0;10351;100
260;20250116;3;20;60;0;10351;100
260;20250116;4;20;59;0;10355;99
260;20250116;5;30;55;0;10357;99
260;20250116;6;20;53;0;10359;99
260;20250116;7;20;52;0;10361;99
260;20250116;8;30;47;1;10365;98
260;20250116;9;30;43;6;10369;97
260;20250116;10;30;37;12;10374;96
260;20250116;11;40;27;15;10370;97
260;20250116;12;30;22;17;10368;99
260;20250116;13;40;26;18;10363;100
260;20250116;14;30;27;13;10364;100
260;20250116;15;30;26;7;10365;100
260;20250116;16;30;24;2;10366;100
260;20250116;17;30;19;0;10369;100
260;20250116;18;30;18;0;10375;99
260;20250116;19;20;19;0;10378;100
260;20250116;20;20;20;0;10379;99
260;20250116;21;30;17;0;10379;98
260;20250116;22;30;14;0;10379;100
260;20250116;23;30;14;0;10379;99
260;20250116;24;30;17;0;10378;99
260;20250117;1;30;22;0;10374;96
260;20250117;2;30;20;0;10370;96
260;20250117;3;30;14;0;10369;97
260;20250117;4;20;9;0;10369;99
260;20250117;5;20;8;0;10371;99
260;20250117;6;20;5;0;10373;100
260;20250117;7;20;5;0;10375;100
260;20250117;8;20;7;1;10380;100
260;20250117;9;20;5;5;10386;100
260;20250117;10;20;2;14;10388;99
260;20250117;11;10;4;20;10387;99
260;20250117;12;20;3;25;10379;99
260;20250117;13;20;0;26;10374;99
260;20250117;14;20;0;20;10371;98
260;20250117;15;20;1;12;10368;98
260;20250117;16;20;-4;3;10369;100
260;20250117;17;20;-4;0;10369;100
260;20250117;18;20;-6;0;10373;100
260;20250117;19;10;-7;0;10371;100
260;20250117;20;10;-8;0;10370;100
260;20250117;21;10;-7;0;10367;98
260;20250117;22;10;-10;0;10368;100
260;20250117;23;20;-13;0;10365;98
260;20250117;24;20;-20;0;10360;99
260;20250118;1;20;-20;0;10354;99
260;20250118;2;20;-18;0;10348;99
260;20250118;3;10;-17;0;10343;100
260;20250118;4;10;-16;0;10340;99
260;20250118;5;20;-20;0;10337;98
260;20250118;6;20;-18;0;10337;98
260;20250118;7;20;-19;0;10335;98
260;20250118;8;20;-19;1;10332;98
260;20250118;9;20;-20;8;10330;98
260;20250118;10;20;-18;19;10327;98
260;20250118;11;20;-15;30;10320;98
260;20250118;12;20;-11;32;10312;98
260;20250118;13;20;-9;31;10308;98
260;20250118;14;20;-9;19;10305;98
260;20250118;15;20;-8;11;10301;98
260;20250118;16;20;-8;4;10300;98
260;20250118;17;20;-11;0;10297;98
260;20250118;18;20;-11;0;10295;98
260;20250118;19;30;-9;0;10293;98
260;20250118;20;20;-9;0;10287;98
260;20250118;21;20;-8;0;10284;99
260;20250118;22;20;-9;0;10279;98
260;20250118;23;20;-10;0;10279;99
260;20250118;24;20;-9;0;10273;98
260;20250119;1;20;-9;0;10267;97
260;20250119;2;20;-8;0;10264;98
260;20250119;3;20;-10;0;10258;98
260;20250119;4;20;-11;0;10252;97
260;20250119;5;20;-11;0;10248;97
260;20250119;6;20;-11;0;10245;98
260;20250119;7;20;-10;0;10243;97
260;20250119;8;20;-10;1;10241;98
260;20250119;9;20;-9;4;10241;98
260;20250119;10;20;-8;9;10242;98
260;20250119;11;20;-8;13;10236;99
260;20250119;12;10;-8;16;10230;97
260;20250119;13;10;-8;17;10223;96
260;20250119;14;10;-8;13;10223;96
260;20250119;15;10;-8;7;10219;97
260;20250119;16;10;-9;3;10217;95
260;20250119;17;10;-9;0;10213;95
260;20250119;18;10;-9;0;10218;98
260;20250119;19;10;-9;0;10218;96
260;20250119;20;10;-10;0;10220;96
260;20250119;21;10;-13;0;10218;97
260;20250119;22;20;-17;0;10214;96
260;20250119;23;20;-16;0;10216;95
260;20250119;24;10;-16;0;10211;96
260;20250120;1;10;-15;0;10205;95
260;20250120;2;10;-12;0;10209;96
260;20250120;3;10;-13;0;10203;98
260;20250120;4;10;-11;0;10202;96
260;20250120;5;20;-11;0;10199;96
260;20250120;6;20;-11;0;10202;97
260;20250120;7;20;-9;0;10200;96
260;20250120;8;20;-7;1;10197;97
260;20250120;9;20;-3;6;10197;96
260;20250120;10;20;0;10;10203;96
260;20250120;11;30;0;10;10202;95
260;20250120;12;30;-1;12;10200;95
260;20250120;13;30;1;14;10196;94
260;20250120;14;30;1;12;10191;93
260;20250120;15;30;2;11;10189;92
260;20250120;16;30;2;2;10188;94
260;20250120;17;30;3;0;10187;95
260;20250120;18;30;2;0;10185;96
260;20250120;19;30;3;0;10189;94
260;20250120;20;30;3;0;10191;92
260;20250120;21;30;2;0;10188;93
260;20250120;22;30;2;0;10188;91
260;20250120;23;20;1;0;10184;92
260;20250120;24;30;1;0;10185;91
260;20250121;1;30;-3;0;10178;94
260;20250121;2;30;-4;0;10178;94
260;20250121;3;30;-3;0;10175;95
260;20250121;4;40;-6;0;10172;95
260;20250121;5;40;-7;0;10170;98
260;20250121;6;40;-9;0;10171;98
260;20250121;7;40;-10;0;10172;98
260;20250121;8;30;-8;1;10174;98
260;20250121;9;30;-8;6;10174;98
260;20250121;10;30;-8;18;10177;98
260;20250121;11;30;-4;21;10177;99
260;20250121;12;20;-1;25;10169;97
260;20250121;13;30;-2;22;10163;98
260;20250121;14;30;-1;19;10156;98
260;20250121;15;30;-2;13;10155;100
260;20250121;16;20;-4;4;10155;100
260;20250121;17;30;-4;0;10150;99
260;20250121;18;30;-5;0;10148;100
260;20250121;19;30;-3;0;10143;99
260;20250121;20;30;-2;0;10141;100
260;20250121;21;30;-4;0;10133;100
260;20250121;22;20;-6;0;10127;99
260;20250121;23;20;-12;0;10119;100
260;20250121;24;20;-12;0;10113;97
260;20250122;1;20;-9;0;10107;96
260;20250122;2;20;-9;0;10100;96
260;20250122;3;30;-7;0;10089;95
260;20250122;4;30;-5;0;10081;94
260;20250122;5;30;-1;0;10076;92
260;20250122;6;30;-1;0;10072;92
260;20250122;7;30;2;0;10066;91
260;20250122;8;30;4;1;10060;89
260;20250122;9;30;7;13;10059;89
260;20250122;10;30;13;23;10050;87
260;20250122;11;30;24;31;10048;85
260;20250122;12;30;26;27;10036;89
260;20250122;13;30;32;26;10028;90
260;20250122;14;30;33;16;10021;92
260;20250122;15;20;34;6;10017;96
260;20250122;16;20;37;3;10013;98
260;20250122;17;20;40;0;10010;99
260;20250122;18;20;44;0;10008;98
260;20250122;19;20;44;0;10005;98
260;20250122;20;20;43;0;10001;97
260;20250122;21;20;40;0;9999;98
260;20250122;22;10;39;0;9994;99
260;20250122;23;10;38;0;9991;99
260;20250122;24;10;40;0;9989;97
260;20250123;1;20;45;0;9988;97
260;20250123;2;20;47;0;9992;96
260;20250123;3;20;46;0;9993;93
260;20250123;4;20;42;0;10002;93
260;20250123;5;30;46;0;10011;90
260;20250123;6;30;45;0;10019;91
260;20250123;7;30;48;0;10030;94
260;20250123;8;40;50;1;10041;89
260;20250123;9;40;50;25;10048;86
260;20250123;10;40;52;50;10052;88
260;20250123;11;50;55;30;10057;89
260;20250123;12;50;62;49;10057;85
260;20250123;13;50;61;54;10056;79
260;20250123;14;50;61;20;10053;78
260;20250123;15;60;60;19;10047;77
260;20250123;16;60;59;6;10042;81
260;20250123;17;60;58;0;10033;79
260;20250123;18;60;54;0;10032;82
260;20250123;19;60;52;0;10023;89
260;20250123;20;60;56;0;10024;91
260;20250123;21;60;65;0;10025;87
260;20250123;22;60;69;0;10027;85
260;20250123;23;60;70;0;10035;84
260;20250123;24;60;68;0;10042;82
260;20250124;1;60;63;0;10045;85
260;20250124;2;40;55;0;10049;87
260;20250124;3;40;53;0;10041;89
260;20250124;4;50;56;0;10035;89
260;20250124;5;60;64;0;10026;89
260;20250124;6;60;71;0;10015;88
260;20250124;7;60;74;0;10005;88
260;20250124;8;70;79;1;9996;86
260;20250124;9;80;79;8;9986;83
260;20250124;10;80;71;11;9986;90
260;20250124;11;80;70;10;9985;93
260;20250124;12;70;73;11;9982;94
260;20250124;13;70;79;15;9978;94
260;20250124;14;80;87;13;9982;91
260;20250124;15;70;94;14;9988;88
260;20250124;16;70;94;5;9992;86
260;20250124;17;60;93;0;10001;84
260;20250124;18;50;93;0;10010;83
260;20250124;19;50;91;0;10017;82
260;20250124;20;40;88;0;10023;82
260;20250124;21;30;80;0;10021;85
260;20250124;22;20;78;0;10024;87
260;20250124;23;20;68;0;10022;91
260;20250124;24;20;71;0;10018;90
260;20250125;1;20;70;0;10012;87
260;20250125;2;30;69;0;10009;87
260;20250125;3;40;64;0;10006;94
260;20250125;4;30;59;0;10002;97
260;20250125;5;10;58;0;10000;99
260;20250125;6;10;57;0;10001;99
260;20250125;7;10;53;0;10004;99
260;20250125;8;0;47;1;10007;98
260;20250125;9;20;58;9;10025;96
260;20250125;10;30;65;28;10031;93
260;20250125;11;30;67;34;10044;91
260;20250125;12;40;66;21;10052;93
260;20250125;13;40;59;10;10057;94
260;20250125;14;20;66;45;10058;86
260;20250125;15;20;67;26;10072;83
260;20250125;16;20;56;12;10071;81
260;20250125;17;10;35;0;10076;92
260;20250125;18;0;26;0;10079;97
260;20250125;19;10;26;0;10082;98
260;20250125;20;10;23;0;10079;99
260;20250125;21;20;31;0;10072;94
260;20250125;22;10;23;0;10076;95
260;20250125;23;10;21;0;10077;98
260;20250125;24;10;27;0;10073;95
260;20250126;1;10;24;0;10076;96
260;20250126;2;10;29;0;10070;94
260;20250126;3;10;22;0;10074;96
260;20250126;4;10;24;0;10073;96
260;20250126;5;20;33;0;10078;89
260;20250126;6;30;31;0;10079;88
260;20250126;7;30;25;0;10075;90
260;20250126;8;20;24;2;10079;89
260;20250126;9;20;29;27;10076;88
260;20250126;10;40;38;78;10081;83
260;20250126;11;40;46;106;10072;79
260;20250126;12;40;52;119;10058;77
260;20250126;13;50;42;100;10056;82
260;20250126;14;60;37;63;10056;83
260;20250126;15;50;38;21;10039;82
260;20250126;16;50;40;9;10022;83
260;20250126;17;60;38;1;10003;80
260;20250126;18;60;38;0;9978;82
260;20250126;19;80;40;0;9961;81
260;20250126;20;70;40;0;9948;88
260;20250126;21;70;44;0;9936;91
260;20250126;22;60;52;0;9929;91
260;20250126;23;50;55;0;9925;90
260;20250126;24;40;60;0;9911;89
260;20250127;1;50;71;0;9895;85
260;20250127;2;60;74;0;9872;89
260;20250127;3;60;75;0;9846;94
260;20250127;4;80;82;0;9835;95
260;20250127;5;60;90;0;9841;94
260;20250127;6;70;98;0;9853;82
260;20250127;7;80;95;0;9864;78
260;20250127;8;70;91;2;9873;79
260;20250127;9;70;97;31;9882;73
260;20250127;10;60;102;71;9886;74
260;20250127;11;70;107;71;9889;70
260;20250127;12;70;113;78;9891;70
260;20250127;13;70;118;115;9889;62
260;20250127;14;70;114;95;9887;63
260;20250127;15;70;110;65;9885;59
260;20250127;16;50;99;26;9893;65
260;20250127;17;50;90;1;9897;71
260;20250127;18;50;86;0;9900;70
260;20250127;19;40;78;0;9902;73
260;20250127;20;50;84;0;9902;72
260;20250127;21;50;86;0;9904;72
260;20250127;22;30;72;0;9906;80
260;20250127;23;50;76;0;9909;78
260;20250127;24;50;77;0;9911;79
260;20250128;1;50;68;0;9905;80
260;20250128;2;40;66;0;9902;80
260;20250128;3;40;63;0;9895;81
260;20250128;4;40;61;0;9892;82
260;20250128;5;50;66;0;9896;81
260;20250128;6;50;74;0;9897;78
260;20250128;7;50;74;0;9897;77
260;20250128;8;50;77;1;9900;77
260;20250128;9;60;81;6;9901;75
260;20250128;10;60;85;28;9899;73
260;20250128;11;60;92;42;9899;71
260;20250128;12;70;93;40;9893;71
260;20250128;13;70;91;26;9892;72
260;20250128;14;60;89;19;9892;75
260;20250128;15;50;90;14;9894;76
260;20250128;16;50;85;6;9893;81
260;20250128;17;50;76;0;9892;92
260;20250128;18;50;81;0;9894;90
260;20250128;19;60;82;0;9894;90
260;20250128;20;50;80;0;9895;90
260;20250128;21;60;80;0;9897;89
260;20250128;22;60;81;0;9899;89
260;20250128;23;50;79;0;9902;91
260;20250128;24;50;77;0;9905;94
260;20250129;1;50;77;0;9911;96
260;20250129;2;60;75;0;9925;95
260;20250129;3;60;72;0;9940;93
260;20250129;4;70;67;0;9954;93
260;20250129;5;60;70;0;9966;85
260;20250129;6;50;68;0;9978;86
260;20250129;7;50;67;0;9989;86
260;20250129;8;40;70;1;10001;80
260;20250129;9;40;71;11;10011;80
260;20250129;10;40;74;23;10019;83
260;20250129;11;50;77;30;10028;85
260;20250129;12;50;79;29;10033;83
260;20250129;13;50;81;30;10037;81
260;20250129;14;40;83;27;10041;81
260;20250129;15;50;82;12;10043;79
260;20250129;16;40;77;19;10049;81
260;20250129;17;40;76;1;10056;82
260;20250129;18;40;77;0;10063;82
260;20250129;19;20;74;0;10066;85
260;20250129;20;20;73;0;10073;85
260;20250129;21;20;62;0;10075;87
260;20250129;22;20;54;0;10079;93
260;20250129;23;20;61;0;10085;88
260;20250129;24;10;55;0;10089;93
260;20250130;1;0;53;0;10091;95
260;20250130;2;10;51;0;10097;95
260;20250130;3;0;49;0;10101;98
260;20250130;4;10;49;0;10107;99
260;20250130;5;10;51;0;10114;97
260;20250130;6;10;53;0;10119;98
260;20250130;7;20;56;0;10124;94
260;20250130;8;10;52;1;10134;98
260;20250130;9;10;56;6;10144;97
260;20250130;10;20;60;19;10149;93
260;20250130;11;20;65;34;10158;91
260;20250130;12;20;67;32;10163;85
260;20250130;13;20;70;30;10168;83
260;20250130;14;30;69;31;10172;76
260;20250130;15;30;69;33;10180;76
260;20250130;16;20;65;36;10188;74
260;20250130;17;20;48;1;10198;80
260;20250130;18;20;46;0;10207;82
260;20250130;19;20;42;0;10215;84
260;20250130;20;30;44;0;10219;81
260;20250130;21;20;41;0;10223;83
260;20250130;22;20;36;0;10228;85
260;20250130;23;10;23;0;10230;89
260;20250130;24;20;27;0;10235;89
260;20250131;1;30;29;0;10237;91
260;20250131;2;20;26;0;10242;87
260;20250131;3;20;15;0;10243;91
260;20250131;4;20;10;0;10246;92
260;20250131;5;20;6;0;10249;91
260;20250131;6;30;17;0;10251;91
260;20250131;7;30;15;0;10256;91
260;20250131;8;20;6;4;10263;94
260;20250131;9;20;17;28;10268;92
260;20250131;10;20;25;48;10272;89
260;20250131;11;20;32;55;10275;88
260;20250131;12;20;55;80;10275;83
260;20250131;13;30;65;104;10277;77
260;20250131;14;30;63;66;10277;76
260;20250131;15;30;57;36;10280;81
260;20250131;16;20;43;12;10283;87
260;20250131;17;10;20;1;10288;96
260;20250131;18;10;2;0;10297;96
260;20250131;19;10;-6;0;10306;98
260;20250131;20;10;-14;0;10310;96
260;20250131;21;10;-13;0;10314;99
260;20250131;22;10;-17;0;10318;100
260;20250131;23;10;-22;0;10320;99
260;20250131;24;10;-25;0;10323;98
260;20250201;1;10;-18;0;10322;97
260;20250201;2;10;-25;0;10322;100
260;20250201;3;10;-23;0;10321;99
260;20250201;4;10;-21;0;10321;98
260;20250201;5;10;-26;0;10326;97
260;20250201;6;10;-31;0;10326;95
260;20250201;7;10;-35;0;10331;96
260;20250201;8;10;-29;10;10331;100
260;20250201;9;20;-3;60;10334;97
260;20250201;10;10;21;98;10331;91
260;20250201;11;20;38;113;10328;79
260;20250201;12;20;54;129;10324;73
260;20250201;13;20;64;128;10318;63
260;20250201;14;30;60;108;10315;62
260;20250201;15;30;59;75;10311;61
260;20250201;16;20;48;33;10309;64
260;20250201;17;10;10;2;10310;83
260;20250201;18;10;-8;0;10307;92
260;20250201;19;20;-18;0;10303;94
260;20250201;20;20;-25;0;10302;96
260;20250201;21;20;-21;0;10300;95
260;20250201;22;20;-26;0;10293;96
260;20250201;23;10;-32;0;10287;94
260;20250201;24;20;-23;0;10279;95
260;20250202;1;20;-22;0;10275;97
260;20250202;2;20;-23;0;10266;95
260;20250202;3;10;-36;0;10266;95
260;20250202;4;10;-42;0;10263;97
260;20250202;5;10;-50;0;10259;94
260;20250202;6;20;-51;0;10255;95
260;20250202;7;20;-51;0;10254;95
260;20250202;8;20;-42;8;10255;99
260;20250202;9;20;-5;51;10252;89
260;20250202;10;30;7;94;10250;82
260;20250202;11;20;20;122;10251;78
260;20250202;12;20;34;136;10249;75
260;20250202;13;20;41;134;10248;69
260;20250202;14;20;40;118;10246;69
260;20250202;15;20;40;81;10247;70
260;20250202;16;20;33;43;10249;73
260;20250202;17;20;4;4;10251;84
260;20250202;18;20;-16;0;10254;93
260;20250202;19;10;-21;0;10257;92
260;20250202;20;10;-27;0;10264;95
260;20250202;21;10;-33;0;10266;96
260;20250202;22;20;-34;0;10266;95
260;20250202;23;20;-39;0;10268;97
260;20250202;24;20;-40;0;10266;95
260;20250203;1;20;-34;0;10262;95
260;20250203;2;20;-42;0;10263;96
260;20250203;3;20;-22;0;10261;93
260;20250203;4;10;-40;0;10260;95
260;20250203;5;10;-43;0;10266;94
260;20250203;6;10;-50;0;10272;93
260;20250203;7;20;-40;0;10270;97
260;20250203;8;20;-25;15;10272;95
260;20250203;9;20;3;71;10274;90
260;20250203;10;10;21;104;10275;86
260;20250203;11;30;37;118;10273;82
260;20250203;12;20;50;132;10270;77
260;20250203;13;20;57;130;10267;71
260;20250203;14;30;59;109;10268;71
260;20250203;15;20;59;78;10267;72
260;20250203;16;20;50;33;10267;74
260;20250203;17;20;34;3;10264;82
260;20250203;18;30;34;0;10265;81
260;20250203;19;20;5;0;10267;92
260;20250203;20;10;-10;0;10269;95
260;20250203;21;20;-4;0;10270;95
260;20250203;22;20;1;0;10269;92
260;20250203;23;20;9;0;10265;93
260;20250203;24;20;-14;0;10267;96
260;20250204;1;20;-5;0;10266;99
260;20250204;2;20;12;0;10264;92
260;20250204;3;30;19;0;10261;90
260;20250204;4;30;19;0;10260;92
260;20250204;5;30;19;0;10262;94
260;20250204;6;40;22;0;10261;92
260;20250204;7;40;19;0;10266;92
260;20250204;8;40;19;3;10269;93
260;20250204;9;30;21;10;10271;92
260;20250204;10;40;25;16;10272;91
260;20250204;11;40;31;20;10271;90
260;20250204;12;30;37;31;10269;87
260;20250204;13;30;46;42;10265;84
260;20250204;14;40;53;37;10261;80
260;20250204;15;50;53;27;10259;78
260;20250204;16;40;50;18;10256;78
260;20250204;17;30;46;3;10262;83
260;20250204;18;40;40;0;10268;82
260;20250204;19;60;18;0;10272;86
260;20250204;20;40;14;0;10272;85
260;20250204;21;40;13;0;10279;84
260;20250204;22;40;17;0;10284;85
260;20250204;23;50;19;0;10287;89
260;20250204;24;40;21;0;10294;90
260;20250205;1;40;26;0;10301;90
260;20250205;2;40;32;0;10306;92
260;20250205;3;30;39;0;10312;94
260;20250205;4;40;44;0;10319;96
260;20250205;5;40;48;0;10327;95
260;20250205;6;40;49;0;10336;99
260;20250205;7;40;49;0;10345;98
260;20250205;8;30;49;3;10354;99
260;20250205;9;30;50;17;10360;99
260;20250205;10;30;56;38;10368;96
260;20250205;11;30;57;47;10374;96
260;20250205;12;20;63;79;10376;92
260;20250205;13;20;68;63;10380;88
260;20250205;14;20;75;81;10383;86
260;20250205;15;20;71;37;10388;86
260;20250205;16;30;65;17;10394;89
260;20250205;17;20;56;2;10401;92
260;20250205;18;20;49;0;10409;94
260;20250205;19;20;47;0;10413;96
260;20250205;20;20;45;0;10415;98
260;20250205;21;10;38;0;10419;99
260;20250205;22;10;33;0;10418;99
260;20250205;23;10;36;0;10422;98
260;20250205;24;10;35;0;10423;99
260;20250206;1;10;34;0;10424;99
260;20250206;2;10;33;0;10425;100
260;20250206;3;0;26;0;10423;99
260;20250206;4;10;29;0;10424;100
260;20250206;5;20;31;0;10426;99
260;20250206;6;20;31;0;10427;99
260;20250206;7;20;31;0;10428;98
260;20250206;8;20;32;5;10433;99
260;20250206;9;30;33;21;10438;100
260;20250206;10;30;42;35;10439;99
260;20250206;11;30;55;69;10435;92
260;20250206;12;30;59;59;10427;86
260;20250206;13;30;66;86;10419;77
260;20250206;14;40;77;109;10414;71
260;20250206;15;50;71;54;10412;71
260;20250206;16;40;64;17;10408;71
260;20250206;17;30;49;3;10406;76
260;20250206;18;30;41;0;10408;79
260;20250206;19;30;34;0;10406;82
260;20250206;20;30;35;0;10399;85
260;20250206;21;40;34;0;10395;89
260;20250206;22;40;25;0;10387;89
260;20250206;23;30;18;0;10379;90
260;20250206;24;40;15;0;10373;92
260;20250207;1;50;20;0;10366;92
260;20250207;2;40;17;0;10359;91
260;20250207;3;30;21;0;10354;87
260;20250207;4;40;23;0;10345;84
260;20250207;5;40;26;0;10337;80
260;20250207;6;60;25;0;10328;79
260;20250207;7;70;30;0;10322;75
260;20250207;8;80;31;3;10318;74
260;20250207;9;70;34;23;10314;74
260;20250207;10;80;39;38;10306;70
260;20250207;11;80;41;33;10299;68
260;20250207;12;80;45;40;10289;65
260;20250207;13;80;46;37;10275;65
260;20250207;14;80;44;27;10264;66
260;20250207;15;80;44;24;10252;66
260;20250207;16;90;42;16;10248;66
260;20250207;17;90;40;2;10243;66
260;20250207;18;80;38;0;10241;67
260;20250207;19;80;35;0;10237;68
260;20250207;20;70;35;0;10233;68
260;20250207;21;70;30;0;10229;71
260;20250207;22;60;28;0;10224;73
260;20250207;23;60;26;0;10222;74
260;20250207;24;50;23;0;10219;76
260;20250208;1;50;22;0;10215;78
260;20250208;2;50;23;0;10211;77
260;20250208;3;50;25;0;10205;77
260;20250208;4;60;27;0;10199;76
260;20250208;5;50;26;0;10198;76
260;20250208;6;40;25;0;10197;77
260;20250208;7;40;31;0;10198;74
260;20250208;8;50;33;2;10202;73
260;20250208;9;50;35;10;10206;75
260;20250208;10;40;40;15;10208;75
260;20250208;11;50;54;52;10209;71
260;20250208;12;40;58;65;10212;70
260;20250208;13;40;59;31;10213;69
260;20250208;14;40;67;53;10214;67
260;20250208;15;40;68;47;10217;68
260;20250208;16;30;64;28;10223;69
260;20250208;17;20;56;5;10229;73
260;20250208;18;20;47;0;10233;77
260;20250208;19;20;52;0;10238;74
260;20250208;20;20;48;0;10239;74
260;20250208;21;30;40;0;10242;76
260;20250208;22;20;29;0;10247;80
260;20250208;23;10;18;0;10251;86
260;20250208;24;10;18;0;10255;89
260;20250209;1;10;32;0;10255;81
260;20250209;2;20;28;0;10253;82
260;20250209;3;20;27;0;10257;84
260;20250209;4;20;18;0;10260;86
260;20250209;5;20;21;0;10263;84
260;20250209;6;20;22;0;10268;85
260;20250209;7;20;23;0;10273;85
260;20250209;8;20;24;7;10279;84
260;20250209;9;20;31;27;10285;82
260;20250209;10;20;38;39;10290;79
260;20250209;11;30;43;44;10293;77
260;20250209;12;20;51;58;10293;72
260;20250209;13;20;54;77;10290;74
260;20250209;14;30;53;56;10289;75
260;20250209;15;30;58;47;10291;71
260;20250209;16;40;54;20;10292;69
260;20250209;17;20;47;4;10297;74
260;20250209;18;30;43;0;10300;74
260;20250209;19;40;40;0;10301;73
260;20250209;20;40;36;0;10301;75
260;20250209;21;50;33;0;10301;76
260;20250209;22;40;25;0;10302;78
260;20250209;23;40;21;0;10300;77
260;20250209;24;40;18;0;10298;78
260;20250210;1;40;18;0;10295;78
260;20250210;2;50;16;0;10292;80
260;20250210;3;40;13;0;10287;81
260;20250210;4;50;13;0;10285;81
260;20250210;5;40;10;0;10282;82
260;20250210;6;40;8;0;10277;83
260;20250210;7;40;8;0;10276;83
260;20250210;8;40;7;8;10274;84
260;20250210;9;50;14;20;10271;82
260;20250210;10;60;20;22;10268;78
260;20250210;11;60;22;24;10262;76
260;20250210;12;60;29;48;10248;75
260;20250210;13;70;31;68;10239;75
260;20250210;14;70;30;29;10234;75
260;20250210;15;70;21;17;10227;83
260;20250210;16;60;19;12;10219;87
260;20250210;17;70;22;2;10218;82
260;20250210;18;70;16;0;10212;89
260;20250210;19;60;15;0;10208;90
260;20250210;20;60;16;0;10203;90
260;20250210;21;60;19;0;10196;89
260;20250210;22;70;21;0;10190;85
260;20250210;23;60;23;0;10184;84
260;20250210;24;60;11;0;10177;92
260;20250211;1;70;12;0;10171;94
260;20250211;2;70;14;0;10164;93
260;20250211;3;70;19;0;10161;93
260;20250211;4;70;21;0;10159;93
260;20250211;5;50;24;0;10156;94
260;20250211;6;50;30;0;10157;93
260;20250211;7;40;32;0;10161;94
260;20250211;8;50;28;2;10166;88
260;20250211;9;50;23;9;10170;91
260;20250211;10;50;25;12;10174;90
260;20250211;11;50;27;11;10179;91
260;20250211;12;40;30;13;10181;89
260;20250211;13;40;32;7;10179;93
260;20250211;14;30;37;13;10177;94
260;20250211;15;40;40;9;10178;92
260;20250211;16;30;40;5;10178;94
260;20250211;17;40;42;1;10180;94
260;20250211;18;30;42;0;10184;95
260;20250211;19;40;41;0;10186;96
260;20250211;20;30;40;0;10186;96
260;20250211;21;30;40;0;10187;97
260;20250211;22;20;40;0;10187;96
260;20250211;23;20;39;0;10186;96
260;20250211;24;20;37;0;10184;97
260;20250212;1;20;36;0;10182;96
260;20250212;2;20;36;0;10181;96
260;20250212;3;20;34;0;10179;96
260;20250212;4;20;33;0;10177;96
260;20250212;5;20;32;0;10174;97
260;20250212;6;20;32;0;10173;98
260;20250212;7;10;32;0;10174;98
260;20250212;8;20;34;1;10176;97
260;20250212;9;20;37;8;10178;97
260;20250212;10;10;41;20;10179;95
260;20250212;11;10;47;31;10180;91
260;20250212;12;20;53;56;10177;87
260;20250212;13;10;56;48;10174;85
260;20250212;14;10;60;76;10172;80
260;20250212;15;10;59;26;10173;82
260;20250212;16;20;47;2;10173;89
260;20250212;17;10;40;0;10175;95
260;20250212;18;20;34;0;10180;92
260;20250212;19;20;32;0;10180;95
260;20250212;20;10;31;0;10181;95
260;20250212;21;10;32;0;10183;95
260;20250212;22;20;33;0;10184;95
260;20250212;23;30;28;0;10185;95
260;20250212;24;20;23;0;10188;94
260;20250213;1;30;21;0;10188;96
260;20250213;2;20;20;0;10189;97
260;20250213;3;30;10;0;10191;98
260;20250213;4;40;6;0;10193;97
260;20250213;5;40;3;0;10198;95
260;20250213;6;40;0;0;10200;93
260;20250213;7;40;-1;0;10206;90
260;20250213;8;40;-7;2;10212;88
260;20250213;9;40;-16;6;10222;86
260;20250213;10;40;-9;36;10224;82
260;20250213;11;30;3;91;10223;80
260;20250213;12;40;12;106;10219;76
260;20250213;13;40;14;71;10221;76
260;20250213;14;50;21;115;10220;74
260;20250213;15;40;23;65;10222;74
260;20250213;16;30;20;14;10227;76
260;20250213;17;30;17;3;10232;78
260;20250213;18;30;9;0;10238;81
260;20250213;19;20;11;0;10244;83
260;20250213;20;20;5;0;10245;86
260;20250213;21;20;-2;0;10251;90
260;20250213;22;20;-7;0;10255;91
260;20250213;23;10;-23;0;10254;93
260;20250213;24;10;-30;0;10258;99
260;20250214;1;10;-32;0;10261;95
260;20250214;2;10;-28;0;10260;95
260;20250214;3;0;-36;0;10261;98
260;20250214;4;10;-34;0;10265;99
260;20250214;5;10;-24;0;10269;96
260;20250214;6;10;-29;0;10272;93
260;20250214;7;10;-38;0;10276;96
260;20250214;8;0;-35;13;10279;98
260;20250214;9;10;3;91;10282;90
260;20250214;10;10;11;114;10286;85
260;20250214;11;20;22;109;10289;80
260;20250214;12;10;26;62;10287;73
260;20250214;13;20;26;37;10287;67
260;20250214;14;30;28;45;10284;66
260;20250214;15;30;26;29;10283;67
260;20250214;16;30;22;11;10281;68
260;20250214;17;20;19;2;10283;71
260;20250214;18;20;16;0;10285;73
260;20250214;19;20;14;0;10289;73
260;20250214;20;10;13;0;10289;74
260;20250214;21;10;11;0;10289;77
260;20250214;22;10;7;0;10288;82
260;20250214;23;10;9;0;10285;80
260;20250214;24;10;5;0;10280;85
260;20250215;1;20;6;0;10273;83
260;20250215;2;10;8;0;10270;83
260;20250215;3;10;7;0;10265;83
260;20250215;4;10;5;0;10258;86
260;20250215;5;10;2;0;10259;89
260;20250215;6;10;1;0;10259;90
260;20250215;7;10;0;0;10257;90
260;20250215;8;10;7;6;10255;88
260;20250215;9;10;15;23;10254;83
260;20250215;10;20;25;47;10252;74
260;20250215;11;20;32;65;10244;59
260;20250215;12;20;34;79;10237;60
260;20250215;13;20;31;57;10230;60
260;20250215;14;20;31;40;10225;60
260;20250215;15;20;31;30;10223;60
260;20250215;16;30;29;21;10223;62
260;20250215;17;30;25;3;10223;65
260;20250215;18;30;21;0;10223;73
260;20250215;19;30;16;0;10225;75
260;20250215;20;30;15;0;10225;77
260;20250215;21;30;11;0;10223;80
260;20250215;22;20;4;0;10222;83
260;20250215;23;20;-3;0;10222;86
260;20250215;24;20;-3;0;10222;83
260;20250216;1;30;-4;0;10220;82
260;20250216;2;30;-8;0;10219;84
260;20250216;3;30;-6;0;10218;82
260;20250216;4;40;-7;0;10219;80
260;20250216;5;30;-7;0;10224;77
260;20250216;6;40;-15;0;10222;81
260;20250216;7;40;-16;0;10228;81
260;20250216;8;40;-10;20;10233;77
260;20250216;9;50;2;69;10231;70
260;20250216;10;50;15;118;10234;64
260;20250216;11;70;28;140;10237;57
260;20250216;12;80;32;169;10233;56
260;20250216;13;80;35;164;10231;55
260;20250216;14;70;36;134;10229;55
260;20250216;15;60;34;101;10231;57
260;20250216;16;50;31;57;10234;60
260;20250216;17;40;18;12;10236;68
260;20250216;18;40;10;0;10244;74
260;20250216;19;40;1;0;10245;76
260;20250216;20;40;-2;0;10244;75
260;20250216;21;30;-11;0;10249;78
260;20250216;22;20;-22;0;10250;83
260;20250216;23;20;-25;0;10251;84
260;20250216;24;20;-31;0;10251;84
260;20250217;1;30;-31;0;10250;81
260;20250217;2;30;-31;0;10251;79
260;20250217;3;30;-32;0;10250;79
260;20250217;4;20;-40;0;10252;83
260;20250217;5;20;-47;0;10251;87
260;20250217;6;20;-51;0;10250;89
260;20250217;7;20;-51;1;10252;90
260;20250217;8;20;-38;31;10254;86
260;20250217;9;30;-21;72;10255;81
260;20250217;10;20;-1;116;10256;74
260;20250217;11;10;13;149;10257;66
260;20250217;12;30;21;167;10251;62
260;20250217;13;30;26;164;10247;61
260;20250217;14;30;29;144;10242;57
260;20250217;15;30;32;109;10239;58
260;20250217;16;40;21;54;10238;60
260;20250217;17;30;7;6;10244;65
260;20250217;18;20;-6;0;10250;68
260;20250217;19;20;-17;0;10254;68
260;20250217;20;30;-18;0;10256;65
260;20250217;21;30;-21;0;10258;67
260;20250217;22;30;-22;0;10259;69
260;20250217;23;40;-24;0;10255;70
260;20250217;24;40;-27;0;10256;70
260;20250218;1;40;-31;0;10257;72
260;20250218;2;30;-38;0;10259;74
260;20250218;3;30;-43;0;10257;76
260;20250218;4;40;-39;0;10254;74
260;20250218;5;40;-42;0;10256;75
260;20250218;6;40;-47;0;10261;77
260;20250218;7;30;-48;1;10265;77
260;20250218;8;40;-36;25;10268;74
260;20250218;9;40;-21;69;10270;70
260;20250218;10;40;-3;118;10271;65
260;20250218;11;40;15;150;10269;59
260;20250218;12;50;25;169;10266;53
260;20250218;13;60;26;166;10259;51
260;20250218;14;60;30;143;10250;50
260;20250218;15;50;29;81;10249;49
260;20250218;16;50;26;72;10250;48
260;20250218;17;60;11;15;10251;55
260;20250218;18;40;0;0;10249;58
260;20250218;19;40;-3;0;10248;57
260;20250218;20;40;-3;0;10251;57
260;20250218;21;40;-5;0;10252;59
260;20250218;22;50;-5;0;10247;60
260;20250218;23;50;-3;0;10243;58
260;20250218;24;50;-4;0;10243;59
260;20250219;1;50;-5;0;10242;59
260;20250219;2;60;-5;0;10236;59
260;20250219;3;60;-12;0;10234;61
260;20250219;4;50;-12;0;10230;59
260;20250219;5;50;-13;0;10229;59
260;20250219;6;60;-14;0;10226;59
260;20250219;7;50;-15;2;10226;60
260;20250219;8;60;-6;27;10226;57
260;20250219;9;70;-1;59;10224;56
260;20250219;10;60;7;65;10224;55
260;20250219;11;60;22;111;10222;50
260;20250219;12;60;29;119;10217;47
260;20250219;13;60;35;100;10210;42
260;20250219;14;60;43;126;10208;39
260;20250219;15;60;46;106;10206;40
260;20250219;16;50;41;43;10206;44
260;20250219;17;40;31;9;10205;49
260;20250219;18;40;31;0;10208;50
260;20250219;19;40;37;0;10207;48
260;20250219;20;40;32;0;10207;52
260;20250219;21;40;24;0;10210;58
260;20250219;22;40;19;0;10205;64
260;20250219;23;40;17;0;10205;68
260;20250219;24;40;12;0;10207;71
260;20250220;1;30;12;0;10207;72
260;20250220;2;40;10;0;10202;74
260;20250220;3;40;8;0;10194;76
260;20250220;4;30;8;0;10196;78
260;20250220;5;40;17;0;10192;78
260;20250220;6;30;16;0;10194;81
260;20250220;7;40;28;1;10196;80
260;20250220;8;30;30;5;10196;88
260;20250220;9;30;41;23;10197;90
260;20250220;10;30;61;54;10196;87
260;20250220;11;40;89;94;10195;83
260;20250220;12;50;100;73;10192;80
260;20250220;13;50;108;63;10193;77
260;20250220;14;40;111;37;10192;80
260;20250220;15;40;102;28;10193;91
260;20250220;16;40;103;13;10194;93
260;20250220;17;40;107;4;10195;89
260;20250220;18;50;107;0;10192;88
260;20250220;19;40;107;0;10191;88
260;20250220;20;40;108;0;10199;87
260;20250220;21;40;106;0;10200;87
260;20250220;22;40;109;0;10202;84
260;20250220;23;40;108;0;10204;85
260;20250220;24;40;107;0;10205;89
260;20250221;1;40;99;0;10200;90
260;20250221;2;30;101;0;10198;89
260;20250221;3;30;102;0;10195;90
260;20250221;4;30;101;0;10191;90
260;20250221;5;30;96;0;10188;91
260;20250221;6;30;94;0;10189;92
260;20250221;7;40;91;1;10190;93
260;20250221;8;40;99;19;10186;91
260;20250221;9;40;103;42;10183;89
260;20250221;10;40;134;88;10181;78
260;20250221;11;50;147;120;10174;72
260;20250221;12;50;160;119;10166;66
260;20250221;13;60;175;147;10153;57
260;20250221;14;60;179;116;10148;52
260;20250221;15;50;174;72;10141;54
260;20250221;16;40;163;26;10137;58
260;20250221;17;40;154;5;10135;61
260;20250221;18;30;151;0;10137;62
260;20250221;19;40;143;0;10137;69
260;20250221;20;40;138;0;10136;72
260;20250221;21;40;136;0;10135;72
260;20250221;22;40;130;0;10133;73
260;20250221;23;40;125;0;10130;74
260;20250221;24;30;118;0;10127;76
260;20250222;1;30;116;0;10123;76
260;20250222;2;40;112;0;10120;77
260;20250222;3;30;106;0;10115;81
260;20250222;4;40;106;0;10113;80
260;20250222;5;40;105;0;10115;82
260;20250222;6;30;99;0;10118;87
260;20250222;7;40;96;0;10122;91
260;20250222;8;40;95;5;10128;92
260;20250222;9;40;98;15;10129;91
260;20250222;10;40;100;19;10130;90
260;20250222;11;50;102;30;10131;91
260;20250222;12;40;108;58;10130;88
260;20250222;13;40;112;41;10132;87
260;20250222;14;40;117;35;10132;86
260;20250222;15;40;112;26;10136;92
260;20250222;16;40;109;15;10143;94
260;20250222;17;50;101;5;10158;93
260;20250222;18;30;99;0;10172;95
260;20250222;19;30;98;0;10184;95
260;20250222;20;30;98;0;10197;95
260;20250222;21;30;96;0;10208;95
260;20250222;22;30;87;0;10219;97
260;20250222;23;30;80;0;10226;96
260;20250222;24;30;79;0;10234;97
260;20250223;1;40;81;0;10239;96
260;20250223;2;40;76;0;10245;97
260;20250223;3;40;73;0;10252;99
260;20250223;4;40;71;0;10254;99
260;20250223;5;30;74;0;10257;99
260;20250223;6;30;76;0;10260;97
260;20250223;7;40;76;1;10265;95
260;20250223;8;40;77;6;10270;91
260;20250223;9;50;84;26;10271;88
260;20250223;10;40;96;63;10274;84
260;20250223;11;50;105;156;10272;81
260;20250223;12;40;125;173;10265;75
260;20250223;13;50;135;164;10254;70
260;20250223;14;60;145;151;10248;65
260;20250223;15;60;142;103;10241;64
260;20250223;16;50;138;55;10238;64
260;20250223;17;40;122;12;10237;72
260;20250223;18;30;112;0;10237;73
260;20250223;19;30;112;0;10240;72
260;20250223;20;40;114;0;10230;72
260;20250223;21;50;115;0;10225;71
260;20250223;22;50;119;0;10220;70
260;20250223;23;60;118;0;10216;73
260;20250223;24;50;117;0;10209;73
260;20250224;1;60;117;0;10200;72
260;20250224;2;60;117;0;10192;72
260;20250224;3;60;117;0;10183;68
260;20250224;4;60;119;0;10173;65
260;20250224;5;60;117;0;10170;67
260;20250224;6;60;116;0;10163;66
260;20250224;7;60;113;0;10160;68
260;20250224;8;60;110;5;10153;71
260;20250224;9;60;112;15;10149;72
260;20250224;10;60;121;38;10142;69
260;20250224;11;60;113;23;10142;81
260;20250224;12;60;108;22;10139;87
260;20250224;13;60;111;24;10131;84
260;20250224;14;70;107;23;10129;89
260;20250224;15;70;106;20;10129;89
260;20250224;16;50;102;11;10131;93
260;20250224;17;50;103;13;10137;89
260;20250224;18;40;103;0;10141;85
260;20250224;19;40;103;0;10143;83
260;20250224;20;40;94;0;10143;88
260;20250224;21;40;96;0;10144;83
260;20250224;22;40;96;0;10143;82
260;20250224;23;40;97;0;10143;84
260;20250224;24;40;93;0;10142;86
260;20250225;1;40;92;0;10145;86
260;20250225;2;40;90;0;10145;87
260;20250225;3;40;86;0;10142;87
260;20250225;4;40;84;0;10139;86
260;20250225;5;30;83;0;10136;86
260;20250225;6;20;82;0;10131;88
260;20250225;7;30;79;2;10138;92
260;20250225;8;30;69;10;10140;99
260;20250225;9;30;80;23;10134;96
260;20250225;10;20;98;80;10131;86
260;20250225;11;30;100;105;10132;84
260;20250225;12;30;103;75;10132;84
260;20250225;13;20;105;68;10126;82
260;20250225;14;20;109;69;10123;84
260;20250225;15;20;106;74;10121;81
260;20250225;16;10;104;13;10120;82
260;20250225;17;10;101;5;10123;83
260;20250225;18;20;95;0;10128;86
260;20250225;19;20;88;0;10132;89
260;20250225;20;30;79;0;10134;92
260;20250225;21;30;76;0;10138;95
260;20250225;22;20;74;0;10141;95
260;20250225;23;20;70;0;10143;93
260;20250225;24;20;67;0;10147;93
260;20250226;1;20;63;0;10150;94
260;20250226;2;20;60;0;10152;87
260;20250226;3;20;57;0;10152;86
260;20250226;4;20;52;0;10155;89
260;20250226;5;10;54;0;10156;87
260;20250226;6;20;47;0;10158;89
260;20250226;7;20;44;1;10163;91
260;20250226;8;20;56;24;10165;88
260;20250226;9;20;76;91;10168;81
260;20250226;10;40;86;132;10168;73
260;20250226;11;30;100;167;10164;65
260;20250226;12;40;112;159;10161;59
260;20250226;13;50;107;148;10156;56
260;20250226;14;50;106;137;10151;55
260;20250226;15;50;103;94;10145;56
260;20250226;16;40;97;31;10138;59
260;20250226;17;40;92;7;10133;66
260;20250226;18;50;86;0;10131;66
260;20250226;19;50;81;0;10124;70
260;20250226;20;40;70;0;10119;81
260;20250226;21;50;65;0;10111;89
260;20250226;22;50;66;0;10109;91
260;20250226;23;40;67;0;10106;93
260;20250226;24;30;64;0;10111;88
260;20250227;1;20;53;0;10113;89
260;20250227;2;30;55;0;10114;92
260;20250227;3;30;56;0;10114;90
260;20250227;4;30;54;0;10117;86
260;20250227;5;30;55;0;10122;88
260;20250227;6;30;55;0;10125;90
260;20250227;7;30;50;1;10132;92
260;20250227;8;30;57;20;10136;91
260;20250227;9;30;63;50;10141;89
260;20250227;10;30;69;59;10144;84
260;20250227;11;50;74;79;10148;80
260;20250227;12;50;82;82;10146;78
260;20250227;13;50;80;124;10145;78
260;20250227;14;50;72;96;10148;76
260;20250227;15;40;68;40;10151;82
260;20250227;16;30;64;27;10151;81
260;20250227;17;40;59;11;10153;87
260;20250227;18;20;54;0;10159;94
260;20250227;19;10;55;0;10166;95
260;20250227;20;30;49;0;10179;92
260;20250227;21;30;47;0;10188;93
260;20250227;22;10;39;0;10195;97
260;20250227;23;20;50;0;10201;93
260;20250227;24;30;48;0;10208;92
260;20250228;1;20;43;0;10211;94
260;20250228;2;20;51;0;10215;94
260;20250228;3;40;51;0;10220;91
260;20250228;4;40;51;0;10228;91
260;20250228;5;40;47;0;10234;88
260;20250228;6;30;43;0;10240;90
260;20250228;7;20;44;3;10248;91
260;20250228;8;20;50;26;10254;90
260;20250228;9;40;57;45;10261;82
260;20250228;10;50;59;62;10267;77
260;20250228;11;50;59;91;10271;76
260;20250228;12;40;67;146;10273;74
260;20250228;13;40;63;81;10273;71
260;20250228;14;30;61;112;10273;70
260;20250228;15;40;62;59;10276;73
260;20250228;16;30;69;72;10276;67
260;20250228;17;30;64;33;10280;73
260;20250228;18;30;58;1;10287;78
260;20250228;19;20;49;0;10288;84
260;20250228;20;20;24;0;10291;92
260;20250228;21;10;16;0;10295;97
260;20250228;22;20;22;0;10297;96
260;20250228;23;20;14;0;10298;98
260;20250228;24;20;28;0;10301;97
260;20250301;1;10;15;0;10303;97
260;20250301;2;10;14;0;10306;98
260;20250301;3;20;22;0;10307;99
260;20250301;4;20;30;0;10310;99
260;20250301;5;10;30;0;10312;96
260;20250301;6;10;27;0;10315;97
260;20250301;7;20;38;2;10323;88
260;20250301;8;20;46;18;10333;83
260;20250301;9;20;51;40;10339;76
260;20250301;10;30;55;63;10345;74
260;20250301;11;30;57;73;10348;73
260;20250301;12;30;63;99;10347;72
260;20250301;13;30;69;163;10346;68
260;20250301;14;30;72;143;10344;66
260;20250301;15;30;76;109;10344;64
260;20250301;16;30;65;47;10343;67
260;20250301;17;10;57;21;10348;71
260;20250301;18;20;39;1;10355;84
260;20250301;19;20;21;0;10358;89
260;20250301;20;10;5;0;10359;95
260;20250301;21;10;-7;0;10363;96
260;20250301;22;10;-11;0;10367;97
260;20250301;23;10;-14;0;10366;96
260;20250301;24;0;-15;0;10365;96
260;20250302;1;0;-19;0;10361;99
260;20250302;2;10;-13;0;10365;97
260;20250302;3;10;-18;0;10360;96
260;20250302;4;10;-26;0;10363;96
260;20250302;5;0;-19;0;10361;96
260;20250302;6;0;-29;0;10361;96
260;20250302;7;10;-28;5;10361;95
260;20250302;8;10;-12;36;10365;98
260;20250302;9;10;6;77;10366;100
260;20250302;10;10;35;137;10363;96
260;20250302;11;10;67;184;10360;78
260;20250302;12;10;81;168;10351;64
260;20250302;13;20;79;200;10348;65
260;20250302;14;10;90;177;10343;59
260;20250302;15;10;93;137;10337;56
260;20250302;16;20;89;79;10330;60
260;20250302;17;10;78;31;10328;65
260;20250302;18;10;41;1;10329;82
260;20250302;19;10;15;0;10327;89
260;20250302;20;10;3;0;10326;97
260;20250302;21;10;-6;0;10324;97
260;20250302;22;0;-16;0;10323;98
260;20250302;23;0;-21;0;10317;97
260;20250302;24;0;-27;0;10314;96
260;20250303;1;10;-33;0;10311;99
260;20250303;2;0;-32;0;10309;96
260;20250303;3;10;-34;0;10305;95
260;20250303;4;10;-32;0;10299;95
260;20250303;5;10;-35;0;10303;96
260;20250303;6;10;-41;0;10304;95
260;20250303;7;0;-30;7;10307;96
260;20250303;8;0;4;53;10308;90
260;20250303;9;10;42;103;10310;82
260;20250303;10;10;72;150;10307;70
260;20250303;11;10;81;183;10309;61
260;20250303;12;20;86;196;10305;61
260;20250303;13;20;95;191;10299;58
260;20250303;14;20;102;171;10290;55
260;20250303;15;20;104;131;10286;52
260;20250303;16;10;101;79;10281;52
260;20250303;17;20;84;32;10283;59
260;20250303;18;10;44;1;10287;77
260;20250303;19;10;21;0;10287;86
260;20250303;20;0;7;0;10289;92
260;20250303;21;10;-4;0;10289;93
260;20250303;22;20;-14;0;10286;94
260;20250303;23;10;-18;0;10284;95
260;20250303;24;10;-22;0;10282;95
260;20250304;1;0;-26;0;10279;96
260;20250304;2;10;-27;0;10277;99
260;20250304;3;10;-36;0;10273;99
260;20250304;4;0;-35;0;10275;98
260;20250304;5;0;-39;0;10276;97
260;20250304;6;10;-36;0;10275;96
260;20250304;7;10;-27;5;10276;98
260;20250304;8;10;-6;50;10275;95
260;20250304;9;10;31;106;10273;89
260;20250304;10;10;70;147;10274;72
260;20250304;11;20;92;184;10279;62
260;20250304;12;10;106;200;10276;61
260;20250304;13;10;114;196;10268;56
260;20250304;14;10;120;171;10264;53
260;20250304;15;20;118;131;10259;58
260;20250304;16;10;116;82;10253;50
260;20250304;17;30;100;33;10249;51
260;20250304;18;30;79;2;10244;56
260;20250304;19;20;36;0;10246;78
260;20250304;20;10;14;0;10246;88
260;20250304;21;10;5;0;10248;92
260;20250304;22;10;-4;0;10253;94
260;20250304;23;10;-11;0;10255;96
260;20250304;24;0;-17;0;10251;98
260;20250305;1;10;-20;0;10244;95
260;20250305;2;20;-18;0;10241;96
260;20250305;3;10;-27;0;10240;96
260;20250305;4;10;-23;0;10236;95
260;20250305;5;10;-26;0;10235;96
260;20250305;6;20;-2;0;10236;90
260;20250305;7;10;-6;9;10241;91
260;20250305;8;20;49;54;10240;71
260;20250305;9;30;81;107;10242;61
260;20250305;10;40;111;160;10241;53
260;20250305;11;40;133;198;10240;46
260;20250305;12;40;141;211;10235;43
260;20250305;13;40;148;200;10229;43
260;20250305;14;30;150;178;10224;42
260;20250305;15;30;152;140;10219;44
260;20250305;16;30;150;87;10216;44
260;20250305;17;20;130;35;10215;50
260;20250305;18;10;71;2;10216;73
260;20250305;19;10;48;0;10215;83
260;20250305;20;10;33;0;10214;90
260;20250305;21;10;19;0;10215;91
260;20250305;22;0;11;0;10213;94
260;20250305;23;10;1;0;10210;96
260;20250305;24;10;-4;0;10205;98
260;20250306;1;10;-1;0;10199;97
260;20250306;2;20;-4;0;10194;97
260;20250306;3;20;3;0;10190;96
260;20250306;4;20;-7;0;10188;98
260;20250306;5;20;-10;0;10185;98
260;20250306;6;20;-2;0;10182;98
260;20250306;7;20;14;8;10183;94
260;20250306;8;20;55;52;10185;80
260;20250306;9;20;82;106;10184;71
260;20250306;10;20;114;155;10181;61
260;20250306;11;30;137;190;10179;57
260;20250306;12;40;147;168;10174;52
260;20250306;13;30;164;190;10168;47
260;20250306;14;30;169;178;10165;41
260;20250306;15;40;176;138;10160;36
260;20250306;16;40;169;89;10156;40
260;20250306;17;30;157;36;10157;36
260;20250306;18;30;133;2;10158;38
260;20250306;19;20;74;0;10159;64
260;20250306;20;20;57;0;10162;73
260;20250306;21;20;37;0;10162;83
260;20250306;22;20;52;0;10163;71
260;20250306;23;20;37;0;10162;79
260;20250306;24;20;31;0;10161;82
260;20250307;1;30;39;0;10160;77
260;20250307;2;20;48;0;10160;72
260;20250307;3;20;59;0;10158;67
260;20250307;4;20;57;0;10161;69
260;20250307;5;20;58;0;10162;70
260;20250307;6;20;52;0;10162;72
260;20250307;7;20;45;8;10167;77
260;20250307;8;20;83;55;10172;66
260;20250307;9;20;104;105;10174;62
260;20250307;10;30;131;152;10172;57
260;20250307;11;40;148;186;10170;53
260;20250307;12;30;164;202;10163;48
260;20250307;13;30;172;199;10158;47
260;20250307;14;40;175;178;10154;46
260;20250307;15;40;177;134;10153;46
260;20250307;16;40;171;90;10153;48
260;20250307;17;20;156;35;10154;54
260;20250307;18;20;114;3;10155;70
260;20250307;19;20;84;0;10157;83
260;20250307;20;10;71;0;10158;89
260;20250307;21;10;53;0;10159;94
260;20250307;22;20;47;0;10159;95
260;20250307;23;10;36;0;10157;97
260;20250307;24;20;31;0;10157;97
260;20250308;1;20;25;0;10157;96
260;20250308;2;20;20;0;10151;97
260;20250308;3;20;17;0;10150;97
260;20250308;4;20;16;0;10149;97
260;20250308;5;20;10;0;10147;99
260;20250308;6;20;12;0;10144;95
260;20250308;7;20;27;11;10144;97
260;20250308;8;20;80;56;10144;84
260;20250308;9;20;128;81;10146;56
260;20250308;10;30;155;158;10141;42
260;20250308;11;30;168;191;10137;35
260;20250308;12;30;180;207;10130;33
260;20250308;13;40;196;208;10119;26
260;20250308;14;60;193;186;10111;24
260;20250308;15;60;191;148;10104;25
260;20250308;16;50;182;96;10102;27
260;20250308;17;40;166;39;10100;31
260;20250308;18;10;115;2;10100;47
260;20250308;19;30;91;0;10100;58
260;20250308;20;30;86;0;10098;56
260;20250308;21;40;121;0;10099;43
260;20250308;22;40;108;0;10098;48
260;20250308;23;30;90;0;10094;55
260;20250308;24;20;72;0;10091;62
260;20250309;1;20;62;0;10088;66
260;20250309;2;20;51;0;10083;71
260;20250309;3;20;26;0;10080;90
260;20250309;4;20;20;0;10076;87
260;20250309;5;20;12;0;10073;93
260;20250309;6;20;7;0;10072;95
260;20250309;7;20;26;11;10072;90
260;20250309;8;20;86;56;10072;66
260;20250309;9;20;121;108;10071;56
260;20250309;10;30;143;157;10069;48
260;20250309;11;20;160;190;10064;44
260;20250309;12;30;170;199;10057;43
260;20250309;13;30;176;176;10050;38
260;20250309;14;30;177;130;10044;37
260;20250309;15;30;180;115;10040;34
260;20250309;16;30;174;61;10035;38
260;20250309;17;30;158;42;10034;44
260;20250309;18;20;118;6;10034;56
260;20250309;19;20;83;0;10033;72
260;20250309;20;20;58;0;10033;82
260;20250309;21;20;47;0;10033;83
260;20250309;22;10;37;0;10034;88
260;20250309;23;20;36;0;10031;87
260;20250309;24;10;25;0;10029;93
260;20250310;1;10;26;0;10024;90
260;20250310;2;10;16;0;10020;94
260;20250310;3;20;12;0;10017;96
260;20250310;4;10;8;0;10014;94
260;20250310;5;20;5;0;10013;96
260;20250310;6;20;5;0;10015;96
260;20250310;7;10;20;13;10022;98
260;20250310;8;20;75;62;10022;75
260;20250310;9;20;106;101;10024;61
260;20250310;10;30;132;152;10024;53
260;20250310;11;40;150;192;10026;47
260;20250310;12;30;158;207;10022;43
260;20250310;13;20;169;203;10019;40
260;20250310;14;20;166;178;10019;38
260;20250310;15;30;167;137;10018;38
260;20250310;16;30;151;88;10019;49
260;20250310;17;30;137;36;10024;51
260;20250310;18;30;116;3;10031;61
260;20250310;19;30;97;0;10036;70
260;20250310;20;30;83;0;10038;74
260;20250310;21;30;74;0;10039;78
260;20250310;22;20;68;0;10040;79
260;20250310;23;20;60;0;10039;81
260;20250310;24;20;39;0;10041;89
260;20250311;1;20;42;0;10041;93
260;20250311;2;20;46;0;10040;95
260;20250311;3;30;53;0;10037;92
260;20250311;4;40;56;0;10035;92
260;20250311;5;40;57;0;10038;93
260;20250311;6;40;59;0;10038;92
260;20250311;7;30;62;2;10039;87
260;20250311;8;30;64;11;10042;80
260;20250311;9;30;70;40;10044;75
260;20250311;10;40;70;65;10044;73
260;20250311;11;40;65;53;10044;78
260;20250311;12;40;74;59;10043;66
260;20250311;13;30;81;97;10037;56
260;20250311;14;40;82;193;10033;51
260;20250311;15;40;74;100;10032;56
260;20250311;16;40;71;62;10031;58
260;20250311;17;40;63;28;10032;65
260;20250311;18;30;51;3;10034;73
260;20250311;19;20;47;0;10033;82
260;20250311;20;20;47;0;10033;78
260;20250311;21;20;41;0;10032;81
260;20250311;22;20;33;0;10030;86
260;20250311;23;20;18;0;10027;90
260;20250311;24;20;19;0;10023;90
260;20250312;1;20;20;0;10020;91
260;20250312;2;20;36;0;10016;90
260;20250312;3;20;39;0;10012;88
260;20250312;4;10;37;0;10009;88
260;20250312;5;20;33;0;10008;92
260;20250312;6;20;36;0;10009;93
260;20250312;7;20;38;13;10008;91
260;20250312;8;20;51;60;10008;85
260;20250312;9;30;63;75;10007;80
260;20250312;10;30;72;121;10005;66
260;20250312;11;30;61;92;10004;75
260;20250312;12;30;82;184;10002;57
260;20250312;13;40;78;216;9998;60
260;20250312;14;40;80;105;9998;54
260;20250312;15;40;72;99;9999;60
260;20250312;16;30;75;63;9997;61
260;20250312;17;40;63;51;9999;65
260;20250312;18;20;48;6;10002;73
260;20250312;19;10;29;0;10004;81
260;20250312;20;20;23;0;10004;87
260;20250312;21;10;0;0;10003;95
260;20250312;22;10;-9;0;10002;97
260;20250312;23;10;-11;0;10000;98
260;20250312;24;10;-7;0;9998;96
260;20250313;1;10;2;0;9997;100
260;20250313;2;10;17;0;9994;96
260;20250313;3;10;19;0;9989;94
260;20250313;4;10;22;0;9988;96
260;20250313;5;10;-5;0;9990;98
260;20250313;6;0;-18;0;9991;99
260;20250313;7;10;5;19;9994;97
260;20250313;8;10;39;66;9996;87
260;20250313;9;20;56;123;9998;72
260;20250313;10;30;57;117;9999;71
260;20250313;11;30;62;113;10000;68
260;20250313;12;30;63;73;10002;63
260;20250313;13;30;57;104;10000;70
260;20250313;14;30;70;83;10002;61
260;20250313;15;40;66;76;10007;61
260;20250313;16;40;62;35;10012;62
260;20250313;17;40;55;29;10017;66
260;20250313;18;30;47;7;10024;71
260;20250313;19;30;35;0;10030;78
260;20250313;20;20;11;0;10038;86
260;20250313;21;20;14;0;10040;85
260;20250313;22;20;-6;0;10043;92
260;20250313;23;20;-12;0;10045;94
260;20250313;24;10;-28;0;10047;97
260;20250314;1;10;-30;0;10051;95
260;20250314;2;10;-35;0;10051;97
260;20250314;3;0;-33;0;10052;96
260;20250314;4;10;-18;0;10056;96
260;20250314;5;10;-5;0;10060;96
260;20250314;6;10;-19;0;10067;95
260;20250314;7;10;4;27;10075;93
260;20250314;8;20;31;64;10081;88
260;20250314;9;30;47;160;10085;70
260;20250314;10;30;61;207;10091;61
260;20250314;11;30;41;69;10098;75
260;20250314;12;30;71;178;10101;57
260;20250314;13;40;61;128;10105;57
260;20250314;14;40;62;107;10108;50
260;20250314;15;40;69;84;10113;48
260;20250314;16;50;66;103;10120;47
260;20250314;17;50;56;56;10126;51
260;20250314;18;40;44;8;10133;55
260;20250314;19;40;35;0;10143;61
260;20250314;20;30;26;0;10151;63
260;20250314;21;30;15;0;10158;68
260;20250314;22;20;10;0;10163;72
260;20250314;23;30;14;0;10166;74
260;20250314;24;30;14;0;10170;72
260;20250315;1;30;8;0;10174;75
260;20250315;2;20;3;0;10174;78
260;20250315;3;30;12;0;10176;77
260;20250315;4;30;14;0;10181;78
260;20250315;5;30;13;0;10187;76
260;20250315;6;30;12;0;10194;67
260;20250315;7;40;13;20;10200;69
260;20250315;8;40;18;43;10208;73
260;20250315;9;50;41;132;10210;67
260;20250315;10;50;52;179;10211;64
260;20250315;11;40;67;141;10209;62
260;20250315;12;50;65;112;10208;61
260;20250315;13;50;66;128;10205;56
260;20250315;14;50;71;120;10204;53
260;20250315;15;60;68;121;10202;52
260;20250315;16;50;66;69;10203;51
260;20250315;17;50;64;38;10205;54
260;20250315;18;40;55;5;10210;57
260;20250315;19;40;48;0;10214;64
260;20250315;20;50;37;0;10218;70
260;20250315;21;40;25;0;10221;76
260;20250315;22;40;15;0;10223;80
260;20250315;23;30;8;0;10223;82
260;20250315;24;30;6;0;10222;83
260;20250316;1;40;5;0;10222;83
260;20250316;2;30;2;0;10223;85
260;20250316;3;20;-1;0;10220;86
260;20250316;4;20;-12;0;10222;90
260;20250316;5;20;-11;0;10226;91
260;20250316;6;20;-5;0;10228;90
260;20250316;7;20;10;23;10232;85
260;20250316;8;30;32;78;10238;77
260;20250316;9;40;50;135;10239;68
260;20250316;10;40;64;185;10240;60
260;20250316;11;50;72;223;10237;53
260;20250316;12;40;79;239;10235;39
260;20250316;13;40;87;235;10232;42
260;20250316;14;40;91;208;10230;40
260;20250316;15;50;86;172;10229;50
260;20250316;16;50;77;121;10228;54
260;20250316;17;50;68;57;10233;57
260;20250316;18;30;66;8;10239;64
260;20250316;19;30;64;0;10245;71
260;20250316;20;20;63;0;10249;76
260;20250316;21;20;59;0;10250;83
260;20250316;22;20;57;0;10253;87
260;20250316;23;20;58;0;10257;88
260;20250316;24;20;60;0;10261;77
260;20250317;1;40;56;0;10263;74
260;20250317;2;40;52;0;10267;71
260;20250317;3;30;46;0;10264;71
260;20250317;4;20;47;0;10268;71
260;20250317;5;30;47;0;10273;78
260;20250317;6;30;45;1;10278;82
260;20250317;7;30;43;24;10284;81
260;20250317;8;40;50;71;10291;75
260;20250317;9;40;64;136;10294;69
260;20250317;10;50;74;183;10297;62
260;20250317;11;60;87;225;10297;51
260;20250317;12;60;92;257;10298;46
260;20250317;13;60;96;226;10295;42
260;20250317;14;60;98;212;10292;40
260;20250317;15;60;95;173;10291;37
260;20250317;16;60;90;121;10290;37
260;20250317;17;50;81;62;10293;39
260;20250317;18;40;66;10;10297;44
260;20250317;19;30;47;0;10301;49
260;20250317;20;30;39;0;10304;49
260;20250317;21;30;34;0;10307;48
260;20250317;22;40;33;0;10308;46
260;20250317;23;40;25;0;10305;48
260;20250317;24;40;16;0;10304;51
260;20250318;1;30;5;0;10305;56
260;20250318;2;30;0;0;10304;56
260;20250318;3;30;-5;0;10301;58
260;20250318;4;20;-12;0;10301;62
260;20250318;5;30;-14;0;10302;63
260;20250318;6;30;-6;1;10303;60
260;20250318;7;40;11;30;10305;54
260;20250318;8;40;38;89;10306;44
260;20250318;9;50;59;147;10305;39
260;20250318;10;60;70;196;10299;33
260;20250318;11;60;83;230;10291;30
260;20250318;12;70;97;245;10284;27
260;20250318;13;70;104;241;10275;23
260;20250318;14;60;110;218;10268;23
260;20250318;15;60;112;178;10262;21
260;20250318;16;70;109;125;10254;23
260;20250318;17;60;100;64;10250;28
260;20250318;18;50;84;11;10250;31
260;20250318;19;40;71;0;10255;35
260;20250318;20;40;59;0;10256;37
260;20250318;21;30;42;0;10255;43
260;20250318;22;20;28;0;10254;48
260;20250318;23;30;25;0;10251;49
260;20250318;24;20;12;0;10251;53
260;20250319;1;20;-15;0;10251;73
260;20250319;2;20;-27;0;10249;82
260;20250319;3;20;-24;0;10248;79
260;20250319;4;20;-28;0;10246;78
260;20250319;5;20;1;0;10246;58
260;20250319;6;20;2;1;10249;58
260;20250319;7;30;31;30;10251;50
260;20250319;8;30;61;88;10252;44
260;20250319;9;30;83;145;10251;39
260;20250319;10;30;109;193;10248;36
260;20250319;11;40;111;226;10248;36
260;20250319;12;40;139;237;10242;36
260;20250319;13;40;141;233;10241;39
260;20250319;14;40;141;211;10241;39
260;20250319;15;40;173;171;10227;38
260;20250319;16;30;170;119;10223;39
260;20250319;17;30;164;60;10222;39
260;20250319;18;20;118;10;10222;54
260;20250319;19;10;82;0;10226;70
260;20250319;20;10;58;0;10228;81
260;20250319;21;20;50;0;10228;83
260;20250319;22;20;43;0;10228;85
260;20250319;23;10;35;0;10226;89
260;20250319;24;10;29;0;10225;88
260;20250320;1;10;28;0;10222;90
260;20250320;2;20;25;0;10219;90
260;20250320;3;20;22;0;10218;91
260;20250320;4;20;28;0;10218;88
260;20250320;5;20;45;0;10219;78
260;20250320;6;20;28;1;10221;86
260;20250320;7;20;68;28;10223;70
260;20250320;8;20;89;83;10224;63
260;20250320;9;20;112;139;10226;60
260;20250320;10;10;145;185;10223;50
260;20250320;11;20;166;216;10219;43
260;20250320;12;20;173;232;10215;40
260;20250320;13;20;180;231;10210;38
260;20250320;14;20;179;203;10207;36
260;20250320;15;20;182;164;10204;37
260;20250320;16;20;179;112;10203;37
260;20250320;17;10;172;55;10201;40
260;20250320;18;10;133;9;10203;54
260;20250320;19;20;130;0;10204;54
260;20250320;20;30;116;0;10204;59
260;20250320;21;20;87;0;10204;69
260;20250320;22;20;73;0;10203;75
260;20250320;23;20;75;0;10197;76
260;20250320;24;20;72;0;10193;78
260;20250321;1;20;68;0;10190;79
260;20250321;2;20;62;0;10185;82
260;20250321;3;20;55;0;10178;84
260;20250321;4;30;60;0;10172;79
260;20250321;5;30;67;0;10171;77
260;20250321;6;30;81;2;10167;70
260;20250321;7;30;91;27;10166;69
260;20250321;8;40;124;83;10161;60
260;20250321;9;50;147;146;10154;54
260;20250321;10;50;172;192;10144;46
260;20250321;11;60;193;225;10136;41
260;20250321;12;80;200;236;10125;38
260;20250321;13;70;211;225;10113;36
260;20250321;14;80;216;197;10103;35
260;20250321;15;80;217;154;10094;33
260;20250321;16;80;214;85;10088;33
260;20250321;17;70;206;38;10085;35
260;20250321;18;50;191;8;10086;38
260;20250321;19;50;180;0;10084;41
260;20250321;20;60;185;0;10081;36
260;20250321;21;50;166;0;10081;44
260;20250321;22;50;169;0;10077;42
260;20250321;23;50;168;0;10073;41
260;20250321;24;50;156;0;10068;46
260;20250322;1;50;153;0;10067;47
260;20250322;2;40;144;0;10064;53
260;20250322;3;40;140;0;10061;54
260;20250322;4;40;136;0;10066;55
260;20250322;5;20;112;0;10061;69
260;20250322;6;30;120;5;10055;61
260;20250322;7;40;125;32;10055;58
260;20250322;8;50;143;63;10050;53
260;20250322;9;40;168;116;10048;44
260;20250322;10;60;168;150;10043;45
260;20250322;11;50;174;191;10039;44
260;20250322;12;50;173;189;10035;45
260;20250322;13;50;182;187;10029;45
260;20250322;14;50;174;132;10026;44
260;20250322;15;50;171;64;10021;45
260;20250322;16;50;172;44;10016;44
260;20250322;17;50;169;35;10016;44
260;20250322;18;40;151;4;10017;50
260;20250322;19;30;141;0;10020;58
260;20250322;20;40;149;0;10020;52
260;20250322;21;50;143;0;10017;60
260;20250322;22;40;124;0;10014;68
260;20250322;23;30;123;0;10012;70
260;20250322;24;40;125;0;10010;61
260;20250323;1;40;115;0;10007;61
260;20250323;2;30;102;0;10005;68
260;20250323;3;30;99;0;10005;71
260;20250323;4;30;111;0;10007;75
260;20250323;5;30;118;0;10009;76
260;20250323;6;30;115;0;10015;80
260;20250323;7;30;110;9;10021;90
260;20250323;8;30;124;56;10027;82
260;20250323;9;30;138;83;10031;79
260;20250323;10;40;143;162;10037;77
260;20250323;11;30;147;91;10040;71
260;20250323;12;30;151;86;10042;68
260;20250323;13;20;164;97;10043;65
260;20250323;14;20;162;117;10044;60
260;20250323;15;20;170;82;10046;55
260;20250323;16;20;164;67;10050;57
260;20250323;17;20;159;22;10056;59
260;20250323;18;20;155;4;10063;60
260;20250323;19;10;140;0;10070;68
260;20250323;20;10;125;0;10078;76
260;20250323;21;20;126;0;10086;81
260;20250323;22;20;121;0;10091;80
260;20250323;23;20;117;0;10095;80
260;20250323;24;20;113;0;10098;85
260;20250324;1;10;86;0;10101;93
260;20250324;2;20;96;0;10103;93
260;20250324;3;20;69;0;10105;98
260;20250324;4;20;65;0;10109;98
260;20250324;5;20;65;0;10113;98
260;20250324;6;10;62;2;10121;98
260;20250324;7;20;91;18;10130;95
260;20250324;8;30;100;99;10137;88
260;20250324;9;30;110;116;10142;83
260;20250324;10;30;113;107;10147;82
260;20250324;11;30;128;223;10152;74
260;20250324;12;30;139;238;10155;69
260;20250324;13;30;143;224;10158;67
260;20250324;14;40;144;202;10159;63
260;20250324;15;40;143;161;10162;61
260;20250324;16;40;127;109;10166;69
260;20250324;17;40;102;53;10172;76
260;20250324;18;40;81;14;10179;82
260;20250324;19;30;74;0;10186;84
260;20250324;20;30;69;0;10193;83
260;20250324;21;30;62;0;10199;84
260;20250324;22;20;61;0;10203;84
260;20250324;23;20;58;0;10202;83
260;20250324;24;20;56;0;10203;84
260;20250325;1;20;58;0;10202;82
260;20250325;2;20;62;0;10202;82
260;20250325;3;20;64;0;10200;81
260;20250325;4;20;65;0;10200;80
260;20250325;5;20;63;0;10200;82
260;20250325;6;20;65;1;10202;83
260;20250325;7;30;68;15;10203;84
260;20250325;8;30;71;43;10203;83
260;20250325;9;30;76;90;10206;80
260;20250325;10;40;83;107;10206;80
260;20250325;11;40;89;85;10206;78
260;20250325;12;40;102;109;10206;73
260;20250325;13;40;120;173;10200;65
260;20250325;14;40;124;140;10198;60
260;20250325;15;40;117;73;10200;61
260;20250325;16;40;93;27;10202;77
260;20250325;17;30;89;13;10205;81
260;20250325;18;20;92;5;10208;78
260;20250325;19;30;89;0;10214;82
260;20250325;20;20;87;0;10217;86
260;20250325;21;20;88;0;10219;87
260;20250325;22;20;89;0;10222;90
260;20250325;23;30;84;0;10224;94
260;20250325;24;20;77;0;10227;93
260;20250326;1;20;72;0;10229;93
260;20250326;2;20;70;0;10229;92
260;20250326;3;20;72;0;10230;91
260;20250326;4;20;73;0;10233;92
260;20250326;5;20;72;0;10236;92
260;20250326;6;20;75;1;10240;89
260;20250326;7;20;79;13;10244;87
260;20250326;8;30;84;28;10248;86
260;20250326;9;30;91;68;10251;80
260;20250326;10;50;90;67;10255;72
260;20250326;11;50;102;89;10254;69
260;20250326;12;50;110;126;10251;65
260;20250326;13;50;114;126;10249;62
260;20250326;14;40;115;122;10245;59
260;20250326;15;50;124;144;10242;57
260;20250326;16;50;109;106;10243;64
260;20250326;17;40;106;34;10245;65
260;20250326;18;30;98;15;10246;72
260;20250326;19;20;92;0;10249;74
260;20250326;20;10;57;0;10249;87
260;20250326;21;10;35;0;10249;95
260;20250326;22;0;27;0;10248;98
260;20250326;23;0;18;0;10248;97
260;20250326;24;0;9;0;10246;98
260;20250327;1;0;3;0;10243;99
260;20250327;2;0;-4;0;10241;99
260;20250327;3;0;-8;0;10239;99
260;20250327;4;10;-10;0;10238;98
260;20250327;5;10;-5;0;10233;96
260;20250327;6;10;-3;4;10233;98
260;20250327;7;10;23;40;10230;97
260;20250327;8;10;61;98;10231;87
260;20250327;9;20;101;168;10227;70
260;20250327;10;20;114;210;10224;64
260;20250327;11;20;123;243;10220;60
260;20250327;12;30;133;251;10212;54
260;20250327;13;20;148;246;10206;49
260;20250327;14;20;152;227;10197;43
260;20250327;15;20;156;189;10190;43
260;20250327;16;30;156;134;10185;46
260;20250327;17;20;148;74;10181;47
260;20250327;18;30;124;18;10181;56
260;20250327;19;10;77;0;10181;79
260;20250327;20;10;63;0;10178;83
260;20250327;21;10;46;0;10175;94
260;20250327;22;10;36;0;10170;94
260;20250327;23;20;29;0;10162;98
260;20250327;24;10;19;0;10155;99
260;20250328;1;20;19;0;10148;98
260;20250328;2;20;12;0;10145;97
260;20250328;3;20;11;0;10137;98
260;20250328;4;10;10;0;10133;97
260;20250328;5;10;11;0;10132;99
260;20250328;6;10;15;5;10130;97
260;20250328;7;20;47;29;10131;95
260;20250328;8;20;64;24;10128;99
260;20250328;9;40;81;50;10128;84
260;20250328;10;40;87;73;10128;78
260;20250328;11;40;97;88;10125;73
260;20250328;12;50;113;192;10117;65
260;20250328;13;50;119;188;10112;65
260;20250328;14;40;112;53;10109;71
260;20250328;15;30;111;44;10105;77
260;20250328;16;30;109;28;10103;80
260;20250328;17;20;100;12;10105;94
260;20250328;18;30;90;2;10111;93
260;20250328;19;20;87;0;10117;91
260;20250328;20;20;81;0;10124;86
260;20250328;21;20;81;0;10128;85
260;20250328;22;20;76;0;10132;91
260;20250328;23;10;73;0;10138;91
260;20250328;24;20;62;0;10140;95
260;20250329;1;10;50;0;10145;96
260;20250329;2;20;47;0;10150;96
260;20250329;3;20;45;0;10154;94
260;20250329;4;10;36;0;10162;96
260;20250329;5;20;40;0;10169;94
260;20250329;6;10;28;4;10179;98
260;20250329;7;20;67;50;10189;89
260;20250329;8;20;86;111;10197;81
260;20250329;9;30;96;165;10202;72
260;20250329;10;30;104;186;10207;65
260;20250329;11;30;107;142;10208;61
260;20250329;12;30;110;142;10211;62
260;20250329;13;40;117;209;10211;58
260;20250329;14;40;115;208;10213;58
260;20250329;15;40;111;204;10210;57
260;20250329;16;30;112;132;10209;59
260;20250329;17;30;100;71;10208;63
260;20250329;18;20;86;14;10207;69
260;20250329;19;20;72;0;10205;74
260;20250329;20;20;69;0;10201;75
260;20250329;21;30;72;0;10194;72
260;20250329;22;40;70;0;10182;72
260;20250329;23;40;74;0;10180;68
260;20250329;24;50;79;0;10167;65
260;20250330;1;60;80;0;10161;68
260;20250330;2;60;73;0;10153;84
260;20250330;3;60;71;0;10144;93
260;20250330;4;60;81;0;10138;95
260;20250330;5;50;93;0;10137;91
260;20250330;6;50;97;2;10136;89
260;20250330;7;50;101;12;10138;86
260;20250330;8;60;107;44;10142;74
260;20250330;9;60;116;106;10148;65
260;20250330;10;70;121;155;10152;60
260;20250330;11;80;119;153;10158;60
260;20250330;12;80;119;151;10162;59
260;20250330;13;80;124;212;10166;58
260;20250330;14;80;121;178;10171;59
260;20250330;15;70;121;156;10176;57
260;20250330;16;60;112;73;10184;62
260;20250330;17;50;106;34;10191;64
260;20250330;18;50;103;9;10196;64
260;20250330;19;50;100;0;10200;67
260;20250330;20;50;96;0;10206;70
260;20250330;21;50;89;0;10211;68
260;20250330;22;50;83;0;10216;71
260;20250330;23;60;79;0;10224;74
260;20250330;24;50;76;0;10228;79
260;20250331;1;40;73;0;10235;82
260;20250331;2;40;72;0;10237;81
260;20250331;3;30;71;0;10240;81
260;20250331;4;30;72;0;10244;81
260;20250331;5;30;73;0;10249;78
260;20250331;6;30;72;5;10257;77
260;20250331;7;30;80;38;10264;73
260;20250331;8;40;85;93;10272;70
260;20250331;9;40;98;153;10276;65
260;20250331;10;50;107;224;10282;58
260;20250331;11;50;103;203;10282;56
260;20250331;12;40;120;218;10283;53
260;20250331;13;50;121;244;10280;51
260;20250331;14;40;119;235;10281;50
260;20250331;15;40;117;198;10281;47
260;20250331;16;40;114;145;10282;50
260;20250331;17;40;106;85;10286;56
260;20250331;18;40;93;26;10290;65
260;20250331;19;30;81;0;10295;73
260;20250331;20;30;72;0;10297;78
260;20250331;21;20;51;0;10297;87
260;20250331;22;20;52;0;10298;87
260;20250331;23;20;48;0;10297;87
260;20250331;24;20;34;0;10294;93
260;20250401;1;10;21;0;10293;97
260;20250401;2;20;20;0;10291;99
260;20250401;3;20;27;0;10288;96
260;20250401;4;30;29;0;10289;97
260;20250401;5;30;23;0;10291;97
260;20250401;6;20;24;7;10293;98
260;20250401;7;20;41;47;10293;94
260;20250401;8;30;59;111;10297;89
260;20250401;9;30;84;176;10297;77
260;20250401;10;30;106;219;10295;65
260;20250401;11;50;113;230;10290;60
260;20250401;12;60;125;246;10283;49
260;20250401;13;60;134;259;10275;45
260;20250401;14;60;135;237;10268;42
260;20250401;15;70;140;196;10263;40
260;20250401;16;70;138;143;10261;38
260;20250401;17;70;135;83;10259;40
260;20250401;18;60;121;27;10260;44
260;20250401;19;40;107;1;10265;49
260;20250401;20;40;100;0;10267;51
260;20250401;21;40;100;0;10268;51
260;20250401;22;40;91;0;10270;54
260;20250401;23;30;81;0;10270;57
260;20250401;24;30;72;0;10269;61
260;20250402;1;40;69;0;10266;63
260;20250402;2;40;66;0;10260;65
260;20250402;3;40;64;0;10260;69
260;20250402;4;40;63;0;10260;71
260;20250402;5;50;63;0;10259;70
260;20250402;6;50;61;11;10263;72
260;20250402;7;50;79;59;10263;66
260;20250402;8;50;98;119;10261;60
260;20250402;9;60;123;174;10257;55
260;20250402;10;60;137;220;10253;52
260;20250402;11;60;150;249;10248;49
260;20250402;12;70;163;265;10238;48
260;20250402;13;80;166;260;10231;43
260;20250402;14;90;171;233;10222;40
260;20250402;15;90;172;197;10216;40
260;20250402;16;90;171;143;10213;38
260;20250402;17;80;164;84;10213;36
260;20250402;18;80;153;29;10214;39
260;20250402;19;60;143;1;10216;43
260;20250402;20;60;139;0;10220;44
260;20250402;21;60;133;0;10225;46
260;20250402;22;60;125;0;10228;53
260;20250402;23;50;121;0;10231;56
260;20250402;24;50;113;0;10233;60
260;20250403;1;50;109;0;10232;62
260;20250403;2;50;102;0;10232;66
260;20250403;3;50;98;0;10232;67
260;20250403;4;60;97;0;10231;66
260;20250403;5;60;90;0;10234;69
260;20250403;6;50;93;11;10238;68
260;20250403;7;50;108;57;10240;64
260;20250403;8;60;133;117;10238;56
260;20250403;9;60;151;174;10240;49
260;20250403;10;60;174;222;10234;42
260;20250403;11;70;176;254;10230;43
260;20250403;12;70;189;265;10225;36
260;20250403;13;70;193;259;10225;35
260;20250403;14;70;195;233;10221;34
260;20250403;15;60;199;195;10218;32
260;20250403;16;60;199;141;10217;33
260;20250403;17;40;193;81;10218;35
260;20250403;18;40;178;26;10217;38
260;20250403;19;30;154;0;10224;43
260;20250403;20;20;121;0;10225;54
260;20250403;21;30;89;0;10224;70
260;20250403;22;30;127;0;10223;50
260;20250403;23;30;111;0;10221;55
260;20250403;24;20;101;0;10220;59
260;20250404;1;20;83;0;10220;67
260;20250404;2;10;58;0;10219;80
260;20250404;3;10;42;0;10217;93
260;20250404;4;20;36;0;10217;91
260;20250404;5;10;27;0;10217;92
260;20250404;6;20;49;12;10220;90
260;20250404;7;10;110;61;10220;61
260;20250404;8;30;143;121;10222;50
260;20250404;9;20;179;177;10219;40
260;20250404;10;40;196;224;10213;37
260;20250404;11;40;207;255;10208;34
260;20250404;12;50;206;269;10204;30
260;20250404;13;40;216;265;10197;28
260;20250404;14;40;221;242;10189;27
260;20250404;15;40;217;198;10184;29
260;20250404;16;50;212;145;10179;30
260;20250404;17;40;204;85;10179;34
260;20250404;18;30;183;27;10179;47
260;20250404;19;40;164;1;10182;55
260;20250404;20;40;148;0;10184;58
260;20250404;21;50;129;0;10184;62
260;20250404;22;40;112;0;10190;62
260;20250404;23;50;100;0;10192;58
260;20250404;24;30;90;0;10189;57
260;20250405;1;30;79;0;10188;62
260;20250405;2;20;68;0;10187;68
260;20250405;3;20;64;0;10187;75
260;20250405;4;30;58;0;10189;85
260;20250405;5;30;54;0;10191;91
260;20250405;6;40;62;13;10196;87
260;20250405;7;50;75;66;10200;78
260;20250405;8;60;93;129;10203;68
260;20250405;9;50;107;186;10204;64
260;20250405;10;40;125;232;10205;58
260;20250405;11;50;139;261;10203;51
260;20250405;12;50;148;275;10202;47
260;20250405;13;50;154;271;10199;36
260;20250405;14;60;156;247;10196;32
260;20250405;15;60;155;205;10191;32
260;20250405;16;70;155;151;10193;32
260;20250405;17;70;144;91;10195;30
260;20250405;18;60;128;32;10197;36
260;20250405;19;60;111;1;10206;53
260;20250405;20;50;101;0;10213;54
260;20250405;21;50;89;0;10220;52
260;20250405;22;40;76;0;10225;54
260;20250405;23;40;67;0;10229;54
260;20250405;24;40;61;0;10232;53
260;20250406;1;40;61;0;10235;49
260;20250406;2;40;55;0;10238;51
260;20250406;3;50;48;0;10241;55
260;20250406;4;50;43;0;10246;57
260;20250406;5;50;37;0;10250;60
260;20250406;6;50;39;16;10254;58
260;20250406;7;60;55;71;10265;51
260;20250406;8;60;69;135;10266;43
260;20250406;9;60;88;193;10266;35
260;20250406;10;60;100;239;10265;33
260;20250406;11;70;104;270;10265;33
260;20250406;12;60;116;282;10263;31
260;20250406;13;60;121;276;10257;34
260;20250406;14;60;121;252;10254;31
260;20250406;15;50;121;211;10247;30
260;20250406;16;50;121;154;10246;31
260;20250406;17;50;114;95;10244;33
260;20250406;18;50;102;33;10245;36
260;20250406;19;40;86;1;10249;40
260;20250406;20;20;69;0;10255;49
260;20250406;21;20;57;0;10256;54
260;20250406;22;30;53;0;10260;57
260;20250406;23;30;47;0;10262;66
260;20250406;24;30;38;0;10264;66
260;20250407;1;30;25;0;10261;71
260;20250407;2;30;22;0;10258;74
260;20250407;3;30;19;0;10258;76
260;20250407;4;30;12;0;10257;80
260;20250407;5;20;10;0;10262;83
260;20250407;6;10;23;16;10269;79
260;20250407;7;20;57;70;10270;64
260;20250407;8;20;85;133;10271;48
260;20250407;9;20;101;190;10274;37
260;20250407;10;30;107;236;10273;35
260;20250407;11;30;120;266;10270;36
260;20250407;12;30;126;278;10267;36
260;20250407;13;20;134;271;10264;36
260;20250407;14;30;140;246;10259;35
260;20250407;15;30;140;204;10256;34
260;20250407;16;40;134;153;10256;33
260;20250407;17;40;126;93;10257;39
260;20250407;18;40;112;34;10261;44
260;20250407;19;30;97;2;10267;52
260;20250407;20;30;89;0;10273;60
260;20250407;21;40;76;0;10274;60
260;20250407;22;40;66;0;10277;63
260;20250407;23;40;59;0;10278;64
260;20250407;24;40;54;0;10279;65
260;20250408;1;30;43;0;10278;70
260;20250408;2;30;35;0;10280;74
260;20250408;3;20;29;0;10278;79
260;20250408;4;20;20;0;10278;86
260;20250408;5;20;23;0;10280;85
260;20250408;6;20;35;18;10282;82
260;20250408;7;20;62;70;10285;72
260;20250408;8;20;96;130;10287;60
260;20250408;9;30;113;188;10286;52
260;20250408;10;20;129;235;10285;46
260;20250408;11;20;139;259;10282;43
260;20250408;12;30;145;268;10278;43
260;20250408;13;30;148;261;10270;39
260;20250408;14;30;154;235;10263;40
260;20250408;15;40;147;181;10257;43
260;20250408;16;40;139;128;10257;41
260;20250408;17;50;123;66;10259;40
260;20250408;18;40;106;18;10258;50
260;20250408;19;30;90;2;10261;71
260;20250408;20;30;79;0;10260;77
260;20250408;21;30;73;0;10261;80
260;20250408;22;30;68;0;10261;80
260;20250408;23;30;58;0;10262;80
260;20250408;24;30;51;0;10260;82
260;20250409;1;20;43;0;10257;85
260;20250409;2;20;43;0;10254;86
260;20250409;3;20;45;0;10252;85
260;20250409;4;20;42;0;10251;88
260;20250409;5;20;33;0;10254;91
260;20250409;6;30;50;10;10259;88
260;20250409;7;30;62;42;10263;84
260;20250409;8;40;72;76;10268;77
260;20250409;9;40;81;189;10272;74
260;20250409;10;40;97;224;10274;67
260;20250409;11;40;111;262;10273;62
260;20250409;12;40;117;275;10271;59
260;20250409;13;40;119;272;10275;58
260;20250409;14;50;110;247;10274;63
260;20250409;15;50;104;210;10275;62
260;20250409;16;50;101;159;10271;62
260;20250409;17;50;92;86;10277;64
260;20250409;18;50;85;36;10281;67
260;20250409;19;40;81;2;10285;68
260;20250409;20;40;79;0;10287;71
260;20250409;21;30;76;0;10290;74
260;20250409;22;40;76;0;10293;74
260;20250409;23;40;77;0;10294;75
260;20250409;24;30;78;0;10291;74
260;20250410;1;30;81;0;10290;76
260;20250410;2;30;82;0;10284;76
260;20250410;3;30;81;0;10287;76
260;20250410;4;40;79;0;10286;76
260;20250410;5;50;77;0;10286;74
260;20250410;6;40;78;5;10290;76
260;20250410;7;30;83;23;10292;75
260;20250410;8;40;88;43;10296;74
260;20250410;9;30;97;90;10297;71
260;20250410;10;40;115;174;10294;64
260;20250410;11;30;118;226;10291;64
260;20250410;12;40;129;267;10288;58
260;20250410;13;40;137;266;10284;55
260;20250410;14;40;143;248;10281;54
260;20250410;15;40;138;209;10275;56
260;20250410;16;40;135;157;10272;59
260;20250410;17;40;129;94;10267;60
260;20250410;18;30;116;35;10266;66
260;20250410;19;30;93;2;10269;76
260;20250410;20;20;78;0;10269;81
260;20250410;21;20;69;0;10266;85
260;20250410;22;20;61;0;10263;89
260;20250410;23;10;46;0;10260;93
260;20250410;24;20;43;0;10254;95
260;20250411;1;10;26;0;10249;98
260;20250411;2;10;20;0;10244;98
260;20250411;3;10;15;0;10239;97
260;20250411;4;10;17;0;10236;98
260;20250411;5;20;54;0;10233;98
260;20250411;6;20;62;12;10232;98
260;20250411;7;20;71;50;10233;94
260;20250411;8;30;102;134;10230;82
260;20250411;9;30;123;190;10227;74
260;20250411;10;30;149;239;10222;63
260;20250411;11;30;163;259;10221;60
260;20250411;12;40;175;274;10215;51
260;20250411;13;40;177;267;10213;49
260;20250411;14;40;179;243;10207;48
260;20250411;15;40;174;198;10204;44
260;20250411;16;30;173;151;10200;49
260;20250411;17;30;164;85;10197;53
260;20250411;18;30;150;36;10192;61
260;20250411;19;20;131;2;10193;70
260;20250411;20;10;94;0;10192;84
260;20250411;21;10;86;0;10189;88
260;20250411;22;10;70;0;10185;95
260;20250411;23;10;66;0;10181;92
260;20250411;24;10;54;0;10173;95
260;20250412;1;10;47;0;10166;97
260;20250412;2;10;41;0;10163;99
260;20250412;3;10;37;0;10159;99
260;20250412;4;10;35;0;10154;99
260;20250412;5;10;33;0;10153;97
260;20250412;6;20;67;22;10151;99
260;20250412;7;20;118;76;10143;78
260;20250412;8;30;156;138;10136;66
260;20250412;9;40;177;193;10126;52
260;20250412;10;60;182;240;10123;51
260;20250412;11;50;194;268;10112;48
260;20250412;12;60;205;280;10101;42
260;20250412;13;60;210;274;10088;39
260;20250412;14;70;220;250;10076;35
260;20250412;15;60;226;209;10062;33
260;20250412;16;60;226;156;10048;33
260;20250412;17;50;222;97;10040;31
260;20250412;18;50;212;39;10034;33
260;20250412;19;40;186;2;10030;38
260;20250412;20;30;174;0;10022;40
260;20250412;21;50;190;0;10016;35
260;20250412;22;40;167;0;10016;46
260;20250412;23;30;166;0;10014;48
260;20250412;24;30;167;0;10011;51
260;20250413;1;30;159;0;10005;54
260;20250413;2;30;147;0;10002;70
260;20250413;3;30;129;0;9998;90
260;20250413;4;30;130;0;9994;94
260;20250413;5;40;131;0;9996;95
260;20250413;6;40;133;5;10002;94
260;20250413;7;40;139;33;10008;91
260;20250413;8;50;146;75;10016;83
260;20250413;9;50;145;67;10024;77
260;20250413;10;60;152;168;10032;71
260;20250413;11;50;156;133;10039;70
260;20250413;12;40;162;201;10043;68
260;20250413;13;50;162;138;10046;66
260;20250413;14;40;164;125;10051;64
260;20250413;15;40;164;144;10051;59
260;20250413;16;40;165;85;10053;57
260;20250413;17;50;150;56;10058;58
260;20250413;18;40;136;15;10065;69
260;20250413;19;20;124;3;10069;72
260;20250413;20;20;110;0;10072;80
260;20250413;21;30;113;0;10074;75
260;20250413;22;30;113;0;10075;72
260;20250413;23;40;108;0;10076;73
260;20250413;24;40;103;0;10078;76
260;20250414;1;30;102;0;10077;78
260;20250414;2;30;104;0;10080;77
260;20250414;3;30;99;0;10078;79
260;20250414;4;30;98;0;10084;83
260;20250414;5;30;91;0;10088;92
260;20250414;6;20;93;15;10092;90
260;20250414;7;30;101;62;10096;85
260;20250414;8;40;103;75;10099;82
260;20250414;9;30;120;174;10097;77
260;20250414;10;30;134;237;10096;70
260;20250414;11;30;144;235;10095;61
260;20250414;12;30;153;267;10091;57
260;20250414;13;30;159;270;10086;49
260;20250414;14;30;163;206;10078;47
260;20250414;15;30;172;196;10072;45
260;20250414;16;30;167;128;10066;46
260;20250414;17;30;166;69;10058;48
260;20250414;18;40;158;37;10051;48
260;20250414;19;30;141;3;10051;56
260;20250414;20;30;130;0;10048;62
260;20250414;21;40;126;0;10045;63
260;20250414;22;30;123;0;10039;65
260;20250414;23;40;118;0;10032;69
260;20250414;24;40;116;0;10023;72
260;20250415;1;40;114;0;10016;75
260;20250415;2;30;111;0;10010;76
260;20250415;3;30;105;0;10002;78
260;20250415;4;30;102;0;9996;80
260;20250415;5;30;105;1;9992;77
260;20250415;6;30;123;27;9986;70
260;20250415;7;40;136;60;9981;66
260;20250415;8;40;170;139;9975;59
260;20250415;9;50;186;204;9974;57
260;20250415;10;50;195;240;9970;56
260;20250415;11;40;209;271;9967;53
260;20250415;12;50;208;205;9966;53
260;20250415;13;50;198;109;9970;56
260;20250415;14;40;187;77;9968;66
260;20250415;15;40;195;99;9969;62
260;20250415;16;50;145;23;9979;93
260;20250415;17;10;146;17;9984;92
260;20250415;18;20;135;12;9992;91
260;20250415;19;10;122;3;9997;95
260;20250415;20;10;111;0;10001;98
260;20250415;21;10;99;0;10007;99
260;20250415;22;10;101;0;10009;99
260;20250415;23;10;94;0;10013;100
260;20250415;24;20;111;0;10020;99
260;20250416;1;30;124;0;10024;89
260;20250416;2;20;119;0;10028;87
260;20250416;3;20;110;0;10033;88
260;20250416;4;20;111;0;10038;80
260;20250416;5;20;109;1;10046;75
260;20250416;6;20;106;11;10056;82
260;20250416;7;20;106;24;10068;83
260;20250416;8;20;108;28;10068;74
260;20250416;9;30;108;45;10081;69
260;20250416;10;30;103;57;10088;78
260;20250416;11;30;105;72;10091;80
260;20250416;12;30;111;115;10096;73
260;20250416;13;30;113;76;10099;73
260;20250416;14;20;119;95;10097;74
260;20250416;15;20;121;71;10101;72
260;20250416;16;20;120;42;10109;70
260;20250416;17;20;117;18;10111;76
260;20250416;18;10;114;8;10110;77
260;20250416;19;10;107;1;10117;83
260;20250416;20;10;100;0;10122;90
260;20250416;21;0;96;0;10126;94
260;20250416;22;10;92;0;10123;95
260;20250416;23;10;91;0;10126;95
260;20250416;24;10;91;0;10123;96
260;20250417;1;0;87;0;10119;95
260;20250417;2;10;88;0;10117;97
260;20250417;3;10;86;0;10119;97
260;20250417;4;10;87;0;10122;96
260;20250417;5;10;86;0;10123;99
260;20250417;6;10;91;6;10124;92
260;20250417;7;10;98;14;10122;87
260;20250417;8;10;107;20;10126;69
260;20250417;9;10;115;47;10129;65
260;20250417;10;20;119;65;10127;63
260;20250417;11;20;123;102;10126;62
260;20250417;12;20;121;50;10125;63
260;20250417;13;20;123;40;10124;65
260;20250417;14;10;124;57;10129;64
260;20250417;15;10;127;58;10130;62
260;20250417;16;20;127;58;10130;62
260;20250417;17;10;119;27;10133;68
260;20250417;18;20;107;6;10141;77
260;20250417;19;20;101;1;10142;80
260;20250417;20;10;99;0;10145;82
260;20250417;21;10;97;0;10143;83
260;20250417;22;10;91;0;10143;86
260;20250417;23;10;94;0;10145;75
260;20250417;24;10;90;0;10145;75
260;20250418;1;10;82;0;10146;84
260;20250418;2;10;78;0;10147;90
260;20250418;3;10;75;0;10147;91
260;20250418;4;10;73;0;10150;93
260;20250418;5;0;71;0;10154;94
260;20250418;6;10;76;5;10154;94
260;20250418;7;10;84;13;10155;88
260;20250418;8;10;94;31;10158;85
260;20250418;9;10;104;73;10159;80
260;20250418;10;10;109;103;10160;76
260;20250418;11;20;120;163;10154;71
260;20250418;12;30;135;332;10147;55
260;20250418;13;30;149;303;10141;45
260;20250418;14;20;150;188;10139;40
260;20250418;15;20;139;124;10136;60
260;20250418;16;30;142;123;10135;63
260;20250418;17;50;129;100;10135;65
260;20250418;18;30;119;30;10135;63
260;20250418;19;30;101;4;10135;64
260;20250418;20;30;89;0;10134;70
260;20250418;21;20;77;0;10132;77
260;20250418;22;20;66;0;10132;82
260;20250418;23;20;61;0;10132;86
260;20250418;24;20;53;0;10128;88
260;20250419;1;20;50;0;10124;90
260;20250419;2;20;49;0;10123;89
260;20250419;3;30;51;0;10121;92
260;20250419;4;30;45;0;10118;95
260;20250419;5;10;34;3;10118;97
260;20250419;6;10;58;32;10118;90
260;20250419;7;20;85;95;10117;82
260;20250419;8;30;100;156;10114;68
260;20250419;9;20;119;211;10112;62
260;20250419;10;30;127;253;10109;56
260;20250419;11;30;136;284;10104;50
260;20250419;12;30;139;227;10101;54
260;20250419;13;40;142;213;10096;53
260;20250419;14;40;149;235;10091;52
260;20250419;15;40;144;165;10087;56
260;20250419;16;40;142;171;10085;57
260;20250419;17;50;135;114;10081;58
260;20250419;18;50;121;50;10078;61
260;20250419;19;30;106;8;10082;71
260;20250419;20;30;95;0;10087;76
260;20250419;21;30;85;0;10085;80
260;20250419;22;30;76;0;10084;81
260;20250419;23;40;68;0;10083;83
260;20250419;24;30;58;0;10078;87
260;20250420;1;20;57;0;10075;87
260;20250420;2;20;53;0;10072;89
260;20250420;3;10;44;0;10072;94
260;20250420;4;20;42;0;10071;94
260;20250420;5;20;37;2;10073;98
260;20250420;6;20;55;36;10074;89
260;20250420;7;20;77;96;10076;81
260;20250420;8;30;96;157;10074;74
260;20250420;9;30;115;212;10073;68
260;20250420;10;30;126;254;10074;64
260;20250420;11;30;138;281;10071;55
260;20250420;12;30;148;292;10070;54
260;20250420;13;30;157;283;10071;54
260;20250420;14;20;162;246;10070;52
260;20250420;15;30;163;210;10067;50
260;20250420;16;30;154;104;10067;51
260;20250420;17;30;143;66;10068;51
260;20250420;18;30;127;18;10069;66
260;20250420;19;40;116;2;10074;72
260;20250420;20;30;113;0;10080;76
260;20250420;21;20;109;0;10080;79
260;20250420;22;10;108;0;10085;81
260;20250420;23;10;100;0;10084;91
260;20250420;24;10;97;0;10081;94
260;20250421;1;20;94;0;10080;96
260;20250421;2;10;93;0;10079;99
260;20250421;3;10;91;0;10079;97
260;20250421;4;20;91;0;10082;98
260;20250421;5;10;92;1;10080;98
260;20250421;6;10;95;3;10084;98
260;20250421;7;10;102;14;10087;98
260;20250421;8;20;112;30;10091;95
260;20250421;9;10;119;55;10094;93
260;20250421;10;10;129;70;10097;89
260;20250421;11;10;138;119;10096;86
260;20250421;12;20;138;77;10097;84
260;20250421;13;20;141;101;10098;84
260;20250421;14;20;135;48;10100;87
260;20250421;15;20;134;20;10102;90
260;20250421;16;10;131;22;10107;91
260;20250421;17;10;120;6;10112;96
260;20250421;18;20;122;9;10113;98
260;20250421;19;10;115;2;10118;98
260;20250421;20;10;109;0;10123;98
260;20250421;21;10;106;0;10126;98
260;20250421;22;10;96;0;10130;97
260;20250421;23;20;101;0;10139;96
260;20250421;24;20;102;0;10140;94
260;20250422;1;20;98;0;10144;93
260;20250422;2;20;98;0;10144;90
260;20250422;3;20;98;0;10145;92
260;20250422;4;20;102;0;10144;91
260;20250422;5;20;105;1;10147;91
260;20250422;6;20;108;5;10151;91
260;20250422;7;30;115;20;10159;90
260;20250422;8;30;125;68;10165;81
260;20250422;9;30;130;109;10168;79
260;20250422;10;40;139;97;10171;75
260;20250422;11;50;141;167;10174;74
260;20250422;12;40;152;271;10175;67
260;20250422;13;40;160;247;10175;61
260;20250422;14;40;159;166;10175;60
260;20250422;15;30;170;127;10174;53
260;20250422;16;30;160;117;10174;52
260;20250422;17;30;154;86;10175;58
260;20250422;18;30;142;36;10176;59
260;20250422;19;10;112;4;10180;80
260;20250422;20;10;92;0;10181;94
260;20250422;21;10;85;0;10181;96
260;20250422;22;0;76;0;10182;98
260;20250422;23;10;72;0;10181;99
260;20250422;24;10;73;0;10178;99
260;20250423;1;10;79;0;10172;97
260;20250423;2;10;86;0;10166;98
260;20250423;3;0;89;0;10162;99
260;20250423;4;10;86;0;10154;99
260;20250423;5;10;89;1;10151;97
260;20250423;6;10;96;14;10148;95
260;20250423;7;10;113;44;10149;86
260;20250423;8;10;136;82;10146;69
260;20250423;9;30;136;92;10144;73
260;20250423;10;30;129;82;10143;77
260;20250423;11;20;129;58;10140;80
260;20250423;12;20;131;63;10139;83
260;20250423;13;10;138;68;10138;79
260;20250423;14;20;141;72;10135;77
260;20250423;15;20;147;106;10131;73
260;20250423;16;30;145;41;10132;72
260;20250423;17;30;143;23;10133;72
260;20250423;18;30;140;13;10133;74
260;20250423;19;20;128;4;10137;83
260;20250423;20;20;128;0;10144;84
260;20250423;21;20;131;0;10148;81
260;20250423;22;30;128;0;10150;80
260;20250423;23;30;121;0;10152;83
260;20250423;24;30;115;0;10154;90
260;20250424;1;30;111;0;10154;97
260;20250424;2;30;109;0;10155;95
260;20250424;3;30;107;0;10155;96
260;20250424;4;20;108;0;10157;96
260;20250424;5;30;108;1;10159;96
260;20250424;6;30;108;4;10164;96
260;20250424;7;30;111;15;10167;95
260;20250424;8;30;112;15;10170;96
260;20250424;9;30;119;43;10172;95
260;20250424;10;30;121;53;10175;93
260;20250424;11;30;122;34;10178;95
260;20250424;12;30;128;76;10180;92
260;20250424;13;40;127;97;10179;90
260;20250424;14;50;116;81;10183;91
260;20250424;15;50;114;64;10183;91
260;20250424;16;40;110;32;10187;89
260;20250424;17;40;112;28;10190;89
260;20250424;18;30;107;18;10195;91
260;20250424;19;40;102;3;10201;88
260;20250424;20;20;99;0;10207;88
260;20250424;21;30;100;0;10211;89
260;20250424;22;20;99;0;10214;88
260;20250424;23;20;97;0;10216;89
260;20250424;24;20;93;0;10216;87
260;20250425;1;30;89;0;10215;89
260;20250425;2;30;87;0;10214;89
260;20250425;3;20;82;0;10214;91
260;20250425;4;10;78;0;10217;95
260;20250425;5;20;86;1;10222;91
260;20250425;6;40;87;17;10225;88
260;20250425;7;40;87;51;10229;86
260;20250425;8;40;93;92;10232;83
260;20250425;9;40;93;122;10236;80
260;20250425;10;40;107;200;10236;75
260;20250425;11;40;117;285;10233;70
260;20250425;12;30;131;301;10229;64
260;20250425;13;30;134;296;10228;64
260;20250425;14;30;142;268;10227;61
260;20250425;15;30;140;232;10225;60
260;20250425;16;30;137;181;10225;63
260;20250425;17;30;132;113;10223;64
260;20250425;18;30;120;58;10225;69
260;20250425;19;20;100;10;10228;79
260;20250425;20;10;82;0;10233;93
260;20250425;21;10;72;0;10232;97
260;20250425;22;10;61;0;10234;98
260;20250425;23;20;67;0;10235;97
260;20250425;24;30;66;0;10235;96
260;20250426;1;20;63;0;10233;96
260;20250426;2;20;61;0;10229;97
260;20250426;3;20;58;0;10226;97
260;20250426;4;20;55;0;10227;98
260;20250426;5;20;58;4;10230;98
260;20250426;6;20;64;22;10232;99
260;20250426;7;20;70;49;10235;99
260;20250426;8;30;80;72;10236;98
260;20250426;9;20;113;179;10236;85
260;20250426;10;20;138;267;10233;75
260;20250426;11;30;154;296;10230;62
260;20250426;12;40;163;312;10227;53
260;20250426;13;40;172;304;10226;46
260;20250426;14;30;180;273;10223;50
260;20250426;15;30;173;216;10220;50
260;20250426;16;20;170;105;10219;50
260;20250426;17;30;170;85;10220;50
260;20250426;18;20;172;60;10223;47
260;20250426;19;20;150;12;10226;65
260;20250426;20;30;134;0;10230;72
260;20250426;21;20;120;0;10232;78
260;20250426;22;10;85;0;10233;93
260;20250426;23;10;74;0;10233;98
260;20250426;24;10;70;0;10234;97
260;20250427;1;10;60;0;10235;99
260;20250427;2;10;52;0;10235;99
260;20250427;3;10;46;0;10236;99
260;20250427;4;10;41;0;10239;99
260;20250427;5;10;50;6;10240;99
260;20250427;6;10;98;47;10244;77
260;20250427;7;10;131;107;10247;66
260;20250427;8;10;153;168;10250;54
260;20250427;9;10;172;222;10253;44
260;20250427;10;20;184;265;10253;48
260;20250427;11;30;183;294;10251;41
260;20250427;12;30;197;306;10252;47
260;20250427;13;20;195;298;10252;38
260;20250427;14;30;199;274;10251;36
260;20250427;15;30;196;234;10249;38
260;20250427;16;30;195;182;10250;38
260;20250427;17;30;187;123;10251;40
260;20250427;18;30;182;61;10254;41
260;20250427;19;20;145;11;10258;58
260;20250427;20;20;120;0;10264;70
260;20250427;21;10;92;0;10266;88
260;20250427;22;10;77;0;10268;93
260;20250427;23;10;68;0;10269;97
260;20250427;24;10;63;0;10268;96
260;20250428;1;10;52;0;10266;98
260;20250428;2;10;50;0;10265;98
260;20250428;3;10;42;0;10265;97
260;20250428;4;10;41;0;10267;97
260;20250428;5;10;54;7;10269;100
260;20250428;6;10;95;49;10273;90
260;20250428;7;10;136;107;10276;62
260;20250428;8;10;163;169;10278;52
260;20250428;9;10;178;225;10278;48
260;20250428;10;20;187;264;10278;37
260;20250428;11;30;195;290;10274;48
260;20250428;12;40;198;305;10272;41
260;20250428;13;30;202;295;10270;39
260;20250428;14;40;207;275;10268;35
260;20250428;15;40;208;226;10267;34
260;20250428;16;40;200;181;10267;32
260;20250428;17;40;196;130;10265;37
260;20250428;18;40;188;72;10265;41
260;20250428;19;30;168;13;10268;51
260;20250428;20;10;120;0;10272;78
260;20250428;21;20;106;0;10273;85
260;20250428;22;10;87;0;10274;94
260;20250428;23;10;79;0;10275;94
260;20250428;24;10;72;0;10274;97
260;20250429;1;10;67;0;10274;97
260;20250429;2;10;59;0;10272;97
260;20250429;3;10;61;0;10273;96
260;20250429;4;10;56;0;10272;98
260;20250429;5;10;63;7;10275;98
260;20250429;6;10;111;50;10279;86
260;20250429;7;20;132;106;10282;80
260;20250429;8;20;160;165;10280;64
260;20250429;9;20;176;219;10279;56
260;20250429;10;10;196;262;10277;51
260;20250429;11;20;204;294;10273;49
260;20250429;12;20;215;303;10268;42
260;20250429;13;20;217;295;10264;49
260;20250429;14;30;217;271;10259;47
260;20250429;15;40;220;231;10254;46
260;20250429;16;40;211;180;10252;48
260;20250429;17;40;202;123;10249;54
260;20250429;18;40;193;60;10247;60
260;20250429;19;30;177;12;10250;69
260;20250429;20;30;160;0;10252;75
260;20250429;21;20;147;0;10252;83
260;20250429;22;20;140;0;10253;84
260;20250429;23;30;132;0;10253;86
260;20250429;24;20;116;0;10252;92
260;20250430;1;10;105;0;10250;94
260;20250430;2;10;97;0;10247;96
260;20250430;3;10;100;0;10245;96
260;20250430;4;10;82;0;10245;98
260;20250430;5;10;101;11;10244;97
260;20250430;6;10;131;58;10244;86
260;20250430;7;10;160;111;10245;76
260;20250430;8;10;188;173;10242;63
260;20250430;9;10;209;224;10241;55
260;20250430;10;20;220;263;10240;47
260;20250430;11;20;226;292;10236;43
260;20250430;12;20;238;301;10232;38
260;20250430;13;10;244;296;10229;33
260;20250430;14;30;245;267;10223;43
260;20250430;15;30;243;226;10217;45
260;20250430;16;40;234;175;10213;48
260;20250430;17;30;231;118;10211;48
260;20250430;18;30;222;61;10210;50
260;20250430;19;20;199;15;10213;58
260;20250430;20;20;175;0;10213;72
260;20250430;21;10;135;0;10211;90
260;20250430;22;10;120;0;10211;95
260;20250430;23;10;110;0;10210;97
260;20250430;24;0;100;0;10208;99
260;20250501;1;10;94;0;10207;99
260;20250501;2;0;88;0;10204;99
260;20250501;3;10;86;0;10202;99
260;20250501;4;10;82;0;10200;99
260;20250501;5;10;95;9;10199;99
260;20250501;6;10;138;52;10200;86
260;20250501;7;10;187;113;10198;68
260;20250501;8;20;214;175;10195;59
260;20250501;9;20;228;228;10194;51
260;20250501;10;20;242;270;10189;39
260;20250501;11;20;251;297;10186;34
260;20250501;12;20;262;307;10180;36
260;20250501;13;30;265;300;10177;29
260;20250501;14;30;274;272;10168;30
260;20250501;15;30;264;214;10162;29
260;20250501;16;30;268;161;10158;31
260;20250501;17;20;262;119;10154;33
260;20250501;18;20;247;53;10150;40
260;20250501;19;10;195;8;10150;67
260;20250501;20;20;163;0;10153;86
260;20250501;21;10;151;0;10153;89
260;20250501;22;10;146;0;10151;91
260;20250501;23;0;135;0;10152;96
260;20250501;24;0;127;0;10149;98
260;20250502;1;10;128;0;10146;97
260;20250502;2;10;118;0;10142;99
260;20250502;3;10;111;0;10139;99
260;20250502;4;10;112;0;10138;98
260;20250502;5;10;122;9;10137;98
260;20250502;6;20;164;49;10143;77
260;20250502;7;10;198;100;10141;60
260;20250502;8;20;215;178;10140;41
260;20250502;9;10;235;173;10134;41
260;20250502;10;10;247;201;10135;38
260;20250502;11;20;247;216;10141;40
260;20250502;12;40;251;237;10140;38
260;20250502;13;40;237;270;10141;52
260;20250502;14;40;233;259;10139;55
260;20250502;15;40;231;219;10135;52
260;20250502;16;40;221;171;10140;53
260;20250502;17;30;215;114;10142;55
260;20250502;18;30;192;47;10143;60
260;20250502;19;40;174;15;10144;72
260;20250502;20;30;160;0;10150;79
260;20250502;21;30;148;0;10149;84
260;20250502;22;30;135;0;10150;80
260;20250502;23;30;121;0;10153;77
260;20250502;24;30;110;0;10152;79
260;20250503;1;20;99;0;10153;81
260;20250503;2;20;93;0;10146;81
260;20250503;3;20;88;0;10142;83
260;20250503;4;20;84;0;10137;85
260;20250503;5;20;88;11;10132;85
260;20250503;6;20;101;54;10134;79
260;20250503;7;20;124;109;10126;62
260;20250503;8;30;142;174;10120;55
260;20250503;9;30;147;193;10116;58
260;20250503;10;20;160;265;10114;51
260;20250503;11;20;177;298;10107;49
260;20250503;12;40;174;289;10105;53
260;20250503;13;40;173;301;10104;51
260;20250503;14;40;172;231;10101;49
260;20250503;15;40;178;188;10097;42
260;20250503;16;50;160;183;10101;50
260;20250503;17;50;146;93;10104;57
260;20250503;18;40;130;51;10107;69
260;20250503;19;50;114;12;10114;70
260;20250503;20;40;102;0;10122;69
260;20250503;21;40;96;0;10126;71
260;20250503;22;30;97;0;10129;74
260;20250503;23;30;96;0;10130;75
260;20250503;24;20;92;0;10131;77
260;20250504;1;20;98;0;10133;77
260;20250504;2;20;99;0;10133;78
260;20250504;3;30;102;0;10131;74
260;20250504;4;40;100;0;10132;76
260;20250504;5;40;95;5;10136;75
260;20250504;6;30;100;28;10139;68
260;20250504;7;40;102;60;10142;65
260;20250504;8;40;106;101;10146;64
260;20250504;9;40;115;188;10146;59
260;20250504;10;40;123;190;10147;50
260;20250504;11;40;114;123;10149;62
260;20250504;12;50;128;208;10149;56
260;20250504;13;50;128;287;10151;54
260;20250504;14;50;122;207;10151;52
260;20250504;15;50;118;140;10151;55
260;20250504;16;40;113;72;10153;54
260;20250504;17;50;109;54;10153;56
260;20250504;18;40;102;26;10158;61
260;20250504;19;40;95;16;10159;64
260;20250504;20;30;82;0;10161;72
260;20250504;21;20;73;0;10162;75
260;20250504;22;20;65;0;10165;78
260;20250504;23;20;54;0;10166;85
260;20250504;24;10;51;0;10165;83
260;20250505;1;10;28;0;10167;95
260;20250505;2;0;17;0;10168;98
260;20250505;3;0;26;0;10170;96
260;20250505;4;10;28;0;10170;99
260;20250505;5;10;33;12;10174;96
260;20250505;6;10;77;59;10178;79
260;20250505;7;30;94;120;10183;69
260;20250505;8;50;97;125;10187;69
260;20250505;9;40;97;69;10193;70
260;20250505;10;40;110;129;10195;60
260;20250505;11;60;131;296;10192;50
260;20250505;12;50;135;229;10190;44
260;20250505;13;50;143;248;10190;40
260;20250505;14;40;144;243;10189;38
260;20250505;15;50;141;182;10186;38
260;20250505;16;60;141;174;10186;38
260;20250505;17;60;135;136;10191;41
260;20250505;18;70;121;74;10197;45
260;20250505;19;50;106;21;10203;49
260;20250505;20;40;95;0;10210;53
260;20250505;21;40;86;0;10214;58
260;20250505;22;30;79;0;10217;64
260;20250505;23;30;71;0;10217;69
260;20250505;24;20;65;0;10217;72
260;20250506;1;20;63;0;10217;78
260;20250506;2;30;67;0;10218;81
260;20250506;3;40;73;0;10219;78
260;20250506;4;30;68;0;10219;78
260;20250506;5;30;66;9;10223;79
260;20250506;6;30;83;63;10225;69
260;20250506;7;30;96;123;10228;64
260;20250506;8;40;108;178;10228;60
260;20250506;9;50;126;231;10228;54
260;20250506;10;40;121;171;10228;58
260;20250506;11;40;113;92;10227;67
260;20250506;12;40;131;166;10221;62
260;20250506;13;40;125;95;10218;70
260;20250506;14;50;129;102;10217;63
260;20250506;15;50;129;99;10216;66
260;20250506;16;50;121;45;10220;70
260;20250506;17;50;111;22;10222;76
260;20250506;18;40;111;12;10221;70
260;20250506;19;40;109;3;10222;73
260;20250506;20;30;104;0;10224;80
260;20250506;21;20;101;0;10223;84
260;20250506;22;30;100;0;10225;72
260;20250506;23;40;94;0;10227;70
260;20250506;24;30;85;0;10226;73
260;20250507;1;20;74;0;10224;77
260;20250507;2;20;73;0;10222;76
260;20250507;3;10;58;0;10221;89
260;20250507;4;10;72;0;10220;83
260;20250507;5;20;81;10;10220;76
260;20250507;6;20;89;50;10224;77
260;20250507;7;30;98;99;10223;75
260;20250507;8;40;108;89;10223;71
260;20250507;9;40;120;180;10221;67
260;20250507;10;50;123;212;10220;65
260;20250507;11;40;127;241;10217;65
260;20250507;12;40;134;199;10213;62
260;20250507;13;30;146;232;10208;52
260;20250507;14;30;157;219;10201;49
260;20250507;15;40;155;140;10199;55
260;20250507;16;50;152;166;10198;59
260;20250507;17;50;137;61;10197;67
260;20250507;18;40;127;31;10198;71
260;20250507;19;40;117;14;10200;74
260;20250507;20;30;110;1;10200;78
260;20250507;21;30;104;0;10202;82
260;20250507;22;30;99;0;10202;85
260;20250507;23;30;97;0;10202;86
260;20250507;24;30;91;0;10198;85
260;20250508;1;30;82;0;10194;89
260;20250508;2;20;76;0;10193;91
260;20250508;3;20;70;0;10190;93
260;20250508;4;10;58;0;10189;96
260;20250508;5;10;70;16;10191;95
260;20250508;6;20;96;60;10193;84
260;20250508;7;30;114;118;10193;76
260;20250508;8;20;134;184;10193;62
260;20250508;9;20;141;159;10194;56
260;20250508;10;20;154;272;10191;45
260;20250508;11;30;175;318;10187;36
260;20250508;12;30;174;189;10185;37
260;20250508;13;40;176;239;10183;34
260;20250508;14;40;168;132;10181;37
260;20250508;15;40;167;125;10180;37
260;20250508;16;40;168;109;10180;36
260;20250508;17;40;163;75;10182;36
260;20250508;18;40;157;29;10183;37
260;20250508;19;30;147;11;10183;39
260;20250508;20;20;119;1;10191;50
260;20250508;21;30;111;0;10198;50
260;20250508;22;20;95;0;10200;56
260;20250508;23;20;77;0;10202;65
260;20250508;24;30;72;0;10203;65
260;20250509;1;20;65;0;10204;69
260;20250509;2;20;42;0;10206;82
260;20250509;3;10;30;0;10207;88
260;20250509;4;10;21;0;10209;92
260;20250509;5;20;64;17;10213;78
260;20250509;6;20;95;67;10216;70
260;20250509;7;20;128;128;10219;57
260;20250509;8;20;156;187;10221;42
260;20250509;9;50;168;242;10221;39
260;20250509;10;50;174;284;10218;35
260;20250509;11;50;179;272;10216;32
260;20250509;12;40;185;337;10214;31
260;20250509;13;40;194;280;10209;33
260;20250509;14;50;198;222;10206;32
260;20250509;15;50;193;190;10204;34
260;20250509;16;50;183;139;10202;36
260;20250509;17;40;185;111;10200;36
260;20250509;18;40;181;74;10200;36
260;20250509;19;20;165;23;10203;42
260;20250509;20;30;147;1;10210;59
260;20250509;21;40;141;0;10216;57
260;20250509;22;40;125;0;10219;59
260;20250509;23;40;110;0;10220;64
260;20250509;24;30;96;0;10218;70
260;20250510;1;20;83;0;10219;76
260;20250510;2;10;61;0;10217;85
260;20250510;3;10;51;0;10218;88
260;20250510;4;10;55;0;10217;88
260;20250510;5;20;77;17;10217;79
260;20250510;6;20;111;67;10220;66
260;20250510;7;20;141;128;10218;57
260;20250510;8;20;167;188;10217;45
260;20250510;9;20;186;241;10214;36
260;20250510;10;30;197;284;10211;33
260;20250510;11;40;205;309;10205;34
260;20250510;12;30;211;314;10198;31
260;20250510;13;40;215;309;10192;31
260;20250510;14;40;220;287;10184;33
260;20250510;15;50;218;247;10180;30
260;20250510;16;50;218;198;10176;30
260;20250510;17;40;213;136;10173;30
260;20250510;18;50;204;82;10171;33
260;20250510;19;30;184;26;10172;39
260;20250510;20;30;168;1;10176;45
260;20250510;21;40;154;0;10177;50
260;20250510;22;30;139;0;10176;57
260;20250510;23;30;135;0;10175;58
260;20250510;24;30;127;0;10175;62
260;20250511;1;30;117;0;10173;68
260;20250511;2;30;110;0;10170;71
260;20250511;3;20;103;0;10165;76
260;20250511;4;20;97;0;10161;79
260;20250511;5;20;113;18;10160;75
260;20250511;6;20;139;68;10158;66
260;20250511;7;30;164;128;10155;56
260;20250511;8;30;186;189;10153;49
260;20250511;9;40;206;241;10150;36
260;20250511;10;50;211;285;10146;34
260;20250511;11;60;219;311;10141;31
260;20250511;12;60;231;322;10137;27
260;20250511;13;60;238;314;10132;26
260;20250511;14;60;244;290;10128;27
260;20250511;15;50;242;250;10122;26
260;20250511;16;40;245;199;10119;27
260;20250511;17;40;237;138;10115;31
260;20250511;18;40;229;77;10113;33
260;20250511;19;30;205;25;10113;40
260;20250511;20;30;187;1;10117;48
260;20250511;21;30;171;0;10119;54
260;20250511;22;30;164;0;10121;56
260;20250511;23;30;154;0;10121;60
260;20250511;24;30;151;0;10121;60
260;20250512;1;30;144;0;10122;62
260;20250512;2;30;135;0;10123;65
260;20250512;3;30;128;0;10123;67
260;20250512;4;20;113;0;10124;74
260;20250512;5;20;131;18;10127;67
260;20250512;6;30;153;68;10129;57
260;20250512;7;40;174;128;10132;52
260;20250512;8;40;195;188;10134;44
260;20250512;9;40;207;241;10136;41
260;20250512;10;50;218;282;10136;39
260;20250512;11;50;228;308;10134;36
260;20250512;12;60;233;319;10134;31
260;20250512;13;50;237;312;10133;31
260;20250512;14;50;236;287;10132;30
260;20250512;15;50;236;249;10131;29
260;20250512;16;50;234;199;10131;28
260;20250512;17;50;226;142;10131;27
260;20250512;18;50;215;82;10135;32
260;20250512;19;50;196;29;10141;38
260;20250512;20;30;174;1;10149;44
260;20250512;21;30;161;0;10154;46
260;20250512;22;40;159;0;10157;42
260;20250512;23;40;148;0;10161;45
260;20250512;24;40;141;0;10163;48
260;20250513;1;40;130;0;10168;52
260;20250513;2;40;127;0;10171;53
260;20250513;3;30;116;0;10175;57
260;20250513;4;30;107;0;10175;60
260;20250513;5;40;116;21;10182;59
260;20250513;6;40;133;71;10185;53
260;20250513;7;50;157;135;10188;43
260;20250513;8;50;178;195;10190;36
260;20250513;9;60;188;250;10189;32
260;20250513;10;70;197;292;10190;28
260;20250513;11;60;211;320;10189;29
260;20250513;12;50;214;328;10187;26
260;20250513;13;50;220;320;10184;26
260;20250513;14;40;225;294;10181;21
260;20250513;15;40;225;255;10177;21
260;20250513;16;40;225;203;10175;22
260;20250513;17;40;223;142;10173;24
260;20250513;18;40;212;81;10174;25
260;20250513;19;30;193;28;10177;31
260;20250513;20;20;137;1;10179;63
260;20250513;21;20;157;0;10183;57
260;20250513;22;30;145;0;10187;64
260;20250513;23;40;134;0;10190;67
260;20250513;24;30;122;0;10189;68
260;20250514;1;20;111;0;10189;71
260;20250514;2;20;102;0;10190;75
260;20250514;3;20;101;0;10191;76
260;20250514;4;20;97;0;10192;82
260;20250514;5;20;100;12;10193;82
260;20250514;6;20;122;57;10193;76
260;20250514;7;20;138;102;10195;67
260;20250514;8;30;153;136;10197;64
260;20250514;9;40;169;176;10198;51
260;20250514;10;40;187;235;10198;43
260;20250514;11;40;198;284;10196;42
260;20250514;12;50;199;324;10196;40
260;20250514;13;50;194;317;10193;46
260;20250514;14;40;199;291;10191;48
260;20250514;15;50;193;250;10190;47
260;20250514;16;50;171;198;10192;58
260;20250514;17;50;167;143;10190;50
260;20250514;18;50;148;80;10190;61
260;20250514;19;40;129;25;10191;65
260;20250514;20;30;114;2;10193;73
260;20250514;21;30;105;0;10195;76
260;20250514;22;30;102;0;10194;74
260;20250514;23;30;107;0;10192;73
260;20250514;24;30;113;0;10190;74
260;20250515;1;30;114;0;10186;77
260;20250515;2;30;114;0;10186;79
260;20250515;3;30;114;0;10183;80
260;20250515;4;40;113;0;10186;80
260;20250515;5;40;113;5;10189;80
260;20250515;6;30;119;17;10192;80
260;20250515;7;40;132;76;10196;69
260;20250515;8;40;143;160;10200;64
260;20250515;9;40;159;245;10203;47
260;20250515;10;30;172;287;10201;46
260;20250515;11;30;183;305;10203;40
260;20250515;12;50;177;320;10208;40
260;20250515;13;50;189;320;10208;35
260;20250515;14;60;187;289;10207;32
260;20250515;15;50;183;257;10210;34
260;20250515;16;60;177;206;10212;35
260;20250515;17;60;168;147;10214;39
260;20250515;18;60;156;86;10219;45
260;20250515;19;50;137;32;10226;51
260;20250515;20;40;123;2;10231;57
260;20250515;21;30;112;0;10237;64
260;20250515;22;30;94;0;10239;74
260;20250515;23;30;96;0;10239;78
260;20250515;24;30;90;0;10237;82
260;20250516;1;10;63;0;10238;94
260;20250516;2;10;48;0;10235;94
260;20250516;3;10;36;0;10234;97
260;20250516;4;10;36;1;10232;97
260;20250516;5;10;73;22;10231;96
260;20250516;6;20;112;80;10229;81
260;20250516;7;40;122;122;10227;69
260;20250516;8;30;130;139;10224;65
260;20250516;9;30;140;217;10225;60
260;20250516;10;30;153;254;10223;54
260;20250516;11;40;158;316;10219;52
260;20250516;12;40;165;315;10216;54
260;20250516;13;40;174;325;10213;52
260;20250516;14;50;160;303;10209;56
260;20250516;15;60;143;244;10209;61
260;20250516;16;50;136;104;10205;64
260;20250516;17;50;126;33;10204;70
260;20250516;18;40;126;24;10202;71
260;20250516;19;40;124;13;10202;71
260;20250516;20;30;122;1;10203;73
260;20250516;21;30;116;0;10202;76
260;20250516;22;20;100;0;10203;84
260;20250516;23;20;99;0;10202;88
260;20250516;24;10;81;0;10200;95
260;20250517;1;10;68;0;10198;98
260;20250517;2;10;58;0;10196;97
260;20250517;3;10;53;0;10198;99
260;20250517;4;10;56;1;10198;98
260;20250517;5;20;99;25;10199;97
260;20250517;6;20;124;86;10201;85
260;20250517;7;30;140;132;10201;73
260;20250517;8;40;152;211;10199;66
260;20250517;9;40;157;186;10200;64
260;20250517;10;50;156;261;10199;61
260;20250517;11;50;170;270;10197;49
260;20250517;12;50;171;326;10194;45
260;20250517;13;40;185;320;10191;40
260;20250517;14;50;182;286;10187;48
260;20250517;15;50;176;254;10187;52
260;20250517;16;50;159;204;10186;58
260;20250517;17;50;146;145;10186;65
260;20250517;18;40;132;80;10185;69
260;20250517;19;30;116;21;10182;73
260;20250517;20;30;116;1;10182;78
260;20250517;21;30;120;0;10181;78
260;20250517;22;30;121;0;10178;78
260;20250517;23;30;117;0;10177;81
260;20250517;24;30;117;0;10177;82
260;20250518;1;30;116;0;10174;80
260;20250518;2;20;114;0;10173;81
260;20250518;3;20;114;0;10170;78
260;20250518;4;20;111;1;10170;83
260;20250518;5;20;113;8;10174;79
260;20250518;6;30;114;20;10177;74
260;20250518;7;20;121;53;10175;72
260;20250518;8;20;131;117;10178;74
260;20250518;9;20;148;158;10180;69
260;20250518;10;30;151;239;10179;65
260;20250518;11;20;160;183;10176;60
260;20250518;12;20;176;147;10175;55
260;20250518;13;30;173;194;10172;52
260;20250518;14;20;179;109;10172;46
260;20250518;15;20;176;56;10171;47
260;20250518;16;20;166;30;10171;65
260;20250518;17;10;172;58;10172;58
260;20250518;18;30;165;44;10176;50
260;20250518;19;30;154;30;10181;51
260;20250518;20;20;131;1;10187;68
260;20250518;21;20;114;0;10190;81
260;20250518;22;20;102;0;10192;89
260;20250518;23;10;79;0;10195;96
260;20250518;24;10;72;0;10196;98
260;20250519;1;10;58;0;10198;95
260;20250519;2;10;51;0;10199;97
260;20250519;3;10;44;0;10200;98
260;20250519;4;10;40;1;10203;96
260;20250519;5;10;71;25;10206;98
260;20250519;6;10;87;47;10207;99
260;20250519;7;20;112;131;10209;87
260;20250519;8;20;139;199;10212;67
260;20250519;9;20;161;252;10212;49
260;20250519;10;20;173;294;10210;39
260;20250519;11;20;188;320;10207;34
260;20250519;12;30;198;328;10202;33
260;20250519;13;30;206;318;10196;37
260;20250519;14;40;196;244;10192;43
260;20250519;15;40;204;240;10191;44
260;20250519;16;50;202;173;10190;47
260;20250519;17;60;198;148;10185;48
260;20250519;18;50;193;86;10188;49
260;20250519;19;40;180;33;10188;55
260;20250519;20;30;167;3;10193;57
260;20250519;21;30;155;0;10197;59
260;20250519;22;20;138;0;10198;67
260;20250519;23;20;129;0;10195;71
260;20250519;24;20;96;0;10195;88
260;20250520;1;10;85;0;10196;91
260;20250520;2;10;80;0;10194;94
260;20250520;3;10;70;0;10191;95
260;20250520;4;10;66;1;10190;96
260;20250520;5;10;102;25;10191;83
260;20250520;6;10;133;76;10192;63
260;20250520;7;20;156;137;10193;45
260;20250520;8;20;178;195;10193;36
260;20250520;9;30;187;248;10193;50
260;20250520;10;30;192;290;10192;30
260;20250520;11;30;196;314;10189;32
260;20250520;12;40;209;324;10185;33
260;20250520;13;30;208;324;10182;36
260;20250520;14;40;210;296;10179;40
260;20250520;15;40;206;258;10179;42
260;20250520;16;50;198;207;10178;41
260;20250520;17;40;185;150;10176;43
260;20250520;18;40;175;93;10177;57
260;20250520;19;30;158;36;10175;69
260;20250520;20;20;141;3;10177;72
260;20250520;21;10;120;0;10178;83
260;20250520;22;10;101;0;10177;91
260;20250520;23;20;98;0;10175;93
260;20250520;24;10;85;0;10171;97
260;20250521;1;10;76;0;10166;97
260;20250521;2;10;63;0;10162;99
260;20250521;3;10;61;0;10158;99
260;20250521;4;20;96;2;10157;98
260;20250521;5;20;103;19;10155;97
260;20250521;6;20;125;71;10155;86
260;20250521;7;30;147;133;10152;70
260;20250521;8;30;157;172;10153;63
260;20250521;9;30;167;177;10149;53
260;20250521;10;40;173;238;10148;52
260;20250521;11;40;176;255;10146;52
260;20250521;12;40;179;261;10144;60
260;20250521;13;40;161;192;10144;62
260;20250521;14;40;158;211;10143;61
260;20250521;15;40;150;159;10140;60
260;20250521;16;40;145;151;10138;58
260;20250521;17;40;132;77;10137;60
260;20250521;18;40;130;47;10137;60
260;20250521;19;30;123;27;10139;63
260;20250521;20;30;110;3;10144;66
260;20250521;21;30;115;0;10143;65
260;20250521;22;30;106;0;10142;71
260;20250521;23;30;102;0;10143;76
260;20250521;24;30;97;0;10144;79
260;20250522;1;30;93;0;10144;80
260;20250522;2;20;90;0;10143;80
260;20250522;3;10;89;0;10141;83
260;20250522;4;10;97;1;10141;79
260;20250522;5;20;108;15;10142;68
260;20250522;6;40;108;40;10150;63
260;20250522;7;50;119;127;10154;56
260;20250522;8;50;126;195;10156;47
260;20250522;9;50;130;247;10156;43
260;20250522;10;50;131;237;10160;45
260;20250522;11;50;136;249;10161;41
260;20250522;12;50;135;239;10163;47
260;20250522;13;60;138;332;10164;42
260;20250522;14;50;137;262;10164;40
260;20250522;15;60;134;227;10166;45
260;20250522;16;60;133;204;10169;45
260;20250522;17;50;123;111;10172;52
260;20250522;18;40;122;88;10173;52
260;20250522;19;40;109;20;10176;58
260;20250522;20;30;98;2;10180;66
260;20250522;21;20;87;0;10178;69
260;20250522;22;20;90;0;10176;67
260;20250522;23;20;80;0;10173;69
260;20250522;24;20;81;0;10172;74
260;20250523;1;30;80;0;10170;74
260;20250523;2;20;73;0;10168;85
260;20250523;3;20;74;0;10164;84
260;20250523;4;20;73;1;10164;84
260;20250523;5;20;79;22;10165;84
260;20250523;6;20;94;60;10168;81
260;20250523;7;20;106;97;10168;72
260;20250523;8;40;98;89;10171;70
260;20250523;9;40;117;194;10170;61
260;20250523;10;40;114;175;10173;72
260;20250523;11;40;99;145;10175;79
260;20250523;12;40;124;156;10174;68
260;20250523;13;50;118;165;10177;64
260;20250523;14;50;129;147;10177;54
260;20250523;15;50;122;123;10179;60
260;20250523;16;50;131;141;10178;54
260;20250523;17;40;122;123;10179;58
260;20250523;18;40;122;75;10180;51
260;20250523;19;30;111;40;10183;60
260;20250523;20;30;100;4;10186;63
260;20250523;21;20;75;0;10185;77
260;20250523;22;20;54;0;10180;88
260;20250523;23;10;40;0;10176;96
260;20250523;24;20;48;0;10170;94
260;20250524;1;20;76;0;10162;83
260;20250524;2;40;78;0;10154;82
260;20250524;3;30;83;0;10147;79
260;20250524;4;30;91;3;10142;71
260;20250524;5;30;100;21;10137;67
260;20250524;6;40;107;32;10135;64
260;20250524;7;40;119;52;10133;64
260;20250524;8;50;135;83;10132;65
260;20250524;9;50;137;92;10133;70
260;20250524;10;40;147;109;10132;69
260;20250524;11;50;131;87;10129;85
260;20250524;12;40;130;90;10126;86
260;20250524;13;50;122;45;10124;92
260;20250524;14;50;123;36;10117;94
260;20250524;15;50;128;32;10113;96
260;20250524;16;40;133;34;10110;96
260;20250524;17;40;137;17;10108;98
260;20250524;18;30;143;14;10106;97
260;20250524;19;30;147;5;10106;97
260;20250524;20;40;151;2;10106;94
260;20250524;21;40;151;0;10105;93
260;20250524;22;40;152;0;10102;93
260;20250524;23;40;150;0;10101;93
260;20250524;24;40;150;0;10098;92
260;20250525;1;50;149;0;10094;90
260;20250525;2;50;146;0;10090;92
260;20250525;3;40;147;0;10082;92
260;20250525;4;50;149;0;10078;89
260;20250525;5;60;143;4;10078;88
260;20250525;6;50;141;13;10079;91
260;20250525;7;50;140;23;10077;95
260;20250525;8;50;145;35;10076;95
260;20250525;9;50;151;62;10073;93
260;20250525;10;60;165;107;10073;80
260;20250525;11;70;173;189;10077;72
260;20250525;12;60;186;171;10081;67
260;20250525;13;60;193;240;10082;61
260;20250525;14;60;180;168;10087;64
260;20250525;15;50;182;137;10091;65
260;20250525;16;60;172;167;10098;69
260;20250525;17;40;160;92;10105;74
260;20250525;18;20;165;73;10110;61
260;20250525;19;20;156;40;10114;69
260;20250525;20;10;121;4;10119;90
260;20250525;21;10;106;0;10122;96
260;20250525;22;10;111;0;10124;95
260;20250525;23;30;141;0;10124;81
260;20250525;24;30;139;0;10124;82
260;20250526;1;40;140;0;10124;82
260;20250526;2;30;139;0;10128;80
260;20250526;3;40;130;0;10132;81
260;20250526;4;40;124;1;10135;77
260;20250526;5;30;128;22;10141;74
260;20250526;6;40;140;82;10148;72
260;20250526;7;40;144;91;10151;68
260;20250526;8;40;153;128;10157;67
260;20250526;9;50;153;228;10159;64
260;20250526;10;50;154;211;10164;60
260;20250526;11;50;159;181;10164;57
260;20250526;12;60;171;212;10166;51
260;20250526;13;50;174;231;10166;45
260;20250526;14;60;180;262;10165;43
260;20250526;15;60;171;190;10168;48
260;20250526;16;60;174;174;10167;46
260;20250526;17;60;176;113;10164;45
260;20250526;18;60;166;59;10165;48
260;20250526;19;50;159;13;10165;53
260;20250526;20;40;154;1;10165;62
260;20250526;21;50;152;0;10163;60
260;20250526;22;40;143;0;10160;65
260;20250526;23;50;147;0;10154;63
260;20250526;24;60;144;0;10150;66
260;20250527;1;60;128;0;10148;80
260;20250527;2;50;127;0;10143;81
260;20250527;3;50;127;0;10135;81
260;20250527;4;50;129;1;10131;82
260;20250527;5;60;134;7;10129;80
260;20250527;6;60;133;14;10132;84
260;20250527;7;50;133;18;10134;88
260;20250527;8;50;134;30;10136;91
260;20250527;9;50;137;31;10138;93
260;20250527;10;60;149;106;10141;92
260;20250527;11;50;151;116;10142;87
260;20250527;12;60;166;210;10140;78
260;20250527;13;60;178;198;10139;58
260;20250527;14;70;172;147;10140;61
260;20250527;15;60;143;50;10137;80
260;20250527;16;40;129;26;10126;92
260;20250527;17;40;133;16;10112;96
260;20250527;18;50;152;10;10111;95
260;20250527;19;60;148;7;10109;94
260;20250527;20;60;147;1;10108;94
260;20250527;21;70;147;0;10110;92
260;20250527;22;70;147;0;10106;90
260;20250527;23;70;149;0;10104;88
260;20250527;24;70;149;0;10103;89
260;20250528;1;60;150;0;10102;89
260;20250528;2;60;151;0;10101;89
260;20250528;3;50;155;0;10101;84
260;20250528;4;50;153;0;10104;86
260;20250528;5;40;151;8;10101;88
260;20250528;6;40;154;19;10108;88
260;20250528;7;50;157;37;10114;86
260;20250528;8;50;161;79;10118;84
260;20250528;9;50;162;109;10121;82
260;20250528;10;40;172;137;10124;77
260;20250528;11;50;172;114;10128;73
260;20250528;12;60;168;157;10133;74
260;20250528;13;60;169;177;10141;76
260;20250528;14;50;157;147;10152;74
260;20250528;15;40;168;226;10160;62
260;20250528;16;50;167;207;10170;59
260;20250528;17;40;164;121;10177;58
260;20250528;18;30;161;102;10188;61
260;20250528;19;30;149;42;10195;67
260;20250528;20;20;128;5;10200;77
260;20250528;21;10;106;0;10207;90
260;20250528;22;10;95;0;10211;95
260;20250528;23;10;85;0;10214;96
260;20250528;24;10;82;0;10215;98
260;20250529;1;10;78;0;10213;99
260;20250529;2;10;77;0;10212;98
260;20250529;3;10;84;0;10216;98
260;20250529;4;10;98;1;10215;99
260;20250529;5;20;106;17;10211;96
260;20250529;6;20;114;23;10211;93
260;20250529;7;20;126;40;10214;93
260;20250529;8;20;133;53;10213;94
260;20250529;9;30;143;66;10209;93
260;20250529;10;40;147;69;10204;91
260;20250529;11;40;153;58;10201;83
260;20250529;12;60;163;105;10196;79
260;20250529;13;60;164;100;10194;77
260;20250529;14;60;175;99;10190;77
260;20250529;15;60;187;88;10186;76
260;20250529;16;60;190;90;10184;77
260;20250529;17;50;193;48;10182;77
260;20250529;18;50;194;68;10181;77
260;20250529;19;60;186;43;10183;77
260;20250529;20;50;181;6;10185;79
260;20250529;21;40;172;0;10188;84
260;20250529;22;50;167;0;10192;85
260;20250529;23;40;166;0;10192;85
260;20250529;24;50;161;0;10191;86
260;20250530;1;40;156;0;10190;88
260;20250530;2;40;152;0;10190;90
260;20250530;3;40;148;0;10189;92
260;20250530;4;50;147;2;10190;92
260;20250530;5;40;148;14;10194;93
260;20250530;6;30;151;25;10196;92
260;20250530;7;40;156;49;10199;90
260;20250530;8;40;157;83;10202;89
260;20250530;9;40;161;78;10203;89
260;20250530;10;40;177;95;10202;83
260;20250530;11;50;197;240;10200;74
260;20250530;12;60;211;320;10196;67
260;20250530;13;60;216;279;10194;62
260;20250530;14;50;217;241;10193;62
260;20250530;15;50;222;209;10191;63
260;20250530;16;40;218;162;10191;64
260;20250530;17;30;213;128;10192;65
260;20250530;18;30;195;72;10192;72
260;20250530;19;20;189;34;10190;72
260;20250530;20;20;171;6;10190;80
260;20250530;21;10;143;0;10189;93
260;20250530;22;10;146;0;10190;90
260;20250530;23;0;121;0;10189;97
260;20250530;24;0;113;0;10189;99
260;20250531;1;0;106;0;10187;98
260;20250531;2;0;100;0;10186;98
260;20250531;3;10;102;0;10185;99
260;20250531;4;10;106;4;10184;98
260;20250531;5;10;129;29;10182;98
260;20250531;6;10;148;64;10184;92
260;20250531;7;10;177;123;10182;82
260;20250531;8;10;193;146;10182;77
260;20250531;9;20;207;190;10180;63
260;20250531;10;20;213;178;10180;64
260;20250531;11;10;228;258;10177;57
260;20250531;12;20;236;257;10173;52
260;20250531;13;20;241;330;10170;51
260;20250531;14;20;251;292;10164;49
260;20250531;15;20;254;239;10157;49
260;20250531;16;30;246;179;10154;48
260;20250531;17;20;242;62;10149;49
260;20250531;18;20;241;32;10144;55
260;20250531;19;10;227;15;10145;76
260;20250531;20;20;217;1;10143;72
260;20250531;21;20;207;0;10142;76
260;20250531;22;20;202;0;10140;75
260;20250531;23;20;194;0;10137;83
260;20250531;24;10;194;0;10131;71
260;20250601;1;30;185;0;10131;69
260;20250601;2;30;176;0;10130;69
260;20250601;3;30;163;0;10126;76
260;20250601;4;40;153;2;10127;84
260;20250601;5;30;156;16;10129;86
260;20250601;6;30;161;31;10129;86
260;20250601;7;40;173;71;10134;80
260;20250601;8;40;179;112;10134;76
260;20250601;9;40;186;194;10133;68
260;20250601;10;40;184;165;10136;66
260;20250601;11;50;193;198;10135;64
260;20250601;12;50;187;177;10138;65
260;20250601;13;50;189;139;10138;65
260;20250601;14;60;191;182;10139;58
260;20250601;15;60;197;165;10137;52
260;20250601;16;60;193;192;10136;53
260;20250601;17;50;187;126;10137;50
260;20250601;18;50;180;85;10136;51
260;20250601;19;40;170;33;10136;54
260;20250601;20;30;161;8;10138;57
260;20250601;21;30;144;0;10141;65
260;20250601;22;30;142;0;10143;69
260;20250601;23;40;139;0;10142;70
260;20250601;24;40;135;0;10140;73
260;20250602;1;30;128;0;10140;75
260;20250602;2;30;119;0;10138;81
260;20250602;3;30;118;0;10137;83
260;20250602;4;30;121;2;10141;86
260;20250602;5;30;127;16;10144;86
260;20250602;6;30;143;81;10147;83
260;20250602;7;30;155;114;10152;78
260;20250602;8;30;161;141;10155;70
260;20250602;9;20;167;69;10158;71
260;20250602;10;30;170;251;10163;61
260;20250602;11;30;176;221;10163;59
260;20250602;12;40;185;248;10164;49
260;20250602;13;50;185;324;10164;51
260;20250602;14;50;183;296;10164;49
260;20250602;15;50;180;280;10164;50
260;20250602;16;40;176;209;10165;52
260;20250602;17;40;173;142;10163;52
260;20250602;18;30;168;106;10164;53
260;20250602;19;20;156;45;10166;60
260;20250602;20;20;132;7;10168;75
260;20250602;21;10;101;0;10168;92
260;20250602;22;10;89;0;10163;97
260;20250602;23;10;81;0;10157;98
260;20250602;24;10;78;0;10150;98
260;20250603;1;20;90;0;10146;94
260;20250603;2;30;90;0;10139;92
260;20250603;3;30;91;0;10132;89
260;20250603;4;20;94;4;10129;84
260;20250603;5;30;111;31;10126;78
260;20250603;6;20;131;79;10122;73
260;20250603;7;30;162;140;10117;61
260;20250603;8;50;176;133;10110;58
260;20250603;9;60;187;155;10105;56
260;20250603;10;60;208;218;10099;44
260;20250603;11;60;212;215;10096;40
260;20250603;12;60;216;231;10093;39
260;20250603;13;70;221;267;10088;38
260;20250603;14;70;220;205;10084;38
260;20250603;15;70;219;138;10079;39
260;20250603;16;50;215;89;10077;47
260;20250603;17;30;197;65;10078;52
260;20250603;18;30;188;54;10078;47
260;20250603;19;40;177;23;10080;54
260;20250603;20;40;169;4;10080;71
260;20250603;21;30;167;0;10081;74
260;20250603;22;30;164;0;10078;74
260;20250603;23;20;154;0;10075;80
260;20250603;24;20;148;0;10070;84
260;20250604;1;30;156;0;10064;79
260;20250604;2;30;160;0;10061;73
260;20250604;3;30;158;0;10057;70
260;20250604;4;30;155;1;10056;71
260;20250604;5;30;153;7;10058;76
260;20250604;6;30;140;12;10063;88
260;20250604;7;40;143;42;10064;83
260;20250604;8;40;152;78;10065;78
260;20250604;9;30;163;71;10066;69
260;20250604;10;50;162;73;10070;69
260;20250604;11;40;162;79;10071;67
260;20250604;12;40;188;314;10069;51
260;20250604;13;50;180;191;10068;54
260;20250604;14;50;175;87;10072;57
260;20250604;15;40;183;164;10070;53
260;20250604;16;50;180;153;10072;51
260;20250604;17;40;177;91;10073;49
260;20250604;18;40;174;69;10076;49
260;20250604;19;40;161;35;10079;55
260;20250604;20;30;149;6;10085;56
260;20250604;21;20;114;0;10086;77
260;20250604;22;20;115;0;10086;74
260;20250604;23;30;120;0;10085;73
260;20250604;24;30;130;0;10083;72
260;20250605;1;30;123;0;10084;75
260;20250605;2;40;126;0;10082;73
260;20250605;3;30;124;0;10081;76
260;20250605;4;20;128;2;10081;76
260;20250605;5;30;129;12;10082;83
260;20250605;6;40;135;48;10080;83
260;20250605;7;40;146;110;10078;79
260;20250605;8;40;155;83;10076;76
260;20250605;9;50;167;156;10072;72
260;20250605;10;50;166;104;10071;73
260;20250605;11;50;170;73;10067;72
260;20250605;12;50;155;69;10069;85
260;20250605;13;50;160;137;10070;81
260;20250605;14;60;175;229;10066;68
260;20250605;15;50;181;170;10060;64
260;20250605;16;30;170;17;10057;69
260;20250605;17;20;185;113;10052;67
260;20250605;18;40;177;21;10052;59
260;20250605;19;40;160;10;10047;77
260;20250605;20;50;145;1;10042;91
260;20250605;21;40;146;0;10035;95
260;20250605;22;50;148;0;10026;94
260;20250605;23;50;147;0;10020;96
260;20250605;24;40;148;0;10014;95
260;20250606;1;50;147;0;10017;93
260;20250606;2;40;133;0;10022;92
260;20250606;3;40;133;0;10027;94
260;20250606;4;40;133;2;10034;89
260;20250606;5;40;137;20;10042;89
260;20250606;6;50;143;46;10050;86
260;20250606;7;60;153;114;10059;77
260;20250606;8;60;160;147;10067;71
260;20250606;9;70;164;173;10074;69
260;20250606;10;70;170;253;10080;59
260;20250606;11;70;186;219;10082;59
260;20250606;12;70;178;212;10085;54
260;20250606;13;70;186;235;10085;56
260;20250606;14;60;183;142;10085;55
260;20250606;15;50;147;37;10090;78
260;20250606;16;40;159;47;10091;84
260;20250606;17;40;162;59;10089;73
260;20250606;18;40;163;34;10091;65
260;20250606;19;40;163;27;10090;70
260;20250606;20;30;156;9;10093;69
260;20250606;21;20;148;0;10095;71
260;20250606;22;20;147;0;10094;71
260;20250606;23;30;142;0;10093;73
260;20250606;24;30;139;0;10090;76
260;20250607;1;30;134;0;10086;73
260;20250607;2;30;129;0;10081;75
260;20250607;3;30;128;0;10080;75
260;20250607;4;30;119;0;10077;84
260;20250607;5;30;117;9;10074;88
260;20250607;6;30;118;16;10074;90
260;20250607;7;30;117;24;10073;94
260;20250607;8;30;132;104;10072;89
260;20250607;9;40;138;143;10072;80
260;20250607;10;40;133;86;10072;89
260;20250607;11;30;144;118;10069;87
260;20250607;12;50;139;129;10070;83
260;20250607;13;50;148;167;10069;82
260;20250607;14;40;164;123;10069;70
260;20250607;15;50;162;175;10070;67
260;20250607;16;50;167;145;10070;63
260;20250607;17;50;163;96;10071;65
260;20250607;18;40;160;57;10071;66
260;20250607;19;30;155;23;10067;69
260;20250607;20;20;145;4;10064;80
260;20250607;21;30;145;0;10060;82
260;20250607;22;30;140;0;10051;88
260;20250607;23;40;138;0;10038;92
260;20250607;24;50;138;0;10028;88
260;20250608;1;60;126;0;10031;86
260;20250608;2;50;121;0;10038;86
260;20250608;3;40;121;0;10049;86
260;20250608;4;40;110;1;10061;93
260;20250608;5;30;114;9;10071;94
260;20250608;6;20;128;46;10080;90
260;20250608;7;40;130;70;10089;85
260;20250608;8;50;136;125;10098;83
260;20250608;9;50;131;101;10110;85
260;20250608;10;50;121;125;10121;86
260;20250608;11;60;132;146;10131;82
260;20250608;12;60;140;214;10143;72
260;20250608;13;70;145;223;10150;67
260;20250608;14;70;138;228;10160;71
260;20250608;15;60;136;109;10169;70
260;20250608;16;70;145;137;10178;61
260;20250608;17;70;146;145;10183;53
260;20250608;18;60;142;88;10191;54
260;20250608;19;40;134;35;10195;60
260;20250608;20;20;125;7;10200;70
260;20250608;21;20;99;0;10201;89
260;20250608;22;20;115;0;10200;81
260;20250608;23;30;126;0;10198;80
260;20250608;24;30;110;0;10202;94
260;20250609;1;20;110;0;10203;89
260;20250609;2;30;107;0;10204;92
260;20250609;3;30;106;0;10205;94
260;20250609;4;30;105;2;10209;94
260;20250609;5;30;113;25;10211;94
260;20250609;6;30;125;63;10213;93
260;20250609;7;30;138;113;10219;88
260;20250609;8;30;152;169;10221;80
260;20250609;9;40;157;182;10222;76
260;20250609;10;40;165;138;10221;71
260;20250609;11;40;167;125;10222;70
260;20250609;12;40;164;60;10223;67
260;20250609;13;40;181;119;10220;59
260;20250609;14;50;186;303;10219;56
260;20250609;15;50;186;252;10218;54
260;20250609;16;40;179;160;10215;54
260;20250609;17;40;183;122;10212;53
260;20250609;18;40;174;74;10211;54
260;20250609;19;30;167;29;10208;55
260;20250609;20;20;150;6;10203;71
260;20250609;21;20;151;0;10199;69
260;20250609;22;20;148;0;10194;73
260;20250609;23;20;153;0;10190;67
260;20250609;24;30;150;0;10180;68
260;20250610;1;30;145;0;10172;73
260;20250610;2;40;142;0;10165;69
260;20250610;3;40;138;0;10154;73
260;20250610;4;50;135;1;10151;75
260;20250610;5;50;135;9;10146;78
260;20250610;6;50;139;20;10143;79
260;20250610;7;50;145;36;10142;77
260;20250610;8;60;144;44;10140;82
260;20250610;9;50;140;48;10141;94
260;20250610;10;50;143;50;10142;94
260;20250610;11;50;148;33;10144;92
260;20250610;12;50;162;75;10143;86
260;20250610;13;50;172;93;10144;80
260;20250610;14;50;182;92;10146;75
260;20250610;15;60;174;140;10156;66
260;20250610;16;60;174;219;10164;67
260;20250610;17;50;165;154;10172;66
260;20250610;18;40;162;107;10180;68
260;20250610;19;40;147;47;10185;71
260;20250610;20;30;131;9;10194;79
260;20250610;21;20;123;0;10201;82
260;20250610;22;20;112;0;10203;87
260;20250610;23;10;90;0;10208;95
260;20250610;24;20;96;0;10211;96
260;20250611;1;10;77;0;10213;98
260;20250611;2;10;68;0;10215;97
260;20250611;3;10;62;0;10218;99
260;20250611;4;10;63;4;10220;99
260;20250611;5;0;92;38;10224;95
260;20250611;6;0;131;84;10227;85
260;20250611;7;10;142;132;10233;73
260;20250611;8;10;147;122;10234;68
260;20250611;9;10;153;117;10235;67
260;20250611;10;10;164;189;10234;60
260;20250611;11;20;177;309;10231;57
260;20250611;12;20;181;327;10229;54
260;20250611;13;20;194;328;10227;51
260;20250611;14;20;195;300;10221;50
260;20250611;15;30;200;261;10217;48
260;20250611;16;30;204;211;10211;49
260;20250611;17;30;202;155;10210;54
260;20250611;18;40;193;96;10209;53
260;20250611;19;40;180;46;10207;59
260;20250611;20;30;162;9;10211;65
260;20250611;21;30;145;0;10211;73
260;20250611;22;20;136;0;10210;77
260;20250611;23;30;136;0;10209;76
260;20250611;24;30;131;0;10206;80
260;20250612;1;40;125;0;10201;82
260;20250612;2;40;123;0;10199;83
260;20250612;3;40;116;0;10195;86
260;20250612;4;40;118;4;10195;86
260;20250612;5;30;129;34;10196;80
260;20250612;6;40;147;82;10193;75
260;20250612;7;40;167;140;10190;66
260;20250612;8;50;188;198;10183;61
260;20250612;9;60;205;250;10176;55
260;20250612;10;60;221;291;10172;48
260;20250612;11;60;237;320;10166;41
260;20250612;12;70;245;332;10160;37
260;20250612;13;60;251;326;10160;40
260;20250612;14;70;260;300;10157;41
260;20250612;15;60;262;264;10153;41
260;20250612;16;60;269;211;10151;40
260;20250612;17;60;266;134;10146;39
260;20250612;18;50;264;95;10149;37
260;20250612;19;40;254;45;10154;43
260;20250612;20;30;227;9;10160;54
260;20250612;21;40;222;0;10164;53
260;20250612;22;30;208;0;10165;58
260;20250612;23;30;198;0;10167;62
260;20250612;24;30;204;0;10169;59
260;20250613;1;30;196;0;10173;63
260;20250613;2;20;181;0;10174;70
260;20250613;3;20;165;0;10176;79
260;20250613;4;20;158;3;10180;85
260;20250613;5;20;192;28;10185;70
260;20250613;6;20;210;79;10190;62
260;20250613;7;20;228;134;10193;60
260;20250613;8;10;246;185;10195;56
260;20250613;9;10;265;205;10196;56
260;20250613;10;10;292;284;10196;51
260;20250613;11;20;303;302;10194;45
260;20250613;12;20;309;317;10191;44
260;20250613;13;30;311;306;10189;41
260;20250613;14;40;302;250;10187;41
260;20250613;15;30;312;211;10183;42
260;20250613;16;40;312;206;10181;45
260;20250613;17;30;308;149;10176;42
260;20250613;18;30;297;77;10174;45
260;20250613;19;40;286;28;10170;46
260;20250613;20;40;270;8;10172;51
260;20250613;21;40;259;0;10171;53
260;20250613;22;40;245;0;10168;56
260;20250613;23;40;238;0;10161;57
260;20250613;24;40;227;0;10156;62
260;20250614;1;30;220;0;10151;65
260;20250614;2;30;234;0;10165;60
260;20250614;3;40;208;0;10160;80
260;20250614;4;10;192;2;10154;89
260;20250614;5;10;197;12;10147;87
260;20250614;6;20;230;79;10148;71
260;20250614;7;20;240;92;10156;72
260;20250614;8;20;260;183;10157;60
260;20250614;9;30;265;216;10158;56
260;20250614;10;30;263;104;10161;61
260;20250614;11;30;266;151;10165;57
260;20250614;12;40;262;124;10167;58
260;20250614;13;30;247;66;10171;69
260;20250614;14;30;246;56;10172;68
260;20250614;15;30;240;104;10177;68
260;20250614;16;30;249;96;10176;66
260;20250614;17;30;237;83;10177;70
260;20250614;18;40;227;27;10182;46
260;20250614;19;40;216;11;10185;42
260;20250614;20;40;206;2;10195;43
260;20250614;21;30;196;0;10202;51
260;20250614;22;30;188;0;10202;52
260;20250614;23;30;177;0;10195;57
260;20250614;24;30;173;0;10192;58
260;20250615;1;20;168;0;10192;63
260;20250615;2;20;169;0;10192;66
260;20250615;3;20;165;0;10193;69
260;20250615;4;20;162;2;10192;73
260;20250615;5;30;165;11;10200;74
260;20250615;6;30;165;24;10201;75
260;20250615;7;30;170;56;10200;78
260;20250615;8;30;178;86;10204;74
260;20250615;9;30;202;190;10207;64
260;20250615;10;30;197;169;10209;63
260;20250615;11;40;205;256;10209;59
260;20250615;12;50;209;324;10214;49
260;20250615;13;50;209;273;10213;53
260;20250615;14;40;203;208;10216;56
260;20250615;15;50;210;243;10216;52
260;20250615;16;40;198;209;10219;60
260;20250615;17;40;193;151;10222;59
260;20250615;18;30;188;103;10228;63
260;20250615;19;30;178;49;10233;68
260;20250615;20;20;168;11;10242;74
260;20250615;21;20;155;0;10247;81
260;20250615;22;10;133;0;10249;91
260;20250615;23;10;122;0;10250;96
260;20250615;24;10;116;0;10251;99
260;20250616;1;10;116;0;10250;99
260;20250616;2;10;113;0;10251;97
260;20250616;3;20;132;0;10253;97
260;20250616;4;20;124;5;10255;99
260;20250616;5;10;153;32;10259;93
260;20250616;6;20;176;78;10260;84
260;20250616;7;20;188;134;10265;78
260;20250616;8;20;201;171;10268;70
260;20250616;9;20;204;173;10269;66
260;20250616;10;20;221;211;10269;58
260;20250616;11;30;216;194;10271;55
260;20250616;12;40;218;229;10274;54
260;20250616;13;40;225;302;10275;52
260;20250616;14;50;220;300;10276;53
260;20250616;15;40;214;267;10275;52
260;20250616;16;40;213;215;10273;56
260;20250616;17;30;206;158;10274;57
260;20250616;18;30;200;99;10275;60
260;20250616;19;20;190;48;10273;58
260;20250616;20;20;171;11;10274;69
260;20250616;21;20;155;0;10276;80
260;20250616;22;10;131;0;10278;91
260;20250616;23;10;114;0;10278;96
260;20250616;24;0;106;0;10275;96
260;20250617;1;0;101;0;10272;99
260;20250617;2;10;97;0;10269;99
260;20250617;3;10;93;0;10265;99
260;20250617;4;10;95;4;10267;99
260;20250617;5;10;124;32;10264;96
260;20250617;6;10;162;87;10266;79
260;20250617;7;20;183;139;10266;70
260;20250617;8;30;204;197;10267;59
260;20250617;9;30;219;252;10264;60
260;20250617;10;30;233;274;10263;50
260;20250617;11;40;244;317;10259;50
260;20250617;12;30;250;308;10252;46
260;20250617;13;30;252;287;10250;47
260;20250617;14;40;252;264;10249;48
260;20250617;15;40;240;184;10248;50
260;20250617;16;40;231;150;10244;51
260;20250617;17;30;226;104;10240;50
260;20250617;18;30;223;83;10240;48
260;20250617;19;20;218;46;10238;52
260;20250617;20;10;188;15;10237;67
260;20250617;21;10;157;0;10239;85
260;20250617;22;0;139;0;10237;92
260;20250617;23;0;124;0;10238;95
260;20250617;24;10;120;0;10237;97
260;20250618;1;10;113;0;10230;98
260;20250618;2;0;109;0;10231;99
260;20250618;3;10;107;0;10232;99
260;20250618;4;10;117;6;10230;99
260;20250618;5;10;149;36;10230;94
260;20250618;6;10;179;81;10231;80
260;20250618;7;20;203;132;10233;70
260;20250618;8;20;218;188;10233;67
260;20250618;9;30;227;240;10235;64
260;20250618;10;20;244;273;10234;57
260;20250618;11;30;246;284;10234;53
260;20250618;12;40;254;311;10236;48
260;20250618;13;40;254;296;10239;49
260;20250618;14;50;246;254;10238;50
260;20250618;15;40;242;231;10238;51
260;20250618;16;40;236;199;10237;51
260;20250618;17;40;232;161;10238;50
260;20250618;18;40;219;101;10241;57
260;20250618;19;30;204;49;10243;68
260;20250618;20;30;190;10;10247;74
260;20250618;21;20;177;0;10251;76
260;20250618;22;20;159;0;10252;84
260;20250618;23;10;134;0;10256;96
260;20250618;24;10;126;0;10257;97
260;20250619;1;0;121;0;10257;99
260;20250619;2;0;116;0;10260;98
260;20250619;3;0;114;0;10261;98
260;20250619;4;10;115;4;10263;99
260;20250619;5;0;138;31;10265;98
260;20250619;6;0;175;80;10266;77
260;20250619;7;20;186;138;10271;71
260;20250619;8;20;198;196;10271;63
260;20250619;9;20;205;219;10272;59
260;20250619;10;10;217;177;10271;52
260;20250619;11;20;216;182;10271;54
260;20250619;12;20;221;213;10271;55
260;20250619;13;30;221;233;10272;51
260;20250619;14;30;227;222;10269;51
260;20250619;15;30;233;255;10266;46
260;20250619;16;30;233;216;10265;46
260;20250619;17;30;228;160;10263;50
260;20250619;18;30;219;101;10262;53
260;20250619;19;30;207;50;10261;59
260;20250619;20;30;191;11;10264;66
260;20250619;21;20;166;0;10266;78
260;20250619;22;10;138;0;10267;93
260;20250619;23;20;152;0;10270;74
260;20250619;24;20;145;0;10272;70
260;20250620;1;20;121;0;10273;82
260;20250620;2;20;111;0;10272;86
260;20250620;3;20;109;0;10271;85
260;20250620;4;20;112;4;10271;83
260;20250620;5;20;139;34;10272;72
260;20250620;6;30;161;86;10273;61
260;20250620;7;30;179;145;10274;53
260;20250620;8;30;200;202;10273;51
260;20250620;9;20;212;254;10272;47
260;20250620;10;20;220;293;10269;43
260;20250620;11;30;228;309;10267;42
260;20250620;12;30;232;312;10262;38
260;20250620;13;30;248;325;10258;38
260;20250620;14;30;254;301;10252;35
260;20250620;15;30;258;247;10248;34
260;20250620;16;30;253;214;10243;35
260;20250620;17;30;253;153;10239;34
260;20250620;18;40;242;99;10236;37
260;20250620;19;30;227;31;10235;41
260;20250620;20;20;204;10;10237;52
260;20250620;21;20;166;0;10241;73
260;20250620;22;10;144;0;10242;87
260;20250620;23;20;140;0;10240;86
260;20250620;24;10;133;0;10237;87
260;20250621;1;20;130;0;10233;85
260;20250621;2;20;130;0;10226;82
260;20250621;3;20;123;0;10223;85
260;20250621;4;10;117;4;10222;90
260;20250621;5;20;161;34;10222;70
260;20250621;6;20;185;80;10222;63
260;20250621;7;20;212;143;10224;51
260;20250621;8;30;225;201;10220;49
260;20250621;9;30;247;254;10218;46
260;20250621;10;30;262;293;10215;38
260;20250621;11;40;271;319;10212;35
260;20250621;12;40;281;332;10205;30
260;20250621;13;40;285;327;10199;23
260;20250621;14;40;293;306;10194;22
260;20250621;15;40;297;270;10188;22
260;20250621;16;30;297;220;10185;23
260;20250621;17;30;295;160;10182;24
260;20250621;18;20;288;105;10180;31
260;20250621;19;20;280;50;10180;44
260;20250621;20;10;212;11;10178;69
260;20250621;21;10;181;0;10177;79
260;20250621;22;20;164;0;10172;85
260;20250621;23;20;162;0;10168;80
260;20250621;24;20;157;0;10166;82
260;20250622;1;20;153;0;10161;83
260;20250622;2;30;194;0;10155;58
260;20250622;3;20;185;0;10150;64
260;20250622;4;20;187;4;10145;66
260;20250622;5;20;199;32;10142;64
260;20250622;6;30;218;81;10138;58
260;20250622;7;30;252;140;10135;45
260;20250622;8;40;268;193;10133;46
260;20250622;9;40;276;189;10136;44
260;20250622;10;40;260;170;10137;55
260;20250622;11;20;248;67;10130;62
260;20250622;12;20;245;62;10132;75
260;20250622;13;40;225;94;10141;67
260;20250622;14;40;248;201;10134;50
260;20250622;15;50;246;222;10131;49
260;20250622;16;50;255;200;10124;47
260;20250622;17;40;243;137;10121;49
260;20250622;18;50;216;62;10125;62
260;20250622;19;40;215;37;10121;54
260;20250622;20;50;209;10;10120;56
260;20250622;21;50;202;0;10122;61
260;20250622;22;60;197;0;10118;65
260;20250622;23;60;195;0;10115;63
260;20250622;24;60;192;0;10111;63
260;20250623;1;50;192;0;10102;66
260;20250623;2;50;190;0;10094;66
260;20250623;3;50;184;0;10092;69
260;20250623;4;60;184;2;10089;71
260;20250623;5;60;172;13;10089;84
260;20250623;6;50;178;41;10085;87
260;20250623;7;50;179;47;10085;84
260;20250623;8;60;189;104;10085;80
260;20250623;9;80;166;150;10097;70
260;20250623;10;60;187;234;10104;49
260;20250623;11;70;183;213;10113;51
260;20250623;12;70;189;319;10122;51
260;20250623;13;70;182;278;10127;48
260;20250623;14;60;196;238;10131;45
260;20250623;15;60;193;200;10135;46
260;20250623;16;50;190;143;10135;45
260;20250623;17;50;190;145;10137;45
260;20250623;18;50;191;92;10139;45
260;20250623;19;40;184;33;10140;47
260;20250623;20;40;180;5;10139;51
260;20250623;21;40;178;0;10141;57
260;20250623;22;50;176;0;10135;66
260;20250623;23;50;170;0;10136;70
260;20250623;24;50;163;0;10133;70
260;20250624;1;40;154;0;10130;74
260;20250624;2;40;147;0;10128;79
260;20250624;3;40;142;0;10124;84
260;20250624;4;40;143;5;10122;86
260;20250624;5;40;150;32;10123;84
260;20250624;6;30;165;51;10122;78
260;20250624;7;30;178;103;10125;70
260;20250624;8;40;179;100;10124;75
260;20250624;9;50;185;116;10125;67
260;20250624;10;60;186;135;10125;68
260;20250624;11;70;174;152;10125;73
260;20250624;12;70;181;84;10125;73
260;20250624;13;70;182;79;10122;75
260;20250624;14;60;178;52;10121;79
260;20250624;15;60;181;40;10120;80
260;20250624;16;50;193;48;10118;77
260;20250624;17;50;215;122;10111;69
260;20250624;18;60;214;107;10108;69
260;20250624;19;50;214;42;10109;69
260;20250624;20;50;209;8;10109;71
260;20250624;21;40;201;0;10108;74
260;20250624;22;50;193;0;10108;73
260;20250624;23;50;185;0;10108;76
260;20250624;24;50;181;0;10106;81
260;20250625;1;40;175;0;10109;88
260;20250625;2;40;172;0;10110;92
260;20250625;3;40;171;0;10111;93
260;20250625;4;40;169;3;10112;93
260;20250625;5;30;176;29;10114;91
260;20250625;6;30;189;73;10119;85
260;20250625;7;30;200;120;10121;75
260;20250625;8;30;204;94;10124;73
260;20250625;9;30;209;118;10130;73
260;20250625;10;40;215;137;10132;71
260;20250625;11;40;219;175;10137;70
260;20250625;12;40;225;201;10136;66
260;20250625;13;30;238;211;10135;62
260;20250625;14;30;237;287;10132;61
260;20250625;15;20;250;249;10129;52
260;20250625;16;20;249;216;10126;53
260;20250625;17;30;244;154;10122;59
260;20250625;18;20;237;62;10119;63
260;20250625;19;20;231;35;10117;65
260;20250625;20;20;209;10;10113;75
260;20250625;21;20;196;0;10117;81
260;20250625;22;20;183;0;10116;88
260;20250625;23;20;183;0;10111;86
260;20250625;24;20;189;0;10107;82
260;20250626;1;20;188;0;10117;83
260;20250626;2;20;185;0;10105;94
260;20250626;3;20;178;0;10086;97
260;20250626;4;20;183;1;10085;95
260;20250626;5;30;188;6;10094;94
260;20250626;6;30;190;15;10093;95
260;20250626;7;30;193;18;10095;96
260;20250626;8;30;201;41;10094;94
260;20250626;9;30;205;86;10098;87
260;20250626;10;50;208;166;10102;71
260;20250626;11;60;214;163;10107;74
260;20250626;12;50;220;144;10111;75
260;20250626;13;60;219;141;10119;69
260;20250626;14;80;211;213;10127;69
260;20250626;15;60;208;75;10129;72
260;20250626;16;60;207;73;10132;76
260;20250626;17;60;208;30;10136;77
260;20250626;18;60;210;46;10138;76
260;20250626;19;60;209;29;10141;69
260;20250626;20;60;206;4;10150;57
260;20250626;21;60;194;0;10160;63
260;20250626;22;40;183;0;10168;74
260;20250626;23;30;177;0;10169;81
260;20250626;24;20;171;0;10174;87
260;20250627;1;20;166;0;10177;88
260;20250627;2;10;155;0;10182;91
260;20250627;3;10;144;0;10184;94
260;20250627;4;10;154;0;10195;92
260;20250627;5;20;140;2;10203;89
260;20250627;6;10;139;8;10203;92
260;20250627;7;10;144;28;10208;91
260;20250627;8;20;158;103;10214;80
260;20250627;9;30;175;198;10215;74
260;20250627;10;40;189;202;10217;60
260;20250627;11;50;192;182;10219;57
260;20250627;12;50;192;138;10220;58
260;20250627;13;40;206;169;10222;58
260;20250627;14;40;210;149;10218;59
260;20250627;15;40;221;218;10218;56
260;20250627;16;40;224;163;10218;56
260;20250627;17;40;233;142;10213;57
260;20250627;18;50;231;113;10216;58
260;20250627;19;40;223;52;10216;65
260;20250627;20;40;215;12;10218;70
260;20250627;21;40;205;0;10219;77
260;20250627;22;30;196;0;10217;82
260;20250627;23;30;197;0;10214;82
260;20250627;24;40;195;0;10215;81
260;20250628;1;40;191;0;10216;83
260;20250628;2;30;185;0;10217;85
260;20250628;3;30;180;0;10218;87
260;20250628;4;40;181;3;10221;86
260;20250628;5;40;186;31;10224;84
260;20250628;6;50;192;69;10227;83
260;20250628;7;40;198;88;10235;82
260;20250628;8;40;212;139;10236;77
260;20250628;9;40;217;102;10238;78
260;20250628;10;40;224;98;10239;75
260;20250628;11;40;222;81;10242;75
260;20250628;12;40;231;62;10240;73
260;20250628;13;50;238;79;10238;70
260;20250628;14;50;248;135;10237;65
260;20250628;15;50;245;122;10238;68
260;20250628;16;40;246;126;10235;68
260;20250628;17;40;245;77;10235;66
260;20250628;18;40;249;97;10232;65
260;20250628;19;50;237;52;10236;69
260;20250628;20;30;224;10;10237;72
260;20250628;21;20;213;0;10238;77
260;20250628;22;20;208;0;10237;79
260;20250628;23;30;210;0;10238;79
260;20250628;24;30;203;0;10238;83
260;20250629;1;40;198;0;10234;85
260;20250629;2;30;191;0;10232;88
260;20250629;3;30;185;0;10231;92
260;20250629;4;20;184;4;10232;93
260;20250629;5;20;196;31;10236;88
260;20250629;6;30;209;80;10240;80
260;20250629;7;20;223;138;10242;70
260;20250629;8;30;232;195;10244;67
260;20250629;9;20;243;250;10243;62
260;20250629;10;30;250;267;10246;61
260;20250629;11;30;251;285;10245;59
260;20250629;12;30;261;301;10246;57
260;20250629;13;30;269;318;10244;55
260;20250629;14;30;268;273;10244;56
260;20250629;15;30;264;259;10242;58
260;20250629;16;40;257;191;10240;58
260;20250629;17;40;247;167;10241;61
260;20250629;18;40;228;105;10240;69
260;20250629;19;40;214;52;10239;70
260;20250629;20;40;198;12;10241;73
260;20250629;21;30;188;0;10243;73
260;20250629;22;20;181;0;10242;77
260;20250629;23;20;162;0;10240;86
260;20250629;24;20;156;0;10238;90
260;20250630;1;10;145;0;10235;92
260;20250630;2;10;137;0;10232;94
260;20250630;3;20;141;0;10230;90
260;20250630;4;20;141;4;10227;90
260;20250630;5;10;158;33;10227;82
260;20250630;6;10;185;80;10225;74
260;20250630;7;20;207;140;10224;65
260;20250630;8;30;228;196;10221;62
260;20250630;9;30;245;246;10217;62
260;20250630;10;30;252;287;10211;56
260;20250630;11;30;268;311;10204;54
260;20250630;12;30;278;327;10199;49
260;20250630;13;30;286;320;10194;45
260;20250630;14;30;294;301;10188;44
260;20250630;15;40;293;268;10182;41
260;20250630;16;30;295;211;10177;38
260;20250630;17;20;295;165;10170;40
260;20250630;18;30;289;106;10166;46
260;20250630;19;20;277;52;10165;50
260;20250630;20;20;252;11;10168;53
260;20250630;21;30;234;0;10168;53
260;20250630;22;30;225;0;10167;50
260;20250630;23;30;209;0;10166;54
260;20250630;24;20;185;0;10164;71
260;20250701;1;20;175;0;10161;77
260;20250701;2;20;169;0;10159;77
260;20250701;3;20;159;0;10157;84
260;20250701;4;20;161;3;10156;85
260;20250701;5;10;205;32;10157;63
260;20250701;6;20;225;83;10156;59
260;20250701;7;20;249;140;10156;57
260;20250701;8;20;277;196;10155;54
260;20250701;9;20;300;246;10155;45
260;20250701;10;30;317;282;10153;38
260;20250701;11;30;325;308;10150;41
260;20250701;12;30;336;316;10148;38
260;20250701;13;30;343;307;10146;36
260;20250701;14;30;353;295;10141;28
260;20250701;15;30;347;249;10139;30
260;20250701;16;30;353;173;10134;30
260;20250701;17;20;348;131;10131;32
260;20250701;18;20;340;97;10128;34
260;20250701;19;20;313;39;10127;51
260;20250701;20;10;268;9;10130;70
260;20250701;21;20;278;0;10138;55
260;20250701;22;20;259;0;10139;58
260;20250701;23;30;248;0;10142;60
260;20250701;24;20;223;0;10137;73
260;20250702;1;10;199;0;10135;86
260;20250702;2;10;189;0;10133;92
260;20250702;3;10;184;0;10133;94
260;20250702;4;10;196;3;10142;86
260;20250702;5;20;216;27;10140;80
260;20250702;6;10;232;73;10136;74
260;20250702;7;10;259;131;10137;62
260;20250702;8;10;280;165;10140;50
260;20250702;9;10;294;220;10136;51
260;20250702;10;20;314;253;10135;41
260;20250702;11;10;324;285;10129;36
260;20250702;12;20;324;293;10127;43
260;20250702;13;30;336;301;10133;32
260;20250702;14;60;261;285;10142;61
260;20250702;15;50;261;203;10138;56
260;20250702;16;50;240;129;10150;66
260;20250702;17;40;228;48;10153;70
260;20250702;18;40;193;19;10160;90
260;20250702;19;30;187;15;10175;88
260;20250702;20;40;181;4;10182;84
260;20250702;21;40;174;0;10194;81
260;20250702;22;30;168;0;10200;79
260;20250702;23;30;162;0;10203;84
260;20250702;24;30;160;0;10209;83
260;20250703;1;30;156;0;10214;83
260;20250703;2;20;151;0;10218;79
260;20250703;3;30;151;0;10223;77
260;20250703;4;30;150;2;10228;76
260;20250703;5;30;157;25;10237;75
260;20250703;6;30;158;61;10244;75
260;20250703;7;30;169;93;10253;70
260;20250703;8;40;179;129;10259;68
260;20250703;9;40;195;202;10265;62
260;20250703;10;40;195;272;10270;58
260;20250703;11;40;207;323;10271;53
260;20250703;12;40;207;297;10274;51
260;20250703;13;40;211;306;10275;46
260;20250703;14;40;212;299;10274;48
260;20250703;15;40;218;267;10274;50
260;20250703;16;40;211;223;10273;51
260;20250703;17;40;205;178;10273;51
260;20250703;18;40;195;110;10273;50
260;20250703;19;30;182;46;10275;52
260;20250703;20;20;164;5;10279;59
260;20250703;21;20;134;0;10281;78
260;20250703;22;10;124;0;10283;84
260;20250703;23;10;109;0;10283;93
260;20250703;24;10;97;0;10284;94
260;20250704;1;0;93;0;10283;98
260;20250704;2;0;90;0;10283;97
260;20250704;3;10;86;0;10279;99
260;20250704;4;10;88;3;10280;99
260;20250704;5;10;118;30;10279;95
260;20250704;6;10;158;82;10280;78
260;20250704;7;20;180;138;10283;59
260;20250704;8;30;200;197;10279;48
260;20250704;9;40;211;243;10277;44
260;20250704;10;50;224;279;10274;40
260;20250704;11;40;235;306;10269;38
260;20250704;12;40;232;274;10264;37
260;20250704;13;50;233;218;10258;40
260;20250704;14;40;231;219;10254;40
260;20250704;15;40;240;207;10248;35
260;20250704;16;50;239;207;10242;33
260;20250704;17;50;234;164;10234;36
260;20250704;18;50;232;100;10230;32
260;20250704;19;40;220;54;10223;40
260;20250704;20;30;203;8;10219;47
260;20250704;21;30;191;0;10216;50
260;20250704;22;30;186;0;10209;52
260;20250704;23;30;180;0;10203;57
260;20250704;24;30;180;0;10197;60
260;20250705;1;40;181;0;10189;54
260;20250705;2;40;181;0;10182;57
260;20250705;3;40;176;0;10177;58
260;20250705;4;40;168;2;10171;64
260;20250705;5;40;169;11;10167;67
260;20250705;6;40;174;36;10162;70
260;20250705;7;40;176;37;10163;72
260;20250705;8;50;185;76;10161;73
260;20250705;9;50;197;157;10154;70
260;20250705;10;50;198;67;10155;63
260;20250705;11;40;203;96;10156;67
260;20250705;12;40;200;113;10152;67
260;20250705;13;60;204;108;10151;66
260;20250705;14;40;209;126;10146;67
260;20250705;15;50;205;104;10142;68
260;20250705;16;50;206;42;10135;65
260;20250705;17;50;200;19;10133;72
260;20250705;18;30;177;10;10130;93
260;20250705;19;40;174;7;10125;95
260;20250705;20;40;173;2;10121;88
260;20250705;21;50;170;0;10117;92
260;20250705;22;40;169;0;10112;92
260;20250705;23;50;174;0;10105;90
260;20250705;24;50;177;0;10101;86
260;20250706;1;40;177;0;10096;86
260;20250706;2;40;177;0;10090;87
260;20250706;3;40;176;0;10086;89
260;20250706;4;40;175;1;10081;90
260;20250706;5;40;175;4;10076;90
260;20250706;6;30;170;9;10075;97
260;20250706;7;30;177;33;10070;94
260;20250706;8;40;179;38;10067;92
260;20250706;9;40;182;41;10063;89
260;20250706;10;40;174;52;10062;93
260;20250706;11;40;164;51;10061;97
260;20250706;12;30;164;27;10057;96
260;20250706;13;30;164;34;10054;95
260;20250706;14;30;173;90;10054;92
260;20250706;15;30;189;154;10050;84
260;20250706;16;20;187;79;10047;84
260;20250706;17;20;159;15;10048;94
260;20250706;18;10;164;30;10046;95
260;20250706;19;10;171;44;10043;93
260;20250706;20;20;163;10;10042;96
260;20250706;21;20;164;0;10043;96
260;20250706;22;20;160;0;10041;98
260;20250706;23;20;161;0;10038;99
260;20250706;24;10;159;0;10036;99
260;20250707;1;20;155;0;10035;96
260;20250707;2;20;146;0;10034;97
260;20250707;3;20;143;0;10031;99
260;20250707;4;10;147;2;10029;98
260;20250707;5;20;152;11;10031;93
260;20250707;6;30;153;36;10036;87
260;20250707;7;40;160;71;10041;84
260;20250707;8;50;164;119;10046;82
260;20250707;9;50;174;169;10050;74
260;20250707;10;50;179;175;10056;71
260;20250707;11;60;174;165;10062;72
260;20250707;12;50;174;134;10065;68
260;20250707;13;50;188;146;10068;59
260;20250707;14;60;190;238;10072;58
260;20250707;15;60;174;149;10081;59
260;20250707;16;50;177;136;10087;56
260;20250707;17;50;179;110;10092;52
260;20250707;18;50;169;98;10097;58
260;20250707;19;40;158;26;10102;67
260;20250707;20;40;149;4;10104;75
260;20250707;21;20;145;0;10106;70
260;20250707;22;20;133;0;10107;77
260;20250707;23;20;130;0;10105;80
260;20250707;24;20;119;0;10104;87
260;20250708;1;20;109;0;10102;92
260;20250708;2;20;127;0;10105;84
260;20250708;3;30;116;0;10114;90
260;20250708;4;10;113;1;10110;94
260;20250708;5;20;117;16;10114;93
260;20250708;6;20;129;59;10117;91
260;20250708;7;20;140;96;10122;84
260;20250708;8;30;167;198;10126;75
260;20250708;9;30;163;137;10130;75
260;20250708;10;40;174;227;10134;57
260;20250708;11;40;173;130;10140;58
260;20250708;12;40;186;237;10141;54
260;20250708;13;50;178;174;10150;60
260;20250708;14;50;184;131;10156;60
260;20250708;15;40;164;107;10161;81
260;20250708;16;50;162;105;10167;71
260;20250708;17;40;162;63;10166;78
260;20250708;18;40;167;40;10170;74
260;20250708;19;30;161;13;10173;76
260;20250708;20;30;159;4;10178;78
260;20250708;21;20;156;0;10181;82
260;20250708;22;20;150;0;10185;84
260;20250708;23;20;141;0;10189;88
260;20250708;24;20;147;0;10191;86
260;20250709;1;20;147;0;10192;85
260;20250709;2;20;150;0;10192;84
260;20250709;3;20;149;0;10192;85
260;20250709;4;20;149;2;10193;85
260;20250709;5;20;154;17;10197;83
260;20250709;6;30;169;86;10200;74
260;20250709;7;30;165;86;10204;76
260;20250709;8;30;181;166;10207;68
260;20250709;9;20;195;250;10208;60
260;20250709;10;20;200;250;10211;57
260;20250709;11;20;200;270;10214;55
260;20250709;12;30;212;316;10213;44
260;20250709;13;30;220;324;10213;44
260;20250709;14;30;227;295;10215;31
260;20250709;15;30;230;275;10215;38
260;20250709;16;30;223;221;10215;42
260;20250709;17;30;221;157;10216;46
260;20250709;18;20;215;95;10217;48
260;20250709;19;20;204;42;10218;57
260;20250709;20;10;178;11;10219;72
260;20250709;21;20;143;0;10222;90
260;20250709;22;0;146;0;10224;89
260;20250709;23;0;153;0;10225;85
260;20250709;24;0;148;0;10224;92
260;20250710;1;0;126;0;10223;96
260;20250710;2;0;119;0;10221;97
260;20250710;3;0;111;0;10222;99
260;20250710;4;0;111;2;10224;98
260;20250710;5;0;135;26;10224;94
260;20250710;6;0;175;65;10225;78
260;20250710;7;10;185;74;10227;67
260;20250710;8;10;189;72;10231;69
260;20250710;9;10;198;102;10229;64
260;20250710;10;10;213;201;10229;58
260;20250710;11;20;215;273;10229;60
260;20250710;12;30;226;235;10227;59
260;20250710;13;30;230;296;10226;58
260;20250710;14;30;236;218;10223;57
260;20250710;15;30;236;241;10221;53
260;20250710;16;40;235;228;10218;55
260;20250710;17;40;228;165;10218;57
260;20250710;18;40;218;94;10219;61
260;20250710;19;40;207;49;10220;61
260;20250710;20;30;192;10;10222;73
260;20250710;21;20;179;0;10224;81
260;20250710;22;20;172;0;10223;87
260;20250710;23;20;160;0;10221;93
260;20250710;24;10;146;0;10219;97
260;20250711;1;10;136;0;10218;99
260;20250711;2;10;133;0;10216;98
260;20250711;3;10;125;0;10214;98
260;20250711;4;10;125;2;10215;99
260;20250711;5;10;151;19;10215;99
260;20250711;6;10;177;76;10214;88
260;20250711;7;20;185;97;10215;84
260;20250711;8;30;205;135;10215;73
260;20250711;9;30;203;143;10215;72
260;20250711;10;40;206;165;10214;68
260;20250711;11;40;217;214;10213;62
260;20250711;12;40;226;278;10206;59
260;20250711;13;40;237;259;10202;55
260;20250711;14;40;239;271;10200;50
260;20250711;15;50;238;257;10197;46
260;20250711;16;40;238;211;10194;53
260;20250711;17;30;233;186;10191;59
260;20250711;18;40;222;111;10186;62
260;20250711;19;30;215;47;10185;64
260;20250711;20;30;201;9;10185;73
260;20250711;21;20;186;0;10184;80
260;20250711;22;10;169;0;10183;89
260;20250711;23;10;158;0;10179;95
260;20250711;24;10;157;0;10177;95
260;20250712;1;10;161;0;10176;94
260;20250712;2;20;167;0;10175;86
260;20250712;3;30;168;0;10173;85
260;20250712;4;20;167;1;10169;87
260;20250712;5;20;170;8;10170;84
260;20250712;6;20;182;52;10167;80
260;20250712;7;30;189;119;10165;76
260;20250712;8;40;196;184;10165;73
260;20250712;9;40;207;244;10162;68
260;20250712;10;40;219;269;10159;66
260;20250712;11;40;230;298;10156;61
260;20250712;12;40;245;307;10152;51
260;20250712;13;40;258;314;10147;40
260;20250712;14;50;256;300;10142;47
260;20250712;15;50;256;264;10140;47
260;20250712;16;50;256;233;10136;40
260;20250712;17;40;252;162;10130;49
260;20250712;18;40;241;101;10129;48
260;20250712;19;30;222;42;10130;62
260;20250712;20;30;202;4;10127;79
260;20250712;21;30;191;0;10128;85
260;20250712;22;20;183;0;10129;88
260;20250712;23;20;178;0;10127;90
260;20250712;24;20;179;0;10125;90
260;20250713;1;20;181;0;10122;87
260;20250713;2;20;182;0;10119;83
260;20250713;3;20;176;0;10115;84
260;20250713;4;10;168;1;10118;91
260;20250713;5;10;180;9;10115;84
260;20250713;6;10;186;24;10116;83
260;20250713;7;20;191;63;10115;82
260;20250713;8;20;197;70;10117;78
260;20250713;9;10;206;123;10115;73
260;20250713;10;10;210;60;10115;69
260;20250713;11;20;226;207;10113;64
260;20250713;12;10;245;253;10111;55
260;20250713;13;20;246;203;10108;55
260;20250713;14;30;216;58;10110;74
260;20250713;15;30;229;107;10109;66
260;20250713;16;20;221;76;10108;73
260;20250713;17;20;217;57;10108;74
260;20250713;18;10;215;23;10108;71
260;20250713;19;10;212;9;10110;75
260;20250713;20;10;200;5;10114;85
260;20250713;21;10;192;0;10113;87
260;20250713;22;10;169;0;10113;95
260;20250713;23;10;157;0;10117;95
260;20250713;24;10;151;0;10118;97
260;20250714;1;10;148;0;10118;98
260;20250714;2;10;145;0;10117;99
260;20250714;3;10;149;0;10116;97
260;20250714;4;10;149;2;10118;99
260;20250714;5;0;164;22;10121;98
260;20250714;6;10;181;47;10125;87
260;20250714;7;10;198;92;10129;82
260;20250714;8;10;214;147;10129;74
260;20250714;9;10;231;194;10132;62
260;20250714;10;20;241;168;10136;58
260;20250714;11;30;240;169;10139;61
260;20250714;12;30;245;132;10141;59
260;20250714;13;50;238;170;10147;64
260;20250714;14;60;238;221;10147;59
260;20250714;15;60;239;214;10147;58
260;20250714;16;60;238;204;10147;52
260;20250714;17;50;236;120;10146;57
260;20250714;18;50;223;76;10150;59
260;20250714;19;40;212;27;10154;58
260;20250714;20;30;199;5;10158;67
260;20250714;21;20;196;0;10158;67
260;20250714;22;30;190;0;10160;77
260;20250714;23;40;192;0;10161;63
260;20250714;24;50;191;0;10161;60
260;20250715;1;40;186;0;10163;62
260;20250715;2;30;175;0;10161;70
260;20250715;3;30;174;0;10160;75
260;20250715;4;40;170;1;10162;81
260;20250715;5;40;170;18;10164;82
260;20250715;6;30;180;69;10168;79
260;20250715;7;40;193;133;10170;68
260;20250715;8;30;199;127;10171;63
260;20250715;9;30;191;92;10172;64
260;20250715;10;40;202;175;10174;59
260;20250715;11;50;207;163;10175;53
260;20250715;12;50;214;203;10175;47
260;20250715;13;40;208;213;10174;52
260;20250715;14;50;214;206;10171;49
260;20250715;15;40;217;129;10168;50
260;20250715;16;50;159;72;10170;82
260;20250715;17;20;177;90;10166;81
260;20250715;18;10;189;57;10162;78
260;20250715;19;10;185;34;10159;74
260;20250715;20;20;185;4;10157;67
260;20250715;21;20;178;0;10156;72
260;20250715;22;30;177;0;10153;67
260;20250715;23;40;173;0;10148;61
260;20250715;24;30;170;0;10139;65
260;20250716;1;40;171;0;10131;70
260;20250716;2;40;156;0;10126;86
260;20250716;3;30;147;0;10126;95
260;20250716;4;30;142;1;10120;96
260;20250716;5;30;149;6;10117;96
260;20250716;6;30;159;41;10119;94
260;20250716;7;30;171;90;10119;87
260;20250716;8;30;183;132;10121;80
260;20250716;9;40;189;167;10122;74
260;20250716;10;50;172;153;10125;82
260;20250716;11;50;177;159;10126;81
260;20250716;12;50;175;140;10130;87
260;20250716;13;50;181;171;10132;76
260;20250716;14;50;184;124;10135;75
260;20250716;15;50;198;239;10136;67
260;20250716;16;50;202;199;10139;67
260;20250716;17;40;192;129;10144;68
260;20250716;18;50;190;82;10149;69
260;20250716;19;40;182;39;10154;75
260;20250716;20;30;173;9;10161;80
260;20250716;21;20;162;0;10165;87
260;20250716;22;20;151;0;10169;92
260;20250716;23;20;152;0;10172;93
260;20250716;24;20;143;0;10172;95
260;20250717;1;10;130;0;10175;98
260;20250717;2;10;115;0;10172;97
260;20250717;3;20;114;0;10174;99
260;20250717;4;10;107;1;10176;99
260;20250717;5;20;144;22;10179;98
260;20250717;6;10;171;81;10180;84
260;20250717;7;20;184;127;10181;75
260;20250717;8;30;195;190;10182;67
260;20250717;9;30;209;220;10182;63
260;20250717;10;30;208;238;10181;61
260;20250717;11;30;212;280;10178;60
260;20250717;12;30;225;297;10179;51
260;20250717;13;40;232;261;10177;53
260;20250717;14;40;229;240;10175;52
260;20250717;15;30;231;259;10174;45
260;20250717;16;30;232;214;10172;48
260;20250717;17;30;226;159;10167;47
260;20250717;18;30;224;100;10167;46
260;20250717;19;20;212;42;10167;51
260;20250717;20;20;182;6;10168;73
260;20250717;21;10;150;0;10169;90
260;20250717;22;10;137;0;10166;94
260;20250717;23;10;127;0;10165;96
260;20250717;24;0;125;0;10163;98
260;20250718;1;0;121;0;10160;99
260;20250718;2;10;117;0;10157;99
260;20250718;3;10;115;0;10157;98
260;20250718;4;10;117;2;10156;98
260;20250718;5;10;135;21;10154;97
260;20250718;6;10;143;24;10157;97
260;20250718;7;10;185;130;10157;82
260;20250718;8;20;208;198;10156;76
260;20250718;9;20;230;243;10154;61
260;20250718;10;20;234;274;10150;60
260;20250718;11;10;240;261;10146;55
260;20250718;12;20;245;167;10146;57
260;20250718;13;10;249;129;10143;54
260;20250718;14;10;246;77;10141;56
260;20250718;15;10;257;188;10138;53
260;20250718;16;10;258;98;10134;58
260;20250718;17;20;256;142;10130;53
260;20250718;18;10;251;101;10128;54
260;20250718;19;30;238;42;10128;60
260;20250718;20;20;205;6;10129;78
260;20250718;21;10;184;0;10128;86
260;20250718;22;20;178;0;10124;87
260;20250718;23;20;173;0;10121;90
260;20250718;24;20;175;0;10118;90
260;20250719;1;20;177;0;10112;90
260;20250719;2;20;169;0;10109;94
260;20250719;3;20;167;0;10106;94
260;20250719;4;20;167;1;10102;94
260;20250719;5;20;185;20;10098;86
260;20250719;6;30;201;68;10096;79
260;20250719;7;30;226;135;10092;71
260;20250719;8;30;236;148;10086;64
260;20250719;9;30;245;155;10078;62
260;20250719;10;40;259;167;10075;58
260;20250719;11;50;271;281;10068;47
260;20250719;12;50;275;267;10063;45
260;20250719;13;60;282;230;10053;40
260;20250719;14;60;287;246;10049;40
260;20250719;15;60;283;125;10048;42
260;20250719;16;40;277;59;10044;43
260;20250719;17;30;264;22;10048;51
260;20250719;18;30;224;6;10049;79
260;20250719;19;20;215;4;10052;86
260;20250719;20;20;209;0;10053;91
260;20250719;21;20;209;0;10056;91
260;20250719;22;20;212;0;10056;89
260;20250719;23;30;210;0;10058;89
260;20250719;24;20;197;0;10054;90
260;20250720;1;10;192;0;10054;93
260;20250720;2;10;177;0;10052;98
260;20250720;3;10;177;0;10050;97
260;20250720;4;10;173;1;10047;98
260;20250720;5;10;179;8;10049;100
260;20250720;6;10;192;17;10046;98
260;20250720;7;20;201;53;10046;93
260;20250720;8;30;212;95;10043;84
260;20250720;9;40;230;217;10038;75
260;20250720;10;40;246;266;10034;67
260;20250720;11;50;247;252;10032;63
260;20250720;12;50;255;184;10030;52
260;20250720;13;50;254;129;10027;54
260;20250720;14;50;252;143;10027;52
260;20250720;15;60;219;84;10033;68
260;20250720;16;20;194;24;10027;90
260;20250720;17;10;201;54;10027;87
260;20250720;18;10;204;49;10033;88
260;20250720;19;20;199;43;10033;88
260;20250720;20;30;191;7;10036;91
260;20250720;21;10;171;0;10040;97
260;20250720;22;20;169;0;10039;98
260;20250720;23;20;176;0;10033;96
260;20250720;24;20;170;0;10030;96
260;20250721;1;20;163;0;10031;98
260;20250721;2;20;163;0;10033;94
260;20250721;3;30;155;0;10032;90
260;20250721;4;20;147;0;10030;94
260;20250721;5;20;149;9;10031;94
260;20250721;6;30;169;61;10031;90
260;20250721;7;30;191;115;10029;84
260;20250721;8;40;206;183;10026;68
260;20250721;9;50;214;205;10029;65
260;20250721;10;50;215;195;10027;62
260;20250721;11;50;227;223;10021;58
260;20250721;12;40;215;128;10021;61
260;20250721;13;40;217;182;10020;63
260;20250721;14;40;188;62;10022;84
260;20250721;15;40;213;226;10021;74
260;20250721;16;40;215;144;10018;65
260;20250721;17;50;221;153;10018;60
260;20250721;18;40;211;80;10022;64
260;20250721;19;20;195;13;10027;73
260;20250721;20;30;168;1;10036;91
260;20250721;21;20;165;0;10040;97
260;20250721;22;10;164;0;10042;98
260;20250721;23;20;164;0;10044;97
260;20250721;24;20;165;0;10045;97
260;20250722;1;20;166;0;10047;97
260;20250722;2;30;168;0;10049;96
260;20250722;3;30;166;0;10051;96
260;20250722;4;30;167;0;10056;96
260;20250722;5;30;170;10;10060;95
260;20250722;6;40;172;31;10065;94
260;20250722;7;40;182;64;10071;91
260;20250722;8;40;199;131;10074;83
260;20250722;9;50;195;137;10078;83
260;20250722;10;40;195;83;10079;84
260;20250722;11;40;206;94;10082;71
260;20250722;12;40;201;96;10086;76
260;20250722;13;40;210;117;10089;71
260;20250722;14;60;220;239;10091;65
260;20250722;15;60;215;206;10095;65
260;20250722;16;50;216;164;10098;64
260;20250722;17;40;208;114;10100;67
260;20250722;18;40;210;67;10105;68
260;20250722;19;30;204;40;10105;71
260;20250722;20;30;195;5;10109;75
260;20250722;21;20;184;0;10111;85
260;20250722;22;20;178;0;10113;88
260;20250722;23;30;179;0;10110;91
260;20250722;24;20;183;0;10110;89
260;20250723;1;30;184;0;10110;90
260;20250723;2;30;184;0;10108;90
260;20250723;3;20;182;0;10107;91
260;20250723;4;20;184;0;10108;90
260;20250723;5;20;186;10;10108;89
260;20250723;6;20;183;12;10109;90
260;20250723;7;30;175;11;10112;95
260;20250723;8;20;180;22;10115;94
260;20250723;9;30;191;77;10116;89
260;20250723;10;30;191;97;10118;89
260;20250723;11;30;213;189;10118;81
260;20250723;12;30;209;151;10118;75
260;20250723;13;30;217;167;10117;71
260;20250723;14;30;219;137;10117;69
260;20250723;15;40;224;203;10118;67
260;20250723;16;40;225;197;10118;67
260;20250723;17;30;218;156;10120;63
260;20250723;18;30;211;61;10120;71
260;20250723;19;30;203;51;10121;74
260;20250723;20;20;190;7;10125;82
260;20250723;21;20;176;0;10127;88
260;20250723;22;10;161;0;10128;95
260;20250723;23;10;160;0;10130;98
260;20250723;24;10;141;0;10129;99
260;20250724;1;10;137;0;10129;98
260;20250724;2;10;131;0;10132;98
260;20250724;3;10;124;0;10132;99
260;20250724;4;10;124;0;10129;99
260;20250724;5;10;141;15;10131;100
260;20250724;6;10;169;61;10134;92
260;20250724;7;10;182;66;10136;86
260;20250724;8;10;192;99;10138;79
260;20250724;9;10;200;133;10140;75
260;20250724;10;20;213;219;10143;68
260;20250724;11;30;220;222;10140;65
260;20250724;12;10;218;110;10142;64
260;20250724;13;20;219;99;10143;68
260;20250724;14;20;231;164;10142;61
260;20250724;15;20;237;166;10142;59
260;20250724;16;30;237;204;10143;58
260;20250724;17;40;230;175;10144;64
260;20250724;18;40;221;94;10148;68
260;20250724;19;30;209;37;10152;74
260;20250724;20;20;195;4;10159;79
260;20250724;21;20;174;0;10162;89
260;20250724;22;20;168;0;10164;93
260;20250724;23;10;150;0;10167;96
260;20250724;24;10;144;0;10165;97
260;20250725;1;10;153;0;10164;99
260;20250725;2;10;161;0;10162;98
260;20250725;3;10;170;0;10162;97
260;20250725;4;10;179;0;10164;94
260;20250725;5;10;181;4;10166;93
260;20250725;6;20;182;20;10169;93
260;20250725;7;20;182;22;10174;92
260;20250725;8;30;190;57;10176;88
260;20250725;9;30;200;110;10176;79
260;20250725;10;20;202;104;10177;77
260;20250725;11;30;204;89;10180;79
260;20250725;12;30;197;91;10182;81
260;20250725;13;40;207;177;10180;77
260;20250725;14;30;205;122;10180;77
260;20250725;15;30;221;168;10178;71
260;20250725;16;30;221;143;10175;69
260;20250725;17;30;220;94;10173;68
260;20250725;18;20;213;66;10173;70
260;20250725;19;20;209;34;10178;72
260;20250725;20;10;182;5;10181;87
260;20250725;21;0;160;0;10182;95
260;20250725;22;10;155;0;10185;99
260;20250725;23;10;143;0;10182;99
260;20250725;24;10;136;0;10179;98
260;20250726;1;0;129;0;10177;99
260;20250726;2;0;135;0;10174;99
260;20250726;3;10;124;0;10169;99
260;20250726;4;10;129;0;10168;99
260;20250726;5;20;150;9;10166;98
260;20250726;6;20;164;38;10164;94
260;20250726;7;30;187;77;10164;86
260;20250726;8;40;212;138;10158;74
260;20250726;9;40;215;159;10156;69
260;20250726;10;30;223;124;10157;69
260;20250726;11;40;236;201;10157;64
260;20250726;12;40;259;258;10153;55
260;20250726;13;40;230;79;10153;61
260;20250726;14;40;241;109;10150;54
260;20250726;15;40;230;128;10148;55
260;20250726;16;30;228;65;10146;53
260;20250726;17;30;214;62;10144;74
260;20250726;18;30;213;43;10144;74
260;20250726;19;30;201;28;10145;79
260;20250726;20;30;196;1;10149;82
260;20250726;21;30;193;0;10151;86
260;20250726;22;20;188;0;10150;90
260;20250726;23;20;189;0;10150;91
260;20250726;24;30;171;0;10151;96
260;20250727;1;30;164;0;10147;94
260;20250727;2;20;158;0;10146;95
260;20250727;3;20;151;0;10146;96
260;20250727;4;10;147;0;10145;97
260;20250727;5;10;153;11;10141;96
260;20250727;6;20;172;61;10144;86
260;20250727;7;20;178;61;10147;84
260;20250727;8;10;185;66;10148;78
260;20250727;9;30;189;122;10148;74
260;20250727;10;30;193;114;10147;70
260;20250727;11;20;196;100;10145;70
260;20250727;12;30;196;117;10145;67
260;20250727;13;20;189;44;10143;75
260;20250727;14;10;199;103;10139;65
260;20250727;15;10;195;34;10141;70
260;20250727;16;20;212;106;10139;53
260;20250727;17;40;199;92;10139;62
260;20250727;18;40;184;40;10142;70
260;20250727;19;20;175;17;10146;73
260;20250727;20;30;169;2;10150;75
260;20250727;21;30;163;0;10153;78
260;20250727;22;10;139;0;10155;90
260;20250727;23;10;133;0;10157;92
260;20250727;24;10;117;0;10155;98
260;20250728;1;20;125;0;10153;96
260;20250728;2;20;138;0;10153;94
260;20250728;3;10;146;0;10154;92
260;20250728;4;20;155;0;10156;89
260;20250728;5;10;155;3;10160;90
260;20250728;6;10;166;27;10162;83
260;20250728;7;20;175;56;10165;77
260;20250728;8;30;190;124;10168;69
260;20250728;9;40;189;196;10169;65
260;20250728;10;40;193;205;10172;66
260;20250728;11;40;165;110;10177;86
260;20250728;12;30;196;161;10175;72
260;20250728;13;40;170;168;10177;87
260;20250728;14;40;208;212;10175;65
260;20250728;15;50;198;178;10177;66
260;20250728;16;40;203;163;10178;63
260;20250728;17;40;198;126;10181;65
260;20250728;18;40;193;87;10183;65
260;20250728;19;30;180;32;10185;73
260;20250728;20;20;166;3;10189;80
260;20250728;21;20;158;0;10190;84
260;20250728;22;20;145;0;10191;91
260;20250728;23;20;156;0;10191;86
260;20250728;24;20;161;0;10189;84
260;20250729;1;20;158;0;10187;87
260;20250729;2;20;154;0;10182;90
260;20250729;3;20;154;0;10178;89
260;20250729;4;10;151;0;10175;86
260;20250729;5;20;157;13;10176;86
260;20250729;6;10;180;65;10178;77
260;20250729;7;20;184;110;10176;67
260;20250729;8;20;187;107;10177;63
260;20250729;9;30;197;176;10175;52
260;20250729;10;20;211;285;10171;51
260;20250729;11;30;206;205;10169;49
260;20250729;12;30;208;195;10168;49
260;20250729;13;30;217;219;10165;46
260;20250729;14;30;222;210;10164;44
260;20250729;15;30;210;167;10163;44
260;20250729;16;30;216;202;10162;44
260;20250729;17;40;201;111;10163;55
260;20250729;18;30;189;46;10163;59
260;20250729;19;20;181;24;10166;65
260;20250729;20;10;166;2;10169;76
260;20250729;21;10;140;0;10168;92
260;20250729;22;10;140;0;10167;94
260;20250729;23;10;139;0;10164;95
260;20250729;24;20;153;0;10164;84
260;20250730;1;20;130;0;10161;93
260;20250730;2;10;113;0;10159;97
260;20250730;3;10;111;0;10157;98
260;20250730;4;20;108;0;10158;98
260;20250730;5;10;115;8;10159;99
260;20250730;6;10;163;57;10160;83
260;20250730;7;20;178;96;10162;71
260;20250730;8;30;187;142;10163;64
260;20250730;9;40;193;172;10162;60
260;20250730;10;40;201;230;10164;55
260;20250730;11;40;209;283;10163;49
260;20250730;12;50;208;248;10163;55
260;20250730;13;50;213;260;10165;53
260;20250730;14;50;201;235;10166;53
260;20250730;15;50;208;141;10164;55
260;20250730;16;50;204;191;10165;53
260;20250730;17;50;193;116;10164;61
260;20250730;18;30;193;52;10163;59
260;20250730;19;30;186;25;10165;65
260;20250730;20;40;179;3;10167;69
260;20250730;21;30;172;0;10165;73
260;20250730;22;20;176;0;10162;72
260;20250730;23;30;176;0;10158;72
260;20250730;24;20;175;0;10154;74
260;20250731;1;30;172;0;10147;77
260;20250731;2;30;176;0;10143;82
260;20250731;3;30;180;0;10140;84
260;20250731;4;20;179;0;10140;83
260;20250731;5;20;174;4;10141;89
260;20250731;6;10;182;26;10143;83
260;20250731;7;20;189;56;10144;73
260;20250731;8;20;199;91;10145;69
260;20250731;9;30;208;218;10144;64
260;20250731;10;30;208;144;10142;66
260;20250731;11;30;213;101;10140;68
260;20250731;12;40;214;111;10138;66
260;20250731;13;50;210;164;10139;67
260;20250731;14;50;193;79;10142;76
260;20250731;15;40;190;71;10138;81
260;20250731;16;30;197;98;10133;76
260;20250731;17;30;177;23;10132;93
260;20250731;18;30;177;30;10130;92
260;20250731;19;30;172;16;10130;89
260;20250731;20;20;161;3;10131;88
260;20250731;21;20;148;0;10130;93
260;20250731;22;20;148;0;10127;91
260;20250731;23;20;140;0;10125;96
260;20250731;24;20;143;0;10125;96
260;20250801;1;20;148;0;10119;96
260;20250801;2;20;154;0;10116;94
260;20250801;3;20;154;0;10114;95
260;20250801;4;10;152;0;10114;97
260;20250801;5;10;154;6;10112;97
260;20250801;6;20;164;32;10112;94
260;20250801;7;20;176;73;10112;89
260;20250801;8;30;164;73;10114;91
260;20250801;9;40;176;138;10113;84
260;20250801;10;40;162;125;10115;90
260;20250801;11;30;186;159;10112;83
260;20250801;12;50;191;208;10113;74
260;20250801;13;50;177;208;10118;74
260;20250801;14;50;203;248;10117;60
260;20250801;15;50;193;163;10118;70
260;20250801;16;50;196;162;10118;68
260;20250801;17;50;189;110;10118;67
260;20250801;18;40;181;60;10119;73
260;20250801;19;40;168;14;10123;80
260;20250801;20;30;158;1;10125;90
260;20250801;21;20;158;0;10126;89
260;20250801;22;20;156;0;10124;90
260;20250801;23;20;153;0;10121;90
260;20250801;24;20;152;0;10117;88
260;20250802;1;30;153;0;10111;91
260;20250802;2;30;156;0;10109;96
260;20250802;3;30;157;0;10107;95
260;20250802;4;20;153;0;10106;98
260;20250802;5;20;157;7;10107;96
260;20250802;6;20;159;13;10112;95
260;20250802;7;30;169;93;10118;88
260;20250802;8;30;158;80;10124;94
260;20250802;9;30;161;52;10131;93
260;20250802;10;40;177;136;10135;85
260;20250802;11;50;188;219;10138;72
260;20250802;12;40;195;185;10140;66
260;20250802;13;50;184;196;10147;69
260;20250802;14;40;192;172;10150;64
260;20250802;15;50;184;129;10154;66
260;20250802;16;40;186;105;10156;66
260;20250802;17;40;175;76;10158;71
260;20250802;18;40;161;30;10164;76
260;20250802;19;20;161;6;10166;78
260;20250802;20;30;147;1;10170;88
260;20250802;21;20;146;0;10171;88
260;20250802;22;20;149;0;10170;88
260;20250802;23;20;152;0;10171;80
260;20250802;24;20;154;0;10171;74
260;20250803;1;20;157;0;10171;72
260;20250803;2;20;155;0;10171;75
260;20250803;3;20;152;0;10168;77
260;20250803;4;30;154;0;10164;79
260;20250803;5;30;159;4;10163;80
260;20250803;6;30;168;43;10163;78
260;20250803;7;40;183;109;10163;72
260;20250803;8;40;194;169;10164;72
260;20250803;9;50;203;151;10167;58
260;20250803;10;50;198;172;10168;58
260;20250803;11;50;213;226;10166;57
260;20250803;12;50;213;220;10167;56
260;20250803;13;50;211;212;10167;55
260;20250803;14;50;216;194;10165;57
260;20250803;15;50;211;201;10166;58
260;20250803;16;50;208;112;10163;58
260;20250803;17;40;201;42;10163;67
260;20250803;18;40;196;20;10164;73
260;20250803;19;40;178;3;10164;91
260;20250803;20;30;177;0;10164;97
260;20250803;21;30;183;0;10165;99
260;20250803;22;20;186;0;10164;96
260;20250803;23;20;185;0;10162;97
260;20250803;24;20;182;0;10161;97
260;20250804;1;30;180;0;10160;97
260;20250804;2;20;175;0;10161;97
260;20250804;3;20;173;0;10160;99
260;20250804;4;10;167;0;10162;99
260;20250804;5;10;170;11;10164;96
260;20250804;6;20;179;33;10166;92
260;20250804;7;20;186;49;10166;89
260;20250804;8;30;195;73;10165;87
260;20250804;9;30;209;147;10164;74
260;20250804;10;40;215;160;10161;67
260;20250804;11;50;231;207;10159;63
260;20250804;12;70;229;204;10151;62
260;20250804;13;70;229;151;10147;59
260;20250804;14;60;239;137;10141;59
260;20250804;15;70;235;138;10138;63
260;20250804;16;70;227;70;10133;67
260;20250804;17;70;226;25;10130;68
260;20250804;18;60;213;8;10130;80
260;20250804;19;50;199;3;10129;91
260;20250804;20;70;190;1;10132;87
260;20250804;21;60;196;0;10132;85
260;20250804;22;50;164;0;10141;94
260;20250804;23;10;164;0;10143;93
260;20250804;24;10;161;0;10144;95
260;20250805;1;20;159;0;10145;96
260;20250805;2;20;158;0;10147;97
260;20250805;3;20;158;0;10148;87
260;20250805;4;20;152;0;10151;78
260;20250805;5;20;145;3;10157;80
260;20250805;6;20;161;41;10163;74
260;20250805;7;30;175;110;10167;67
260;20250805;8;40;186;160;10170;62
260;20250805;9;50;188;183;10175;51
260;20250805;10;60;184;210;10182;55
260;20250805;11;50;184;213;10187;53
260;20250805;12;60;197;277;10192;49
260;20250805;13;60;189;271;10198;54
260;20250805;14;60;184;136;10203;54
260;20250805;15;50;198;168;10206;53
260;20250805;16;50;196;152;10209;49
260;20250805;17;50;141;56;10219;90
260;20250805;18;30;155;55;10219;77
260;20250805;19;20;158;25;10220;73
260;20250805;20;20;140;1;10224;87
260;20250805;21;30;146;0;10230;85
260;20250805;22;20;137;0;10233;86
260;20250805;23;10;125;0;10235;95
260;20250805;24;10;137;0;10235;90
260;20250806;1;20;142;0;10236;86
260;20250806;2;20;126;0;10237;93
260;20250806;3;20;114;0;10238;98
260;20250806;4;20;122;0;10238;92
260;20250806;5;20;126;9;10239;92
260;20250806;6;20;153;50;10241;81
260;20250806;7;20;171;97;10244;72
260;20250806;8;30;181;152;10244;69
260;20250806;9;40;189;179;10243;67
260;20250806;10;50;191;192;10244;55
260;20250806;11;40;202;186;10244;56
260;20250806;12;40;206;227;10242;53
260;20250806;13;40;204;221;10239;52
260;20250806;14;40;206;196;10235;50
260;20250806;15;30;205;190;10233;51
260;20250806;16;30;207;171;10225;51
260;20250806;17;20;201;122;10222;53
260;20250806;18;20;188;48;10218;61
260;20250806;19;10;169;14;10215;79
260;20250806;20;10;143;1;10215;93
260;20250806;21;10;138;0;10211;94
260;20250806;22;10;132;0;10206;97
260;20250806;23;10;129;0;10203;98
260;20250806;24;10;130;0;10195;98
260;20250807;1;20;128;0;10189;96
260;20250807;2;20;140;0;10186;86
260;20250807;3;20;144;0;10180;82
260;20250807;4;20;141;0;10178;84
260;20250807;5;20;144;5;10174;83
260;20250807;6;20;156;25;10173;79
260;20250807;7;30;173;52;10172;72
260;20250807;8;30;198;124;10168;60
260;20250807;9;40;211;191;10162;56
260;20250807;10;50;221;240;10163;50
260;20250807;11;50;228;234;10161;46
260;20250807;12;50;232;211;10162;49
260;20250807;13;50;224;156;10161;46
260;20250807;14;50;208;91;10165;60
260;20250807;15;40;216;110;10157;56
260;20250807;16;30;222;125;10153;50
260;20250807;17;40;219;83;10151;57
260;20250807;18;30;215;25;10152;59
260;20250807;19;20;205;6;10153;66
260;20250807;20;20;200;0;10151;72
260;20250807;21;20;195;0;10148;73
260;20250807;22;20;175;0;10146;83
260;20250807;23;20;190;0;10145;68
260;20250807;24;20;187;0;10145;70
260;20250808;1;20;191;0;10146;67
260;20250808;2;20;185;0;10145;69
260;20250808;3;30;181;0;10147;74
260;20250808;4;30;177;0;10152;80
260;20250808;5;20;180;5;10155;83
260;20250808;6;20;186;18;10160;87
260;20250808;7;30;199;57;10166;84
260;20250808;8;30;213;123;10167;80
260;20250808;9;40;216;133;10173;72
260;20250808;10;40;220;150;10177;67
260;20250808;11;30;232;207;10180;61
260;20250808;12;30;234;234;10185;58
260;20250808;13;40;240;254;10187;53
260;20250808;14;40;235;201;10190;54
260;20250808;15;40;228;141;10191;58
260;20250808;16;30;230;113;10194;60
260;20250808;17;30;221;96;10195;61
260;20250808;18;30;216;55;10197;63
260;20250808;19;20;195;27;10201;74
260;20250808;20;20;172;0;10205;86
260;20250808;21;10;148;0;10205;96
260;20250808;22;10;135;0;10205;97
260;20250808;23;0;125;0;10204;99
260;20250808;24;0;118;0;10203;99
260;20250809;1;0;113;0;10199;99
260;20250809;2;0;105;0;10199;99
260;20250809;3;0;101;0;10196;99
260;20250809;4;0;100;0;10196;99
260;20250809;5;10;110;7;10196;98
260;20250809;6;10;128;34;10196;98
260;20250809;7;10;153;65;10197;97
260;20250809;8;10;197;161;10199;68
260;20250809;9;30;214;218;10195;64
260;20250809;10;40;223;253;10192;60
260;20250809;11;40;232;297;10192;54
260;20250809;12;40;233;279;10193;54
260;20250809;13;40;239;280;10198;45
260;20250809;14;40;239;242;10198;53
260;20250809;15;40;222;187;10204;59
260;20250809;16;40;214;168;10211;60
260;20250809;17;40;213;117;10214;59
260;20250809;18;40;201;75;10220;57
260;20250809;19;20;184;22;10228;64
260;20250809;20;10;145;0;10232;86
260;20250809;21;10;129;0;10236;94
260;20250809;22;0;122;0;10239;97
260;20250809;23;10;117;0;10243;99
260;20250809;24;10;113;0;10245;99
260;20250810;1;10;112;0;10246;98
260;20250810;2;10;110;0;10247;98
260;20250810;3;10;107;0;10249;99
260;20250810;4;10;103;0;10252;99
260;20250810;5;10;114;6;10258;100
260;20250810;6;10;141;41;10266;97
260;20250810;7;10;178;96;10271;86
260;20250810;8;10;206;158;10276;73
260;20250810;9;10;214;205;10280;62
260;20250810;10;20;225;253;10283;55
260;20250810;11;30;227;274;10283;54
260;20250810;12;20;231;210;10283;53
260;20250810;13;30;238;210;10282;44
260;20250810;14;30;242;257;10281;45
260;20250810;15;30;236;237;10280;44
260;20250810;16;30;232;180;10276;47
260;20250810;17;30;226;126;10274;49
260;20250810;18;40;208;67;10274;57
260;20250810;19;30;197;18;10273;60
260;20250810;20;20;179;0;10278;71
260;20250810;21;20;146;0;10277;89
260;20250810;22;10;130;0;10277;94
260;20250810;23;10;124;0;10277;95
260;20250810;24;10;123;0;10273;94
260;20250811;1;10;114;0;10270;97
260;20250811;2;10;109;0;10266;97
260;20250811;3;10;107;0;10264;99
260;20250811;4;10;102;0;10259;97
260;20250811;5;10;108;4;10254;100
260;20250811;6;10;147;41;10253;90
260;20250811;7;10;188;96;10253;73
260;20250811;8;10;211;153;10253;66
260;20250811;9;10;233;205;10250;55
260;20250811;10;10;248;250;10246;47
260;20250811;11;10;265;281;10241;41
260;20250811;12;20;264;293;10238;41
260;20250811;13;20;273;288;10229;38
260;20250811;14;10;276;266;10224;36
260;20250811;15;30;266;228;10218;48
260;20250811;16;40;265;178;10213;51
260;20250811;17;30;262;122;10209;50
260;20250811;18;30;249;65;10209;55
260;20250811;19;30;231;14;10208;60
260;20250811;20;30;210;0;10207;69
260;20250811;21;30;202;0;10204;72
260;20250811;22;30;195;0;10204;72
260;20250811;23;20;184;0;10202;75
260;20250811;24;20;173;0;10199;81
260;20250812;1;20;171;0;10193;82
260;20250812;2;20;178;0;10187;79
260;20250812;3;20;167;0;10185;84
260;20250812;4;20;157;0;10181;87
260;20250812;5;20;164;4;10180;85
260;20250812;6;20;178;25;10179;79
260;20250812;7;20;205;75;10173;66
260;20250812;8;30;214;71;10171;58
260;20250812;9;20;227;92;10175;58
260;20250812;10;20;244;167;10169;53
260;20250812;11;30;267;199;10160;45
260;20250812;12;50;288;272;10151;38
260;20250812;13;40;302;278;10149;36
260;20250812;14;40;302;263;10141;38
260;20250812;15;40;303;226;10137;38
260;20250812;16;30;306;174;10134;37
260;20250812;17;20;307;114;10131;39
260;20250812;18;10;287;52;10131;47
260;20250812;19;20;262;16;10132;54
260;20250812;20;20;227;0;10136;70
260;20250812;21;20;219;0;10134;69
260;20250812;22;20;196;0;10132;82
260;20250812;23;10;180;0;10132;90
260;20250812;24;10;169;0;10132;93
260;20250813;1;10;161;0;10133;95
260;20250813;2;0;157;0;10134;97
260;20250813;3;10;153;0;10132;98
260;20250813;4;10;148;0;10132;99
260;20250813;5;0;151;4;10137;97
260;20250813;6;0;195;36;10143;85
260;20250813;7;10;231;86;10149;67
260;20250813;8;10;264;142;10146;56
260;20250813;9;10;277;189;10150;54
260;20250813;10;20;286;235;10153;55
260;20250813;11;20;295;258;10153;54
260;20250813;12;20;295;244;10148;50
260;20250813;13;20;311;269;10149;46
260;20250813;14;30;310;231;10150;50
260;20250813;15;30;302;169;10148;53
260;20250813;16;20;303;139;10149;52
260;20250813;17;20;283;69;10153;64
260;20250813;18;30;252;43;10158;75
260;20250813;19;10;235;9;10158;82
260;20250813;20;10;221;0;10166;88
260;20250813;21;10;201;0;10165;94
260;20250813;22;0;194;0;10167;96
260;20250813;23;0;196;0;10167;97
260;20250813;24;10;203;0;10173;95
260;20250814;1;10;209;0;10169;91
260;20250814;2;10;214;0;10169;88
260;20250814;3;20;215;0;10156;85
260;20250814;4;10;201;0;10165;95
260;20250814;5;10;212;1;10177;88
260;20250814;6;20;218;13;10177;88
260;20250814;7;10;221;20;10178;86
260;20250814;8;10;249;103;10178;72
260;20250814;9;40;264;179;10176;60
260;20250814;10;30;275;229;10177;59
260;20250814;11;30;288;262;10177;48
260;20250814;12;40;292;276;10176;50
260;20250814;13;30;305;271;10174;45
260;20250814;14;40;281;250;10177;64
260;20250814;15;50;270;214;10182;66
260;20250814;16;40;263;164;10184;65
260;20250814;17;40;251;107;10187;67
260;20250814;18;30;225;54;10196;75
260;20250814;19;30;209;12;10201;81
260;20250814;20;30;200;0;10206;84
260;20250814;21;20;192;0;10213;89
260;20250814;22;20;188;0;10214;91
260;20250814;23;20;184;0;10217;93
260;20250814;24;20;176;0;10219;96
260;20250815;1;10;154;0;10220;97
260;20250815;2;10;141;0;10221;99
260;20250815;3;10;137;0;10223;99
260;20250815;4;0;134;0;10225;99
260;20250815;5;0;138;4;10227;100
260;20250815;6;10;177;38;10231;97
260;20250815;7;10;214;94;10233;78
260;20250815;8;20;237;154;10235;66
260;20250815;9;20;251;208;10237;61
260;20250815;10;20;263;241;10238;54
260;20250815;11;30;265;225;10238;53
260;20250815;12;30;267;220;10236;53
260;20250815;13;40;266;211;10236;52
260;20250815;14;40;273;215;10234;49
260;20250815;15;40;267;225;10233;52
260;20250815;16;50;254;146;10234;57
260;20250815;17;40;250;104;10235;59
260;20250815;18;40;229;60;10238;72
260;20250815;19;30;212;14;10241;79
260;20250815;20;30;192;0;10243;87
260;20250815;21;20;189;0;10245;88
260;20250815;22;30;191;0;10247;84
260;20250815;23;30;190;0;10247;83
260;20250815;24;30;188;0;10248;85
260;20250816;1;20;188;0;10247;87
260;20250816;2;20;188;0;10248;88
260;20250816;3;20;191;0;10248;83
260;20250816;4;20;183;0;10249;87
260;20250816;5;20;181;0;10252;87
260;20250816;6;30;181;6;10254;86
260;20250816;7;30;178;12;10257;86
260;20250816;8;30;186;37;10261;81
260;20250816;9;30;191;59;10263;74
260;20250816;10;40;192;66;10264;72
260;20250816;11;40;191;62;10266;73
260;20250816;12;40;188;56;10264;73
260;20250816;13;40;200;105;10261;65
260;20250816;14;40;200;105;10258;62
260;20250816;15;40;201;161;10255;58
260;20250816;16;50;205;188;10252;55
260;20250816;17;40;190;80;10250;63
260;20250816;18;40;184;56;10251;61
260;20250816;19;40;169;13;10252;66
260;20250816;20;20;156;0;10253;72
260;20250816;21;20;141;0;10251;79
260;20250816;22;10;112;0;10251;93
260;20250816;23;10;103;0;10253;96
260;20250816;24;10;96;0;10251;99
260;20250817;1;10;89;0;10249;97
260;20250817;2;10;93;0;10245;98
260;20250817;3;10;96;0;10242;99
260;20250817;4;10;100;0;10238;99
260;20250817;5;0;103;2;10238;98
260;20250817;6;10;126;26;10238;98
260;20250817;7;10;158;40;10239;83
260;20250817;8;20;166;33;10238;78
260;20250817;9;30;168;45;10239;81
260;20250817;10;30;180;98;10237;77
260;20250817;11;30;186;129;10235;75
260;20250817;12;30;191;127;10231;75
260;20250817;13;30;188;65;10229;79
260;20250817;14;30;191;77;10227;77
260;20250817;15;40;193;90;10225;72
260;20250817;16;30;189;50;10224;76
260;20250817;17;30;183;23;10223;78
260;20250817;18;30;174;20;10223;86
260;20250817;19;20;163;5;10220;91
260;20250817;20;10;165;0;10222;94
260;20250817;21;20;165;0;10222;90
260;20250817;22;10;164;0;10223;92
260;20250817;23;10;164;0;10222;91
260;20250817;24;10;163;0;10221;91
260;20250818;1;20;164;0;10219;90
260;20250818;2;10;161;0;10220;92
260;20250818;3;10;160;0;10217;93
260;20250818;4;10;160;0;10218;93
260;20250818;5;10;162;1;10218;91
260;20250818;6;20;166;14;10216;89
260;20250818;7;20;173;33;10218;85
260;20250818;8;20;181;59;10220;79
260;20250818;9;20;190;96;10219;77
260;20250818;10;20;200;149;10217;69
260;20250818;11;20;215;161;10214;57
260;20250818;12;20;223;159;10210;58
260;20250818;13;20;231;165;10205;53
260;20250818;14;30;228;176;10200;56
260;20250818;15;30;245;151;10193;47
260;20250818;16;40;233;137;10190;55
260;20250818;17;40;231;93;10187;58
260;20250818;18;40;218;59;10186;64
260;20250818;19;30;201;12;10187;74
260;20250818;20;30;190;0;10188;82
260;20250818;21;20;180;0;10183;87
260;20250818;22;20;175;0;10182;89
260;20250818;23;30;170;0;10180;86
260;20250818;24;30;164;0;10178;85
260;20250819;1;20;155;0;10175;88
260;20250819;2;20;147;0;10174;90
260;20250819;3;20;140;0;10170;89
260;20250819;4;20;137;0;10167;89
260;20250819;5;20;138;2;10165;88
260;20250819;6;20;159;35;10165;81
260;20250819;7;20;181;91;10163;74
260;20250819;8;30;200;151;10160;66
260;20250819;9;30;224;206;10160;57
260;20250819;10;30;240;248;10154;50
260;20250819;11;40;254;279;10151;41
260;20250819;12;30;247;240;10146;48
260;20250819;13;30;260;251;10140;47
260;20250819;14;40;256;219;10139;49
260;20250819;15;50;248;193;10138;55
260;20250819;16;50;241;182;10135;57
260;20250819;17;50;223;114;10137;65
260;20250819;18;50;205;54;10140;73
260;20250819;19;50;186;12;10141;80
260;20250819;20;40;175;0;10145;82
260;20250819;21;30;168;0;10145;83
260;20250819;22;30;163;0;10144;86
260;20250819;23;30;160;0;10145;83
260;20250819;24;30;160;0;10145;81
260;20250820;1;30;158;0;10144;77
260;20250820;2;30;156;0;10141;78
260;20250820;3;20;159;0;10139;78
260;20250820;4;10;162;0;10137;77
260;20250820;5;20;164;1;10137;76
260;20250820;6;30;165;12;10139;70
260;20250820;7;30;166;38;10140;70
260;20250820;8;30;176;85;10141;65
260;20250820;9;40;184;135;10141;61
260;20250820;10;40;201;203;10139;58
260;20250820;11;40;208;207;10136;59
260;20250820;12;40;205;204;10133;55
260;20250820;13;30;229;275;10129;49
260;20250820;14;30;233;258;10123;49
260;20250820;15;40;227;206;10122;56
260;20250820;16;30;225;126;10120;57
260;20250820;17;40;221;111;10119;56
260;20250820;18;40;213;45;10119;55
260;20250820;19;40;198;7;10124;54
260;20250820;20;40;185;0;10128;58
260;20250820;21;30;172;0;10131;64
260;20250820;22;30;162;0;10133;69
260;20250820;23;20;151;0;10134;76
260;20250820;24;20;142;0;10132;83
260;20250821;1;20;140;0;10128;87
260;20250821;2;20;140;0;10124;90
260;20250821;3;20;116;0;10123;95
260;20250821;4;20;116;0;10123;97
260;20250821;5;10;105;2;10124;99
260;20250821;6;20;151;38;10126;87
260;20250821;7;30;173;78;10129;73
260;20250821;8;40;187;151;10132;69
260;20250821;9;50;187;180;10137;66
260;20250821;10;50;191;151;10139;61
260;20250821;11;50;202;175;10141;51
260;20250821;12;50;195;220;10143;56
260;20250821;13;60;195;193;10149;56
260;20250821;14;60;201;201;10151;51
260;20250821;15;60;202;210;10153;52
260;20250821;16;60;186;149;10157;54
260;20250821;17;60;174;72;10159;56
260;20250821;18;50;166;38;10164;59
260;20250821;19;30;154;6;10170;61
260;20250821;20;20;149;0;10175;70
260;20250821;21;20;154;0;10179;71
260;20250821;22;20;150;0;10183;73
260;20250821;23;20;146;0;10187;74
260;20250821;24;10;145;0;10189;77
260;20250822;1;10;140;0;10188;78
260;20250822;2;10;137;0;10186;80
260;20250822;3;10;147;0;10186;70
260;20250822;4;20;142;0;10186;77
260;20250822;5;10;141;1;10186;77
260;20250822;6;20;146;12;10193;74
260;20250822;7;10;155;30;10195;70
260;20250822;8;20;160;66;10198;67
260;20250822;9;20;153;38;10201;80
260;20250822;10;20;169;97;10200;66
260;20250822;11;30;153;79;10202;77
260;20250822;12;30;168;116;10199;69
260;20250822;13;30;164;94;10198;66
260;20250822;14;20;175;98;10195;61
260;20250822;15;30;177;73;10193;56
260;20250822;16;40;174;82;10193;54
260;20250822;17;30;167;39;10196;57
260;20250822;18;30;152;8;10197;71
260;20250822;19;20;143;1;10197;80
260;20250822;20;10;138;0;10194;85
260;20250822;21;20;148;0;10191;74
260;20250822;22;20;148;0;10189;76
260;20250822;23;20;153;0;10185;70
260;20250822;24;30;134;0;10188;95
260;20250823;1;10;136;0;10184;97
260;20250823;2;10;137;0;10184;96
260;20250823;3;10;138;0;10181;97
260;20250823;4;10;137;0;10181;96
260;20250823;5;10;131;0;10183;98
260;20250823;6;10;136;16;10186;97
260;20250823;7;10;146;54;10190;87
260;20250823;8;10;154;58;10194;79
260;20250823;9;20;168;150;10198;60
260;20250823;10;40;167;165;10202;64
260;20250823;11;30;187;237;10200;51
260;20250823;12;40;180;167;10202;51
260;20250823;13;40;177;202;10204;57
260;20250823;14;40;187;211;10203;53
260;20250823;15;40;180;162;10206;57
260;20250823;16;40;177;154;10206;56
260;20250823;17;30;171;48;10206;57
260;20250823;18;30;164;22;10208;64
260;20250823;19;20;151;5;10210;69
260;20250823;20;10;121;0;10212;86
260;20250823;21;10;104;0;10215;93
260;20250823;22;10;90;0;10215;97
260;20250823;23;10;80;0;10217;98
260;20250823;24;0;74;0;10217;98
260;20250824;1;0;70;0;10216;98
260;20250824;2;0;65;0;10216;99
260;20250824;3;0;60;0;10214;99
260;20250824;4;0;57;0;10214;98
260;20250824;5;0;57;1;10214;99
260;20250824;6;10;99;39;10217;98
260;20250824;7;10;140;97;10220;79
260;20250824;8;10;165;148;10221;63
260;20250824;9;20;177;203;10222;58
260;20250824;10;20;181;234;10221;53
260;20250824;11;30;188;214;10220;53
260;20250824;12;20;198;278;10219;47
260;20250824;13;30;210;289;10213;42
260;20250824;14;30;198;216;10210;49
260;20250824;15;30;206;195;10210;49
260;20250824;16;30;202;180;10207;48
260;20250824;17;30;193;112;10205;54
260;20250824;18;30;184;49;10204;57
260;20250824;19;20;143;5;10207;80
260;20250824;20;10;114;0;10210;93
260;20250824;21;0;103;0;10212;95
260;20250824;22;0;94;0;10209;97
260;20250824;23;0;87;0;10209;97
260;20250824;24;0;79;0;10208;98
260;20250825;1;10;78;0;10205;98
260;20250825;2;0;72;0;10204;99
260;20250825;3;10;68;0;10204;99
260;20250825;4;10;64;0;10200;98
260;20250825;5;10;69;2;10202;99
260;20250825;6;10;110;34;10203;96
260;20250825;7;20;144;67;10204;80
260;20250825;8;20;171;153;10203;63
260;20250825;9;20;191;207;10202;54
260;20250825;10;20;205;219;10200;51
260;20250825;11;20;209;276;10193;46
260;20250825;12;20;225;271;10188;45
260;20250825;13;20;224;244;10183;43
260;20250825;14;10;228;204;10176;41
260;20250825;15;20;219;143;10171;47
260;20250825;16;10;228;160;10164;43
260;20250825;17;20;232;113;10160;42
260;20250825;18;20;213;54;10158;46
260;20250825;19;10;165;7;10157;74
260;20250825;20;10;138;0;10156;86
260;20250825;21;10;120;0;10156;91
260;20250825;22;10;108;0;10154;94
260;20250825;23;20;104;0;10150;94
260;20250825;24;20;102;0;10146;95
260;20250826;1;10;98;0;10140;97
260;20250826;2;20;97;0;10134;95
260;20250826;3;20;97;0;10130;93
260;20250826;4;20;97;0;10122;91
260;20250826;5;20;111;1;10118;84
260;20250826;6;20;142;33;10117;73
260;20250826;7;30;152;57;10111;71
260;20250826;8;30;175;113;10108;65
260;20250826;9;30;200;150;10105;60
260;20250826;10;30;225;216;10099;52
260;20250826;11;30;244;219;10095;44
260;20250826;12;40;250;162;10088;42
260;20250826;13;30;256;139;10082;40
260;20250826;14;30;266;136;10075;39
260;20250826;15;40;274;125;10072;34
260;20250826;16;30;268;107;10067;37
260;20250826;17;20;256;83;10068;47
260;20250826;18;30;233;22;10072;55
260;20250826;19;30;219;2;10077;64
260;20250826;20;30;204;0;10078;74
260;20250826;21;20;197;0;10080;80
260;20250826;22;30;190;0;10080;79
260;20250826;23;20;177;0;10083;80
260;20250826;24;30;177;0;10082;78
260;20250827;1;30;168;0;10080;82
260;20250827;2;30;161;0;10080;83
260;20250827;3;30;157;0;10081;85
260;20250827;4;30;154;0;10082;86
260;20250827;5;30;151;0;10083;89
260;20250827;6;20;143;11;10084;91
260;20250827;7;30;172;62;10090;80
260;20250827;8;30;193;107;10089;77
260;20250827;9;40;202;166;10089;73
260;20250827;10;40;213;196;10087;66
260;20250827;11;40;223;202;10082;59
260;20250827;12;30;234;220;10079;52
260;20250827;13;30;243;226;10077;49
260;20250827;14;30;247;222;10070;47
260;20250827;15;30;245;158;10067;47
260;20250827;16;30;245;136;10064;46
260;20250827;17;20;236;73;10060;51
260;20250827;18;10;209;20;10062;67
260;20250827;19;10;176;3;10064;82
260;20250827;20;0;164;0;10065;87
260;20250827;21;10;186;0;10067;79
260;20250827;22;10;165;0;10061;91
260;20250827;23;10;159;0;10055;93
260;20250827;24;10;150;0;10050;96
260;20250828;1;10;145;0;10048;95
260;20250828;2;10;151;0;10049;94
260;20250828;3;0;147;0;10045;96
260;20250828;4;10;142;0;10040;97
260;20250828;5;20;149;0;10038;91
260;20250828;6;20;156;11;10036;88
260;20250828;7;10;173;29;10035;80
260;20250828;8;20;188;60;10038;74
260;20250828;9;30;201;82;10033;67
260;20250828;10;20;214;114;10031;65
260;20250828;11;30;227;193;10027;58
260;20250828;12;40;240;225;10024;54
260;20250828;13;50;226;111;10028;58
260;20250828;14;50;177;59;10033;89
260;20250828;15;30;201;192;10030;77
260;20250828;16;30;197;95;10031;75
260;20250828;17;30;202;72;10031;66
260;20250828;18;30;192;42;10031;68
260;20250828;19;20;174;3;10036;72
260;20250828;20;20;135;0;10037;93
260;20250828;21;10;122;0;10033;97
260;20250828;22;10;114;0;10030;97
260;20250828;23;20;125;0;10027;89
260;20250828;24;20;122;0;10025;90
260;20250829;1;30;127;0;10026;87
260;20250829;2;20;120;0;10022;91
260;20250829;3;20;132;0;10016;88
260;20250829;4;20;107;0;10011;97
260;20250829;5;20;125;0;10009;92
260;20250829;6;30;137;16;10010;82
260;20250829;7;30;160;82;10007;74
260;20250829;8;40;179;130;10004;68
260;20250829;9;40;202;192;10001;62
260;20250829;10;60;213;230;9998;55
260;20250829;11;60;217;224;9993;48
260;20250829;12;60;216;208;9990;50
260;20250829;13;50;212;121;9987;52
260;20250829;14;60;210;72;9987;52
260;20250829;15;70;172;56;9993;84
260;20250829;16;40;186;62;9989;72
260;20250829;17;40;186;43;9989;70
260;20250829;18;30;171;16;9990;84
260;20250829;19;30;158;3;9995;90
260;20250829;20;30;155;0;10000;92
260;20250829;21;30;150;0;10003;94
260;20250829;22;30;149;0;10005;94
260;20250829;23;30;153;0;10007;90
260;20250829;24;30;152;0;10013;89
260;20250830;1;30;148;0;10016;89
260;20250830;2;20;142;0;10019;92
260;20250830;3;30;140;0;10025;94
260;20250830;4;30;143;0;10028;94
260;20250830;5;30;145;1;10033;93
260;20250830;6;30;153;27;10040;92
260;20250830;7;40;161;38;10045;91
260;20250830;8;40;170;61;10052;85
260;20250830;9;40;189;122;10061;78
260;20250830;10;50;205;132;10064;66
260;20250830;11;60;208;263;10066;62
260;20250830;12;50;214;224;10068;59
260;20250830;13;60;216;249;10071;54
260;20250830;14;50;222;188;10070;50
260;20250830;15;50;230;119;10071;52
260;20250830;16;50;215;59;10071;55
260;20250830;17;40;214;52;10072;56
260;20250830;18;40;204;13;10072;61
260;20250830;19;30;198;1;10073;61
260;20250830;20;30;190;0;10075;65
260;20250830;21;30;194;0;10072;62
260;20250830;22;30;193;0;10069;62
260;20250830;23;40;193;0;10065;62
260;20250830;24;40;190;0;10063;63
260;20250831;1;40;184;0;10060;67
260;20250831;2;40;182;0;10058;71
260;20250831;3;30;183;0;10058;72
260;20250831;4;40;182;0;10060;77
260;20250831;5;40;166;0;10063;95
260;20250831;6;30;167;3;10065;97
260;20250831;7;30;174;14;10070;95
260;20250831;8;40;189;70;10074;90
260;20250831;9;40;202;148;10077;77
260;20250831;10;40;207;132;10078;73
260;20250831;11;40;218;162;10078;60
260;20250831;12;40;227;176;10076;58
260;20250831;13;30;227;110;10071;63
260;20250831;14;30;229;130;10066;63
260;20250831;15;30;221;57;10066;70
260;20250831;16;30;196;27;10065;88
260;20250831;17;10;196;19;10063;91
260;20250831;18;30;192;12;10067;85
260;20250831;19;20;177;2;10069;90
260;20250831;20;10;171;0;10072;95
260;20250831;21;10;169;0;10069;96
260;20250831;22;10;169;0;10070;97
260;20250831;23;10;166;0;10070;98
260;20250831;24;10;167;0;10066;98
260;20250901;1;10;168;0;10064;95
260;20250901;2;20;164;0;10061;94
260;20250901;3;10;164;0;10058;90
260;20250901;4;10;154;0;10058;96
260;20250901;5;20;158;0;10053;93
260;20250901;6;20;164;8;10059;90
260;20250901;7;30;167;22;10060;88
260;20250901;8;30;171;45;10063;86
260;20250901;9;30;180;86;10066;83
260;20250901;10;30;183;79;10065;80
260;20250901;11;30;199;126;10067;72
260;20250901;12;40;217;175;10067;59
260;20250901;13;50;226;238;10066;47
260;20250901;14;50;224;179;10064;48
260;20250901;15;60;228;171;10061;46
260;20250901;16;50;231;143;10061;43
260;20250901;17;40;220;74;10060;46
260;20250901;18;30;205;21;10061;52
260;20250901;19;20;180;1;10064;63
260;20250901;20;20;161;0;10069;71
260;20250901;21;20;151;0;10071;77
260;20250901;22;30;163;0;10073;70
260;20250901;23;20;128;0;10071;88
260;20250901;24;20;120;0;10071;93
260;20250902;1;20;146;0;10072;82
260;20250902;2;20;142;0;10073;86
260;20250902;3;20;142;0;10073;90
260;20250902;4;30;145;0;10072;90
260;20250902;5;30;142;0;10074;92
260;20250902;6;30;146;14;10077;90
260;20250902;7;40;152;56;10080;85
260;20250902;8;40;166;125;10080;78
260;20250902;9;50;179;171;10084;70
260;20250902;10;50;193;193;10081;59
260;20250902;11;50;203;236;10080;56
260;20250902;12;60;213;229;10075;47
260;20250902;13;50;208;203;10073;50
260;20250902;14;50;222;178;10069;42
260;20250902;15;50;219;197;10068;41
260;20250902;16;50;212;103;10067;45
260;20250902;17;50;183;29;10073;65
260;20250902;18;40;179;8;10070;69
260;20250902;19;30;175;1;10070;71
260;20250902;20;40;167;0;10068;75
260;20250902;21;40;168;0;10064;75
260;20250902;22;40;169;0;10057;76
260;20250902;23;40;171;0;10054;75
260;20250902;24;50;173;0;10051;76
260;20250903;1;40;171;0;10049;81
260;20250903;2;40;171;0;10046;82
260;20250903;3;40;168;0;10044;84
260;20250903;4;40;173;0;10040;83
260;20250903;5;50;174;0;10040;83
260;20250903;6;50;176;14;10041;82
260;20250903;7;60;180;38;10037;81
260;20250903;8;60;166;17;10038;94
260;20250903;9;60;175;24;10038;86
260;20250903;10;60;189;55;10038;80
260;20250903;11;80;205;106;10033;73
260;20250903;12;80;215;141;10028;70
260;20250903;13;90;223;166;10026;67
260;20250903;14;80;216;57;10025;71
260;20250903;15;80;223;106;10022;68
260;20250903;16;80;228;90;10011;67
260;20250903;17;70;219;43;10023;71
260;20250903;18;70;193;8;10022;88
260;20250903;19;50;181;2;10026;90
260;20250903;20;40;183;0;10030;92
260;20250903;21;40;187;0;10034;91
260;20250903;22;50;179;0;10043;89
260;20250903;23;50;179;0;10052;89
260;20250903;24;50;175;0;10058;85
260;20250904;1;50;171;0;10062;83
260;20250904;2;50;166;0;10068;85
260;20250904;3;40;165;0;10073;84
260;20250904;4;50;159;0;10077;85
260;20250904;5;40;154;0;10083;89
260;20250904;6;40;158;14;10089;88
260;20250904;7;50;169;63;10091;84
260;20250904;8;50;180;122;10093;79
260;20250904;9;50;189;165;10099;72
260;20250904;10;60;194;162;10103;69
260;20250904;11;60;211;234;10103;59
260;20250904;12;60;210;236;10098;58
260;20250904;13;60;215;176;10097;55
260;20250904;14;50;221;116;10092;55
260;20250904;15;60;227;155;10089;54
260;20250904;16;50;214;65;10089;58
260;20250904;17;40;162;4;10099;93
260;20250904;18;20;164;36;10101;91
260;20250904;19;20;161;2;10110;93
260;20250904;20;20;161;0;10115;92
260;20250904;21;10;154;0;10120;96
260;20250904;22;20;154;0;10122;89
260;20250904;23;30;151;0;10128;87
260;20250904;24;30;147;0;10132;87
260;20250905;1;30;143;0;10132;91
260;20250905;2;30;141;0;10138;92
260;20250905;3;30;135;0;10146;95
260;20250905;4;20;133;0;10150;95
260;20250905;5;20;123;0;10157;98
260;20250905;6;20;139;18;10166;96
260;20250905;7;20;156;69;10175;91
260;20250905;8;30;166;69;10180;88
260;20250905;9;30;186;169;10188;79
260;20250905;10;30;158;151;10193;81
260;20250905;11;30;163;47;10197;86
260;20250905;12;30;198;230;10199;69
260;20250905;13;40;201;165;10205;62
260;20250905;14;30;195;127;10207;60
260;20250905;15;40;204;153;10212;59
260;20250905;16;40;199;121;10216;60
260;20250905;17;30;188;79;10221;63
260;20250905;18;20;173;28;10223;72
260;20250905;19;10;141;1;10232;90
260;20250905;20;10;119;0;10235;97
260;20250905;21;0;111;0;10237;98
260;20250905;22;10;103;0;10239;98
260;20250905;23;10;96;0;10240;99
260;20250905;24;10;89;0;10242;99
260;20250906;1;10;86;0;10242;99
260;20250906;2;10;82;0;10243;99
260;20250906;3;10;81;0;10240;99
260;20250906;4;10;78;0;10240;100
260;20250906;5;10;74;0;10243;100
260;20250906;6;10;98;22;10246;99
260;20250906;7;10;130;59;10245;97
260;20250906;8;10;165;122;10243;83
260;20250906;9;30;183;172;10241;73
260;20250906;10;30;196;221;10237;62
260;20250906;11;30;205;233;10234;57
260;20250906;12;30;209;250;10230;55
260;20250906;13;30;217;222;10223;53
260;20250906;14;30;220;175;10217;50
260;20250906;15;40;225;151;10211;50
260;20250906;16;40;221;121;10209;51
260;20250906;17;30;208;47;10204;57
260;20250906;18;30;199;17;10198;59
260;20250906;19;40;183;0;10198;64
260;20250906;20;40;176;0;10194;67
260;20250906;21;30;164;0;10196;72
260;20250906;22;30;161;0;10194;73
260;20250906;23;30;152;0;10191;76
260;20250906;24;20;147;0;10188;77
260;20250907;1;30;143;0;10184;77
260;20250907;2;30;142;0;10180;77
260;20250907;3;20;122;0;10175;86
260;20250907;4;30;135;0;10170;80
260;20250907;5;30;134;0;10167;81
260;20250907;6;30;148;15;10166;76
260;20250907;7;40;173;67;10164;67
260;20250907;8;60;188;126;10160;64
260;20250907;9;60;200;178;10155;60
260;20250907;10;70;214;218;10147;56
260;20250907;11;70;230;253;10141;51
260;20250907;12;60;244;262;10136;47
260;20250907;13;70;257;256;10129;45
260;20250907;14;70;261;229;10124;43
260;20250907;15;70;263;189;10119;42
260;20250907;16;60;260;133;10119;43
260;20250907;17;50;253;79;10116;45
260;20250907;18;40;237;21;10118;49
260;20250907;19;40;227;0;10122;52
260;20250907;20;40;223;0;10124;53
260;20250907;21;40;216;0;10124;56
260;20250907;22;40;214;0;10121;57
260;20250907;23;40;209;0;10123;61
260;20250907;24;20;195;0;10125;68
260;20250908;1;10;182;0;10130;78
260;20250908;2;10;184;0;10133;82
260;20250908;3;20;202;0;10134;80
260;20250908;4;20;185;0;10135;97
260;20250908;5;10;178;0;10141;98
260;20250908;6;10;179;3;10143;98
260;20250908;7;10;186;20;10148;98
260;20250908;8;20;195;58;10153;87
260;20250908;9;40;197;71;10161;80
260;20250908;10;40;214;163;10162;72
260;20250908;11;30;222;241;10164;61
260;20250908;12;40;222;208;10167;62
260;20250908;13;40;225;208;10169;55
260;20250908;14;40;214;158;10172;61
260;20250908;15;30;206;107;10176;65
260;20250908;16;30;206;72;10176;65
260;20250908;17;20;204;55;10177;61
260;20250908;18;20;193;15;10179;65
260;20250908;19;20;183;0;10183;71
260;20250908;20;20;167;0;10184;79
260;20250908;21;20;154;0;10180;87
260;20250908;22;20;144;0;10181;93
260;20250908;23;10;139;0;10180;95
260;20250908;24;10;131;0;10176;97
260;20250909;1;0;128;0;10179;98
260;20250909;2;0;133;0;10174;98
260;20250909;3;10;138;0;10171;99
260;20250909;4;10;142;0;10166;97
260;20250909;5;10;140;0;10166;98
260;20250909;6;10;140;1;10163;98
260;20250909;7;10;135;2;10173;96
260;20250909;8;20;133;4;10176;92
260;20250909;9;10;128;7;10173;90
260;20250909;10;10;128;12;10176;96
260;20250909;11;10;132;30;10172;90
260;20250909;12;10;138;47;10167;89
260;20250909;13;10;145;61;10164;90
260;20250909;14;20;149;52;10164;96
260;20250909;15;30;153;131;10161;85
260;20250909;16;30;154;132;10162;76
260;20250909;17;30;144;76;10158;79
260;20250909;18;10;124;17;10160;94
260;20250909;19;10;107;0;10161;98
260;20250909;20;10;101;0;10157;99
260;20250909;21;10;93;0;10154;99
260;20250909;22;0;83;0;10146;99
260;20250909;23;0;75;0;10139;99
260;20250909;24;10;69;0;10134;99
260;20250910;1;10;70;0;10131;99
260;20250910;2;10;77;0;10128;99
260;20250910;3;10;71;0;10124;99
260;20250910;4;10;81;0;10118;100
260;20250910;5;10;85;0;10115;99
260;20250910;6;20;91;6;10111;99
260;20250910;7;30;110;36;10108;97
260;20250910;8;30;134;70;10105;91
260;20250910;9;30;139;127;10100;91
260;20250910;10;40;162;143;10094;83
260;20250910;11;40;172;208;10082;78
260;20250910;12;40;194;251;10072;67
260;20250910;13;40;199;236;10065;64
260;20250910;14;50;197;190;10058;61
260;20250910;15;50;201;102;10052;61
260;20250910;16;50;195;67;10047;61
260;20250910;17;40;189;37;10041;63
260;20250910;18;30;179;5;10038;68
260;20250910;19;30;172;0;10033;70
260;20250910;20;30;163;0;10032;82
260;20250910;21;20;161;0;10031;83
260;20250910;22;20;161;0;10024;80
260;20250910;23;20;153;0;10020;82
260;20250910;24;30;161;0;10017;78
260;20250911;1;40;152;0;10014;92
260;20250911;2;40;155;0;10008;89
260;20250911;3;50;155;0;10007;93
260;20250911;4;50;156;0;10008;92
260;20250911;5;40;156;0;10012;91
260;20250911;6;40;158;5;10020;89
260;20250911;7;40;154;22;10029;93
260;20250911;8;40;169;101;10036;82
260;20250911;9;50;159;82;10043;79
260;20250911;10;50;175;155;10047;66
260;20250911;11;60;189;178;10047;60
260;20250911;12;60;173;107;10051;67
260;20250911;13;50;144;27;10056;84
260;20250911;14;50;160;132;10054;83
260;20250911;15;40;147;49;10055;85
260;20250911;16;40;167;72;10054;73
260;20250911;17;60;162;74;10055;69
260;20250911;18;40;155;16;10059;73
260;20250911;19;40;145;0;10063;79
260;20250911;20;40;142;0;10064;80
260;20250911;21;50;138;0;10075;84
260;20250911;22;30;123;0;10070;87
260;20250911;23;40;128;0;10070;87
260;20250911;24;50;126;0;10073;86
260;20250912;1;40;124;0;10073;86
260;20250912;2;50;123;0;10077;86
260;20250912;3;50;126;0;10078;84
260;20250912;4;50;125;0;10082;83
260;20250912;5;50;121;0;10088;85
260;20250912;6;50;121;10;10094;85
260;20250912;7;50;134;56;10099;81
260;20250912;8;60;149;110;10109;75
260;20250912;9;60;155;135;10117;71
260;20250912;10;70;171;215;10122;65
260;20250912;11;70;176;212;10125;61
260;20250912;12;70;182;175;10130;58
260;20250912;13;70;183;185;10135;54
260;20250912;14;60;181;159;10139;53
260;20250912;15;60;186;151;10140;52
260;20250912;16;60;186;124;10141;55
260;20250912;17;60;175;52;10145;57
260;20250912;18;30;164;13;10149;62
260;20250912;19;40;150;0;10149;66
260;20250912;20;30;134;0;10149;74
260;20250912;21;30;134;0;10147;77
260;20250912;22;30;133;0;10146;77
260;20250912;23;30;129;0;10145;80
260;20250912;24;30;127;0;10137;86
260;20250913;1;30;127;0;10136;87
260;20250913;2;40;135;0;10133;82
260;20250913;3;40;130;0;10132;84
260;20250913;4;40;128;0;10131;87
260;20250913;5;40;128;0;10126;87
260;20250913;6;40;125;4;10125;89
260;20250913;7;40;135;53;10129;86
260;20250913;8;50;147;72;10125;82
260;20250913;9;50;158;124;10123;76
260;20250913;10;60;170;138;10120;70
260;20250913;11;60;183;176;10114;62
260;20250913;12;60;183;152;10111;59
260;20250913;13;50;140;43;10114;91
260;20250913;14;40;154;101;10109;82
260;20250913;15;20;146;28;10107;87
260;20250913;16;40;128;6;10102;91
260;20250913;17;30;131;37;10101;93
260;20250913;18;30;128;19;10103;91
260;20250913;19;30;127;0;10104;92
260;20250913;20;30;125;0;10104;91
260;20250913;21;30;120;0;10103;93
260;20250913;22;30;123;0;10104;91
260;20250913;23;40;119;0;10108;93
260;20250913;24;40;115;0;10106;95
260;20250914;1;40;114;0;10110;96
260;20250914;2;40;118;0;10119;96
260;20250914;3;30;113;0;10117;97
260;20250914;4;20;110;0;10118;98
260;20250914;5;30;109;0;10123;98
260;20250914;6;30;109;8;10129;98
260;20250914;7;30;123;48;10134;95
260;20250914;8;30;142;105;10138;87
260;20250914;9;30;162;162;10137;80
260;20250914;10;40;164;148;10139;68
260;20250914;11;40;172;188;10140;66
260;20250914;12;50;186;223;10137;56
260;20250914;13;50;184;227;10136;56
260;20250914;14;50;186;185;10131;52
260;20250914;15;30;183;114;10124;57
260;20250914;16;40;177;48;10119;59
260;20250914;17;30;165;13;10112;69
260;20250914;18;20;146;0;10103;84
260;20250914;19;30;145;0;10093;85
260;20250914;20;40;144;0;10077;88
260;20250914;21;50;144;0;10064;96
260;20250914;22;40;151;0;10046;97
260;20250914;23;50;162;0;10043;97
260;20250914;24;40;169;0;10035;97
260;20250915;1;40;180;0;10028;95
260;20250915;2;70;165;0;10032;86
260;20250915;3;60;169;0;10028;79
260;20250915;4;70;167;0;10028;78
260;20250915;5;70;164;0;10030;78
260;20250915;6;70;163;6;10037;77
260;20250915;7;70;162;41;10039;79
260;20250915;8;70;171;98;10044;75
260;20250915;9;90;174;147;10049;71
260;20250915;10;100;180;194;10052;64
260;20250915;11;100;155;134;10060;82
260;20250915;12;90;187;214;10059;61
260;20250915;13;90;196;152;10059;56
260;20250915;14;100;198;167;10060;52
260;20250915;15;90;195;130;10060;54
260;20250915;16;90;184;86;10059;58
260;20250915;17;80;160;27;10062;77
260;20250915;18;80;164;4;10062;69
260;20250915;19;80;161;0;10066;71
260;20250915;20;90;158;0;10069;74
260;20250915;21;80;151;0;10068;79
260;20250915;22;80;148;0;10070;83
260;20250915;23;70;147;0;10075;85
260;20250915;24;60;156;0;10078;76
260;20250916;1;60;143;0;10086;88
260;20250916;2;50;140;0;10090;91
260;20250916;3;40;143;0;10095;85
260;20250916;4;40;139;0;10098;89
260;20250916;5;60;137;0;10105;89
260;20250916;6;50;138;5;10112;85
260;20250916;7;60;145;37;10118;77
260;20250916;8;50;147;83;10123;79
260;20250916;9;60;150;94;10131;75
260;20250916;10;60;148;124;10133;78
260;20250916;11;60;145;112;10135;82
260;20250916;12;60;151;100;10141;83
260;20250916;13;70;162;85;10146;70
260;20250916;14;60;137;19;10155;93
260;20250916;15;40;152;34;10157;82
260;20250916;16;50;160;52;10162;71
260;20250916;17;50;165;48;10167;67
260;20250916;18;40;154;6;10169;73
260;20250916;19;40;155;0;10173;73
260;20250916;20;40;149;0;10176;75
260;20250916;21;30;146;0;10177;76
260;20250916;22;40;143;0;10179;80
260;20250916;23;40;142;0;10180;87
260;20250916;24;40;141;0;10181;87
260;20250917;1;40;137;0;10184;88
260;20250917;2;30;141;0;10182;88
260;20250917;3;30;134;0;10184;90
260;20250917;4;30;134;0;10184;90
260;20250917;5;40;129;0;10184;92
260;20250917;6;30;134;5;10193;90
260;20250917;7;40;137;12;10196;88
260;20250917;8;40;141;21;10201;88
260;20250917;9;40;141;37;10201;91
260;20250917;10;40;147;60;10197;89
260;20250917;11;40;150;57;10194;87
260;20250917;12;50;148;54;10190;89
260;20250917;13;40;158;68;10185;85
260;20250917;14;50;162;58;10181;80
260;20250917;15;50;149;22;10178;92
260;20250917;16;40;150;15;10173;90
260;20250917;17;40;160;10;10170;84
260;20250917;18;40;165;1;10170;83
260;20250917;19;40;157;0;10174;94
260;20250917;20;50;165;0;10173;90
260;20250917;21;50;164;0;10173;92
260;20250917;22;50;166;0;10175;92
260;20250917;23;50;171;0;10176;90
260;20250917;24;40;175;0;10176;87
260;20250918;1;50;179;0;10176;85
260;20250918;2;50;182;0;10177;84
260;20250918;3;50;180;0;10178;85
260;20250918;4;50;181;0;10178;87
260;20250918;5;40;175;0;10180;93
260;20250918;6;40;175;0;10183;94
260;20250918;7;40;179;5;10188;89
260;20250918;8;50;181;13;10194;87
260;20250918;9;50;176;17;10198;93
260;20250918;10;50;180;31;10197;92
260;20250918;11;50;183;43;10202;91
260;20250918;12;50;190;49;10205;86
260;20250918;13;40;197;45;10204;83
260;20250918;14;50;203;70;10202;80
260;20250918;15;50;202;30;10206;79
260;20250918;16;50;201;21;10208;79
260;20250918;17;40;199;9;10210;80
260;20250918;18;40;196;2;10216;82
260;20250918;19;40;190;0;10220;82
260;20250918;20;40;188;0;10222;81
260;20250918;21;40;187;0;10223;81
260;20250918;22;30;184;0;10225;84
260;20250918;23;30;184;0;10225;82
260;20250918;24;40;173;0;10225;85
260;20250919;1;30;164;0;10223;88
260;20250919;2;30;161;0;10221;87
260;20250919;3;30;156;0;10221;88
260;20250919;4;30;151;0;10222;91
260;20250919;5;20;140;0;10223;95
260;20250919;6;30;144;6;10227;95
260;20250919;7;20;156;39;10228;92
260;20250919;8;20;170;64;10228;87
260;20250919;9;30;196;134;10224;78
260;20250919;10;40;212;196;10221;71
260;20250919;11;40;223;224;10216;67
260;20250919;12;50;231;223;10208;66
260;20250919;13;40;239;212;10199;63
260;20250919;14;40;251;202;10192;56
260;20250919;15;30;251;152;10189;55
260;20250919;16;30;249;111;10182;60
260;20250919;17;20;234;50;10177;66
260;20250919;18;20;192;7;10175;89
260;20250919;19;20;177;0;10173;90
260;20250919;20;20;196;0;10171;76
260;20250919;21;20;179;0;10169;82
260;20250919;22;20;154;0;10164;93
260;20250919;23;20;172;0;10161;81
260;20250919;24;20;169;0;10157;81
260;20250920;1;20;171;0;10153;81
260;20250920;2;20;167;0;10149;82
260;20250920;3;20;163;0;10144;85
260;20250920;4;20;165;0;10140;85
260;20250920;5;20;164;0;10130;87
260;20250920;6;20;170;2;10133;85
260;20250920;7;20;175;19;10133;86
260;20250920;8;30;188;49;10129;82
260;20250920;9;20;215;78;10125;77
260;20250920;10;30;232;145;10122;68
260;20250920;11;50;231;77;10130;68
260;20250920;12;40;196;17;10127;91
260;20250920;13;20;190;22;10117;96
260;20250920;14;30;192;34;10123;95
260;20250920;15;40;194;73;10115;86
260;20250920;16;40;200;72;10106;85
260;20250920;17;30;195;28;10101;89
260;20250920;18;30;199;4;10100;86
260;20250920;19;40;200;0;10097;86
260;20250920;20;40;202;0;10091;84
260;20250920;21;40;203;0;10091;83
260;20250920;22;50;199;0;10089;86
260;20250920;23;50;200;0;10088;85
260;20250920;24;60;191;0;10086;82
260;20250921;1;60;183;0;10083;74
260;20250921;2;70;165;0;10086;72
260;20250921;3;70;157;0;10085;76
260;20250921;4;60;153;0;10086;74
260;20250921;5;60;151;0;10088;74
260;20250921;6;50;144;2;10098;73
260;20250921;7;60;146;27;10106;72
260;20250921;8;50;135;28;10119;90
260;20250921;9;40;141;76;10131;84
260;20250921;10;30;148;102;10139;77
260;20250921;11;40;147;101;10147;76
260;20250921;12;30;152;95;10158;69
260;20250921;13;40;151;120;10166;69
260;20250921;14;30;157;122;10166;66
260;20250921;15;40;154;154;10167;57
260;20250921;16;30;152;75;10172;62
260;20250921;17;30;145;43;10179;64
260;20250921;18;30;128;7;10190;76
260;20250921;19;20;116;0;10195;83
260;20250921;20;10;93;0;10198;95
260;20250921;21;10;79;0;10205;97
260;20250921;22;10;72;0;10209;98
260;20250921;23;10;67;0;10206;99
260;20250921;24;10;64;0;10210;98
260;20250922;1;10;63;0;10209;99
260;20250922;2;20;90;0;10211;96
260;20250922;3;20;91;0;10211;95
260;20250922;4;20;99;0;10211;92
260;20250922;5;20;103;0;10217;90
260;20250922;6;20;82;2;10223;97
260;20250922;7;20;106;26;10230;91
260;20250922;8;20;134;86;10235;77
260;20250922;9;40;148;153;10239;65
260;20250922;10;50;146;165;10241;56
260;20250922;11;50;148;146;10238;57
260;20250922;12;50;160;199;10237;52
260;20250922;13;50;155;217;10239;49
260;20250922;14;60;157;186;10237;46
260;20250922;15;50;154;164;10240;49
260;20250922;16;50;150;109;10240;56
260;20250922;17;40;137;48;10242;60
260;20250922;18;30;121;4;10242;67
260;20250922;19;20;92;0;10249;87
260;20250922;20;20;100;0;10252;82
260;20250922;21;10;72;0;10254;95
260;20250922;22;20;69;0;10253;97
260;20250922;23;0;55;0;10254;99
260;20250922;24;10;56;0;10253;98
260;20250923;1;10;51;0;10253;99
260;20250923;2;10;49;0;10254;99
260;20250923;3;0;45;0;10255;99
260;20250923;4;0;43;0;10254;99
260;20250923;5;0;40;0;10254;99
260;20250923;6;10;46;3;10256;99
260;20250923;7;10;94;39;10258;97
260;20250923;8;10;132;97;10261;84
260;20250923;9;20;151;141;10263;76
260;20250923;10;40;150;161;10261;69
260;20250923;11;40;171;225;10260;62
260;20250923;12;40;166;224;10258;62
260;20250923;13;40;162;140;10254;66
260;20250923;14;40;164;96;10250;63
260;20250923;15;50;137;108;10250;77
260;20250923;16;20;145;34;10248;78
260;20250923;17;30;150;28;10248;70
260;20250923;18;30;132;4;10254;73
260;20250923;19;30;125;0;10261;77
260;20250923;20;30;120;0;10262;79
260;20250923;21;30;111;0;10266;83
260;20250923;22;30;102;0;10269;85
260;20250923;23;30;99;0;10270;85
260;20250923;24;30;98;0;10270;84
260;20250924;1;40;95;0;10268;85
260;20250924;2;40;90;0;10266;85
260;20250924;3;40;84;0;10267;86
260;20250924;4;30;79;0;10265;88
260;20250924;5;30;76;0;10265;88
260;20250924;6;40;77;3;10268;87
260;20250924;7;40;86;32;10269;84
260;20250924;8;40;104;83;10274;77
260;20250924;9;40;121;143;10276;71
260;20250924;10;60;134;194;10269;60
260;20250924;11;70;148;211;10266;55
260;20250924;12;70;154;227;10259;54
260;20250924;13;80;160;204;10252;48
260;20250924;14;60;159;189;10249;49
260;20250924;15;60;162;132;10244;44
260;20250924;16;60;151;82;10245;45
260;20250924;17;40;139;21;10245;49
260;20250924;18;30;125;2;10248;63
260;20250924;19;30;116;0;10251;67
260;20250924;20;30;108;0;10253;71
260;20250924;21;30;111;0;10254;71
260;20250924;22;40;112;0;10252;68
260;20250924;23;50;109;0;10250;69
260;20250924;24;40;103;0;10249;72
260;20250925;1;40;101;0;10245;71
260;20250925;2;40;95;0;10243;75
260;20250925;3;40;92;0;10239;77
260;20250925;4;50;89;0;10238;78
260;20250925;5;50;88;0;10239;80
260;20250925;6;40;87;2;10243;81
260;20250925;7;50;93;29;10246;79
260;20250925;8;50;108;105;10244;71
260;20250925;9;60;121;127;10242;65
260;20250925;10;60;134;164;10239;60
260;20250925;11;70;143;177;10235;55
260;20250925;12;80;152;218;10228;53
260;20250925;13;80;151;161;10227;52
260;20250925;14;80;151;183;10227;48
260;20250925;15;70;145;73;10229;52
260;20250925;16;50;143;31;10229;50
260;20250925;17;50;140;9;10231;46
260;20250925;18;60;134;1;10238;49
260;20250925;19;50;131;0;10236;50
260;20250925;20;50;129;0;10235;52
260;20250925;21;70;126;0;10238;55
260;20250925;22;50;124;0;10237;56
260;20250925;23;30;121;0;10234;56
260;20250925;24;40;120;0;10234;57
260;20250926;1;30;114;0;10231;62
260;20250926;2;30;108;0;10229;65
260;20250926;3;30;102;0;10227;69
260;20250926;4;30;104;0;10225;71
260;20250926;5;40;104;0;10227;72
260;20250926;6;30;105;2;10228;74
260;20250926;7;30;108;11;10232;73
260;20250926;8;40;120;43;10233;72
260;20250926;9;40;126;111;10233;75
260;20250926;10;30;129;73;10234;73
260;20250926;11;30;133;49;10234;71
260;20250926;12;40;135;81;10232;70
260;20250926;13;40;141;96;10227;71
260;20250926;14;40;149;141;10220;66
260;20250926;15;30;145;86;10224;69
260;20250926;16;20;147;72;10225;69
260;20250926;17;20;146;32;10224;71
260;20250926;18;30;125;2;10224;77
260;20250926;19;20;113;0;10226;84
260;20250926;20;20;98;0;10224;91
260;20250926;21;20;87;0;10224;95
260;20250926;22;10;86;0;10222;96
260;20250926;23;10;89;0;10218;96
260;20250926;24;10;85;0;10214;96
260;20250927;1;10;98;0;10212;95
260;20250927;2;20;104;0;10209;94
260;20250927;3;10;103;0;10211;97
260;20250927;4;10;105;0;10212;98
260;20250927;5;10;105;0;10210;98
260;20250927;6;10;106;1;10213;98
260;20250927;7;10;110;11;10215;96
260;20250927;8;20;113;26;10216;95
260;20250927;9;30;118;42;10219;94
260;20250927;10;20;125;52;10220;90
260;20250927;11;10;143;130;10219;81
260;20250927;12;20;157;166;10215;74
260;20250927;13;20;151;40;10218;77
260;20250927;14;20;157;80;10216;74
260;20250927;15;20;159;70;10214;76
260;20250927;16;20;152;37;10219;81
260;20250927;17;20;143;6;10219;85
260;20250927;18;20;131;1;10219;90
260;20250927;19;20;131;0;10222;92
260;20250927;20;10;123;0;10225;94
260;20250927;21;10;105;0;10226;98
260;20250927;22;20;95;0;10226;98
260;20250927;23;10;82;0;10225;99
260;20250927;24;10;77;0;10226;99
260;20250928;1;10;68;0;10225;99
260;20250928;2;10;62;0;10225;99
260;20250928;3;10;55;0;10225;99
260;20250928;4;10;51;0;10226;99
260;20250928;5;10;53;0;10226;99
260;20250928;6;10;52;2;10226;99
260;20250928;7;10;94;41;10227;99
260;20250928;8;10;127;84;10228;84
260;20250928;9;20;144;138;10229;79
260;20250928;10;20;163;176;10228;72
260;20250928;11;20;173;201;10227;65
260;20250928;12;20;181;207;10223;61
260;20250928;13;20;188;203;10220;58
260;20250928;14;20;186;154;10216;57
260;20250928;15;20;187;99;10217;57
260;20250928;16;10;177;55;10217;65
260;20250928;17;0;148;23;10219;79
260;20250928;18;0;116;1;10221;93
260;20250928;19;10;100;0;10225;95
260;20250928;20;10;92;0;10227;97
260;20250928;21;10;93;0;10229;99
260;20250928;22;10;86;0;10230;98
260;20250928;23;10;77;0;10230;99
260;20250928;24;10;75;0;10230;99
260;20250929;1;0;64;0;10231;99
260;20250929;2;0;61;0;10229;99
260;20250929;3;10;60;0;10228;99
260;20250929;4;10;63;0;10227;99
260;20250929;5;0;60;0;10228;99
260;20250929;6;0;57;1;10230;99
260;20250929;7;10;89;26;10233;99
260;20250929;8;10;127;80;10234;95
260;20250929;9;20;154;129;10235;81
260;20250929;10;20;174;172;10234;63
260;20250929;11;20;184;198;10232;63
260;20250929;12;30;182;180;10230;59
260;20250929;13;30;176;97;10226;62
260;20250929;14;20;187;120;10226;62
260;20250929;15;30;170;51;10227;71
260;20250929;16;30;170;54;10229;65
260;20250929;17;20;152;25;10232;69
260;20250929;18;10;117;1;10233;89
260;20250929;19;10;96;0;10235;96
260;20250929;20;10;90;0;10235;98
260;20250929;21;0;85;0;10236;98
260;20250929;22;0;85;0;10236;98
260;20250929;23;0;83;0;10235;99
260;20250929;24;0;71;0;10235;99
260;20250930;1;10;72;0;10233;99
260;20250930;2;0;79;0;10229;99
260;20250930;3;0;78;0;10231;99
260;20250930;4;10;76;0;10233;98
260;20250930;5;10;87;0;10237;99
260;20250930;6;10;85;2;10240;100
260;20250930;7;10;100;16;10245;100
260;20250930;8;10;135;85;10249;95
260;20250930;9;20;151;107;10251;84
260;20250930;10;20;165;157;10250;76
260;20250930;11;30;163;176;10253;73
260;20250930;12;20;180;150;10252;63
260;20250930;13;20;181;127;10252;62
260;20250930;14;20;185;186;10254;52
260;20250930;15;30;182;155;10255;62
260;20250930;16;30;164;63;10257;70
260;20250930;17;20;145;12;10261;81
260;20250930;18;10;110;1;10266;96
260;20250930;19;10;99;0;10272;97
260;20250930;20;0;84;0;10274;98
260;20250930;21;10;76;0;10278;99
260;20250930;22;10;69;0;10276;99
260;20250930;23;0;58;0;10277;98
260;20250930;24;10;56;0;10279;99
260;20251001;1;10;49;0;10279;99
260;20251001;2;10;45;0;10279;99
260;20251001;3;10;41;0;10280;99
260;20251001;4;10;34;0;10282;99
260;20251001;5;10;39;0;10284;99
260;20251001;6;0;35;1;10291;99
260;20251001;7;10;69;28;10293;98
260;20251001;8;10;102;82;10296;86
260;20251001;9;30;127;135;10295;75
260;20251001;10;30;147;169;10296;66
260;20251001;11;40;155;199;10296;56
260;20251001;12;50;162;205;10294;48
260;20251001;13;30;171;197;10294;48
260;20251001;14;30;168;172;10292;46
260;20251001;15;30;169;139;10289;45
260;20251001;16;30;161;90;10290;48
260;20251001;17;20;147;31;10289;54
260;20251001;18;20;113;1;10293;76
260;20251001;19;20;96;0;10293;87
260;20251001;20;20;88;0;10293;89
260;20251001;21;20;98;0;10292;78
260;20251001;22;20;104;0;10289;73
260;20251001;23;20;84;0;10289;86
260;20251001;24;10;64;0;10287;94
260;20251002;1;10;72;0;10283;93
260;20251002;2;10;61;0;10283;96
260;20251002;3;20;66;0;10278;95
260;20251002;4;10;76;0;10276;90
260;20251002;5;20;75;0;10275;89
260;20251002;6;20;80;3;10278;87
260;20251002;7;20;86;19;10280;86
260;20251002;8;30;102;56;10280;81
260;20251002;9;30;121;114;10278;74
260;20251002;10;30;128;70;10276;68
260;20251002;11;40;138;107;10271;66
260;20251002;12;40;148;111;10266;63
260;20251002;13;40;166;175;10262;56
260;20251002;14;40;166;137;10259;53
260;20251002;15;40;164;75;10252;53
260;20251002;16;30;155;50;10247;58
260;20251002;17;30;148;12;10246;59
260;20251002;18;30;136;0;10246;63
260;20251002;19;30;132;0;10245;62
260;20251002;20;30;128;0;10242;63
260;20251002;21;30;116;0;10236;69
260;20251002;22;30;114;0;10231;70
260;20251002;23;30;111;0;10220;70
260;20251002;24;30;107;0;10219;74
260;20251003;1;20;107;0;10216;74
260;20251003;2;30;108;0;10217;73
260;20251003;3;20;105;0;10210;75
260;20251003;4;30;105;0;10203;74
260;20251003;5;30;98;0;10194;82
260;20251003;6;30;94;0;10192;86
260;20251003;7;30;98;13;10191;83
260;20251003;8;30;105;29;10185;80
260;20251003;9;40;110;31;10182;78
260;20251003;10;40;115;40;10171;78
260;20251003;11;50;124;58;10166;75
260;20251003;12;50;129;51;10160;73
260;20251003;13;40;132;41;10151;71
260;20251003;14;50;135;42;10144;69
260;20251003;15;50;137;28;10133;67
260;20251003;16;50;134;17;10120;68
260;20251003;17;50;128;4;10118;74
260;20251003;18;60;109;0;10113;86
260;20251003;19;60;102;0;10096;90
260;20251003;20;60;103;0;10089;95
260;20251003;21;60;109;0;10066;94
260;20251003;22;60;115;0;10044;95
260;20251003;23;70;124;0;10029;95
260;20251003;24;70;133;0;10007;94
260;20251004;1;80;138;0;9991;96
260;20251004;2;80;148;0;9972;97
260;20251004;3;70;161;0;9954;96
260;20251004;4;70;165;0;9941;97
260;20251004;5;60;133;0;9952;95
260;20251004;6;50;133;0;9950;94
260;20251004;7;50;124;2;9949;89
260;20251004;8;50;131;11;9947;93
260;20251004;9;50;141;27;9950;83
260;20251004;10;70;149;158;9957;59
260;20251004;11;80;145;135;9962;57
260;20251004;12;70;136;119;9964;63
260;20251004;13;80;115;88;9970;76
260;20251004;14;70;118;94;9970;76
260;20251004;15;70;118;68;9974;75
260;20251004;16;60;106;17;9980;84
260;20251004;17;60;110;4;9985;83
260;20251004;18;50;107;0;9992;92
260;20251004;19;40;123;0;10001;79
260;20251004;20;50;128;0;10007;74
260;20251004;21;50;125;0;10014;79
260;20251004;22;50;128;0;10019;74
260;20251004;23;60;128;0;10026;74
260;20251004;24;50;125;0;10032;75
260;20251005;1;50;121;0;10033;78
260;20251005;2;50;122;0;10035;74
260;20251005;3;50;124;0;10038;73
260;20251005;4;40;117;0;10041;78
260;20251005;5;50;113;0;10045;77
260;20251005;6;50;117;0;10052;77
260;20251005;7;50;119;9;10065;74
260;20251005;8;40;108;17;10074;91
260;20251005;9;50;119;73;10082;82
260;20251005;10;50;115;49;10090;87
260;20251005;11;50;122;65;10099;84
260;20251005;12;50;128;109;10106;78
260;20251005;13;50;146;154;10108;71
260;20251005;14;60;123;64;10119;82
260;20251005;15;50;133;54;10128;72
260;20251005;16;40;119;22;10139;82
260;20251005;17;30;119;9;10147;80
260;20251005;18;30;121;0;10155;74
260;20251005;19;30;117;0;10165;71
260;20251005;20;20;116;0;10170;72
260;20251005;21;20;100;0;10174;80
260;20251005;22;20;101;0;10177;79
260;20251005;23;20;108;0;10182;77
260;20251005;24;20;112;0;10184;78
260;20251006;1;30;118;0;10187;85
260;20251006;2;20;112;0;10190;92
260;20251006;3;20;123;0;10195;86
260;20251006;4;30;122;0;10196;93
260;20251006;5;20;120;0;10201;95
260;20251006;6;20;125;0;10200;94
260;20251006;7;30;133;4;10209;90
260;20251006;8;30;138;14;10214;89
260;20251006;9;30;145;36;10218;86
260;20251006;10;30;142;34;10220;89
260;20251006;11;30;145;42;10224;87
260;20251006;12;30;153;71;10222;80
260;20251006;13;40;149;47;10225;80
260;20251006;14;40;139;28;10228;91
260;20251006;15;20;132;19;10230;96
260;20251006;16;20;132;8;10231;96
260;20251006;17;20;134;3;10232;96
260;20251006;18;20;136;0;10235;93
260;20251006;19;20;136;0;10236;94
260;20251006;20;20;138;0;10240;92
260;20251006;21;20;141;0;10242;91
260;20251006;22;20;141;0;10242;91
260;20251006;23;20;141;0;10241;92
260;20251006;24;20;142;0;10239;93
260;20251007;1;20;143;0;10238;95
260;20251007;2;30;143;0;10239;94
260;20251007;3;20;141;0;10237;94
260;20251007;4;20;140;0;10240;95
260;20251007;5;20;136;0;10241;96
260;20251007;6;20;134;1;10242;98
260;20251007;7;20;135;7;10246;98
260;20251007;8;30;135;17;10249;98
260;20251007;9;30;143;45;10249;97
260;20251007;10;30;156;74;10247;92
260;20251007;11;40;168;110;10247;85
260;20251007;12;40;173;94;10243;80
260;20251007;13;40;169;28;10242;81
260;20251007;14;40;169;41;10241;76
260;20251007;15;30;163;25;10239;78
260;20251007;16;30;157;11;10236;83
260;20251007;17;20;155;3;10235;86
260;20251007;18;30;147;0;10238;95
260;20251007;19;30;146;0;10238;97
260;20251007;20;20;144;0;10237;97
260;20251007;21;20;143;0;10237;97
260;20251007;22;30;141;0;10234;98
260;20251007;23;30;140;0;10232;97
260;20251007;24;30;138;0;10229;97
260;20251008;1;20;136;0;10225;98
260;20251008;2;20;134;0;10222;97
260;20251008;3;20;134;0;10220;97
260;20251008;4;20;132;0;10217;98
260;20251008;5;20;133;0;10215;97
260;20251008;6;20;133;0;10216;97
260;20251008;7;20;135;6;10217;97
260;20251008;8;20;142;26;10220;94
260;20251008;9;20;145;45;10222;92
260;20251008;10;20;155;71;10220;88
260;20251008;11;20;163;84;10220;85
260;20251008;12;20;164;77;10217;80
260;20251008;13;20;159;20;10217;83
260;20251008;14;20;158;23;10217;88
260;20251008;15;20;162;25;10217;79
260;20251008;16;20;157;15;10219;82
260;20251008;17;20;154;5;10223;84
260;20251008;18;10;148;0;10224;88
260;20251008;19;20;146;0;10228;90
260;20251008;20;20;142;0;10231;94
260;20251008;21;30;129;0;10239;96
260;20251008;22;20;127;0;10239;96
260;20251008;23;10;123;0;10240;97
260;20251008;24;10;121;0;10239;96
260;20251009;1;10;100;0;10238;99
260;20251009;2;10;97;0;10239;99
260;20251009;3;10;100;0;10239;100
260;20251009;4;10;106;0;10241;99
260;20251009;5;10;100;0;10244;99
260;20251009;6;0;97;0;10248;99
260;20251009;7;10;106;17;10251;99
260;20251009;8;10;131;74;10256;82
260;20251009;9;10;148;108;10257;67
260;20251009;10;10;154;160;10259;66
260;20251009;11;20;156;172;10258;64
260;20251009;12;30;152;80;10255;66
260;20251009;13;30;153;73;10260;69
260;20251009;14;30;152;44;10260;69
260;20251009;15;30;156;70;10259;66
260;20251009;16;30;149;48;10265;68
260;20251009;17;20;141;10;10268;75
260;20251009;18;20;140;0;10275;76
260;20251009;19;20;139;0;10279;81
260;20251009;20;20;139;0;10282;83
260;20251009;21;20;135;0;10286;89
260;20251009;22;20;135;0;10288;88
260;20251009;23;20;138;0;10291;86
260;20251009;24;20;138;0;10293;88
260;20251010;1;20;137;0;10295;90
260;20251010;2;20;135;0;10297;92
260;20251010;3;20;131;0;10300;93
260;20251010;4;20;125;0;10298;96
260;20251010;5;20;124;0;10303;97
260;20251010;6;20;119;0;10309;98
260;20251010;7;20;130;14;10315;97
260;20251010;8;20;147;58;10319;92
260;20251010;9;20;163;111;10322;85
260;20251010;10;30;164;110;10328;78
260;20251010;11;30;169;88;10329;78
260;20251010;12;30;173;82;10327;72
260;20251010;13;20;169;47;10329;75
260;20251010;14;20;167;30;10331;78
260;20251010;15;20;162;16;10332;80
260;20251010;16;20;158;9;10332;80
260;20251010;17;20;154;2;10333;80
260;20251010;18;20;151;0;10336;78
260;20251010;19;20;150;0;10339;79
260;20251010;20;20;147;0;10337;79
260;20251010;21;20;145;0;10337;81
260;20251010;22;20;145;0;10337;81
260;20251010;23;20;143;0;10338;83
260;20251010;24;10;143;0;10339;82
260;20251011;1;20;140;0;10339;84
260;20251011;2;10;138;0;10337;86
260;20251011;3;20;139;0;10337;83
260;20251011;4;20;138;0;10336;86
260;20251011;5;10;138;0;10335;86
260;20251011;6;10;136;0;10335;88
260;20251011;7;20;138;3;10339;86
260;20251011;8;10;137;4;10342;89
260;20251011;9;20;145;25;10343;86
260;20251011;10;20;153;55;10342;83
260;20251011;11;10;158;59;10344;76
260;20251011;12;20;160;50;10340;77
260;20251011;13;20;159;50;10337;72
260;20251011;14;20;157;45;10334;73
260;20251011;15;10;157;30;10334;74
260;20251011;16;10;153;14;10333;76
260;20251011;17;10;143;2;10334;87
260;20251011;18;10;137;0;10333;91
260;20251011;19;10;135;0;10334;93
260;20251011;20;10;133;0;10333;94
260;20251011;21;10;132;0;10332;95
260;20251011;22;10;133;0;10334;90
260;20251011;23;10;129;0;10332;91
260;20251011;24;10;126;0;10329;94
260;20251012;1;10;126;0;10325;94
260;20251012;2;10;130;0;10321;89
260;20251012;3;10;130;0;10318;88
260;20251012;4;10;125;0;10314;94
260;20251012;5;10;128;0;10312;88
260;20251012;6;10;126;0;10313;93
260;20251012;7;10;130;6;10314;90
260;20251012;8;10;143;40;10315;85
260;20251012;9;20;155;98;10315;77
260;20251012;10;30;156;76;10314;76
260;20251012;11;30;154;72;10313;77
260;20251012;12;30;156;88;10310;76
260;20251012;13;30;155;77;10305;80
260;20251012;14;30;156;43;10302;84
260;20251012;15;20;148;28;10300;96
260;20251012;16;10;152;15;10298;90
260;20251012;17;20;150;3;10299;92
260;20251012;18;20;147;0;10299;91
260;20251012;19;20;141;0;10298;98
260;20251012;20;10;141;0;10298;99
260;20251012;21;20;142;0;10298;99
260;20251012;22;20;141;0;10296;98
260;20251012;23;20;138;0;10295;97
260;20251012;24;20;136;0;10292;98
260;20251013;1;20;135;0;10291;98
260;20251013;2;20;132;0;10286;99
260;20251013;3;20;132;0;10285;98
260;20251013;4;20;131;0;10286;98
260;20251013;5;20;131;0;10285;99
260;20251013;6;20;128;0;10284;99
260;20251013;7;20;129;5;10285;99
260;20251013;8;10;135;21;10288;97
260;20251013;9;20;137;28;10291;94
260;20251013;10;20;142;59;10292;92
260;20251013;11;20;144;51;10292;91
260;20251013;12;10;150;56;10288;88
260;20251013;13;20;158;92;10285;84
260;20251013;14;30;154;69;10283;82
260;20251013;15;20;153;42;10282;80
260;20251013;16;30;149;21;10282;81
260;20251013;17;20;142;5;10283;84
260;20251013;18;20;136;0;10283;87
260;20251013;19;20;134;0;10283;87
260;20251013;20;20;131;0;10284;89
260;20251013;21;10;127;0;10284;90
260;20251013;22;10;124;0;10284;91
260;20251013;23;10;120;0;10284;94
260;20251013;24;10;119;0;10282;94
260;20251014;1;10;121;0;10281;94
260;20251014;2;10;128;0;10278;84
260;20251014;3;10;124;0;10275;90
260;20251014;4;10;125;0;10276;91
260;20251014;5;10;125;0;10275;90
260;20251014;6;20;122;0;10276;95
260;20251014;7;10;123;6;10277;95
260;20251014;8;10;126;23;10278;97
260;20251014;9;10;135;32;10277;92
260;20251014;10;20;145;47;10277;88
260;20251014;11;30;141;52;10277;92
260;20251014;12;20;158;93;10273;80
260;20251014;13;30;159;72;10270;78
260;20251014;14;30;157;58;10269;79
260;20251014;15;30;155;34;10266;80
260;20251014;16;20;150;18;10266;83
260;20251014;17;20;140;3;10268;86
260;20251014;18;20;133;0;10269;90
260;20251014;19;30;130;0;10271;91
260;20251014;20;20;130;0;10273;84
260;20251014;21;20;130;0;10275;83
260;20251014;22;10;124;0;10277;89
260;20251014;23;10;119;0;10276;98
260;20251014;24;10;119;0;10275;97
260;20251015;1;10;121;0;10274;97
260;20251015;2;10;120;0;10271;98
260;20251015;3;10;119;0;10270;99
260;20251015;4;10;121;0;10269;98
260;20251015;5;10;121;0;10271;99
260;20251015;6;10;123;0;10271;99
260;20251015;7;10;127;4;10274;98
260;20251015;8;10;132;14;10276;98
260;20251015;9;10;139;28;10277;94
260;20251015;10;10;145;37;10277;88
260;20251015;11;20;139;41;10278;91
260;20251015;12;20;139;53;10276;88
260;20251015;13;20;147;45;10273;85
260;20251015;14;20;144;37;10272;87
260;20251015;15;20;139;30;10270;91
260;20251015;16;20;132;11;10268;96
260;20251015;17;20;125;4;10269;98
260;20251015;18;30;121;0;10271;93
260;20251015;19;20;118;0;10273;96
260;20251015;20;10;116;0;10272;97
260;20251015;21;10;113;0;10273;96
260;20251015;22;10;104;0;10271;98
260;20251015;23;10;94;0;10271;97
260;20251015;24;10;84;0;10269;99
260;20251016;1;10;75;0;10265;99
260;20251016;2;10;89;0;10262;100
260;20251016;3;10;97;0;10256;99
260;20251016;4;20;104;0;10254;99
260;20251016;5;10;106;0;10256;99
260;20251016;6;10;107;0;10256;99
260;20251016;7;10;99;6;10257;99
260;20251016;8;10;115;20;10259;99
260;20251016;9;10;133;72;10260;89
260;20251016;10;20;137;105;10261;88
260;20251016;11;20;151;84;10261;79
260;20251016;12;30;151;97;10257;74
260;20251016;13;30;153;99;10255;77
260;20251016;14;40;160;133;10251;71
260;20251016;15;40;149;84;10251;76
260;20251016;16;30;144;26;10251;79
260;20251016;17;20;134;3;10254;85
260;20251016;18;20;123;0;10255;90
260;20251016;19;20;116;0;10257;90
260;20251016;20;20;111;0;10259;93
260;20251016;21;10;117;0;10259;91
260;20251016;22;10;111;0;10257;95
260;20251016;23;20;117;0;10255;91
260;20251016;24;20;118;0;10253;90
260;20251017;1;10;116;0;10252;93
260;20251017;2;10;118;0;10250;89
260;20251017;3;20;116;0;10249;88
260;20251017;4;10;110;0;10247;95
260;20251017;5;10;107;0;10246;99
260;20251017;6;10;108;0;10248;98
260;20251017;7;10;115;4;10250;93
260;20251017;8;10;123;21;10252;88
260;20251017;9;20;129;49;10256;79
260;20251017;10;20;125;53;10256;81
260;20251017;11;20;135;76;10253;77
260;20251017;12;20;132;43;10250;78
260;20251017;13;20;142;68;10246;77
260;20251017;14;20;141;63;10245;72
260;20251017;15;20;138;23;10244;76
260;20251017;16;20;135;19;10244;78
260;20251017;17;10;130;3;10247;83
260;20251017;18;10;118;0;10251;89
260;20251017;19;10;113;0;10253;91
260;20251017;20;10;102;0;10257;98
260;20251017;21;10;95;0;10258;98
260;20251017;22;10;100;0;10260;98
260;20251017;23;10;103;0;10262;96
260;20251017;24;10;83;0;10263;98
260;20251018;1;10;86;0;10266;100
260;20251018;2;10;98;0;10266;99
260;20251018;3;10;97;0;10268;99
260;20251018;4;10;96;0;10269;99
260;20251018;5;10;94;0;10272;98
260;20251018;6;20;93;0;10273;97
260;20251018;7;10;92;7;10275;94
260;20251018;8;20;101;27;10281;88
260;20251018;9;30;114;67;10279;81
260;20251018;10;40;116;127;10276;67
260;20251018;11;30;127;90;10274;57
260;20251018;12;40;123;129;10269;57
260;20251018;13;40;125;161;10263;58
260;20251018;14;40;122;89;10259;54
260;20251018;15;30;116;61;10252;59
260;20251018;16;30;107;23;10246;65
260;20251018;17;20;91;3;10243;74
260;20251018;18;20;77;0;10242;85
260;20251018;19;20;82;0;10237;77
260;20251018;20;30;81;0;10232;77
260;20251018;21;20;77;0;10226;77
260;20251018;22;30;76;0;10219;77
260;20251018;23;30;74;0;10212;80
260;20251018;24;30;79;0;10206;79
260;20251019;1;30;79;0;10198;80
260;20251019;2;30;78;0;10187;80
260;20251019;3;30;77;0;10181;79
260;20251019;4;30;76;0;10171;80
260;20251019;5;30;75;0;10162;80
260;20251019;6;30;72;0;10155;82
260;20251019;7;30;74;5;10150;82
260;20251019;8;30;82;28;10145;79
260;20251019;9;40;92;61;10134;78
260;20251019;10;40;99;68;10128;76
260;20251019;11;40;112;95;10118;74
260;20251019;12;50;126;121;10107;71
260;20251019;13;50;135;178;10097;68
260;20251019;14;50;132;126;10087;70
260;20251019;15;40;128;62;10080;73
260;20251019;16;30;123;27;10073;77
260;20251019;17;40;118;4;10071;79
260;20251019;18;40;114;0;10069;80
260;20251019;19;40;117;0;10059;85
260;20251019;20;30;116;0;10051;92
260;20251019;21;40;121;0;10045;90
260;20251019;22;50;123;0;10035;89
260;20251019;23;40;126;0;10027;86
260;20251019;24;50;128;0;10017;84
260;20251020;1;40;121;0;10008;89
260;20251020;2;40;119;0;9999;91
260;20251020;3;40;120;0;9991;95
260;20251020;4;40;124;0;9984;98
260;20251020;5;40;129;0;9978;98
260;20251020;6;30;134;0;9974;99
260;20251020;7;30;140;1;9972;98
260;20251020;8;40;146;17;9975;95
260;20251020;9;30;150;32;9973;92
260;20251020;10;40;152;62;9969;88
260;20251020;11;50;158;82;9967;81
260;20251020;12;40;162;67;9961;81
260;20251020;13;50;164;73;9956;78
260;20251020;14;40;169;54;9947;75
260;20251020;15;40;162;27;9940;79
260;20251020;16;30;164;15;9936;75
260;20251020;17;40;152;2;9933;82
260;20251020;18;40;150;0;9929;84
260;20251020;19;50;149;0;9923;81
260;20251020;20;40;140;0;9922;90
260;20251020;21;40;142;0;9914;87
260;20251020;22;40;146;0;9907;83
260;20251020;23;50;143;0;9902;85
260;20251020;24;50;137;0;9894;90
260;20251021;1;50;136;0;9887;91
260;20251021;2;50;133;0;9877;94
260;20251021;3;60;132;0;9877;93
260;20251021;4;60;131;0;9879;95
260;20251021;5;60;131;0;9887;94
260;20251021;6;50;132;0;9896;93
260;20251021;7;50;135;2;9905;94
260;20251021;8;50;134;11;9913;96
260;20251021;9;50;138;19;9920;93
260;20251021;10;60;138;25;9929;92
260;20251021;11;50;138;38;9934;89
260;20251021;12;60;155;101;9938;79
260;20251021;13;60;153;75;9938;76
260;20251021;14;70;150;99;9942;78
260;20251021;15;60;140;39;9946;86
260;20251021;16;50;139;24;9947;83
260;20251021;17;50;133;2;9949;90
260;20251021;18;50;130;0;9949;93
260;20251021;19;40;132;0;9946;89
260;20251021;20;40;130;0;9946;87
260;20251021;21;40;131;0;9945;86
260;20251021;22;40;126;0;9946;91
260;20251021;23;40;121;0;9945;93
260;20251021;24;40;126;0;9947;93
260;20251022;1;40;128;0;9949;92
260;20251022;2;40;128;0;9950;92
260;20251022;3;30;127;0;9952;93
260;20251022;4;40;127;0;9956;93
260;20251022;5;40;123;0;9960;95
260;20251022;6;30;119;0;9965;96
260;20251022;7;30;119;8;9972;96
260;20251022;8;30;125;36;9978;92
260;20251022;9;30;133;64;9984;87
260;20251022;10;30;138;71;9989;86
260;20251022;11;30;142;81;9990;80
260;20251022;12;30;145;82;9991;80
260;20251022;13;30;146;68;9987;77
260;20251022;14;30;147;74;9983;76
260;20251022;15;30;145;45;9980;78
260;20251022;16;30;141;25;9978;78
260;20251022;17;20;114;2;9975;91
260;20251022;18;20;97;0;9972;98
260;20251022;19;10;99;0;9963;100
260;20251022;20;20;105;0;9957;97
260;20251022;21;20;114;0;9946;92
260;20251022;22;30;119;0;9931;89
260;20251022;23;40;120;0;9911;89
260;20251022;24;50;121;0;9881;87
260;20251023;1;50;114;0;9855;94
260;20251023;2;50;114;0;9822;97
260;20251023;3;70;125;0;9795;97
260;20251023;4;70;135;0;9781;97
260;20251023;5;50;145;0;9776;93
260;20251023;6;40;145;0;9771;93
260;20251023;7;60;138;2;9775;86
260;20251023;8;60;140;23;9773;80
260;20251023;9;60;141;70;9774;72
260;20251023;10;80;127;72;9776;70
260;20251023;11;80;111;44;9774;79
260;20251023;12;50;105;47;9763;90
260;20251023;13;50;99;36;9760;97
260;20251023;14;30;103;21;9763;96
260;20251023;15;30;107;11;9772;96
260;20251023;16;50;111;4;9792;91
260;20251023;17;70;109;1;9811;89
260;20251023;18;70;106;0;9833;90
260;20251023;19;80;110;0;9851;90
260;20251023;20;70;108;0;9865;85
260;20251023;21;70;107;0;9876;85
260;20251023;22;70;97;0;9886;87
260;20251023;23;60;101;0;9895;89
260;20251023;24;60;101;0;9903;84
260;20251024;1;70;96;0;9912;85
260;20251024;2;60;102;0;9919;75
260;20251024;3;70;100;0;9929;73
260;20251024;4;60;97;0;9937;76
260;20251024;5;60;98;0;9945;74
260;20251024;6;50;96;0;9951;77
260;20251024;7;50;97;3;9958;75
260;20251024;8;60;98;27;9967;76
260;20251024;9;50;105;35;9974;72
260;20251024;10;70;116;69;9982;64
260;20251024;11;70;118;136;9985;62
260;20251024;12;80;112;136;9988;69
260;20251024;13;60;114;84;9988;71
260;20251024;14;60;116;85;9987;65
260;20251024;15;70;113;59;9986;71
260;20251024;16;70;104;23;9986;75
260;20251024;17;60;96;2;9984;82
260;20251024;18;60;96;0;9980;82
260;20251024;19;70;96;0;9978;83
260;20251024;20;70;94;0;9978;83
260;20251024;21;70;92;0;9977;83
260;20251024;22;60;89;0;9972;83
260;20251024;23;60;88;0;9966;83
260;20251024;24;60;88;0;9961;82
260;20251025;1;60;89;0;9955;85
260;20251025;2;70;89;0;9949;88
260;20251025;3;70;93;0;9943;87
260;20251025;4;70;91;0;9939;91
260;20251025;5;70;89;0;9936;91
260;20251025;6;60;90;0;9932;93
260;20251025;7;60;94;3;9933;91
260;20251025;8;60;99;18;9934;91
260;20251025;9;50;108;45;9936;91
260;20251025;10;40;110;42;9946;96
260;20251025;11;30;112;24;9958;92
260;20251025;12;40;120;58;9968;86
260;20251025;13;60;112;69;9978;84
260;20251025;14;50;115;70;9986;74
260;20251025;15;50;102;45;9997;81
260;20251025;16;40;98;15;9999;78
260;20251025;17;40;89;1;10002;75
260;20251025;18;30;86;0;10008;74
260;20251025;19;30;80;0;10010;78
260;20251025;20;30;77;0;10010;80
260;20251025;21;30;71;0;10009;85
260;20251025;22;20;73;0;10010;83
260;20251025;23;30;75;0;10012;76
260;20251025;24;50;61;0;10014;87
260;20251026;1;40;62;0;10011;87
260;20251026;2;40;57;0;10003;90
260;20251026;3;40;64;0;9998;82
260;20251026;4;50;73;0;9993;81
260;20251026;5;60;74;0;9992;87
260;20251026;6;60;82;0;9997;92
260;20251026;7;60;82;1;10007;92
260;20251026;8;40;90;34;10015;88
260;20251026;9;50;93;48;10023;78
260;20251026;10;50;96;85;10032;81
260;20251026;11;50;89;59;10040;87
260;20251026;12;50;92;42;10041;86
260;20251026;13;50;105;82;10044;70
260;20251026;14;60;98;61;10047;74
260;20251026;15;70;100;79;10049;64
260;20251026;16;60;88;18;10050;69
260;20251026;17;40;85;1;10044;71
260;20251026;18;30;85;0;10038;72
260;20251026;19;40;78;0;10032;85
260;20251026;20;40;76;0;10023;92
260;20251026;21;50;79;0;10013;93
260;20251026;22;60;78;0;9999;96
260;20251026;23;60;78;0;9983;96
260;20251026;24;60;82;0;9968;98
260;20251027;1;50;93;0;9959;96
260;20251027;2;40;99;0;9952;94
260;20251027;3;50;92;0;9949;90
260;20251027;4;50;104;0;9947;81
260;20251027;5;60;105;0;9948;77
260;20251027;6;50;106;0;9946;76
260;20251027;7;60;108;3;9948;73
260;20251027;8;50;84;11;9956;91
260;20251027;9;50;84;5;9964;94
260;20251027;10;50;81;9;9974;93
260;20251027;11;50;88;19;9980;91
260;20251027;12;40;94;44;9985;90
260;20251027;13;40;117;112;9996;80
260;20251027;14;40;108;76;10015;79
260;20251027;15;40;108;66;10028;79
260;20251027;16;40;101;11;10038;75
260;20251027;17;40;96;1;10049;79
260;20251027;18;40;92;0;10060;83
260;20251027;19;40;89;0;10067;86
260;20251027;20;40;86;0;10074;87
260;20251027;21;20;73;0;10077;94
260;20251027;22;20;71;0;10079;90
260;20251027;23;20;63;0;10076;89
260;20251027;24;20;62;0;10072;91
260;20251028;1;30;79;0;10067;90
260;20251028;2;30;85;0;10060;92
260;20251028;3;40;92;0;10050;92
260;20251028;4;40;90;0;10040;95
260;20251028;5;50;99;0;10032;96
260;20251028;6;60;109;0;10025;95
260;20251028;7;60;115;1;10025;95
260;20251028;8;50;122;11;10027;91
260;20251028;9;50;112;16;10031;92
260;20251028;10;40;122;22;10035;86
260;20251028;11;40;127;55;10037;83
260;20251028;12;50;142;119;10038;70
260;20251028;13;50;135;69;10040;71
260;20251028;14;60;131;64;10044;69
260;20251028;15;50;131;41;10050;69
260;20251028;16;50;125;10;10053;70
260;20251028;17;40;122;0;10058;75
260;20251028;18;40;118;0;10062;78
260;20251028;19;30;115;0;10065;79
260;20251028;20;30;118;0;10066;79
260;20251028;21;30;105;0;10068;84
260;20251028;22;40;113;0;10067;86
260;20251028;23;40;118;0;10066;85
260;20251028;24;40;106;0;10067;89
260;20251029;1;40;97;0;10067;92
260;20251029;2;30;96;0;10061;92
260;20251029;3;30;92;0;10061;96
260;20251029;4;40;105;0;10057;95
260;20251029;5;40;110;0;10053;94
260;20251029;6;40;113;0;10050;93
260;20251029;7;40;108;3;10048;92
260;20251029;8;40;113;32;10048;88
260;20251029;9;40;117;43;10044;86
260;20251029;10;40;123;53;10040;84
260;20251029;11;50;131;77;10036;81
260;20251029;12;50;131;64;10029;81
260;20251029;13;40;130;52;10017;81
260;20251029;14;40;130;40;10011;82
260;20251029;15;30;127;26;10002;82
260;20251029;16;30;123;7;9995;84
260;20251029;17;30;122;0;9989;84
260;20251029;18;20;121;0;9985;85
260;20251029;19;20;118;0;9975;87
260;20251029;20;20;112;0;9967;94
260;20251029;21;30;114;0;9963;97
260;20251029;22;30;113;0;9958;97
260;20251029;23;20;111;0;9956;98
260;20251029;24;30;109;0;9958;97
260;20251030;1;40;103;0;9969;94
260;20251030;2;30;99;0;9984;96
260;20251030;3;30;93;0;9996;89
260;20251030;4;30;86;0;10010;88
260;20251030;5;30;81;0;10024;85
260;20251030;6;30;79;0;10034;85
260;20251030;7;30;85;3;10048;85
260;20251030;8;30;98;30;10061;85
260;20251030;9;40;102;31;10072;85
260;20251030;10;40;113;61;10083;83
260;20251030;11;50;118;72;10092;73
260;20251030;12;40;122;86;10099;68
260;20251030;13;40;124;81;10103;71
260;20251030;14;40;131;114;10108;67
260;20251030;15;40;121;50;10112;70
260;20251030;16;20;106;12;10115;78
260;20251030;17;20;81;0;10117;90
260;20251030;18;20;80;0;10124;92
260;20251030;19;20;86;0;10124;88
260;20251030;20;20;80;0;10125;91
260;20251030;21;20;78;0;10122;91
260;20251030;22;20;73;0;10121;94
260;20251030;23;20;81;0;10119;90
260;20251030;24;30;79;0;10116;90
260;20251031;1;30;78;0;10116;89
260;20251031;2;30;70;0;10113;92
260;20251031;3;30;69;0;10108;90
260;20251031;4;30;70;0;10106;89
260;20251031;5;30;74;0;10101;87
260;20251031;6;30;76;0;10099;86
260;20251031;7;30;77;1;10103;85
260;20251031;8;40;83;12;10103;84
260;20251031;9;40;91;40;10101;83
260;20251031;10;40;103;63;10100;81
260;20251031;11;30;117;78;10098;79
260;20251031;12;40;127;89;10094;77
260;20251031;13;40;125;78;10089;77
260;20251031;14;50;124;41;10085;79
260;20251031;15;50;121;29;10083;82
260;20251031;16;50;116;8;10083;82
260;20251031;17;50;115;1;10085;83
260;20251031;18;40;111;0;10088;85
260;20251031;19;40;113;0;10085;86
260;20251031;20;30;106;0;10085;89
260;20251031;21;30;102;0;10086;91
260;20251031;22;20;100;0;10086;93
260;20251031;23;30;98;0;10083;93
260;20251031;24;30;98;0;10081;93
260;20251101;1;30;98;0;10073;93
260;20251101;2;30;112;0;10072;89
260;20251101;3;40;109;0;10061;90
260;20251101;4;40;113;0;10054;88
260;20251101;5;40;118;0;10051;86
260;20251101;6;40;123;0;10044;84
260;20251101;7;40;123;1;10042;84
260;20251101;8;50;127;6;10036;86
260;20251101;9;40;124;6;10038;97
260;20251101;10;40;134;11;10041;96
260;20251101;11;40;137;31;10047;89
260;20251101;12;40;131;28;10051;89
260;20251101;13;40;126;13;10054;91
260;20251101;14;30;127;17;10058;89
260;20251101;15;50;130;29;10060;88
260;20251101;16;50;125;24;10067;88
260;20251101;17;40;118;0;10075;92
260;20251101;18;40;114;0;10083;93
260;20251101;19;30;107;0;10086;95
260;20251101;20;30;107;0;10087;95
260;20251101;21;40;104;0;10089;96
260;20251101;22;40;106;0;10088;95
260;20251101;23;50;107;0;10083;93
260;20251101;24;50;108;0;10083;92
260;20251102;1;50;110;0;10082;90
260;20251102;2;50;107;0;10084;92
260;20251102;3;40;101;0;10084;91
260;20251102;4;30;96;0;10084;92
260;20251102;5;30;99;0;10085;95
260;20251102;6;40;94;0;10086;96
260;20251102;7;30;98;1;10090;95
260;20251102;8;30;101;19;10091;94
260;20251102;9;30;104;40;10089;92
260;20251102;10;40;110;60;10087;90
260;20251102;11;30;121;77;10084;83
260;20251102;12;40;127;124;10080;73
260;20251102;13;50;131;126;10080;72
260;20251102;14;40;131;62;10076;68
260;20251102;15;40;122;17;10077;73
260;20251102;16;50;113;5;10079;84
260;20251102;17;40;107;0;10085;87
260;20251102;18;30;105;0;10096;87
260;20251102;19;30;106;0;10106;85
260;20251102;20;20;95;0;10115;87
260;20251102;21;20;91;0;10123;87
260;20251102;22;20;79;0;10128;90
260;20251102;23;20;74;0;10135;92
260;20251102;24;30;76;0;10140;90
260;20251103;1;30;78;0;10143;90
260;20251103;2;30;72;0;10144;91
260;20251103;3;40;73;0;10148;91
260;20251103;4;30;70;0;10150;94
260;20251103;5;30;70;0;10154;94
260;20251103;6;40;69;0;10154;93
260;20251103;7;40;76;3;10157;88
260;20251103;8;40;86;20;10162;86
260;20251103;9;40;91;28;10157;89
260;20251103;10;40;101;33;10158;89
260;20251103;11;50;108;55;10158;87
260;20251103;12;60;113;49;10159;86
260;20251103;13;50;120;38;10155;85
260;20251103;14;60;125;32;10158;83
260;20251103;15;70;124;26;10159;83
260;20251103;16;70;116;7;10161;88
260;20251103;17;50;113;0;10163;92
260;20251103;18;50;118;0;10166;88
260;20251103;19;50;121;0;10168;90
260;20251103;20;50;125;0;10168;89
260;20251103;21;60;131;0;10168;86
260;20251103;22;50;131;0;10168;85
260;20251103;23;50;133;0;10168;84
260;20251103;24;60;133;0;10173;84
260;20251104;1;60;132;0;10173;84
260;20251104;2;40;126;0;10172;88
260;20251104;3;40;125;0;10172;89
260;20251104;4;30;123;0;10173;90
260;20251104;5;40;127;0;10173;88
260;20251104;6;40;130;0;10172;86
260;20251104;7;40;131;0;10174;86
260;20251104;8;50;133;8;10178;84
260;20251104;9;50;135;28;10181;84
260;20251104;10;50;142;48;10180;80
260;20251104;11;50;153;106;10174;75
260;20251104;12;60;158;124;10171;72
260;20251104;13;60;155;77;10165;72
260;20251104;14;50;161;72;10158;70
260;20251104;15;60;152;33;10157;71
260;20251104;16;40;145;7;10154;74
260;20251104;17;30;138;0;10151;78
260;20251104;18;40;134;0;10147;78
260;20251104;19;40;135;0;10146;75
260;20251104;20;30;133;0;10146;74
260;20251104;21;40;134;0;10151;71
260;20251104;22;30;127;0;10148;74
260;20251104;23;40;127;0;10148;72
260;20251104;24;30;121;0;10145;75
260;20251105;1;30;124;0;10146;73
260;20251105;2;30;120;0;10146;74
260;20251105;3;40;120;0;10143;74
260;20251105;4;30;114;0;10145;76
260;20251105;5;30;109;0;10143;78
260;20251105;6;40;111;0;10145;78
260;20251105;7;30;114;1;10149;78
260;20251105;8;30;120;12;10147;75
260;20251105;9;30;123;30;10150;75
260;20251105;10;40;137;55;10148;70
260;20251105;11;40;153;95;10148;66
260;20251105;12;40;170;151;10141;59
260;20251105;13;40;167;120;10135;64
260;20251105;14;50;168;122;10132;62
260;20251105;15;40;153;37;10131;67
260;20251105;16;40;147;7;10130;69
260;20251105;17;40;139;0;10129;72
260;20251105;18;40;130;0;10128;74
260;20251105;19;40;123;0;10126;75
260;20251105;20;40;118;0;10122;77
260;20251105;21;40;116;0;10119;77
260;20251105;22;30;108;0;10119;80
260;20251105;23;30;110;0;10115;77
260;20251105;24;30;105;0;10113;77
260;20251106;1;30;101;0;10110;77
260;20251106;2;30;95;0;10106;77
260;20251106;3;30;92;0;10102;76
260;20251106;4;30;89;0;10096;77
260;20251106;5;40;91;0;10091;75
260;20251106;6;30;88;0;10092;76
260;20251106;7;20;75;1;10094;84
260;20251106;8;30;87;19;10095;81
260;20251106;9;30;102;49;10090;74
260;20251106;10;30;112;75;10088;74
260;20251106;11;40;129;107;10087;70
260;20251106;12;40;126;95;10083;70
260;20251106;13;30;127;61;10081;72
260;20251106;14;30;138;77;10077;71
260;20251106;15;30;133;33;10075;74
260;20251106;16;20;121;8;10076;78
260;20251106;17;20;99;0;10078;89
260;20251106;18;20;88;0;10080;95
260;20251106;19;20;100;0;10080;87
260;20251106;20;20;101;0;10081;86
260;20251106;21;20;92;0;10085;90
260;20251106;22;20;106;0;10088;90
260;20251106;23;20;98;0;10089;95
260;20251106;24;20;95;0;10089;96
260;20251107;1;20;89;0;10089;98
260;20251107;2;20;85;0;10089;99
260;20251107;3;20;81;0;10087;99
260;20251107;4;20;82;0;10088;99
260;20251107;5;20;82;0;10088;99
260;20251107;6;10;78;0;10090;99
260;20251107;7;20;77;1;10093;99
260;20251107;8;10;84;15;10095;99
260;20251107;9;10;101;52;10097;95
260;20251107;10;20;117;84;10102;89
260;20251107;11;20;135;109;10099;84
260;20251107;12;20;151;117;10093;80
260;20251107;13;20;158;107;10092;80
260;20251107;14;30;160;85;10088;77
260;20251107;15;20;155;51;10089;78
260;20251107;16;30;139;13;10093;84
260;20251107;17;20;116;0;10096;93
260;20251107;18;20;110;0;10101;93
260;20251107;19;20;95;0;10104;97
260;20251107;20;20;77;0;10106;99
260;20251107;21;20;76;0;10109;99
260;20251107;22;20;66;0;10112;99
260;20251107;23;10;54;0;10113;99
260;20251107;24;10;51;0;10113;99
260;20251108;1;10;58;0;10115;99
260;20251108;2;10;44;0;10117;99
260;20251108;3;10;45;0;10117;99
260;20251108;4;10;51;0;10117;99
260;20251108;5;20;50;0;10118;99
260;20251108;6;20;57;0;10121;100
260;20251108;7;10;62;1;10127;99
260;20251108;8;10;73;8;10132;99
260;20251108;9;10;81;22;10133;100
260;20251108;10;10;99;55;10136;95
260;20251108;11;10;119;97;10137;89
260;20251108;12;10;134;98;10135;84
260;20251108;13;10;141;106;10134;83
260;20251108;14;10;142;46;10134;85
260;20251108;15;10;141;27;10135;85
260;20251108;16;10;133;9;10138;86
260;20251108;17;10;131;0;10142;88
260;20251108;18;20;123;0;10147;93
260;20251108;19;10;118;0;10150;96
260;20251108;20;10;113;0;10153;97
260;20251108;21;10;101;0;10154;99
260;20251108;22;10;81;0;10154;99
260;20251108;23;10;86;0;10154;99
260;20251108;24;10;84;0;10155;99
260;20251109;1;10;95;0;10155;100
260;20251109;2;10;94;0;10156;99
260;20251109;3;10;93;0;10155;99
260;20251109;4;10;97;0;10155;99
260;20251109;5;20;115;0;10156;99
260;20251109;6;10;112;0;10158;98
260;20251109;7;20;114;0;10164;98
260;20251109;8;20;119;7;10169;97
260;20251109;9;20;127;41;10171;92
260;20251109;10;20;135;95;10174;84
260;20251109;11;30;142;116;10174;78
260;20251109;12;20;135;74;10170;77
260;20251109;13;30;149;96;10167;66
260;20251109;14;30;148;90;10166;64
260;20251109;15;20;142;56;10165;64
260;20251109;16;20;122;10;10168;74
260;20251109;17;20;94;0;10170;88
260;20251109;18;20;82;0;10170;93
260;20251109;19;10;61;0;10169;99
260;20251109;20;20;53;0;10170;99
260;20251109;21;20;67;0;10169;99
260;20251109;22;20;63;0;10166;99
260;20251109;23;30;80;0;10163;99
260;20251109;24;30;84;0;10159;99
260;20251110;1;20;80;0;10157;98
260;20251110;2;20;67;0;10153;99
260;20251110;3;20;64;0;10150;99
260;20251110;4;30;68;0;10147;99
260;20251110;5;40;69;0;10144;98
260;20251110;6;30;77;0;10139;92
260;20251110;7;40;79;1;10137;92
260;20251110;8;30;75;7;10138;94
260;20251110;9;30;79;24;10132;92
260;20251110;10;40;87;35;10128;90
260;20251110;11;40;95;48;10123;87
260;20251110;12;40;102;80;10114;84
260;20251110;13;50;103;88;10108;84
260;20251110;14;40;106;55;10101;84
260;20251110;15;40;108;18;10097;82
260;20251110;16;30;105;4;10092;83
260;20251110;17;40;103;0;10089;83
260;20251110;18;40;100;0;10087;84
260;20251110;19;40;101;0;10082;83
260;20251110;20;50;97;0;10079;93
260;20251110;21;50;95;0;10085;95
260;20251110;22;40;94;0;10084;96
260;20251110;23;40;98;0;10082;95
260;20251110;24;40;103;0;10084;94
260;20251111;1;40;106;0;10084;93
260;20251111;2;40;100;0;10088;94
260;20251111;3;30;95;0;10091;93
260;20251111;4;30;91;0;10095;93
260;20251111;5;40;88;0;10098;94
260;20251111;6;40;86;0;10102;95
260;20251111;7;40;83;0;10112;97
260;20251111;8;40;89;12;10116;96
260;20251111;9;40;99;44;10121;94
260;20251111;10;40;105;51;10125;91
260;20251111;11;40;111;69;10122;89
260;20251111;12;40;113;54;10119;88
260;20251111;13;40;116;42;10120;85
260;20251111;14;40;119;22;10124;84
260;20251111;15;40;119;13;10126;83
260;20251111;16;40;114;4;10121;84
260;20251111;17;30;104;0;10118;87
260;20251111;18;40;100;0;10112;88
260;20251111;19;30;97;0;10114;88
260;20251111;20;30;99;0;10114;87
260;20251111;21;30;94;0;10113;90
260;20251111;22;30;97;0;10113;90
260;20251111;23;30;97;0;10106;90
260;20251111;24;40;101;0;10103;89
260;20251112;1;40;104;0;10101;88
260;20251112;2;40;100;0;10100;89
260;20251112;3;40;97;0;10098;90
260;20251112;4;40;99;0;10096;89
260;20251112;5;30;100;0;10093;88
260;20251112;6;30;107;0;10091;83
260;20251112;7;40;110;0;10094;80
260;20251112;8;40;114;11;10095;79
260;20251112;9;40;116;38;10095;77
260;20251112;10;40;132;66;10094;73
260;20251112;11;50;145;114;10091;72
260;20251112;12;50;150;107;10088;67
260;20251112;13;50;155;106;10082;67
260;20251112;14;50;148;67;10079;68
260;20251112;15;40;143;31;10078;68
260;20251112;16;40;133;12;10078;72
260;20251112;17;30;120;0;10079;76
260;20251112;18;30;119;0;10081;75
260;20251112;19;40;113;0;10081;77
260;20251112;20;30;109;0;10078;79
260;20251112;21;30;96;0;10077;85
260;20251112;22;30;93;0;10068;87
260;20251112;23;30;89;0;10069;90
260;20251112;24;20;84;0;10067;92
260;20251113;1;20;87;0;10064;93
260;20251113;2;20;83;0;10059;95
260;20251113;3;30;104;0;10056;89
260;20251113;4;30;118;0;10058;84
260;20251113;5;40;130;0;10058;80
260;20251113;6;40;133;0;10060;78
260;20251113;7;50;135;0;10067;78
260;20251113;8;50;139;5;10078;77
260;20251113;9;50;142;11;10085;77
260;20251113;10;40;146;27;10093;78
260;20251113;11;50;142;40;10099;83
260;20251113;12;40;146;46;10097;82
260;20251113;13;40;147;37;10100;80
260;20251113;14;40;148;30;10099;80
260;20251113;15;40;144;12;10104;82
260;20251113;16;30;138;3;10104;86
260;20251113;17;20;137;0;10108;87
260;20251113;18;20;134;0;10112;88
260;20251113;19;20;124;0;10104;95
260;20251113;20;10;125;0;10103;96
260;20251113;21;10;120;0;10102;98
260;20251113;22;10;117;0;10103;99
260;20251113;23;20;120;0;10094;99
260;20251113;24;20;119;0;10089;99
260;20251114;1;20;119;0;10082;99
260;20251114;2;20;119;0;10078;99
260;20251114;3;20;118;0;10072;99
260;20251114;4;20;118;0;10064;99
260;20251114;5;30;119;0;10059;98
260;20251114;6;30;119;0;10055;98
260;20251114;7;30;119;0;10057;99
260;20251114;8;20;118;2;10056;98
260;20251114;9;20;120;10;10056;99
260;20251114;10;20;121;15;10061;98
260;20251114;11;20;121;12;10057;98
260;20251114;12;30;122;18;10054;97
260;20251114;13;30;122;17;10054;98
260;20251114;14;30;122;10;10055;98
260;20251114;15;30;121;7;10055;98
260;20251114;16;30;120;2;10057;98
260;20251114;17;30;118;0;10057;98
260;20251114;18;40;112;0;10058;99
260;20251114;19;50;108;0;10064;98
260;20251114;20;50;101;0;10064;99
260;20251114;21;50;95;0;10068;99
260;20251114;22;50;92;0;10074;97
260;20251114;23;50;90;0;10077;98
260;20251114;24;50;88;0;10078;97
260;20251115;1;40;86;0;10082;97
260;20251115;2;40;83;0;10081;98
260;20251115;3;40;83;0;10081;97
260;20251115;4;40;83;0;10083;97
260;20251115;5;40;82;0;10085;98
260;20251115;6;40;83;0;10088;97
260;20251115;7;40;84;0;10094;97
260;20251115;8;40;83;2;10098;97
260;20251115;9;40;82;10;10097;97
260;20251115;10;40;85;25;10099;96
260;20251115;11;40;84;26;10096;96
260;20251115;12;40;82;23;10094;96
260;20251115;13;40;80;17;10094;96
260;20251115;14;30;81;13;10091;95
260;20251115;15;30;80;6;10091;96
260;20251115;16;30;77;3;10089;97
260;20251115;17;20;77;0;10088;98
260;20251115;18;20;77;0;10090;98
260;20251115;19;20;76;0;10090;98
260;20251115;20;30;73;0;10090;99
260;20251115;21;20;72;0;10089;98
260;20251115;22;30;71;0;10086;99
260;20251115;23;20;71;0;10085;99
260;20251115;24;20;70;0;10083;99
260;20251116;1;20;69;0;10079;99
260;20251116;2;20;68;0;10080;99
260;20251116;3;30;66;0;10079;99
260;20251116;4;20;64;0;10079;99
260;20251116;5;20;63;0;10081;98
260;20251116;6;20;63;0;10082;95
260;20251116;7;30;63;0;10084;96
260;20251116;8;20;63;2;10088;95
260;20251116;9;30;65;8;10088;94
260;20251116;10;30;68;13;10092;91
260;20251116;11;30;72;27;10088;89
260;20251116;12;30;74;25;10090;88
260;20251116;13;30;76;24;10090;87
260;20251116;14;40;74;12;10091;91
260;20251116;15;30;74;8;10097;87
260;20251116;16;30;69;3;10100;80
260;20251116;17;20;47;0;10109;89
260;20251116;18;20;24;0;10111;98
260;20251116;19;10;11;0;10115;99
260;20251116;20;10;1;0;10113;99
260;20251116;21;10;-2;0;10112;99
260;20251116;22;10;-5;0;10110;99
260;20251116;23;20;-4;0;10106;99
260;20251116;24;20;-2;0;10103;99
260;20251117;1;20;20;0;10100;98
260;20251117;2;20;50;0;10101;96
260;20251117;3;20;42;0;10099;99
260;20251117;4;20;59;0;10101;95
260;20251117;5;30;59;0;10104;91
260;20251117;6;30;54;0;10107;90
260;20251117;7;30;53;0;10115;86
260;20251117;8;40;53;6;10123;83
260;20251117;9;30;57;34;10132;82
260;20251117;10;30;73;76;10138;68
260;20251117;11;50;79;110;10141;62
260;20251117;12;60;74;100;10152;65
260;20251117;13;70;62;85;10163;73
260;20251117;14;50;68;78;10172;70
260;20251117;15;30;66;41;10180;70
260;20251117;16;20;47;6;10189;78
260;20251117;17;20;31;0;10198;89
260;20251117;18;20;32;0;10207;89
260;20251117;19;20;25;0;10213;92
260;20251117;20;20;23;0;10214;94
260;20251117;21;20;23;0;10216;93
260;20251117;22;20;30;0;10216;91
260;20251117;23;20;39;0;10218;91
260;20251117;24;30;43;0;10211;89
260;20251118;1;30;52;0;10210;86
260;20251118;2;30;51;0;10207;88
260;20251118;3;20;45;0;10205;92
260;20251118;4;20;50;0;10200;93
260;20251118;5;20;42;0;10193;96
260;20251118;6;30;43;0;10189;95
260;20251118;7;30;51;0;10184;92
260;20251118;8;30;53;5;10182;90
260;20251118;9;30;59;22;10179;86
260;20251118;10;40;62;56;10176;73
260;20251118;11;40;71;84;10168;69
260;20251118;12;40;73;57;10156;64
260;20251118;13;40;70;66;10150;65
260;20251118;14;30;65;40;10141;69
260;20251118;15;40;49;15;10138;80
260;20251118;16;40;48;3;10127;81
260;20251118;17;50;44;0;10121;83
260;20251118;18;50;44;0;10118;91
260;20251118;19;40;44;0;10113;91
260;20251118;20;30;43;0;10104;88
260;20251118;21;40;47;0;10097;84
260;20251118;22;40;40;0;10086;89
260;20251118;23;40;42;0;10079;91
260;20251118;24;40;48;0;10071;90
260;20251119;1;40;51;0;10059;92
260;20251119;2;50;51;0;10053;93
260;20251119;3;40;51;0;10043;94
260;20251119;4;50;51;0;10035;97
260;20251119;5;50;54;0;10028;95
260;20251119;6;50;56;0;10024;96
260;20251119;7;50;56;0;10023;96
260;20251119;8;50;51;1;10021;93
260;20251119;9;30;55;8;10016;95
260;20251119;10;30;60;22;10014;93
260;20251119;11;30;51;15;10011;94
260;20251119;12;30;49;12;10007;95
260;20251119;13;20;51;16;10006;93
260;20251119;14;20;49;6;10002;96
260;20251119;15;40;50;6;10006;94
260;20251119;16;40;46;1;10011;93
260;20251119;17;30;48;0;10015;96
260;20251119;18;40;46;0;10023;93
260;20251119;19;40;47;0;10028;91
260;20251119;20;50;41;0;10031;89
260;20251119;21;30;39;0;10037;91
260;20251119;22;20;39;0;10035;88
260;20251119;23;20;29;0;10043;91
260;20251119;24;20;25;0;10045;92
260;20251120;1;20;11;0;10050;97
260;20251120;2;20;-1;0;10052;98
260;20251120;3;20;13;0;10058;97
260;20251120;4;20;14;0;10059;94
260;20251120;5;20;6;0;10063;97
260;20251120;6;10;-7;0;10070;98
260;20251120;7;10;-9;0;10075;98
260;20251120;8;10;11;8;10085;98
260;20251120;9;20;25;12;10091;93
260;20251120;10;20;30;18;10092;91
260;20251120;11;20;40;78;10093;86
260;20251120;12;30;46;103;10090;84
260;20251120;13;30;40;42;10097;86
260;20251120;14;30;40;9;10100;83
260;20251120;15;20;39;7;10105;85
260;20251120;16;20;38;2;10108;85
260;20251120;17;20;24;0;10112;93
260;20251120;18;10;32;0;10118;93
260;20251120;19;20;29;0;10124;94
260;20251120;20;20;26;0;10128;98
260;20251120;21;20;17;0;10135;98
260;20251120;22;10;17;0;10141;99
260;20251120;23;20;21;0;10148;98
260;20251120;24;20;26;0;10154;98
260;20251121;1;20;25;0;10162;97
260;20251121;2;20;22;0;10172;97
260;20251121;3;20;13;0;10179;99
260;20251121;4;20;1;0;10185;98
260;20251121;5;20;-5;0;10197;99
260;20251121;6;10;-12;0;10208;99
260;20251121;7;10;-21;0;10220;98
260;20251121;8;10;-16;7;10232;98
260;20251121;9;10;7;56;10241;96
260;20251121;10;10;27;69;10247;86
260;20251121;11;10;44;93;10248;74
260;20251121;12;10;54;103;10248;67
260;20251121;13;10;65;94;10252;58
260;20251121;14;10;57;76;10253;59
260;20251121;15;10;54;33;10256;66
260;20251121;16;10;13;5;10262;90
260;20251121;17;10;-5;0;10265;95
260;20251121;18;10;-10;0;10269;97
260;20251121;19;20;-14;0;10271;99
260;20251121;20;10;-15;0;10274;99
260;20251121;21;20;-10;0;10276;98
260;20251121;22;20;9;0;10274;91
260;20251121;23;10;1;0;10276;97
260;20251121;24;20;24;0;10272;90
260;20251122;1;20;30;0;10268;92
260;20251122;2;30;31;0;10267;89
260;20251122;3;30;21;0;10263;88
260;20251122;4;30;9;0;10262;93
260;20251122;5;30;10;0;10259;87
260;20251122;6;40;12;0;10258;83
260;20251122;7;40;11;0;10257;81
260;20251122;8;40;12;9;10256;80
260;20251122;9;40;14;25;10255;79
260;20251122;10;40;17;47;10253;78
260;20251122;11;40;22;57;10247;75
260;20251122;12;50;33;88;10236;73
260;20251122;13;50;39;77;10228;69
260;20251122;14;50;38;74;10221;66
260;20251122;15;60;29;38;10216;70
260;20251122;16;50;21;4;10209;73
260;20251122;17;30;11;0;10202;75
260;20251122;18;40;6;0;10197;75
260;20251122;19;40;2;0;10192;78
260;20251122;20;40;2;0;10185;74
260;20251122;21;40;2;0;10179;69
260;20251122;22;40;0;0;10171;67
260;20251122;23;40;3;0;10163;62
260;20251122;24;40;5;0;10158;60
260;20251123;1;40;4;0;10150;61
260;20251123;2;50;5;0;10141;61
260;20251123;3;50;1;0;10135;76
260;20251123;4;50;-7;0;10127;97
260;20251123;5;50;-7;0;10115;98
260;20251123;6;60;-2;0;10103;97
260;20251123;7;60;5;0;10095;90
260;20251123;8;60;8;3;10086;84
260;20251123;9;60;13;10;10078;82
260;20251123;10;50;17;16;10061;82
260;20251123;11;60;29;29;10048;76
260;20251123;12;60;32;22;10028;76
260;20251123;13;60;22;15;10012;82
260;20251123;14;50;21;13;9992;93
260;20251123;15;60;22;4;9987;94
260;20251123;16;50;27;1;9980;94
260;20251123;17;50;34;0;9973;95
260;20251123;18;50;41;0;9969;95
260;20251123;19;50;47;0;9966;97
260;20251123;20;50;48;0;9964;96
260;20251123;21;50;45;0;9960;95
260;20251123;22;40;43;0;9960;95
260;20251123;23;50;50;0;9956;95
260;20251123;24;50;46;0;9955;97
260;20251124;1;40;44;0;9951;96
260;20251124;2;40;42;0;9949;96
260;20251124;3;50;39;0;9946;95
260;20251124;4;40;38;0;9940;95
260;20251124;5;40;37;0;9938;96
260;20251124;6;30;45;0;9937;95
260;20251124;7;30;45;0;9935;94
260;20251124;8;40;45;3;9936;96
260;20251124;9;30;50;21;9935;94
260;20251124;10;40;65;69;9935;89
260;20251124;11;40;64;67;9933;88
260;20251124;12;30;68;37;9928;85
260;20251124;13;30;69;32;9930;85
260;20251124;14;30;69;32;9929;85
260;20251124;15;20;64;13;9931;88
260;20251124;16;20;63;2;9936;90
260;20251124;17;10;61;0;9938;91
260;20251124;18;10;53;0;9943;95
260;20251124;19;10;53;0;9947;95
260;20251124;20;10;44;0;9952;99
260;20251124;21;10;48;0;9956;98
260;20251124;22;10;43;0;9963;99
260;20251124;23;10;43;0;9968;99
260;20251124;24;10;43;0;9972;99
260;20251125;1;10;31;0;9975;99
260;20251125;2;10;10;0;9980;99
260;20251125;3;10;-1;0;9986;99
260;20251125;4;10;-5;0;9995;99
260;20251125;5;0;6;0;10004;99
260;20251125;6;10;16;0;10013;99
260;20251125;7;10;16;0;10023;99
260;20251125;8;10;22;4;10034;99
260;20251125;9;20;28;13;10046;99
260;20251125;10;20;34;17;10058;99
260;20251125;11;20;54;35;10062;99
260;20251125;12;30;67;57;10066;88
260;20251125;13;40;69;66;10073;84
260;20251125;14;40;72;59;10079;79
260;20251125;15;40;67;29;10087;80
260;20251125;16;30;59;2;10095;84
260;20251125;17;20;49;0;10105;89
260;20251125;18;20;41;0;10114;92
260;20251125;19;20;29;0;10121;94
260;20251125;20;20;37;0;10127;92
260;20251125;21;20;27;0;10131;96
260;20251125;22;20;47;0;10135;92
260;20251125;23;20;53;0;10142;91
260;20251125;24;20;55;0;10150;93
260;20251126;1;30;55;0;10154;95
260;20251126;2;30;50;0;10161;94
260;20251126;3;30;48;0;10169;95
260;20251126;4;20;47;0;10175;90
260;20251126;5;20;43;0;10183;92
260;20251126;6;20;38;0;10190;93
260;20251126;7;20;34;0;10195;93
260;20251126;8;10;28;2;10205;93
260;20251126;9;10;29;22;10210;94
260;20251126;10;10;35;58;10217;92
260;20251126;11;10;45;71;10217;87
260;20251126;12;10;52;96;10216;85
260;20251126;13;20;56;90;10213;84
260;20251126;14;20;58;61;10211;82
260;20251126;15;20;53;25;10214;84
260;20251126;16;10;24;3;10217;96
260;20251126;17;10;6;0;10219;99
260;20251126;18;20;3;0;10222;99
260;20251126;19;20;12;0;10223;99
260;20251126;20;20;11;0;10219;99
260;20251126;21;20;11;0;10220;98
260;20251126;22;20;14;0;10217;98
260;20251126;23;30;15;0;10216;98
260;20251126;24;30;15;0;10207;99
260;20251127;1;30;18;0;10198;98
260;20251127;2;30;14;0;10197;98
260;20251127;3;30;23;0;10192;96
260;20251127;4;40;37;0;10184;88
260;20251127;5;50;44;0;10179;86
260;20251127;6;50;42;0;10173;91
260;20251127;7;50;45;0;10171;89
260;20251127;8;50;45;2;10168;96
260;20251127;9;50;49;5;10166;96
260;20251127;10;60;53;9;10168;97
260;20251127;11;60;58;10;10162;98
260;20251127;12;60;62;14;10159;98
260;20251127;13;60;66;10;10156;98
260;20251127;14;60;68;8;10151;99
260;20251127;15;60;71;4;10152;98
260;20251127;16;60;73;1;10154;98
260;20251127;17;50;76;0;10156;97
260;20251127;18;50;77;0;10157;97
260;20251127;19;60;79;0;10157;98
260;20251127;20;60;80;0;10158;98
260;20251127;21;50;79;0;10157;99
260;20251127;22;60;82;0;10157;97
260;20251127;23;60;84;0;10155;95
260;20251127;24;50;83;0;10153;98
260;20251128;1;50;83;0;10150;98
260;20251128;2;50;82;0;10149;99
260;20251128;3;50;84;0;10145;99
260;20251128;4;50;84;0;10142;99
260;20251128;5;50;86;0;10139;99
260;20251128;6;40;88;0;10137;99
260;20251128;7;50;90;0;10136;99
260;20251128;8;50;91;1;10137;99
260;20251128;9;50;94;4;10138;99
260;20251128;10;40;95;7;10138;99
260;20251128;11;50;96;18;10133;98
260;20251128;12;50;98;14;10129;96
260;20251128;13;40;101;20;10122;94
260;20251128;14;40;103;25;10113;92
260;20251128;15;50;101;7;10115;92
260;20251128;16;40;100;1;10115;93
260;20251128;17;40;98;0;10118;93
260;20251128;18;40;97;0;10117;93
260;20251128;19;40;98;0;10116;93
260;20251128;20;40;92;0;10117;94
260;20251128;21;40;90;0;10113;94
260;20251128;22;50;93;0;10113;93
260;20251128;23;40;93;0;10112;92
260;20251128;24;30;81;0;10112;96
260;20251129;1;30;83;0;10110;97
260;20251129;2;30;88;0;10110;96
260;20251129;3;30;90;0;10104;95
260;20251129;4;40;90;0;10101;96
260;20251129;5;30;85;0;10098;96
260;20251129;6;40;85;0;10098;96
260;20251129;7;50;83;0;10095;95
260;20251129;8;50;86;1;10092;94
260;20251129;9;40;90;9;10089;91
260;20251129;10;50;93;20;10081;88
260;20251129;11;40;94;38;10071;87
260;20251129;12;60;97;40;10066;84
260;20251129;13;60;97;22;10059;83
260;20251129;14;50;98;26;10051;82
260;20251129;15;40;98;10;10046;83
260;20251129;16;40;97;1;10041;86
260;20251129;17;40;96;0;10036;91
260;20251129;18;40;95;0;10032;94
260;20251129;19;40;101;0;10029;95
260;20251129;20;50;103;0;10026;94
260;20251129;21;50;102;0;10026;96
260;20251129;22;40;101;0;10031;91
260;20251129;23;40;92;0;10036;90
260;20251129;24;40;86;0;10044;89
260;20251130;1;30;73;0;10045;91
260;20251130;2;40;72;0;10049;90
260;20251130;3;40;69;0;10052;87
260;20251130;4;40;66;0;10055;87
260;20251130;5;40;64;0;10064;89
260;20251130;6;40;66;0;10068;88
260;20251130;7;40;65;0;10075;89
260;20251130;8;40;65;1;10084;92
260;20251130;9;30;67;11;10091;90
260;20251130;10;30;80;59;10096;80
260;20251130;11;40;76;52;10099;70
260;20251130;12;50;71;74;10104;62
260;20251130;13;50;71;82;10109;59
260;20251130;14;40;69;18;10114;72
260;20251130;15;30;67;5;10122;77
260;20251130;16;30;66;1;10127;80
260;20251130;17;30;63;0;10131;83
260;20251130;18;40;64;0;10139;81
260;20251130;19;30;66;0;10144;81
260;20251130;20;30;67;0;10149;81
260;20251130;21;30;67;0;10154;83
260;20251130;22;30;66;0;10157;83
260;20251130;23;30;52;0;10158;89
260;20251130;24;30;47;0;10160;92
260;20251201;1;30;39;0;10157;91
260;20251201;2;30;33;0;10155;91
260;20251201;3;30;26;0;10152;92
260;20251201;4;30;25;0;10150;92
260;20251201;5;30;21;0;10146;93
260;20251201;6;40;31;0;10143;89
260;20251201;7;40;38;0;10141;87
260;20251201;8;50;38;4;10138;86
260;20251201;9;60;47;12;10132;82
260;20251201;10;70;54;20;10127;79
260;20251201;11;70;63;39;10119;77
260;20251201;12;70;68;45;10111;76
260;20251201;13;70;72;29;10103;76
260;20251201;14;70;69;13;10097;80
260;20251201;15;60;68;11;10092;81
260;20251201;16;60;69;1;10086;80
260;20251201;17;70;71;0;10083;76
260;20251201;18;70;74;0;10080;75
260;20251201;19;70;73;0;10073;75
260;20251201;20;70;71;0;10071;71
260;20251201;21;60;70;0;10069;70
260;20251201;22;60;73;0;10065;66
260;20251201;23;60;73;0;10061;61
260;20251201;24;60;73;0;10055;60
260;20251202;1;60;75;0;10049;56
260;20251202;2;60;76;0;10047;52
260;20251202;3;60;82;0;10049;47
260;20251202;4;50;77;0;10046;52
260;20251202;5;50;75;0;10048;59
260;20251202;6;50;75;0;10051;61
260;20251202;7;50;73;0;10055;66
260;20251202;8;50;73;1;10061;71
260;20251202;9;50;74;10;10066;74
260;20251202;10;40;78;17;10071;76
260;20251202;11;40;81;16;10071;77
260;20251202;12;40;87;29;10074;76
260;20251202;13;50;91;44;10075;74
260;20251202;14;40;91;37;10078;73
260;20251202;15;40;91;8;10084;75
260;20251202;16;20;87;1;10086;77
260;20251202;17;30;86;0;10092;76
260;20251202;18;30;81;0;10098;80
260;20251202;19;30;78;0;10098;82
260;20251202;20;30;72;0;10099;82
260;20251202;21;30;68;0;10101;84
260;20251202;22;30;65;0;10101;85
260;20251202;23;20;61;0;10106;87
260;20251202;24;30;62;0;10105;86
260;20251203;1;20;61;0;10106;88
260;20251203;2;30;64;0;10105;89
260;20251203;3;30;65;0;10103;90
260;20251203;4;20;64;0;10101;93
260;20251203;5;20;64;0;10103;95
260;20251203;6;20;66;0;10106;96
260;20251203;7;20;65;0;10108;96
260;20251203;8;20;69;1;10110;96
260;20251203;9;20;75;9;10113;94
260;20251203;10;20;82;17;10115;91
260;20251203;11;20;88;28;10114;87
260;20251203;12;30;89;26;10113;84
260;20251203;13;30;89;25;10112;84
260;20251203;14;20;88;12;10108;84
260;20251203;15;20;87;7;10108;85
260;20251203;16;20;84;1;10111;86
260;20251203;17;20;80;0;10112;87
260;20251203;18;20;78;0;10111;88
260;20251203;19;20;73;0;10108;89
260;20251203;20;20;65;0;10109;91
260;20251203;21;20;64;0;10110;92
260;20251203;22;20;62;0;10108;92
260;20251203;23;20;60;0;10104;93
260;20251203;24;20;53;0;10098;96
260;20251204;1;20;42;0;10092;99
260;20251204;2;20;48;0;10090;97
260;20251204;3;20;53;0;10085;96
260;20251204;4;20;56;0;10078;95
260;20251204;5;20;60;0;10073;94
260;20251204;6;30;64;0;10068;93
260;20251204;7;30;66;0;10066;93
260;20251204;8;30;68;1;10063;90
260;20251204;9;30;68;13;10062;91
260;20251204;10;40;71;37;10060;89
260;20251204;11;50;76;69;10052;85
260;20251204;12;50;81;86;10042;80
260;20251204;13;50;78;75;10036;81
260;20251204;14;60;74;46;10030;82
260;20251204;15;50;69;18;10028;83
260;20251204;16;60;67;2;10029;82
260;20251204;17;50;63;0;10033;84
260;20251204;18;50;60;0;10035;88
260;20251204;19;40;59;0;10039;88
260;20251204;20;40;61;0;10041;87
260;20251204;21;30;62;0;10045;87
260;20251204;22;30;62;0;10048;88
260;20251204;23;30;63;0;10054;88
260;20251204;24;20;61;0;10057;90
260;20251205;1;20;59;0;10060;91
260;20251205;2;20;57;0;10066;92
260;20251205;3;20;58;0;10070;92
260;20251205;4;20;54;0;10074;94
260;20251205;5;20;56;0;10081;94
260;20251205;6;20;55;0;10086;96
260;20251205;7;20;53;0;10093;97
260;20251205;8;20;49;1;10098;99
260;20251205;9;20;45;9;10103;99
260;20251205;10;30;43;18;10107;99
260;20251205;11;30;42;30;10106;99
260;20251205;12;30;39;24;10106;99
260;20251205;13;30;45;21;10107;99
260;20251205;14;40;42;12;10107;98
260;20251205;15;40;44;6;10107;98
260;20251205;16;30;50;1;10106;93
260;20251205;17;30;42;0;10100;93
260;20251205;18;30;38;0;10095;95
260;20251205;19;40;37;0;10088;95
260;20251205;20;40;38;0;10081;94
260;20251205;21;40;44;0;10076;89
260;20251205;22;40;49;0;10063;85
260;20251205;23;50;47;0;10055;86
260;20251205;24;50;51;0;10045;84
260;20251206;1;50;50;0;10036;88
260;20251206;2;60;52;0;10019;88
260;20251206;3;60;50;0;10014;91
260;20251206;4;50;48;0;10010;97
260;20251206;5;50;51;0;10004;96
260;20251206;6;50;52;0;10001;97
260;20251206;7;50;56;0;10001;97
260;20251206;8;50;60;1;10001;97
260;20251206;9;50;70;4;9998;96
260;20251206;10;50;79;9;9998;94
260;20251206;11;60;86;16;9997;93
260;20251206;12;50;93;32;9994;92
260;20251206;13;50;100;31;9993;91
260;20251206;14;50;100;17;9997;91
260;20251206;15;50;102;5;9999;87
260;20251206;16;50;102;0;10003;88
260;20251206;17;50;100;0;10006;91
260;20251206;18;60;99;0;10008;92
260;20251206;19;50;99;0;10011;94
260;20251206;20;50;98;0;10015;97
260;20251206;21;60;103;0;10018;93
260;20251206;22;60;105;0;10021;90
260;20251206;23;60;103;0;10027;91
260;20251206;24;60;103;0;10032;89
260;20251207;1;60;102;0;10039;90
260;20251207;2;60;98;0;10044;91
260;20251207;3;50;96;0;10046;90
260;20251207;4;50;95;0;10049;90
260;20251207;5;50;88;0;10052;92
260;20251207;6;40;87;0;10056;93
260;20251207;7;40;91;0;10060;93
260;20251207;8;40;91;1;10064;94
260;20251207;9;30;95;6;10068;93
260;20251207;10;30;97;14;10069;94
260;20251207;11;30;100;15;10063;95
260;20251207;12;30;106;20;10055;92
260;20251207;13;30;109;21;10052;91
260;20251207;14;40;108;10;10042;92
260;20251207;15;40;105;4;10035;97
260;20251207;16;40;105;0;10025;98
260;20251207;17;50;106;0;10017;99
260;20251207;18;40;111;0;10010;99
260;20251207;19;50;121;0;10007;98
260;20251207;20;60;138;0;10011;90
260;20251207;21;70;138;0;10015;84
260;20251207;22;70;128;0;10028;87
260;20251207;23;70;124;0;10040;86
260;20251207;24;70;121;0;10052;86
260;20251208;1;60;112;0;10062;88
260;20251208;2;60;108;0;10074;90
260;20251208;3;60;105;0;10078;89
260;20251208;4;50;101;0;10084;89
260;20251208;5;50;99;0;10089;89
260;20251208;6;40;100;0;10092;91
260;20251208;7;30;106;0;10097;90
260;20251208;8;40;114;1;10102;87
260;20251208;9;40;111;8;10102;89
260;20251208;10;40;120;21;10104;88
260;20251208;11;50;126;19;10105;90
260;20251208;12;50;130;12;10102;93
260;20251208;13;50;137;12;10106;92
260;20251208;14;50;141;9;10108;90
260;20251208;15;50;139;8;10111;88
260;20251208;16;50;134;1;10115;86
260;20251208;17;50;133;0;10119;88
260;20251208;18;40;129;0;10121;94
260;20251208;19;40;133;0;10123;90
260;20251208;20;50;133;0;10125;90
260;20251208;21;40;132;0;10130;90
260;20251208;22;40;131;0;10131;90
260;20251208;23;40;129;0;10133;91
260;20251208;24;40;128;0;10132;93
260;20251209;1;30;124;0;10132;93
260;20251209;2;30;124;0;10130;96
260;20251209;3;30;125;0;10126;97
260;20251209;4;40;124;0;10124;96
260;20251209;5;40;123;0;10118;93
260;20251209;6;40;122;0;10116;91
260;20251209;7;40;118;0;10113;91
260;20251209;8;30;117;1;10112;91
260;20251209;9;30;120;9;10109;88
260;20251209;10;30;125;21;10108;86
260;20251209;11;40;129;27;10102;84
260;20251209;12;50;130;33;10097;83
260;20251209;13;50;132;21;10093;82
260;20251209;14;50;134;17;10085;81
260;20251209;15;50;135;11;10083;79
260;20251209;16;40;136;1;10087;77
260;20251209;17;40;129;0;10087;78
260;20251209;18;40;122;0;10083;79
260;20251209;19;40;124;0;10083;77
260;20251209;20;50;128;0;10083;74
260;20251209;21;50;130;0;10088;74
260;20251209;22;50;131;0;10090;75
260;20251209;23;40;130;0;10095;79
260;20251209;24;50;136;0;10103;77
260;20251210;1;50;135;0;10108;78
260;20251210;2;50;135;0;10114;80
260;20251210;3;50;134;0;10118;81
260;20251210;4;50;129;0;10126;83
260;20251210;5;50;124;0;10131;85
260;20251210;6;50;121;0;10138;86
260;20251210;7;40;117;0;10144;88
260;20251210;8;40;120;1;10150;87
260;20251210;9;40;123;8;10156;86
260;20251210;10;50;126;30;10161;85
260;20251210;11;50;128;33;10159;84
260;20251210;12;50;127;33;10165;83
260;20251210;13;50;126;38;10165;82
260;20251210;14;60;127;32;10169;81
260;20251210;15;60;122;18;10175;82
260;20251210;16;50;119;2;10183;83
260;20251210;17;50;118;0;10190;84
260;20251210;18;50;119;0;10199;83
260;20251210;19;40;115;0;10204;85
260;20251210;20;40;108;0;10206;89
260;20251210;21;40;102;0;10212;91
260;20251210;22;50;100;0;10214;92
260;20251210;23;40;94;0;10219;94
260;20251210;24;40;90;0;10222;95
260;20251211;1;40;86;0;10221;96
260;20251211;2;40;83;0;10222;97
260;20251211;3;30;81;0;10221;98
260;20251211;4;30;82;0;10219;98
260;20251211;5;30;82;0;10221;97
260;20251211;6;40;86;0;10222;97
260;20251211;7;40;87;0;10228;96
260;20251211;8;40;90;2;10232;93
260;20251211;9;40;92;11;10235;91
260;20251211;10;40;90;19;10234;93
260;20251211;11;50;92;33;10228;88
260;20251211;12;50;90;61;10222;86
260;20251211;13;40;93;68;10217;84
260;20251211;14;30;97;49;10215;83
260;20251211;15;30;89;21;10214;87
260;20251211;16;40;71;2;10213;92
260;20251211;17;30;62;0;10213;95
260;20251211;18;30;75;0;10212;92
260;20251211;19;30;79;0;10213;93
260;20251211;20;30;79;0;10212;92
260;20251211;21;20;70;0;10213;96
260;20251211;22;20;70;0;10212;99
260;20251211;23;20;72;0;10210;99
260;20251211;24;20;70;0;10208;95
260;20251212;1;30;71;0;10208;93
260;20251212;2;20;72;0;10202;92
260;20251212;3;20;70;0;10196;92
260;20251212;4;30;60;0;10193;90
260;20251212;5;40;58;0;10193;90
260;20251212;6;30;64;0;10188;88
260;20251212;7;30;67;0;10190;90
260;20251212;8;30;70;0;10196;90
260;20251212;9;30;75;3;10198;90
260;20251212;10;30;81;11;10201;91
260;20251212;11;30;83;12;10201;98
260;20251212;12;30;93;18;10200;93
260;20251212;13;30;99;17;10201;91
260;20251212;14;30;99;11;10200;91
260;20251212;15;30;103;4;10205;90
260;20251212;16;30;99;0;10206;93
260;20251212;17;30;104;0;10212;90
260;20251212;18;30;105;0;10215;89
260;20251212;19;20;103;0;10220;89
260;20251212;20;30;100;0;10224;89
260;20251212;21;30;95;0;10230;88
260;20251212;22;30;83;0;10232;92
260;20251212;23;30;73;0;10237;95
260;20251212;24;30;84;0;10239;94
260;20251213;1;40;91;0;10240;93
260;20251213;2;40;91;0;10240;93
260;20251213;3;40;93;0;10245;93
260;20251213;4;30;95;0;10245;92
260;20251213;5;30;93;0;10250;99
260;20251213;6;20;93;0;10256;98
260;20251213;7;20;87;0;10262;99
260;20251213;8;20;83;1;10270;98
260;20251213;9;10;77;12;10276;99
260;20251213;10;20;87;30;10282;95
260;20251213;11;20;85;24;10280;92
260;20251213;12;20;101;71;10279;83
260;20251213;13;30;107;77;10274;76
260;20251213;14;20;105;56;10274;79
260;20251213;15;20;97;24;10275;82
260;20251213;16;10;59;2;10277;96
260;20251213;17;20;44;0;10276;99
260;20251213;18;20;38;0;10280;99
260;20251213;19;20;30;0;10280;99
260;20251213;20;20;21;0;10280;99
260;20251213;21;10;22;0;10277;99
260;20251213;22;10;23;0;10274;99
260;20251213;23;10;19;0;10270;99
260;20251213;24;20;18;0;10268;99
260;20251214;1;10;27;0;10264;99
260;20251214;2;20;24;0;10260;99
260;20251214;3;30;32;0;10256;99
260;20251214;4;30;40;0;10254;99
260;20251214;5;30;46;0;10251;99
260;20251214;6;30;59;0;10245;99
260;20251214;7;40;64;0;10239;99
260;20251214;8;50;61;1;10244;99
260;20251214;9;40;68;7;10243;95
260;20251214;10;40;72;13;10244;96
260;20251214;11;40;75;15;10234;94
260;20251214;12;50;76;14;10228;94
260;20251214;13;50;76;15;10223;94
260;20251214;14;40;78;13;10214;93
260;20251214;15;40;80;8;10207;93
260;20251214;16;40;78;1;10204;96
260;20251214;17;40;80;0;10198;94
260;20251214;18;40;82;0;10192;92
260;20251214;19;40;86;0;10188;89
260;20251214;20;50;86;0;10185;90
260;20251214;21;50;87;0;10181;88
260;20251214;22;50;84;0;10178;88
260;20251214;23;50;81;0;10176;89
260;20251214;24;50;76;0;10170;89
260;20251215;1;50;72;0;10163;90
260;20251215;2;40;68;0;10160;91
260;20251215;3;50;64;0;10152;91
260;20251215;4;50;59;0;10145;92
260;20251215;5;50;53;0;10139;92
260;20251215;6;50;52;0;10139;93
260;20251215;7;40;55;0;10138;91
260;20251215;8;50;53;1;10139;90
260;20251215;9;50;55;4;10140;89
260;20251215;10;60;58;10;10140;89
260;20251215;11;60;62;14;10137;88
260;20251215;12;50;68;22;10127;87
260;20251215;13;50;80;48;10120;81
260;20251215;14;50;87;55;10112;80
260;20251215;15;50;81;22;10106;83
260;20251215;16;50;77;3;10108;84
260;20251215;17;40;72;0;10107;86
260;20251215;18;40;69;0;10108;87
260;20251215;19;40;67;0;10110;89
260;20251215;20;40;64;0;10110;91
260;20251215;21;40;65;0;10113;91
260;20251215;22;40;66;0;10109;92
260;20251215;23;40;65;0;10109;93
260;20251215;24;30;59;0;10109;94
260;20251216;1;30;66;0;10107;94
260;20251216;2;40;76;0;10106;90
260;20251216;3;40;77;0;10101;89
260;20251216;4;40;74;0;10099;89
260;20251216;5;40;74;0;10101;88
260;20251216;6;40;74;0;10105;88
260;20251216;7;40;77;0;10107;85
260;20251216;8;40;75;2;10115;85
260;20251216;9;40;75;11;10117;84
260;20251216;10;30;78;26;10125;85
260;20251216;11;30;87;33;10121;84
260;20251216;12;30;94;47;10118;82
260;20251216;13;30;102;49;10120;80
260;20251216;14;20;109;43;10119;79
260;20251216;15;20;97;18;10121;83
260;20251216;16;30;98;1;10126;79
260;20251216;17;30;92;0;10127;81
260;20251216;18;20;93;0;10130;78
260;20251216;19;20;86;0;10133;81
260;20251216;20;20;85;0;10132;82
260;20251216;21;10;77;0;10133;88
260;20251216;22;20;86;0;10139;83
260;20251216;23;20;77;0;10138;89
260;20251216;24;10;62;0;10140;94
260;20251217;1;20;44;0;10137;99
260;20251217;2;20;54;0;10140;99
260;20251217;3;20;56;0;10140;97
260;20251217;4;20;75;0;10143;93
260;20251217;5;20;78;0;10147;93
260;20251217;6;20;84;0;10151;92
260;20251217;7;30;88;0;10158;93
260;20251217;8;30;89;1;10165;93
260;20251217;9;30;91;3;10169;92
260;20251217;10;40;94;12;10172;92
260;20251217;11;40;93;9;10174;93
260;20251217;12;30;95;18;10173;95
260;20251217;13;20;99;30;10172;90
260;20251217;14;30;100;30;10171;89
260;20251217;15;30;98;10;10170;90
260;20251217;16;30;96;1;10172;92
260;20251217;17;40;93;0;10172;90
260;20251217;18;30;90;0;10172;92
260;20251217;19;30;84;0;10173;93
260;20251217;20;30;76;0;10171;94
260;20251217;21;40;76;0;10170;89
260;20251217;22;50;74;0;10169;88
260;20251217;23;40;65;0;10167;90
260;20251217;24;50;69;0;10168;87
260;20251218;1;50;67;0;10160;87
260;20251218;2;60;67;0;10153;87
260;20251218;3;60;70;0;10149;85
260;20251218;4;60;78;0;10147;82
260;20251218;5;70;77;0;10141;83
260;20251218;6;70;82;0;10143;82
260;20251218;7;60;85;0;10146;81
260;20251218;8;50;88;1;10147;82
260;20251218;9;50;92;6;10149;81
260;20251218;10;50;95;13;10144;80
260;20251218;11;50;100;23;10138;81
260;20251218;12;50;108;30;10128;80
260;20251218;13;40;114;42;10117;78
260;20251218;14;50;120;38;10112;78
260;20251218;15;50;119;10;10104;77
260;20251218;16;60;118;1;10097;75
260;20251218;17;60;118;0;10092;74
260;20251218;18;60;116;0;10089;74
260;20251218;19;50;117;0;10089;72
260;20251218;20;50;123;0;10091;68
260;20251218;21;60;124;0;10088;68
260;20251218;22;60;126;0;10089;67
260;20251218;23;60;137;0;10094;68
260;20251218;24;70;126;0;10099;78
260;20251219;1;50;119;0;10105;85
260;20251219;2;50;115;0;10108;91
260;20251219;3;40;110;0;10109;96
260;20251219;4;40;111;0;10111;97
260;20251219;5;40;110;0;10116;98
260;20251219;6;40;110;0;10121;98
260;20251219;7;40;111;0;10129;97
260;20251219;8;30;109;0;10136;96
260;20251219;9;30;108;3;10147;97
260;20251219;10;30;107;11;10156;96
260;20251219;11;30;107;33;10163;90
260;20251219;12;30;110;61;10168;83
260;20251219;13;30;106;46;10174;76
260;20251219;14;30;102;26;10178;79
260;20251219;15;30;96;12;10181;81
260;20251219;16;30;90;2;10185;82
260;20251219;17;40;82;0;10187;86
260;20251219;18;30;78;0;10192;88
260;20251219;19;30;78;0;10195;86
260;20251219;20;30;70;0;10198;88
260;20251219;21;30;62;0;10196;92
260;20251219;22;20;37;0;10198;98
260;20251219;23;20;31;0;10198;99
260;20251219;24;10;27;0;10195;99
260;20251220;1;20;19;0;10196;99
260;20251220;2;20;24;0;10195;100
260;20251220;3;20;36;0;10193;99
260;20251220;4;20;34;0;10191;99
260;20251220;5;20;39;0;10185;99
260;20251220;6;20;36;0;10184;99
260;20251220;7;10;30;0;10181;99
260;20251220;8;20;28;1;10182;99
260;20251220;9;20;26;11;10181;99
260;20251220;10;20;33;25;10181;99
260;20251220;11;20;37;35;10178;99
260;20251220;12;10;50;40;10172;99
260;20251220;13;20;60;39;10162;99
260;20251220;14;20;61;27;10154;99
260;20251220;15;20;60;12;10150;99
260;20251220;16;20;60;1;10144;99
260;20251220;17;30;61;0;10140;96
260;20251220;18;30;59;0;10138;95
260;20251220;19;40;59;0;10135;95
260;20251220;20;40;62;0;10129;95
260;20251220;21;40;58;0;10126;96
260;20251220;22;20;56;0;10128;98
260;20251220;23;20;62;0;10126;97
260;20251220;24;20;66;0;10122;97
260;20251221;1;20;66;0;10119;97
260;20251221;2;20;69;0;10118;97
260;20251221;3;20;72;0;10121;98
260;20251221;4;20;77;0;10122;97
260;20251221;5;20;79;0;10120;97
260;20251221;6;20;80;0;10120;96
260;20251221;7;20;74;0;10119;99
260;20251221;8;20;60;0;10122;99
260;20251221;9;10;70;7;10127;100
260;20251221;10;20;86;18;10125;96
260;20251221;11;20;95;29;10122;92
260;20251221;12;20;110;72;10117;88
260;20251221;13;30;108;70;10114;86
260;20251221;14;30;109;48;10113;86
260;20251221;15;30;101;19;10112;88
260;20251221;16;30;90;2;10109;91
260;20251221;17;30;86;0;10106;93
260;20251221;18;30;81;0;10102;92
260;20251221;19;40;75;0;10098;90
260;20251221;20;40;74;0;10095;87
260;20251221;21;40;74;0;10093;85
260;20251221;22;50;72;0;10092;85
260;20251221;23;40;67;0;10092;85
260;20251221;24;50;66;0;10091;83
260;20251222;1;40;63;0;10092;83
260;20251222;2;40;59;0;10093;83
260;20251222;3;50;59;0;10096;83
260;20251222;4;40;54;0;10097;85
260;20251222;5;40;50;0;10096;87
260;20251222;6;40;48;0;10100;88
260;20251222;7;40;47;0;10105;89
260;20251222;8;40;46;0;10108;90
260;20251222;9;40;47;13;10112;90
260;20251222;10;40;55;28;10117;87
260;20251222;11;50;59;40;10116;86
260;20251222;12;40;60;39;10117;84
260;20251222;13;40;59;32;10117;86
260;20251222;14;50;61;37;10117;85
260;20251222;15;40;58;17;10121;86
260;20251222;16;30;48;2;10124;89
260;20251222;17;20;40;0;10127;91
260;20251222;18;30;43;0;10131;88
260;20251222;19;30;39;0;10134;89
260;20251222;20;40;39;0;10139;87
260;20251222;21;40;44;0;10141;84
260;20251222;22;50;43;0;10143;83
260;20251222;23;50;48;0;10144;82
260;20251222;24;40;51;0;10146;81
260;20251223;1;30;52;0;10147;83
260;20251223;2;40;54;0;10149;81
260;20251223;3;50;55;0;10152;79
260;20251223;4;50;56;0;10150;78
260;20251223;5;50;55;0;10154;79
260;20251223;6;50;54;0;10159;80
260;20251223;7;50;51;0;10166;81
260;20251223;8;60;50;0;10173;79
260;20251223;9;60;48;3;10179;80
260;20251223;10;60;46;7;10189;80
260;20251223;11;70;46;12;10191;77
260;20251223;12;60;49;16;10194;74
260;20251223;13;70;46;15;10196;76
260;20251223;14;70;44;9;10202;76
260;20251223;15;70;44;4;10210;77
260;20251223;16;70;43;1;10219;77
260;20251223;17;70;42;0;10226;76
260;20251223;18;80;39;0;10238;78
260;20251223;19;70;39;0;10246;78
260;20251223;20;70;37;0;10253;79
260;20251223;21;70;36;0;10261;76
260;20251223;22;70;34;0;10269;76
260;20251223;23;70;29;0;10277;77
260;20251223;24;60;25;0;10283;77
260;20251224;1;60;20;0;10289;73
260;20251224;2;60;11;0;10296;73
260;20251224;3;50;0;0;10303;79
260;20251224;4;50;2;0;10306;78
260;20251224;5;50;2;0;10312;77
260;20251224;6;40;-6;0;10318;83
260;20251224;7;40;-5;0;10328;84
260;20251224;8;50;2;1;10338;80
260;20251224;9;50;6;19;10344;78
260;20251224;10;50;15;52;10344;74
260;20251224;11;60;25;77;10341;68
260;20251224;12;80;26;84;10337;65
260;20251224;13;70;23;80;10332;66
260;20251224;14;60;24;61;10331;66
260;20251224;15;60;19;30;10330;69
260;20251224;16;60;13;3;10331;73
260;20251224;17;60;9;0;10332;75
260;20251224;18;70;6;0;10334;76
260;20251224;19;70;2;0;10334;78
260;20251224;20;70;2;0;10332;76
260;20251224;21;70;-1;0;10328;75
260;20251224;22;70;-8;0;10327;74
260;20251224;23;60;-12;0;10328;71
260;20251224;24;70;-17;0;10328;68
260;20251225;1;70;-17;0;10325;62
260;20251225;2;60;-20;0;10324;60
260;20251225;3;50;-25;0;10324;61
260;20251225;4;60;-29;0;10323;60
260;20251225;5;60;-33;0;10326;59
260;20251225;6;60;-39;0;10328;62
260;20251225;7;60;-41;0;10327;63
260;20251225;8;70;-45;1;10327;67
260;20251225;9;80;-35;21;10326;63
260;20251225;10;70;-26;54;10322;60
260;20251225;11;70;-21;79;10316;62
260;20251225;12;70;-10;89;10306;61
260;20251225;13;60;-4;82;10304;60
260;20251225;14;50;-5;61;10299;57
260;20251225;15;60;-11;29;10296;58
260;20251225;16;60;-18;3;10297;63
260;20251225;17;50;-20;0;10298;65
260;20251225;18;50;-23;0;10302;67
260;20251225;19;50;-26;0;10303;69
260;20251225;20;50;-27;0;10305;69
260;20251225;21;40;-29;0;10307;70
260;20251225;22;50;-34;0;10307;73
260;20251225;23;40;-36;0;10308;74
260;20251225;24;40;-40;0;10310;76
260;20251226;1;30;-44;0;10307;77
260;20251226;2;30;-47;0;10306;79
260;20251226;3;30;-52;0;10303;80
260;20251226;4;30;-53;0;10303;79
260;20251226;5;40;-53;0;10301;79
260;20251226;6;40;-52;0;10306;78
260;20251226;7;40;-55;0;10311;80
260;20251226;8;30;-53;1;10311;80
260;20251226;9;20;-47;18;10316;80
260;20251226;10;30;-30;50;10319;76
260;20251226;11;30;-6;75;10317;71
260;20251226;12;40;12;86;10313;67
260;20251226;13;40;24;81;10312;64
260;20251226;14;30;30;61;10312;64
260;20251226;15;30;25;30;10316;66
260;20251226;16;30;13;3;10321;69
260;20251226;17;30;2;0;10323;73
260;20251226;18;40;-5;0;10330;75
260;20251226;19;30;-11;0;10332;76
260;20251226;20;20;-23;0;10337;80
260;20251226;21;20;-10;0;10342;71
260;20251226;22;20;-19;0;10342;73
260;20251226;23;20;-23;0;10343;72
260;20251226;24;20;-21;0;10342;64
260;20251227;1;20;-19;0;10340;57
260;20251227;2;20;-17;0;10344;53
260;20251227;3;30;-19;0;10343;55
260;20251227;4;40;-20;0;10342;58
260;20251227;5;30;-22;0;10343;59
260;20251227;6;30;-19;0;10343;63
260;20251227;7;30;-22;0;10349;79
260;20251227;8;40;-19;0;10356;97
260;20251227;9;20;-12;6;10358;99
260;20251227;10;20;-1;17;10358;97
260;20251227;11;20;16;24;10353;94
260;20251227;12;20;28;28;10347;91
260;20251227;13;10;37;29;10341;90
260;20251227;14;20;45;22;10337;88
260;20251227;15;20;43;9;10338;90
260;20251227;16;20;43;2;10338;99
260;20251227;17;10;37;0;10338;99
260;20251227;18;20;48;0;10337;98
260;20251227;19;20;50;0;10339;97
260;20251227;20;20;51;0;10338;96
260;20251227;21;20;55;0;10342;89
260;20251227;22;20;56;0;10338;85
260;20251227;23;20;56;0;10334;81
260;20251227;24;20;51;0;10331;84
260;20251228;1;20;52;0;10329;83
260;20251228;2;20;53;0;10331;83
260;20251228;3;20;45;0;10330;86
260;20251228;4;10;33;0;10328;92
260;20251228;5;20;43;0;10327;86
260;20251228;6;20;43;0;10328;85
260;20251228;7;20;31;0;10330;89
260;20251228;8;10;7;0;10334;96
260;20251228;9;10;7;16;10337;96
260;20251228;10;10;44;47;10335;82
260;20251228;11;20;50;73;10333;80
260;20251228;12;30;53;85;10330;78
260;20251228;13;30;53;80;10326;78
260;20251228;14;30;51;60;10320;79
260;20251228;15;20;44;28;10318;81
260;20251228;16;20;12;3;10314;93
260;20251228;17;10;-14;0;10312;97
260;20251228;18;10;-21;0;10306;99
260;20251228;19;0;-34;0;10303;98
260;20251228;20;10;-37;0;10304;97
260;20251228;21;10;-37;0;10301;98
260;20251228;22;10;-34;0;10297;99
260;20251228;23;0;-44;0;10293;97
260;20251228;24;10;-36;0;10288;99
260;20251229;1;0;-35;0;10286;99
260;20251229;2;0;-42;0;10284;99
260;20251229;3;0;-26;0;10279;97
260;20251229;4;0;-14;0;10275;98
260;20251229;5;10;-8;0;10273;99
260;20251229;6;10;-1;0;10271;99
260;20251229;7;10;1;0;10273;99
260;20251229;8;10;6;1;10274;99
260;20251229;9;10;18;5;10274;99
260;20251229;10;10;28;12;10274;99
260;20251229;11;10;38;15;10270;100
260;20251229;12;10;53;21;10262;89
260;20251229;13;20;61;26;10259;84
260;20251229;14;20;65;35;10254;83
260;20251229;15;20;64;14;10251;83
260;20251229;16;20;60;3;10249;87
260;20251229;17;20;56;0;10249;93
260;20251229;18;20;54;0;10254;98
260;20251229;19;20;51;0;10258;96
260;20251229;20;20;48;0;10262;94
260;20251229;21;20;38;0;10265;92
260;20251229;22;20;31;0;10270;91
260;20251229;23;20;10;0;10275;98
260;20251229;24;20;14;0;10278;96
260;20251230;1;20;4;0;10281;95
260;20251230;2;20;3;0;10285;96
260;20251230;3;20;18;0;10288;89
260;20251230;4;20;-5;0;10289;96
260;20251230;5;20;-1;0;10291;95
260;20251230;6;20;6;0;10293;90
260;20251230;7;20;6;0;10297;89
260;20251230;8;20;-10;0;10304;96
260;20251230;9;20;1;18;10308;93
260;20251230;10;20;30;43;10310;79
260;20251230;11;20;53;75;10309;70
260;20251230;12;40;52;75;10307;71
260;20251230;13;30;60;74;10305;66
260;20251230;14;30;56;44;10305;70
260;20251230;15;30;54;34;10307;67
260;20251230;16;20;38;3;10306;75
260;20251230;17;20;24;0;10309;83
260;20251230;18;20;7;0;10306;89
260;20251230;19;10;-9;0;10306;95
260;20251230;20;20;-15;0;10307;98
260;20251230;21;10;-4;0;10306;96
260;20251230;22;10;-11;0;10303;97
260;20251230;23;20;-19;0;10300;99
260;20251230;24;20;-13;0;10298;99
260;20251231;1;20;-4;0;10290;98
260;20251231;2;20;-2;0;10288;99
260;20251231;3;20;-6;0;10282;99
260;20251231;4;20;5;0;10276;97
260;20251231;5;20;-10;0;10272;99
260;20251231;6;20;-4;0;10269;98
260;20251231;7;20;14;0;10266;96
260;20251231;8;20;19;0;10264;95
260;20251231;9;20;28;10;10261;94
260;20251231;10;20;36;20;10255;93
260;20251231;11;30;50;37;10248;86
260;20251231;12;30;62;70;10239;82
260;20251231;13;40;63;89;10232;80
260;20251231;14;40;56;33;10227;84
260;20251231;15;40;54;15;10222;80
260;20251231;16;40;50;2;10215;81
260;20251231;17;40;48;0;10208;80
260;20251231;18;40;47;0;10204;78
260;20251231;19;30;38;0;10201;80
260;20251231;20;30;32;0;10192;81
260;20251231;21;30;37;0;10181;78
260;20251231;22;40;34;0;10173;80
260;20251231;23;30;38;0;10161;80
260;20251231;24;40;42;0;10145;80
