STN;YYYYMMDD;HH;FH;T;Q;P;U
260;20200101;1;20;17;0;10345;98
260;20200101;2;30;15;0;10342;99
260;20200101;3;20;16;0;10337;99
260;20200101;4;30;14;0;10332;99
260;20200101;5;30;8;0;10327;99
260;20200101;6;30;2;0;10328;99
260;20200101;7;30;0;0;10329;99
260;20200101;8;30;0;0;10328;98
260;20200101;9;30;1;3;10331;99
260;20200101;10;30;3;9;10332;99
260;20200101;11;30;3;16;10327;99
260;20200101;12;30;4;16;10321;99
260;20200101;13;20;6;16;10313;99
260;20200101;14;20;6;14;10311;99
260;20200101;15;30;6;6;10310;99
260;20200101;16;20;7;1;10311;99
260;20200101;17;30;9;0;10310;99
260;20200101;18;30;5;0;10307;99
260;20200101;19;30;6;0;10308;99
260;20200101;20;20;9;0;10305;99
260;20200101;21;20;15;0;10302;99
260;20200101;22;30;16;0;10299;98
260;20200101;23;30;14;0;10296;98
260;20200101;24;30;16;0;10292;99
260;20200102;1;30;19;0;10286;98
260;20200102;2;30;15;0;10283;99
260;20200102;3;30;14;0;10281;98
260;20200102;4;30;16;0;10274;98
260;20200102;5;30;20;0;10274;98
260;20200102;6;40;23;0;10272;98
260;20200102;7;30;26;0;10268;96
260;20200102;8;30;27;0;10265;97
260;20200102;9;40;27;4;10264;97
260;20200102;10;40;27;7;10264;98
260;20200102;11;40;27;12;10256;98
260;20200102;12;50;29;16;10245;96
260;20200102;13;50;34;12;10233;96
260;20200102;14;40;39;10;10227;95
260;20200102;15;40;43;6;10220;94
260;20200102;16;40;44;1;10217;93
260;20200102;17;50;50;0;10216;93
260;20200102;18;50;56;0;10210;91
260;20200102;19;50;57;0;10205;91
260;20200102;20;60;62;0;10198;91
260;20200102;21;50;64;0;10194;89
260;20200102;22;50;68;0;10192;88
260;20200102;23;50;71;0;10187;88
260;20200102;24;40;73;0;10179;88
260;20200103;1;40;77;0;10170;87
260;20200103;2;40;82;0;10165;86
260;20200103;3;60;85;0;10162;86
260;20200103;4;50;86;0;10156;87
260;20200103;5;60;86;0;10150;88
260;20200103;6;60;84;0;10150;92
260;20200103;7;60;90;0;10146;87
260;20200103;8;60;93;0;10144;85
260;20200103;9;60;90;3;10144;92
260;20200103;10;60;92;7;10142;94
260;20200103;11;60;95;9;10139;94
260;20200103;12;60;98;11;10133;93
260;20200103;13;60;98;11;10141;95
260;20200103;14;50;98;12;10153;94
260;20200103;15;50;79;5;10176;92
260;20200103;16;50;68;1;10200;93
260;20200103;17;30;69;0;10218;90
260;20200103;18;30;61;0;10232;83
260;20200103;19;30;54;0;10247;81
260;20200103;20;30;57;0;10257;80
260;20200103;21;20;45;0;10265;85
260;20200103;22;30;52;0;10273;85
260;20200103;23;30;48;0;10278;87
260;20200103;24;20;47;0;10277;86
260;20200104;1;30;54;0;10277;83
260;20200104;2;30;58;0;10276;84
260;20200104;3;30;48;0;10278;90
260;20200104;4;30;55;0;10278;86
260;20200104;5;30;49;0;10278;89
260;20200104;6;30;49;0;10276;88
260;20200104;7;30;48;0;10279;89
260;20200104;8;30;58;0;10280;87
260;20200104;9;40;72;6;10281;82
260;20200104;10;50;76;17;10285;81
260;20200104;11;50;79;24;10285;80
260;20200104;12;50;81;24;10286;78
260;20200104;13;50;80;13;10289;80
260;20200104;14;50;79;6;10289;82
260;20200104;15;50;76;3;10295;87
260;20200104;16;40;75;1;10301;90
260;20200104;17;40;74;0;10308;93
260;20200104;18;40;74;0;10314;93
260;20200104;19;30;74;0;10318;92
260;20200104;20;30;74;0;10324;93
260;20200104;21;20;72;0;10330;97
260;20200104;22;20;72;0;10331;98
260;20200104;23;10;71;0;10336;96
260;20200104;24;20;71;0;10336;93
260;20200105;1;20;68;0;10335;93
260;20200105;2;20;67;0;10339;95
260;20200105;3;20;71;0;10341;93
260;20200105;4;20;70;0;10343;94
260;20200105;5;20;67;0;10340;95
260;20200105;6;20;68;0;10340;93
260;20200105;7;30;69;0;10339;92
260;20200105;8;30;69;0;10341;91
260;20200105;9;30;71;3;10342;89
260;20200105;10;30;71;10;10343;87
260;20200105;11;30;73;19;10340;85
260;20200105;12;40;75;22;10335;78
260;20200105;13;40;75;15;10328;75
260;20200105;14;30;74;11;10327;77
260;20200105;15;40;73;5;10329;79
260;20200105;16;40;69;1;10328;82
260;20200105;17;40;67;0;10325;83
260;20200105;18;40;64;0;10323;86
260;20200105;19;40;60;0;10322;90
260;20200105;20;40;62;0;10319;87
260;20200105;21;30;64;0;10313;83
260;20200105;22;40;67;0;10310;82
260;20200105;23;30;68;0;10308;85
260;20200105;24;30;66;0;10303;88
260;20200106;1;30;65;0;10297;89
260;20200106;2;30;67;0;10296;88
260;20200106;3;30;67;0;10291;88
260;20200106;4;40;67;0;10286;90
260;20200106;5;40;66;0;10282;92
260;20200106;6;40;65;0;10278;92
260;20200106;7;40;63;0;10276;92
260;20200106;8;40;65;0;10272;85
260;20200106;9;40;65;4;10267;82
260;20200106;10;50;63;11;10264;76
260;20200106;11;50;62;27;10256;71
260;20200106;12;60;67;67;10240;68
260;20200106;13;60;70;84;10228;68
260;20200106;14;50;68;58;10218;71
260;20200106;15;40;65;38;10210;72
260;20200106;16;30;50;6;10206;78
260;20200106;17;30;46;0;10200;79
260;20200106;18;30;40;0;10198;81
260;20200106;19;40;47;0;10195;78
260;20200106;20;40;49;0;10197;78
260;20200106;21;30;53;0;10196;80
260;20200106;22;50;60;0;10195;79
260;20200106;23;50;56;0;10200;90
260;20200106;24;50;58;0;10204;93
260;20200107;1;40;61;0;10211;94
260;20200107;2;30;64;0;10219;95
260;20200107;3;30;59;0;10219;97
260;20200107;4;30;60;0;10226;96
260;20200107;5;30;55;0;10233;97
260;20200107;6;30;51;0;10242;97
260;20200107;7;20;51;0;10248;96
260;20200107;8;20;44;1;10253;98
260;20200107;9;30;55;13;10259;96
260;20200107;10;30;55;21;10263;98
260;20200107;11;40;58;24;10262;98
260;20200107;12;50;65;21;10258;98
260;20200107;13;50;72;25;10255;92
260;20200107;14;40;78;22;10252;91
260;20200107;15;50;77;7;10248;91
260;20200107;16;50;76;2;10245;88
260;20200107;17;50;78;0;10240;82
260;20200107;18;60;76;0;10232;82
260;20200107;19;60;74;0;10233;83
260;20200107;20;60;76;0;10230;82
260;20200107;21;60;76;0;10228;81
260;20200107;22;60;76;0;10225;82
260;20200107;23;60;74;0;10216;90
260;20200107;24;70;82;0;10204;89
260;20200108;1;60;87;0;10203;90
260;20200108;2;60;91;0;10200;94
260;20200108;3;60;96;0;10200;95
260;20200108;4;60;101;0;10199;95
260;20200108;5;50;106;0;10198;96
260;20200108;6;60;108;0;10199;96
260;20200108;7;60;111;0;10201;96
260;20200108;8;50;113;0;10207;95
260;20200108;9;50;112;2;10215;95
260;20200108;10;40;114;9;10219;94
260;20200108;11;40;115;13;10218;94
260;20200108;12;40;115;12;10216;93
260;20200108;13;30;117;17;10218;91
260;20200108;14;30;115;18;10218;92
260;20200108;15;30;111;6;10225;92
260;20200108;16;30;108;1;10226;93
260;20200108;17;20;105;0;10230;91
260;20200108;18;30;102;0;10230;93
260;20200108;19;20;100;0;10227;94
260;20200108;20;20;96;0;10225;96
260;20200108;21;20;94;0;10220;98
260;20200108;22;20;92;0;10217;97
260;20200108;23;30;91;0;10214;97
260;20200108;24;20;90;0;10198;98
260;20200109;1;30;93;0;10186;98
260;20200109;2;30;96;0;10177;98
260;20200109;3;40;98;0;10162;98
260;20200109;4;40;107;0;10148;98
260;20200109;5;60;111;0;10137;96
260;20200109;6;60;112;0;10130;96
260;20200109;7;50;115;0;10121;93
260;20200109;8;50;114;0;10114;95
260;20200109;9;60;115;3;10109;94
260;20200109;10;60;117;6;10104;92
260;20200109;11;70;122;9;10099;90
260;20200109;12;70;125;11;10092;88
260;20200109;13;70;129;18;10084;85
260;20200109;14;60;130;8;10081;85
260;20200109;15;60;123;5;10081;93
260;20200109;16;40;120;1;10080;95
260;20200109;17;50;120;0;10078;95
260;20200109;18;40;122;0;10077;92
260;20200109;19;50;120;0;10076;94
260;20200109;20;40;121;0;10071;91
260;20200109;21;50;120;0;10070;91
260;20200109;22;50;118;0;10067;91
260;20200109;23;50;117;0;10072;90
260;20200109;24;60;99;0;10083;81
260;20200110;1;40;87;0;10082;87
260;20200110;2;40;89;0;10091;87
260;20200110;3;40;92;0;10099;86
260;20200110;4;40;86;0;10103;88
260;20200110;5;30;80;0;10109;91
260;20200110;6;30;81;0;10119;92
260;20200110;7;30;81;0;10124;90
260;20200110;8;30;77;0;10136;93
260;20200110;9;30;78;5;10149;91
260;20200110;10;40;78;22;10165;88
260;20200110;11;40;79;25;10179;83
260;20200110;12;50;78;51;10196;82
260;20200110;13;40;81;33;10208;72
260;20200110;14;40;84;23;10222;73
260;20200110;15;40;74;26;10241;71
260;20200110;16;30;66;3;10251;75
260;20200110;17;20;65;0;10265;78
260;20200110;18;20;58;0;10272;82
260;20200110;19;20;43;0;10280;89
260;20200110;20;20;36;0;10287;93
260;20200110;21;20;36;0;10292;93
260;20200110;22;20;34;0;10303;93
260;20200110;23;30;40;0;10305;93
260;20200110;24;20;34;0;10308;97
260;20200111;1;30;47;0;10306;92
260;20200111;2;30;54;0;10308;86
260;20200111;3;30;47;0;10309;87
260;20200111;4;30;45;0;10307;88
260;20200111;5;40;48;0;10298;82
260;20200111;6;30;45;0;10300;82
260;20200111;7;40;46;0;10301;82
260;20200111;8;50;48;0;10294;80
260;20200111;9;50;50;8;10294;79
260;20200111;10;50;53;24;10293;79
260;20200111;11;50;58;40;10287;77
260;20200111;12;60;67;65;10280;74
260;20200111;13;50;69;53;10272;75
260;20200111;14;60;73;41;10268;71
260;20200111;15;60;71;27;10265;74
260;20200111;16;50;70;4;10262;75
260;20200111;17;60;72;0;10259;74
260;20200111;18;60;73;0;10254;74
260;20200111;19;70;73;0;10249;74
260;20200111;20;60;70;0;10246;75
260;20200111;21;70;72;0;10241;74
260;20200111;22;70;69;0;10236;74
260;20200111;23;70;66;0;10233;74
260;20200111;24;60;61;0;10229;77
260;20200112;1;60;58;0;10218;78
260;20200112;2;60;58;0;10217;78
260;20200112;3;50;59;0;10211;78
260;20200112;4;60;58;0;10205;78
260;20200112;5;60;59;0;10200;78
260;20200112;6;50;57;0;10195;79
260;20200112;7;50;57;0;10188;79
260;20200112;8;60;62;0;10182;79
260;20200112;9;70;68;3;10181;78
260;20200112;10;60;62;8;10181;90
260;20200112;11;70;67;10;10178;92
260;20200112;12;60;70;10;10173;95
260;20200112;13;70;82;13;10168;91
260;20200112;14;70;89;12;10166;88
260;20200112;15;70;98;6;10170;85
260;20200112;16;60;101;2;10178;80
260;20200112;17;50;100;0;10186;80
260;20200112;18;50;100;0;10191;75
260;20200112;19;40;91;0;10198;80
260;20200112;20;30;85;0;10204;81
260;20200112;21;20;82;0;10208;85
260;20200112;22;20;76;0;10209;90
260;20200112;23;30;76;0;10210;91
260;20200112;24;30;76;0;10210;93
260;20200113;1;40;71;0;10206;93
260;20200113;2;40;71;0;10205;93
260;20200113;3;40;70;0;10201;93
260;20200113;4;40;70;0;10193;92
260;20200113;5;40;68;0;10191;92
260;20200113;6;40;60;0;10189;93
260;20200113;7;30;58;0;10185;93
260;20200113;8;40;62;0;10184;92
260;20200113;9;40;65;6;10183;91
260;20200113;10;40;69;19;10180;88
260;20200113;11;50;76;42;10170;83
260;20200113;12;50;83;83;10153;79
260;20200113;13;60;84;75;10144;78
260;20200113;14;60;86;42;10130;78
260;20200113;15;50;80;30;10122;78
260;20200113;16;40;79;5;10109;77
260;20200113;17;60;79;0;10103;79
260;20200113;18;60;80;0;10089;83
260;20200113;19;60;85;0;10079;83
260;20200113;20;70;87;0;10068;85
260;20200113;21;70;91;0;10056;85
260;20200113;22;80;96;0;10045;82
260;20200113;23;80;100;0;10037;81
260;20200113;24;80;105;0;10029;79
260;20200114;1;80;100;0;10020;86
260;20200114;2;80;99;0;10017;87
260;20200114;3;70;97;0;10011;89
260;20200114;4;70;97;0;10007;90
260;20200114;5;70;95;0;10011;90
260;20200114;6;70;94;0;10014;90
260;20200114;7;60;93;0;10026;93
260;20200114;8;60;91;0;10031;93
260;20200114;9;60;91;3;10034;87
260;20200114;10;60;96;13;10040;86
260;20200114;11;60;97;25;10042;90
260;20200114;12;70;98;23;10037;90
260;20200114;13;60;102;14;10029;84
260;20200114;14;60;103;8;10025;84
260;20200114;15;70;107;5;10023;82
260;20200114;16;80;113;1;10019;77
260;20200114;17;80;117;0;10022;76
260;20200114;18;80;119;0;10023;78
260;20200114;19;70;125;0;10023;77
260;20200114;20;90;128;0;10027;75
260;20200114;21;100;127;0;10032;74
260;20200114;22;100;120;0;10037;79
260;20200114;23;90;114;0;10043;87
260;20200114;24;80;119;0;10048;81
260;20200115;1;90;119;0;10049;79
260;20200115;2;70;117;0;10053;78
260;20200115;3;70;118;0;10051;75
260;20200115;4;80;117;0;10049;70
260;20200115;5;70;115;0;10054;67
260;20200115;6;70;114;0;10059;67
260;20200115;7;70;108;0;10059;68
260;20200115;8;70;108;1;10066;68
260;20200115;9;70;111;5;10067;66
260;20200115;10;70;111;11;10069;66
260;20200115;11;80;112;23;10068;66
260;20200115;12;70;111;20;10072;68
260;20200115;13;60;101;11;10081;78
260;20200115;14;70;102;7;10084;79
260;20200115;15;60;98;3;10094;86
260;20200115;16;50;75;0;10119;89
260;20200115;17;30;72;0;10134;90
260;20200115;18;30;69;0;10151;89
260;20200115;19;40;67;0;10162;88
260;20200115;20;50;65;0;10174;88
260;20200115;21;50;64;0;10183;89
260;20200115;22;40;63;0;10195;89
260;20200115;23;40;64;0;10208;88
260;20200115;24;40;64;0;10214;89
260;20200116;1;40;59;0;10218;90
260;20200116;2;30;54;0;10226;92
260;20200116;3;40;54;0;10232;92
260;20200116;4;30;49;0;10238;93
260;20200116;5;30;44;0;10242;94
260;20200116;6;20;37;0;10244;96
260;20200116;7;30;38;0;10247;96
260;20200116;8;30;38;1;10248;95
260;20200116;9;30;44;20;10244;94
260;20200116;10;30;61;55;10245;90
260;20200116;11;30;73;80;10240;86
260;20200116;12;40;83;88;10229;84
260;20200116;13;40;96;92;10221;79
260;20200116;14;40;100;72;10212;78
260;20200116;15;50;100;44;10207;77
260;20200116;16;40;92;9;10202;79
260;20200116;17;40;89;0;10201;80
260;20200116;18;50;92;0;10196;78
260;20200116;19;60;93;0;10190;76
260;20200116;20;60;90;0;10183;77
260;20200116;21;60;85;0;10176;79
260;20200116;22;60;84;0;10170;80
260;20200116;23;50;81;0;10167;81
260;20200116;24;40;82;0;10165;80
260;20200117;1;40;87;0;10160;77
260;20200117;2;50;85;0;10153;76
260;20200117;3;50;83;0;10146;77
260;20200117;4;40;83;0;10137;77
260;20200117;5;40;78;0;10132;79
260;20200117;6;40;76;0;10131;79
260;20200117;7;40;83;0;10128;77
260;20200117;8;40;89;0;10131;77
260;20200117;9;30;91;3;10130;79
260;20200117;10;30;97;9;10131;78
260;20200117;11;40;94;15;10127;86
260;20200117;12;40;92;9;10125;92
260;20200117;13;40;97;13;10123;88
260;20200117;14;40;100;16;10123;86
260;20200117;15;50;99;20;10126;84
260;20200117;16;50;94;13;10130;80
260;20200117;17;60;96;0;10137;74
260;20200117;18;70;83;0;10147;74
260;20200117;19;70;73;0;10158;73
260;20200117;20;60;69;0;10164;74
260;20200117;21;50;66;0;10172;72
260;20200117;22;40;58;0;10180;75
260;20200117;23;40;60;0;10183;76
260;20200117;24;50;54;0;10188;77
260;20200118;1;40;47;0;10193;82
260;20200118;2;40;42;0;10196;86
260;20200118;3;40;47;0;10199;85
260;20200118;4;40;46;0;10201;84
260;20200118;5;40;43;0;10204;85
260;20200118;6;40;38;0;10206;87
260;20200118;7;40;39;0;10211;89
260;20200118;8;40;39;1;10216;91
260;20200118;9;30;45;15;10224;90
260;20200118;10;30;60;49;10232;84
260;20200118;11;40;64;60;10237;78
260;20200118;12;30;64;22;10238;76
260;20200118;13;40;74;68;10241;66
260;20200118;14;40;57;57;10244;77
260;20200118;15;50;41;41;10255;79
260;20200118;16;30;38;4;10261;86
260;20200118;17;20;40;0;10267;88
260;20200118;18;20;40;0;10275;88
260;20200118;19;20;40;0;10282;88
260;20200118;20;20;35;0;10288;87
260;20200118;21;20;38;0;10292;86
260;20200118;22;20;35;0;10295;87
260;20200118;23;20;33;0;10303;86
260;20200118;24;30;26;0;10310;92
260;20200119;1;20;5;0;10317;97
260;20200119;2;20;12;0;10324;96
260;20200119;3;20;31;0;10326;88
260;20200119;4;20;33;0;10335;86
260;20200119;5;20;24;0;10337;91
260;20200119;6;20;28;0;10346;90
260;20200119;7;20;16;0;10357;95
260;20200119;8;20;23;1;10372;93
260;20200119;9;30;34;16;10384;89
260;20200119;10;20;51;47;10395;83
260;20200119;11;20;65;61;10400;79
260;20200119;12;30;79;84;10405;69
260;20200119;13;40;78;86;10409;67
260;20200119;14;40;78;63;10415;66
260;20200119;15;40;76;37;10422;65
260;20200119;16;30;69;11;10432;75
260;20200119;17;20;42;0;10441;87
260;20200119;18;20;38;0;10448;93
260;20200119;19;20;33;0;10454;93
260;20200119;20;20;21;0;10458;96
260;20200119;21;20;14;0;10464;96
260;20200119;22;20;7;0;10467;98
260;20200119;23;10;-4;0;10472;98
260;20200119;24;10;-11;0;10471;98
260;20200120;1;10;-13;0;10474;98
260;20200120;2;10;-20;0;10474;98
260;20200120;3;0;-12;0;10474;97
260;20200120;4;10;-5;0;10474;96
260;20200120;5;10;1;0;10472;98
260;20200120;6;10;7;0;10475;98
260;20200120;7;10;10;0;10475;98
260;20200120;8;10;12;1;10477;98
260;20200120;9;10;23;9;10479;98
260;20200120;10;10;39;24;10481;96
260;20200120;11;10;54;39;10481;95
260;20200120;12;10;68;41;10476;84
260;20200120;13;20;70;35;10471;80
260;20200120;14;20;67;24;10467;85
260;20200120;15;20;67;18;10463;83
260;20200120;16;20;63;7;10464;84
260;20200120;17;20;54;0;10460;89
260;20200120;18;20;53;0;10457;90
260;20200120;19;20;44;0;10459;94
260;20200120;20;20;36;0;10458;97
260;20200120;21;10;18;0;10456;98
260;20200120;22;20;25;0;10453;98
260;20200120;23;10;19;0;10450;99
260;20200120;24;10;7;0;10446;98
260;20200121;1;20;15;0;10442;99
260;20200121;2;10;11;0;10443;99
260;20200121;3;20;7;0;10436;98
260;20200121;4;20;-5;0;10431;99
260;20200121;5;20;-10;0;10428;98
260;20200121;6;10;-9;0;10427;96
260;20200121;7;20;-4;0;10425;95
260;20200121;8;20;-10;1;10426;98
260;20200121;9;20;-13;11;10428;98
260;20200121;10;20;-10;25;10430;98
260;20200121;11;20;-4;31;10426;98
260;20200121;12;20;3;32;10423;98
260;20200121;13;20;7;30;10416;98
260;20200121;14;20;13;23;10412;98
260;20200121;15;20;17;10;10406;98
260;20200121;16;20;19;3;10406;98
260;20200121;17;20;19;0;10406;99
260;20200121;18;30;20;0;10398;99
260;20200121;19;30;20;0;10395;99
260;20200121;20;20;20;0;10399;99
260;20200121;21;20;19;0;10392;98
260;20200121;22;20;18;0;10392;99
260;20200121;23;20;17;0;10388;99
260;20200121;24;20;17;0;10388;99
260;20200122;1;20;16;0;10379;99
260;20200122;2;20;17;0;10380;99
260;20200122;3;20;16;0;10376;99
260;20200122;4;20;18;0;10371;98
260;20200122;5;20;21;0;10369;99
260;20200122;6;20;24;0;10364;98
260;20200122;7;20;26;0;10368;98
260;20200122;8;20;30;1;10368;98
260;20200122;9;10;34;7;10373;98
260;20200122;10;20;38;13;10373;98
260;20200122;11;20;43;21;10372;98
260;20200122;12;20;50;24;10365;97
260;20200122;13;20;55;23;10364;98
260;20200122;14;10;60;14;10362;98
260;20200122;15;10;62;6;10363;96
260;20200122;16;10;61;2;10363;98
260;20200122;17;10;61;0;10363;97
260;20200122;18;20;62;0;10364;98
260;20200122;19;10;61;0;10366;98
260;20200122;20;10;61;0;10367;98
260;20200122;21;10;59;0;10367;98
260;20200122;22;0;59;0;10366;98
260;20200122;23;10;61;0;10366;98
260;20200122;24;10;61;0;10363;98
260;20200123;1;0;60;0;10361;98
260;20200123;2;10;58;0;10356;99
260;20200123;3;10;58;0;10351;99
260;20200123;4;10;57;0;10347;99
260;20200123;5;10;57;0;10343;98
260;20200123;6;20;54;0;10339;98
260;20200123;7;20;51;0;10337;98
260;20200123;8;20;50;1;10337;97
260;20200123;9;20;49;8;10337;95
260;20200123;10;20;50;18;10337;96
260;20200123;11;20;55;36;10327;92
260;20200123;12;20;66;89;10318;83
260;20200123;13;10;59;31;10312;80
260;20200123;14;20;59;26;10302;85
260;20200123;15;20;50;35;10296;83
260;20200123;16;10;35;8;10289;93
260;20200123;17;10;19;0;10287;97
260;20200123;18;20;12;0;10284;97
260;20200123;19;20;10;0;10283;96
260;20200123;20;20;3;0;10278;95
260;20200123;21;20;0;0;10275;98
260;20200123;22;10;-13;0;10270;98
260;20200123;23;10;-14;0;10268;97
260;20200123;24;10;-6;0;10264;97
260;20200124;1;10;4;0;10258;96
260;20200124;2;10;5;0;10253;98
260;20200124;3;10;12;0;10247;95
260;20200124;4;20;19;0;10241;94
260;20200124;5;10;18;0;10239;95
260;20200124;6;20;16;0;10237;97
260;20200124;7;10;18;0;10237;96
260;20200124;8;20;19;0;10241;96
260;20200124;9;20;22;3;10244;92
260;20200124;10;20;27;24;10243;92
260;20200124;11;30;29;53;10240;90
260;20200124;12;20;32;43;10238;87
260;20200124;13;20;33;31;10233;87
260;20200124;14;30;31;26;10221;90
260;20200124;15;30;31;14;10223;91
260;20200124;16;30;31;3;10224;91
260;20200124;17;30;30;0;10227;91
260;20200124;18;30;27;0;10230;93
260;20200124;19;30;25;0;10232;94
260;20200124;20;30;25;0;10231;94
260;20200124;21;30;24;0;10230;95
260;20200124;22;30;23;0;10229;95
260;20200124;23;30;23;0;10227;94
260;20200124;24;30;23;0;10225;95
260;20200125;1;30;22;0;10224;94
260;20200125;2;40;22;0;10222;94
260;20200125;3;30;20;0;10218;94
260;20200125;4;30;19;0;10215;94
260;20200125;5;30;19;0;10214;94
260;20200125;6;20;19;0;10218;96
260;20200125;7;30;18;0;10217;95
260;20200125;8;30;19;0;10220;95
260;20200125;9;30;21;6;10220;94
260;20200125;10;30;23;14;10224;88
260;20200125;11;30;24;19;10224;87
260;20200125;12;40;24;27;10219;86
260;20200125;13;30;24;25;10214;87
260;20200125;14;30;22;20;10209;90
260;20200125;15;30;20;12;10205;88
260;20200125;16;30;20;4;10202;90
260;20200125;17;20;19;0;10203;90
260;20200125;18;30;20;0;10205;91
260;20200125;19;30;21;0;10206;92
260;20200125;20;20;20;0;10203;94
260;20200125;21;20;21;0;10202;94
260;20200125;22;30;17;0;10196;95
260;20200125;23;30;14;0;10193;97
260;20200125;24;30;9;0;10189;98
260;20200126;1;40;6;0;10181;99
260;20200126;2;30;11;0;10174;99
260;20200126;3;30;15;0;10169;99
260;20200126;4;40;18;0;10163;99
260;20200126;5;40;21;0;10160;99
260;20200126;6;30;22;0;10158;98
260;20200126;7;40;21;0;10154;98
260;20200126;8;40;26;1;10157;97
260;20200126;9;40;32;12;10156;95
260;20200126;10;30;41;39;10155;93
260;20200126;11;30;64;90;10150;86
260;20200126;12;40;77;103;10143;82
260;20200126;13;40;83;92;10136;80
260;20200126;14;40;91;75;10131;80
260;20200126;15;40;92;43;10128;80
260;20200126;16;30;85;7;10124;84
260;20200126;17;40;88;0;10122;80
260;20200126;18;40;83;0;10118;83
260;20200126;19;40;82;0;10119;82
260;20200126;20;40;74;0;10115;84
260;20200126;21;50;75;0;10111;83
260;20200126;22;50;73;0;10103;87
260;20200126;23;50;76;0;10097;85
260;20200126;24;60;74;0;10091;89
260;20200127;1;60;74;0;10086;90
260;20200127;2;50;74;0;10078;93
260;20200127;3;50;76;0;10074;95
260;20200127;4;60;82;0;10070;93
260;20200127;5;50;84;0;10067;92
260;20200127;6;50;84;0;10065;94
260;20200127;7;50;85;0;10062;93
260;20200127;8;50;86;1;10062;93
260;20200127;9;40;87;10;10061;90
260;20200127;10;40;89;32;10057;89
260;20200127;11;40;90;34;10052;90
260;20200127;12;40;93;26;10044;87
260;20200127;13;50;94;33;10032;83
260;20200127;14;50;93;42;10028;83
260;20200127;15;40;93;20;10023;81
260;20200127;16;40;87;14;10015;84
260;20200127;17;30;80;0;10004;85
260;20200127;18;30;78;0;9993;87
260;20200127;19;40;73;0;9979;90
260;20200127;20;40;75;0;9962;89
260;20200127;21;40;73;0;9946;93
260;20200127;22;50;72;0;9924;92
260;20200127;23;60;77;0;9914;92
260;20200127;24;70;71;0;9922;85
260;20200128;1;50;67;0;9920;89
260;20200128;2;60;72;0;9916;85
260;20200128;3;60;58;0;9913;83
260;20200128;4;60;56;0;9904;91
260;20200128;5;40;53;0;9892;94
260;20200128;6;40;59;0;9881;91
260;20200128;7;50;54;0;9875;88
260;20200128;8;60;47;1;9878;87
260;20200128;9;60;48;7;9887;90
260;20200128;10;60;50;21;9897;84
260;20200128;11;80;60;45;9911;76
260;20200128;12;70;61;53;9923;74
260;20200128;13;80;58;51;9936;71
260;20200128;14;70;58;76;9945;68
260;20200128;15;70;60;38;9956;65
260;20200128;16;70;55;11;9960;69
260;20200128;17;60;56;0;9964;72
260;20200128;18;50;51;0;9969;77
260;20200128;19;50;54;0;9971;75
260;20200128;20;50;48;0;9974;80
260;20200128;21;60;46;0;9976;80
260;20200128;22;60;40;0;9981;87
260;20200128;23;50;39;0;9985;88
260;20200128;24;40;44;0;9988;86
260;20200129;1;40;49;0;9991;83
260;20200129;2;40;58;0;10000;80
260;20200129;3;50;58;0;10008;78
260;20200129;4;50;56;0;10013;78
260;20200129;5;50;53;0;10020;79
260;20200129;6;50;52;0;10022;78
260;20200129;7;50;54;0;10026;77
260;20200129;8;50;53;1;10033;83
260;20200129;9;60;59;12;10041;77
260;20200129;10;50;62;23;10050;74
260;20200129;11;50;67;56;10056;71
260;20200129;12;60;65;50;10060;69
260;20200129;13;60;67;43;10068;68
260;20200129;14;60;68;33;10076;69
260;20200129;15;50;73;37;10084;67
260;20200129;16;50;65;17;10093;70
260;20200129;17;40;62;0;10097;75
260;20200129;18;30;57;0;10104;79
260;20200129;19;40;60;0;10105;78
260;20200129;20;40;62;0;10105;80
260;20200129;21;40;57;0;10102;82
260;20200129;22;50;60;0;10101;86
260;20200129;23;60;61;0;10101;85
260;20200129;24;60;67;0;10100;84
260;20200130;1;70;67;0;10096;84
260;20200130;2;60;67;0;10096;87
260;20200130;3;70;71;0;10097;87
260;20200130;4;60;73;0;10096;86
260;20200130;5;60;72;0;10094;85
260;20200130;6;60;73;0;10089;82
260;20200130;7;50;71;0;10091;82
260;20200130;8;50;72;2;10091;82
260;20200130;9;50;67;14;10090;83
260;20200130;10;50;71;40;10083;82
260;20200130;11;50;84;61;10074;78
260;20200130;12;60;89;69;10062;78
260;20200130;13;60;91;62;10052;81
260;20200130;14;50;94;26;10035;83
260;20200130;15;40;91;14;10026;89
260;20200130;16;50;91;6;10017;93
260;20200130;17;50;87;0;10011;91
260;20200130;18;60;85;0;10001;96
260;20200130;19;60;89;0;9996;96
260;20200130;20;60;100;0;9999;96
260;20200130;21;60;106;0;9999;95
260;20200130;22;60;110;0;10004;92
260;20200130;23;70;112;0;10013;91
260;20200130;24;70;114;0;10024;88
260;20200131;1;70;113;0;10029;86
260;20200131;2;70;109;0;10040;86
260;20200131;3;60;105;0;10047;87
260;20200131;4;50;100;0;10056;87
260;20200131;5;50;97;0;10065;88
260;20200131;6;40;89;0;10071;92
260;20200131;7;50;91;0;10077;90
260;20200131;8;50;94;2;10079;90
260;20200131;9;60;94;10;10081;88
260;20200131;10;70;96;18;10081;85
260;20200131;11;70;102;28;10083;86
260;20200131;12;70;104;27;10084;87
260;20200131;13;70;106;25;10081;86
260;20200131;14;70;107;18;10075;88
260;20200131;15;70;110;13;10073;90
260;20200131;16;70;115;5;10072;88
260;20200131;17;70;121;0;10069;86
260;20200131;18;60;121;0;10064;87
260;20200131;19;60;123;0;10064;85
260;20200131;20;60;123;0;10060;84
260;20200131;21;70;124;0;10056;83
260;20200131;22;70;122;0;10052;84
260;20200131;23;80;123;0;10046;82
260;20200131;24;80;118;0;10043;85
260;20200201;1;70;112;0;10038;91
260;20200201;2;60;115;0;10032;88
260;20200201;3;60;114;0;10026;90
260;20200201;4;60;115;0;10020;91
260;20200201;5;60;119;0;10016;89
260;20200201;6;60;117;0;10013;92
260;20200201;7;60;114;0;10011;88
260;20200201;8;70;109;1;10014;88
260;20200201;9;60;107;6;10011;91
260;20200201;10;60;105;18;10013;89
260;20200201;11;60;107;34;10019;87
260;20200201;12;60;109;27;10019;83
260;20200201;13;80;114;54;10020;72
260;20200201;14;80;113;75;10026;67
260;20200201;15;80;114;43;10032;62
260;20200201;16;70;105;25;10036;66
260;20200201;17;60;100;2;10042;68
260;20200201;18;60;90;0;10045;74
260;20200201;19;50;87;0;10053;79
260;20200201;20;60;93;0;10062;70
260;20200201;21;60;96;0;10071;64
260;20200201;22;70;97;0;10074;62
260;20200201;23;70;95;0;10080;66
260;20200201;24;70;94;0;10086;69
260;20200202;1;60;92;0;10089;71
260;20200202;2;60;90;0;10094;73
260;20200202;3;50;85;0;10095;76
260;20200202;4;40;79;0;10094;80
260;20200202;5;40;77;0;10091;82
260;20200202;6;40;74;0;10082;84
260;20200202;7;40;70;0;10074;88
260;20200202;8;30;65;0;10069;94
260;20200202;9;20;66;5;10059;96
260;20200202;10;30;69;10;10051;96
260;20200202;11;30;67;20;10044;96
260;20200202;12;30;69;24;10032;96
260;20200202;13;30;74;20;10037;98
260;20200202;14;40;107;14;10042;87
260;20200202;15;70;113;14;10051;85
260;20200202;16;70;114;7;10061;80
260;20200202;17;60;113;1;10069;76
260;20200202;18;60;109;0;10078;79
260;20200202;19;60;103;0;10084;84
260;20200202;20;50;101;0;10087;86
260;20200202;21;50;99;0;10086;87
260;20200202;22;50;99;0;10083;86
260;20200202;23;50;98;0;10081;87
260;20200202;24;50;98;0;10083;87
260;20200203;1;50;99;0;10083;87
260;20200203;2;60;96;0;10088;88
260;20200203;3;60;98;0;10089;87
260;20200203;4;60;101;0;10092;83
260;20200203;5;60;102;0;10095;79
260;20200203;6;50;96;0;10097;81
260;20200203;7;50;102;0;10100;78
260;20200203;8;60;99;4;10108;79
260;20200203;9;60;99;16;10116;79
260;20200203;10;60;103;19;10123;74
260;20200203;11;60;108;43;10125;70
260;20200203;12;70;107;69;10127;67
260;20200203;13;60;108;67;10125;66
260;20200203;14;60;103;55;10123;67
260;20200203;15;50;101;35;10119;68
260;20200203;16;40;94;13;10112;77
260;20200203;17;40;92;1;10104;79
260;20200203;18;30;90;0;10101;80
260;20200203;19;30;83;0;10090;88
260;20200203;20;30;64;0;10077;90
260;20200203;21;20;67;0;10071;91
260;20200203;22;30;69;0;10067;92
260;20200203;23;30;69;0;10066;84
260;20200203;24;40;64;0;10072;71
260;20200204;1;40;62;0;10072;71
260;20200204;2;40;63;0;10075;72
260;20200204;3;50;60;0;10080;74
260;20200204;4;50;60;0;10086;72
260;20200204;5;50;61;0;10093;70
260;20200204;6;60;61;0;10094;71
260;20200204;7;50;55;0;10099;77
260;20200204;8;50;52;2;10110;78
260;20200204;9;60;59;32;10118;72
260;20200204;10;50;61;55;10125;74
260;20200204;11;50;67;60;10132;74
260;20200204;12;50;59;44;10137;79
260;20200204;13;50;68;56;10141;80
260;20200204;14;40;60;21;10145;90
260;20200204;15;30;68;10;10151;93
260;20200204;16;40;59;9;10167;93
260;20200204;17;20;49;1;10190;95
260;20200204;18;20;37;0;10213;97
260;20200204;19;20;26;0;10228;97
260;20200204;20;20;37;0;10250;96
260;20200204;21;20;25;0;10260;95
260;20200204;22;20;15;0;10273;98
260;20200204;23;20;32;0;10286;97
260;20200204;24;20;30;0;10295;98
260;20200205;1;20;36;0;10304;98
260;20200205;2;20;41;0;10310;98
260;20200205;3;20;44;0;10318;95
260;20200205;4;20;33;0;10326;92
260;20200205;5;10;6;0;10336;98
260;20200205;6;10;6;0;10340;98
260;20200205;7;10;1;0;10348;98
260;20200205;8;10;5;5;10355;96
260;20200205;9;10;29;29;10363;87
260;20200205;10;10;57;48;10370;72
260;20200205;11;20;66;84;10371;67
260;20200205;12;20;73;125;10366;64
260;20200205;13;20;77;132;10360;63
260;20200205;14;30;82;97;10359;64
260;20200205;15;30;76;61;10360;66
260;20200205;16;20;67;24;10360;70
260;20200205;17;20;56;2;10360;72
260;20200205;18;20;50;0;10357;77
260;20200205;19;10;55;0;10356;77
260;20200205;20;20;61;0;10355;74
260;20200205;21;10;62;0;10356;76
260;20200205;22;20;59;0;10353;78
260;20200205;23;20;55;0;10346;87
260;20200205;24;20;50;0;10342;90
260;20200206;1;20;40;0;10338;94
260;20200206;2;10;32;0;10337;97
260;20200206;3;20;21;0;10328;98
260;20200206;4;20;31;0;10327;95
260;20200206;5;20;25;0;10325;96
260;20200206;6;20;41;0;10322;94
260;20200206;7;20;42;0;10320;92
260;20200206;8;20;47;3;10320;91
260;20200206;9;20;54;14;10321;89
260;20200206;10;20;70;49;10323;84
260;20200206;11;20;79;110;10322;76
260;20200206;12;30;89;79;10316;73
260;20200206;13;20;89;92;10313;67
260;20200206;14;20;94;68;10312;65
260;20200206;15;20;89;87;10308;65
260;20200206;16;20;81;35;10307;70
260;20200206;17;10;56;3;10309;81
260;20200206;18;10;32;0;10309;94
260;20200206;19;0;26;0;10307;91
260;20200206;20;10;26;0;10308;94
260;20200206;21;0;33;0;10307;97
260;20200206;22;0;36;0;10307;95
260;20200206;23;10;37;0;10305;94
260;20200206;24;10;34;0;10302;94
260;20200207;1;10;29;0;10298;95
260;20200207;2;10;20;0;10296;98
260;20200207;3;10;4;0;10294;98
260;20200207;4;10;-4;0;10289;98
260;20200207;5;20;-8;0;10285;98
260;20200207;6;20;5;0;10282;92
260;20200207;7;30;11;0;10280;87
260;20200207;8;30;17;8;10276;85
260;20200207;9;40;35;44;10270;77
260;20200207;10;50;48;84;10266;73
260;20200207;11;60;55;117;10259;70
260;20200207;12;50;63;134;10251;69
260;20200207;13;50;70;135;10239;64
260;20200207;14;50;75;116;10231;64
260;20200207;15;60;77;83;10224;61
260;20200207;16;50;70;39;10218;62
260;20200207;17;40;61;4;10216;68
260;20200207;18;40;57;0;10212;69
260;20200207;19;50;51;0;10210;71
260;20200207;20;40;46;0;10208;72
260;20200207;21;40;42;0;10204;72
260;20200207;22;40;34;0;10199;75
260;20200207;23;50;36;0;10197;73
260;20200207;24;50;36;0;10194;70
260;20200208;1;40;31;0;10191;73
260;20200208;2;40;32;0;10186;72
260;20200208;3;40;34;0;10182;74
260;20200208;4;40;39;0;10180;74
260;20200208;5;40;43;0;10178;75
260;20200208;6;40;47;0;10175;77
260;20200208;7;40;48;0;10175;80
260;20200208;8;30;58;3;10178;80
260;20200208;9;30;65;17;10179;81
260;20200208;10;30;80;41;10179;80
260;20200208;11;40;92;34;10179;78
260;20200208;12;40;97;19;10177;80
260;20200208;13;50;95;12;10177;86
260;20200208;14;40;90;11;10178;94
260;20200208;15;40;90;12;10179;93
260;20200208;16;40;85;12;10181;91
260;20200208;17;30;84;2;10184;93
260;20200208;18;30;84;0;10183;93
260;20200208;19;40;85;0;10185;93
260;20200208;20;50;85;0;10184;93
260;20200208;21;40;83;0;10182;93
260;20200208;22;40;75;0;10173;94
260;20200208;23;40;75;0;10168;94
260;20200208;24;50;82;0;10161;90
260;20200209;1;60;78;0;10152;90
260;20200209;2;50;79;0;10145;89
260;20200209;3;60;80;0;10128;86
260;20200209;4;70;78;0;10115;84
260;20200209;5;70;83;0;10105;82
260;20200209;6;70;86;0;10087;79
260;20200209;7;90;85;0;10071;75
260;20200209;8;80;86;3;10064;73
260;20200209;9;90;91;16;10043;70
260;20200209;10;100;95;31;10025;69
260;20200209;11;100;98;22;10010;72
260;20200209;12;110;104;25;9986;71
260;20200209;13;110;110;21;9963;71
260;20200209;14;110;117;14;9944;71
260;20200209;15;130;116;5;9924;73
260;20200209;16;130;124;3;9907;71
260;20200209;17;140;111;0;9894;87
260;20200209;18;130;117;0;9880;86
260;20200209;19;130;116;0;9869;88
260;20200209;20;120;121;0;9864;87
260;20200209;21;90;103;0;9859;90
260;20200209;22;110;106;0;9850;83
260;20200209;23;100;107;0;9857;79
260;20200209;24;100;104;0;9863;74
260;20200210;1;100;102;0;9867;69
260;20200210;2;90;100;0;9871;72
260;20200210;3;90;98;0;9873;73
260;20200210;4;90;96;0;9879;73
260;20200210;5;100;77;0;9893;77
260;20200210;6;80;73;0;9902;81
260;20200210;7;80;78;0;9923;72
260;20200210;8;90;79;4;9942;65
260;20200210;9;90;80;16;9958;62
260;20200210;10;90;80;45;9971;61
260;20200210;11;90;80;62;9984;58
260;20200210;12;90;83;51;9987;56
260;20200210;13;90;86;66;9987;55
260;20200210;14;100;91;73;9981;55
260;20200210;15;90;91;33;9973;64
260;20200210;16;80;88;8;9959;67
260;20200210;17;80;75;1;9938;79
260;20200210;18;90;77;0;9920;75
260;20200210;19;90;80;0;9917;74
260;20200210;20;90;76;0;9919;70
260;20200210;21;70;50;0;9932;81
260;20200210;22;50;57;0;9937;74
260;20200210;23;70;63;0;9950;63
260;20200210;24;80;49;0;9960;71
260;20200211;1;90;57;0;9971;60
260;20200211;2;80;59;0;9977;60
260;20200211;3;90;58;0;9980;59
260;20200211;4;80;59;0;9987;58
260;20200211;5;90;60;0;9993;58
260;20200211;6;80;60;0;9995;59
260;20200211;7;80;61;0;10005;58
260;20200211;8;80;62;4;10008;58
260;20200211;9;80;63;23;10014;58
260;20200211;10;90;67;45;10018;56
260;20200211;11;90;69;57;10025;55
260;20200211;12;90;68;70;10029;54
260;20200211;13;90;73;78;10032;52
260;20200211;14;90;69;61;10034;54
260;20200211;15;80;63;25;10038;58
260;20200211;16;80;66;22;10039;51
260;20200211;17;70;61;7;10046;55
260;20200211;18;70;63;0;10053;54
260;20200211;19;80;65;0;10059;50
260;20200211;20;70;62;0;10064;53
260;20200211;21;70;59;0;10070;57
260;20200211;22;70;62;0;10072;54
260;20200211;23;70;63;0;10076;54
260;20200211;24;70;61;0;10078;58
260;20200212;1;70;56;0;10081;62
260;20200212;2;70;55;0;10080;60
260;20200212;3;70;56;0;10083;61
260;20200212;4;70;54;0;10088;62
260;20200212;5;60;53;0;10092;62
260;20200212;6;60;52;0;10094;64
260;20200212;7;60;52;0;10099;64
260;20200212;8;60;53;11;10105;64
260;20200212;9;60;58;46;10112;64
260;20200212;10;60;61;57;10116;61
260;20200212;11;70;64;52;10125;62
260;20200212;12;70;66;57;10127;61
260;20200212;13;70;72;89;10128;56
260;20200212;14;60;73;90;10132;57
260;20200212;15;70;70;59;10135;58
260;20200212;16;60;61;18;10139;64
260;20200212;17;50;60;3;10146;68
260;20200212;18;40;57;0;10149;65
260;20200212;19;40;48;0;10150;69
260;20200212;20;30;45;0;10151;70
260;20200212;21;30;38;0;10148;75
260;20200212;22;30;36;0;10146;81
260;20200212;23;40;37;0;10145;84
260;20200212;24;40;39;0;10139;83
260;20200213;1;40;34;0;10130;85
260;20200213;2;40;37;0;10118;83
260;20200213;3;40;37;0;10110;82
260;20200213;4;30;31;0;10095;84
260;20200213;5;40;35;0;10078;82
260;20200213;6;40;43;0;10059;81
260;20200213;7;40;45;0;10044;85
260;20200213;8;60;44;0;10024;88
260;20200213;9;70;46;3;9994;90
260;20200213;10;70;49;5;9981;89
260;20200213;11;70;51;6;9966;89
260;20200213;12;60;59;10;9960;90
260;20200213;13;60;84;86;9954;79
260;20200213;14;60;85;45;9949;78
260;20200213;15;40;82;18;9947;82
260;20200213;16;20;72;6;9946;91
260;20200213;17;30;73;0;9955;89
260;20200213;18;30;69;0;9965;91
260;20200213;19;30;69;0;9974;91
260;20200213;20;20;69;0;9992;91
260;20200213;21;30;69;0;10010;91
260;20200213;22;20;67;0;10028;91
260;20200213;23;20;60;0;10044;90
260;20200213;24;30;66;0;10063;86
260;20200214;1;30;65;0;10076;85
260;20200214;2;30;62;0;10085;91
260;20200214;3;30;65;0;10098;84
260;20200214;4;40;58;0;10113;90
260;20200214;5;40;57;0;10126;93
260;20200214;6;40;64;0;10142;91
260;20200214;7;30;64;0;10157;90
260;20200214;8;30;65;5;10173;83
260;20200214;9;30;66;14;10186;80
260;20200214;10;30;69;29;10195;72
260;20200214;11;30;75;54;10202;70
260;20200214;12;30;78;51;10207;68
260;20200214;13;40;81;53;10204;68
260;20200214;14;50;81;51;10203;68
260;20200214;15;50;85;77;10204;70
260;20200214;16;40;84;33;10207;71
260;20200214;17;40;87;2;10213;71
260;20200214;18;40;82;0;10213;73
260;20200214;19;30;76;0;10212;77
260;20200214;20;40;75;0;10210;78
260;20200214;21;40;76;0;10207;79
260;20200214;22;40;78;0;10203;79
260;20200214;23;40;80;0;10200;78
260;20200214;24;40;77;0;10197;79
260;20200215;1;50;77;0;10192;79
260;20200215;2;50;77;0;10188;80
260;20200215;3;50;77;0;10183;81
260;20200215;4;50;78;0;10177;81
260;20200215;5;60;77;0;10171;82
260;20200215;6;50;83;0;10174;81
260;20200215;7;50;84;0;10171;82
260;20200215;8;50;90;6;10169;82
260;20200215;9;60;92;18;10163;81
260;20200215;10;60;98;42;10157;80
260;20200215;11;50;104;39;10149;78
260;20200215;12;60;108;74;10139;77
260;20200215;13;70;114;79;10133;76
260;20200215;14;60;122;56;10119;74
260;20200215;15;70;125;43;10112;71
260;20200215;16;70;126;11;10105;70
260;20200215;17;70;126;3;10095;68
260;20200215;18;80;121;0;10096;70
260;20200215;19;90;119;0;10077;70
260;20200215;20;100;120;0;10069;69
260;20200215;21;90;124;0;10060;68
260;20200215;22;90;128;0;10051;66
260;20200215;23;100;132;0;10049;67
260;20200215;24;100;133;0;10044;69
260;20200216;1;100;133;0;10040;70
260;20200216;2;90;135;0;10038;70
260;20200216;3;90;128;0;10024;75
260;20200216;4;80;124;0;10016;80
260;20200216;5;80;121;0;10007;85
260;20200216;6;90;124;0;9998;85
260;20200216;7;90;128;0;9993;82
260;20200216;8;110;128;1;9988;85
260;20200216;9;120;135;4;9986;78
260;20200216;10;110;131;11;9986;81
260;20200216;11;110;145;26;9985;72
260;20200216;12;120;151;30;9974;69
260;20200216;13;100;150;39;9963;74
260;20200216;14;100;155;34;9952;72
260;20200216;15;120;166;27;9938;65
260;20200216;16;130;150;7;9934;78
260;20200216;17;100;89;1;9965;92
260;20200216;18;70;83;0;9988;89
260;20200216;19;60;82;0;9993;88
260;20200216;20;80;88;0;10010;81
260;20200216;21;80;90;0;10014;78
260;20200216;22;80;92;0;10021;78
260;20200216;23;90;95;0;10036;75
260;20200216;24;90;91;0;10047;68
260;20200217;1;90;85;0;10058;67
260;20200217;2;90;79;0;10070;70
260;20200217;3;80;79;0;10083;65
260;20200217;4;60;74;0;10088;63
260;20200217;5;60;69;0;10094;70
260;20200217;6;60;69;0;10094;70
260;20200217;7;70;68;0;10095;76
260;20200217;8;70;72;15;10097;75
260;20200217;9;80;83;60;10099;71
260;20200217;10;80;90;81;10101;65
260;20200217;11;90;99;116;10100;64
260;20200217;12;90;98;68;10099;65
260;20200217;13;80;82;63;10101;71
260;20200217;14;90;91;96;10100;65
260;20200217;15;90;90;90;10102;67
260;20200217;16;80;84;36;10103;72
260;20200217;17;70;83;6;10109;72
260;20200217;18;70;77;0;10115;78
260;20200217;19;60;79;0;10119;82
260;20200217;20;60;77;0;10121;84
260;20200217;21;60;68;0;10131;87
260;20200217;22;50;77;0;10135;84
260;20200217;23;50;79;0;10144;81
260;20200217;24;50;80;0;10152;81
260;20200218;1;60;80;0;10156;75
260;20200218;2;60;78;0;10164;73
260;20200218;3;50;72;0;10169;77
260;20200218;4;60;67;0;10174;69
260;20200218;5;50;63;0;10180;71
260;20200218;6;40;58;0;10183;77
260;20200218;7;40;61;0;10190;78
260;20200218;8;50;62;18;10194;79
260;20200218;9;60;71;68;10197;78
260;20200218;10;70;74;94;10197;76
260;20200218;11;70;76;60;10196;80
260;20200218;12;70;79;74;10195;77
260;20200218;13;60;92;133;10190;65
260;20200218;14;70;91;91;10189;64
260;20200218;15;80;93;97;10184;62
260;20200218;16;70;91;26;10178;63
260;20200218;17;80;88;5;10173;63
260;20200218;18;70;87;0;10167;67
260;20200218;19;80;85;0;10160;71
260;20200218;20;80;81;0;10149;76
260;20200218;21;90;80;0;10143;77
260;20200218;22;90;81;0;10127;75
260;20200218;23;90;74;0;10116;78
260;20200218;24;60;47;0;10120;91
260;20200219;1;30;49;0;10113;92
260;20200219;2;30;58;0;10116;88
260;20200219;3;40;58;0;10120;80
260;20200219;4;40;55;0;10129;77
260;20200219;5;40;52;0;10140;77
260;20200219;6;50;54;0;10148;76
260;20200219;7;50;52;0;10157;79
260;20200219;8;50;56;15;10167;75
260;20200219;9;50;59;31;10173;74
260;20200219;10;50;64;63;10182;70
260;20200219;11;50;71;76;10191;68
260;20200219;12;70;68;112;10193;64
260;20200219;13;60;79;128;10194;61
260;20200219;14;60;72;83;10199;63
260;20200219;15;60;74;55;10199;60
260;20200219;16;60;70;37;10199;63
260;20200219;17;50;65;8;10199;71
260;20200219;18;40;62;0;10197;73
260;20200219;19;40;63;0;10193;73
260;20200219;20;50;62;0;10189;78
260;20200219;21;50;59;0;10183;87
260;20200219;22;50;58;0;10177;89
260;20200219;23;50;60;0;10172;90
260;20200219;24;50;64;0;10163;91
260;20200220;1;50;70;0;10157;92
260;20200220;2;60;77;0;10151;90
260;20200220;3;60;80;0;10146;87
260;20200220;4;60;80;0;10141;90
260;20200220;5;60;85;0;10138;84
260;20200220;6;70;83;0;10136;88
260;20200220;7;60;86;0;10134;83
260;20200220;8;60;88;7;10133;82
260;20200220;9;70;90;22;10131;78
260;20200220;10;70;92;38;10128;76
260;20200220;11;80;98;120;10120;75
260;20200220;12;90;95;101;10112;77
260;20200220;13;80;99;68;10099;75
260;20200220;14;80;102;35;10091;69
260;20200220;15;80;103;31;10080;70
260;20200220;16;70;99;7;10067;74
260;20200220;17;80;93;1;10061;81
260;20200220;18;90;88;0;10072;89
260;20200220;19;70;60;0;10097;88
260;20200220;20;50;59;0;10107;86
260;20200220;21;60;51;0;10129;80
260;20200220;22;60;60;0;10147;70
260;20200220;23;60;59;0;10162;68
260;20200220;24;60;60;0;10175;66
260;20200221;1;50;55;0;10184;68
260;20200221;2;50;56;0;10195;67
260;20200221;3;50;55;0;10202;70
260;20200221;4;50;55;0;10209;71
260;20200221;5;40;49;0;10215;75
260;20200221;6;30;44;0;10222;78
260;20200221;7;40;41;1;10226;80
260;20200221;8;40;50;15;10234;81
260;20200221;9;50;64;44;10237;79
260;20200221;10;60;76;110;10239;73
260;20200221;11;60;79;104;10239;73
260;20200221;12;60;80;55;10242;74
260;20200221;13;70;85;54;10236;71
260;20200221;14;70;88;45;10231;70
260;20200221;15;70;87;23;10230;72
260;20200221;16;70;87;13;10227;74
260;20200221;17;70;87;2;10227;74
260;20200221;18;70;88;0;10224;72
260;20200221;19;70;88;0;10222;70
260;20200221;20;70;88;0;10219;70
260;20200221;21;80;88;0;10213;71
260;20200221;22;80;88;0;10206;72
260;20200221;23;80;88;0;10202;71
260;20200221;24;80;88;0;10204;70
260;20200222;1;80;84;0;10190;72
260;20200222;2;80;83;0;10182;73
260;20200222;3;90;79;0;10173;76
260;20200222;4;90;76;0;10165;77
260;20200222;5;90;72;0;10158;76
260;20200222;6;90;76;0;10153;71
260;20200222;7;100;78;0;10150;67
260;20200222;8;100;70;3;10159;76
260;20200222;9;90;76;12;10158;75
260;20200222;10;100;84;22;10158;75
260;20200222;11;100;87;14;10162;79
260;20200222;12;90;90;25;10161;85
260;20200222;13;80;102;23;10164;84
260;20200222;14;80;115;33;10160;80
260;20200222;15;90;115;41;10164;79
260;20200222;16;80;111;11;10168;83
260;20200222;17;70;109;2;10173;82
260;20200222;18;70;107;0;10181;83
260;20200222;19;60;106;0;10187;80
260;20200222;20;60;102;0;10185;83
260;20200222;21;60;105;0;10187;74
260;20200222;22;50;86;0;10193;73
260;20200222;23;30;88;0;10193;77
260;20200222;24;60;100;0;10196;75
260;20200223;1;60;98;0;10191;77
260;20200223;2;60;90;0;10182;83
260;20200223;3;60;84;0;10171;91
260;20200223;4;60;80;0;10168;90
260;20200223;5;40;74;0;10145;94
260;20200223;6;40;78;0;10120;92
260;20200223;7;30;77;0;10099;97
260;20200223;8;20;89;1;10081;97
260;20200223;9;90;117;2;10071;88
260;20200223;10;110;115;5;10066;88
260;20200223;11;110;120;10;10068;83
260;20200223;12;110;124;13;10069;81
260;20200223;13;100;129;23;10070;79
260;20200223;14;100;104;28;10094;82
260;20200223;15;90;92;32;10116;77
260;20200223;16;70;89;27;10133;76
260;20200223;17;60;77;11;10155;77
260;20200223;18;50;71;0;10173;76
260;20200223;19;50;67;0;10187;78
260;20200223;20;50;66;0;10201;72
260;20200223;21;50;63;0;10212;68
260;20200223;22;40;59;0;10219;70
260;20200223;23;40;60;0;10225;69
260;20200223;24;30;56;0;10230;72
260;20200224;1;20;48;0;10231;76
260;20200224;2;20;40;0;10230;81
260;20200224;3;20;48;0;10229;78
260;20200224;4;20;46;0;10221;79
260;20200224;5;30;47;0;10218;79
260;20200224;6;30;49;0;10209;79
260;20200224;7;40;53;0;10199;77
260;20200224;8;30;48;4;10184;84
260;20200224;9;40;53;22;10157;78
260;20200224;10;60;48;27;10136;90
260;20200224;11;70;54;21;10118;94
260;20200224;12;60;69;19;10093;96
260;20200224;13;70;91;22;10069;95
260;20200224;14;90;104;13;10050;90
260;20200224;15;90;100;10;10041;91
260;20200224;16;90;99;5;10031;91
260;20200224;17;90;100;2;10028;89
260;20200224;18;90;105;0;10029;85
260;20200224;19;90;104;0;10028;85
260;20200224;20;90;105;0;10025;86
260;20200224;21;80;107;0;10022;85
260;20200224;22;80;106;0;10019;85
260;20200224;23;70;108;0;10016;79
260;20200224;24;80;102;0;10015;78
260;20200225;1;70;96;0;10016;76
260;20200225;2;70;80;0;10016;64
260;20200225;3;50;74;0;10012;64
260;20200225;4;50;71;0;10009;68
260;20200225;5;50;69;0;10006;69
260;20200225;6;50;63;0;10000;73
260;20200225;7;60;58;1;9997;83
260;20200225;8;50;61;15;10000;80
260;20200225;9;50;75;68;9998;66
260;20200225;10;70;81;134;9994;60
260;20200225;11;60;88;145;9992;64
260;20200225;12;70;83;133;9987;59
260;20200225;13;70;74;95;9983;73
260;20200225;14;60;86;128;9973;63
260;20200225;15;50;79;84;9966;66
260;20200225;16;60;76;29;9963;61
260;20200225;17;40;70;11;9957;65
260;20200225;18;30;64;0;9956;68
260;20200225;19;30;56;0;9950;77
260;20200225;20;50;48;0;9945;81
260;20200225;21;40;41;0;9936;86
260;20200225;22;30;40;0;9927;88
260;20200225;23;50;31;0;9923;89
260;20200225;24;40;20;0;9920;93
260;20200226;1;30;8;0;9921;96
260;20200226;2;20;6;0;9918;96
260;20200226;3;20;8;0;9919;96
260;20200226;4;20;13;0;9922;95
260;20200226;5;20;22;0;9930;95
260;20200226;6;20;21;0;9935;97
260;20200226;7;20;30;0;9945;92
260;20200226;8;30;31;5;9957;90
260;20200226;9;20;39;27;9966;86
260;20200226;10;30;51;70;9973;82
260;20200226;11;30;50;48;9984;78
260;20200226;12;50;59;102;9992;73
260;20200226;13;50;57;99;10000;79
260;20200226;14;60;45;49;10010;84
260;20200226;15;30;51;39;10017;85
260;20200226;16;40;55;85;10023;81
260;20200226;17;50;39;9;10033;87
260;20200226;18;40;46;0;10041;77
260;20200226;19;30;44;0;10047;75
260;20200226;20;20;38;0;10047;78
260;20200226;21;30;31;0;10049;83
260;20200226;22;30;33;0;10055;85
260;20200226;23;20;28;0;10052;89
260;20200226;24;20;20;0;10052;94
260;20200227;1;20;15;0;10048;94
260;20200227;2;20;15;0;10046;95
260;20200227;3;20;3;0;10040;94
260;20200227;4;30;21;0;10035;88
260;20200227;5;40;26;0;10025;87
260;20200227;6;30;25;0;10016;88
260;20200227;7;30;24;1;10008;89
260;20200227;8;30;27;11;10003;88
260;20200227;9;30;30;15;9993;90
260;20200227;10;30;31;20;9981;89
260;20200227;11;40;25;25;9971;90
260;20200227;12;40;28;31;9961;93
260;20200227;13;30;30;31;9954;92
260;20200227;14;20;33;28;9956;92
260;20200227;15;10;31;16;9968;89
260;20200227;16;10;28;10;9985;91
260;20200227;17;20;29;7;10000;93
260;20200227;18;30;31;1;10019;91
260;20200227;19;30;31;0;10040;91
260;20200227;20;40;31;0;10057;90
260;20200227;21;20;32;0;10071;85
260;20200227;22;20;29;0;10085;81
260;20200227;23;30;32;0;10097;80
260;20200227;24;30;30;0;10110;83
260;20200228;1;30;38;0;10119;80
260;20200228;2;20;30;0;10127;87
260;20200228;3;30;25;0;10132;86
260;20200228;4;20;23;0;10138;85
260;20200228;5;30;23;0;10143;85
260;20200228;6;40;26;0;10149;83
260;20200228;7;30;27;5;10154;84
260;20200228;8;30;36;35;10152;84
260;20200228;9;30;39;49;10155;84
260;20200228;10;40;49;70;10154;80
260;20200228;11;50;60;86;10149;72
260;20200228;12;50;62;86;10141;67
260;20200228;13;50;64;82;10128;65
260;20200228;14;60;67;54;10113;64
260;20200228;15;60;67;31;10100;66
260;20200228;16;80;42;9;10088;83
260;20200228;17;80;35;1;10066;88
260;20200228;18;80;31;0;10048;90
260;20200228;19;70;36;0;10033;92
260;20200228;20;60;42;0;10021;95
260;20200228;21;70;53;0;10008;95
260;20200228;22;60;65;0;9996;95
260;20200228;23;70;75;0;9989;95
260;20200228;24;70;84;0;9980;94
260;20200229;1;70;92;0;9972;92
260;20200229;2;60;95;0;9961;90
260;20200229;3;60;98;0;9951;88
260;20200229;4;60;95;0;9944;93
260;20200229;5;50;100;0;9935;84
260;20200229;6;60;100;0;9925;78
260;20200229;7;60;93;2;9915;79
260;20200229;8;70;95;25;9903;77
260;20200229;9;70;100;59;9883;74
260;20200229;10;80;115;113;9870;66
260;20200229;11;80;123;97;9859;63
260;20200229;12;80;120;54;9839;68
260;20200229;13;80;119;15;9828;68
260;20200229;14;90;77;22;9854;81
260;20200229;15;90;85;73;9870;70
260;20200229;16;80;74;30;9882;75
260;20200229;17;70;76;21;9889;66
260;20200229;18;80;71;1;9898;63
260;20200229;19;70;67;0;9902;63
260;20200229;20;90;66;0;9905;67
260;20200229;21;100;61;0;9908;69
260;20200229;22;90;57;0;9911;71
260;20200229;23;80;54;0;9908;71
260;20200229;24;90;53;0;9911;73
260;20200301;1;80;55;0;9910;73
260;20200301;2;90;60;0;9907;72
260;20200301;3;80;58;0;9906;72
260;20200301;4;80;59;0;9905;71
260;20200301;5;80;59;0;9903;73
260;20200301;6;80;58;0;9903;72
260;20200301;7;80;58;3;9904;76
260;20200301;8;80;63;29;9907;74
260;20200301;9;90;65;61;9912;73
260;20200301;10;90;69;90;9916;73
260;20200301;11;90;77;118;9917;68
260;20200301;12;90;85;129;9917;63
260;20200301;13;80;87;157;9916;65
260;20200301;14;90;90;87;9913;57
260;20200301;15;80;87;63;9912;59
260;20200301;16;60;84;33;9907;61
260;20200301;17;40;74;14;9907;72
260;20200301;18;30;70;1;9909;72
260;20200301;19;30;66;0;9911;74
260;20200301;20;30;59;0;9909;78
260;20200301;21;40;58;0;9913;78
260;20200301;22;40;55;0;9914;77
260;20200301;23;40;51;0;9914;80
260;20200301;24;40;47;0;9913;83
260;20200302;1;50;47;0;9913;83
260;20200302;2;50;43;0;9910;85
260;20200302;3;40;42;0;9904;86
260;20200302;4;40;42;0;9900;86
260;20200302;5;40;42;0;9896;87
260;20200302;6;40;44;0;9894;87
260;20200302;7;30;43;0;9894;93
260;20200302;8;40;45;6;9888;93
260;20200302;9;40;50;13;9887;92
260;20200302;10;40;56;28;9884;93
260;20200302;11;30;64;32;9880;91
260;20200302;12;30;71;50;9878;89
260;20200302;13;20;72;33;9877;91
260;20200302;14;20;76;39;9878;93
260;20200302;15;20;74;23;9883;94
260;20200302;16;10;70;15;9888;90
260;20200302;17;10;68;5;9899;93
260;20200302;18;20;68;0;9910;95
260;20200302;19;30;59;0;9920;93
260;20200302;20;30;59;0;9928;90
260;20200302;21;30;55;0;9938;88
260;20200302;22;30;49;0;9947;85
260;20200302;23;30;45;0;9954;85
260;20200302;24;20;35;0;9966;87
260;20200303;1;30;31;0;9972;88
260;20200303;2;20;17;0;9975;92
260;20200303;3;30;27;0;9977;90
260;20200303;4;20;24;0;9984;87
260;20200303;5;30;22;0;9991;90
260;20200303;6;30;23;0;9995;89
260;20200303;7;30;23;6;9999;90
260;20200303;8;40;40;44;10004;85
260;20200303;9;50;51;95;10004;81
260;20200303;10;50;68;144;10006;75
260;20200303;11;50;73;167;10010;73
260;20200303;12;60;82;189;10013;66
260;20200303;13;50;73;108;10015;65
260;20200303;14;40;76;56;10018;66
260;20200303;15;30;79;46;10024;66
260;20200303;16;30;75;43;10029;67
260;20200303;17;40;57;17;10041;74
260;20200303;18;30;45;0;10052;86
260;20200303;19;10;24;0;10056;95
260;20200303;20;10;17;0;10062;97
260;20200303;21;20;26;0;10067;92
260;20200303;22;30;29;0;10070;89
260;20200303;23;20;30;0;10071;91
260;20200303;24;30;40;0;10076;93
260;20200304;1;20;43;0;10077;94
260;20200304;2;20;42;0;10078;94
260;20200304;3;20;39;0;10080;95
260;20200304;4;20;48;0;10083;93
260;20200304;5;20;50;0;10088;94
260;20200304;6;20;56;0;10090;92
260;20200304;7;30;56;2;10095;92
260;20200304;8;30;62;31;10098;87
260;20200304;9;40;72;88;10100;79
260;20200304;10;40;78;96;10102;76
260;20200304;11;40;93;148;10103;59
260;20200304;12;40;96;171;10100;61
260;20200304;13;40;86;130;10097;60
260;20200304;14;40;85;37;10095;63
260;20200304;15;30;93;93;10090;59
260;20200304;16;20;93;95;10086;59
260;20200304;17;20;79;16;10083;59
260;20200304;18;10;59;0;10084;75
260;20200304;19;20;70;0;10083;73
260;20200304;20;20;63;0;10078;78
260;20200304;21;20;51;0;10076;84
260;20200304;22;20;49;0;10070;88
260;20200304;23;20;53;0;10063;86
260;20200304;24;20;51;0;10055;88
260;20200305;1;20;49;0;10048;89
260;20200305;2;20;48;0;10038;90
260;20200305;3;20;45;0;10027;94
260;20200305;4;30;44;0;10016;94
260;20200305;5;30;45;0;10008;93
260;20200305;6;40;46;0;10001;93
260;20200305;7;40;48;4;9993;91
260;20200305;8;40;51;16;9986;90
260;20200305;9;40;55;27;9977;88
260;20200305;10;50;60;47;9966;85
260;20200305;11;50;64;40;9958;83
260;20200305;12;50;67;49;9948;83
260;20200305;13;50;67;39;9935;82
260;20200305;14;60;66;31;9918;81
260;20200305;15;60;67;18;9913;82
260;20200305;16;50;61;6;9908;88
260;20200305;17;50;59;3;9903;91
260;20200305;18;40;57;0;9900;92
260;20200305;19;50;56;0;9895;93
260;20200305;20;50;55;0;9889;94
260;20200305;21;40;56;0;9886;94
260;20200305;22;40;55;0;9883;94
260;20200305;23;40;53;0;9882;94
260;20200305;24;40;53;0;9882;93
260;20200306;1;40;50;0;9885;93
260;20200306;2;50;50;0;9888;93
260;20200306;3;40;48;0;9893;92
260;20200306;4;40;48;0;9902;91
260;20200306;5;40;49;0;9911;91
260;20200306;6;30;51;0;9922;91
260;20200306;7;40;52;4;9934;89
260;20200306;8;40;61;32;9945;82
260;20200306;9;50;69;66;9957;79
260;20200306;10;50;72;81;9969;77
260;20200306;11;60;81;110;9982;73
260;20200306;12;50;81;91;9991;69
260;20200306;13;50;82;100;9999;68
260;20200306;14;50;82;77;10010;70
260;20200306;15;40;79;55;10019;73
260;20200306;16;40;75;39;10030;74
260;20200306;17;40;70;18;10044;76
260;20200306;18;40;65;1;10059;76
260;20200306;19;30;64;0;10069;76
260;20200306;20;30;59;0;10081;79
260;20200306;21;30;59;0;10091;79
260;20200306;22;30;58;0;10101;75
260;20200306;23;30;52;0;10107;78
260;20200306;24;10;41;0;10116;87
260;20200307;1;20;42;0;10123;83
260;20200307;2;20;30;0;10127;87
260;20200307;3;10;16;0;10133;94
260;20200307;4;10;0;0;10138;96
260;20200307;5;10;-7;0;10145;97
260;20200307;6;20;5;0;10152;96
260;20200307;7;20;12;8;10158;96
260;20200307;8;20;51;53;10166;79
260;20200307;9;30;74;100;10170;73
260;20200307;10;40;85;147;10174;69
260;20200307;11;50;94;176;10175;64
260;20200307;12;50;94;165;10176;56
260;20200307;13;60;96;128;10172;56
260;20200307;14;60;98;85;10171;59
260;20200307;15;60;96;66;10170;64
260;20200307;16;50;93;26;10171;65
260;20200307;17;50;90;5;10171;69
260;20200307;18;50;88;0;10172;71
260;20200307;19;50;89;0;10168;69
260;20200307;20;60;88;0;10166;71
260;20200307;21;60;88;0;10162;74
260;20200307;22;60;89;0;10157;75
260;20200307;23;60;84;0;10151;78
260;20200307;24;60;84;0;10146;79
260;20200308;1;50;80;0;10139;80
260;20200308;2;50;83;0;10130;78
260;20200308;3;50;81;0;10123;79
260;20200308;4;60;78;0;10116;81
260;20200308;5;50;73;0;10109;83
260;20200308;6;50;76;0;10107;83
260;20200308;7;50;75;5;10104;83
260;20200308;8;60;85;32;10102;80
260;20200308;9;60;91;23;10097;76
260;20200308;10;70;85;32;10095;87
260;20200308;11;70;89;34;10091;83
260;20200308;12;70;89;24;10089;86
260;20200308;13;70;93;27;10085;86
260;20200308;14;70;99;47;10081;84
260;20200308;15;60;101;38;10076;83
260;20200308;16;50;101;32;10073;82
260;20200308;17;50;98;19;10072;85
260;20200308;18;40;95;1;10067;84
260;20200308;19;50;92;0;10067;88
260;20200308;20;50;92;0;10065;82
260;20200308;21;50;91;0;10067;76
260;20200308;22;50;85;0;10068;80
260;20200308;23;50;85;0;10070;79
260;20200308;24;50;76;0;10070;83
260;20200309;1;50;72;0;10072;87
260;20200309;2;40;72;0;10073;88
260;20200309;3;40;74;0;10074;87
260;20200309;4;40;70;0;10079;89
260;20200309;5;40;72;0;10082;88
260;20200309;6;40;64;0;10087;90
260;20200309;7;30;67;5;10094;91
260;20200309;8;30;73;22;10102;88
260;20200309;9;30;80;63;10110;80
260;20200309;10;40;91;118;10114;74
260;20200309;11;50;100;204;10119;65
260;20200309;12;50;93;128;10124;67
260;20200309;13;60;95;138;10125;65
260;20200309;14;60;70;93;10130;82
260;20200309;15;40;84;105;10129;78
260;20200309;16;40;88;45;10133;73
260;20200309;17;40;86;14;10134;74
260;20200309;18;40;81;1;10133;75
260;20200309;19;40;80;0;10129;77
260;20200309;20;50;77;0;10123;78
260;20200309;21;40;76;0;10114;78
260;20200309;22;50;78;0;10105;76
260;20200309;23;60;72;0;10096;85
260;20200309;24;70;66;0;10072;88
260;20200310;1;80;64;0;10056;89
260;20200310;2;80;64;0;10038;92
260;20200310;3;70;68;0;10028;93
260;20200310;4;80;78;0;10022;93
260;20200310;5;70;83;0;10020;94
260;20200310;6;60;95;0;10021;94
260;20200310;7;60;102;1;10024;94
260;20200310;8;60;104;9;10027;94
260;20200310;9;60;105;17;10030;95
260;20200310;10;60;107;22;10028;94
260;20200310;11;70;110;30;10029;93
260;20200310;12;70;110;29;10029;93
260;20200310;13;70;110;20;10026;93
260;20200310;14;70;112;19;10019;92
260;20200310;15;80;116;18;10022;90
260;20200310;16;80;118;11;10026;89
260;20200310;17;80;117;3;10030;89
260;20200310;18;80;118;0;10034;88
260;20200310;19;80;117;0;10037;88
260;20200310;20;80;116;0;10042;88
260;20200310;21;80;115;0;10049;88
260;20200310;22;70;105;0;10061;94
260;20200310;23;50;98;0;10069;92
260;20200310;24;50;95;0;10074;92
260;20200311;1;40;93;0;10078;93
260;20200311;2;30;93;0;10080;95
260;20200311;3;20;96;0;10082;96
260;20200311;4;30;95;0;10082;95
260;20200311;5;30;95;0;10091;93
260;20200311;6;30;94;0;10093;95
260;20200311;7;30;96;6;10097;94
260;20200311;8;30;101;34;10104;91
260;20200311;9;40;109;71;10109;85
260;20200311;10;50;110;108;10110;79
260;20200311;11;50;116;168;10115;75
260;20200311;12;50;125;145;10112;71
260;20200311;13;50;124;104;10111;71
260;20200311;14;60;124;125;10110;71
260;20200311;15;60;120;72;10105;81
260;20200311;16;60;120;33;10101;78
260;20200311;17;60;122;22;10094;77
260;20200311;18;60;120;3;10087;76
260;20200311;19;60;121;0;10081;78
260;20200311;20;60;122;0;10073;80
260;20200311;21;60;113;0;10065;92
260;20200311;22;60;115;0;10055;94
260;20200311;23;80;118;0;10053;93
260;20200311;24;80;107;0;10051;87
260;20200312;1;80;107;0;10046;86
260;20200312;2;80;108;0;10038;84
260;20200312;3;80;107;0;10036;75
260;20200312;4;80;105;0;10036;76
260;20200312;5;80;88;0;10047;64
260;20200312;6;70;84;0;10055;65
260;20200312;7;70;60;7;10072;72
260;20200312;8;70;74;43;10088;64
260;20200312;9;80;79;122;10099;54
260;20200312;10;80;86;168;10106;49
260;20200312;11;70;93;193;10110;48
260;20200312;12;80;95;217;10110;50
260;20200312;13;80;93;165;10107;53
260;20200312;14;80;96;77;10099;52
260;20200312;15;80;74;39;10099;70
260;20200312;16;80;83;82;10094;70
260;20200312;17;70;85;46;10092;55
260;20200312;18;60;79;5;10093;70
260;20200312;19;60;77;0;10093;70
260;20200312;20;60;72;0;10092;70
260;20200312;21;70;68;0;10093;76
260;20200312;22;60;68;0;10095;71
260;20200312;23;60;67;0;10095;75
260;20200312;24;60;75;0;10095;69
260;20200313;1;60;76;0;10096;67
260;20200313;2;70;75;0;10096;69
260;20200313;3;60;72;0;10096;73
260;20200313;4;60;61;0;10098;83
260;20200313;5;60;67;0;10106;72
260;20200313;6;60;71;0;10115;71
260;20200313;7;70;74;3;10125;68
260;20200313;8;60;71;18;10136;74
260;20200313;9;60;79;40;10147;71
260;20200313;10;70;87;103;10154;67
260;20200313;11;70;75;94;10164;72
260;20200313;12;50;86;103;10170;73
260;20200313;13;50;63;28;10178;86
260;20200313;14;40;64;37;10186;88
260;20200313;15;30;73;55;10186;85
260;20200313;16;30;68;54;10188;87
260;20200313;17;20;72;28;10191;88
260;20200313;18;20;71;2;10196;88
260;20200313;19;10;63;0;10201;91
260;20200313;20;20;64;0;10206;90
260;20200313;21;10;61;0;10208;93
260;20200313;22;10;47;0;10212;96
260;20200313;23;10;34;0;10212;98
260;20200313;24;10;19;0;10208;98
260;20200314;1;10;10;0;10210;98
260;20200314;2;10;10;0;10208;99
260;20200314;3;20;8;0;10202;98
260;20200314;4;20;10;0;10201;99
260;20200314;5;20;15;0;10201;98
260;20200314;6;20;17;0;10201;99
260;20200314;7;20;28;15;10204;98
260;20200314;8;30;45;60;10202;95
260;20200314;9;30;64;102;10202;88
260;20200314;10;40;72;74;10200;85
260;20200314;11;40;89;124;10195;76
260;20200314;12;60;105;217;10191;62
260;20200314;13;60;106;188;10184;56
260;20200314;14;60;108;123;10179;58
260;20200314;15;60;109;109;10175;55
260;20200314;16;60;106;58;10172;59
260;20200314;17;50;102;16;10172;61
260;20200314;18;50;97;2;10172;65
260;20200314;19;50;93;0;10171;70
260;20200314;20;60;89;0;10170;74
260;20200314;21;50;84;0;10165;78
260;20200314;22;50;80;0;10161;85
260;20200314;23;60;81;0;10157;85
260;20200314;24;60;81;0;10155;86
260;20200315;1;50;80;0;10151;86
260;20200315;2;50;80;0;10146;85
260;20200315;3;50;79;0;10140;87
260;20200315;4;50;78;0;10137;88
260;20200315;5;50;79;0;10135;88
260;20200315;6;50;80;0;10133;89
260;20200315;7;40;82;8;10130;89
260;20200315;8;50;88;32;10131;86
260;20200315;9;60;100;60;10128;81
260;20200315;10;60;107;72;10125;75
260;20200315;11;70;105;33;10121;69
260;20200315;12;80;106;52;10116;68
260;20200315;13;60;107;44;10112;69
260;20200315;14;60;107;28;10110;68
260;20200315;15;50;106;18;10110;70
260;20200315;16;60;109;32;10111;70
260;20200315;17;50;111;21;10111;68
260;20200315;18;40;107;4;10113;70
260;20200315;19;30;104;0;10114;73
260;20200315;20;30;103;0;10113;74
260;20200315;21;30;100;0;10117;77
260;20200315;22;20;103;0;10120;75
260;20200315;23;20;99;0;10119;76
260;20200315;24;20;88;0;10120;80
260;20200316;1;20;58;0;10125;92
260;20200316;2;20;64;0;10129;89
260;20200316;3;20;58;0;10135;92
260;20200316;4;10;51;0;10142;98
260;20200316;5;10;42;0;10154;98
260;20200316;6;10;47;0;10162;97
260;20200316;7;10;58;18;10172;98
260;20200316;8;10;87;64;10183;83
260;20200316;9;20;92;86;10192;80
260;20200316;10;20;104;145;10199;73
260;20200316;11;20;108;174;10205;73
260;20200316;12;30;122;178;10208;59
260;20200316;13;20;124;213;10209;55
260;20200316;14;30;121;130;10214;55
260;20200316;15;20;115;61;10219;64
260;20200316;16;30;110;71;10226;67
260;20200316;17;30;100;55;10230;69
260;20200316;18;20;83;8;10235;76
260;20200316;19;10;64;0;10240;84
260;20200316;20;10;56;0;10245;91
260;20200316;21;10;40;0;10253;94
260;20200316;22;20;40;0;10258;96
260;20200316;23;20;29;0;10258;97
260;20200316;24;20;35;0;10263;96
260;20200317;1;20;12;0;10263;98
260;20200317;2;20;41;0;10266;96
260;20200317;3;20;40;0;10265;95
260;20200317;4;30;45;0;10270;94
260;20200317;5;30;48;0;10274;90
260;20200317;6;30;48;0;10279;90
260;20200317;7;30;59;23;10283;86
260;20200317;8;40;75;70;10288;78
260;20200317;9;40;91;114;10288;69
260;20200317;10;50;106;175;10294;65
260;20200317;11;60;113;193;10295;61
260;20200317;12;60;119;170;10294;53
260;20200317;13;60;123;194;10289;50
260;20200317;14;60;125;168;10288;47
260;20200317;15;60;127;148;10284;49
260;20200317;16;50;121;80;10282;53
260;20200317;17;50;118;26;10281;51
260;20200317;18;40;114;5;10282;52
260;20200317;19;30;100;0;10282;59
260;20200317;20;30;95;0;10284;63
260;20200317;21;30;87;0;10281;69
260;20200317;22;40;93;0;10278;60
260;20200317;23;40;86;0;10273;54
260;20200317;24;40;81;0;10269;54
260;20200318;1;40;76;0;10265;54
260;20200318;2;40;72;0;10262;55
260;20200318;3;40;71;0;10260;59
260;20200318;4;40;69;0;10255;61
260;20200318;5;40;71;0;10256;61
260;20200318;6;50;70;0;10255;64
260;20200318;7;50;81;18;10256;60
260;20200318;8;50;94;56;10257;56
260;20200318;9;50;116;117;10261;57
260;20200318;10;60;122;131;10262;57
260;20200318;11;60;124;109;10261;56
260;20200318;12;60;132;181;10258;54
260;20200318;13;60;132;97;10258;59
260;20200318;14;50;133;73;10254;67
260;20200318;15;50;136;67;10250;62
260;20200318;16;40;135;33;10245;58
260;20200318;17;30;132;18;10244;61
260;20200318;18;30;128;2;10246;64
260;20200318;19;20;121;0;10247;69
260;20200318;20;20;100;0;10247;78
260;20200318;21;20;83;0;10248;87
260;20200318;22;20;107;0;10248;80
260;20200318;23;30;109;0;10247;77
260;20200318;24;20;99;0;10248;83
260;20200319;1;20;98;0;10247;84
260;20200319;2;20;88;0;10245;91
260;20200319;3;20;81;0;10248;97
260;20200319;4;10;80;0;10247;98
260;20200319;5;0;81;0;10249;98
260;20200319;6;10;82;0;10251;97
260;20200319;7;20;80;6;10256;97
260;20200319;8;20;79;24;10261;97
260;20200319;9;30;82;50;10263;95
260;20200319;10;30;89;66;10266;90
260;20200319;11;20;90;45;10266;88
260;20200319;12;20;94;65;10265;86
260;20200319;13;30;96;45;10263;86
260;20200319;14;30;95;30;10261;83
260;20200319;15;40;94;27;10260;82
260;20200319;16;40;91;18;10259;81
260;20200319;17;40;86;12;10259;83
260;20200319;18;40;86;3;10260;82
260;20200319;19;30;85;0;10262;80
260;20200319;20;30;85;0;10262;77
260;20200319;21;30;83;0;10265;80
260;20200319;22;30;81;0;10264;80
260;20200319;23;30;75;0;10262;78
260;20200319;24;30;70;0;10261;81
260;20200320;1;30;67;0;10260;84
260;20200320;2;30;65;0;10260;84
260;20200320;3;40;67;0;10262;79
260;20200320;4;40;66;0;10261;76
260;20200320;5;40;64;0;10263;77
260;20200320;6;30;65;0;10268;77
260;20200320;7;40;64;4;10272;82
260;20200320;8;40;66;13;10275;81
260;20200320;9;50;72;44;10278;76
260;20200320;10;50;74;40;10281;72
260;20200320;11;60;80;83;10279;67
260;20200320;12;60;83;83;10282;68
260;20200320;13;60;87;61;10279;62
260;20200320;14;60;86;54;10280;63
260;20200320;15;60;90;70;10278;53
260;20200320;16;60;73;36;10279;71
260;20200320;17;40;78;17;10282;62
260;20200320;18;50;73;7;10285;73
260;20200320;19;50;64;0;10289;74
260;20200320;20;50;55;0;10292;76
260;20200320;21;40;47;0;10295;79
260;20200320;22;40;39;0;10297;83
260;20200320;23;40;37;0;10296;86
260;20200320;24;40;35;0;10294;87
260;20200321;1;50;33;0;10291;87
260;20200321;2;50;26;0;10291;88
260;20200321;3;50;22;0;10293;83
260;20200321;4;40;16;0;10295;72
260;20200321;5;50;9;0;10299;70
260;20200321;6;40;4;2;10302;71
260;20200321;7;50;12;32;10300;68
260;20200321;8;60;30;93;10298;65
260;20200321;9;70;45;150;10295;60
260;20200321;10;70;61;198;10293;53
260;20200321;11;70;76;231;10288;52
260;20200321;12;80;82;246;10285;55
260;20200321;13;90;84;230;10283;56
260;20200321;14;80;80;178;10281;52
260;20200321;15;90;83;172;10278;49
260;20200321;16;90;81;125;10274;48
260;20200321;17;80;74;66;10274;47
260;20200321;18;60;64;14;10280;51
260;20200321;19;60;57;0;10285;52
260;20200321;20;60;49;0;10291;54
260;20200321;21;60;40;0;10295;57
260;20200321;22;60;35;0;10296;58
260;20200321;23;50;29;0;10297;60
260;20200321;24;50;23;0;10298;63
260;20200322;1;50;17;0;10300;65
260;20200322;2;50;13;0;10297;66
260;20200322;3;40;8;0;10299;68
260;20200322;4;40;0;0;10296;71
260;20200322;5;40;-1;0;10303;70
260;20200322;6;50;0;2;10310;69
260;20200322;7;60;13;33;10315;64
260;20200322;8;70;28;94;10315;60
260;20200322;9;70;43;153;10314;53
260;20200322;10;70;61;202;10312;48
260;20200322;11;80;75;236;10311;43
260;20200322;12;80;83;252;10307;35
260;20200322;13;80;90;247;10304;36
260;20200322;14;80;90;224;10301;37
260;20200322;15;80;93;184;10299;35
260;20200322;16;70;90;131;10302;36
260;20200322;17;60;81;70;10304;38
260;20200322;18;60;62;16;10308;47
260;20200322;19;60;57;0;10315;44
260;20200322;20;60;50;0;10319;43
260;20200322;21;60;46;0;10322;43
260;20200322;22;50;42;0;10324;43
260;20200322;23;60;38;0;10324;45
260;20200322;24;60;29;0;10324;48
260;20200323;1;60;25;0;10325;50
260;20200323;2;60;20;0;10327;52
260;20200323;3;50;9;0;10327;57
260;20200323;4;50;6;0;10326;58
260;20200323;5;50;2;0;10330;59
260;20200323;6;60;4;3;10333;57
260;20200323;7;60;17;34;10335;50
260;20200323;8;80;26;95;10335;48
260;20200323;9;80;38;154;10336;44
260;20200323;10;80;53;203;10332;37
260;20200323;11;70;70;236;10329;36
260;20200323;12;70;77;252;10327;32
260;20200323;13;70;84;248;10321;32
260;20200323;14;70;92;224;10316;29
260;20200323;15;60;98;184;10312;26
260;20200323;16;60;97;131;10309;28
260;20200323;17;60;92;70;10305;25
260;20200323;18;50;78;17;10307;30
260;20200323;19;30;50;0;10315;39
260;20200323;20;30;35;0;10314;48
260;20200323;21;40;34;0;10312;49
260;20200323;22;40;40;0;10310;45
260;20200323;23;50;36;0;10310;47
260;20200323;24;50;35;0;10311;44
260;20200324;1;40;31;0;10313;45
260;20200324;2;50;28;0;10308;46
260;20200324;3;50;23;0;10309;48
260;20200324;4;40;15;0;10312;51
260;20200324;5;30;8;0;10316;53
260;20200324;6;30;7;2;10319;54
260;20200324;7;40;26;36;10320;48
260;20200324;8;40;42;97;10323;45
260;20200324;9;50;62;154;10320;42
260;20200324;10;60;70;201;10321;41
260;20200324;11;60;80;234;10313;39
260;20200324;12;60;91;249;10307;35
260;20200324;13;60;93;245;10300;31
260;20200324;14;70;102;223;10294;31
260;20200324;15;60;102;183;10292;28
260;20200324;16;60;102;132;10288;26
260;20200324;17;50;97;76;10287;26
260;20200324;18;40;79;16;10287;31
260;20200324;19;40;58;0;10287;39
260;20200324;20;30;48;0;10292;40
260;20200324;21;20;7;0;10292;72
260;20200324;22;30;8;0;10291;62
260;20200324;23;30;7;0;10289;59
260;20200324;24;30;0;0;10287;61
260;20200325;1;10;-22;0;10288;82
260;20200325;2;20;-28;0;10287;83
260;20200325;3;20;-37;0;10285;86
260;20200325;4;30;-33;0;10287;82
260;20200325;5;30;-33;0;10290;78
260;20200325;6;20;-18;3;10292;68
260;20200325;7;30;20;38;10291;56
260;20200325;8;30;45;101;10291;42
260;20200325;9;50;63;159;10288;36
260;20200325;10;40;79;208;10284;33
260;20200325;11;30;96;239;10279;31
260;20200325;12;40;109;255;10273;23
260;20200325;13;50;118;251;10263;16
260;20200325;14;50;124;228;10256;19
260;20200325;15;50;124;187;10251;19
260;20200325;16;60;120;135;10247;23
260;20200325;17;60;108;73;10243;25
260;20200325;18;50;95;20;10243;26
260;20200325;19;30;82;0;10246;28
260;20200325;20;30;70;0;10248;38
260;20200325;21;60;71;0;10250;35
260;20200325;22;50;62;0;10251;37
260;20200325;23;50;54;0;10249;40
260;20200325;24;40;50;0;10248;41
260;20200326;1;30;40;0;10248;44
260;20200326;2;30;32;0;10244;45
260;20200326;3;40;31;0;10241;46
260;20200326;4;40;23;0;10239;49
260;20200326;5;50;20;0;10238;49
260;20200326;6;40;16;4;10242;51
260;20200326;7;40;33;37;10247;46
260;20200326;8;50;53;97;10248;40
260;20200326;9;50;72;152;10247;34
260;20200326;10;60;88;202;10243;32
260;20200326;11;70;98;236;10239;29
260;20200326;12;60;103;246;10236;28
260;20200326;13;60;112;242;10230;31
260;20200326;14;60;111;219;10225;30
260;20200326;15;60;112;180;10222;28
260;20200326;16;70;107;127;10223;31
260;20200326;17;60;101;67;10224;32
260;20200326;18;60;83;17;10226;39
260;20200326;19;40;72;0;10232;43
260;20200326;20;30;66;0;10233;44
260;20200326;21;40;65;0;10233;44
260;20200326;22;40;55;0;10230;48
260;20200326;23;40;47;0;10229;52
260;20200326;24;30;40;0;10229;54
260;20200327;1;30;34;0;10227;56
260;20200327;2;30;27;0;10223;61
260;20200327;3;30;32;0;10222;58
260;20200327;4;40;26;0;10223;64
260;20200327;5;40;25;0;10223;63
260;20200327;6;40;23;3;10225;66
260;20200327;7;50;38;40;10223;61
260;20200327;8;50;56;90;10222;55
260;20200327;9;50;74;144;10221;52
260;20200327;10;50;94;190;10218;46
260;20200327;11;50;109;222;10213;46
260;20200327;12;50;129;234;10208;40
260;20200327;13;60;143;230;10202;37
260;20200327;14;60;144;206;10198;38
260;20200327;15;60;153;168;10196;36
260;20200327;16;70;149;117;10193;37
260;20200327;17;60;143;61;10194;39
260;20200327;18;60;131;15;10200;44
260;20200327;19;50;115;0;10209;52
260;20200327;20;40;98;0;10213;63
260;20200327;21;40;87;0;10217;66
260;20200327;22;40;78;0;10219;68
260;20200327;23;40;72;0;10219;70
260;20200327;24;40;67;0;10219;72
260;20200328;1;30;66;0;10220;71
260;20200328;2;30;61;0;10222;72
260;20200328;3;40;56;0;10222;71
260;20200328;4;50;51;0;10226;71
260;20200328;5;40;44;0;10230;73
260;20200328;6;40;43;4;10236;71
260;20200328;7;50;56;40;10240;67
260;20200328;8;60;71;92;10247;63
260;20200328;9;60;93;149;10250;53
260;20200328;10;60;104;193;10252;56
260;20200328;11;70;111;225;10254;46
260;20200328;12;70;117;244;10255;53
260;20200328;13;70;114;245;10253;54
260;20200328;14;70;109;219;10254;57
260;20200328;15;80;100;162;10253;57
260;20200328;16;70;93;111;10256;63
260;20200328;17;70;82;42;10258;70
260;20200328;18;70;73;15;10263;70
260;20200328;19;60;67;0;10272;68
260;20200328;20;60;63;0;10277;70
260;20200328;21;70;58;0;10282;64
260;20200328;22;60;53;0;10284;57
260;20200328;23;60;42;0;10284;72
260;20200328;24;50;49;0;10281;67
260;20200329;1;40;53;0;10279;71
260;20200329;2;60;52;0;10278;75
260;20200329;3;50;51;0;10277;69
260;20200329;4;40;51;0;10280;74
260;20200329;5;40;50;0;10283;68
260;20200329;6;40;50;5;10289;64
260;20200329;7;60;58;44;10298;61
260;20200329;8;80;62;108;10307;51
260;20200329;9;100;55;129;10314;48
260;20200329;10;100;57;113;10317;47
260;20200329;11;90;64;188;10320;42
260;20200329;12;100;67;224;10322;41
260;20200329;13;100;64;223;10325;38
260;20200329;14;100;64;223;10328;32
260;20200329;15;90;62;194;10331;32
260;20200329;16;90;58;141;10335;35
260;20200329;17;90;48;80;10343;34
260;20200329;18;80;37;21;10351;38
260;20200329;19;60;31;0;10358;41
260;20200329;20;50;27;0;10362;46
260;20200329;21;40;24;0;10363;53
260;20200329;22;50;23;0;10363;55
260;20200329;23;30;16;0;10360;57
260;20200329;24;20;9;0;10359;58
260;20200330;1;10;-22;0;10354;77
260;20200330;2;10;-29;0;10347;81
260;20200330;3;10;-27;0;10341;87
260;20200330;4;10;5;0;10339;76
260;20200330;5;10;-13;0;10333;89
260;20200330;6;10;-16;5;10328;94
260;20200330;7;10;33;42;10325;69
260;20200330;8;10;48;70;10322;63
260;20200330;9;20;56;57;10317;64
260;20200330;10;30;68;92;10311;69
260;20200330;11;40;65;90;10304;75
260;20200330;12;30;86;137;10298;60
260;20200330;13;40;86;152;10293;58
260;20200330;14;40;94;114;10287;54
260;20200330;15;40;78;106;10284;67
260;20200330;16;40;62;54;10279;84
260;20200330;17;30;56;22;10280;89
260;20200330;18;20;54;9;10278;89
260;20200330;19;20;47;0;10279;90
260;20200330;20;20;34;0;10284;94
260;20200330;21;20;44;0;10286;87
260;20200330;22;20;39;0;10289;86
260;20200330;23;20;32;0;10292;88
260;20200330;24;30;28;0;10296;90
260;20200331;1;30;25;0;10300;91
260;20200331;2;30;17;0;10300;92
260;20200331;3;30;11;0;10304;92
260;20200331;4;30;4;0;10310;88
260;20200331;5;40;1;0;10314;82
260;20200331;6;40;2;8;10320;76
260;20200331;7;40;16;52;10326;68
260;20200331;8;40;32;115;10328;61
260;20200331;9;50;47;173;10328;53
260;20200331;10;40;60;220;10324;45
260;20200331;11;30;72;251;10317;41
260;20200331;12;40;78;265;10316;37
260;20200331;13;30;83;262;10309;30
260;20200331;14;30;86;237;10305;32
260;20200331;15;40;87;196;10299;39
260;20200331;16;40;82;142;10296;41
260;20200331;17;40;74;82;10295;45
260;20200331;18;40;62;25;10295;53
260;20200331;19;30;49;0;10293;60
260;20200331;20;30;40;0;10289;65
260;20200331;21;30;35;0;10285;68
260;20200331;22;20;27;0;10284;70
260;20200331;23;20;3;0;10282;77
260;20200331;24;10;-12;0;10275;89
260;20200401;1;10;-21;0;10269;92
260;20200401;2;10;-26;0;10262;93
260;20200401;3;0;-29;0;10257;92
260;20200401;4;10;-35;0;10253;94
260;20200401;5;10;-36;0;10252;93
260;20200401;6;0;-19;8;10247;95
260;20200401;7;10;20;52;10245;75
260;20200401;8;10;54;98;10245;62
260;20200401;9;10;61;94;10242;60
260;20200401;10;20;70;179;10236;57
260;20200401;11;20;79;216;10227;55
260;20200401;12;20;90;181;10218;56
260;20200401;13;30;92;268;10213;53
260;20200401;14;30;88;118;10207;50
260;20200401;15;30;95;180;10199;50
260;20200401;16;30;81;52;10195;58
260;20200401;17;30;77;29;10194;57
260;20200401;18;30;67;13;10192;65
260;20200401;19;20;60;0;10192;69
260;20200401;20;20;54;0;10189;74
260;20200401;21;10;50;0;10188;77
260;20200401;22;10;40;0;10184;83
260;20200401;23;10;21;0;10179;89
260;20200401;24;10;7;0;10173;92
260;20200402;1;10;1;0;10171;92
260;20200402;2;20;10;0;10164;95
260;20200402;3;10;14;0;10160;94
260;20200402;4;10;12;0;10157;95
260;20200402;5;10;23;0;10154;92
260;20200402;6;10;35;5;10150;88
260;20200402;7;20;55;29;10150;78
260;20200402;8;30;73;74;10145;69
260;20200402;9;40;84;114;10145;64
260;20200402;10;40;90;127;10139;60
260;20200402;11;50;95;86;10135;56
260;20200402;12;50;105;175;10127;51
260;20200402;13;50;102;80;10124;52
260;20200402;14;50;97;78;10122;58
260;20200402;15;70;97;136;10116;60
260;20200402;16;60;101;74;10112;60
260;20200402;17;60;95;20;10111;65
260;20200402;18;50;89;4;10111;70
260;20200402;19;50;86;0;10108;69
260;20200402;20;50;80;0;10110;78
260;20200402;21;40;80;0;10108;79
260;20200402;22;40;82;0;10110;82
260;20200402;23;30;84;0;10110;84
260;20200402;24;30;84;0;10109;83
260;20200403;1;20;80;0;10112;85
260;20200403;2;20;79;0;10115;85
260;20200403;3;20;77;0;10117;87
260;20200403;4;20;75;0;10122;88
260;20200403;5;10;73;0;10127;88
260;20200403;6;20;76;5;10134;87
260;20200403;7;10;80;32;10139;87
260;20200403;8;10;84;48;10144;80
260;20200403;9;30;73;42;10154;77
260;20200403;10;20;82;72;10159;71
260;20200403;11;30;93;79;10162;60
260;20200403;12;50;98;177;10167;57
260;20200403;13;50;91;86;10172;57
260;20200403;14;50;85;82;10177;57
260;20200403;15;40;87;112;10180;47
260;20200403;16;50;83;134;10185;48
260;20200403;17;40;85;73;10190;53
260;20200403;18;30;74;31;10194;57
260;20200403;19;20;61;1;10200;65
260;20200403;20;10;31;0;10204;81
260;20200403;21;10;15;0;10208;86
260;20200403;22;10;4;0;10211;92
260;20200403;23;10;3;0;10213;93
260;20200403;24;20;-1;0;10217;95
260;20200404;1;20;-6;0;10220;95
260;20200404;2;20;0;0;10222;92
260;20200404;3;20;3;0;10221;87
260;20200404;4;20;-6;0;10223;87
260;20200404;5;20;1;0;10227;85
260;20200404;6;20;13;14;10232;83
260;20200404;7;20;48;56;10240;71
260;20200404;8;20;74;119;10243;61
260;20200404;9;30;105;175;10247;49
260;20200404;10;40;113;222;10248;47
260;20200404;11;40;126;252;10245;42
260;20200404;12;50;132;268;10240;36
260;20200404;13;60;133;264;10238;34
260;20200404;14;50;141;242;10237;33
260;20200404;15;50;142;202;10232;32
260;20200404;16;40;142;149;10228;31
260;20200404;17;40;134;89;10229;34
260;20200404;18;40;117;30;10232;39
260;20200404;19;30;85;1;10236;51
260;20200404;20;30;70;0;10237;58
260;20200404;21;30;50;0;10237;69
260;20200404;22;20;50;0;10236;64
260;20200404;23;30;53;0;10235;63
260;20200404;24;30;43;0;10234;68
260;20200405;1;20;37;0;10230;71
260;20200405;2;30;38;0;10228;72
260;20200405;3;20;39;0;10226;72
260;20200405;4;30;31;0;10225;77
260;20200405;5;30;28;0;10225;77
260;20200405;6;30;51;12;10225;70
260;20200405;7;40;91;59;10226;58
260;20200405;8;50;110;118;10224;52
260;20200405;9;50;132;176;10221;45
260;20200405;10;60;158;223;10213;38
260;20200405;11;70;173;255;10204;34
260;20200405;12;70;185;271;10195;33
260;20200405;13;80;185;265;10191;33
260;20200405;14;80;192;240;10185;31
260;20200405;15;70;193;200;10178;30
260;20200405;16;70;190;149;10171;29
260;20200405;17;70;185;89;10170;29
260;20200405;18;60;177;31;10168;28
260;20200405;19;50;159;1;10169;32
260;20200405;20;50;153;0;10168;35
260;20200405;21;50;143;0;10164;39
260;20200405;22;50;136;0;10161;41
260;20200405;23;40;124;0;10162;45
260;20200405;24;40;123;0;10161;45
260;20200406;1;40;115;0;10159;48
260;20200406;2;40;104;0;10156;52
260;20200406;3;40;102;0;10154;52
260;20200406;4;40;93;0;10154;57
260;20200406;5;40;88;0;10157;59
260;20200406;6;40;96;14;10161;58
260;20200406;7;40;115;62;10164;54
260;20200406;8;30;145;122;10167;51
260;20200406;9;40;166;176;10172;45
260;20200406;10;50;186;220;10176;40
260;20200406;11;50;200;250;10179;37
260;20200406;12;40;214;263;10179;35
260;20200406;13;50;222;257;10184;31
260;20200406;14;50;222;199;10187;32
260;20200406;15;50;196;141;10197;42
260;20200406;16;50;171;75;10207;49
260;20200406;17;50;156;16;10216;68
260;20200406;18;40;140;3;10225;81
260;20200406;19;30;136;2;10235;80
260;20200406;20;30;131;0;10246;74
260;20200406;21;20;119;0;10252;80
260;20200406;22;30;120;0;10259;76
260;20200406;23;20;99;0;10266;83
260;20200406;24;20;84;0;10275;90
260;20200407;1;10;61;0;10279;96
260;20200407;2;10;48;0;10284;98
260;20200407;3;0;36;0;10291;99
260;20200407;4;10;34;0;10296;98
260;20200407;5;10;27;0;10302;97
260;20200407;6;0;39;14;10308;98
260;20200407;7;10;91;63;10315;81
260;20200407;8;20;131;125;10320;62
260;20200407;9;30;149;179;10323;55
260;20200407;10;40;158;224;10324;51
260;20200407;11;40;173;254;10319;44
260;20200407;12;40;178;270;10314;41
260;20200407;13;40;186;245;10308;38
260;20200407;14;40;187;240;10303;39
260;20200407;15;40;191;199;10295;38
260;20200407;16;40;188;143;10293;38
260;20200407;17;40;180;83;10290;43
260;20200407;18;30;156;26;10287;51
260;20200407;19;30;147;1;10289;53
260;20200407;20;30;121;0;10290;65
260;20200407;21;30;108;0;10287;70
260;20200407;22;30;120;0;10283;64
260;20200407;23;30;109;0;10282;67
260;20200407;24;20;99;0;10278;72
260;20200408;1;20;86;0;10273;78
260;20200408;2;20;75;0;10268;84
260;20200408;3;10;67;0;10264;89
260;20200408;4;10;60;0;10259;92
260;20200408;5;10;55;0;10257;94
260;20200408;6;10;69;12;10260;92
260;20200408;7;10;115;53;10259;74
260;20200408;8;10;152;109;10256;63
260;20200408;9;10;176;167;10254;55
260;20200408;10;10;201;211;10251;47
260;20200408;11;10;217;245;10245;46
260;20200408;12;10;225;255;10242;40
260;20200408;13;10;235;261;10238;33
260;20200408;14;20;239;230;10233;33
260;20200408;15;20;245;181;10228;31
260;20200408;16;30;218;136;10226;46
260;20200408;17;30;206;78;10228;49
260;20200408;18;30;184;27;10229;52
260;20200408;19;30;166;1;10233;60
260;20200408;20;30;153;0;10237;68
260;20200408;21;20;140;0;10237;73
260;20200408;22;20;121;0;10239;81
260;20200408;23;20;95;0;10238;88
260;20200408;24;10;98;0;10241;89
260;20200409;1;20;83;0;10239;94
260;20200409;2;10;73;0;10237;96
260;20200409;3;20;85;0;10241;91
260;20200409;4;10;65;0;10244;96
260;20200409;5;10;64;0;10246;97
260;20200409;6;10;90;10;10253;87
260;20200409;7;20;115;47;10256;72
260;20200409;8;20;136;68;10259;64
260;20200409;9;20;168;151;10261;51
260;20200409;10;30;182;223;10262;43
260;20200409;11;40;188;251;10263;40
260;20200409;12;40;196;266;10261;41
260;20200409;13;40;199;259;10260;39
260;20200409;14;40;196;234;10261;39
260;20200409;15;40;194;196;10258;43
260;20200409;16;50;185;147;10257;45
260;20200409;17;40;179;94;10260;43
260;20200409;18;40;157;33;10263;48
260;20200409;19;30;139;2;10269;54
260;20200409;20;20;127;0;10272;64
260;20200409;21;20;115;0;10275;76
260;20200409;22;40;103;0;10276;79
260;20200409;23;40;89;0;10277;78
260;20200409;24;20;74;0;10277;81
260;20200410;1;20;69;0;10277;81
260;20200410;2;20;56;0;10276;86
260;20200410;3;20;54;0;10276;81
260;20200410;4;20;49;0;10276;80
260;20200410;5;20;46;0;10278;82
260;20200410;6;20;52;18;10282;84
260;20200410;7;30;75;70;10282;77
260;20200410;8;30;99;126;10280;67
260;20200410;9;30;122;186;10280;58
260;20200410;10;30;141;226;10278;50
260;20200410;11;20;165;256;10275;46
260;20200410;12;30;172;271;10271;40
260;20200410;13;30;177;262;10265;40
260;20200410;14;30;180;227;10260;39
260;20200410;15;40;178;180;10257;39
260;20200410;16;40;176;141;10254;36
260;20200410;17;40;169;87;10253;38
260;20200410;18;40;150;29;10257;41
260;20200410;19;30;133;2;10260;48
260;20200410;20;30;111;0;10263;55
260;20200410;21;20;102;0;10265;54
260;20200410;22;20;101;0;10264;49
260;20200410;23;30;95;0;10262;52
260;20200410;24;30;85;0;10262;57
260;20200411;1;30;79;0;10260;58
260;20200411;2;30;63;0;10259;66
260;20200411;3;20;54;0;10258;70
260;20200411;4;20;44;0;10257;76
260;20200411;5;20;43;0;10256;73
260;20200411;6;20;63;19;10258;66
260;20200411;7;30;92;70;10258;57
260;20200411;8;30;120;134;10256;46
260;20200411;9;20;141;189;10257;35
260;20200411;10;20;168;233;10251;32
260;20200411;11;20;178;264;10243;28
260;20200411;12;20;200;277;10236;21
260;20200411;13;20;209;272;10229;17
260;20200411;14;20;210;246;10222;22
260;20200411;15;30;207;203;10217;18
260;20200411;16;20;205;154;10215;25
260;20200411;17;20;191;92;10211;35
260;20200411;18;20;175;33;10209;41
260;20200411;19;20;129;3;10208;60
260;20200411;20;0;94;0;10207;80
260;20200411;21;0;78;0;10204;87
260;20200411;22;0;70;0;10203;89
260;20200411;23;0;55;0;10200;92
260;20200411;24;0;53;0;10195;90
260;20200412;1;0;47;0;10188;94
260;20200412;2;10;41;0;10179;96
260;20200412;3;10;37;0;10176;96
260;20200412;4;10;33;0;10175;96
260;20200412;5;10;36;0;10170;96
260;20200412;6;10;56;20;10170;86
260;20200412;7;10;112;71;10169;59
260;20200412;8;10;160;117;10166;44
260;20200412;9;20;186;178;10160;41
260;20200412;10;20;200;226;10155;36
260;20200412;11;30;214;280;10150;33
260;20200412;12;40;217;253;10142;31
260;20200412;13;40;224;254;10138;35
260;20200412;14;40;222;186;10134;36
260;20200412;15;30;203;56;10131;49
260;20200412;16;20;202;67;10128;48
260;20200412;17;20;198;51;10127;42
260;20200412;18;20;189;30;10126;44
260;20200412;19;10;161;3;10128;49
260;20200412;20;10;126;0;10132;71
260;20200412;21;20;140;0;10139;65
260;20200412;22;20;128;0;10144;72
260;20200412;23;30;123;0;10150;75
260;20200412;24;40;111;0;10160;79
260;20200413;1;60;99;0;10166;71
260;20200413;2;60;88;0;10172;72
260;20200413;3;70;85;0;10177;74
260;20200413;4;70;82;0;10188;71
260;20200413;5;60;79;0;10199;65
260;20200413;6;60;71;4;10212;60
260;20200413;7;60;69;25;10224;57
260;20200413;8;60;74;63;10228;52
260;20200413;9;70;78;152;10238;46
260;20200413;10;70;78;110;10244;51
260;20200413;11;70;88;177;10249;45
260;20200413;12;70;92;230;10249;42
260;20200413;13;70;93;233;10252;39
260;20200413;14;70;92;257;10250;43
260;20200413;15;60;88;217;10251;40
260;20200413;16;60;85;167;10253;44
260;20200413;17;70;77;100;10254;45
260;20200413;18;60;72;22;10254;50
260;20200413;19;50;68;2;10258;51
260;20200413;20;40;64;0;10264;62
260;20200413;21;40;59;0;10267;64
260;20200413;22;30;62;0;10267;58
260;20200413;23;30;64;0;10269;54
260;20200413;24;40;58;0;10268;63
260;20200414;1;30;57;0;10271;62
260;20200414;2;20;54;0;10269;66
260;20200414;3;30;51;0;10268;67
260;20200414;4;20;53;0;10271;66
260;20200414;5;20;53;0;10270;66
260;20200414;6;20;57;12;10274;65
260;20200414;7;30;58;32;10276;70
260;20200414;8;30;60;57;10281;70
260;20200414;9;30;72;84;10280;61
260;20200414;10;30;73;65;10283;58
260;20200414;11;30;80;97;10280;61
260;20200414;12;30;87;115;10281;54
260;20200414;13;30;94;145;10278;49
260;20200414;14;40;89;128;10276;52
260;20200414;15;30;90;87;10273;52
260;20200414;16;30;100;114;10271;51
260;20200414;17;20;92;82;10272;56
260;20200414;18;30;83;38;10271;56
260;20200414;19;20;59;2;10270;68
260;20200414;20;10;36;0;10275;80
260;20200414;21;10;23;0;10271;89
260;20200414;22;10;12;0;10270;93
260;20200414;23;10;7;0;10269;96
260;20200414;24;0;6;0;10267;95
260;20200415;1;0;1;0;10263;96
260;20200415;2;0;-5;0;10260;97
260;20200415;3;10;-5;0;10261;96
260;20200415;4;10;-9;0;10257;98
260;20200415;5;10;-9;1;10258;96
260;20200415;6;10;17;24;10260;95
260;20200415;7;10;62;78;10260;72
260;20200415;8;30;84;138;10258;61
260;20200415;9;20;99;193;10258;55
260;20200415;10;20;114;236;10254;48
260;20200415;11;20;124;266;10247;47
260;20200415;12;20;137;279;10243;40
260;20200415;13;20;146;275;10235;40
260;20200415;14;10;153;244;10228;40
260;20200415;15;20;165;210;10224;40
260;20200415;16;10;164;160;10217;41
260;20200415;17;10;157;70;10212;45
260;20200415;18;20;145;29;10206;48
260;20200415;19;20;124;3;10210;51
260;20200415;20;20;107;0;10211;64
260;20200415;21;20;87;0;10206;74
260;20200415;22;10;79;0;10205;75
260;20200415;23;10;54;0;10197;90
260;20200415;24;20;46;0;10192;91
260;20200416;1;20;51;0;10188;86
260;20200416;2;10;41;0;10187;88
260;20200416;3;20;50;0;10182;83
260;20200416;4;20;55;0;10176;83
260;20200416;5;20;54;1;10174;84
260;20200416;6;20;71;27;10174;79
260;20200416;7;10;95;60;10175;68
260;20200416;8;20;121;139;10173;58
260;20200416;9;30;148;173;10173;51
260;20200416;10;20;169;239;10168;43
260;20200416;11;30;186;267;10164;38
260;20200416;12;30;194;278;10162;37
260;20200416;13;20;205;272;10160;32
260;20200416;14;20;214;241;10155;30
260;20200416;15;20;211;196;10155;40
260;20200416;16;40;190;139;10156;48
260;20200416;17;30;184;73;10155;45
260;20200416;18;30;168;23;10157;46
260;20200416;19;20;147;3;10161;53
260;20200416;20;40;137;0;10166;65
260;20200416;21;60;120;0;10173;68
260;20200416;22;50;109;0;10179;71
260;20200416;23;40;99;0;10183;73
260;20200416;24;30;91;0;10184;71
260;20200417;1;40;84;0;10184;74
260;20200417;2;50;76;0;10184;72
260;20200417;3;40;67;0;10187;69
260;20200417;4;40;62;0;10187;74
260;20200417;5;40;57;1;10191;80
260;20200417;6;50;66;28;10195;80
260;20200417;7;50;78;70;10198;73
260;20200417;8;50;94;133;10196;67
260;20200417;9;50;110;191;10189;60
260;20200417;10;40;128;236;10186;55
260;20200417;11;40;137;264;10183;52
260;20200417;12;40;145;276;10179;50
260;20200417;13;50;157;269;10175;47
260;20200417;14;50;163;247;10172;44
260;20200417;15;40;167;210;10167;41
260;20200417;16;50;166;151;10162;39
260;20200417;17;50;156;98;10163;41
260;20200417;18;50;143;41;10162;44
260;20200417;19;40;129;5;10163;51
260;20200417;20;40;112;0;10169;61
260;20200417;21;30;98;0;10169;67
260;20200417;22;30;83;0;10169;73
260;20200417;23;30;73;0;10170;76
260;20200417;24;40;66;0;10169;76
260;20200418;1;40;59;0;10166;79
260;20200418;2;30;54;0;10164;81
260;20200418;3;40;51;0;10159;83
260;20200418;4;30;54;0;10158;82
260;20200418;5;30;60;2;10159;82
260;20200418;6;40;68;24;10162;81
260;20200418;7;30;88;68;10164;74
260;20200418;8;30;108;116;10160;64
260;20200418;9;40;144;197;10159;50
260;20200418;10;30;148;147;10160;51
260;20200418;11;20;156;74;10159;48
260;20200418;12;10;143;55;10161;66
260;20200418;13;20;153;80;10163;60
260;20200418;14;30;130;43;10160;77
260;20200418;15;20;130;43;10162;80
260;20200418;16;10;134;43;10163;75
260;20200418;17;10;134;11;10164;75
260;20200418;18;20;125;3;10164;81
260;20200418;19;20;124;0;10163;80
260;20200418;20;20;122;0;10168;83
260;20200418;21;20;119;0;10167;84
260;20200418;22;20;118;0;10167;83
260;20200418;23;20;118;0;10167;74
260;20200418;24;20;115;0;10168;72
260;20200419;1;20;105;0;10169;76
260;20200419;2;20;105;0;10171;68
260;20200419;3;20;103;0;10176;58
260;20200419;4;30;92;0;10178;58
260;20200419;5;30;75;2;10184;60
260;20200419;6;30;75;30;10193;59
260;20200419;7;30;87;84;10192;56
260;20200419;8;50;99;147;10194;52
260;20200419;9;40;120;206;10195;48
260;20200419;10;60;141;250;10199;38
260;20200419;11;70;152;279;10197;36
260;20200419;12;70;162;291;10195;32
260;20200419;13;70;168;286;10193;31
260;20200419;14;60;173;262;10189;30
260;20200419;15;60;175;223;10185;29
260;20200419;16;60;171;172;10183;25
260;20200419;17;60;164;112;10187;25
260;20200419;18;60;154;49;10192;28
260;20200419;19;40;133;8;10196;34
260;20200419;20;40;123;0;10201;36
260;20200419;21;50;119;0;10204;36
260;20200419;22;50;118;0;10207;36
260;20200419;23;50;102;0;10210;41
260;20200419;24;50;95;0;10211;43
260;20200420;1;50;86;0;10211;44
260;20200420;2;60;80;0;10211;45
260;20200420;3;50;71;0;10210;47
260;20200420;4;50;68;0;10208;48
260;20200420;5;40;59;3;10212;52
260;20200420;6;50;70;35;10212;51
260;20200420;7;60;90;92;10213;46
260;20200420;8;70;115;155;10210;42
260;20200420;9;80;129;210;10208;37
260;20200420;10;80;149;255;10204;36
260;20200420;11;70;160;285;10198;34
260;20200420;12;80;167;296;10195;30
260;20200420;13;80;173;288;10189;28
260;20200420;14;90;175;264;10181;26
260;20200420;15;90;179;223;10175;29
260;20200420;16;100;173;169;10174;30
260;20200420;17;90;168;110;10173;31
260;20200420;18;90;158;49;10178;31
260;20200420;19;80;146;8;10184;34
260;20200420;20;70;137;0;10189;36
260;20200420;21;60;133;0;10193;36
260;20200420;22;60;123;0;10194;39
260;20200420;23;70;119;0;10194;41
260;20200420;24;60;110;0;10193;44
260;20200421;1;60;107;0;10192;43
260;20200421;2;60;101;0;10190;44
260;20200421;3;70;95;0;10191;46
260;20200421;4;70;92;0;10189;47
260;20200421;5;70;87;3;10192;50
260;20200421;6;70;92;38;10196;52
260;20200421;7;70;106;95;10196;49
260;20200421;8;80;120;156;10198;45
260;20200421;9;90;143;211;10193;40
260;20200421;10;100;153;255;10189;35
260;20200421;11;90;164;284;10185;32
260;20200421;12;90;177;294;10184;31
260;20200421;13;90;178;285;10180;31
260;20200421;14;100;179;261;10178;31
260;20200421;15;90;184;223;10176;33
260;20200421;16;90;183;171;10171;31
260;20200421;17;80;180;111;10173;32
260;20200421;18;70;168;49;10176;34
260;20200421;19;60;157;8;10183;36
260;20200421;20;50;142;0;10189;42
260;20200421;21;60;140;0;10191;42
260;20200421;22;60;131;0;10195;44
260;20200421;23;50;125;0;10199;46
260;20200421;24;50;121;0;10200;47
260;20200422;1;50;111;0;10201;50
260;20200422;2;50;106;0;10203;52
260;20200422;3;50;100;0;10204;54
260;20200422;4;60;99;0;10205;54
260;20200422;5;60;99;3;10210;53
260;20200422;6;60;106;38;10213;52
260;20200422;7;60;118;95;10215;49
260;20200422;8;60;136;157;10215;46
260;20200422;9;60;158;212;10215;41
260;20200422;10;70;176;255;10212;35
260;20200422;11;70;182;284;10210;31
260;20200422;12;70;191;295;10207;30
260;20200422;13;70;204;288;10204;30
260;20200422;14;70;208;265;10199;28
260;20200422;15;60;211;225;10195;28
260;20200422;16;70;206;173;10193;27
260;20200422;17;70;200;113;10193;27
260;20200422;18;70;187;51;10194;31
260;20200422;19;50;173;9;10200;34
260;20200422;20;40;157;0;10205;39
260;20200422;21;40;147;0;10208;42
260;20200422;22;30;130;0;10209;48
260;20200422;23;30;122;0;10212;51
260;20200422;24;30;114;0;10212;54
260;20200423;1;40;111;0;10211;55
260;20200423;2;30;102;0;10210;58
260;20200423;3;30;96;0;10211;61
260;20200423;4;30;94;0;10211;61
260;20200423;5;30;88;4;10212;64
260;20200423;6;30;110;39;10214;58
260;20200423;7;30;132;95;10212;51
260;20200423;8;30;158;156;10210;43
260;20200423;9;30;183;210;10207;36
260;20200423;10;30;197;253;10204;33
260;20200423;11;30;212;280;10199;28
260;20200423;12;40;213;291;10195;25
260;20200423;13;30;216;282;10189;29
260;20200423;14;30;227;255;10183;30
260;20200423;15;20;229;218;10177;26
260;20200423;16;20;223;171;10172;30
260;20200423;17;30;213;107;10168;30
260;20200423;18;30;198;48;10167;32
260;20200423;19;20;183;7;10167;37
260;20200423;20;20;159;0;10167;46
260;20200423;21;30;146;0;10164;55
260;20200423;22;20;110;0;10161;75
260;20200423;23;20;117;0;10158;74
260;20200423;24;10;83;0;10152;89
260;20200424;1;10;77;0;10146;92
260;20200424;2;20;91;0;10144;90
260;20200424;3;20;82;0;10142;92
260;20200424;4;20;93;0;10141;92
260;20200424;5;20;85;3;10141;95
260;20200424;6;20;104;35;10143;83
260;20200424;7;30;124;76;10145;67
260;20200424;8;30;146;141;10147;50
260;20200424;9;30;158;179;10147;50
260;20200424;10;40;162;245;10148;46
260;20200424;11;50;165;279;10147;34
260;20200424;12;50;177;291;10144;33
260;20200424;13;50;176;288;10142;33
260;20200424;14;50;177;266;10139;31
260;20200424;15;40;174;202;10136;39
260;20200424;16;50;163;169;10136;44
260;20200424;17;50;156;116;10136;51
260;20200424;18;50;126;54;10137;66
260;20200424;19;40;98;10;10143;78
260;20200424;20;40;87;0;10147;80
260;20200424;21;30;91;0;10148;77
260;20200424;22;40;91;0;10148;74
260;20200424;23;40;89;0;10152;74
260;20200424;24;30;91;0;10150;73
260;20200425;1;30;92;0;10149;73
260;20200425;2;30;89;0;10149;76
260;20200425;3;30;89;0;10149;67
260;20200425;4;30;87;0;10149;62
260;20200425;5;20;83;1;10150;72
260;20200425;6;10;87;9;10154;69
260;20200425;7;20;90;28;10156;68
260;20200425;8;20;96;54;10158;65
260;20200425;9;20;101;74;10161;63
260;20200425;10;20;109;82;10160;60
260;20200425;11;20;128;184;10155;52
260;20200425;12;30;120;162;10153;56
260;20200425;13;40;125;246;10148;53
260;20200425;14;40;136;282;10141;50
260;20200425;15;40;135;234;10138;50
260;20200425;16;40;134;179;10134;51
260;20200425;17;40;125;119;10132;56
260;20200425;18;40;115;56;10133;58
260;20200425;19;30;100;11;10134;66
260;20200425;20;30;88;0;10138;72
260;20200425;21;30;78;0;10137;77
260;20200425;22;20;70;0;10138;81
260;20200425;23;20;49;0;10140;92
260;20200425;24;10;35;0;10138;93
260;20200426;1;10;25;0;10137;95
260;20200426;2;10;19;0;10137;94
260;20200426;3;10;12;0;10134;96
260;20200426;4;10;7;0;10131;98
260;20200426;5;10;13;5;10132;100
260;20200426;6;10;53;42;10135;85
260;20200426;7;10;82;96;10134;72
260;20200426;8;20;96;150;10135;67
260;20200426;9;20;107;178;10136;63
260;20200426;10;20;117;249;10134;61
260;20200426;11;20;127;288;10130;54
260;20200426;12;20;134;298;10125;50
260;20200426;13;20;149;293;10120;43
260;20200426;14;20;164;269;10114;46
260;20200426;15;20;163;229;10111;44
260;20200426;16;30;165;177;10107;47
260;20200426;17;30;161;118;10104;47
260;20200426;18;20;149;57;10104;55
260;20200426;19;20;128;11;10106;66
260;20200426;20;10;87;0;10107;84
260;20200426;21;10;67;0;10107;92
260;20200426;22;0;57;0;10107;94
260;20200426;23;0;47;0;10105;95
260;20200426;24;10;37;0;10100;98
260;20200427;1;10;33;0;10098;98
260;20200427;2;10;21;0;10096;98
260;20200427;3;10;16;0;10092;97
260;20200427;4;10;18;0;10087;98
260;20200427;5;10;40;5;10086;96
260;20200427;6;10;70;29;10085;94
260;20200427;7;10;105;87;10084;73
260;20200427;8;20;135;156;10083;60
260;20200427;9;30;163;207;10079;48
260;20200427;10;30;176;251;10076;42
260;20200427;11;40;185;277;10073;41
260;20200427;12;40;192;288;10069;33
260;20200427;13;40;195;275;10068;28
260;20200427;14;40;203;262;10065;31
260;20200427;15;40;206;205;10063;28
260;20200427;16;40;194;161;10062;35
260;20200427;17;30;177;95;10062;44
260;20200427;18;30;153;40;10063;48
260;20200427;19;20;141;6;10065;55
260;20200427;20;20;128;0;10068;70
260;20200427;21;20;111;0;10068;78
260;20200427;22;20;103;0;10069;85
260;20200427;23;20;110;0;10069;84
260;20200427;24;30;109;0;10067;83
260;20200428;1;30;99;0;10062;87
260;20200428;2;30;91;0;10060;89
260;20200428;3;30;85;0;10058;90
260;20200428;4;30;81;0;10055;92
260;20200428;5;30;84;6;10054;91
260;20200428;6;30;92;44;10055;87
260;20200428;7;30;94;14;10051;88
260;20200428;8;30;96;20;10049;89
260;20200428;9;40;96;39;10050;89
260;20200428;10;50;97;55;10039;88
260;20200428;11;40;105;90;10044;84
260;20200428;12;40;107;75;10041;86
260;20200428;13;40;107;54;10040;85
260;20200428;14;40;110;64;10035;86
260;20200428;15;30;108;50;10032;88
260;20200428;16;20;108;14;10034;88
260;20200428;17;20;102;10;10033;91
260;20200428;18;30;101;6;10035;92
260;20200428;19;20;96;1;10036;92
260;20200428;20;30;85;0;10040;94
260;20200428;21;20;79;0;10040;94
260;20200428;22;20;79;0;10042;93
260;20200428;23;20;80;0;10038;92
260;20200428;24;20;78;0;10036;95
260;20200429;1;10;78;0;10035;95
260;20200429;2;10;80;0;10033;97
260;20200429;3;10;83;0;10030;95
260;20200429;4;10;92;0;10028;97
260;20200429;5;30;105;1;10028;96
260;20200429;6;30;108;2;10030;96
260;20200429;7;30;113;20;10033;94
260;20200429;8;20;116;35;10035;90
260;20200429;9;40;119;38;10038;88
260;20200429;10;40;118;72;10038;89
260;20200429;11;50;127;66;10045;79
260;20200429;12;50;131;150;10049;71
260;20200429;13;50;147;183;10049;63
260;20200429;14;50;133;98;10048;64
260;20200429;15;40;152;157;10043;63
260;20200429;16;40;149;130;10036;61
260;20200429;17;30;145;43;10029;67
260;20200429;18;30;137;4;10023;74
260;20200429;19;30;133;1;10019;77
260;20200429;20;30;123;0;10016;84
260;20200429;21;40;124;0;10009;86
260;20200429;22;60;98;0;10015;87
260;20200429;23;30;99;0;10011;87
260;20200429;24;40;99;0;10007;83
260;20200430;1;40;97;0;10001;82
260;20200430;2;40;96;0;9995;82
260;20200430;3;40;96;0;9988;81
260;20200430;4;30;94;0;9981;80
260;20200430;5;50;94;3;9983;86
260;20200430;6;50;95;13;9983;90
260;20200430;7;50;96;18;9987;84
260;20200430;8;70;108;127;9995;72
260;20200430;9;60;115;151;10000;69
260;20200430;10;60;119;131;10002;62
260;20200430;11;50;129;138;10003;64
260;20200430;12;60;139;231;9998;51
260;20200430;13;60;145;183;9992;51
260;20200430;14;60;150;203;9988;43
260;20200430;15;50;149;168;9981;40
260;20200430;16;50;148;123;9974;44
260;20200430;17;40;153;75;9967;41
260;20200430;18;40;142;38;9968;54
260;20200430;19;40;129;5;9970;64
260;20200430;20;40;86;0;9976;89
260;20200430;21;30;95;0;9973;88
260;20200430;22;40;97;0;9974;84
260;20200430;23;60;90;0;9976;85
260;20200430;24;40;90;0;9978;85
260;20200501;1;50;92;0;9979;83
260;20200501;2;50;90;0;9980;84
260;20200501;3;40;86;0;9981;84
260;20200501;4;40;83;0;9980;85
260;20200501;5;40;84;6;9981;84
260;20200501;6;40;88;17;9980;83
260;20200501;7;50;93;40;9981;85
260;20200501;8;50;103;92;9979;79
260;20200501;9;50;94;47;9981;88
260;20200501;10;50;117;114;9978;73
260;20200501;11;70;108;102;9981;76
260;20200501;12;50;98;67;9983;84
260;20200501;13;40;133;183;9982;67
260;20200501;14;60;138;209;9986;60
260;20200501;15;60;131;96;9988;60
260;20200501;16;50;135;121;9992;57
260;20200501;17;40;132;73;9996;59
260;20200501;18;40;127;60;10000;64
260;20200501;19;30;112;13;10006;72
260;20200501;20;20;104;0;10013;75
260;20200501;21;20;87;0;10017;85
260;20200501;22;20;93;0;10020;83
260;20200501;23;30;96;0;10025;84
260;20200501;24;30;95;0;10028;83
260;20200502;1;30;93;0;10028;84
260;20200502;2;30;96;0;10031;84
260;20200502;3;30;94;0;10034;83
260;20200502;4;30;96;0;10038;80
260;20200502;5;40;87;2;10044;77
260;20200502;6;20;82;9;10049;87
260;20200502;7;30;108;89;10055;78
260;20200502;8;40;100;83;10061;81
260;20200502;9;40;101;119;10068;80
260;20200502;10;50;112;119;10073;71
260;20200502;11;40;119;115;10080;67
260;20200502;12;50;122;121;10088;65
260;20200502;13;50;132;183;10096;62
260;20200502;14;50;128;193;10104;63
260;20200502;15;50;133;111;10111;63
260;20200502;16;50;126;156;10119;65
260;20200502;17;40;119;84;10122;69
260;20200502;18;30;120;53;10125;69
260;20200502;19;20;107;16;10133;75
260;20200502;20;20;97;0;10142;80
260;20200502;21;20;84;0;10148;86
260;20200502;22;20;84;0;10145;88
260;20200502;23;20;68;0;10146;92
260;20200502;24;20;53;0;10150;97
260;20200503;1;20;46;0;10151;98
260;20200503;2;20;50;0;10152;99
260;20200503;3;20;71;0;10155;97
260;20200503;4;10;54;0;10157;98
260;20200503;5;10;57;9;10162;98
260;20200503;6;10;86;35;10168;93
260;20200503;7;10;100;55;10173;90
260;20200503;8;10;118;123;10177;82
260;20200503;9;10;130;145;10177;71
260;20200503;10;10;145;208;10175;66
260;20200503;11;20;148;187;10177;62
260;20200503;12;20;147;140;10175;63
260;20200503;13;20;159;133;10174;49
260;20200503;14;30;138;111;10175;62
260;20200503;15;20;144;109;10175;61
260;20200503;16;30;144;90;10173;63
260;20200503;17;20;138;60;10173;64
260;20200503;18;20;129;21;10172;67
260;20200503;19;20;122;3;10172;73
260;20200503;20;30;108;0;10172;87
260;20200503;21;20;106;0;10176;90
260;20200503;22;10;104;0;10175;91
260;20200503;23;10;101;0;10177;95
260;20200503;24;10;102;0;10175;96
260;20200504;1;10;100;0;10171;95
260;20200504;2;20;96;0;10171;94
260;20200504;3;20;93;0;10170;93
260;20200504;4;30;86;0;10171;92
260;20200504;5;30;85;4;10174;93
260;20200504;6;30;88;14;10182;91
260;20200504;7;40;94;54;10188;80
260;20200504;8;50;105;150;10192;73
260;20200504;9;50;120;223;10195;63
260;20200504;10;40;134;272;10195;57
260;20200504;11;40;139;293;10198;55
260;20200504;12;40;143;307;10201;57
260;20200504;13;40;148;248;10202;58
260;20200504;14;50;144;264;10206;52
260;20200504;15;50;146;237;10206;54
260;20200504;16;50;138;176;10206;55
260;20200504;17;50;130;129;10208;57
260;20200504;18;50;120;69;10210;58
260;20200504;19;50;108;19;10214;62
260;20200504;20;40;97;0;10217;68
260;20200504;21;40;86;0;10228;70
260;20200504;22;30;76;0;10229;73
260;20200504;23;30;69;0;10236;77
260;20200504;24;30;55;0;10227;82
260;20200505;1;30;55;0;10223;81
260;20200505;2;30;46;0;10227;83
260;20200505;3;20;41;0;10224;85
260;20200505;4;10;18;0;10227;92
260;20200505;5;10;31;12;10225;89
260;20200505;6;20;62;59;10226;72
260;20200505;7;30;84;119;10224;62
260;20200505;8;50;93;174;10227;57
260;20200505;9;50;107;233;10227;56
260;20200505;10;40;116;256;10225;51
260;20200505;11;40;118;295;10226;44
260;20200505;12;40;122;295;10223;43
260;20200505;13;40;137;308;10220;43
260;20200505;14;40;132;281;10219;42
260;20200505;15;30;142;240;10217;38
260;20200505;16;40;137;169;10217;43
260;20200505;17;50;132;134;10219;48
260;20200505;18;50;120;73;10220;52
260;20200505;19;50;108;21;10224;56
260;20200505;20;50;99;0;10230;61
260;20200505;21;40;90;0;10238;68
260;20200505;22;50;80;0;10244;72
260;20200505;23;30;72;0;10248;75
260;20200505;24;30;61;0;10249;80
260;20200506;1;30;57;0;10249;80
260;20200506;2;20;45;0;10250;83
260;20200506;3;20;41;0;10253;83
260;20200506;4;20;37;0;10254;85
260;20200506;5;20;50;13;10255;82
260;20200506;6;20;78;58;10259;74
260;20200506;7;20;100;116;10262;62
260;20200506;8;20;120;176;10264;55
260;20200506;9;10;137;229;10263;50
260;20200506;10;20;145;272;10263;42
260;20200506;11;20;150;299;10262;40
260;20200506;12;30;162;314;10260;42
260;20200506;13;40;165;277;10258;44
260;20200506;14;40;163;277;10257;41
260;20200506;15;40;162;239;10255;40
260;20200506;16;40;157;189;10255;41
260;20200506;17;40;148;131;10256;43
260;20200506;18;40;134;70;10258;51
260;20200506;19;30;120;22;10261;57
260;20200506;20;20;104;0;10264;68
260;20200506;21;20;96;0;10265;72
260;20200506;22;20;81;0;10265;80
260;20200506;23;10;55;0;10266;91
260;20200506;24;10;45;0;10265;97
260;20200507;1;10;37;0;10262;97
260;20200507;2;10;27;0;10260;98
260;20200507;3;10;24;0;10257;98
260;20200507;4;10;19;0;10255;98
260;20200507;5;0;41;14;10256;97
260;20200507;6;10;68;57;10256;84
260;20200507;7;10;104;114;10255;67
260;20200507;8;10;129;175;10253;57
260;20200507;9;10;147;226;10251;49
260;20200507;10;10;170;269;10250;47
260;20200507;11;20;180;295;10246;42
260;20200507;12;20;190;307;10240;33
260;20200507;13;20;188;287;10232;40
260;20200507;14;20;194;251;10227;41
260;20200507;15;20;198;225;10221;31
260;20200507;16;10;202;167;10215;33
260;20200507;17;20;187;120;10213;42
260;20200507;18;40;170;63;10211;46
260;20200507;19;30;151;18;10211;53
260;20200507;20;20;130;1;10212;63
260;20200507;21;10;99;0;10209;82
260;20200507;22;10;82;0;10208;89
260;20200507;23;10;77;0;10207;92
260;20200507;24;0;71;0;10205;95
260;20200508;1;0;59;0;10200;98
260;20200508;2;0;56;0;10197;95
260;20200508;3;10;50;0;10196;98
260;20200508;4;0;46;0;10196;97
260;20200508;5;0;52;7;10197;98
260;20200508;6;10;93;51;10198;72
260;20200508;7;10;142;100;10198;52
260;20200508;8;10;169;162;10198;42
260;20200508;9;10;183;227;10196;35
260;20200508;10;10;194;261;10192;37
260;20200508;11;10;203;288;10188;35
260;20200508;12;20;215;301;10182;37
260;20200508;13;20;212;275;10179;37
260;20200508;14;20;219;165;10175;35
260;20200508;15;20;217;144;10171;39
260;20200508;16;30;215;146;10166;40
260;20200508;17;30;208;115;10167;40
260;20200508;18;30;201;72;10165;40
260;20200508;19;30;181;22;10165;49
260;20200508;20;20;156;0;10167;59
260;20200508;21;20;124;0;10167;77
260;20200508;22;10;107;0;10167;86
260;20200508;23;10;98;0;10165;90
260;20200508;24;10;91;0;10163;91
260;20200509;1;10;84;0;10158;94
260;20200509;2;10;75;0;10157;94
260;20200509;3;10;68;0;10155;96
260;20200509;4;10;64;0;10150;98
260;20200509;5;10;83;15;10152;88
260;20200509;6;10;129;58;10150;65
260;20200509;7;10;167;114;10149;51
260;20200509;8;20;192;152;10146;42
260;20200509;9;40;208;211;10145;39
260;20200509;10;50;219;267;10140;37
260;20200509;11;50;225;295;10134;30
260;20200509;12;50;235;307;10128;32
260;20200509;13;40;237;299;10123;30
260;20200509;14;40;241;276;10115;26
260;20200509;15;40;242;237;10108;29
260;20200509;16;50;233;187;10104;35
260;20200509;17;50;224;128;10098;38
260;20200509;18;40;214;72;10098;42
260;20200509;19;40;195;18;10098;52
260;20200509;20;30;182;0;10099;61
260;20200509;21;30;168;0;10094;63
260;20200509;22;40;155;0;10092;67
260;20200509;23;30;139;0;10087;71
260;20200509;24;20;130;0;10081;75
260;20200510;1;20;119;0;10075;79
260;20200510;2;10;102;0;10070;88
260;20200510;3;10;92;0;10066;92
260;20200510;4;10;89;0;10063;93
260;20200510;5;10;104;14;10060;88
260;20200510;6;10;124;38;10060;81
260;20200510;7;10;147;77;10062;72
260;20200510;8;10;163;75;10061;66
260;20200510;9;20;176;107;10059;64
260;20200510;10;20;202;215;10057;53
260;20200510;11;30;225;276;10055;40
260;20200510;12;50;215;260;10059;54
260;20200510;13;50;195;217;10063;58
260;20200510;14;70;174;212;10068;65
260;20200510;15;80;151;153;10076;70
260;20200510;16;90;124;80;10082;76
260;20200510;17;90;109;17;10094;74
260;20200510;18;90;99;9;10104;68
260;20200510;19;80;93;5;10115;63
260;20200510;20;80;84;0;10120;63
260;20200510;21;70;80;0;10125;60
260;20200510;22;80;78;0;10128;58
260;20200510;23;80;77;0;10133;59
260;20200510;24;70;78;0;10133;55
260;20200511;1;70;75;0;10131;53
260;20200511;2;70;70;0;10134;55
260;20200511;3;60;64;0;10137;54
260;20200511;4;50;66;0;10136;53
260;20200511;5;60;68;11;10140;53
260;20200511;6;60;71;52;10141;51
260;20200511;7;80;88;126;10141;44
260;20200511;8;80;96;181;10142;43
260;20200511;9;70;98;183;10141;45
260;20200511;10;80;104;194;10140;44
260;20200511;11;80;105;178;10142;48
260;20200511;12;90;106;212;10146;44
260;20200511;13;80;106;236;10148;42
260;20200511;14;70;113;187;10153;42
260;20200511;15;80;113;215;10157;36
260;20200511;16;80;110;203;10165;33
260;20200511;17;80;103;144;10174;41
260;20200511;18;70;95;75;10181;44
260;20200511;19;50;83;17;10186;50
260;20200511;20;50;67;1;10194;66
260;20200511;21;40;61;0;10199;80
260;20200511;22;20;57;0;10204;77
260;20200511;23;30;50;0;10200;81
260;20200511;24;20;37;0;10204;87
260;20200512;1;10;22;0;10205;93
260;20200512;2;10;11;0;10205;97
260;20200512;3;20;20;0;10205;95
260;20200512;4;20;16;0;10205;94
260;20200512;5;10;15;7;10205;97
260;20200512;6;10;65;66;10209;70
260;20200512;7;20;85;126;10207;60
260;20200512;8;30;88;145;10207;55
260;20200512;9;30;102;212;10203;55
260;20200512;10;30;98;205;10200;56
260;20200512;11;40;105;235;10198;56
260;20200512;12;40;106;167;10191;49
260;20200512;13;30;128;299;10183;48
260;20200512;14;40;111;106;10180;49
260;20200512;15;30;115;110;10176;47
260;20200512;16;30;115;95;10172;39
260;20200512;17;40;116;148;10167;38
260;20200512;18;30;110;81;10163;41
260;20200512;19;30;94;11;10161;57
260;20200512;20;20;92;0;10161;60
260;20200512;21;30;87;0;10159;57
260;20200512;22;20;71;0;10157;63
260;20200512;23;10;41;0;10156;83
260;20200512;24;10;28;0;10151;91
260;20200513;1;10;19;0;10148;94
260;20200513;2;10;17;0;10146;96
260;20200513;3;10;5;0;10143;98
260;20200513;4;10;4;0;10139;98
260;20200513;5;10;32;19;10139;95
260;20200513;6;10;76;55;10140;75
260;20200513;7;20;102;81;10138;65
260;20200513;8;20;97;73;10138;71
260;20200513;9;40;79;20;10142;80
260;20200513;10;40;91;111;10144;64
260;20200513;11;40;101;199;10145;57
260;20200513;12;50;108;247;10143;50
260;20200513;13;60;111;244;10144;50
260;20200513;14;60;105;222;10142;52
260;20200513;15;60;99;130;10142;48
260;20200513;16;60;107;155;10142;45
260;20200513;17;60;103;90;10146;44
260;20200513;18;60;95;62;10151;46
260;20200513;19;50;92;36;10156;49
260;20200513;20;60;77;4;10167;52
260;20200513;21;40;65;0;10174;53
260;20200513;22;30;58;0;10180;59
260;20200513;23;20;43;0;10186;68
260;20200513;24;20;38;0;10189;73
260;20200514;1;20;17;0;10193;85
260;20200514;2;20;23;0;10195;80
260;20200514;3;20;-1;0;10199;90
260;20200514;4;10;-10;0;10200;95
260;20200514;5;10;16;21;10206;92
260;20200514;6;20;70;70;10211;63
260;20200514;7;40;85;128;10215;55
260;20200514;8;50;96;193;10216;50
260;20200514;9;50;90;138;10220;49
260;20200514;10;40;102;169;10221;47
260;20200514;11;40;100;210;10221;46
260;20200514;12;40;106;219;10217;43
260;20200514;13;40;111;214;10213;45
260;20200514;14;40;112;127;10210;45
260;20200514;15;40;115;159;10207;44
260;20200514;16;50;109;148;10208;43
260;20200514;17;50;110;104;10207;46
260;20200514;18;50;99;84;10210;50
260;20200514;19;50;88;30;10214;54
260;20200514;20;30;76;2;10217;59
260;20200514;21;30;67;0;10218;64
260;20200514;22;20;57;0;10219;67
260;20200514;23;20;45;0;10219;73
260;20200514;24;10;17;0;10218;86
260;20200515;1;20;9;0;10214;88
260;20200515;2;10;-2;0;10214;94
260;20200515;3;10;-10;0;10213;97
260;20200515;4;10;-11;1;10216;95
260;20200515;5;10;19;21;10223;94
260;20200515;6;10;69;70;10228;68
260;20200515;7;10;88;122;10231;58
260;20200515;8;20;99;187;10231;55
260;20200515;9;20;113;249;10232;56
260;20200515;10;30;120;246;10232;55
260;20200515;11;30;131;251;10232;53
260;20200515;12;30;135;199;10231;50
260;20200515;13;30;134;148;10233;51
260;20200515;14;30;133;139;10232;52
260;20200515;15;40;142;132;10231;49
260;20200515;16;40;137;160;10230;47
260;20200515;17;40;141;107;10230;50
260;20200515;18;30;132;85;10232;51
260;20200515;19;20;118;29;10232;56
260;20200515;20;10;76;1;10235;78
260;20200515;21;10;69;0;10238;82
260;20200515;22;20;72;0;10239;81
260;20200515;23;20;82;0;10240;76
260;20200515;24;10;53;0;10237;89
260;20200516;1;10;36;0;10232;94
260;20200516;2;10;28;0;10229;96
260;20200516;3;10;32;0;10229;98
260;20200516;4;10;33;0;10229;98
260;20200516;5;10;44;13;10232;95
260;20200516;6;10;85;58;10231;75
260;20200516;7;30;119;102;10226;59
260;20200516;8;50;137;154;10227;55
260;20200516;9;40;144;179;10227;53
260;20200516;10;40;155;193;10225;49
260;20200516;11;50;153;135;10225;50
260;20200516;12;50;150;177;10225;48
260;20200516;13;50;146;258;10224;49
260;20200516;14;50;145;149;10223;56
260;20200516;15;40;132;134;10222;61
260;20200516;16;40;128;56;10224;63
260;20200516;17;50;131;133;10224;55
260;20200516;18;30;128;60;10224;52
260;20200516;19;30;113;25;10224;61
260;20200516;20;20;103;2;10230;67
260;20200516;21;20;81;0;10230;79
260;20200516;22;10;61;0;10231;89
260;20200516;23;10;45;0;10232;93
260;20200516;24;10;33;0;10233;98
260;20200517;1;10;27;0;10232;98
260;20200517;2;10;22;0;10232;98
260;20200517;3;10;20;0;10232;98
260;20200517;4;10;24;1;10233;98
260;20200517;5;10;41;14;10233;97
260;20200517;6;10;93;70;10235;75
260;20200517;7;20;134;117;10236;59
260;20200517;8;40;149;181;10238;53
260;20200517;9;40;164;227;10240;48
260;20200517;10;40;158;122;10243;46
260;20200517;11;40;161;116;10243;42
260;20200517;12;40;179;263;10243;40
260;20200517;13;40;183;177;10239;38
260;20200517;14;40;181;232;10237;38
260;20200517;15;40;184;242;10235;38
260;20200517;16;40;183;198;10233;37
260;20200517;17;40;180;141;10232;38
260;20200517;18;20;174;79;10228;41
260;20200517;19;20;158;29;10229;46
260;20200517;20;10;111;1;10231;72
260;20200517;21;10;94;0;10232;80
260;20200517;22;20;119;0;10231;63
260;20200517;23;20;89;0;10228;79
260;20200517;24;10;68;0;10228;90
260;20200518;1;20;69;0;10227;91
260;20200518;2;20;100;0;10224;78
260;20200518;3;30;104;0;10223;78
260;20200518;4;30;104;1;10221;79
260;20200518;5;30;110;16;10223;79
260;20200518;6;30;130;69;10224;77
260;20200518;7;30;145;114;10227;74
260;20200518;8;30;162;173;10227;68
260;20200518;9;40;182;230;10226;60
260;20200518;10;50;189;277;10228;55
260;20200518;11;50;196;279;10223;50
260;20200518;12;50;209;314;10226;45
260;20200518;13;50;205;303;10225;48
260;20200518;14;50;206;278;10225;41
260;20200518;15;50;197;209;10225;36
260;20200518;16;40;200;194;10224;46
260;20200518;17;40;194;135;10222;39
260;20200518;18;30;176;78;10225;38
260;20200518;19;20;155;15;10227;55
260;20200518;20;10;139;2;10226;67
260;20200518;21;10;116;0;10225;80
260;20200518;22;0;104;0;10224;89
260;20200518;23;10;93;0;10223;93
260;20200518;24;10;87;0;10219;93
260;20200519;1;20;117;0;10218;78
260;20200519;2;20;124;0;10218;75
260;20200519;3;20;118;0;10215;76
260;20200519;4;10;122;1;10214;80
260;20200519;5;20;130;17;10215;78
260;20200519;6;20;141;51;10218;76
260;20200519;7;20;167;111;10219;67
260;20200519;8;30;182;174;10221;63
260;20200519;9;30;190;194;10222;59
260;20200519;10;40;202;284;10220;54
260;20200519;11;40;207;279;10221;51
260;20200519;12;50;209;302;10222;48
260;20200519;13;40;214;262;10220;47
260;20200519;14;40;214;262;10218;50
260;20200519;15;50;205;241;10221;48
260;20200519;16;40;198;194;10220;53
260;20200519;17;40;190;142;10221;57
260;20200519;18;30;181;78;10224;61
260;20200519;19;30;169;30;10227;65
260;20200519;20;20;163;1;10228;70
260;20200519;21;20;150;0;10231;78
260;20200519;22;20;142;0;10232;83
260;20200519;23;10;137;0;10233;82
260;20200519;24;10;111;0;10233;91
260;20200520;1;10;98;0;10234;97
260;20200520;2;10;115;0;10232;95
260;20200520;3;10;101;0;10229;95
260;20200520;4;10;101;1;10230;96
260;20200520;5;10;132;22;10234;88
260;20200520;6;10;148;55;10234;81
260;20200520;7;10;160;129;10238;71
260;20200520;8;20;167;166;10239;68
260;20200520;9;20;180;174;10238;64
260;20200520;10;30;188;159;10240;60
260;20200520;11;30;198;250;10237;54
260;20200520;12;30;202;309;10236;52
260;20200520;13;30;205;233;10232;52
260;20200520;14;30;204;210;10229;54
260;20200520;15;30;208;172;10227;52
260;20200520;16;30;210;183;10226;50
260;20200520;17;30;212;144;10223;50
260;20200520;18;30;204;84;10222;53
260;20200520;19;30;194;33;10223;57
260;20200520;20;20;168;3;10226;69
260;20200520;21;20;146;0;10229;79
260;20200520;22;10;125;0;10230;91
260;20200520;23;10;114;0;10229;93
260;20200520;24;10;109;0;10227;96
260;20200521;1;10;101;0;10224;97
260;20200521;2;10;96;0;10222;97
260;20200521;3;10;92;0;10220;96
260;20200521;4;10;90;1;10220;95
260;20200521;5;10;119;26;10219;95
260;20200521;6;10;165;75;10221;71
260;20200521;7;20;181;113;10223;62
260;20200521;8;30;200;186;10219;57
260;20200521;9;40;207;202;10217;48
260;20200521;10;30;222;264;10221;47
260;20200521;11;30;229;300;10214;42
260;20200521;12;30;241;302;10213;38
260;20200521;13;30;248;287;10204;38
260;20200521;14;30;253;285;10201;37
260;20200521;15;30;261;249;10199;33
260;20200521;16;30;267;195;10195;32
260;20200521;17;30;266;140;10192;34
260;20200521;18;20;254;80;10188;40
260;20200521;19;10;233;33;10187;52
260;20200521;20;10;192;2;10190;73
260;20200521;21;10;175;0;10188;80
260;20200521;22;10;160;0;10186;88
260;20200521;23;20;166;0;10182;73
260;20200521;24;30;185;0;10178;60
260;20200522;1;20;177;0;10173;64
260;20200522;2;20;170;0;10168;69
260;20200522;3;20;171;0;10166;69
260;20200522;4;30;176;1;10161;68
260;20200522;5;20;179;12;10159;69
260;20200522;6;30;193;29;10157;67
260;20200522;7;30;207;31;10152;64
260;20200522;8;30;213;38;10148;64
260;20200522;9;40;232;102;10150;58
260;20200522;10;50;240;138;10149;54
260;20200522;11;50;241;174;10154;50
260;20200522;12;50;225;198;10162;48
260;20200522;13;70;203;83;10170;62
260;20200522;14;50;178;89;10178;77
260;20200522;15;60;186;101;10175;74
260;20200522;16;60;197;134;10173;58
260;20200522;17;80;197;96;10172;44
260;20200522;18;70;192;58;10173;31
260;20200522;19;50;182;27;10177;31
260;20200522;20;50;169;3;10182;36
260;20200522;21;30;162;0;10186;43
260;20200522;22;50;160;0;10188;39
260;20200522;23;50;154;0;10189;45
260;20200522;24;40;147;0;10190;52
260;20200523;1;40;144;0;10190;60
260;20200523;2;40;140;0;10192;70
260;20200523;3;30;138;0;10193;73
260;20200523;4;40;135;0;10196;76
260;20200523;5;30;136;11;10198;77
260;20200523;6;40;141;40;10204;76
260;20200523;7;40;149;73;10208;64
260;20200523;8;50;152;122;10211;62
260;20200523;9;50;155;122;10211;54
260;20200523;10;60;162;239;10214;46
260;20200523;11;60;173;263;10214;42
260;20200523;12;70;184;314;10217;38
260;20200523;13;70;179;298;10217;41
260;20200523;14;80;176;284;10218;41
260;20200523;15;70;177;211;10222;44
260;20200523;16;70;177;155;10225;47
260;20200523;17;70;173;140;10226;47
260;20200523;18;60;161;88;10231;53
260;20200523;19;50;153;35;10236;56
260;20200523;20;60;142;2;10239;64
260;20200523;21;50;134;0;10243;71
260;20200523;22;50;129;0;10243;78
260;20200523;23;50;130;0;10244;80
260;20200523;24;50;128;0;10246;80
260;20200524;1;40;122;0;10246;83
260;20200524;2;30;124;0;10247;75
260;20200524;3;30;130;0;10248;66
260;20200524;4;30;123;1;10251;70
260;20200524;5;30;124;22;10257;72
260;20200524;6;40;135;71;10261;68
260;20200524;7;40;142;101;10264;65
260;20200524;8;50;136;55;10271;71
260;20200524;9;40;126;51;10274;85
260;20200524;10;40;124;38;10277;89
260;20200524;11;40;124;30;10280;92
260;20200524;12;40;128;36;10282;92
260;20200524;13;30;138;48;10287;85
260;20200524;14;40;144;44;10291;81
260;20200524;15;40;146;31;10294;77
260;20200524;16;40;150;40;10296;74
260;20200524;17;50;148;22;10300;74
260;20200524;18;40;144;11;10303;77
260;20200524;19;30;140;5;10308;80
260;20200524;20;30;141;0;10312;79
260;20200524;21;30;137;0;10315;82
260;20200524;22;20;137;0;10317;82
260;20200524;23;20;137;0;10318;81
260;20200524;24;20;136;0;10317;82
260;20200525;1;20;133;0;10316;84
260;20200525;2;20;129;0;10319;86
260;20200525;3;20;129;0;10322;85
260;20200525;4;20;124;1;10324;87
260;20200525;5;20;126;18;10330;86
260;20200525;6;20;140;69;10334;80
260;20200525;7;30;157;130;10337;72
260;20200525;8;30;168;189;10339;67
260;20200525;9;30;175;220;10342;62
260;20200525;10;30;187;239;10342;57
260;20200525;11;30;187;206;10343;58
260;20200525;12;30;199;282;10342;53
260;20200525;13;40;204;269;10341;53
260;20200525;14;40;198;258;10338;52
260;20200525;15;40;201;235;10339;51
260;20200525;16;40;199;193;10341;53
260;20200525;17;40;188;139;10343;59
260;20200525;18;40;178;92;10346;63
260;20200525;19;30;161;37;10349;69
260;20200525;20;30;142;4;10351;77
260;20200525;21;20;119;0;10350;89
260;20200525;22;10;104;0;10352;94
260;20200525;23;0;90;0;10350;98
260;20200525;24;10;82;0;10351;95
260;20200526;1;10;76;0;10353;98
260;20200526;2;0;68;0;10352;98
260;20200526;3;0;67;0;10353;98
260;20200526;4;10;65;2;10354;97
260;20200526;5;10;95;24;10358;97
260;20200526;6;10;124;70;10358;84
260;20200526;7;20;149;127;10360;71
260;20200526;8;20;164;188;10361;67
260;20200526;9;10;182;238;10361;55
260;20200526;10;10;201;279;10359;48
260;20200526;11;20;207;298;10356;46
260;20200526;12;20;226;314;10352;41
260;20200526;13;20;228;311;10348;41
260;20200526;14;20;232;281;10346;38
260;20200526;15;30;223;224;10344;42
260;20200526;16;30;224;129;10342;44
260;20200526;17;40;224;135;10342;46
260;20200526;18;40;213;92;10341;49
260;20200526;19;30;197;36;10344;51
260;20200526;20;20;172;3;10347;54
260;20200526;21;20;160;0;10350;67
260;20200526;22;20;154;0;10347;72
260;20200526;23;20;137;0;10348;78
260;20200526;24;20;130;0;10346;82
260;20200527;1;20;123;0;10345;90
260;20200527;2;20;121;0;10344;94
260;20200527;3;20;128;0;10342;95
260;20200527;4;20;121;2;10344;94
260;20200527;5;20;128;23;10345;92
260;20200527;6;20;142;69;10347;89
260;20200527;7;20;162;114;10345;77
260;20200527;8;30;176;184;10344;61
260;20200527;9;40;192;242;10346;51
260;20200527;10;50;184;269;10347;56
260;20200527;11;40;189;266;10346;55
260;20200527;12;40;189;279;10344;52
260;20200527;13;50;199;315;10343;44
260;20200527;14;40;200;279;10340;43
260;20200527;15;40;201;252;10338;49
260;20200527;16;40;191;212;10337;56
260;20200527;17;50;178;155;10337;58
260;20200527;18;40;167;95;10337;60
260;20200527;19;40;160;38;10337;68
260;20200527;20;40;152;6;10342;68
260;20200527;21;40;140;0;10347;64
260;20200527;22;40;129;0;10352;58
260;20200527;23;40;117;0;10355;65
260;20200527;24;30;105;0;10357;72
260;20200528;1;20;98;0;10356;74
260;20200528;2;20;91;0;10355;77
260;20200528;3;20;85;0;10355;80
260;20200528;4;20;71;2;10359;89
260;20200528;5;10;98;29;10359;79
260;20200528;6;30;119;79;10359;70
260;20200528;7;50;135;138;10359;64
260;20200528;8;40;148;197;10356;59
260;20200528;9;40;162;249;10354;52
260;20200528;10;50;174;292;10349;48
260;20200528;11;50;175;321;10345;43
260;20200528;12;50;185;333;10340;46
260;20200528;13;50;188;305;10334;46
260;20200528;14;50;194;309;10332;44
260;20200528;15;50;190;253;10327;45
260;20200528;16;60;186;211;10324;44
260;20200528;17;60;180;141;10320;44
260;20200528;18;60;172;95;10317;46
260;20200528;19;50;155;35;10317;51
260;20200528;20;40;142;5;10318;50
260;20200528;21;40;130;0;10318;50
260;20200528;22;30;116;0;10319;63
260;20200528;23;30;101;0;10318;76
260;20200528;24;30;91;0;10317;81
260;20200529;1;20;85;0;10316;80
260;20200529;2;20;75;0;10315;84
260;20200529;3;20;72;0;10313;84
260;20200529;4;20;67;3;10312;86
260;20200529;5;20;80;31;10311;82
260;20200529;6;20;101;83;10308;76
260;20200529;7;30;125;142;10306;70
260;20200529;8;30;142;200;10303;64
260;20200529;9;20;161;249;10300;55
260;20200529;10;20;178;289;10296;43
260;20200529;11;20;197;314;10289;37
260;20200529;12;30;209;325;10281;34
260;20200529;13;30;210;320;10272;31
260;20200529;14;30;219;295;10265;32
260;20200529;15;30;221;257;10259;27
260;20200529;16;40;213;208;10255;39
260;20200529;17;50;209;152;10251;41
260;20200529;18;50;200;93;10248;46
260;20200529;19;40;187;39;10246;58
260;20200529;20;40;172;5;10250;62
260;20200529;21;40;156;0;10253;64
260;20200529;22;40;146;0;10256;65
260;20200529;23;40;130;0;10255;70
260;20200529;24;30;118;0;10257;72
260;20200530;1;30;113;0;10256;72
260;20200530;2;30;106;0;10255;74
260;20200530;3;20;98;0;10254;77
260;20200530;4;20;97;2;10254;77
260;20200530;5;20;117;30;10253;68
260;20200530;6;20;144;79;10254;57
260;20200530;7;30;173;137;10254;47
260;20200530;8;30;195;194;10254;40
260;20200530;9;40;206;246;10252;34
260;20200530;10;40;218;287;10248;31
260;20200530;11;40;211;305;10243;29
260;20200530;12;40;227;282;10239;28
260;20200530;13;40;230;314;10233;27
260;20200530;14;40;230;198;10230;30
260;20200530;15;40;232;217;10226;30
260;20200530;16;60;225;201;10222;29
260;20200530;17;50;225;160;10219;28
260;20200530;18;50;220;106;10217;33
260;20200530;19;40;204;40;10219;32
260;20200530;20;40;187;6;10226;45
260;20200530;21;50;169;0;10232;58
260;20200530;22;30;158;0;10233;64
260;20200530;23;30;146;0;10237;68
260;20200530;24;30;139;0;10236;67
260;20200531;1;30;133;0;10235;69
260;20200531;2;30;125;0;10236;72
260;20200531;3;30;115;0;10237;76
260;20200531;4;30;113;1;10239;75
260;20200531;5;30;130;29;10241;69
260;20200531;6;40;153;79;10245;55
260;20200531;7;40;167;126;10242;47
260;20200531;8;60;177;189;10246;43
260;20200531;9;60;182;244;10244;36
260;20200531;10;70;189;286;10242;36
260;20200531;11;60;198;304;10237;38
260;20200531;12;60;202;321;10233;39
260;20200531;13;60;207;309;10231;36
260;20200531;14;60;217;307;10227;33
260;20200531;15;60;215;236;10223;31
260;20200531;16;50;216;182;10220;32
260;20200531;17;60;211;150;10219;33
260;20200531;18;60;207;91;10220;38
260;20200531;19;40;195;39;10221;45
260;20200531;20;40;179;5;10226;56
260;20200531;21;40;165;0;10231;63
260;20200531;22;30;155;0;10232;68
260;20200531;23;40;146;0;10233;72
260;20200531;24;30;136;0;10234;75
260;20200601;1;30;133;0;10233;70
260;20200601;2;30;137;0;10233;64
260;20200601;3;30;126;0;10233;69
260;20200601;4;20;127;4;10235;68
260;20200601;5;20;142;34;10235;65
260;20200601;6;30;159;89;10236;57
260;20200601;7;30;177;142;10236;54
260;20200601;8;30;196;194;10235;46
260;20200601;9;40;212;244;10233;41
260;20200601;10;40;223;289;10229;40
260;20200601;11;40;227;318;10226;36
260;20200601;12;40;230;323;10222;36
260;20200601;13;40;232;268;10220;30
260;20200601;14;30;229;220;10216;30
260;20200601;15;30;242;216;10212;28
260;20200601;16;40;237;235;10207;30
260;20200601;17;40;230;79;10207;29
260;20200601;18;30;223;44;10205;34
260;20200601;19;20;220;37;10205;38
260;20200601;20;20;201;8;10207;50
260;20200601;21;20;175;0;10207;64
260;20200601;22;20;151;0;10207;79
260;20200601;23;20;147;0;10207;80
260;20200601;24;20;131;0;10203;86
260;20200602;1;20;142;0;10198;79
260;20200602;2;20;130;0;10195;82
260;20200602;3;20;119;0;10191;87
260;20200602;4;10;116;3;10190;86
260;20200602;5;20;149;29;10191;68
260;20200602;6;10;176;76;10189;59
260;20200602;7;20;198;136;10186;51
260;20200602;8;20;217;188;10184;48
260;20200602;9;20;229;231;10179;44
260;20200602;10;20;247;281;10173;38
260;20200602;11;30;260;291;10168;34
260;20200602;12;20;261;237;10163;33
260;20200602;13;30;270;279;10155;31
260;20200602;14;30;268;259;10149;33
260;20200602;15;20;272;221;10140;35
260;20200602;16;40;257;172;10136;40
260;20200602;17;40;247;133;10133;38
260;20200602;18;40;225;67;10131;40
260;20200602;19;30;211;28;10128;47
260;20200602;20;20;191;5;10126;59
260;20200602;21;20;177;0;10122;68
260;20200602;22;20;164;0;10116;69
260;20200602;23;20;152;0;10108;76
260;20200602;24;20;146;0;10100;81
260;20200603;1;20;137;0;10093;86
260;20200603;2;20;135;0;10085;90
260;20200603;3;20;134;0;10079;91
260;20200603;4;20;133;3;10075;89
260;20200603;5;20;143;22;10073;85
260;20200603;6;30;160;76;10068;78
260;20200603;7;30;172;118;10066;75
260;20200603;8;30;186;172;10063;69
260;20200603;9;30;199;223;10060;61
260;20200603;10;40;212;275;10056;49
260;20200603;11;40;220;285;10052;45
260;20200603;12;40;221;270;10046;46
260;20200603;13;40;225;252;10041;41
260;20200603;14;40;213;196;10038;48
260;20200603;15;40;204;152;10035;55
260;20200603;16;40;199;136;10030;55
260;20200603;17;40;188;107;10026;62
260;20200603;18;30;181;59;10025;67
260;20200603;19;30;175;26;10023;74
260;20200603;20;30;167;5;10024;76
260;20200603;21;40;154;0;10022;82
260;20200603;22;30;145;0;10017;83
260;20200603;23;30;143;0;10010;85
260;20200603;24;30;144;0;10004;84
260;20200604;1;30;143;0;10001;84
260;20200604;2;30;140;0;9993;83
260;20200604;3;30;138;0;9990;83
260;20200604;4;40;138;0;9985;82
260;20200604;5;40;138;3;9984;81
260;20200604;6;40;138;9;9982;77
260;20200604;7;40;139;21;9981;75
260;20200604;8;40;142;53;9981;73
260;20200604;9;40;144;73;9978;72
260;20200604;10;40;156;83;9975;66
260;20200604;11;40;164;157;9972;63
260;20200604;12;40;154;125;9970;69
260;20200604;13;40;145;82;9970;78
260;20200604;14;50;132;92;9971;81
260;20200604;15;50;122;64;9972;89
260;20200604;16;40;125;86;9969;88
260;20200604;17;40;119;46;9972;87
260;20200604;18;40;108;18;9978;90
260;20200604;19;40;110;19;9978;86
260;20200604;20;30;104;2;9980;87
260;20200604;21;30;103;0;9980;81
260;20200604;22;30;96;0;9980;79
260;20200604;23;20;94;0;9978;80
260;20200604;24;20;83;0;9977;86
260;20200605;1;20;79;0;9972;86
260;20200605;2;30;83;0;9970;82
260;20200605;3;20;80;0;9964;83
260;20200605;4;30;89;2;9958;81
260;20200605;5;30;93;8;9953;83
260;20200605;6;20;95;16;9943;89
260;20200605;7;30;98;35;9933;91
260;20200605;8;40;101;23;9924;93
260;20200605;9;30;102;13;9911;95
260;20200605;10;50;102;57;9909;91
260;20200605;11;50;109;64;9902;88
260;20200605;12;60;128;155;9898;70
260;20200605;13;60;117;170;9901;82
260;20200605;14;60;110;98;9917;78
260;20200605;15;50;112;113;9926;77
260;20200605;16;50;106;93;9937;76
260;20200605;17;40;108;117;9944;74
260;20200605;18;50;112;58;9950;66
260;20200605;19;40;103;19;9955;71
260;20200605;20;30;100;12;9958;73
260;20200605;21;30;91;0;9961;76
260;20200605;22;30;85;0;9962;81
260;20200605;23;30;86;0;9964;82
260;20200605;24;40;87;0;9963;84
260;20200606;1;40;89;0;9964;83
260;20200606;2;50;91;0;9963;74
260;20200606;3;50;88;0;9963;75
260;20200606;4;40;83;3;9965;82
260;20200606;5;40;89;32;9966;83
260;20200606;6;40;101;78;9969;80
260;20200606;7;50;85;77;9975;85
260;20200606;8;50;113;154;9973;78
260;20200606;9;60;119;207;9974;69
260;20200606;10;70;119;216;9978;72
260;20200606;11;80;140;250;9983;44
260;20200606;12;80;147;282;9986;41
260;20200606;13;80;150;264;9987;43
260;20200606;14;80;148;145;9988;46
260;20200606;15;70;143;68;9991;51
260;20200606;16;70;146;91;9992;51
260;20200606;17;70;135;76;9996;59
260;20200606;18;50;125;36;9997;66
260;20200606;19;70;120;15;9997;68
260;20200606;20;70;116;3;10000;71
260;20200606;21;60;116;0;10000;72
260;20200606;22;50;111;0;9999;79
260;20200606;23;50;107;0;10001;84
260;20200606;24;50;103;0;9998;89
260;20200607;1;50;103;0;10001;93
260;20200607;2;40;103;0;10002;92
260;20200607;3;40;103;0;10006;91
260;20200607;4;40;101;2;10011;92
260;20200607;5;40;106;16;10018;89
260;20200607;6;40;104;27;10028;88
260;20200607;7;40;127;87;10035;82
260;20200607;8;40;125;94;10044;76
260;20200607;9;50;142;175;10051;69
260;20200607;10;50;153;190;10059;59
260;20200607;11;40;157;182;10067;60
260;20200607;12;50;140;116;10077;58
260;20200607;13;40;140;98;10083;68
260;20200607;14;40;149;95;10084;62
260;20200607;15;40;137;43;10089;73
260;20200607;16;40;138;44;10092;76
260;20200607;17;30;143;61;10096;66
260;20200607;18;40;138;32;10103;70
260;20200607;19;30;133;17;10106;73
260;20200607;20;40;128;7;10111;78
260;20200607;21;30;123;0;10115;82
260;20200607;22;30;117;0;10117;87
260;20200607;23;20;118;0;10118;89
260;20200607;24;30;118;0;10117;89
260;20200608;1;30;117;0;10116;91
260;20200608;2;30;118;0;10116;92
260;20200608;3;20;117;0;10116;95
260;20200608;4;20;117;2;10120;93
260;20200608;5;20;123;31;10123;91
260;20200608;6;20;128;79;10129;85
260;20200608;7;20;134;84;10134;84
260;20200608;8;20;141;74;10138;77
260;20200608;9;20;147;98;10141;70
260;20200608;10;30;155;200;10143;66
260;20200608;11;30;170;239;10143;53
260;20200608;12;40;178;240;10144;52
260;20200608;13;40;183;320;10146;51
260;20200608;14;50;181;304;10148;57
260;20200608;15;50;180;274;10151;59
260;20200608;16;50;177;220;10152;61
260;20200608;17;50;173;159;10154;59
260;20200608;18;50;164;110;10158;61
260;20200608;19;50;148;45;10165;69
260;20200608;20;50;139;8;10170;76
260;20200608;21;50;134;0;10176;75
260;20200608;22;40;129;0;10182;77
260;20200608;23;40;125;0;10185;78
260;20200608;24;50;118;0;10185;75
260;20200609;1;40;117;0;10185;74
260;20200609;2;30;115;0;10183;74
260;20200609;3;30;114;0;10184;74
260;20200609;4;30;112;1;10189;75
260;20200609;5;30;112;5;10192;75
260;20200609;6;20;116;27;10193;75
260;20200609;7;30;124;57;10196;72
260;20200609;8;30;126;64;10200;68
260;20200609;9;30;139;126;10200;64
260;20200609;10;30;149;248;10198;60
260;20200609;11;30;143;105;10201;62
260;20200609;12;20;144;54;10200;61
260;20200609;13;30;156;154;10194;60
260;20200609;14;30;156;203;10193;60
260;20200609;15;30;165;151;10189;57
260;20200609;16;20;160;102;10187;54
260;20200609;17;20;156;91;10187;56
260;20200609;18;30;153;28;10188;59
260;20200609;19;20;151;27;10189;58
260;20200609;20;30;138;11;10193;62
260;20200609;21;20;116;0;10196;74
260;20200609;22;20;124;0;10194;70
260;20200609;23;20;104;0;10192;82
260;20200609;24;10;94;0;10188;87
260;20200610;1;20;86;0;10182;89
260;20200610;2;10;74;0;10179;93
260;20200610;3;10;64;0;10177;96
260;20200610;4;10;68;2;10176;97
260;20200610;5;10;89;14;10177;91
260;20200610;6;10;102;24;10177;82
260;20200610;7;10;138;128;10175;72
260;20200610;8;10;153;126;10172;64
260;20200610;9;20;170;229;10168;60
260;20200610;10;30;159;166;10167;63
260;20200610;11;30;162;147;10164;65
260;20200610;12;40;167;193;10161;63
260;20200610;13;30;165;97;10159;64
260;20200610;14;30;164;61;10155;62
260;20200610;15;20;166;42;10151;68
260;20200610;16;20;171;90;10147;65
260;20200610;17;30;174;96;10144;67
260;20200610;18;30;169;33;10144;71
260;20200610;19;20;166;14;10144;73
260;20200610;20;20;153;2;10145;84
260;20200610;21;20;146;0;10146;85
260;20200610;22;30;144;0;10145;84
260;20200610;23;20;144;0;10142;82
260;20200610;24;20;139;0;10139;86
260;20200611;1;20;136;0;10135;90
260;20200611;2;20;137;0;10131;86
260;20200611;3;30;134;0;10128;86
260;20200611;4;30;132;1;10128;85
260;20200611;5;30;136;24;10127;84
260;20200611;6;40;145;37;10127;82
260;20200611;7;40;151;71;10127;80
260;20200611;8;40;144;53;10126;89
260;20200611;9;30;141;33;10120;92
260;20200611;10;20;144;48;10118;94
260;20200611;11;20;147;62;10116;91
260;20200611;12;20;147;37;10112;92
260;20200611;13;20;163;100;10108;85
260;20200611;14;20;174;143;10105;80
260;20200611;15;30;187;163;10099;65
260;20200611;16;30;198;214;10098;61
260;20200611;17;30;192;105;10098;62
260;20200611;18;30;192;46;10098;63
260;20200611;19;30;183;43;10098;65
260;20200611;20;20;168;9;10103;72
260;20200611;21;30;157;0;10106;80
260;20200611;22;30;151;0;10107;86
260;20200611;23;30;149;0;10107;88
260;20200611;24;30;151;0;10102;88
260;20200612;1;30;145;0;10098;92
260;20200612;2;30;147;0;10096;93
260;20200612;3;20;148;0;10091;93
260;20200612;4;30;149;1;10087;93
260;20200612;5;30;156;27;10084;91
260;20200612;6;40;168;75;10086;85
260;20200612;7;40;184;132;10084;77
260;20200612;8;40;203;189;10079;72
260;20200612;9;50;211;191;10073;62
260;20200612;10;50;221;225;10071;59
260;20200612;11;60;234;300;10068;51
260;20200612;12;50;239;310;10066;50
260;20200612;13;50;253;315;10063;49
260;20200612;14;50;255;294;10061;44
260;20200612;15;40;259;242;10059;43
260;20200612;16;30;251;70;10058;48
260;20200612;17;30;223;32;10066;58
260;20200612;18;30;200;15;10065;75
260;20200612;19;30;197;27;10065;77
260;20200612;20;20;189;11;10066;84
260;20200612;21;30;186;0;10067;85
260;20200612;22;70;160;0;10093;94
260;20200612;23;20;158;0;10084;95
260;20200612;24;20;155;0;10087;97
260;20200613;1;20;155;0;10097;97
260;20200613;2;20;155;0;10098;96
260;20200613;3;20;153;0;10091;96
260;20200613;4;20;155;3;10097;96
260;20200613;5;10;160;22;10093;95
260;20200613;6;20;168;56;10101;92
260;20200613;7;20;178;101;10108;90
260;20200613;8;30;194;181;10108;80
260;20200613;9;30;203;233;10111;74
260;20200613;10;40;214;263;10113;67
260;20200613;11;30;225;302;10112;64
260;20200613;12;30;237;316;10113;59
260;20200613;13;30;242;301;10112;57
260;20200613;14;20;253;284;10108;54
260;20200613;15;30;250;229;10106;52
260;20200613;16;20;251;202;10103;52
260;20200613;17;20;260;148;10101;47
260;20200613;18;30;232;89;10108;66
260;20200613;19;50;216;35;10121;69
260;20200613;20;30;208;7;10121;76
260;20200613;21;30;200;0;10124;79
260;20200613;22;20;187;0;10127;87
260;20200613;23;10;175;0;10120;93
260;20200613;24;10;168;0;10124;95
260;20200614;1;10;166;0;10121;95
260;20200614;2;10;159;0;10122;98
260;20200614;3;10;158;0;10121;98
260;20200614;4;10;171;3;10125;97
260;20200614;5;20;176;17;10127;98
260;20200614;6;10;178;27;10130;98
260;20200614;7;10;193;80;10131;89
260;20200614;8;10;210;122;10135;84
260;20200614;9;20;226;170;10137;77
260;20200614;10;30;223;167;10139;74
260;20200614;11;30;215;100;10142;75
260;20200614;12;40;212;85;10144;75
260;20200614;13;40;194;77;10144;78
260;20200614;14;30;198;91;10146;70
260;20200614;15;40;193;102;10146;69
260;20200614;16;40;188;68;10155;72
260;20200614;17;30;179;41;10157;74
260;20200614;18;20;177;23;10157;77
260;20200614;19;20;170;11;10157;77
260;20200614;20;20;167;3;10159;78
260;20200614;21;20;164;0;10160;80
260;20200614;22;10;156;0;10160;86
260;20200614;23;20;156;0;10160;86
260;20200614;24;10;156;0;10160;87
260;20200615;1;10;152;0;10162;90
260;20200615;2;10;157;0;10160;85
260;20200615;3;10;157;0;10158;83
260;20200615;4;10;158;2;10158;82
260;20200615;5;10;165;15;10160;76
260;20200615;6;10;175;52;10163;73
260;20200615;7;20;185;80;10166;67
260;20200615;8;20;193;118;10166;65
260;20200615;9;20;198;99;10168;65
260;20200615;10;20;200;94;10170;64
260;20200615;11;20;209;143;10170;60
260;20200615;12;30;226;309;10167;53
260;20200615;13;20;228;216;10164;56
260;20200615;14;20;231;173;10162;55
260;20200615;15;30;226;192;10161;54
260;20200615;16;30;225;129;10162;53
260;20200615;17;30;219;101;10162;54
260;20200615;18;20;212;42;10162;58
260;20200615;19;20;202;23;10163;60
260;20200615;20;20;195;5;10167;65
260;20200615;21;10;171;0;10168;83
260;20200615;22;10;171;0;10167;82
260;20200615;23;10;168;0;10165;85
260;20200615;24;10;165;0;10162;89
260;20200616;1;10;163;0;10160;91
260;20200616;2;0;159;0;10158;95
260;20200616;3;10;158;0;10156;95
260;20200616;4;0;157;1;10157;96
260;20200616;5;10;162;9;10157;96
260;20200616;6;0;170;16;10160;95
260;20200616;7;10;184;42;10161;89
260;20200616;8;20;190;86;10159;79
260;20200616;9;10;199;100;10159;78
260;20200616;10;10;201;125;10159;75
260;20200616;11;10;197;87;10156;78
260;20200616;12;20;192;56;10155;84
260;20200616;13;30;200;134;10150;82
260;20200616;14;30;205;140;10151;74
260;20200616;15;30;207;96;10149;70
260;20200616;16;20;201;60;10147;73
260;20200616;17;10;195;39;10143;83
260;20200616;18;20;178;15;10141;86
260;20200616;19;10;175;6;10142;90
260;20200616;20;0;174;2;10141;93
260;20200616;21;10;165;0;10140;94
260;20200616;22;10;159;0;10141;96
260;20200616;23;10;154;0;10142;98
260;20200616;24;10;144;0;10141;97
260;20200617;1;10;137;0;10138;98
260;20200617;2;10;134;0;10134;98
260;20200617;3;20;135;0;10130;99
260;20200617;4;10;126;3;10130;98
260;20200617;5;10;150;25;10131;98
260;20200617;6;20;170;64;10132;87
260;20200617;7;20;194;119;10134;77
260;20200617;8;20;205;151;10134;69
260;20200617;9;30;215;221;10131;67
260;20200617;10;30;221;220;10131;60
260;20200617;11;40;227;242;10127;55
260;20200617;12;40;232;295;10120;52
260;20200617;13;50;231;243;10113;50
260;20200617;14;50;239;274;10112;47
260;20200617;15;50;227;136;10108;54
260;20200617;16;40;235;164;10102;52
260;20200617;17;40;229;94;10099;58
260;20200617;18;40;210;31;10097;74
260;20200617;19;30;189;7;10094;88
260;20200617;20;40;181;3;10104;87
260;20200617;21;20;176;0;10104;92
260;20200617;22;20;171;0;10106;95
260;20200617;23;20;168;0;10101;93
260;20200617;24;20;168;0;10101;95
260;20200618;1;20;165;0;10094;96
260;20200618;2;20;165;0;10091;96
260;20200618;3;10;161;0;10087;97
260;20200618;4;20;163;1;10087;97
260;20200618;5;30;155;2;10091;94
260;20200618;6;40;156;12;10094;91
260;20200618;7;40;161;43;10097;87
260;20200618;8;30;168;81;10104;83
260;20200618;9;40;176;84;10110;80
260;20200618;10;40;185;134;10112;72
260;20200618;11;40;202;187;10113;65
260;20200618;12;40;214;308;10113;59
260;20200618;13;40;217;249;10112;58
260;20200618;14;20;213;135;10113;56
260;20200618;15;10;216;115;10112;56
260;20200618;16;20;212;87;10113;63
260;20200618;17;20;211;68;10111;63
260;20200618;18;10;209;55;10114;67
260;20200618;19;30;171;9;10125;77
260;20200618;20;20;153;0;10127;92
260;20200618;21;20;150;0;10134;94
260;20200618;22;10;145;0;10136;96
260;20200618;23;10;136;0;10137;98
260;20200618;24;10;131;0;10138;98
260;20200619;1;10;122;0;10136;99
260;20200619;2;10;115;0;10137;98
260;20200619;3;10;110;0;10137;99
260;20200619;4;10;113;3;10140;99
260;20200619;5;10;140;33;10140;98
260;20200619;6;10;165;80;10143;90
260;20200619;7;10;185;128;10144;78
260;20200619;8;10;201;186;10145;73
260;20200619;9;30;203;221;10148;70
260;20200619;10;40;210;240;10150;63
260;20200619;11;50;217;270;10153;56
260;20200619;12;40;213;231;10155;57
260;20200619;13;50;214;233;10158;57
260;20200619;14;30;204;127;10162;63
260;20200619;15;40;219;184;10164;56
260;20200619;16;30;213;165;10165;55
260;20200619;17;30;207;112;10166;58
260;20200619;18;40;188;30;10173;67
260;20200619;19;40;182;12;10177;63
260;20200619;20;30;175;8;10180;63
260;20200619;21;20;162;0;10186;71
260;20200619;22;20;131;0;10190;92
260;20200619;23;10;120;0;10192;95
260;20200619;24;10;115;0;10196;96
260;20200620;1;20;129;0;10196;87
260;20200620;2;20;137;0;10195;82
260;20200620;3;20;134;0;10197;83
260;20200620;4;20;134;3;10201;85
260;20200620;5;20;145;32;10202;83
260;20200620;6;20;157;80;10205;80
260;20200620;7;30;160;111;10210;79
260;20200620;8;20;175;140;10211;71
260;20200620;9;20;180;148;10212;66
260;20200620;10;20;187;129;10215;65
260;20200620;11;20;194;132;10215;63
260;20200620;12;20;182;63;10217;70
260;20200620;13;20;198;158;10215;60
260;20200620;14;10;214;257;10213;51
260;20200620;15;20;209;155;10212;55
260;20200620;16;20;215;93;10209;57
260;20200620;17;30;208;127;10209;57
260;20200620;18;30;203;114;10209;57
260;20200620;19;20;194;54;10210;56
260;20200620;20;20;163;11;10211;73
260;20200620;21;0;136;0;10212;89
260;20200620;22;10;126;0;10212;93
260;20200620;23;10;116;0;10210;97
260;20200620;24;10;113;0;10207;97
260;20200621;1;20;109;0;10202;96
260;20200621;2;20;112;0;10198;97
260;20200621;3;10;109;0;10195;97
260;20200621;4;20;115;4;10194;97
260;20200621;5;30;146;31;10193;84
260;20200621;6;30;170;80;10190;75
260;20200621;7;40;196;149;10189;68
260;20200621;8;40;203;136;10186;63
260;20200621;9;40;219;170;10184;58
260;20200621;10;50;217;247;10183;60
260;20200621;11;50;235;312;10182;49
260;20200621;12;50;238;237;10179;48
260;20200621;13;50;232;187;10179;50
260;20200621;14;50;236;151;10178;52
260;20200621;15;50;220;69;10180;57
260;20200621;16;40;198;51;10185;65
260;20200621;17;30;211;63;10186;63
260;20200621;18;30;212;93;10185;62
260;20200621;19;30;206;42;10189;66
260;20200621;20;30;196;8;10192;71
260;20200621;21;30;183;0;10202;70
260;20200621;22;40;174;0;10207;58
260;20200621;23;30;164;0;10210;70
260;20200621;24;30;157;0;10213;77
260;20200622;1;20;141;0;10216;86
260;20200622;2;20;133;0;10218;90
260;20200622;3;20;135;0;10222;95
260;20200622;4;20;139;4;10228;95
260;20200622;5;20;154;33;10231;87
260;20200622;6;20;172;79;10237;74
260;20200622;7;20;182;136;10244;68
260;20200622;8;30;192;182;10249;61
260;20200622;9;30;209;238;10253;52
260;20200622;10;30;208;284;10255;47
260;20200622;11;30;212;237;10259;50
260;20200622;12;30;221;219;10262;42
260;20200622;13;30;213;167;10262;47
260;20200622;14;30;218;211;10261;45
260;20200622;15;30;224;248;10258;45
260;20200622;16;30;216;209;10255;47
260;20200622;17;30;218;157;10254;43
260;20200622;18;20;212;101;10254;47
260;20200622;19;30;196;49;10256;54
260;20200622;20;20;173;11;10255;66
260;20200622;21;10;141;0;10256;85
260;20200622;22;10;126;0;10258;92
260;20200622;23;10;115;0;10259;95
260;20200622;24;0;112;0;10259;96
260;20200623;1;0;105;0;10257;98
260;20200623;2;10;99;0;10256;98
260;20200623;3;10;100;0;10256;97
260;20200623;4;10;101;3;10257;96
260;20200623;5;10;129;30;10257;85
260;20200623;6;10;170;78;10258;70
260;20200623;7;20;191;135;10259;63
260;20200623;8;20;207;189;10260;57
260;20200623;9;20;218;238;10260;51
260;20200623;10;20;230;272;10260;47
260;20200623;11;20;238;303;10259;48
260;20200623;12;20;239;313;10258;46
260;20200623;13;20;250;306;10255;43
260;20200623;14;10;258;282;10250;44
260;20200623;15;20;265;250;10246;43
260;20200623;16;20;262;205;10242;42
260;20200623;17;30;259;154;10240;46
260;20200623;18;40;240;98;10239;51
260;20200623;19;40;231;48;10239;54
260;20200623;20;30;218;10;10242;60
260;20200623;21;20;204;0;10245;64
260;20200623;22;20;176;0;10243;78
260;20200623;23;20;167;0;10241;81
260;20200623;24;20;162;0;10241;85
260;20200624;1;10;150;0;10240;91
260;20200624;2;10;151;0;10237;91
260;20200624;3;20;155;0;10238;87
260;20200624;4;20;162;4;10239;83
260;20200624;5;20;185;32;10240;72
260;20200624;6;30;208;78;10238;61
260;20200624;7;30;226;134;10238;54
260;20200624;8;30;241;188;10237;48
260;20200624;9;40;256;239;10232;44
260;20200624;10;40;266;280;10229;38
260;20200624;11;40;277;308;10227;37
260;20200624;12;40;285;328;10221;33
260;20200624;13;40;288;323;10219;34
260;20200624;14;40;292;279;10214;37
260;20200624;15;40;286;245;10213;38
260;20200624;16;40;285;155;10209;38
260;20200624;17;40;281;130;10207;37
260;20200624;18;50;273;115;10206;41
260;20200624;19;50;257;50;10207;43
260;20200624;20;40;238;12;10210;47
260;20200624;21;40;219;0;10215;49
260;20200624;22;30;204;0;10215;48
260;20200624;23;40;207;0;10212;47
260;20200624;24;40;198;0;10210;54
260;20200625;1;40;187;0;10207;61
260;20200625;2;30;177;0;10205;67
260;20200625;3;30;172;0;10204;70
260;20200625;4;30;176;4;10204;70
260;20200625;5;30;189;35;10202;68
260;20200625;6;30;205;80;10202;63
260;20200625;7;40;226;135;10201;57
260;20200625;8;50;234;190;10201;54
260;20200625;9;40;248;241;10197;52
260;20200625;10;40;264;280;10194;44
260;20200625;11;50;272;308;10189;42
260;20200625;12;50;280;320;10184;42
260;20200625;13;60;284;292;10178;40
260;20200625;14;50;288;266;10171;41
260;20200625;15;50;291;257;10165;40
260;20200625;16;50;291;182;10159;43
260;20200625;17;50;285;133;10154;44
260;20200625;18;50;276;94;10150;46
260;20200625;19;40;267;46;10151;50
260;20200625;20;30;248;10;10153;55
260;20200625;21;30;240;0;10154;60
260;20200625;22;40;232;0;10149;65
260;20200625;23;30;223;0;10144;69
260;20200625;24;30;213;0;10141;73
260;20200626;1;30;204;0;10139;77
260;20200626;2;20;192;0;10136;81
260;20200626;3;20;192;0;10131;77
260;20200626;4;20;204;3;10131;70
260;20200626;5;30;210;28;10126;67
260;20200626;6;30;223;75;10127;63
260;20200626;7;40;231;130;10127;61
260;20200626;8;40;246;186;10123;55
260;20200626;9;50;261;239;10118;49
260;20200626;10;50;270;282;10116;43
260;20200626;11;50;277;307;10109;39
260;20200626;12;50;284;315;10111;41
260;20200626;13;40;293;305;10106;37
260;20200626;14;40;293;282;10102;37
260;20200626;15;30;294;249;10094;38
260;20200626;16;20;299;207;10088;35
260;20200626;17;30;291;150;10088;38
260;20200626;18;20;276;48;10086;45
260;20200626;19;30;240;9;10093;70
260;20200626;20;40;224;2;10097;73
260;20200626;21;20;211;0;10101;85
260;20200626;22;30;199;0;10103;92
260;20200626;23;10;196;0;10098;94
260;20200626;24;10;193;0;10092;98
260;20200627;1;10;189;0;10089;98
260;20200627;2;10;185;0;10089;98
260;20200627;3;20;182;0;10082;98
260;20200627;4;10;188;6;10085;97
260;20200627;5;20;191;17;10085;97
260;20200627;6;20;197;30;10091;93
260;20200627;7;20;201;41;10088;93
260;20200627;8;30;216;153;10085;78
260;20200627;9;40;226;201;10081;75
260;20200627;10;50;220;110;10084;76
260;20200627;11;50;236;148;10085;70
260;20200627;12;50;237;187;10080;63
260;20200627;13;40;244;166;10080;60
260;20200627;14;50;222;117;10084;74
260;20200627;15;60;210;143;10087;74
260;20200627;16;60;215;154;10083;69
260;20200627;17;50;225;106;10077;66
260;20200627;18;50;225;58;10077;62
260;20200627;19;60;215;23;10083;67
260;20200627;20;40;184;3;10090;84
260;20200627;21;20;178;0;10091;87
260;20200627;22;30;182;0;10093;82
260;20200627;23;30;184;0;10094;70
260;20200627;24;40;182;0;10092;68
260;20200628;1;40;177;0;10090;72
260;20200628;2;40;176;0;10090;68
260;20200628;3;40;167;0;10093;73
260;20200628;4;50;162;0;10095;71
260;20200628;5;50;161;11;10097;68
260;20200628;6;50;161;32;10102;70
260;20200628;7;50;164;42;10108;72
260;20200628;8;60;170;92;10114;66
260;20200628;9;70;180;188;10118;60
260;20200628;10;70;188;208;10121;53
260;20200628;11;70;180;217;10123;57
260;20200628;12;60;194;255;10124;51
260;20200628;13;70;204;271;10123;46
260;20200628;14;60;203;144;10125;49
260;20200628;15;60;209;209;10124;46
260;20200628;16;60;207;160;10123;46
260;20200628;17;60;204;138;10122;45
260;20200628;18;60;199;104;10123;49
260;20200628;19;50;184;50;10122;54
260;20200628;20;40;173;11;10122;60
260;20200628;21;30;163;0;10122;65
260;20200628;22;30;154;0;10118;69
260;20200628;23;40;157;0;10117;58
260;20200628;24;40;155;0;10114;60
260;20200629;1;50;148;0;10112;61
260;20200629;2;40;139;0;10111;67
260;20200629;3;40;136;0;10109;70
260;20200629;4;40;135;5;10107;72
260;20200629;5;40;141;23;10106;76
260;20200629;6;50;147;55;10106;75
260;20200629;7;60;158;116;10105;69
260;20200629;8;60;162;99;10107;66
260;20200629;9;60;166;191;10109;60
260;20200629;10;60;173;131;10108;58
260;20200629;11;70;164;96;10113;58
260;20200629;12;60;160;109;10112;63
260;20200629;13;60;169;82;10108;57
260;20200629;14;60;177;74;10106;55
260;20200629;15;60;177;111;10103;56
260;20200629;16;60;175;78;10101;56
260;20200629;17;60;188;138;10100;48
260;20200629;18;70;173;74;10098;51
260;20200629;19;70;169;18;10096;54
260;20200629;20;70;162;8;10096;57
260;20200629;21;60;159;0;10095;59
260;20200629;22;60;158;0;10092;57
260;20200629;23;60;154;0;10091;65
260;20200629;24;60;152;0;10087;69
260;20200630;1;60;151;0;10082;72
260;20200630;2;60;147;0;10080;75
260;20200630;3;60;147;0;10077;76
260;20200630;4;60;143;0;10079;78
260;20200630;5;60;143;12;10078;79
260;20200630;6;50;144;11;10079;80
260;20200630;7;50;148;17;10080;78
260;20200630;8;50;155;44;10083;76
260;20200630;9;60;172;149;10080;67
260;20200630;10;70;151;106;10086;85
260;20200630;11;60;176;129;10083;72
260;20200630;12;70;183;126;10084;65
260;20200630;13;70;190;136;10083;61
260;20200630;14;50;181;82;10083;72
260;20200630;15;50;166;50;10082;85
260;20200630;16;50;164;40;10076;92
260;20200630;17;40;163;20;10070;93
260;20200630;18;50;164;12;10066;95
260;20200630;19;50;161;7;10067;95
260;20200630;20;50;161;2;10068;94
260;20200630;21;30;160;0;10069;96
260;20200630;22;30;158;0;10068;96
260;20200630;23;20;158;0;10067;96
260;20200630;24;20;160;0;10063;97
260;20200701;1;20;164;0;10059;96
260;20200701;2;30;165;0;10055;94
260;20200701;3;20;165;0;10053;95
260;20200701;4;20;167;0;10051;94
260;20200701;5;30;170;4;10050;94
260;20200701;6;30;169;10;10050;95
260;20200701;7;30;175;50;10050;91
260;20200701;8;40;176;55;10052;90
260;20200701;9;40;183;95;10051;86
260;20200701;10;40;189;163;10051;77
260;20200701;11;50;188;148;10052;77
260;20200701;12;50;196;154;10054;74
260;20200701;13;70;197;292;10058;64
260;20200701;14;50;194;146;10061;63
260;20200701;15;60;195;135;10064;62
260;20200701;16;50;197;129;10065;60
260;20200701;17;50;200;148;10068;58
260;20200701;18;50;196;101;10070;60
260;20200701;19;40;186;49;10071;62
260;20200701;20;30;178;13;10073;68
260;20200701;21;30;166;0;10077;74
260;20200701;22;30;164;0;10080;74
260;20200701;23;40;159;0;10080;79
260;20200701;24;40;161;0;10080;80
260;20200702;1;40;155;0;10082;83
260;20200702;2;30;156;0;10081;83
260;20200702;3;30;154;0;10082;84
260;20200702;4;30;153;1;10083;87
260;20200702;5;30;153;7;10085;88
260;20200702;6;40;156;17;10088;88
260;20200702;7;40;164;39;10091;85
260;20200702;8;40;183;115;10092;76
260;20200702;9;50;182;137;10096;74
260;20200702;10;50;183;125;10100;64
260;20200702;11;50;186;139;10103;66
260;20200702;12;50;196;274;10107;52
260;20200702;13;60;203;198;10109;52
260;20200702;14;60;200;274;10111;52
260;20200702;15;50;201;202;10112;49
260;20200702;16;40;192;106;10115;55
260;20200702;17;40;185;81;10119;60
260;20200702;18;40;181;66;10123;63
260;20200702;19;30;152;15;10127;85
260;20200702;20;20;156;13;10131;85
260;20200702;21;20;151;0;10137;89
260;20200702;22;20;148;0;10138;92
260;20200702;23;20;153;0;10141;92
260;20200702;24;20;153;0;10141;92
260;20200703;1;20;156;0;10143;93
260;20200703;2;30;149;0;10142;94
260;20200703;3;30;145;0;10146;94
260;20200703;4;30;145;1;10152;90
260;20200703;5;20;148;22;10156;88
260;20200703;6;20;156;39;10158;84
260;20200703;7;30;167;73;10161;81
260;20200703;8;40;174;126;10160;76
260;20200703;9;40;185;129;10160;71
260;20200703;10;50;191;140;10161;69
260;20200703;11;60;191;158;10164;70
260;20200703;12;60;194;138;10163;66
260;20200703;13;60;212;249;10161;53
260;20200703;14;70;207;286;10163;49
260;20200703;15;70;207;233;10158;51
260;20200703;16;70;208;189;10157;57
260;20200703;17;60;194;111;10157;60
260;20200703;18;60;192;96;10158;61
260;20200703;19;60;179;27;10159;64
260;20200703;20;50;173;7;10157;66
260;20200703;21;60;171;0;10157;63
260;20200703;22;60;167;0;10154;65
260;20200703;23;60;165;0;10152;70
260;20200703;24;60;165;0;10148;71
260;20200704;1;60;158;0;10146;76
260;20200704;2;60;150;0;10146;81
260;20200704;3;60;139;0;10142;90
260;20200704;4;60;139;0;10137;92
260;20200704;5;60;149;4;10132;87
260;20200704;6;60;157;22;10130;82
260;20200704;7;70;160;31;10128;85
260;20200704;8;60;162;56;10126;87
260;20200704;9;60;156;42;10127;94
260;20200704;10;70;160;49;10125;91
260;20200704;11;70;163;37;10128;88
260;20200704;12;60;170;57;10125;88
260;20200704;13;70;170;54;10126;89
260;20200704;14;60;169;46;10125;93
260;20200704;15;50;171;37;10125;94
260;20200704;16;60;173;32;10121;95
260;20200704;17;50;176;20;10117;95
260;20200704;18;50;180;10;10112;93
260;20200704;19;50;179;4;10109;95
260;20200704;20;60;180;2;10109;94
260;20200704;21;50;178;0;10107;97
260;20200704;22;50;179;0;10104;96
260;20200704;23;60;175;0;10105;95
260;20200704;24;70;173;0;10105;91
260;20200705;1;60;174;0;10099;90
260;20200705;2;60;175;0;10094;87
260;20200705;3;70;173;0;10091;85
260;20200705;4;70;172;0;10089;84
260;20200705;5;80;170;4;10089;85
260;20200705;6;80;171;10;10088;87
260;20200705;7;70;171;14;10091;89
260;20200705;8;70;171;23;10094;92
260;20200705;9;60;171;31;10097;94
260;20200705;10;60;179;60;10097;87
260;20200705;11;70;187;66;10099;81
260;20200705;12;80;198;166;10099;72
260;20200705;13;80;200;143;10100;72
260;20200705;14;80;207;217;10100;65
260;20200705;15;70;200;122;10103;66
260;20200705;16;60;201;133;10101;62
260;20200705;17;70;198;104;10099;57
260;20200705;18;70;189;100;10099;67
260;20200705;19;70;177;27;10099;67
260;20200705;20;70;171;4;10102;70
260;20200705;21;70;166;0;10103;72
260;20200705;22;60;161;0;10105;74
260;20200705;23;60;157;0;10105;78
260;20200705;24;50;155;0;10107;68
260;20200706;1;50;155;0;10108;62
260;20200706;2;50;147;0;10107;66
260;20200706;3;40;146;0;10108;69
260;20200706;4;40;146;1;10112;66
260;20200706;5;50;147;17;10116;68
260;20200706;6;50;152;41;10122;65
260;20200706;7;60;145;58;10129;70
260;20200706;8;50;143;78;10134;80
260;20200706;9;50;148;111;10140;79
260;20200706;10;60;162;145;10148;66
260;20200706;11;60;172;255;10154;62
260;20200706;12;60;182;333;10160;57
260;20200706;13;50;163;151;10168;70
260;20200706;14;60;163;199;10177;64
260;20200706;15;60;156;189;10184;71
260;20200706;16;50;161;110;10190;69
260;20200706;17;50;162;83;10194;64
260;20200706;18;50;156;68;10198;66
260;20200706;19;40;154;50;10204;66
260;20200706;20;30;140;9;10209;74
260;20200706;21;20;129;0;10213;80
260;20200706;22;20;126;0;10218;81
260;20200706;23;20;112;0;10218;87
260;20200706;24;20;101;0;10217;92
260;20200707;1;10;85;0;10216;98
260;20200707;2;10;83;0;10212;99
260;20200707;3;10;88;0;10208;97
260;20200707;4;10;98;1;10204;97
260;20200707;5;10;110;8;10203;95
260;20200707;6;10;122;19;10200;93
260;20200707;7;30;142;82;10198;82
260;20200707;8;30;161;146;10195;76
260;20200707;9;40;172;128;10195;64
260;20200707;10;50;175;193;10197;57
260;20200707;11;50;178;227;10196;56
260;20200707;12;40;190;205;10195;53
260;20200707;13;50;187;254;10194;52
260;20200707;14;50;184;236;10192;52
260;20200707;15;40;185;202;10190;54
260;20200707;16;40;178;118;10186;60
260;20200707;17;30;171;41;10182;62
260;20200707;18;20;156;24;10180;73
260;20200707;19;20;150;11;10179;74
260;20200707;20;20;142;2;10175;86
260;20200707;21;10;138;0;10175;91
260;20200707;22;10;138;0;10172;90
260;20200707;23;10;132;0;10166;93
260;20200707;24;10;132;0;10164;94
260;20200708;1;10;129;0;10159;96
260;20200708;2;10;130;0;10154;96
260;20200708;3;20;132;0;10148;94
260;20200708;4;20;133;0;10148;94
260;20200708;5;20;136;8;10143;96
260;20200708;6;20;138;9;10145;95
260;20200708;7;20;137;11;10147;93
260;20200708;8;20;141;22;10148;95
260;20200708;9;30;147;39;10149;93
260;20200708;10;30;147;47;10151;92
260;20200708;11;20;154;54;10151;90
260;20200708;12;20;152;56;10152;93
260;20200708;13;20;160;56;10153;91
260;20200708;14;20;167;73;10154;90
260;20200708;15;20;157;48;10154;92
260;20200708;16;20;157;38;10151;94
260;20200708;17;20;154;42;10153;93
260;20200708;18;20;153;31;10153;94
260;20200708;19;20;149;20;10151;94
260;20200708;20;20;145;3;10152;96
260;20200708;21;10;146;0;10156;96
260;20200708;22;10;146;0;10152;97
260;20200708;23;10;145;0;10146;97
260;20200708;24;10;147;0;10142;97
260;20200709;1;10;149;0;10136;98
260;20200709;2;20;155;0;10128;97
260;20200709;3;20;159;0;10124;97
260;20200709;4;40;165;0;10121;95
260;20200709;5;50;165;3;10118;95
260;20200709;6;50;165;8;10120;95
260;20200709;7;50;166;11;10119;95
260;20200709;8;50;168;22;10120;95
260;20200709;9;50;168;42;10118;93
260;20200709;10;50;175;65;10118;94
260;20200709;11;50;170;77;10119;92
260;20200709;12;50;170;39;10122;90
260;20200709;13;40;169;29;10123;91
260;20200709;14;40;170;23;10121;91
260;20200709;15;40;176;29;10120;87
260;20200709;16;40;172;30;10118;91
260;20200709;17;40;173;38;10114;91
260;20200709;18;30;170;15;10113;94
260;20200709;19;40;169;7;10108;94
260;20200709;20;30;168;3;10104;96
260;20200709;21;30;167;0;10101;94
260;20200709;22;30;169;0;10096;90
260;20200709;23;30;166;0;10092;92
260;20200709;24;30;167;0;10088;91
260;20200710;1;30;167;0;10083;90
260;20200710;2;30;166;0;10077;92
260;20200710;3;40;160;0;10072;95
260;20200710;4;40;160;0;10069;96
260;20200710;5;40;145;3;10076;97
260;20200710;6;40;141;13;10085;93
260;20200710;7;40;142;22;10093;91
260;20200710;8;40;151;78;10105;84
260;20200710;9;40;136;41;10121;91
260;20200710;10;40;145;65;10132;82
260;20200710;11;50;161;209;10141;69
260;20200710;12;40;162;156;10149;71
260;20200710;13;30;150;51;10157;75
260;20200710;14;30;159;155;10165;71
260;20200710;15;30;165;126;10170;65
260;20200710;16;30;173;178;10175;61
260;20200710;17;40;173;187;10179;54
260;20200710;18;40;169;116;10184;59
260;20200710;19;30;156;58;10188;63
260;20200710;20;20;144;11;10194;69
260;20200710;21;10;115;0;10200;88
260;20200710;22;10;100;0;10206;94
260;20200710;23;10;89;0;10210;98
260;20200710;24;0;83;0;10215;97
260;20200711;1;10;77;0;10217;99
260;20200711;2;0;71;0;10218;99
260;20200711;3;0;68;0;10220;99
260;20200711;4;0;69;2;10224;100
260;20200711;5;10;97;29;10228;97
260;20200711;6;10;135;75;10230;88
260;20200711;7;10;153;127;10235;73
260;20200711;8;20;169;163;10237;67
260;20200711;9;20;172;162;10239;61
260;20200711;10;30;168;132;10243;64
260;20200711;11;20;175;150;10244;63
260;20200711;12;30;192;205;10245;56
260;20200711;13;40;185;228;10249;50
260;20200711;14;40;193;254;10250;53
260;20200711;15;40;186;173;10254;52
260;20200711;16;40;182;174;10256;55
260;20200711;17;40;185;153;10259;58
260;20200711;18;40;176;107;10261;60
260;20200711;19;30;164;50;10264;65
260;20200711;20;20;149;9;10267;74
260;20200711;21;10;119;0;10273;91
260;20200711;22;10;108;0;10275;94
260;20200711;23;10;94;0;10275;97
260;20200711;24;10;85;0;10276;97
260;20200712;1;10;79;0;10277;98
260;20200712;2;0;77;0;10275;98
260;20200712;3;10;72;0;10276;97
260;20200712;4;10;71;2;10278;98
260;20200712;5;10;103;30;10281;97
260;20200712;6;10;143;73;10285;75
260;20200712;7;20;157;125;10290;69
260;20200712;8;20;157;170;10292;66
260;20200712;9;20;182;215;10290;61
260;20200712;10;10;179;100;10293;54
260;20200712;11;20;188;194;10293;51
260;20200712;12;20;188;217;10291;50
260;20200712;13;20;187;200;10287;45
260;20200712;14;20;200;212;10283;40
260;20200712;15;20;204;243;10280;46
260;20200712;16;30;201;145;10278;49
260;20200712;17;30;189;146;10276;51
260;20200712;18;30;186;87;10273;54
260;20200712;19;40;173;54;10273;59
260;20200712;20;30;161;10;10276;66
260;20200712;21;20;147;0;10276;72
260;20200712;22;20;124;0;10272;84
260;20200712;23;10;103;0;10272;93
260;20200712;24;10;95;0;10269;96
260;20200713;1;10;87;0;10267;97
260;20200713;2;0;83;0;10263;98
260;20200713;3;10;79;0;10258;99
260;20200713;4;10;81;2;10256;98
260;20200713;5;10;107;25;10254;92
260;20200713;6;10;153;69;10253;68
260;20200713;7;10;170;123;10252;61
260;20200713;8;10;194;183;10249;52
260;20200713;9;10;198;238;10245;47
260;20200713;10;20;206;262;10242;49
260;20200713;11;20;212;307;10236;44
260;20200713;12;20;221;317;10230;44
260;20200713;13;30;223;317;10223;36
260;20200713;14;20;230;294;10217;38
260;20200713;15;30;233;255;10211;41
260;20200713;16;30;229;206;10205;42
260;20200713;17;20;230;135;10200;44
260;20200713;18;30;214;100;10198;45
260;20200713;19;20;200;35;10196;52
260;20200713;20;20;163;3;10195;74
260;20200713;21;10;153;0;10192;81
260;20200713;22;10;156;0;10187;81
260;20200713;23;10;158;0;10184;83
260;20200713;24;10;156;0;10179;83
260;20200714;1;20;161;0;10174;77
260;20200714;2;10;166;0;10168;74
260;20200714;3;20;166;0;10162;77
260;20200714;4;10;157;0;10157;84
260;20200714;5;20;166;8;10157;80
260;20200714;6;20;168;19;10157;79
260;20200714;7;20;166;27;10152;86
260;20200714;8;20;172;52;10151;84
260;20200714;9;20;172;53;10152;87
260;20200714;10;20;167;43;10149;78
260;20200714;11;30;174;58;10147;76
260;20200714;12;30;162;42;10147;81
260;20200714;13;20;157;45;10145;92
260;20200714;14;10;158;19;10144;94
260;20200714;15;30;154;51;10142;90
260;20200714;16;20;157;43;10141;88
260;20200714;17;10;160;46;10140;90
260;20200714;18;10;163;34;10140;90
260;20200714;19;20;155;21;10142;83
260;20200714;20;20;149;6;10144;80
260;20200714;21;20;137;0;10144;85
260;20200714;22;20;137;0;10143;83
260;20200714;23;10;128;0;10143;87
260;20200714;24;10;116;0;10142;93
260;20200715;1;10;102;0;10141;97
260;20200715;2;10;91;0;10140;98
260;20200715;3;10;89;0;10139;97
260;20200715;4;20;88;1;10140;99
260;20200715;5;10;113;22;10142;96
260;20200715;6;10;150;73;10143;78
260;20200715;7;20;162;104;10144;72
260;20200715;8;20;166;155;10146;70
260;20200715;9;30;168;148;10149;65
260;20200715;10;20;176;193;10150;61
260;20200715;11;30;185;218;10150;59
260;20200715;12;20;180;138;10151;62
260;20200715;13;20;189;198;10151;57
260;20200715;14;30;194;148;10149;51
260;20200715;15;30;196;173;10148;51
260;20200715;16;30;193;80;10147;55
260;20200715;17;30;196;112;10148;56
260;20200715;18;20;190;53;10148;61
260;20200715;19;20;179;12;10152;66
260;20200715;20;30;171;3;10156;72
260;20200715;21;20;166;0;10159;76
260;20200715;22;20;161;0;10160;77
260;20200715;23;20;159;0;10160;76
260;20200715;24;10;156;0;10159;79
260;20200716;1;10;153;0;10158;82
260;20200716;2;20;143;0;10155;92
260;20200716;3;20;142;0;10152;97
260;20200716;4;10;145;0;10151;96
260;20200716;5;10;147;2;10152;96
260;20200716;6;20;153;20;10154;93
260;20200716;7;20;154;33;10157;94
260;20200716;8;20;164;64;10158;88
260;20200716;9;20;162;57;10162;89
260;20200716;10;20;165;111;10166;88
260;20200716;11;20;171;87;10168;85
260;20200716;12;20;176;97;10169;81
260;20200716;13;20;169;23;10174;85
260;20200716;14;20;177;36;10176;81
260;20200716;15;30;182;107;10177;74
260;20200716;16;20;165;6;10180;90
260;20200716;17;30;189;100;10184;70
260;20200716;18;40;178;42;10186;76
260;20200716;19;30;172;21;10190;79
260;20200716;20;20;167;4;10196;82
260;20200716;21;20;162;0;10200;84
260;20200716;22;20;156;0;10202;87
260;20200716;23;10;154;0;10202;89
260;20200716;24;10;154;0;10203;90
260;20200717;1;10;152;0;10200;94
260;20200717;2;10;151;0;10198;94
260;20200717;3;10;149;0;10199;96
260;20200717;4;10;150;1;10201;96
260;20200717;5;10;161;8;10204;90
260;20200717;6;10;167;24;10208;86
260;20200717;7;10;176;70;10209;77
260;20200717;8;10;180;87;10210;76
260;20200717;9;10;190;125;10211;68
260;20200717;10;10;192;120;10211;70
260;20200717;11;10;200;161;10211;67
260;20200717;12;10;201;95;10213;70
260;20200717;13;20;206;86;10212;69
260;20200717;14;30;205;127;10212;73
260;20200717;15;20;210;135;10211;70
260;20200717;16;20;219;176;10205;67
260;20200717;17;10;222;130;10202;63
260;20200717;18;10;212;48;10201;72
260;20200717;19;10;208;23;10202;76
260;20200717;20;10;187;3;10205;87
260;20200717;21;10;182;0;10206;91
260;20200717;22;0;170;0;10206;93
260;20200717;23;10;154;0;10207;95
260;20200717;24;0;140;0;10203;98
260;20200718;1;10;131;0;10202;98
260;20200718;2;0;125;0;10199;99
260;20200718;3;10;123;0;10196;98
260;20200718;4;10;128;1;10193;98
260;20200718;5;10;146;15;10194;98
260;20200718;6;20;168;64;10193;94
260;20200718;7;20;193;105;10193;83
260;20200718;8;20;214;169;10192;71
260;20200718;9;30;225;219;10190;65
260;20200718;10;30;235;254;10187;60
260;20200718;11;40;246;296;10185;54
260;20200718;12;40;247;287;10183;53
260;20200718;13;40;254;334;10179;53
260;20200718;14;30;240;153;10176;57
260;20200718;15;20;239;29;10174;59
260;20200718;16;20;236;95;10169;70
260;20200718;17;30;224;109;10168;75
260;20200718;18;40;206;34;10170;76
260;20200718;19;30;200;14;10172;74
260;20200718;20;10;189;4;10173;80
260;20200718;21;10;181;0;10176;88
260;20200718;22;10;174;0;10175;91
260;20200718;23;10;156;0;10173;95
260;20200718;24;10;165;0;10173;91
260;20200719;1;10;147;0;10168;96
260;20200719;2;0;135;0;10164;99
260;20200719;3;10;127;0;10160;97
260;20200719;4;0;126;1;10157;98
260;20200719;5;0;142;17;10157;98
260;20200719;6;10;162;42;10157;90
260;20200719;7;20;186;96;10158;76
260;20200719;8;20;192;124;10159;72
260;20200719;9;20;209;168;10159;69
260;20200719;10;30;213;173;10158;64
260;20200719;11;30;222;292;10158;61
260;20200719;12;30;235;303;10157;52
260;20200719;13;30;238;305;10157;49
260;20200719;14;30;230;197;10155;59
260;20200719;15;30;218;87;10158;70
260;20200719;16;40;209;85;10160;72
260;20200719;17;30;193;36;10161;81
260;20200719;18;30;184;35;10166;85
260;20200719;19;30;173;7;10168;86
260;20200719;20;30;163;1;10175;87
260;20200719;21;30;151;0;10181;92
260;20200719;22;30;146;0;10183;93
260;20200719;23;20;145;0;10182;92
260;20200719;24;20;146;0;10184;91
260;20200720;1;20;140;0;10183;93
260;20200720;2;20;140;0;10187;88
260;20200720;3;30;137;0;10190;83
260;20200720;4;20;124;0;10193;87
260;20200720;5;20;133;17;10194;82
260;20200720;6;20;148;66;10197;73
260;20200720;7;30;161;122;10201;68
260;20200720;8;40;168;180;10204;59
260;20200720;9;30;177;225;10208;58
260;20200720;10;40;185;267;10213;51
260;20200720;11;30;190;309;10213;54
260;20200720;12;40;184;214;10217;54
260;20200720;13;40;198;253;10216;52
260;20200720;14;40;199;226;10216;51
260;20200720;15;40;196;239;10216;50
260;20200720;16;40;198;227;10216;50
260;20200720;17;40;189;153;10217;54
260;20200720;18;30;185;86;10220;56
260;20200720;19;30;170;36;10224;62
260;20200720;20;20;153;6;10228;70
260;20200720;21;10;130;0;10232;84
260;20200720;22;20;132;0;10234;82
260;20200720;23;10;110;0;10236;91
260;20200720;24;10;105;0;10239;93
260;20200721;1;10;89;0;10238;96
260;20200721;2;10;82;0;10238;98
260;20200721;3;10;78;0;10237;97
260;20200721;4;10;77;0;10236;99
260;20200721;5;10;105;18;10239;90
260;20200721;6;10;145;65;10242;70
260;20200721;7;20;160;121;10245;63
260;20200721;8;30;162;167;10248;62
260;20200721;9;30;176;230;10248;56
260;20200721;10;30;184;237;10249;51
260;20200721;11;30;179;148;10251;54
260;20200721;12;30;185;125;10249;54
260;20200721;13;30;189;210;10247;51
260;20200721;14;40;199;219;10247;49
260;20200721;15;40;200;224;10246;55
260;20200721;16;40;189;224;10246;54
260;20200721;17;40;185;156;10245;52
260;20200721;18;40;176;97;10245;51
260;20200721;19;30;164;43;10244;52
260;20200721;20;20;146;5;10249;68
260;20200721;21;20;132;0;10251;78
260;20200721;22;10;101;0;10252;94
260;20200721;23;10;92;0;10254;96
260;20200721;24;10;87;0;10256;97
260;20200722;1;10;80;0;10254;97
260;20200722;2;10;79;0;10251;97
260;20200722;3;10;75;0;10253;97
260;20200722;4;10;77;0;10252;98
260;20200722;5;0;98;16;10248;97
260;20200722;6;10;142;63;10247;73
260;20200722;7;20;160;120;10248;65
260;20200722;8;30;169;170;10250;61
260;20200722;9;30;167;123;10250;59
260;20200722;10;30;180;258;10247;52
260;20200722;11;30;188;299;10243;40
260;20200722;12;30;190;311;10240;47
260;20200722;13;30;192;248;10237;46
260;20200722;14;30;200;270;10231;45
260;20200722;15;30;195;178;10227;47
260;20200722;16;30;185;105;10223;57
260;20200722;17;30;189;148;10218;54
260;20200722;18;30;178;61;10216;56
260;20200722;19;20;169;32;10215;63
260;20200722;20;10;141;4;10218;80
260;20200722;21;10;120;0;10216;90
260;20200722;22;10;108;0;10212;95
260;20200722;23;10;103;0;10211;96
260;20200722;24;10;95;0;10210;97
260;20200723;1;10;102;0;10207;97
260;20200723;2;10;105;0;10203;97
260;20200723;3;20;125;0;10198;86
260;20200723;4;20;127;0;10193;84
260;20200723;5;20;136;7;10191;78
260;20200723;6;20;147;35;10185;71
260;20200723;7;40;166;103;10184;65
260;20200723;8;30;186;131;10181;58
260;20200723;9;40;195;139;10179;54
260;20200723;10;40;207;200;10176;55
260;20200723;11;40;220;209;10171;48
260;20200723;12;40;224;219;10165;49
260;20200723;13;40;240;267;10159;46
260;20200723;14;50;234;269;10153;45
260;20200723;15;40;237;180;10148;41
260;20200723;16;30;229;112;10143;47
260;20200723;17;20;229;75;10137;43
260;20200723;18;20;214;54;10133;52
260;20200723;19;10;201;21;10130;65
260;20200723;20;20;200;3;10130;51
260;20200723;21;20;180;0;10127;66
260;20200723;22;10;153;0;10124;86
260;20200723;23;20;180;0;10119;62
260;20200723;24;30;170;0;10115;67
260;20200724;1;30;175;0;10113;63
260;20200724;2;40;172;0;10110;67
260;20200724;3;30;165;0;10107;73
260;20200724;4;30;162;0;10107;78
260;20200724;5;30;165;6;10107;79
260;20200724;6;30;175;21;10109;80
260;20200724;7;30;175;24;10112;86
260;20200724;8;30;180;44;10115;89
260;20200724;9;30;185;62;10117;85
260;20200724;10;30;195;90;10116;79
260;20200724;11;30;198;86;10119;83
260;20200724;12;30;203;147;10122;74
260;20200724;13;40;214;224;10124;63
260;20200724;14;50;209;243;10125;63
260;20200724;15;40;213;170;10125;63
260;20200724;16;40;215;196;10121;59
260;20200724;17;30;210;122;10123;60
260;20200724;18;30;200;63;10127;65
260;20200724;19;20;192;5;10126;71
260;20200724;20;20;186;1;10131;74
260;20200724;21;10;179;0;10130;78
260;20200724;22;10;165;0;10127;89
260;20200724;23;10;153;0;10125;94
260;20200724;24;10;145;0;10124;94
260;20200725;1;10;158;0;10119;93
260;20200725;2;20;166;0;10117;88
260;20200725;3;20;161;0;10114;88
260;20200725;4;30;158;0;10112;88
260;20200725;5;30;160;5;10110;87
260;20200725;6;30;169;17;10110;85
260;20200725;7;40;180;62;10109;82
260;20200725;8;50;181;46;10110;80
260;20200725;9;50;184;44;10109;79
260;20200725;10;50;173;52;10110;94
260;20200725;11;50;177;36;10111;93
260;20200725;12;50;181;60;10109;91
260;20200725;13;40;197;109;10104;85
260;20200725;14;50;208;174;10100;76
260;20200725;15;50;217;164;10093;71
260;20200725;16;40;215;56;10088;74
260;20200725;17;40;218;58;10081;70
260;20200725;18;30;215;29;10076;72
260;20200725;19;20;199;4;10075;84
260;20200725;20;10;190;0;10072;86
260;20200725;21;20;180;0;10071;93
260;20200725;22;30;178;0;10065;92
260;20200725;23;30;177;0;10058;93
260;20200725;24;50;174;0;10054;91
260;20200726;1;40;171;0;10055;94
260;20200726;2;30;174;0;10054;94
260;20200726;3;30;171;0;10054;93
260;20200726;4;30;170;0;10057;93
260;20200726;5;30;170;9;10064;92
260;20200726;6;30;176;50;10069;87
260;20200726;7;30;181;74;10080;82
260;20200726;8;40;192;117;10088;74
260;20200726;9;40;194;171;10095;67
260;20200726;10;50;199;247;10102;66
260;20200726;11;50;211;282;10109;56
260;20200726;12;50;211;256;10113;58
260;20200726;13;50;213;246;10118;55
260;20200726;14;50;210;178;10122;60
260;20200726;15;50;213;187;10128;58
260;20200726;16;50;215;179;10133;54
260;20200726;17;50;208;153;10133;48
260;20200726;18;40;205;92;10138;51
260;20200726;19;30;193;34;10144;60
260;20200726;20;20;181;3;10150;65
260;20200726;21;20;172;0;10153;70
260;20200726;22;30;165;0;10150;76
260;20200726;23;20;155;0;10154;84
260;20200726;24;20;145;0;10154;89
260;20200727;1;20;138;0;10153;92
260;20200727;2;20;140;0;10151;88
260;20200727;3;20;146;0;10148;82
260;20200727;4;20;152;0;10148;78
260;20200727;5;30;153;4;10146;79
260;20200727;6;30;161;20;10146;77
260;20200727;7;30;167;26;10141;73
260;20200727;8;30;170;48;10140;75
260;20200727;9;30;180;64;10134;71
260;20200727;10;40;195;118;10124;67
260;20200727;11;50;191;107;10121;69
260;20200727;12;40;183;64;10114;77
260;20200727;13;40;207;112;10097;70
260;20200727;14;50;212;117;10088;71
260;20200727;15;50;214;115;10076;71
260;20200727;16;40;230;91;10070;66
260;20200727;17;40;238;118;10063;65
260;20200727;18;30;221;59;10068;57
260;20200727;19;30;200;14;10069;61
260;20200727;20;10;184;1;10066;75
260;20200727;21;10;179;0;10067;76
260;20200727;22;40;194;0;10067;75
260;20200727;23;60;187;0;10066;77
260;20200727;24;50;183;0;10066;82
260;20200728;1;40;182;0;10068;84
260;20200728;2;40;182;0;10069;84
260;20200728;3;50;182;0;10071;85
260;20200728;4;30;165;0;10080;88
260;20200728;5;20;166;7;10087;86
260;20200728;6;40;165;37;10095;68
260;20200728;7;30;178;98;10099;65
260;20200728;8;50;183;171;10105;58
260;20200728;9;50;193;149;10110;57
260;20200728;10;60;200;268;10113;50
260;20200728;11;60;187;93;10120;63
260;20200728;12;50;196;141;10126;58
260;20200728;13;50;196;291;10131;56
260;20200728;14;50;189;235;10136;57
260;20200728;15;50;180;118;10141;61
260;20200728;16;50;188;132;10144;55
260;20200728;17;40;184;49;10148;57
260;20200728;18;40;182;48;10150;55
260;20200728;19;40;177;29;10152;58
260;20200728;20;30;167;1;10156;64
260;20200728;21;30;171;0;10158;65
260;20200728;22;30;166;0;10160;70
260;20200728;23;20;160;0;10161;76
260;20200728;24;20;162;0;10164;71
260;20200729;1;30;159;0;10167;63
260;20200729;2;20;152;0;10169;66
260;20200729;3;30;142;0;10171;73
260;20200729;4;20;125;0;10175;81
260;20200729;5;20;138;10;10180;76
260;20200729;6;20;155;56;10185;70
260;20200729;7;30;167;113;10189;64
260;20200729;8;40;171;101;10195;60
260;20200729;9;40;179;144;10199;54
260;20200729;10;50;179;131;10201;54
260;20200729;11;40;186;175;10204;54
260;20200729;12;50;187;216;10205;50
260;20200729;13;40;194;186;10203;49
260;20200729;14;50;189;159;10204;51
260;20200729;15;40;195;179;10204;54
260;20200729;16;40;186;119;10206;54
260;20200729;17;30;183;97;10205;55
260;20200729;18;30;184;88;10205;54
260;20200729;19;30;170;36;10206;62
260;20200729;20;10;152;1;10209;75
260;20200729;21;10;140;0;10209;86
260;20200729;22;10;129;0;10211;90
260;20200729;23;10;118;0;10210;94
260;20200729;24;10;107;0;10211;97
260;20200730;1;10;98;0;10210;97
260;20200730;2;10;97;0;10210;98
260;20200730;3;10;94;0;10210;97
260;20200730;4;20;104;0;10210;96
260;20200730;5;20;134;16;10213;85
260;20200730;6;20;148;36;10216;81
260;20200730;7;30;170;108;10215;70
260;20200730;8;30;185;166;10214;62
260;20200730;9;30;202;216;10214;57
260;20200730;10;40;210;254;10215;51
260;20200730;11;30;219;282;10210;47
260;20200730;12;30;230;277;10210;43
260;20200730;13;20;237;294;10204;40
260;20200730;14;20;246;274;10202;35
260;20200730;15;20;249;219;10198;35
260;20200730;16;20;248;197;10192;38
260;20200730;17;20;249;138;10189;40
260;20200730;18;10;245;81;10186;38
260;20200730;19;10;223;24;10184;54
260;20200730;20;20;197;2;10187;68
260;20200730;21;20;178;0;10187;77
260;20200730;22;10;156;0;10188;89
260;20200730;23;10;145;0;10186;92
260;20200730;24;10;138;0;10185;94
260;20200731;1;10;134;0;10185;96
260;20200731;2;10;128;0;10184;95
260;20200731;3;10;122;0;10181;96
260;20200731;4;10;124;0;10179;93
260;20200731;5;10;150;12;10176;82
260;20200731;6;20;193;53;10177;62
260;20200731;7;20;219;108;10176;54
260;20200731;8;30;249;165;10173;43
260;20200731;9;50;266;216;10170;39
260;20200731;10;40;276;259;10165;39
260;20200731;11;40;285;288;10163;37
260;20200731;12;50;291;303;10158;37
260;20200731;13;40;307;299;10154;37
260;20200731;14;50;311;279;10146;32
260;20200731;15;50;317;240;10140;31
260;20200731;16;50;319;197;10136;32
260;20200731;17;40;315;141;10134;34
260;20200731;18;40;304;83;10128;37
260;20200731;19;40;285;31;10124;42
260;20200731;20;40;270;2;10126;45
260;20200731;21;40;261;0;10123;47
260;20200731;22;40;251;0;10122;51
260;20200731;23;40;252;0;10116;50
260;20200731;24;30;245;0;10117;53
260;20200801;1;30;228;0;10126;63
260;20200801;2;20;203;0;10108;87
260;20200801;3;30;220;0;10122;77
260;20200801;4;10;208;0;10125;85
260;20200801;5;20;204;4;10126;82
260;20200801;6;20;203;27;10129;85
260;20200801;7;30;208;55;10130;82
260;20200801;8;30;220;115;10135;76
260;20200801;9;40;242;221;10138;68
260;20200801;10;30;250;227;10146;64
260;20200801;11;30;239;170;10150;67
260;20200801;12;30;232;98;10150;73
260;20200801;13;40;227;62;10152;77
260;20200801;14;40;222;74;10152;78
260;20200801;15;30;231;89;10150;73
260;20200801;16;30;233;100;10149;69
260;20200801;17;40;227;122;10150;61
260;20200801;18;30;218;83;10152;61
260;20200801;19;20;200;31;10154;70
260;20200801;20;10;168;1;10156;87
260;20200801;21;0;152;0;10152;93
260;20200801;22;10;139;0;10153;96
260;20200801;23;10;134;0;10153;98
260;20200801;24;10;133;0;10150;97
260;20200802;1;10;132;0;10146;97
260;20200802;2;10;138;0;10143;97
260;20200802;3;10;130;0;10142;98
260;20200802;4;20;149;0;10140;95
260;20200802;5;20;155;7;10140;92
260;20200802;6;30;168;36;10139;89
260;20200802;7;30;181;66;10142;86
260;20200802;8;30;191;71;10145;80
260;20200802;9;40;198;130;10150;69
260;20200802;10;40;208;189;10153;60
260;20200802;11;40;198;143;10158;60
260;20200802;12;40;205;158;10159;57
260;20200802;13;40;202;170;10160;57
260;20200802;14;50;211;270;10157;49
260;20200802;15;40;209;243;10157;47
260;20200802;16;40;206;182;10157;50
260;20200802;17;40;198;137;10156;52
260;20200802;18;30;194;74;10157;52
260;20200802;19;20;179;25;10157;60
260;20200802;20;10;142;1;10160;81
260;20200802;21;10;122;0;10160;92
260;20200802;22;0;113;0;10158;94
260;20200802;23;10;106;0;10157;95
260;20200802;24;0;102;0;10155;97
260;20200803;1;10;97;0;10153;97
260;20200803;2;10;99;0;10150;98
260;20200803;3;10;96;0;10148;97
260;20200803;4;10;108;0;10146;97
260;20200803;5;20;123;8;10142;93
260;20200803;6;20;140;31;10141;85
260;20200803;7;10;161;62;10145;74
260;20200803;8;20;174;85;10145;69
260;20200803;9;30;186;164;10139;65
260;20200803;10;40;193;152;10138;58
260;20200803;11;20;199;89;10138;56
260;20200803;12;20;207;163;10136;52
260;20200803;13;30;181;123;10137;68
260;20200803;14;50;166;59;10141;72
260;20200803;15;30;156;58;10140;78
260;20200803;16;10;173;93;10137;70
260;20200803;17;20;174;59;10138;71
260;20200803;18;20;177;39;10138;64
260;20200803;19;20;173;24;10142;69
260;20200803;20;20;165;2;10147;78
260;20200803;21;20;151;0;10151;82
260;20200803;22;30;151;0;10155;82
260;20200803;23;20;133;0;10161;89
260;20200803;24;10;109;0;10163;97
260;20200804;1;20;102;0;10161;98
260;20200804;2;20;92;0;10160;98
260;20200804;3;20;93;0;10159;98
260;20200804;4;10;87;0;10163;98
260;20200804;5;10;97;9;10167;99
260;20200804;6;10;141;50;10172;74
260;20200804;7;20;161;105;10175;65
260;20200804;8;30;167;164;10177;61
260;20200804;9;30;179;218;10177;56
260;20200804;10;30;193;261;10178;49
260;20200804;11;30;194;277;10176;47
260;20200804;12;30;206;225;10176;39
260;20200804;13;30;199;244;10175;41
260;20200804;14;30;219;206;10173;39
260;20200804;15;30;218;216;10169;39
260;20200804;16;30;214;144;10165;42
260;20200804;17;30;215;117;10163;41
260;20200804;18;20;203;49;10161;49
260;20200804;19;20;187;20;10159;52
260;20200804;20;20;154;1;10160;74
260;20200804;21;20;164;0;10158;64
260;20200804;22;20;167;0;10157;61
260;20200804;23;20;141;0;10157;75
260;20200804;24;20;148;0;10156;73
260;20200805;1;20;143;0;10151;77
260;20200805;2;30;162;0;10146;69
260;20200805;3;40;159;0;10143;70
260;20200805;4;40;156;0;10145;70
260;20200805;5;20;147;6;10150;77
260;20200805;6;30;162;30;10153;69
260;20200805;7;40;184;104;10158;59
260;20200805;8;50;200;161;10159;53
260;20200805;9;50;219;213;10161;46
260;20200805;10;50;234;250;10161;49
260;20200805;11;50;240;282;10159;45
260;20200805;12;50;251;296;10156;39
260;20200805;13;50;265;293;10152;36
260;20200805;14;40;272;271;10148;34
260;20200805;15;40;275;234;10146;32
260;20200805;16;40;280;188;10144;29
260;20200805;17;30;279;134;10144;31
260;20200805;18;20;270;66;10145;34
260;20200805;19;20;228;23;10147;62
260;20200805;20;10;184;0;10154;81
260;20200805;21;20;184;0;10157;72
260;20200805;22;0;156;0;10155;88
260;20200805;23;10;146;0;10157;93
260;20200805;24;10;155;0;10161;84
260;20200806;1;10;135;0;10163;93
260;20200806;2;10;129;0;10164;96
260;20200806;3;10;125;0;10169;97
260;20200806;4;10;121;0;10172;97
260;20200806;5;10;132;7;10178;97
260;20200806;6;20;176;54;10182;77
260;20200806;7;10;204;103;10187;67
260;20200806;8;10;230;148;10190;61
260;20200806;9;20;246;207;10192;53
260;20200806;10;20;261;242;10193;40
260;20200806;11;20;277;268;10193;36
260;20200806;12;20;284;262;10193;37
260;20200806;13;20;290;286;10190;35
260;20200806;14;20;297;249;10188;32
260;20200806;15;20;301;231;10187;30
260;20200806;16;20;302;183;10186;29
260;20200806;17;20;299;129;10186;27
260;20200806;18;20;278;70;10188;46
260;20200806;19;30;259;26;10191;53
260;20200806;20;30;237;1;10195;60
260;20200806;21;20;207;0;10197;73
260;20200806;22;20;206;0;10197;76
260;20200806;23;10;192;0;10196;83
260;20200806;24;10;171;0;10196;91
260;20200807;1;20;159;0;10195;93
260;20200807;2;20;157;0;10193;93
260;20200807;3;20;158;0;10192;90
260;20200807;4;10;147;0;10193;94
260;20200807;5;10;159;6;10197;93
260;20200807;6;10;213;43;10200;67
260;20200807;7;10;240;97;10201;55
260;20200807;8;20;265;153;10202;48
260;20200807;9;20;283;205;10201;43
260;20200807;10;20;305;247;10200;35
260;20200807;11;30;318;278;10197;34
260;20200807;12;30;322;290;10195;32
260;20200807;13;30;328;286;10193;27
260;20200807;14;20;330;267;10190;25
260;20200807;15;20;330;232;10187;25
260;20200807;16;20;330;181;10185;27
260;20200807;17;20;321;126;10183;31
260;20200807;18;20;313;69;10182;31
260;20200807;19;20;281;21;10185;45
260;20200807;20;10;226;0;10190;71
260;20200807;21;10;201;0;10191;82
260;20200807;22;10;185;0;10190;91
260;20200807;23;10;182;0;10190;88
260;20200807;24;10;171;0;10190;92
260;20200808;1;10;163;0;10190;95
260;20200808;2;10;158;0;10189;96
260;20200808;3;0;154;0;10189;96
260;20200808;4;10;149;0;10191;97
260;20200808;5;10;158;6;10194;97
260;20200808;6;0;206;39;10196;75
260;20200808;7;10;257;88;10197;55
260;20200808;8;10;289;149;10198;45
260;20200808;9;10;314;198;10198;31
260;20200808;10;10;327;238;10195;33
260;20200808;11;20;334;266;10194;26
260;20200808;12;20;339;281;10192;29
260;20200808;13;30;337;266;10191;30
260;20200808;14;40;337;247;10187;26
260;20200808;15;40;326;177;10188;31
260;20200808;16;40;319;97;10187;32
260;20200808;17;40;313;77;10187;32
260;20200808;18;30;300;33;10187;37
260;20200808;19;30;286;10;10190;43
260;20200808;20;30;269;0;10192;57
260;20200808;21;30;264;0;10190;62
260;20200808;22;20;257;0;10190;64
260;20200808;23;30;248;0;10188;66
260;20200808;24;30;243;0;10185;65
260;20200809;1;10;225;0;10186;75
260;20200809;2;10;216;0;10185;82
260;20200809;3;30;236;0;10182;64
260;20200809;4;20;233;0;10182;64
260;20200809;5;20;228;1;10183;69
260;20200809;6;20;228;13;10184;72
260;20200809;7;20;240;44;10185;69
260;20200809;8;30;249;81;10184;65
260;20200809;9;30;258;126;10184;61
260;20200809;10;30;287;237;10179;54
260;20200809;11;40;299;263;10176;49
260;20200809;12;50;311;278;10172;44
260;20200809;13;40;318;274;10168;42
260;20200809;14;40;321;251;10164;40
260;20200809;15;40;323;215;10160;39
260;20200809;16;50;319;167;10155;40
260;20200809;17;50;307;116;10150;42
260;20200809;18;60;298;63;10155;45
260;20200809;19;50;282;19;10156;50
260;20200809;20;40;265;0;10160;55
260;20200809;21;40;256;0;10157;55
260;20200809;22;40;244;0;10157;58
260;20200809;23;30;226;0;10158;66
260;20200809;24;30;229;0;10157;67
260;20200810;1;30;218;0;10158;72
260;20200810;2;20;204;0;10160;78
260;20200810;3;20;191;0;10156;83
260;20200810;4;20;190;0;10154;83
260;20200810;5;20;204;9;10154;76
260;20200810;6;20;221;40;10153;70
260;20200810;7;20;248;76;10152;62
260;20200810;8;40;266;144;10152;56
260;20200810;9;40;283;195;10152;48
260;20200810;10;40;298;212;10151;43
260;20200810;11;50;307;224;10150;43
260;20200810;12;50;321;254;10148;37
260;20200810;13;40;322;227;10146;37
260;20200810;14;40;320;204;10143;35
260;20200810;15;30;315;121;10141;38
260;20200810;16;40;316;126;10137;36
260;20200810;17;40;310;63;10136;41
260;20200810;18;40;303;69;10139;41
260;20200810;19;30;283;15;10141;46
260;20200810;20;20;244;0;10147;66
260;20200810;21;20;222;0;10151;76
260;20200810;22;20;224;0;10150;70
260;20200810;23;20;218;0;10153;73
260;20200810;24;30;240;0;10153;61
260;20200811;1;30;235;0;10150;63
260;20200811;2;30;219;0;10147;67
260;20200811;3;30;225;0;10147;65
260;20200811;4;30;218;0;10148;70
260;20200811;5;30;219;6;10148;70
260;20200811;6;30;229;34;10151;67
260;20200811;7;40;245;83;10151;64
260;20200811;8;30;267;138;10150;58
260;20200811;9;30;286;194;10152;53
260;20200811;10;30;302;199;10150;46
260;20200811;11;30;322;262;10148;41
260;20200811;12;30;330;271;10147;39
260;20200811;13;30;334;239;10143;38
260;20200811;14;40;336;220;10140;38
260;20200811;15;30;336;205;10139;35
260;20200811;16;40;312;173;10133;43
260;20200811;17;70;268;137;10140;54
260;20200811;18;60;282;71;10135;47
260;20200811;19;20;272;19;10137;63
260;20200811;20;20;261;1;10146;63
260;20200811;21;10;247;0;10152;72
260;20200811;22;10;240;0;10151;77
260;20200811;23;30;255;0;10156;64
260;20200811;24;30;242;0;10154;70
260;20200812;1;20;227;0;10148;85
260;20200812;2;10;216;0;10143;91
260;20200812;3;30;230;0;10143;74
260;20200812;4;20;219;0;10145;82
260;20200812;5;20;221;2;10147;80
260;20200812;6;20;225;18;10148;79
260;20200812;7;20;237;53;10148;75
260;20200812;8;20;255;94;10146;67
260;20200812;9;30;278;180;10146;59
260;20200812;10;30;290;231;10146;52
260;20200812;11;40;300;260;10144;48
260;20200812;12;30;310;271;10140;46
260;20200812;13;30;313;254;10137;44
260;20200812;14;30;316;177;10133;42
260;20200812;15;20;315;150;10129;46
260;20200812;16;30;309;77;10127;46
260;20200812;17;30;308;72;10120;48
260;20200812;18;30;295;55;10117;51
260;20200812;19;30;280;13;10121;59
260;20200812;20;20;245;0;10124;77
260;20200812;21;20;252;0;10129;65
260;20200812;22;20;242;0;10125;65
260;20200812;23;20;225;0;10120;72
260;20200812;24;10;204;0;10119;85
260;20200813;1;20;205;0;10117;82
260;20200813;2;10;193;0;10117;88
260;20200813;3;20;194;0;10116;84
260;20200813;4;20;205;0;10113;79
260;20200813;5;20;205;3;10116;81
260;20200813;6;20;223;36;10116;74
260;20200813;7;10;240;75;10116;70
260;20200813;8;10;256;131;10115;64
260;20200813;9;20;261;154;10116;65
260;20200813;10;20;282;176;10115;58
260;20200813;11;20;290;184;10114;57
260;20200813;12;20;296;166;10113;51
260;20200813;13;30;307;251;10110;42
260;20200813;14;30;309;200;10109;43
260;20200813;15;20;307;184;10104;44
260;20200813;16;20;292;30;10102;54
260;20200813;17;20;284;31;10105;60
260;20200813;18;10;267;11;10105;72
260;20200813;19;20;252;2;10109;82
260;20200813;20;10;236;0;10110;91
260;20200813;21;20;239;0;10118;87
260;20200813;22;20;231;0;10121;89
260;20200813;23;20;224;0;10118;91
260;20200813;24;20;216;0;10119;90
260;20200814;1;10;204;0;10116;94
260;20200814;2;10;196;0;10112;96
260;20200814;3;10;196;0;10122;95
260;20200814;4;20;192;0;10118;96
260;20200814;5;10;188;2;10120;97
260;20200814;6;10;202;21;10120;94
260;20200814;7;10;223;75;10121;86
260;20200814;8;30;246;135;10119;77
260;20200814;9;40;258;191;10123;65
260;20200814;10;20;266;204;10125;56
260;20200814;11;30;276;271;10123;52
260;20200814;12;30;278;283;10122;54
260;20200814;13;40;281;264;10119;53
260;20200814;14;30;278;205;10117;53
260;20200814;15;30;275;102;10116;54
260;20200814;16;40;262;81;10120;67
260;20200814;17;40;240;88;10125;78
260;20200814;18;20;233;31;10131;81
260;20200814;19;20;223;6;10132;85
260;20200814;20;20;215;0;10134;89
260;20200814;21;10;217;0;10138;88
260;20200814;22;20;212;0;10141;89
260;20200814;23;20;210;0;10142;88
260;20200814;24;10;211;0;10141;87
260;20200815;1;20;203;0;10141;92
260;20200815;2;20;201;0;10140;91
260;20200815;3;20;198;0;10139;92
260;20200815;4;10;199;0;10141;91
260;20200815;5;10;200;1;10144;91
260;20200815;6;20;203;11;10146;86
260;20200815;7;20;208;54;10150;84
260;20200815;8;20;223;110;10150;78
260;20200815;9;20;234;187;10152;74
260;20200815;10;20;242;199;10151;68
260;20200815;11;20;246;226;10151;64
260;20200815;12;10;266;214;10150;60
260;20200815;13;20;261;161;10147;60
260;20200815;14;10;271;211;10142;55
260;20200815;15;20;282;217;10136;51
260;20200815;16;20;272;150;10135;59
260;20200815;17;30;234;54;10136;77
260;20200815;18;20;236;42;10137;83
260;20200815;19;30;233;27;10140;79
260;20200815;20;10;212;0;10141;90
260;20200815;21;10;205;0;10139;92
260;20200815;22;10;197;0;10140;96
260;20200815;23;10;190;0;10137;96
260;20200815;24;10;186;0;10133;96
260;20200816;1;10;187;0;10128;97
260;20200816;2;10;190;0;10125;95
260;20200816;3;10;188;0;10126;97
260;20200816;4;10;192;0;10122;94
260;20200816;5;10;187;3;10123;96
260;20200816;6;10;201;22;10120;89
260;20200816;7;20;215;48;10119;85
260;20200816;8;30;242;128;10116;74
260;20200816;9;30;261;187;10114;64
260;20200816;10;30;273;231;10111;61
260;20200816;11;20;284;200;10106;56
260;20200816;12;20;295;250;10104;47
260;20200816;13;30;299;294;10096;47
260;20200816;14;30;294;252;10088;44
260;20200816;15;30;281;78;10084;53
260;20200816;16;30;281;68;10083;55
260;20200816;17;30;272;33;10080;60
260;20200816;18;50;182;8;10114;92
260;20200816;19;40;189;0;10099;97
260;20200816;20;20;182;0;10094;97
260;20200816;21;20;176;0;10091;97
260;20200816;22;10;176;0;10093;97
260;20200816;23;20;177;0;10096;98
260;20200816;24;10;165;0;10096;99
260;20200817;1;10;159;0;10094;99
260;20200817;2;10;168;0;10091;99
260;20200817;3;10;164;0;10089;99
260;20200817;4;10;165;0;10090;98
260;20200817;5;10;164;1;10092;99
260;20200817;6;10;169;13;10093;99
260;20200817;7;10;178;33;10094;99
260;20200817;8;10;188;62;10095;97
260;20200817;9;10;204;124;10095;91
260;20200817;10;20;212;138;10094;86
260;20200817;11;20;233;166;10093;79
260;20200817;12;30;239;198;10091;71
260;20200817;13;30;246;204;10086;64
260;20200817;14;30;221;93;10086;63
260;20200817;15;20;249;187;10082;59
260;20200817;16;40;213;54;10092;64
260;20200817;17;30;192;19;10094;88
260;20200817;18;20;190;43;10092;88
260;20200817;19;10;171;6;10093;95
260;20200817;20;10;162;0;10098;98
260;20200817;21;10;156;0;10099;98
260;20200817;22;10;158;0;10101;96
260;20200817;23;20;167;0;10101;94
260;20200817;24;20;159;0;10097;97
260;20200818;1;10;153;0;10095;98
260;20200818;2;10;147;0;10095;99
260;20200818;3;10;139;0;10096;99
260;20200818;4;10;135;0;10096;99
260;20200818;5;20;145;2;10098;98
260;20200818;6;20;172;33;10103;93
260;20200818;7;30;185;73;10103;85
260;20200818;8;30;198;124;10104;78
260;20200818;9;40;207;121;10105;72
260;20200818;10;50;219;242;10105;66
260;20200818;11;40;209;156;10105;69
260;20200818;12;40;200;161;10108;77
260;20200818;13;30;224;191;10104;63
260;20200818;14;40;235;231;10101;55
260;20200818;15;40;229;191;10101;56
260;20200818;16;40;232;156;10102;54
260;20200818;17;40;225;103;10102;53
260;20200818;18;30;220;56;10104;57
260;20200818;19;20;200;12;10108;67
260;20200818;20;10;163;0;10112;90
260;20200818;21;10;149;0;10113;95
260;20200818;22;10;142;0;10113;97
260;20200818;23;10;137;0;10114;97
260;20200818;24;10;136;0;10111;97
260;20200819;1;10;133;0;10109;98
260;20200819;2;10;132;0;10106;98
260;20200819;3;20;136;0;10104;98
260;20200819;4;20;138;0;10100;98
260;20200819;5;20;149;3;10097;96
260;20200819;6;20;167;32;10098;91
260;20200819;7;20;186;80;10098;83
260;20200819;8;30;210;123;10096;74
260;20200819;9;40;228;191;10093;65
260;20200819;10;40;239;231;10090;58
260;20200819;11;40;248;230;10084;53
260;20200819;12;50;256;232;10080;50
260;20200819;13;50;263;247;10074;48
260;20200819;14;50;264;177;10068;47
260;20200819;15;40;262;145;10065;48
260;20200819;16;40;269;116;10060;48
260;20200819;17;30;259;58;10054;51
260;20200819;18;30;255;32;10051;52
260;20200819;19;30;236;3;10052;63
260;20200819;20;20;224;0;10049;67
260;20200819;21;30;221;0;10051;72
260;20200819;22;40;212;0;10049;76
260;20200819;23;40;210;0;10047;77
260;20200819;24;50;205;0;10045;81
260;20200820;1;40;190;0;10045;93
260;20200820;2;30;196;0;10045;89
260;20200820;3;30;198;0;10046;86
260;20200820;4;30;196;0;10049;88
260;20200820;5;30;200;1;10055;87
260;20200820;6;30;204;16;10058;86
260;20200820;7;30;216;46;10066;83
260;20200820;8;30;226;78;10068;79
260;20200820;9;30;225;72;10074;79
260;20200820;10;30;232;93;10081;75
260;20200820;11;30;221;38;10078;83
260;20200820;12;30;232;80;10076;80
260;20200820;13;30;242;115;10076;74
260;20200820;14;40;265;204;10071;68
260;20200820;15;50;269;199;10067;64
260;20200820;16;50;272;119;10065;64
260;20200820;17;30;274;76;10060;65
260;20200820;18;30;274;58;10055;62
260;20200820;19;30;263;7;10052;64
260;20200820;20;30;260;0;10050;65
260;20200820;21;40;229;0;10044;84
260;20200820;22;30;234;0;10045;80
260;20200820;23;20;218;0;10044;87
260;20200820;24;20;225;0;10042;77
260;20200821;1;30;233;0;10045;70
260;20200821;2;30;242;0;10042;63
260;20200821;3;30;247;0;10030;55
260;20200821;4;30;238;0;10036;59
260;20200821;5;30;242;1;10048;57
260;20200821;6;60;248;3;10054;55
260;20200821;7;50;233;8;10060;64
260;20200821;8;50;227;42;10061;72
260;20200821;9;50;246;166;10064;67
260;20200821;10;60;258;227;10066;59
260;20200821;11;70;272;263;10070;46
260;20200821;12;70;281;279;10076;44
260;20200821;13;70;282;252;10079;44
260;20200821;14;50;273;239;10082;46
260;20200821;15;50;270;211;10085;47
260;20200821;16;40;261;162;10091;51
260;20200821;17;50;244;106;10093;56
260;20200821;18;40;233;44;10098;58
260;20200821;19;30;226;8;10102;58
260;20200821;20;20;201;0;10105;72
260;20200821;21;10;189;0;10108;78
260;20200821;22;20;201;0;10110;72
260;20200821;23;20;186;0;10114;80
260;20200821;24;20;191;0;10115;78
260;20200822;1;30;191;0;10115;78
260;20200822;2;40;191;0;10116;77
260;20200822;3;30;185;0;10118;80
260;20200822;4;40;181;0;10120;80
260;20200822;5;50;182;1;10124;79
260;20200822;6;50;184;9;10130;78
260;20200822;7;60;193;75;10132;76
260;20200822;8;70;195;104;10132;69
260;20200822;9;60;199;105;10135;70
260;20200822;10;70;215;166;10133;63
260;20200822;11;80;213;203;10132;63
260;20200822;12;70;207;117;10133;64
260;20200822;13;60;198;140;10140;77
260;20200822;14;70;183;100;10142;87
260;20200822;15;40;203;100;10139;75
260;20200822;16;70;208;147;10139;58
260;20200822;17;70;203;80;10138;58
260;20200822;18;50;200;30;10136;62
260;20200822;19;50;192;13;10141;64
260;20200822;20;60;182;0;10143;67
260;20200822;21;60;182;0;10141;70
260;20200822;22;50;173;0;10139;74
260;20200822;23;40;171;0;10137;74
260;20200822;24;50;167;0;10132;77
260;20200823;1;40;157;0;10133;90
260;20200823;2;30;158;0;10132;90
260;20200823;3;40;158;0;10132;89
260;20200823;4;40;157;0;10128;88
260;20200823;5;40;159;1;10131;86
260;20200823;6;50;163;26;10132;84
260;20200823;7;50;162;22;10136;87
260;20200823;8;50;165;50;10138;89
260;20200823;9;50;172;63;10140;85
260;20200823;10;50;176;104;10144;86
260;20200823;11;50;191;158;10145;73
260;20200823;12;50;203;233;10150;63
260;20200823;13;60;198;138;10155;63
260;20200823;14;50;206;166;10156;62
260;20200823;15;50;200;188;10160;59
260;20200823;16;40;197;88;10160;62
260;20200823;17;40;198;85;10159;62
260;20200823;18;30;189;46;10160;63
260;20200823;19;20;180;5;10162;70
260;20200823;20;20;157;0;10160;83
260;20200823;21;20;166;0;10157;79
260;20200823;22;30;172;0;10153;81
260;20200823;23;40;177;0;10151;81
260;20200823;24;50;164;0;10148;87
260;20200824;1;40;160;0;10143;89
260;20200824;2;40;154;0;10142;92
260;20200824;3;30;155;0;10140;93
260;20200824;4;30;155;0;10140;94
260;20200824;5;40;153;0;10137;95
260;20200824;6;30;154;8;10139;94
260;20200824;7;30;154;13;10141;95
260;20200824;8;30;173;95;10144;83
260;20200824;9;40;185;120;10146;72
260;20200824;10;40;181;106;10149;68
260;20200824;11;50;183;128;10148;66
260;20200824;12;40;188;84;10147;62
260;20200824;13;50;196;169;10148;61
260;20200824;14;40;206;131;10146;55
260;20200824;15;50;194;112;10146;57
260;20200824;16;50;200;114;10146;56
260;20200824;17;40;194;101;10145;60
260;20200824;18;40;183;48;10145;64
260;20200824;19;20;169;5;10147;71
260;20200824;20;10;137;0;10149;90
260;20200824;21;10;123;0;10149;96
260;20200824;22;10;117;0;10148;97
260;20200824;23;10;119;0;10145;98
260;20200824;24;20;127;0;10142;93
260;20200825;1;20;128;0;10138;92
260;20200825;2;20;128;0;10132;92
260;20200825;3;20;130;0;10127;92
260;20200825;4;20;134;0;10121;94
260;20200825;5;20;137;2;10118;95
260;20200825;6;20;145;15;10114;93
260;20200825;7;30;151;25;10112;92
260;20200825;8;30;158;35;10105;87
260;20200825;9;30;171;65;10095;83
260;20200825;10;50;182;101;10087;75
260;20200825;11;50;178;60;10082;79
260;20200825;12;50;169;51;10071;87
260;20200825;13;40;168;53;10053;88
260;20200825;14;50;186;97;10038;78
260;20200825;15;60;186;50;10032;76
260;20200825;16;60;186;27;10023;79
260;20200825;17;60;195;36;10009;75
260;20200825;18;50;212;33;10001;69
260;20200825;19;60;206;5;10004;70
260;20200825;20;80;195;0;10006;64
260;20200825;21;80;187;0;10006;69
260;20200825;22;80;187;0;9999;69
260;20200825;23;100;188;0;9992;66
260;20200825;24;100;176;0;9991;74
260;20200826;1;90;169;0;9986;79
260;20200826;2;100;159;0;9984;87
260;20200826;3;90;156;0;9990;93
260;20200826;4;90;156;0;9993;91
260;20200826;5;80;156;0;9996;86
260;20200826;6;80;161;2;10007;85
260;20200826;7;80;156;7;10021;86
260;20200826;8;80;157;18;10034;87
260;20200826;9;80;164;32;10043;82
260;20200826;10;70;174;43;10054;76
260;20200826;11;70;179;51;10065;75
260;20200826;12;70;166;70;10080;89
260;20200826;13;80;175;89;10092;81
260;20200826;14;70;174;60;10103;80
260;20200826;15;70;169;27;10117;83
260;20200826;16;70;164;43;10130;88
260;20200826;17;60;165;23;10141;83
260;20200826;18;60;171;26;10148;77
260;20200826;19;50;164;3;10158;78
260;20200826;20;40;157;0;10167;80
260;20200826;21;30;152;0;10171;84
260;20200826;22;20;149;0;10173;85
260;20200826;23;20;140;0;10175;89
260;20200826;24;20;131;0;10175;95
260;20200827;1;20;124;0;10175;96
260;20200827;2;20;124;0;10173;97
260;20200827;3;10;122;0;10171;97
260;20200827;4;10;119;0;10169;98
260;20200827;5;10;122;1;10171;98
260;20200827;6;10;135;18;10171;97
260;20200827;7;10;150;38;10167;94
260;20200827;8;10;158;49;10167;90
260;20200827;9;10;163;41;10166;89
260;20200827;10;30;173;84;10157;83
260;20200827;11;30;179;139;10154;78
260;20200827;12;30;186;105;10149;75
260;20200827;13;30;191;140;10139;72
260;20200827;14;30;194;131;10130;73
260;20200827;15;40;192;117;10123;70
260;20200827;16;30;190;56;10114;72
260;20200827;17;30;186;18;10100;73
260;20200827;18;30;182;21;10089;72
260;20200827;19;20;173;0;10091;78
260;20200827;20;30;161;0;10081;84
260;20200827;21;30;156;0;10063;90
260;20200827;22;30;155;0;10050;87
260;20200827;23;40;151;0;10032;90
260;20200827;24;40;159;0;10026;87
260;20200828;1;30;158;0;10018;85
260;20200828;2;40;160;0;10010;85
260;20200828;3;40;162;0;10004;84
260;20200828;4;60;165;0;9999;80
260;20200828;5;60;163;0;10001;82
260;20200828;6;50;160;12;10004;82
260;20200828;7;60;168;74;10003;79
260;20200828;8;60;174;112;10003;76
260;20200828;9;60;182;164;10006;71
260;20200828;10;60;191;180;10005;69
260;20200828;11;50;193;128;10002;69
260;20200828;12;50;194;181;9999;65
260;20200828;13;40;197;179;9995;64
260;20200828;14;50;192;127;9997;67
260;20200828;15;30;169;51;9994;70
260;20200828;16;30;143;7;9997;95
260;20200828;17;20;146;13;9993;96
260;20200828;18;20;144;8;9997;94
260;20200828;19;20;143;0;9998;94
260;20200828;20;30;132;0;9998;88
260;20200828;21;30;128;0;9997;92
260;20200828;22;30;136;0;9999;92
260;20200828;23;30;135;0;10000;91
260;20200828;24;30;134;0;10001;92
260;20200829;1;30;133;0;10002;90
260;20200829;2;30;127;0;10003;93
260;20200829;3;30;128;0;10001;94
260;20200829;4;30;129;0;10005;94
260;20200829;5;30;127;0;10008;95
260;20200829;6;30;132;17;10010;94
260;20200829;7;40;137;36;10015;93
260;20200829;8;40;155;126;10019;85
260;20200829;9;50;160;147;10021;81
260;20200829;10;60;162;133;10026;78
260;20200829;11;50;163;98;10030;80
260;20200829;12;50;176;153;10032;71
260;20200829;13;50;155;100;10036;88
260;20200829;14;40;157;72;10041;85
260;20200829;15;40;177;138;10042;76
260;20200829;16;40;183;149;10042;69
260;20200829;17;40;181;87;10045;67
260;20200829;18;40;169;32;10049;75
260;20200829;19;20;146;2;10054;88
260;20200829;20;10;128;0;10062;96
260;20200829;21;20;130;0;10062;96
260;20200829;22;20;141;0;10064;93
260;20200829;23;20;139;0;10068;96
260;20200829;24;10;129;0;10069;96
260;20200830;1;10;111;0;10072;99
260;20200830;2;20;130;0;10076;98
260;20200830;3;20;129;0;10073;98
260;20200830;4;20;129;0;10077;98
260;20200830;5;20;129;0;10078;98
260;20200830;6;20;135;13;10081;98
260;20200830;7;20;152;56;10085;94
260;20200830;8;20;163;63;10088;92
260;20200830;9;10;161;15;10090;94
260;20200830;10;50;174;125;10093;84
260;20200830;11;60;173;136;10097;84
260;20200830;12;60;176;69;10100;83
260;20200830;13;60;180;93;10105;79
260;20200830;14;60;181;68;10110;77
260;20200830;15;70;170;71;10115;84
260;20200830;16;70;170;42;10122;80
260;20200830;17;70;165;50;10131;76
260;20200830;18;60;162;10;10139;74
260;20200830;19;50;159;0;10148;76
260;20200830;20;40;149;0;10154;77
260;20200830;21;30;147;0;10160;83
260;20200830;22;20;143;0;10165;91
260;20200830;23;20;138;0;10170;92
260;20200830;24;30;135;0;10171;94
260;20200831;1;20;136;0;10172;94
260;20200831;2;20;138;0;10174;90
260;20200831;3;20;139;0;10176;81
260;20200831;4;20;134;0;10181;87
260;20200831;5;20;132;0;10183;82
260;20200831;6;20;135;11;10187;76
260;20200831;7;20;144;34;10191;76
260;20200831;8;20;158;103;10195;66
260;20200831;9;30;166;167;10199;58
260;20200831;10;40;167;227;10201;70
260;20200831;11;30;175;214;10201;64
260;20200831;12;30;172;231;10203;62
260;20200831;13;40;169;95;10204;63
260;20200831;14;40;169;96;10204;58
260;20200831;15;30;173;98;10202;53
260;20200831;16;30;173;79;10202;59
260;20200831;17;20;163;53;10202;65
260;20200831;18;20;159;30;10204;68
260;20200831;19;10;136;1;10206;86
260;20200831;20;10;117;0;10207;92
260;20200831;21;10;115;0;10208;95
260;20200831;22;20;122;0;10209;90
260;20200831;23;10;101;0;10208;96
260;20200831;24;0;95;0;10210;99
260;20200901;1;10;93;0;10207;97
260;20200901;2;10;98;0;10206;97
260;20200901;3;10;103;0;10205;97
260;20200901;4;10;97;0;10204;98
260;20200901;5;10;99;0;10202;97
260;20200901;6;0;104;12;10206;97
260;20200901;7;10;134;50;10209;82
260;20200901;8;10;159;102;10209;69
260;20200901;9;20;164;138;10207;61
260;20200901;10;20;164;128;10205;58
260;20200901;11;10;168;62;10202;55
260;20200901;12;10;168;85;10201;57
260;20200901;13;10;171;67;10200;63
260;20200901;14;30;168;91;10198;69
260;20200901;15;30;169;116;10195;63
260;20200901;16;30;172;133;10192;55
260;20200901;17;30;166;91;10192;64
260;20200901;18;20;154;34;10192;72
260;20200901;19;20;128;1;10194;86
260;20200901;20;20;126;0;10195;87
260;20200901;21;10;102;0;10197;97
260;20200901;22;20;107;0;10197;97
260;20200901;23;20;114;0;10195;95
260;20200901;24;20;115;0;10194;96
260;20200902;1;20;116;0;10193;96
260;20200902;2;20;108;0;10190;98
260;20200902;3;10;90;0;10187;98
260;20200902;4;10;86;0;10187;98
260;20200902;5;10;84;0;10189;98
260;20200902;6;10;110;18;10190;90
260;20200902;7;10;135;66;10194;79
260;20200902;8;10;162;120;10196;67
260;20200902;9;20;175;175;10198;60
260;20200902;10;10;192;218;10195;59
260;20200902;11;10;190;214;10193;56
260;20200902;12;10;204;155;10190;52
260;20200902;13;10;212;203;10187;49
260;20200902;14;10;201;199;10184;48
260;20200902;15;10;200;129;10183;55
260;20200902;16;10;211;137;10185;48
260;20200902;17;30;191;65;10189;63
260;20200902;18;20;176;23;10191;72
260;20200902;19;10;141;0;10196;89
260;20200902;20;10;124;0;10197;95
260;20200902;21;10;112;0;10195;97
260;20200902;22;10;108;0;10192;98
260;20200902;23;10;108;0;10192;98
260;20200902;24;10;107;0;10189;98
260;20200903;1;10;113;0;10185;98
260;20200903;2;10;118;0;10184;97
260;20200903;3;20;134;0;10175;85
260;20200903;4;20;141;0;10173;82
260;20200903;5;20;135;0;10175;89
260;20200903;6;30;139;4;10172;88
260;20200903;7;30;136;11;10174;90
260;20200903;8;40;134;15;10171;92
260;20200903;9;40;136;18;10168;94
260;20200903;10;50;140;20;10168;94
260;20200903;11;40;148;34;10164;92
260;20200903;12;50;161;77;10161;91
260;20200903;13;40;178;106;10159;83
260;20200903;14;40;187;66;10157;81
260;20200903;15;40;194;23;10156;81
260;20200903;16;40;204;26;10157;82
260;20200903;17;50;205;24;10159;82
260;20200903;18;60;201;6;10160;81
260;20200903;19;60;197;0;10164;83
260;20200903;20;50;193;0;10169;86
260;20200903;21;50;183;0;10172;94
260;20200903;22;50;182;0;10174;96
260;20200903;23;50;181;0;10176;96
260;20200903;24;30;176;0;10180;96
260;20200904;1;30;173;0;10179;96
260;20200904;2;30;166;0;10183;94
260;20200904;3;30;168;0;10184;96
260;20200904;4;30;167;0;10184;96
260;20200904;5;20;165;0;10187;96
260;20200904;6;30;167;5;10192;95
260;20200904;7;20;170;27;10196;91
260;20200904;8;30;177;68;10201;87
260;20200904;9;40;184;79;10206;82
260;20200904;10;50;190;189;10205;76
260;20200904;11;50;192;151;10204;71
260;20200904;12;50;200;188;10202;63
260;20200904;13;40;209;189;10204;59
260;20200904;14;50;193;87;10204;63
260;20200904;15;50;188;110;10204;60
260;20200904;16;50;187;107;10202;59
260;20200904;17;40;177;42;10199;64
260;20200904;18;30;169;18;10199;68
260;20200904;19;20;160;0;10200;73
260;20200904;20;20;156;0;10196;75
260;20200904;21;20;148;0;10191;80
260;20200904;22;20;139;0;10186;86
260;20200904;23;20;152;0;10182;82
260;20200904;24;20;155;0;10181;83
260;20200905;1;20;152;0;10176;87
260;20200905;2;10;148;0;10173;90
260;20200905;3;20;145;0;10176;86
260;20200905;4;20;135;0;10173;97
260;20200905;5;10;133;0;10172;94
260;20200905;6;20;132;6;10174;95
260;20200905;7;20;139;39;10176;90
260;20200905;8;30;161;121;10177;77
260;20200905;9;40;169;160;10181;66
260;20200905;10;50;178;195;10183;62
260;20200905;11;50;180;220;10184;59
260;20200905;12;50;175;193;10188;59
260;20200905;13;50;172;169;10190;61
260;20200905;14;50;168;115;10194;60
260;20200905;15;50;173;126;10192;57
260;20200905;16;40;161;57;10192;61
260;20200905;17;40;159;40;10190;64
260;20200905;18;30;156;11;10190;65
260;20200905;19;20;151;0;10190;69
260;20200905;20;20;126;0;10195;95
260;20200905;21;10;111;0;10194;98
260;20200905;22;10;107;0;10194;98
260;20200905;23;20;117;0;10194;97
260;20200905;24;20;111;0;10194;96
260;20200906;1;20;114;0;10195;95
260;20200906;2;10;114;0;10193;96
260;20200906;3;10;114;0;10190;97
260;20200906;4;10;101;0;10187;98
260;20200906;5;10;91;0;10186;99
260;20200906;6;20;108;14;10189;95
260;20200906;7;10;129;61;10189;85
260;20200906;8;20;152;90;10192;76
260;20200906;9;30;167;171;10194;68
260;20200906;10;40;175;161;10194;64
260;20200906;11;30;176;149;10194;59
260;20200906;12;30;186;246;10193;53
260;20200906;13;30;179;121;10194;57
260;20200906;14;30;187;172;10194;56
260;20200906;15;40;189;171;10196;54
260;20200906;16;40;179;123;10199;60
260;20200906;17;30;165;64;10202;67
260;20200906;18;20;159;12;10204;74
260;20200906;19;20;150;0;10211;79
260;20200906;20;20;147;0;10214;81
260;20200906;21;20;134;0;10216;87
260;20200906;22;10;110;0;10218;96
260;20200906;23;10;99;0;10221;96
260;20200906;24;10;92;0;10223;99
260;20200907;1;10;89;0;10223;98
260;20200907;2;10;86;0;10223;99
260;20200907;3;10;82;0;10221;98
260;20200907;4;10;82;0;10220;99
260;20200907;5;10;82;0;10224;99
260;20200907;6;10;106;14;10228;95
260;20200907;7;10;134;57;10232;85
260;20200907;8;30;166;117;10233;77
260;20200907;9;40;172;151;10234;73
260;20200907;10;40;189;183;10234;68
260;20200907;11;40;189;180;10235;63
260;20200907;12;40;197;185;10233;57
260;20200907;13;50;198;203;10234;57
260;20200907;14;50;202;170;10234;57
260;20200907;15;40;205;168;10232;53
260;20200907;16;50;198;116;10233;56
260;20200907;17;40;191;53;10232;57
260;20200907;18;30;180;16;10228;65
260;20200907;19;20;167;0;10231;73
260;20200907;20;30;170;0;10235;76
260;20200907;21;30;164;0;10235;79
260;20200907;22;20;156;0;10235;84
260;20200907;23;30;156;0;10232;84
260;20200907;24;30;153;0;10229;84
260;20200908;1;40;152;0;10229;83
260;20200908;2;40;156;0;10228;83
260;20200908;3;40;155;0;10229;86
260;20200908;4;30;155;0;10229;90
260;20200908;5;30;157;0;10231;91
260;20200908;6;40;159;5;10232;93
260;20200908;7;30;163;11;10235;91
260;20200908;8;30;167;22;10242;92
260;20200908;9;30;171;44;10244;93
260;20200908;10;30;175;42;10249;89
260;20200908;11;30;183;65;10250;86
260;20200908;12;40;184;62;10251;85
260;20200908;13;40;187;48;10252;83
260;20200908;14;40;186;34;10253;83
260;20200908;15;40;186;38;10252;83
260;20200908;16;30;185;24;10249;84
260;20200908;17;30;184;14;10246;83
260;20200908;18;30;181;4;10246;86
260;20200908;19;20;180;0;10245;88
260;20200908;20;20;178;0;10246;91
260;20200908;21;20;178;0;10245;91
260;20200908;22;20;177;0;10242;91
260;20200908;23;30;174;0;10237;91
260;20200908;24;30;174;0;10233;91
260;20200909;1;20;175;0;10226;91
260;20200909;2;30;178;0;10219;89
260;20200909;3;30;179;0;10215;90
260;20200909;4;30;177;0;10210;91
260;20200909;5;30;177;0;10209;91
260;20200909;6;40;174;2;10211;94
260;20200909;7;40;175;12;10209;95
260;20200909;8;40;177;18;10209;96
260;20200909;9;40;186;25;10209;93
260;20200909;10;50;185;36;10208;92
260;20200909;11;40;195;65;10205;87
260;20200909;12;40;207;66;10203;76
260;20200909;13;40;206;70;10203;76
260;20200909;14;40;192;57;10206;83
260;20200909;15;40;182;29;10206;92
260;20200909;16;30;181;28;10206;93
260;20200909;17;20;177;15;10209;94
260;20200909;18;20;175;7;10212;90
260;20200909;19;30;163;0;10224;85
260;20200909;20;30;145;0;10230;84
260;20200909;21;20;133;0;10234;86
260;20200909;22;10;111;0;10235;96
260;20200909;23;10;94;0;10234;98
260;20200909;24;10;87;0;10233;99
260;20200910;1;10;81;0;10232;99
260;20200910;2;10;75;0;10232;99
260;20200910;3;10;75;0;10234;99
260;20200910;4;10;79;0;10236;99
260;20200910;5;10;76;0;10236;99
260;20200910;6;10;85;6;10238;98
260;20200910;7;10;117;36;10240;89
260;20200910;8;10;159;112;10239;68
260;20200910;9;10;173;148;10239;62
260;20200910;10;10;179;177;10237;58
260;20200910;11;20;173;170;10234;56
260;20200910;12;10;189;190;10230;53
260;20200910;13;20;182;93;10227;53
260;20200910;14;10;188;132;10221;47
260;20200910;15;10;187;124;10212;53
260;20200910;16;10;187;89;10205;48
260;20200910;17;10;180;60;10201;51
260;20200910;18;10;149;16;10202;78
260;20200910;19;0;125;0;10201;92
260;20200910;20;10;110;0;10199;95
260;20200910;21;10;98;0;10198;97
260;20200910;22;10;94;0;10195;97
260;20200910;23;0;98;0;10194;97
260;20200910;24;0;105;0;10190;97
260;20200911;1;10;100;0;10184;96
260;20200911;2;10;88;0;10181;98
260;20200911;3;10;98;0;10179;97
260;20200911;4;10;96;0;10178;98
260;20200911;5;0;99;0;10175;97
260;20200911;6;10;105;7;10174;97
260;20200911;7;0;122;44;10175;91
260;20200911;8;0;146;75;10178;84
260;20200911;9;10;164;122;10178;72
260;20200911;10;20;176;164;10177;60
260;20200911;11;20;180;202;10174;62
260;20200911;12;30;190;217;10172;59
260;20200911;13;30;194;214;10170;57
260;20200911;14;40;197;189;10167;54
260;20200911;15;30;195;144;10165;56
260;20200911;16;30;188;90;10164;56
260;20200911;17;20;182;48;10161;59
260;20200911;18;10;150;12;10160;82
260;20200911;19;10;123;0;10162;91
260;20200911;20;10;110;0;10163;97
260;20200911;21;10;103;0;10163;98
260;20200911;22;20;93;0;10162;97
260;20200911;23;10;95;0;10162;98
260;20200911;24;10;92;0;10162;98
260;20200912;1;10;88;0;10161;98
260;20200912;2;20;89;0;10162;98
260;20200912;3;20;101;0;10157;98
260;20200912;4;20;119;0;10158;94
260;20200912;5;30;125;0;10158;93
260;20200912;6;30;127;9;10166;94
260;20200912;7;30;137;29;10173;90
260;20200912;8;30;150;54;10177;85
260;20200912;9;40;168;133;10181;75
260;20200912;10;50;176;136;10186;70
260;20200912;11;40;179;60;10191;70
260;20200912;12;40;179;62;10198;72
260;20200912;13;40;179;62;10201;71
260;20200912;14;40;186;82;10202;71
260;20200912;15;40;186;73;10206;70
260;20200912;16;30;188;57;10208;69
260;20200912;17;30;180;30;10214;72
260;20200912;18;20;168;11;10217;77
260;20200912;19;10;133;0;10224;92
260;20200912;20;10;117;0;10225;96
260;20200912;21;10;108;0;10228;98
260;20200912;22;10;103;0;10232;98
260;20200912;23;10;112;0;10232;98
260;20200912;24;20;117;0;10231;97
260;20200913;1;20;115;0;10232;98
260;20200913;2;30;134;0;10231;95
260;20200913;3;30;136;0;10232;94
260;20200913;4;30;137;0;10230;93
260;20200913;5;30;135;0;10233;94
260;20200913;6;20;136;6;10237;95
260;20200913;7;30;147;39;10240;93
260;20200913;8;30;164;89;10246;86
260;20200913;9;40;180;158;10251;79
260;20200913;10;40;193;192;10255;74
260;20200913;11;40;204;213;10254;70
260;20200913;12;40;209;229;10254;66
260;20200913;13;40;218;227;10252;62
260;20200913;14;40;222;197;10249;61
260;20200913;15;30;224;160;10248;61
260;20200913;16;30;221;110;10245;60
260;20200913;17;20;214;56;10246;65
260;20200913;18;10;176;12;10247;85
260;20200913;19;10;149;0;10250;93
260;20200913;20;10;137;0;10253;96
260;20200913;21;10;131;0;10253;98
260;20200913;22;10;119;0;10253;98
260;20200913;23;10;113;0;10251;98
260;20200913;24;10;110;0;10252;99
260;20200914;1;10;102;0;10251;98
260;20200914;2;10;101;0;10250;99
260;20200914;3;10;99;0;10248;98
260;20200914;4;10;96;0;10248;98
260;20200914;5;10;97;0;10245;98
260;20200914;6;10;113;7;10245;95
260;20200914;7;10;148;45;10247;90
260;20200914;8;10;196;98;10250;76
260;20200914;9;20;219;151;10250;67
260;20200914;10;20;247;195;10246;56
260;20200914;11;20;259;219;10242;55
260;20200914;12;20;270;229;10236;46
260;20200914;13;20;278;215;10231;38
260;20200914;14;20;277;190;10224;44
260;20200914;15;20;283;151;10219;43
260;20200914;16;10;279;99;10215;52
260;20200914;17;20;260;49;10211;57
260;20200914;18;20;209;10;10208;82
260;20200914;19;10;178;0;10212;91
260;20200914;20;10;166;0;10214;94
260;20200914;21;10;160;0;10212;94
260;20200914;22;10;151;0;10210;96
260;20200914;23;10;147;0;10207;95
260;20200914;24;10;140;0;10203;97
260;20200915;1;10;133;0;10201;97
260;20200915;2;0;130;0;10197;98
260;20200915;3;10;127;0;10194;98
260;20200915;4;10;126;0;10193;99
260;20200915;5;10;131;0;10193;98
260;20200915;6;10;133;5;10193;98
260;20200915;7;10;174;45;10194;87
260;20200915;8;20;209;101;10196;72
260;20200915;9;10;238;150;10199;64
260;20200915;10;10;261;184;10196;53
260;20200915;11;20;277;210;10191;51
260;20200915;12;20;295;214;10187;50
260;20200915;13;20;306;212;10183;43
260;20200915;14;30;310;189;10179;39
260;20200915;15;20;308;149;10175;46
260;20200915;16;20;305;107;10172;50
260;20200915;17;20;290;52;10171;58
260;20200915;18;10;236;9;10171;82
260;20200915;19;10;204;0;10173;91
260;20200915;20;10;191;0;10174;93
260;20200915;21;10;181;0;10174;95
260;20200915;22;20;181;0;10178;92
260;20200915;23;20;172;0;10178;93
260;20200915;24;10;164;0;10177;95
260;20200916;1;10;160;0;10176;97
260;20200916;2;20;175;0;10176;94
260;20200916;3;20;179;0;10175;94
260;20200916;4;20;179;0;10178;98
260;20200916;5;30;174;0;10182;92
260;20200916;6;20;178;5;10189;91
260;20200916;7;30;186;38;10196;88
260;20200916;8;40;192;68;10200;83
260;20200916;9;40;203;141;10206;76
260;20200916;10;50;213;182;10209;69
260;20200916;11;50;216;167;10215;66
260;20200916;12;50;234;214;10218;59
260;20200916;13;50;214;130;10225;68
260;20200916;14;50;213;100;10226;70
260;20200916;15;50;208;118;10227;75
260;20200916;16;50;206;102;10227;75
260;20200916;17;60;188;38;10236;80
260;20200916;18;50;178;5;10243;80
260;20200916;19;40;173;0;10252;82
260;20200916;20;50;164;0;10261;79
260;20200916;21;50;157;0;10267;79
260;20200916;22;40;145;0;10276;80
260;20200916;23;40;139;0;10279;79
260;20200916;24;40;133;0;10281;79
260;20200917;1;30;126;0;10282;79
260;20200917;2;20;105;0;10282;89
260;20200917;3;10;86;0;10281;94
260;20200917;4;10;82;0;10280;98
260;20200917;5;20;104;0;10283;93
260;20200917;6;10;104;6;10289;96
260;20200917;7;20;120;40;10294;91
260;20200917;8;40;140;99;10299;77
260;20200917;9;50;152;152;10301;68
260;20200917;10;60;164;186;10299;53
260;20200917;11;60;171;223;10297;48
260;20200917;12;50;177;230;10292;42
260;20200917;13;50;183;227;10289;42
260;20200917;14;50;184;190;10282;41
260;20200917;15;50;180;144;10279;42
260;20200917;16;50;174;74;10276;46
260;20200917;17;50;163;50;10277;52
260;20200917;18;50;145;8;10278;59
260;20200917;19;40;132;0;10281;63
260;20200917;20;30;122;0;10285;67
260;20200917;21;30;117;0;10282;68
260;20200917;22;30;107;0;10279;71
260;20200917;23;30;105;0;10277;70
260;20200917;24;40;107;0;10273;69
260;20200918;1;40;98;0;10270;72
260;20200918;2;40;97;0;10265;72
260;20200918;3;40;92;0;10262;74
260;20200918;4;30;81;0;10260;78
260;20200918;5;30;77;0;10260;79
260;20200918;6;30;78;7;10261;79
260;20200918;7;40;104;47;10263;69
260;20200918;8;50;126;105;10263;64
260;20200918;9;50;148;157;10260;58
260;20200918;10;50;171;198;10256;55
260;20200918;11;50;185;224;10250;51
260;20200918;12;50;195;233;10243;48
260;20200918;13;60;204;225;10237;40
260;20200918;14;60;211;197;10231;41
260;20200918;15;60;211;157;10226;39
260;20200918;16;60;205;104;10223;42
260;20200918;17;50;194;48;10223;46
260;20200918;18;40;176;6;10221;49
260;20200918;19;40;162;0;10226;56
260;20200918;20;40;151;0;10224;59
260;20200918;21;40;145;0;10221;60
260;20200918;22;40;140;0;10219;61
260;20200918;23;40;128;0;10217;65
260;20200918;24;20;109;0;10215;73
260;20200919;1;20;105;0;10212;73
260;20200919;2;20;97;0;10205;76
260;20200919;3;20;95;0;10200;75
260;20200919;4;20;87;0;10196;78
260;20200919;5;20;80;0;10196;80
260;20200919;6;20;78;5;10195;81
260;20200919;7;20;101;43;10197;71
260;20200919;8;20;132;101;10198;62
260;20200919;9;30;161;150;10195;55
260;20200919;10;40;182;187;10190;49
260;20200919;11;40;200;210;10186;47
260;20200919;12;40;214;219;10182;44
260;20200919;13;40;223;210;10178;41
260;20200919;14;40;231;185;10173;40
260;20200919;15;40;231;145;10170;41
260;20200919;16;40;224;97;10167;40
260;20200919;17;40;211;45;10167;41
260;20200919;18;20;180;6;10168;58
260;20200919;19;30;170;0;10171;61
260;20200919;20;30;160;0;10173;62
260;20200919;21;30;151;0;10175;63
260;20200919;22;20;138;0;10178;67
260;20200919;23;20;131;0;10178;70
260;20200919;24;20;125;0;10174;69
260;20200920;1;20;113;0;10175;72
260;20200920;2;20;110;0;10176;71
260;20200920;3;20;101;0;10173;74
260;20200920;4;20;99;0;10176;74
260;20200920;5;20;86;0;10179;80
260;20200920;6;20;84;5;10181;80
260;20200920;7;30;104;41;10182;71
260;20200920;8;30;130;98;10184;63
260;20200920;9;30;155;150;10186;58
260;20200920;10;40;179;192;10183;47
260;20200920;11;40;193;219;10183;49
260;20200920;12;30;207;228;10180;48
260;20200920;13;30;218;216;10176;44
260;20200920;14;40;225;192;10174;40
260;20200920;15;40;221;151;10173;39
260;20200920;16;40;210;100;10174;42
260;20200920;17;40;198;44;10176;46
260;20200920;18;30;178;6;10181;54
260;20200920;19;30;161;0;10184;61
260;20200920;20;30;151;0;10185;65
260;20200920;21;20;107;0;10185;87
260;20200920;22;20;104;0;10185;87
260;20200920;23;30;120;0;10183;82
260;20200920;24;20;111;0;10181;87
260;20200921;1;20;110;0;10179;88
260;20200921;2;10;106;0;10175;90
260;20200921;3;20;91;0;10172;92
260;20200921;4;20;98;0;10171;93
260;20200921;5;20;90;0;10171;94
260;20200921;6;10;78;5;10170;98
260;20200921;7;10;116;41;10173;84
260;20200921;8;0;154;95;10172;68
260;20200921;9;10;171;142;10173;62
260;20200921;10;20;200;180;10169;53
260;20200921;11;10;223;210;10164;45
260;20200921;12;20;236;218;10160;37
260;20200921;13;10;253;208;10156;35
260;20200921;14;20;239;182;10152;46
260;20200921;15;30;232;142;10150;55
260;20200921;16;30;227;92;10148;53
260;20200921;17;20;208;39;10147;62
260;20200921;18;10;149;4;10147;85
260;20200921;19;10;118;0;10147;95
260;20200921;20;10;107;0;10146;95
260;20200921;21;10;98;0;10145;94
260;20200921;22;0;89;0;10143;96
260;20200921;23;10;96;0;10142;97
260;20200921;24;20;84;0;10138;98
260;20200922;1;10;75;0;10134;99
260;20200922;2;10;68;0;10128;99
260;20200922;3;10;66;0;10125;99
260;20200922;4;0;66;0;10121;99
260;20200922;5;0;57;0;10121;99
260;20200922;6;0;57;3;10120;99
260;20200922;7;10;105;43;10118;98
260;20200922;8;0;152;94;10119;76
260;20200922;9;0;189;137;10118;60
260;20200922;10;10;205;176;10114;54
260;20200922;11;20;214;200;10109;44
260;20200922;12;20;225;206;10102;42
260;20200922;13;20;231;196;10096;35
260;20200922;14;20;232;167;10091;40
260;20200922;15;20;230;133;10084;40
260;20200922;16;20;226;85;10077;41
260;20200922;17;20;201;35;10074;55
260;20200922;18;10;146;3;10072;83
260;20200922;19;0;123;0;10071;89
260;20200922;20;0;112;0;10069;95
260;20200922;21;10;106;0;10068;96
260;20200922;22;10;100;0;10065;97
260;20200922;23;20;98;0;10061;97
260;20200922;24;20;106;0;10058;94
260;20200923;1;10;99;0;10055;97
260;20200923;2;10;100;0;10051;98
260;20200923;3;10;111;0;10050;95
260;20200923;4;20;137;0;10049;93
260;20200923;5;30;144;0;10047;92
260;20200923;6;30;143;3;10046;93
260;20200923;7;30;152;36;10046;88
260;20200923;8;30;159;42;10046;86
260;20200923;9;30;160;32;10044;88
260;20200923;10;30;186;112;10041;77
260;20200923;11;50;206;191;10033;68
260;20200923;12;60;212;162;10029;61
260;20200923;13;60;212;75;10025;58
260;20200923;14;70;211;95;10022;62
260;20200923;15;60;200;37;10020;64
260;20200923;16;40;163;12;10018;92
260;20200923;17;20;167;17;10009;88
260;20200923;18;20;153;5;10005;93
260;20200923;19;20;158;0;9998;92
260;20200923;20;30;169;0;9993;82
260;20200923;21;20;168;0;9988;83
260;20200923;22;40;161;0;9979;92
260;20200923;23;50;158;0;9972;93
260;20200923;24;50;160;0;9972;92
260;20200924;1;60;144;0;9978;84
260;20200924;2;60;137;0;9986;79
260;20200924;3;60;133;0;9993;75
260;20200924;4;50;126;0;10001;76
260;20200924;5;50;121;0;10006;79
260;20200924;6;50;116;2;10012;81
260;20200924;7;40;121;37;10018;78
260;20200924;8;50;128;74;10021;81
260;20200924;9;60;140;116;10019;77
260;20200924;10;70;152;141;10017;68
260;20200924;11;70;163;193;10012;56
260;20200924;12;70;163;182;10010;55
260;20200924;13;60;175;88;10006;56
260;20200924;14;50;142;31;10007;77
260;20200924;15;30;143;34;10002;82
260;20200924;16;30;137;18;9994;89
260;20200924;17;20;137;31;9986;88
260;20200924;18;20;142;3;9976;76
260;20200924;19;30;139;0;9975;78
260;20200924;20;30;130;0;9968;86
260;20200924;21;30;128;0;9959;91
260;20200924;22;20;125;0;9952;92
260;20200924;23;30;130;0;9942;92
260;20200924;24;40;126;0;9945;88
260;20200925;1;50;120;0;9943;86
260;20200925;2;50;114;0;9939;86
260;20200925;3;40;112;0;9938;88
260;20200925;4;40;102;0;9938;83
260;20200925;5;50;96;0;9943;84
260;20200925;6;50;88;2;9945;85
260;20200925;7;60;94;37;9940;82
260;20200925;8;50;103;71;9943;80
260;20200925;9;50;108;64;9947;78
260;20200925;10;60;122;113;9945;75
260;20200925;11;70;128;130;9937;71
260;20200925;12;70;124;114;9935;70
260;20200925;13;60;130;117;9931;72
260;20200925;14;60;118;78;9933;83
260;20200925;15;60;114;56;9928;90
260;20200925;16;70;108;19;9919;91
260;20200925;17;60;110;6;9916;96
260;20200925;18;50;113;2;9917;93
260;20200925;19;50;112;0;9911;93
260;20200925;20;40;106;0;9904;94
260;20200925;21;40;97;0;9906;95
260;20200925;22;40;100;0;9912;95
260;20200925;23;30;102;0;9922;95
260;20200925;24;40;103;0;9928;93
260;20200926;1;40;105;0;9938;92
260;20200926;2;30;103;0;9947;93
260;20200926;3;40;102;0;9956;95
260;20200926;4;40;102;0;9962;92
260;20200926;5;30;97;0;9969;93
260;20200926;6;20;94;1;9977;93
260;20200926;7;20;105;31;9980;91
260;20200926;8;20;123;86;9987;80
260;20200926;9;20;133;133;9990;75
260;20200926;10;30;141;137;9990;71
260;20200926;11;30;156;177;9996;62
260;20200926;12;40;154;157;10001;62
260;20200926;13;40;153;123;10005;62
260;20200926;14;40;159;129;10004;60
260;20200926;15;40;154;86;10007;62
260;20200926;16;30;151;56;10009;68
260;20200926;17;20;143;9;10009;75
260;20200926;18;20;141;0;10009;79
260;20200926;19;30;128;0;10006;93
260;20200926;20;40;129;0;10006;94
260;20200926;21;40;126;0;9997;88
260;20200926;22;50;121;0;9993;91
260;20200926;23;50;122;0;9981;93
260;20200926;24;60;129;0;9968;95
260;20200927;1;70;135;0;9958;94
260;20200927;2;80;145;0;9957;96
260;20200927;3;70;155;0;9960;93
260;20200927;4;70;160;0;9963;92
260;20200927;5;60;162;0;9969;91
260;20200927;6;60;152;2;9983;81
260;20200927;7;50;143;26;9996;85
260;20200927;8;50;139;26;10010;88
260;20200927;9;50;139;54;10023;82
260;20200927;10;40;141;75;10032;81
260;20200927;11;40;138;81;10038;76
260;20200927;12;40;147;169;10040;74
260;20200927;13;40;151;106;10045;74
260;20200927;14;30;152;68;10051;72
260;20200927;15;20;150;40;10054;76
260;20200927;16;20;145;20;10061;80
260;20200927;17;10;139;8;10063;82
260;20200927;18;10;137;0;10067;84
260;20200927;19;10;134;0;10072;84
260;20200927;20;10;132;0;10075;90
260;20200927;21;10;131;0;10079;87
260;20200927;22;10;129;0;10080;90
260;20200927;23;10;129;0;10082;92
260;20200927;24;10;131;0;10079;88
260;20200928;1;20;127;0;10077;94
260;20200928;2;20;127;0;10074;97
260;20200928;3;20;125;0;10070;98
260;20200928;4;20;127;0;10068;97
260;20200928;5;20;128;0;10067;97
260;20200928;6;20;126;0;10070;97
260;20200928;7;20;127;3;10072;97
260;20200928;8;20;129;5;10076;97
260;20200928;9;30;131;10;10078;97
260;20200928;10;30;132;16;10080;96
260;20200928;11;30;132;20;10084;96
260;20200928;12;20;130;22;10086;96
260;20200928;13;30;133;39;10087;95
260;20200928;14;20;132;22;10087;95
260;20200928;15;20;134;25;10090;94
260;20200928;16;20;132;7;10094;95
260;20200928;17;20;128;3;10100;95
260;20200928;18;20;125;0;10106;95
260;20200928;19;20;124;0;10111;95
260;20200928;20;20;124;0;10114;95
260;20200928;21;20;123;0;10118;97
260;20200928;22;20;121;0;10120;97
260;20200928;23;20;122;0;10120;96
260;20200928;24;20;122;0;10120;95
260;20200929;1;20;121;0;10123;97
260;20200929;2;20;122;0;10124;97
260;20200929;3;10;124;0;10125;98
260;20200929;4;10;127;0;10127;98
260;20200929;5;20;143;0;10130;98
260;20200929;6;20;143;0;10135;98
260;20200929;7;20;142;2;10142;98
260;20200929;8;10;144;9;10147;96
260;20200929;9;20;152;40;10152;91
260;20200929;10;20;162;81;10155;85
260;20200929;11;20;166;61;10157;79
260;20200929;12;20;183;184;10157;60
260;20200929;13;30;185;162;10156;56
260;20200929;14;30;188;145;10154;53
260;20200929;15;20;183;80;10154;57
260;20200929;16;20;176;60;10156;67
260;20200929;17;10;163;14;10158;84
260;20200929;18;10;156;1;10161;86
260;20200929;19;10;151;0;10161;89
260;20200929;20;10;150;0;10161;82
260;20200929;21;10;142;0;10162;94
260;20200929;22;10;142;0;10159;95
260;20200929;23;20;132;0;10157;97
260;20200929;24;20;124;0;10155;99
260;20200930;1;20;129;0;10154;98
260;20200930;2;20;129;0;10150;97
260;20200930;3;20;126;0;10147;98
260;20200930;4;20;131;0;10146;97
260;20200930;5;20;125;0;10144;97
260;20200930;6;20;128;2;10142;98
260;20200930;7;30;140;35;10142;95
260;20200930;8;20;148;38;10143;92
260;20200930;9;20;156;43;10141;90
260;20200930;10;20;157;46;10137;90
260;20200930;11;20;160;29;10131;93
260;20200930;12;20;177;90;10123;84
260;20200930;13;30;181;84;10116;81
260;20200930;14;20;170;26;10111;90
260;20200930;15;20;172;52;10106;88
260;20200930;16;30;171;36;10104;87
260;20200930;17;20;163;28;10101;91
260;20200930;18;20;158;0;10099;93
260;20200930;19;20;160;0;10093;91
260;20200930;20;30;160;0;10088;92
260;20200930;21;30;159;0;10086;92
260;20200930;22;30;158;0;10080;90
260;20200930;23;30;155;0;10072;92
260;20200930;24;30;155;0;10063;92
260;20201001;1;40;156;0;10053;90
260;20201001;2;40;155;0;10046;90
260;20201001;3;40;152;0;10036;89
260;20201001;4;30;149;0;10031;90
260;20201001;5;40;144;0;10021;91
260;20201001;6;30;141;0;10018;91
260;20201001;7;30;142;4;10010;90
260;20201001;8;40;144;24;10006;87
260;20201001;9;40;139;19;10001;91
260;20201001;10;40;142;30;9992;91
260;20201001;11;40;142;29;9990;91
260;20201001;12;50;139;25;9983;94
260;20201001;13;50;139;25;9976;94
260;20201001;14;50;142;21;9971;93
260;20201001;15;50;133;26;9975;92
260;20201001;16;50;131;24;9979;91
260;20201001;17;30;130;16;9986;94
260;20201001;18;30;123;0;9989;93
260;20201001;19;30;115;0;9991;93
260;20201001;20;20;105;0;9993;96
260;20201001;21;20;103;0;9994;96
260;20201001;22;20;99;0;9991;97
260;20201001;23;20;93;0;9987;98
260;20201001;24;20;90;0;9985;98
260;20201002;1;20;89;0;9980;98
260;20201002;2;20;86;0;9973;98
260;20201002;3;20;82;0;9968;97
260;20201002;4;30;83;0;9965;98
260;20201002;5;30;87;0;9963;96
260;20201002;6;30;91;1;9959;95
260;20201002;7;40;93;12;9957;94
260;20201002;8;40;103;35;9954;94
260;20201002;9;40;115;66;9950;90
260;20201002;10;50;126;95;9945;86
260;20201002;11;50;150;115;9937;77
260;20201002;12;60;155;111;9931;71
260;20201002;13;50;157;55;9927;72
260;20201002;14;40;158;36;9924;74
260;20201002;15;40;159;32;9924;73
260;20201002;16;50;155;16;9924;76
260;20201002;17;50;155;6;9922;76
260;20201002;18;40;156;0;9920;74
260;20201002;19;50;158;0;9922;73
260;20201002;20;50;156;0;9917;77
260;20201002;21;60;151;0;9909;82
260;20201002;22;60;147;0;9905;85
260;20201002;23;50;147;0;9905;85
260;20201002;24;40;147;0;9897;84
260;20201003;1;50;145;0;9891;85
260;20201003;2;50;143;0;9892;86
260;20201003;3;50;142;0;9886;86
260;20201003;4;50;140;0;9887;87
260;20201003;5;40;137;0;9885;88
260;20201003;6;40;136;0;9890;89
260;20201003;7;30;137;5;9889;89
260;20201003;8;20;140;18;9890;90
260;20201003;9;20;141;26;9894;94
260;20201003;10;20;144;31;9892;93
260;20201003;11;30;139;12;9896;91
260;20201003;12;40;134;15;9895;89
260;20201003;13;40;127;17;9897;91
260;20201003;14;30;122;9;9900;94
260;20201003;15;30;115;5;9902;95
260;20201003;16;20;118;14;9897;95
260;20201003;17;30;117;9;9895;95
260;20201003;18;30;115;0;9893;96
260;20201003;19;30;112;0;9888;96
260;20201003;20;30;103;0;9882;95
260;20201003;21;30;101;0;9878;95
260;20201003;22;30;107;0;9873;92
260;20201003;23;20;106;0;9866;92
260;20201003;24;30;108;0;9859;92
260;20201004;1;30;109;0;9853;90
260;20201004;2;40;107;0;9850;93
260;20201004;3;20;108;0;9847;92
260;20201004;4;20;106;0;9846;95
260;20201004;5;30;106;0;9845;94
260;20201004;6;40;106;0;9849;96
260;20201004;7;40;111;8;9854;92
260;20201004;8;50;113;15;9862;91
260;20201004;9;70;116;28;9873;88
260;20201004;10;70;126;81;9888;78
260;20201004;11;80;125;83;9900;77
260;20201004;12;70;132;86;9906;72
260;20201004;13;80;141;128;9911;63
260;20201004;14;80;142;100;9918;60
260;20201004;15;70;137;95;9923;64
260;20201004;16;70;138;56;9927;63
260;20201004;17;50;125;20;9931;72
260;20201004;18;50;121;0;9931;74
260;20201004;19;50;118;0;9935;75
260;20201004;20;50;116;0;9939;77
260;20201004;21;50;116;0;9943;77
260;20201004;22;50;114;0;9943;78
260;20201004;23;50;114;0;9946;79
260;20201004;24;50;110;0;9946;81
260;20201005;1;50;110;0;9947;81
260;20201005;2;50;113;0;9946;81
260;20201005;3;50;112;0;9945;82
260;20201005;4;50;112;0;9946;83
260;20201005;5;50;113;0;9944;82
260;20201005;6;60;112;0;9946;83
260;20201005;7;70;105;4;9951;87
260;20201005;8;60;104;14;9953;90
260;20201005;9;60;108;18;9958;89
260;20201005;10;50;114;30;9962;88
260;20201005;11;50;124;47;9963;84
260;20201005;12;50;136;64;9966;82
260;20201005;13;50;138;53;9969;80
260;20201005;14;50;144;42;9972;78
260;20201005;15;50;136;49;9977;82
260;20201005;16;40;136;33;9980;84
260;20201005;17;40;132;9;9982;84
260;20201005;18;50;126;0;9985;83
260;20201005;19;40;126;0;9986;85
260;20201005;20;50;124;0;9982;87
260;20201005;21;50;125;0;9979;88
260;20201005;22;50;125;0;9975;89
260;20201005;23;50;125;0;9976;93
260;20201005;24;50;125;0;9972;95
260;20201006;1;50;134;0;9973;93
260;20201006;2;50;134;0;9975;91
260;20201006;3;50;131;0;9975;93
260;20201006;4;40;126;0;9978;89
260;20201006;5;50;122;0;9979;88
260;20201006;6;50;117;0;9977;95
260;20201006;7;50;118;3;9975;90
260;20201006;8;50;118;13;9968;90
260;20201006;9;60;123;15;9964;89
260;20201006;10;60;135;60;9961;83
260;20201006;11;60;141;50;9957;82
260;20201006;12;60;135;57;9956;92
260;20201006;13;60;130;46;9962;93
260;20201006;14;40;139;60;9968;89
260;20201006;15;40;145;55;9968;83
260;20201006;16;50;145;53;9971;76
260;20201006;17;40;133;10;9975;81
260;20201006;18;30;126;0;9978;85
260;20201006;19;40;124;0;9982;93
260;20201006;20;30;124;0;9983;90
260;20201006;21;40;125;0;9986;89
260;20201006;22;40;119;0;9989;91
260;20201006;23;40;116;0;9995;91
260;20201006;24;40;112;0;10001;94
260;20201007;1;30;114;0;10008;95
260;20201007;2;30;116;0;10014;95
260;20201007;3;20;115;0;10025;94
260;20201007;4;20;120;0;10035;92
260;20201007;5;30;115;0;10048;93
260;20201007;6;30;114;0;10060;91
260;20201007;7;20;117;19;10066;90
260;20201007;8;30;118;34;10076;93
260;20201007;9;30;127;29;10084;94
260;20201007;10;30;140;58;10091;86
260;20201007;11;40;144;55;10100;79
260;20201007;12;50;146;103;10107;76
260;20201007;13;50;143;71;10113;75
260;20201007;14;50;134;65;10122;84
260;20201007;15;30;141;55;10127;78
260;20201007;16;40;138;33;10131;75
260;20201007;17;30;128;5;10141;83
260;20201007;18;40;117;0;10148;88
260;20201007;19;30;118;0;10153;88
260;20201007;20;30;119;0;10153;84
260;20201007;21;30;121;0;10156;82
260;20201007;22;40;117;0;10157;82
260;20201007;23;40;112;0;10158;84
260;20201007;24;30;109;0;10155;85
260;20201008;1;40;110;0;10153;84
260;20201008;2;30;109;0;10149;85
260;20201008;3;30;110;0;10140;89
260;20201008;4;40;110;0;10129;92
260;20201008;5;40;111;0;10116;94
260;20201008;6;40;113;0;10107;96
260;20201008;7;50;125;2;10095;95
260;20201008;8;60;134;6;10093;95
260;20201008;9;70;142;18;10091;94
260;20201008;10;70;152;26;10088;88
260;20201008;11;80;153;25;10086;90
260;20201008;12;70;152;23;10087;93
260;20201008;13;70;155;18;10086;91
260;20201008;14;70;154;17;10085;95
260;20201008;15;70;154;11;10085;97
260;20201008;16;60;159;10;10087;95
260;20201008;17;50;140;3;10105;93
260;20201008;18;40;137;0;10123;86
260;20201008;19;30;131;0;10138;87
260;20201008;20;20;126;0;10149;88
260;20201008;21;20;117;0;10161;88
260;20201008;22;10;116;0;10165;88
260;20201008;23;10;115;0;10171;90
260;20201008;24;10;114;0;10173;90
260;20201009;1;10;107;0;10177;96
260;20201009;2;20;109;0;10177;95
260;20201009;3;10;106;0;10176;95
260;20201009;4;10;106;0;10177;97
260;20201009;5;10;108;0;10177;96
260;20201009;6;10;105;0;10178;97
260;20201009;7;10;112;4;10178;92
260;20201009;8;10;123;29;10178;88
260;20201009;9;20;130;55;10178;81
260;20201009;10;30;132;60;10173;81
260;20201009;11;30;143;97;10172;71
260;20201009;12;40;141;95;10167;73
260;20201009;13;40;142;51;10164;73
260;20201009;14;40;153;97;10162;64
260;20201009;15;40;141;86;10161;59
260;20201009;16;40;137;54;10160;64
260;20201009;17;30;124;9;10161;70
260;20201009;18;30;117;0;10158;75
260;20201009;19;30;121;0;10155;74
260;20201009;20;40;102;0;10163;92
260;20201009;21;30;99;0;10165;94
260;20201009;22;20;95;0;10164;92
260;20201009;23;20;87;0;10164;94
260;20201009;24;30;83;0;10166;94
260;20201010;1;30;82;0;10168;92
260;20201010;2;30;81;0;10169;90
260;20201010;3;30;80;0;10171;85
260;20201010;4;30;76;0;10173;84
260;20201010;5;30;78;0;10175;82
260;20201010;6;40;78;0;10177;83
260;20201010;7;30;88;18;10182;81
260;20201010;8;40;103;66;10186;75
260;20201010;9;40;117;113;10188;67
260;20201010;10;50;126;146;10191;60
260;20201010;11;50;125;133;10191;59
260;20201010;12;50;103;101;10192;71
260;20201010;13;30;93;30;10188;89
260;20201010;14;20;96;23;10180;93
260;20201010;15;20;94;14;10174;91
260;20201010;16;30;94;9;10172;91
260;20201010;17;30;82;4;10173;95
260;20201010;18;10;71;0;10180;97
260;20201010;19;20;81;0;10184;95
260;20201010;20;20;72;0;10187;95
260;20201010;21;10;74;0;10189;97
260;20201010;22;20;72;0;10189;97
260;20201010;23;20;58;0;10188;99
260;20201010;24;20;69;0;10188;97
260;20201011;1;20;64;0;10189;97
260;20201011;2;20;66;0;10188;94
260;20201011;3;20;54;0;10187;98
260;20201011;4;30;71;0;10185;92
260;20201011;5;20;65;0;10184;93
260;20201011;6;30;75;0;10186;91
260;20201011;7;30;82;16;10188;90
260;20201011;8;30;100;57;10191;87
260;20201011;9;30;108;77;10194;88
260;20201011;10;30;125;129;10192;78
260;20201011;11;30;120;107;10195;80
260;20201011;12;30;127;143;10194;75
260;20201011;13;30;125;121;10195;81
260;20201011;14;10;120;53;10194;85
260;20201011;15;30;126;66;10195;74
260;20201011;16;30;120;31;10199;75
260;20201011;17;30;114;6;10204;78
260;20201011;18;20;97;0;10207;85
260;20201011;19;20;102;0;10209;87
260;20201011;20;20;89;0;10209;92
260;20201011;21;20;90;0;10210;92
260;20201011;22;20;81;0;10211;93
260;20201011;23;20;66;0;10212;97
260;20201011;24;20;68;0;10212;97
260;20201012;1;20;65;0;10210;98
260;20201012;2;20;70;0;10209;97
260;20201012;3;20;57;0;10209;98
260;20201012;4;20;47;0;10209;99
260;20201012;5;10;52;0;10208;98
260;20201012;6;10;59;0;10206;97
260;20201012;7;20;79;11;10207;97
260;20201012;8;10;101;32;10206;93
260;20201012;9;10;121;66;10206;81
260;20201012;10;20;134;105;10204;75
260;20201012;11;20;127;82;10200;81
260;20201012;12;20;130;75;10195;74
260;20201012;13;30;137;130;10186;57
260;20201012;14;30;140;112;10180;56
260;20201012;15;30;137;68;10176;60
260;20201012;16;20;126;38;10172;66
260;20201012;17;20;95;8;10171;89
260;20201012;18;20;83;0;10169;96
260;20201012;19;10;78;0;10166;97
260;20201012;20;20;76;0;10162;96
260;20201012;21;20;79;0;10157;95
260;20201012;22;20;87;0;10151;92
260;20201012;23;20;90;0;10145;93
260;20201012;24;20;88;0;10138;93
260;20201013;1;20;88;0;10131;92
260;20201013;2;20;87;0;10127;90
260;20201013;3;20;85;0;10122;91
260;20201013;4;30;84;0;10118;91
260;20201013;5;30;83;0;10116;91
260;20201013;6;30;80;0;10115;93
260;20201013;7;30;83;9;10118;91
260;20201013;8;30;99;64;10121;86
260;20201013;9;40;100;91;10120;84
260;20201013;10;40;108;122;10121;80
260;20201013;11;40;118;128;10122;77
260;20201013;12;40;122;120;10122;77
260;20201013;13;40;125;107;10120;73
260;20201013;14;40;124;87;10122;71
260;20201013;15;50;122;62;10125;73
260;20201013;16;40;110;27;10131;77
260;20201013;17;20;94;6;10136;85
260;20201013;18;30;91;0;10143;84
260;20201013;19;30;92;0;10148;83
260;20201013;20;40;102;0;10153;78
260;20201013;21;30;94;0;10158;82
260;20201013;22;30;82;0;10163;86
260;20201013;23;30;75;0;10168;90
260;20201013;24;30;67;0;10171;93
260;20201014;1;30;63;0;10177;94
260;20201014;2;30;62;0;10179;94
260;20201014;3;30;65;0;10179;93
260;20201014;4;40;69;0;10180;93
260;20201014;5;30;71;0;10183;93
260;20201014;6;20;72;0;10186;94
260;20201014;7;20;77;5;10192;93
260;20201014;8;30;87;26;10195;90
260;20201014;9;30;98;45;10198;87
260;20201014;10;30;111;68;10197;83
260;20201014;11;50;116;90;10196;73
260;20201014;12;60;118;98;10194;68
260;20201014;13;60;113;99;10194;64
260;20201014;14;50;119;97;10190;61
260;20201014;15;50;114;49;10190;66
260;20201014;16;40;106;25;10194;69
260;20201014;17;30;98;4;10197;73
260;20201014;18;30;91;0;10200;78
260;20201014;19;40;93;0;10200;77
260;20201014;20;40;89;0;10201;79
260;20201014;21;40;92;0;10203;77
260;20201014;22;40;93;0;10203;75
260;20201014;23;40;91;0;10202;75
260;20201014;24;30;89;0;10203;75
260;20201015;1;20;88;0;10203;76
260;20201015;2;30;91;0;10202;73
260;20201015;3;30;91;0;10201;73
260;20201015;4;30;91;0;10202;72
260;20201015;5;20;87;0;10205;76
260;20201015;6;30;88;0;10206;75
260;20201015;7;20;85;5;10211;79
260;20201015;8;30;90;26;10212;78
260;20201015;9;30;90;46;10218;77
260;20201015;10;40;104;81;10220;72
260;20201015;11;40;109;88;10220;69
260;20201015;12;40;111;82;10218;71
260;20201015;13;50;111;91;10217;64
260;20201015;14;50;112;57;10216;65
260;20201015;15;40;110;32;10217;66
260;20201015;16;40;104;15;10217;67
260;20201015;17;40;99;2;10223;68
260;20201015;18;30;97;0;10226;71
260;20201015;19;30;94;0;10228;73
260;20201015;20;30;92;0;10231;77
260;20201015;21;20;90;0;10233;80
260;20201015;22;30;87;0;10232;81
260;20201015;23;20;81;0;10233;83
260;20201015;24;20;59;0;10234;93
260;20201016;1;20;67;0;10235;89
260;20201016;2;30;72;0;10234;86
260;20201016;3;30;69;0;10231;87
260;20201016;4;20;68;0;10232;88
260;20201016;5;20;70;0;10235;86
260;20201016;6;20;69;0;10237;87
260;20201016;7;20;72;3;10240;86
260;20201016;8;20;78;15;10242;83
260;20201016;9;30;86;30;10244;81
260;20201016;10;30;100;77;10244;67
260;20201016;11;40;106;108;10240;59
260;20201016;12;40;110;123;10236;58
260;20201016;13;30;116;136;10232;59
260;20201016;14;30;113;116;10230;60
260;20201016;15;20;108;84;10227;62
260;20201016;16;20;106;46;10226;62
260;20201016;17;20;75;5;10229;83
260;20201016;18;10;76;0;10233;91
260;20201016;19;10;83;0;10232;88
260;20201016;20;10;66;0;10231;94
260;20201016;21;10;65;0;10230;97
260;20201016;22;10;70;0;10227;98
260;20201016;23;0;68;0;10226;98
260;20201016;24;0;68;0;10223;96
260;20201017;1;0;68;0;10220;98
260;20201017;2;0;57;0;10214;97
260;20201017;3;0;59;0;10211;98
260;20201017;4;0;56;0;10211;98
260;20201017;5;0;63;0;10210;97
260;20201017;6;10;65;0;10207;98
260;20201017;7;10;71;3;10210;97
260;20201017;8;0;83;23;10212;94
260;20201017;9;10;109;66;10210;75
260;20201017;10;10;107;60;10211;76
260;20201017;11;20;110;72;10211;73
260;20201017;12;20;119;104;10207;68
260;20201017;13;10;113;88;10207;71
260;20201017;14;10;113;28;10208;72
260;20201017;15;20;116;57;10205;71
260;20201017;16;10;101;32;10205;78
260;20201017;17;10;67;2;10208;93
260;20201017;18;10;53;0;10213;98
260;20201017;19;10;41;0;10214;98
260;20201017;20;10;35;0;10214;98
260;20201017;21;10;29;0;10215;99
260;20201017;22;10;30;0;10215;98
260;20201017;23;10;23;0;10215;99
260;20201017;24;10;20;0;10215;99
260;20201018;1;10;39;0;10215;99
260;20201018;2;10;54;0;10212;99
260;20201018;3;10;57;0;10210;99
260;20201018;4;10;64;0;10208;98
260;20201018;5;10;61;0;10209;99
260;20201018;6;10;67;0;10209;98
260;20201018;7;20;90;2;10214;98
260;20201018;8;20;96;19;10216;98
260;20201018;9;20;109;57;10218;94
260;20201018;10;20;126;119;10221;81
260;20201018;11;20;129;76;10220;78
260;20201018;12;20;123;58;10219;78
260;20201018;13;20;126;50;10215;73
260;20201018;14;20;127;61;10212;74
260;20201018;15;20;128;51;10211;68
260;20201018;16;20;121;16;10212;76
260;20201018;17;20;110;2;10216;80
260;20201018;18;10;83;0;10220;95
260;20201018;19;10;66;0;10221;95
260;20201018;20;10;58;0;10220;98
260;20201018;21;0;55;0;10222;98
260;20201018;22;10;65;0;10222;97
260;20201018;23;10;64;0;10221;97
260;20201018;24;20;87;0;10223;96
260;20201019;1;30;90;0;10220;96
260;20201019;2;10;89;0;10220;97
260;20201019;3;10;85;0;10219;98
260;20201019;4;10;85;0;10215;98
260;20201019;5;10;85;0;10211;98
260;20201019;6;10;85;0;10212;96
260;20201019;7;10;84;3;10214;98
260;20201019;8;10;94;16;10216;95
260;20201019;9;30;99;37;10216;90
260;20201019;10;20;102;41;10214;87
260;20201019;11;20;110;50;10209;82
260;20201019;12;30;117;56;10204;77
260;20201019;13;20;125;61;10199;71
260;20201019;14;30;129;57;10192;62
260;20201019;15;30;119;52;10184;65
260;20201019;16;20;110;15;10179;68
260;20201019;17;20;81;2;10176;84
260;20201019;18;20;85;0;10172;83
260;20201019;19;30;88;0;10167;81
260;20201019;20;30;87;0;10158;80
260;20201019;21;20;79;0;10152;83
260;20201019;22;20;73;0;10141;86
260;20201019;23;20;74;0;10129;84
260;20201019;24;30;84;0;10124;79
260;20201020;1;40;81;0;10112;79
260;20201020;2;40;78;0;10108;80
260;20201020;3;40;79;0;10096;79
260;20201020;4;40;82;0;10082;78
260;20201020;5;40;81;0;10080;79
260;20201020;6;40;82;0;10074;80
260;20201020;7;40;87;3;10074;80
260;20201020;8;50;97;13;10073;80
260;20201020;9;40;106;19;10075;79
260;20201020;10;40;115;26;10075;80
260;20201020;11;40;117;19;10072;82
260;20201020;12;30;125;27;10069;83
260;20201020;13;50;135;34;10069;81
260;20201020;14;40;140;23;10069;81
260;20201020;15;40;138;12;10066;85
260;20201020;16;40;141;5;10066;83
260;20201020;17;40;140;0;10066;83
260;20201020;18;40;140;0;10064;85
260;20201020;19;40;140;0;10065;87
260;20201020;20;30;140;0;10063;90
260;20201020;21;40;142;0;10062;90
260;20201020;22;40;143;0;10062;91
260;20201020;23;40;139;0;10056;93
260;20201020;24;30;137;0;10056;92
260;20201021;1;40;134;0;10049;94
260;20201021;2;30;132;0;10042;94
260;20201021;3;30;129;0;10036;96
260;20201021;4;40;131;0;10030;95
260;20201021;5;30;130;0;10027;95
260;20201021;6;30;127;0;10023;96
260;20201021;7;40;126;1;10021;95
260;20201021;8;50;125;3;10015;96
260;20201021;9;40;128;9;10010;94
260;20201021;10;50;130;16;10001;94
260;20201021;11;50;142;32;9988;87
260;20201021;12;60;166;106;9973;76
260;20201021;13;60;187;61;9966;67
260;20201021;14;70;201;31;9965;62
260;20201021;15;90;197;33;9969;64
260;20201021;16;80;196;6;9979;63
260;20201021;17;90;189;2;9986;64
260;20201021;18;90;190;0;10000;63
260;20201021;19;90;171;0;10014;74
260;20201021;20;90;165;0;10027;75
260;20201021;21;80;156;0;10046;78
260;20201021;22;60;148;0;10056;83
260;20201021;23;50;141;0;10061;86
260;20201021;24;40;147;0;10068;85
260;20201022;1;50;151;0;10074;83
260;20201022;2;40;146;0;10078;86
260;20201022;3;40;147;0;10075;83
260;20201022;4;40;148;0;10081;84
260;20201022;5;40;138;0;10079;86
260;20201022;6;40;128;0;10084;89
260;20201022;7;40;127;6;10093;89
260;20201022;8;40;135;43;10101;84
260;20201022;9;50;143;76;10104;79
260;20201022;10;50;151;99;10106;76
260;20201022;11;50;155;96;10106;73
260;20201022;12;50;157;62;10103;71
260;20201022;13;50;161;54;10103;69
260;20201022;14;50;147;34;10099;80
260;20201022;15;40;160;49;10100;73
260;20201022;16;40;153;29;10101;73
260;20201022;17;30;137;2;10105;82
260;20201022;18;20;128;0;10109;86
260;20201022;19;30;127;0;10108;84
260;20201022;20;30;128;0;10112;82
260;20201022;21;30;129;0;10111;83
260;20201022;22;30;117;0;10115;88
260;20201022;23;30;112;0;10116;90
260;20201022;24;30;107;0;10118;92
260;20201023;1;20;100;0;10115;95
260;20201023;2;20;95;0;10114;96
260;20201023;3;10;72;0;10109;98
260;20201023;4;20;74;0;10106;98
260;20201023;5;20;77;0;10105;99
260;20201023;6;20;80;0;10103;99
260;20201023;7;20;76;3;10104;99
260;20201023;8;20;83;11;10106;98
260;20201023;9;20;107;54;10106;98
260;20201023;10;20;128;92;10101;89
260;20201023;11;30;147;87;10097;88
260;20201023;12;40;147;84;10092;90
260;20201023;13;40;146;69;10090;90
260;20201023;14;30;154;41;10089;85
260;20201023;15;30;156;39;10088;83
260;20201023;16;20;148;9;10087;88
260;20201023;17;30;147;1;10090;86
260;20201023;18;30;139;0;10093;84
260;20201023;19;30;136;0;10093;83
260;20201023;20;40;140;0;10095;81
260;20201023;21;40;139;0;10100;81
260;20201023;22;50;132;0;10104;82
260;20201023;23;50;126;0;10104;82
260;20201023;24;40;123;0;10106;87
260;20201024;1;40;120;0;10104;91
260;20201024;2;40;126;0;10104;86
260;20201024;3;50;124;0;10104;86
260;20201024;4;40;122;0;10105;87
260;20201024;5;40;117;0;10105;89
260;20201024;6;40;121;0;10102;83
260;20201024;7;30;122;1;10100;87
260;20201024;8;40;123;8;10101;91
260;20201024;9;40;124;10;10100;93
260;20201024;10;50;135;36;10098;87
260;20201024;11;50;141;66;10096;82
260;20201024;12;60;149;80;10094;74
260;20201024;13;60;153;73;10086;73
260;20201024;14;50;150;42;10081;78
260;20201024;15;60;143;26;10077;88
260;20201024;16;60;145;9;10068;84
260;20201024;17;60;145;1;10063;85
260;20201024;18;50;144;0;10055;85
260;20201024;19;60;146;0;10046;83
260;20201024;20;70;151;0;10041;81
260;20201024;21;70;155;0;10033;80
260;20201024;22;80;159;0;10026;77
260;20201024;23;80;161;0;10023;74
260;20201024;24;80;159;0;10017;74
260;20201025;1;80;157;0;10009;75
260;20201025;2;80;156;0;10006;73
260;20201025;3;70;156;0;10000;71
260;20201025;4;60;148;0;9997;77
260;20201025;5;50;114;0;10003;90
260;20201025;6;40;115;0;10000;91
260;20201025;7;40;115;0;10004;89
260;20201025;8;40;117;4;10009;88
260;20201025;9;50;119;21;10010;86
260;20201025;10;50;122;39;10006;85
260;20201025;11;40;123;20;10013;83
260;20201025;12;40;127;38;10004;85
260;20201025;13;40;128;25;10005;85
260;20201025;14;40;125;22;9999;85
260;20201025;15;40;122;13;9998;84
260;20201025;16;40;120;7;10004;84
260;20201025;17;40;114;2;10003;87
260;20201025;18;40;107;0;10007;88
260;20201025;19;30;106;0;10005;87
260;20201025;20;40;104;0;10003;88
260;20201025;21;40;104;0;10001;89
260;20201025;22;40;106;0;9997;87
260;20201025;23;40;104;0;9999;89
260;20201025;24;40;100;0;9995;91
260;20201026;1;40;99;0;9991;88
260;20201026;2;30;94;0;9989;89
260;20201026;3;40;91;0;9991;91
260;20201026;4;40;90;0;9993;91
260;20201026;5;40;89;0;9990;91
260;20201026;6;40;88;0;9991;91
260;20201026;7;50;87;1;9996;88
260;20201026;8;40;96;23;9996;85
260;20201026;9;50;104;65;9996;78
260;20201026;10;60;107;88;9997;74
260;20201026;11;60;107;81;9997;73
260;20201026;12;60;119;91;9996;69
260;20201026;13;50;121;74;9993;68
260;20201026;14;50;124;47;9995;67
260;20201026;15;50;122;40;9996;69
260;20201026;16;50;118;12;9996;69
260;20201026;17;40;113;1;9997;73
260;20201026;18;40;110;0;10000;75
260;20201026;19;40;110;0;9998;75
260;20201026;20;50;111;0;10002;75
260;20201026;21;50;106;0;10006;81
260;20201026;22;50;104;0;10007;82
260;20201026;23;40;100;0;10011;83
260;20201026;24;40;94;0;10014;86
260;20201027;1;50;93;0;10016;87
260;20201027;2;40;93;0;10016;90
260;20201027;3;40;91;0;10017;91
260;20201027;4;40;85;0;10020;92
260;20201027;5;40;81;0;10024;92
260;20201027;6;40;77;0;10027;93
260;20201027;7;40;78;3;10030;91
260;20201027;8;50;85;23;10033;89
260;20201027;9;50;90;35;10035;87
260;20201027;10;50;101;43;10036;82
260;20201027;11;50;111;50;10034;80
260;20201027;12;60;108;39;10032;79
260;20201027;13;50;110;24;10027;81
260;20201027;14;60;112;36;10021;78
260;20201027;15;60;114;23;10014;76
260;20201027;16;60;114;10;10008;75
260;20201027;17;60;113;0;10004;74
260;20201027;18;70;102;0;10000;86
260;20201027;19;70;104;0;9993;88
260;20201027;20;70;107;0;9989;89
260;20201027;21;70;107;0;9990;94
260;20201027;22;60;113;0;9992;94
260;20201027;23;60;118;0;9998;94
260;20201027;24;50;117;0;10010;92
260;20201028;1;40;111;0;10020;89
260;20201028;2;40;104;0;10024;89
260;20201028;3;30;101;0;10025;88
260;20201028;4;40;104;0;10033;88
260;20201028;5;40;95;0;10033;89
260;20201028;6;30;93;0;10040;92
260;20201028;7;30;91;1;10043;91
260;20201028;8;40;99;14;10049;86
260;20201028;9;50;104;30;10050;86
260;20201028;10;60;120;101;10054;79
260;20201028;11;70;109;68;10059;86
260;20201028;12;60;108;55;10062;82
260;20201028;13;40;110;30;10058;88
260;20201028;14;50;118;40;10057;81
260;20201028;15;60;96;12;10061;87
260;20201028;16;40;89;2;10057;93
260;20201028;17;30;83;0;10051;94
260;20201028;18;30;88;0;10049;93
260;20201028;19;50;101;0;10044;89
260;20201028;20;50;97;0;10040;91
260;20201028;21;50;99;0;10042;90
260;20201028;22;40;99;0;10045;90
260;20201028;23;50;100;0;10049;89
260;20201028;24;50;92;0;10058;91
260;20201029;1;40;87;0;10065;90
260;20201029;2;40;83;0;10071;90
260;20201029;3;30;78;0;10077;91
260;20201029;4;30;85;0;10088;84
260;20201029;5;40;83;0;10099;84
260;20201029;6;30;82;0;10107;84
260;20201029;7;30;86;3;10117;83
260;20201029;8;30;96;33;10126;81
260;20201029;9;30;109;61;10138;77
260;20201029;10;40;115;73;10145;73
260;20201029;11;40;117;66;10151;75
260;20201029;12;40;114;39;10153;79
260;20201029;13;40;116;40;10154;81
260;20201029;14;40;113;20;10152;85
260;20201029;15;40;110;11;10151;89
260;20201029;16;40;109;5;10145;94
260;20201029;17;50;111;0;10140;95
260;20201029;18;50;114;0;10138;95
260;20201029;19;50;115;0;10136;96
260;20201029;20;50;122;0;10136;95
260;20201029;21;60;128;0;10138;94
260;20201029;22;60;132;0;10136;92
260;20201029;23;60;136;0;10136;91
260;20201029;24;60;133;0;10138;93
260;20201030;1;60;138;0;10139;90
260;20201030;2;60;137;0;10141;91
260;20201030;3;50;138;0;10139;91
260;20201030;4;60;140;0;10138;89
260;20201030;5;60;141;0;10144;90
260;20201030;6;50;141;0;10147;89
260;20201030;7;60;143;1;10151;88
260;20201030;8;60;148;7;10157;85
260;20201030;9;60;149;29;10160;85
260;20201030;10;70;151;39;10169;85
260;20201030;11;70;152;40;10171;85
260;20201030;12;60;153;48;10176;83
260;20201030;13;50;156;21;10179;82
260;20201030;14;60;147;16;10184;88
260;20201030;15;60;142;13;10186;94
260;20201030;16;50;141;3;10189;95
260;20201030;17;50;140;0;10195;96
260;20201030;18;60;141;0;10198;95
260;20201030;19;50;140;0;10202;96
260;20201030;20;50;140;0;10205;96
260;20201030;21;50;140;0;10211;96
260;20201030;22;50;139;0;10216;96
260;20201030;23;40;139;0;10216;96
260;20201030;24;40;139;0;10216;96
260;20201031;1;40;138;0;10215;97
260;20201031;2;40;137;0;10213;96
260;20201031;3;40;136;0;10211;96
260;20201031;4;30;133;0;10209;96
260;20201031;5;30;133;0;10207;95
260;20201031;6;30;131;0;10204;94
260;20201031;7;40;131;1;10203;92
260;20201031;8;30;132;10;10197;91
260;20201031;9;40;134;22;10190;86
260;20201031;10;40;139;42;10180;80
260;20201031;11;50;143;54;10171;76
260;20201031;12;50;147;56;10158;74
260;20201031;13;60;148;87;10147;68
260;20201031;14;60;148;53;10140;71
260;20201031;15;50;148;32;10129;72
260;20201031;16;50;143;12;10120;72
260;20201031;17;50;134;0;10114;83
260;20201031;18;50;134;0;10112;88
260;20201031;19;50;136;0;10110;93
260;20201031;20;70;143;0;10117;90
260;20201031;21;60;130;0;10129;82
260;20201031;22;50;122;0;10129;84
260;20201031;23;30;110;0;10130;89
260;20201031;24;30;112;0;10138;85
260;20201101;1;30;106;0;10136;86
260;20201101;2;40;110;0;10135;82
260;20201101;3;30;110;0;10129;82
260;20201101;4;30;110;0;10123;84
260;20201101;5;40;111;0;10121;85
260;20201101;6;40;112;0;10115;83
260;20201101;7;40;106;1;10108;85
260;20201101;8;40;112;20;10099;81
260;20201101;9;60;121;43;10094;80
260;20201101;10;60;130;43;10086;77
260;20201101;11;60;140;44;10071;77
260;20201101;12;70;139;45;10068;89
260;20201101;13;60;145;27;10056;95
260;20201101;14;60;159;21;10055;94
260;20201101;15;60;169;13;10053;89
260;20201101;16;70;174;3;10057;81
260;20201101;17;60;174;0;10059;80
260;20201101;18;60;172;0;10060;86
260;20201101;19;50;167;0;10057;92
260;20201101;20;50;169;0;10052;93
260;20201101;21;50;174;0;10046;90
260;20201101;22;60;174;0;10045;93
260;20201101;23;60;173;0;10044;95
260;20201101;24;70;175;0;10040;94
260;20201102;1;80;177;0;10037;92
260;20201102;2;80;175;0;10036;94
260;20201102;3;80;179;0;10030;90
260;20201102;4;70;180;0;10033;88
260;20201102;5;70;184;0;10034;82
260;20201102;6;80;185;0;10036;80
260;20201102;7;80;182;1;10038;81
260;20201102;8;80;180;9;10040;81
260;20201102;9;80;183;15;10043;77
260;20201102;10;90;186;34;10041;74
260;20201102;11;90;193;37;10045;73
260;20201102;12;90;171;41;10051;91
260;20201102;13;60;168;19;10052;94
260;20201102;14;60;169;16;10058;86
260;20201102;15;70;163;24;10066;73
260;20201102;16;60;149;7;10084;74
260;20201102;17;60;141;0;10098;66
260;20201102;18;50;127;0;10109;80
260;20201102;19;40;124;0;10119;80
260;20201102;20;50;124;0;10128;76
260;20201102;21;50;119;0;10136;77
260;20201102;22;40;112;0;10145;79
260;20201102;23;50;112;0;10153;73
260;20201102;24;50;109;0;10162;76
260;20201103;1;50;106;0;10172;75
260;20201103;2;40;100;0;10178;77
260;20201103;3;30;94;0;10184;80
260;20201103;4;30;83;0;10189;83
260;20201103;5;40;79;0;10193;86
260;20201103;6;30;81;0;10197;83
260;20201103;7;40;78;1;10202;84
260;20201103;8;40;83;26;10208;84
260;20201103;9;30;96;66;10205;80
260;20201103;10;40;105;103;10202;77
260;20201103;11;50;116;125;10191;70
260;20201103;12;60;125;128;10182;61
260;20201103;13;70;123;75;10176;63
260;20201103;14;80;118;34;10175;61
260;20201103;15;90;98;18;10182;80
260;20201103;16;70;99;6;10193;73
260;20201103;17;50;90;0;10203;72
260;20201103;18;40;88;0;10209;77
260;20201103;19;40;80;0;10214;85
260;20201103;20;40;77;0;10220;90
260;20201103;21;40;80;0;10226;88
260;20201103;22;50;79;0;10233;86
260;20201103;23;40;74;0;10239;86
260;20201103;24;30;66;0;10248;90
260;20201104;1;30;66;0;10253;90
260;20201104;2;30;63;0;10258;92
260;20201104;3;30;64;0;10262;91
260;20201104;4;20;57;0;10271;93
260;20201104;5;30;56;0;10274;96
260;20201104;6;20;48;0;10280;97
260;20201104;7;20;49;1;10290;94
260;20201104;8;10;65;24;10300;92
260;20201104;9;20;89;64;10307;83
260;20201104;10;30;104;100;10315;78
260;20201104;11;20;117;122;10319;70
260;20201104;12;30;123;120;10320;63
260;20201104;13;20;125;105;10322;55
260;20201104;14;30;121;89;10327;56
260;20201104;15;30;115;42;10334;61
260;20201104;16;20;99;14;10337;70
260;20201104;17;20;74;0;10344;81
260;20201104;18;10;48;0;10356;95
260;20201104;19;10;37;0;10361;95
260;20201104;20;10;27;0;10367;97
260;20201104;21;10;23;0;10369;98
260;20201104;22;10;18;0;10373;98
260;20201104;23;10;14;0;10377;99
260;20201104;24;10;11;0;10378;98
260;20201105;1;10;10;0;10380;99
260;20201105;2;0;10;0;10381;98
260;20201105;3;10;10;0;10380;98
260;20201105;4;10;15;0;10384;96
260;20201105;5;10;19;0;10384;98
260;20201105;6;10;15;0;10384;96
260;20201105;7;10;26;1;10387;98
260;20201105;8;10;46;14;10392;97
260;20201105;9;10;69;35;10395;97
260;20201105;10;10;99;68;10395;86
260;20201105;11;30;112;89;10391;72
260;20201105;12;30;118;83;10386;71
260;20201105;13;30;121;81;10384;69
260;20201105;14;20;126;92;10380;66
260;20201105;15;20;118;41;10375;67
260;20201105;16;10;109;10;10373;75
260;20201105;17;10;84;0;10375;89
260;20201105;18;10;66;0;10376;94
260;20201105;19;10;59;0;10374;97
260;20201105;20;10;52;0;10375;98
260;20201105;21;10;51;0;10373;98
260;20201105;22;10;62;0;10370;96
260;20201105;23;10;68;0;10367;97
260;20201105;24;10;71;0;10365;94
260;20201106;1;10;71;0;10365;96
260;20201106;2;10;68;0;10362;96
260;20201106;3;10;69;0;10356;96
260;20201106;4;10;71;0;10353;95
260;20201106;5;10;70;0;10352;95
260;20201106;6;10;64;0;10350;96
260;20201106;7;10;65;1;10351;96
260;20201106;8;10;78;13;10352;91
260;20201106;9;20;94;40;10350;82
260;20201106;10;30;109;87;10346;74
260;20201106;11;40;116;97;10338;70
260;20201106;12;30;121;106;10331;67
260;20201106;13;30;124;104;10322;68
260;20201106;14;40;123;85;10312;65
260;20201106;15;40;118;52;10304;66
260;20201106;16;30;103;12;10300;72
260;20201106;17;30;88;0;10295;78
260;20201106;18;30;75;0;10292;84
260;20201106;19;30;78;0;10284;86
260;20201106;20;40;73;0;10276;88
260;20201106;21;30;68;0;10270;92
260;20201106;22;30;61;0;10265;93
260;20201106;23;30;53;0;10259;92
260;20201106;24;30;51;0;10255;86
260;20201107;1;30;54;0;10250;81
260;20201107;2;30;48;0;10248;80
260;20201107;3;30;43;0;10245;80
260;20201107;4;30;39;0;10242;82
260;20201107;5;20;38;0;10242;83
260;20201107;6;20;38;0;10237;83
260;20201107;7;30;39;0;10240;84
260;20201107;8;30;54;19;10241;82
260;20201107;9;20;74;55;10243;77
260;20201107;10;20;88;85;10240;76
260;20201107;11;20;107;100;10236;75
260;20201107;12;20;110;82;10232;75
260;20201107;13;20;123;95;10227;73
260;20201107;14;20;124;70;10225;74
260;20201107;15;20;121;39;10223;76
260;20201107;16;10;96;8;10222;88
260;20201107;17;20;74;0;10225;94
260;20201107;18;10;62;0;10226;97
260;20201107;19;10;53;0;10224;98
260;20201107;20;20;59;0;10221;98
260;20201107;21;20;53;0;10221;99
260;20201107;22;10;41;0;10221;99
260;20201107;23;10;42;0;10217;99
260;20201107;24;10;43;0;10215;98
260;20201108;1;10;31;0;10215;99
260;20201108;2;10;26;0;10215;99
260;20201108;3;10;22;0;10214;99
260;20201108;4;10;20;0;10213;98
260;20201108;5;10;24;0;10214;98
260;20201108;6;20;29;0;10214;98
260;20201108;7;20;31;0;10217;98
260;20201108;8;20;52;11;10220;95
260;20201108;9;10;77;39;10219;93
260;20201108;10;20;105;79;10220;81
260;20201108;11;20;114;52;10218;81
260;20201108;12;20;118;47;10216;82
260;20201108;13;20;128;48;10210;80
260;20201108;14;20;127;32;10209;80
260;20201108;15;20;126;19;10209;81
260;20201108;16;20;115;5;10212;85
260;20201108;17;20;115;0;10215;86
260;20201108;18;20;120;0;10218;84
260;20201108;19;20;116;0;10219;85
260;20201108;20;20;110;0;10220;89
260;20201108;21;20;113;0;10224;91
260;20201108;22;20;104;0;10222;92
260;20201108;23;10;95;0;10224;97
260;20201108;24;20;100;0;10223;97
260;20201109;1;10;94;0;10225;97
260;20201109;2;20;95;0;10223;97
260;20201109;3;20;103;0;10220;96
260;20201109;4;20;101;0;10219;95
260;20201109;5;20;102;0;10220;94
260;20201109;6;20;106;0;10221;92
260;20201109;7;10;85;0;10223;96
260;20201109;8;20;115;15;10229;92
260;20201109;9;20;134;51;10230;83
260;20201109;10;30;145;82;10230;80
260;20201109;11;30;157;103;10229;76
260;20201109;12;30;165;119;10224;72
260;20201109;13;30;164;66;10223;73
260;20201109;14;20;159;43;10221;78
260;20201109;15;10;154;20;10224;80
260;20201109;16;10;129;5;10226;89
260;20201109;17;20;122;0;10230;93
260;20201109;18;20;125;0;10231;94
260;20201109;19;10;124;0;10230;94
260;20201109;20;10;110;0;10231;96
260;20201109;21;10;100;0;10234;98
260;20201109;22;10;103;0;10233;98
260;20201109;23;10;104;0;10234;98
260;20201109;24;10;99;0;10235;98
260;20201110;1;10;102;0;10235;98
260;20201110;2;20;98;0;10234;98
260;20201110;3;10;95;0;10233;99
260;20201110;4;10;90;0;10234;98
260;20201110;5;20;105;0;10236;98
260;20201110;6;20;106;0;10237;97
260;20201110;7;10;101;1;10241;98
260;20201110;8;10;107;12;10245;95
260;20201110;9;20;110;22;10249;95
260;20201110;10;20;123;51;10251;92
260;20201110;11;10;145;88;10249;84
260;20201110;12;10;156;115;10245;79
260;20201110;13;20;161;97;10247;78
260;20201110;14;10;157;54;10247;82
260;20201110;15;10;154;15;10246;83
260;20201110;16;10;135;2;10250;93
260;20201110;17;20;142;0;10254;88
260;20201110;18;20;137;0;10254;91
260;20201110;19;10;122;0;10256;95
260;20201110;20;10;129;0;10258;95
260;20201110;21;20;127;0;10262;96
260;20201110;22;20;127;0;10262;95
260;20201110;23;10;124;0;10262;98
260;20201110;24;10;123;0;10262;96
260;20201111;1;20;119;0;10261;98
260;20201111;2;20;117;0;10261;98
260;20201111;3;10;116;0;10255;99
260;20201111;4;20;115;0;10256;98
260;20201111;5;20;115;0;10254;98
260;20201111;6;20;115;0;10253;98
260;20201111;7;20;111;0;10251;98
260;20201111;8;30;108;6;10251;99
260;20201111;9;30;106;24;10248;98
260;20201111;10;30;108;29;10244;98
260;20201111;11;30;112;43;10235;96
260;20201111;12;30;122;42;10232;90
260;20201111;13;30;127;33;10223;88
260;20201111;14;20;130;26;10218;90
260;20201111;15;30;123;14;10213;89
260;20201111;16;20;120;3;10209;91
260;20201111;17;20;112;0;10208;91
260;20201111;18;30;112;0;10202;86
260;20201111;19;30;110;0;10197;86
260;20201111;20;30;112;0;10190;87
260;20201111;21;40;108;0;10183;95
260;20201111;22;40;107;0;10176;92
260;20201111;23;40;105;0;10172;90
260;20201111;24;40;102;0;10163;90
260;20201112;1;40;103;0;10155;89
260;20201112;2;50;102;0;10148;88
260;20201112;3;50;102;0;10137;88
260;20201112;4;50;104;0;10131;87
260;20201112;5;50;104;0;10125;88
260;20201112;6;40;102;0;10125;94
260;20201112;7;40;108;0;10129;90
260;20201112;8;50;106;11;10138;84
260;20201112;9;40;112;36;10141;85
260;20201112;10;50;110;30;10146;84
260;20201112;11;30;107;25;10149;91
260;20201112;12;50;127;100;10152;76
260;20201112;13;50;117;52;10154;83
260;20201112;14;40;119;31;10160;84
260;20201112;15;40;119;23;10164;78
260;20201112;16;50;111;6;10169;77
260;20201112;17;40;102;0;10175;80
260;20201112;18;40;99;0;10179;80
260;20201112;19;30;93;0;10182;84
260;20201112;20;30;86;0;10185;87
260;20201112;21;20;72;0;10183;93
260;20201112;22;30;82;0;10184;90
260;20201112;23;30;79;0;10183;91
260;20201112;24;30;72;0;10183;92
260;20201113;1;30;66;0;10181;93
260;20201113;2;30;60;0;10175;94
260;20201113;3;30;57;0;10169;94
260;20201113;4;30;52;0;10167;95
260;20201113;5;30;53;0;10160;93
260;20201113;6;30;50;0;10156;94
260;20201113;7;30;52;0;10153;94
260;20201113;8;30;60;10;10150;92
260;20201113;9;30;78;35;10146;88
260;20201113;10;40;101;68;10144;82
260;20201113;11;40;102;29;10140;84
260;20201113;12;40;111;25;10134;91
260;20201113;13;40;114;16;10133;92
260;20201113;14;40;124;18;10130;89
260;20201113;15;40;126;9;10135;90
260;20201113;16;40;127;2;10137;89
260;20201113;17;30;129;0;10139;89
260;20201113;18;40;127;0;10143;92
260;20201113;19;40;127;0;10145;94
260;20201113;20;40;127;0;10149;93
260;20201113;21;40;121;0;10153;94
260;20201113;22;30;115;0;10156;94
260;20201113;23;20;107;0;10158;97
260;20201113;24;20;98;0;10160;97
260;20201114;1;20;105;0;10161;96
260;20201114;2;20;104;0;10160;98
260;20201114;3;30;105;0;10157;95
260;20201114;4;20;97;0;10156;93
260;20201114;5;20;88;0;10154;97
260;20201114;6;20;97;0;10154;97
260;20201114;7;20;101;0;10151;98
260;20201114;8;20;110;2;10152;98
260;20201114;9;30;117;9;10144;98
260;20201114;10;30;127;18;10143;94
260;20201114;11;40;137;34;10137;88
260;20201114;12;50;143;48;10129;83
260;20201114;13;60;145;66;10129;79
260;20201114;14;50;145;30;10127;79
260;20201114;15;50;136;19;10122;81
260;20201114;16;40;131;4;10117;83
260;20201114;17;30;127;0;10113;82
260;20201114;18;40;131;0;10108;79
260;20201114;19;50;131;0;10103;80
260;20201114;20;50;135;0;10101;78
260;20201114;21;50;135;0;10098;76
260;20201114;22;60;141;0;10091;73
260;20201114;23;60;144;0;10087;72
260;20201114;24;60;140;0;10086;75
260;20201115;1;50;138;0;10082;76
260;20201115;2;50;137;0;10081;76
260;20201115;3;50;127;0;10077;80
260;20201115;4;40;125;0;10070;81
260;20201115;5;50;129;0;10061;78
260;20201115;6;50;132;0;10059;76
260;20201115;7;50;136;0;10051;76
260;20201115;8;50;139;12;10040;75
260;20201115;9;60;145;43;10040;73
260;20201115;10;70;153;55;10031;72
260;20201115;11;70;154;42;10019;71
260;20201115;12;70;155;26;10006;70
260;20201115;13;60;142;10;10001;80
260;20201115;14;70;140;9;9987;81
260;20201115;15;70;135;2;9980;90
260;20201115;16;70;134;0;9974;91
260;20201115;17;70;98;0;9986;90
260;20201115;18;50;100;0;9993;85
260;20201115;19;50;105;0;9994;80
260;20201115;20;60;101;0;9998;77
260;20201115;21;60;100;0;9998;77
260;20201115;22;60;107;0;9998;72
260;20201115;23;100;107;0;10011;70
260;20201115;24;80;102;0;10019;73
260;20201116;1;60;103;0;10026;74
260;20201116;2;70;97;0;10033;77
260;20201116;3;70;93;0;10041;79
260;20201116;4;60;96;0;10050;80
260;20201116;5;60;93;0;10059;84
260;20201116;6;50;92;0;10068;86
260;20201116;7;60;96;0;10076;86
260;20201116;8;50;99;9;10085;87
260;20201116;9;50;106;14;10096;86
260;20201116;10;50;108;17;10109;91
260;20201116;11;50;116;52;10118;88
260;20201116;12;50;117;37;10124;91
260;20201116;13;50;118;53;10132;89
260;20201116;14;40;114;13;10142;89
260;20201116;15;50;105;8;10151;93
260;20201116;16;40;102;2;10162;92
260;20201116;17;40;101;0;10170;86
260;20201116;18;30;99;0;10173;82
260;20201116;19;30;95;0;10180;83
260;20201116;20;30;93;0;10183;84
260;20201116;21;30;91;0;10188;86
260;20201116;22;40;99;0;10191;82
260;20201116;23;40;100;0;10188;85
260;20201116;24;50;106;0;10188;88
260;20201117;1;60;110;0;10187;90
260;20201117;2;60;111;0;10184;91
260;20201117;3;60;111;0;10183;92
260;20201117;4;60;111;0;10185;91
260;20201117;5;60;112;0;10188;94
260;20201117;6;60;113;0;10193;94
260;20201117;7;60;118;0;10200;94
260;20201117;8;60;125;3;10205;87
260;20201117;9;60;124;14;10212;88
260;20201117;10;60;125;20;10215;85
260;20201117;11;60;128;32;10220;85
260;20201117;12;60;125;32;10219;87
260;20201117;13;60;127;18;10223;85
260;20201117;14;60;122;11;10226;90
260;20201117;15;60;125;10;10228;86
260;20201117;16;60;124;3;10231;86
260;20201117;17;60;122;0;10233;86
260;20201117;18;50;122;0;10238;85
260;20201117;19;50;122;0;10241;84
260;20201117;20;50;122;0;10240;83
260;20201117;21;50;123;0;10242;80
260;20201117;22;50;122;0;10242;81
260;20201117;23;40;122;0;10243;80
260;20201117;24;40;119;0;10242;81
260;20201118;1;40;116;0;10242;83
260;20201118;2;30;113;0;10237;85
260;20201118;3;40;113;0;10232;85
260;20201118;4;40;113;0;10229;86
260;20201118;5;40;110;0;10226;85
260;20201118;6;40;117;0;10225;81
260;20201118;7;50;117;0;10223;79
260;20201118;8;50;112;5;10223;80
260;20201118;9;50;114;40;10220;78
260;20201118;10;60;119;74;10215;76
260;20201118;11;60;131;97;10206;72
260;20201118;12;60;137;103;10196;68
260;20201118;13;60;144;91;10184;67
260;20201118;14;50;149;67;10174;66
260;20201118;15;50;147;36;10165;66
260;20201118;16;40;133;6;10158;71
260;20201118;17;40;135;0;10149;68
260;20201118;18;60;138;0;10144;65
260;20201118;19;60;144;0;10144;63
260;20201118;20;60;144;0;10141;66
260;20201118;21;70;142;0;10139;70
260;20201118;22;60;143;0;10136;73
260;20201118;23;80;136;0;10139;83
260;20201118;24;60;110;0;10149;91
260;20201119;1;50;116;0;10149;81
260;20201119;2;60;106;0;10153;69
260;20201119;3;50;94;0;10154;71
260;20201119;4;40;94;0;10157;72
260;20201119;5;50;97;0;10157;72
260;20201119;6;50;100;0;10155;72
260;20201119;7;50;91;0;10161;84
260;20201119;8;50;96;2;10166;82
260;20201119;9;50;95;17;10174;82
260;20201119;10;40;113;60;10184;76
260;20201119;11;50;89;31;10198;87
260;20201119;12;30;98;42;10206;88
260;20201119;13;40;99;66;10217;77
260;20201119;14;40;95;41;10233;77
260;20201119;15;40;73;20;10251;85
260;20201119;16;20;67;3;10262;87
260;20201119;17;30;71;0;10275;74
260;20201119;18;20;54;0;10280;87
260;20201119;19;20;49;0;10291;90
260;20201119;20;20;54;0;10298;88
260;20201119;21;20;60;0;10307;82
260;20201119;22;20;51;0;10315;88
260;20201119;23;20;57;0;10319;83
260;20201119;24;20;56;0;10322;86
260;20201120;1;20;41;0;10321;92
260;20201120;2;20;48;0;10322;91
260;20201120;3;20;54;0;10321;83
260;20201120;4;20;57;0;10323;81
260;20201120;5;20;58;0;10324;82
260;20201120;6;20;62;0;10328;78
260;20201120;7;20;44;0;10328;87
260;20201120;8;20;54;8;10338;85
260;20201120;9;20;64;21;10343;80
260;20201120;10;20;67;22;10347;79
260;20201120;11;10;78;40;10347;70
260;20201120;12;20;82;47;10344;64
260;20201120;13;20;84;30;10340;61
260;20201120;14;20;83;31;10337;60
260;20201120;15;30;75;16;10337;62
260;20201120;16;30;57;2;10339;72
260;20201120;17;30;55;0;10336;72
260;20201120;18;30;55;0;10334;72
260;20201120;19;30;53;0;10334;72
260;20201120;20;30;50;0;10331;74
260;20201120;21;40;47;0;10328;76
260;20201120;22;40;56;0;10323;71
260;20201120;23;50;51;0;10317;74
260;20201120;24;50;56;0;10310;73
260;20201121;1;50;56;0;10300;76
260;20201121;2;60;60;0;10295;76
260;20201121;3;50;64;0;10290;78
260;20201121;4;60;63;0;10286;86
260;20201121;5;50;68;0;10283;85
260;20201121;6;50;67;0;10279;91
260;20201121;7;50;72;0;10280;92
260;20201121;8;60;77;1;10277;90
260;20201121;9;60;80;6;10273;90
260;20201121;10;60;84;7;10273;91
260;20201121;11;50;96;12;10268;85
260;20201121;12;60;100;20;10261;81
260;20201121;13;70;101;15;10258;82
260;20201121;14;60;101;11;10257;82
260;20201121;15;50;101;3;10258;82
260;20201121;16;50;99;0;10258;86
260;20201121;17;50;99;0;10259;89
260;20201121;18;50;97;0;10257;92
260;20201121;19;50;97;0;10257;93
260;20201121;20;50;97;0;10254;93
260;20201121;21;40;99;0;10250;91
260;20201121;22;50;101;0;10247;89
260;20201121;23;50;101;0;10243;90
260;20201121;24;50;100;0;10239;90
260;20201122;1;50;100;0;10236;90
260;20201122;2;50;97;0;10235;93
260;20201122;3;50;98;0;10234;95
260;20201122;4;50;98;0;10235;96
260;20201122;5;50;99;0;10236;97
260;20201122;6;40;100;0;10239;96
260;20201122;7;30;97;0;10241;94
260;20201122;8;30;94;4;10245;95
260;20201122;9;30;100;20;10249;93
260;20201122;10;30;106;26;10252;92
260;20201122;11;30;115;51;10251;84
260;20201122;12;30;113;51;10250;74
260;20201122;13;30;112;46;10249;73
260;20201122;14;30;109;46;10246;73
260;20201122;15;20;101;19;10245;73
260;20201122;16;20;94;3;10248;76
260;20201122;17;20;85;0;10250;77
260;20201122;18;20;63;0;10253;86
260;20201122;19;20;61;0;10256;85
260;20201122;20;20;64;0;10257;84
260;20201122;21;20;68;0;10257;80
260;20201122;22;20;59;0;10255;82
260;20201122;23;30;61;0;10256;81
260;20201122;24;20;52;0;10258;83
260;20201123;1;20;45;0;10259;85
260;20201123;2;20;48;0;10259;85
260;20201123;3;20;22;0;10260;90
260;20201123;4;20;35;0;10262;91
260;20201123;5;20;18;0;10264;93
260;20201123;6;20;41;0;10267;87
260;20201123;7;20;21;0;10272;89
260;20201123;8;20;15;6;10277;95
260;20201123;9;10;52;35;10284;89
260;20201123;10;20;84;57;10287;71
260;20201123;11;30;96;86;10289;65
260;20201123;12;30;102;98;10286;65
260;20201123;13;30;105;88;10281;62
260;20201123;14;30;101;63;10278;63
260;20201123;15;30;90;32;10278;66
260;20201123;16;30;73;5;10277;73
260;20201123;17;30;65;0;10274;77
260;20201123;18;30;60;0;10275;80
260;20201123;19;20;48;0;10274;86
260;20201123;20;20;65;0;10270;80
260;20201123;21;20;70;0;10267;81
260;20201123;22;30;75;0;10263;82
260;20201123;23;20;62;0;10257;89
260;20201123;24;30;73;0;10253;90
260;20201124;1;30;80;0;10250;92
260;20201124;2;30;81;0;10247;92
260;20201124;3;40;77;0;10243;95
260;20201124;4;30;75;0;10240;94
260;20201124;5;40;77;0;10236;93
260;20201124;6;40;78;0;10232;92
260;20201124;7;30;78;0;10230;93
260;20201124;8;40;82;2;10229;91
260;20201124;9;30;86;15;10228;90
260;20201124;10;40;89;26;10226;91
260;20201124;11;30;96;32;10219;87
260;20201124;12;40;96;30;10215;86
260;20201124;13;30;99;48;10208;84
260;20201124;14;30;101;44;10203;83
260;20201124;15;30;95;24;10196;84
260;20201124;16;20;80;4;10193;88
260;20201124;17;30;76;0;10188;87
260;20201124;18;30;74;0;10184;87
260;20201124;19;30;72;0;10182;87
260;20201124;20;40;70;0;10178;86
260;20201124;21;40;64;0;10174;90
260;20201124;22;40;60;0;10170;90
260;20201124;23;40;59;0;10168;89
260;20201124;24;40;51;0;10163;90
260;20201125;1;40;48;0;10159;91
260;20201125;2;40;46;0;10157;91
260;20201125;3;40;43;0;10154;91
260;20201125;4;30;40;0;10154;92
260;20201125;5;40;41;0;10154;91
260;20201125;6;40;39;0;10150;90
260;20201125;7;40;38;0;10149;90
260;20201125;8;40;40;6;10154;89
260;20201125;9;40;45;21;10155;88
260;20201125;10;40;66;52;10157;80
260;20201125;11;50;72;78;10156;79
260;20201125;12;40;88;90;10155;75
260;20201125;13;40;89;66;10154;76
260;20201125;14;40;89;37;10153;77
260;20201125;15;40;88;26;10154;79
260;20201125;16;30;82;4;10158;82
260;20201125;17;30;72;0;10158;85
260;20201125;18;30;81;0;10166;83
260;20201125;19;30;84;0;10171;83
260;20201125;20;30;81;0;10173;86
260;20201125;21;30;83;0;10176;86
260;20201125;22;20;82;0;10179;88
260;20201125;23;20;86;0;10183;88
260;20201125;24;20;80;0;10185;92
260;20201126;1;20;81;0;10185;91
260;20201126;2;20;86;0;10189;91
260;20201126;3;20;89;0;10189;91
260;20201126;4;20;91;0;10192;90
260;20201126;5;20;89;0;10194;94
260;20201126;6;10;90;0;10196;97
260;20201126;7;10;90;0;10203;95
260;20201126;8;10;89;1;10205;97
260;20201126;9;10;90;5;10209;98
260;20201126;10;0;90;6;10212;97
260;20201126;11;10;95;16;10207;98
260;20201126;12;10;96;14;10206;95
260;20201126;13;10;98;17;10204;94
260;20201126;14;10;96;9;10201;94
260;20201126;15;10;93;2;10204;96
260;20201126;16;10;89;0;10204;98
260;20201126;17;10;88;0;10203;97
260;20201126;18;10;87;0;10205;97
260;20201126;19;10;83;0;10203;97
260;20201126;20;10;84;0;10207;98
260;20201126;21;20;81;0;10209;98
260;20201126;22;20;79;0;10207;97
260;20201126;23;20;78;0;10208;96
260;20201126;24;30;74;0;10207;96
260;20201127;1;30;70;0;10205;96
260;20201127;2;20;68;0;10205;97
260;20201127;3;20;68;0;10202;97
260;20201127;4;20;68;0;10199;95
260;20201127;5;20;66;0;10199;96
260;20201127;6;10;67;0;10198;94
260;20201127;7;20;66;0;10203;95
260;20201127;8;20;66;1;10202;95
260;20201127;9;20;67;5;10202;97
260;20201127;10;20;71;11;10203;95
260;20201127;11;20;72;8;10199;94
260;20201127;12;30;72;9;10195;96
260;20201127;13;20;73;10;10193;97
260;20201127;14;20;74;11;10190;93
260;20201127;15;20;72;4;10189;93
260;20201127;16;20;68;1;10191;92
260;20201127;17;20;52;0;10192;96
260;20201127;18;20;41;0;10193;98
260;20201127;19;20;46;0;10193;98
260;20201127;20;20;51;0;10194;98
260;20201127;21;30;54;0;10194;97
260;20201127;22;30;56;0;10196;96
260;20201127;23;30;55;0;10196;96
260;20201127;24;20;52;0;10192;96
260;20201128;1;30;49;0;10191;96
260;20201128;2;20;48;0;10193;96
260;20201128;3;30;46;0;10193;95
260;20201128;4;30;44;0;10190;94
260;20201128;5;30;41;0;10192;95
260;20201128;6;20;40;0;10194;94
260;20201128;7;30;39;0;10200;93
260;20201128;8;20;41;2;10204;92
260;20201128;9;30;43;13;10207;91
260;20201128;10;30;47;31;10212;91
260;20201128;11;30;51;45;10212;89
260;20201128;12;30;50;45;10213;90
260;20201128;13;40;54;50;10211;90
260;20201128;14;30;46;32;10211;93
260;20201128;15;40;39;11;10216;96
260;20201128;16;40;34;1;10222;98
260;20201128;17;40;33;0;10225;99
260;20201128;18;40;37;0;10230;99
260;20201128;19;30;42;0;10233;99
260;20201128;20;40;40;0;10238;99
260;20201128;21;40;41;0;10241;98
260;20201128;22;40;39;0;10246;98
260;20201128;23;40;37;0;10247;98
260;20201128;24;40;36;0;10247;98
260;20201129;1;40;36;0;10248;98
260;20201129;2;30;35;0;10250;97
260;20201129;3;30;36;0;10251;98
260;20201129;4;40;35;0;10254;97
260;20201129;5;30;33;0;10256;90
260;20201129;6;40;33;0;10258;92
260;20201129;7;30;24;0;10262;88
260;20201129;8;30;16;1;10267;88
260;20201129;9;40;16;9;10271;87
260;20201129;10;40;11;20;10272;87
260;20201129;11;30;19;47;10270;84
260;20201129;12;20;22;62;10268;83
260;20201129;13;20;32;69;10265;79
260;20201129;14;20;30;46;10266;80
260;20201129;15;20;20;18;10270;84
260;20201129;16;10;1;2;10273;93
260;20201129;17;10;-10;0;10276;97
260;20201129;18;10;-18;0;10278;98
260;20201129;19;10;-21;0;10279;96
260;20201129;20;10;-24;0;10281;98
260;20201129;21;20;-19;0;10280;95
260;20201129;22;10;-25;0;10277;95
260;20201129;23;10;-33;0;10278;96
260;20201129;24;10;-34;0;10277;96
260;20201130;1;10;-35;0;10273;92
260;20201130;2;10;-39;0;10272;97
260;20201130;3;20;-33;0;10265;98
260;20201130;4;20;-24;0;10265;98
260;20201130;5;10;-16;0;10264;95
260;20201130;6;20;-6;0;10259;95
260;20201130;7;20;-5;0;10254;95
260;20201130;8;30;2;2;10249;94
260;20201130;9;40;6;4;10248;96
260;20201130;10;40;9;5;10242;96
260;20201130;11;40;13;9;10234;96
260;20201130;12;40;17;8;10225;97
260;20201130;13;30;27;14;10213;98
260;20201130;14;40;36;7;10201;98
260;20201130;15;50;45;2;10188;98
260;20201130;16;50;49;0;10178;96
260;20201130;17;50;53;0;10166;96
260;20201130;18;50;56;0;10157;96
260;20201130;19;60;59;0;10146;97
260;20201130;20;50;63;0;10137;97
260;20201130;21;40;68;0;10128;98
260;20201130;22;30;75;0;10125;97
260;20201130;23;30;84;0;10118;92
260;20201130;24;30;80;0;10120;94
260;20201201;1;30;78;0;10122;91
260;20201201;2;20;74;0;10124;89
260;20201201;3;30;75;0;10122;91
260;20201201;4;20;73;0;10118;95
260;20201201;5;20;79;0;10120;96
260;20201201;6;50;84;0;10130;97
260;20201201;7;70;82;0;10141;93
260;20201201;8;60;84;1;10151;91
260;20201201;9;50;82;8;10158;93
260;20201201;10;50;88;21;10165;82
260;20201201;11;50;89;24;10167;78
260;20201201;12;60;95;36;10171;72
260;20201201;13;60;98;47;10170;72
260;20201201;14;60;96;28;10174;72
260;20201201;15;60;91;10;10180;77
260;20201201;16;40;85;1;10184;84
260;20201201;17;40;83;0;10189;87
260;20201201;18;30;79;0;10194;88
260;20201201;19;30;77;0;10200;89
260;20201201;20;30;76;0;10203;87
260;20201201;21;30;74;0;10208;88
260;20201201;22;30;71;0;10210;88
260;20201201;23;30;67;0;10211;88
260;20201201;24;30;64;0;10209;88
260;20201202;1;20;63;0;10209;90
260;20201202;2;20;61;0;10209;91
260;20201202;3;20;60;0;10206;90
260;20201202;4;20;59;0;10205;91
260;20201202;5;20;58;0;10201;91
260;20201202;6;20;56;0;10198;91
260;20201202;7;10;56;0;10195;92
260;20201202;8;10;56;0;10194;94
260;20201202;9;10;56;3;10189;91
260;20201202;10;10;56;8;10183;91
260;20201202;11;10;58;11;10176;91
260;20201202;12;10;58;11;10166;92
260;20201202;13;10;60;11;10157;90
260;20201202;14;20;59;8;10148;91
260;20201202;15;20;58;3;10143;92
260;20201202;16;10;54;0;10135;93
260;20201202;17;20;56;0;10133;93
260;20201202;18;20;55;0;10125;93
260;20201202;19;20;56;0;10119;94
260;20201202;20;30;56;0;10112;95
260;20201202;21;30;56;0;10103;96
260;20201202;22;30;57;0;10093;95
260;20201202;23;30;58;0;10086;95
260;20201202;24;30;59;0;10077;93
260;20201203;1;30;55;0;10066;94
260;20201203;2;30;56;0;10060;90
260;20201203;3;40;55;0;10050;87
260;20201203;4;30;56;0;10041;88
260;20201203;5;30;57;0;10029;89
260;20201203;6;30;56;0;10019;93
260;20201203;7;30;59;0;10011;94
260;20201203;8;40;60;0;10003;95
260;20201203;9;40;60;3;9998;94
260;20201203;10;50;62;6;9984;89
260;20201203;11;50;61;9;9973;90
260;20201203;12;50;62;10;9959;90
260;20201203;13;50;61;13;9945;93
260;20201203;14;50;60;9;9932;91
260;20201203;15;50;55;3;9921;93
260;20201203;16;40;53;0;9908;93
260;20201203;17;50;52;0;9895;92
260;20201203;18;60;51;0;9884;92
260;20201203;19;60;50;0;9873;90
260;20201203;20;60;48;0;9863;92
260;20201203;21;70;46;0;9852;91
260;20201203;22;70;48;0;9842;90
260;20201203;23;70;48;0;9831;90
260;20201203;24;70;47;0;9821;90
260;20201204;1;70;46;0;9809;88
260;20201204;2;70;45;0;9799;89
260;20201204;3;70;46;0;9788;89
260;20201204;4;80;48;0;9781;88
260;20201204;5;80;53;0;9779;85
260;20201204;6;80;57;0;9780;84
260;20201204;7;80;62;0;9787;82
260;20201204;8;60;65;1;9797;84
260;20201204;9;70;70;13;9808;74
260;20201204;10;70;75;18;9818;71
260;20201204;11;70;76;26;9823;68
260;20201204;12;80;80;56;9829;64
260;20201204;13;60;73;23;9836;69
260;20201204;14;60;73;19;9841;65
260;20201204;15;60;67;14;9850;62
260;20201204;16;50;56;1;9858;69
260;20201204;17;40;53;0;9867;68
260;20201204;18;40;53;0;9876;71
260;20201204;19;40;41;0;9883;76
260;20201204;20;30;29;0;9891;81
260;20201204;21;30;22;0;9897;82
260;20201204;22;30;21;0;9903;83
260;20201204;23;20;7;0;9907;89
260;20201204;24;20;-8;0;9913;95
260;20201205;1;20;0;0;9919;92
260;20201205;2;20;2;0;9924;92
260;20201205;3;20;-21;0;9925;97
260;20201205;4;10;-27;0;9927;96
260;20201205;5;20;-25;0;9930;97
260;20201205;6;20;-26;0;9935;97
260;20201205;7;20;-20;0;9941;97
260;20201205;8;20;2;1;9953;94
260;20201205;9;20;26;27;9959;88
260;20201205;10;20;37;54;9966;83
260;20201205;11;30;47;75;9966;78
260;20201205;12;40;53;81;9974;75
260;20201205;13;40;50;73;9975;73
260;20201205;14;40;51;19;9981;74
260;20201205;15;30;41;22;9987;77
260;20201205;16;20;44;2;9992;78
260;20201205;17;20;43;0;9996;78
260;20201205;18;20;22;0;10001;86
260;20201205;19;20;-2;0;10006;95
260;20201205;20;10;1;0;10010;93
260;20201205;21;20;11;0;10015;93
260;20201205;22;20;16;0;10014;88
260;20201205;23;10;-1;0;10017;94
260;20201205;24;20;-10;0;10016;93
260;20201206;1;20;-13;0;10016;96
260;20201206;2;20;-8;0;10017;94
260;20201206;3;20;-7;0;10019;95
260;20201206;4;20;-12;0;10017;96
260;20201206;5;10;-6;0;10019;95
260;20201206;6;10;-7;0;10019;93
260;20201206;7;10;0;0;10017;93
260;20201206;8;10;-5;0;10019;97
260;20201206;9;20;7;9;10019;92
260;20201206;10;20;14;21;10017;93
260;20201206;11;20;22;33;10013;90
260;20201206;12;20;28;30;10016;89
260;20201206;13;10;33;27;10013;87
260;20201206;14;20;32;13;10013;88
260;20201206;15;20;31;6;10008;90
260;20201206;16;10;30;1;10007;91
260;20201206;17;20;31;0;10006;93
260;20201206;18;10;26;0;10011;94
260;20201206;19;20;28;0;10006;95
260;20201206;20;20;38;0;9997;95
260;20201206;21;20;39;0;9993;96
260;20201206;22;20;39;0;9991;95
260;20201206;23;20;38;0;9986;96
260;20201206;24;20;42;0;9981;92
260;20201207;1;20;45;0;9973;93
260;20201207;2;20;48;0;9972;95
260;20201207;3;20;48;0;9963;96
260;20201207;4;20;50;0;9957;95
260;20201207;5;20;49;0;9957;96
260;20201207;6;30;54;0;9952;95
260;20201207;7;30;54;0;9957;95
260;20201207;8;30;53;1;9955;95
260;20201207;9;40;54;5;9961;96
260;20201207;10;40;54;11;9964;95
260;20201207;11;40;54;19;9964;93
260;20201207;12;50;46;22;9966;95
260;20201207;13;50;47;21;9969;95
260;20201207;14;40;46;19;9974;93
260;20201207;15;50;40;6;9980;95
260;20201207;16;30;39;1;9986;94
260;20201207;17;40;36;0;9992;94
260;20201207;18;40;34;0;9997;92
260;20201207;19;40;33;0;10004;92
260;20201207;20;30;31;0;10009;93
260;20201207;21;20;27;0;10011;94
260;20201207;22;30;25;0;10012;93
260;20201207;23;30;19;0;10013;93
260;20201207;24;30;19;0;10015;93
260;20201208;1;20;21;0;10018;93
260;20201208;2;10;16;0;10019;96
260;20201208;3;10;11;0;10017;97
260;20201208;4;20;6;0;10019;98
260;20201208;5;10;0;0;10024;98
260;20201208;6;10;-9;0;10026;98
260;20201208;7;10;-12;0;10031;98
260;20201208;8;10;2;1;10035;98
260;20201208;9;10;8;6;10039;97
260;20201208;10;10;19;19;10040;95
260;20201208;11;10;34;30;10040;92
260;20201208;12;20;44;35;10040;85
260;20201208;13;10;47;33;10040;83
260;20201208;14;10;44;23;10043;83
260;20201208;15;10;33;11;10048;92
260;20201208;16;10;19;1;10054;97
260;20201208;17;10;22;0;10059;98
260;20201208;18;10;27;0;10065;96
260;20201208;19;10;25;0;10067;98
260;20201208;20;0;16;0;10068;97
260;20201208;21;10;11;0;10072;98
260;20201208;22;10;13;0;10075;98
260;20201208;23;10;18;0;10075;98
260;20201208;24;10;22;0;10077;97
260;20201209;1;10;22;0;10078;97
260;20201209;2;10;28;0;10082;98
260;20201209;3;10;4;0;10081;98
260;20201209;4;10;-11;0;10084;98
260;20201209;5;20;2;0;10086;100
260;20201209;6;20;-8;0;10091;100
260;20201209;7;30;-10;0;10092;99
260;20201209;8;30;-15;1;10096;99
260;20201209;9;30;-12;6;10098;99
260;20201209;10;30;-8;11;10097;100
260;20201209;11;40;-3;19;10094;100
260;20201209;12;40;2;22;10091;99
260;20201209;13;50;5;20;10091;98
260;20201209;14;40;7;12;10087;98
260;20201209;15;40;7;4;10086;98
260;20201209;16;40;8;0;10089;98
260;20201209;17;50;10;0;10088;99
260;20201209;18;40;17;0;10091;98
260;20201209;19;40;20;0;10087;98
260;20201209;20;30;24;0;10090;96
260;20201209;21;30;25;0;10087;96
260;20201209;22;30;26;0;10085;96
260;20201209;23;30;27;0;10082;94
260;20201209;24;30;28;0;10079;94
260;20201210;1;30;29;0;10072;93
260;20201210;2;30;22;0;10070;94
260;20201210;3;30;12;0;10068;95
260;20201210;4;30;2;0;10065;95
260;20201210;5;30;-2;0;10063;95
260;20201210;6;20;-1;0;10066;93
260;20201210;7;30;-3;0;10068;94
260;20201210;8;30;-2;2;10069;93
260;20201210;9;20;2;23;10070;90
260;20201210;10;30;6;37;10071;89
260;20201210;11;30;10;37;10068;89
260;20201210;12;30;17;42;10064;88
260;20201210;13;30;18;44;10059;85
260;20201210;14;20;25;37;10057;86
260;20201210;15;30;16;25;10056;88
260;20201210;16;30;6;2;10055;90
260;20201210;17;30;-2;0;10054;93
260;20201210;18;30;-1;0;10048;93
260;20201210;19;40;-2;0;10048;93
260;20201210;20;40;-2;0;10045;95
260;20201210;21;30;0;0;10034;94
260;20201210;22;30;0;0;10031;94
260;20201210;23;30;3;0;10024;92
260;20201210;24;40;2;0;10010;92
260;20201211;1;40;2;0;10001;90
260;20201211;2;40;1;0;9988;89
260;20201211;3;40;-1;0;9985;89
260;20201211;4;40;-2;0;9971;89
260;20201211;5;50;3;0;9960;87
260;20201211;6;50;8;0;9948;86
260;20201211;7;50;14;0;9942;84
260;20201211;8;50;17;1;9937;84
260;20201211;9;60;19;5;9933;84
260;20201211;10;60;24;15;9929;85
260;20201211;11;50;28;15;9922;84
260;20201211;12;50;27;17;9915;92
260;20201211;13;50;34;21;9908;92
260;20201211;14;50;36;12;9906;93
260;20201211;15;50;38;7;9904;93
260;20201211;16;50;39;1;9903;93
260;20201211;17;40;41;0;9901;94
260;20201211;18;50;43;0;9901;94
260;20201211;19;40;43;0;9901;94
260;20201211;20;40;43;0;9902;94
260;20201211;21;40;41;0;9904;97
260;20201211;22;40;41;0;9906;97
260;20201211;23;40;41;0;9905;97
260;20201211;24;40;42;0;9906;97
260;20201212;1;30;44;0;9909;97
260;20201212;2;30;46;0;9912;97
260;20201212;3;30;47;0;9914;97
260;20201212;4;20;47;0;9918;98
260;20201212;5;20;48;0;9921;98
260;20201212;6;20;49;0;9927;99
260;20201212;7;20;50;0;9934;100
260;20201212;8;20;52;0;9941;100
260;20201212;9;20;57;3;9949;100
260;20201212;10;20;63;10;9957;99
260;20201212;11;20;71;17;9961;99
260;20201212;12;20;79;19;9965;98
260;20201212;13;20;84;16;9970;98
260;20201212;14;20;87;11;9976;96
260;20201212;15;20;87;2;9982;97
260;20201212;16;20;88;1;9990;97
260;20201212;17;30;87;0;9995;94
260;20201212;18;30;76;0;10006;96
260;20201212;19;20;72;0;10014;96
260;20201212;20;10;69;0;10021;98
260;20201212;21;10;65;0;10026;98
260;20201212;22;10;64;0;10034;99
260;20201212;23;10;62;0;10040;100
260;20201212;24;10;63;0;10047;98
260;20201213;1;10;62;0;10050;99
260;20201213;2;10;62;0;10057;100
260;20201213;3;10;65;0;10060;99
260;20201213;4;10;66;0;10065;100
260;20201213;5;10;73;0;10070;97
260;20201213;6;20;72;0;10073;98
260;20201213;7;30;76;0;10078;98
260;20201213;8;20;76;0;10084;97
260;20201213;9;30;75;6;10091;95
260;20201213;10;40;71;24;10096;93
260;20201213;11;40;74;40;10093;88
260;20201213;12;40;76;45;10094;83
260;20201213;13;30;78;42;10091;84
260;20201213;14;40;77;27;10089;82
260;20201213;15;40;74;8;10084;81
260;20201213;16;40;71;1;10082;83
260;20201213;17;40;71;0;10077;81
260;20201213;18;50;70;0;10073;79
260;20201213;19;60;66;0;10068;79
260;20201213;20;50;63;0;10069;83
260;20201213;21;60;58;0;10063;92
260;20201213;22;50;62;0;10057;88
260;20201213;23;40;64;0;10057;87
260;20201213;24;50;65;0;10050;88
260;20201214;1;50;73;0;10047;85
260;20201214;2;50;79;0;10043;83
260;20201214;3;50;78;0;10042;88
260;20201214;4;50;73;0;10038;97
260;20201214;5;50;76;0;10036;96
260;20201214;6;50;82;0;10036;95
260;20201214;7;50;87;0;10035;95
260;20201214;8;50;94;0;10039;94
260;20201214;9;60;100;3;10044;92
260;20201214;10;50;107;18;10050;89
260;20201214;11;60;112;22;10053;86
260;20201214;12;50;113;46;10052;85
260;20201214;13;50;114;34;10053;83
260;20201214;14;50;111;19;10053;83
260;20201214;15;40;110;8;10058;84
260;20201214;16;40;109;1;10060;83
260;20201214;17;40;105;0;10061;82
260;20201214;18;50;101;0;10062;82
260;20201214;19;40;99;0;10062;85
260;20201214;20;30;93;0;10057;91
260;20201214;21;30;93;0;10059;95
260;20201214;22;30;97;0;10059;95
260;20201214;23;30;95;0;10059;96
260;20201214;24;30;94;0;10056;95
260;20201215;1;40;92;0;10054;95
260;20201215;2;40;90;0;10053;95
260;20201215;3;40;91;0;10057;97
260;20201215;4;40;95;0;10058;95
260;20201215;5;40;96;0;10059;93
260;20201215;6;30;94;0;10061;93
260;20201215;7;30;93;0;10064;93
260;20201215;8;30;93;0;10068;93
260;20201215;9;30;95;3;10077;93
260;20201215;10;30;99;11;10082;93
260;20201215;11;30;100;16;10084;93
260;20201215;12;30;101;13;10087;93
260;20201215;13;30;101;9;10090;94
260;20201215;14;30;104;17;10093;92
260;20201215;15;30;103;9;10101;89
260;20201215;16;30;95;0;10109;88
260;20201215;17;30;96;0;10116;90
260;20201215;18;30;91;0;10121;93
260;20201215;19;20;79;0;10124;96
260;20201215;20;30;76;0;10130;97
260;20201215;21;20;56;0;10138;96
260;20201215;22;20;52;0;10141;99
260;20201215;23;20;54;0;10145;99
260;20201215;24;30;51;0;10146;100
260;20201216;1;20;53;0;10146;99
260;20201216;2;20;51;0;10150;99
260;20201216;3;30;54;0;10149;99
260;20201216;4;40;51;0;10151;100
260;20201216;5;40;53;0;10151;99
260;20201216;6;40;50;0;10152;100
260;20201216;7;40;50;0;10152;99
260;20201216;8;30;51;1;10153;100
260;20201216;9;30;49;15;10155;98
260;20201216;10;40;64;52;10157;94
260;20201216;11;30;78;68;10151;89
260;20201216;12;40;90;75;10146;86
260;20201216;13;40;92;57;10141;84
260;20201216;14;40;90;32;10138;85
260;20201216;15;40;83;17;10138;90
260;20201216;16;40;77;1;10136;92
260;20201216;17;40;77;0;10134;94
260;20201216;18;40;84;0;10131;93
260;20201216;19;40;83;0;10127;92
260;20201216;20;40;86;0;10121;90
260;20201216;21;40;91;0;10122;87
260;20201216;22;40;90;0;10123;88
260;20201216;23;40;95;0;10122;86
260;20201216;24;40;95;0;10122;87
260;20201217;1;30;90;0;10122;91
260;20201217;2;30;92;0;10121;91
260;20201217;3;30;93;0;10120;90
260;20201217;4;40;92;0;10121;93
260;20201217;5;40;91;0;10124;95
260;20201217;6;40;88;0;10133;95
260;20201217;7;40;87;0;10141;94
260;20201217;8;40;87;0;10148;95
260;20201217;9;50;92;4;10153;92
260;20201217;10;50;95;16;10161;89
260;20201217;11;50;99;47;10167;85
260;20201217;12;60;102;34;10170;84
260;20201217;13;60;101;26;10173;83
260;20201217;14;50;101;16;10178;82
260;20201217;15;50;97;11;10185;82
260;20201217;16;40;91;1;10191;84
260;20201217;17;50;86;0;10194;86
260;20201217;18;40;84;0;10198;86
260;20201217;19;40;86;0;10201;86
260;20201217;20;30;83;0;10203;88
260;20201217;21;40;85;0;10204;87
260;20201217;22;40;76;0;10204;89
260;20201217;23;40;72;0;10204;90
260;20201217;24;40;67;0;10203;92
260;20201218;1;40;68;0;10202;92
260;20201218;2;40;68;0;10200;92
260;20201218;3;40;65;0;10198;93
260;20201218;4;40;58;0;10196;95
260;20201218;5;40;64;0;10194;94
260;20201218;6;40;67;0;10188;94
260;20201218;7;40;70;0;10187;93
260;20201218;8;60;77;0;10194;91
260;20201218;9;50;82;5;10195;89
260;20201218;10;50;89;36;10193;86
260;20201218;11;60;99;58;10186;82
260;20201218;12;60;108;79;10179;79
260;20201218;13;60;109;67;10170;77
260;20201218;14;50;107;44;10166;77
260;20201218;15;50;103;15;10169;77
260;20201218;16;40;93;1;10168;79
260;20201218;17;40;87;0;10166;80
260;20201218;18;40;81;0;10163;81
260;20201218;19;40;75;0;10160;83
260;20201218;20;50;76;0;10156;82
260;20201218;21;50;71;0;10154;86
260;20201218;22;40;65;0;10152;90
260;20201218;23;50;62;0;10149;91
260;20201218;24;50;62;0;10142;90
260;20201219;1;50;59;0;10136;90
260;20201219;2;40;53;0;10136;91
260;20201219;3;50;54;0;10130;91
260;20201219;4;50;53;0;10123;92
260;20201219;5;50;56;0;10118;92
260;20201219;6;50;57;0;10115;92
260;20201219;7;50;57;0;10113;92
260;20201219;8;50;64;1;10110;90
260;20201219;9;50;74;21;10111;87
260;20201219;10;50;87;45;10108;86
260;20201219;11;50;96;34;10100;83
260;20201219;12;50;110;31;10099;78
260;20201219;13;50;113;10;10100;76
260;20201219;14;50;105;6;10102;86
260;20201219;15;50;105;20;10108;86
260;20201219;16;50;105;2;10116;86
260;20201219;17;50;105;0;10120;85
260;20201219;18;50;101;0;10125;85
260;20201219;19;50;98;0;10129;85
260;20201219;20;50;95;0;10133;86
260;20201219;21;50;87;0;10137;89
260;20201219;22;40;83;0;10137;90
260;20201219;23;40;80;0;10138;91
260;20201219;24;40;85;0;10141;91
260;20201220;1;40;90;0;10138;89
260;20201220;2;40;91;0;10139;89
260;20201220;3;30;87;0;10142;90
260;20201220;4;40;84;0;10143;92
260;20201220;5;40;84;0;10143;92
260;20201220;6;40;85;0;10144;91
260;20201220;7;40;83;0;10148;91
260;20201220;8;40;80;0;10152;92
260;20201220;9;40;83;9;10157;92
260;20201220;10;40;88;26;10160;90
260;20201220;11;50;96;58;10158;87
260;20201220;12;50;97;28;10160;84
260;20201220;13;60;97;20;10160;82
260;20201220;14;50;98;23;10158;81
260;20201220;15;40;94;13;10159;82
260;20201220;16;30;93;2;10164;81
260;20201220;17;40;86;0;10168;83
260;20201220;18;40;85;0;10170;82
260;20201220;19;50;82;0;10172;83
260;20201220;20;40;79;0;10175;84
260;20201220;21;50;75;0;10177;85
260;20201220;22;50;77;0;10178;83
260;20201220;23;50;72;0;10184;85
260;20201220;24;50;69;0;10185;87
260;20201221;1;40;62;0;10183;89
260;20201221;2;30;56;0;10184;91
260;20201221;3;30;56;0;10182;91
260;20201221;4;30;54;0;10180;92
260;20201221;5;30;49;0;10177;94
260;20201221;6;30;48;0;10173;95
260;20201221;7;30;51;0;10172;95
260;20201221;8;30;56;0;10166;94
260;20201221;9;30;68;4;10161;93
260;20201221;10;40;72;7;10157;94
260;20201221;11;40;77;8;10143;94
260;20201221;12;50;78;8;10129;94
260;20201221;13;60;80;14;10115;93
260;20201221;14;60;80;5;10100;94
260;20201221;15;60;80;4;10089;95
260;20201221;16;60;79;0;10078;96
260;20201221;17;60;82;0;10074;96
260;20201221;18;60;87;0;10068;96
260;20201221;19;60;92;0;10064;97
260;20201221;20;50;99;0;10059;97
260;20201221;21;50;107;0;10055;98
260;20201221;22;50;118;0;10052;97
260;20201221;23;60;125;0;10050;96
260;20201221;24;60;130;0;10050;95
260;20201222;1;80;130;0;10045;94
260;20201222;2;70;130;0;10048;95
260;20201222;3;80;129;0;10053;94
260;20201222;4;70;130;0;10057;91
260;20201222;5;70;130;0;10062;89
260;20201222;6;70;128;0;10070;88
260;20201222;7;70;126;0;10077;88
260;20201222;8;70;123;0;10085;90
260;20201222;9;60;119;2;10099;92
260;20201222;10;50;108;7;10114;94
260;20201222;11;30;99;13;10124;95
260;20201222;12;30;102;20;10130;88
260;20201222;13;30;103;31;10134;85
260;20201222;14;20;101;20;10138;85
260;20201222;15;20;99;9;10141;85
260;20201222;16;10;90;1;10144;92
260;20201222;17;10;87;0;10142;93
260;20201222;18;10;88;0;10140;92
260;20201222;19;20;91;0;10144;93
260;20201222;20;10;88;0;10146;98
260;20201222;21;10;86;0;10140;98
260;20201222;22;10;87;0;10142;98
260;20201222;23;10;89;0;10138;98
260;20201222;24;20;90;0;10133;98
260;20201223;1;10;91;0;10130;99
260;20201223;2;20;93;0;10125;98
260;20201223;3;20;96;0;10121;99
260;20201223;4;20;100;0;10114;99
260;20201223;5;20;104;0;10107;98
260;20201223;6;30;107;0;10101;98
260;20201223;7;20;111;0;10098;98
260;20201223;8;30;117;0;10095;96
260;20201223;9;40;117;2;10096;96
260;20201223;10;40;117;6;10090;96
260;20201223;11;30;116;5;10081;97
260;20201223;12;20;112;6;10069;98
260;20201223;13;30;119;7;10062;95
260;20201223;14;40;120;18;10054;95
260;20201223;15;30;119;11;10051;93
260;20201223;16;30;117;1;10043;94
260;20201223;17;30;122;0;10042;92
260;20201223;18;50;122;0;10040;92
260;20201223;19;40;121;0;10040;91
260;20201223;20;50;107;0;10046;89
260;20201223;21;50;103;0;10045;92
260;20201223;22;30;102;0;10047;92
260;20201223;23;60;90;0;10051;86
260;20201223;24;40;87;0;10050;89
260;20201224;1;40;90;0;10048;85
260;20201224;2;50;87;0;10047;81
260;20201224;3;50;84;0;10046;82
260;20201224;4;40;62;0;10053;92
260;20201224;5;70;41;0;10068;92
260;20201224;6;60;38;0;10079;92
260;20201224;7;40;41;0;10090;92
260;20201224;8;30;44;0;10104;93
260;20201224;9;20;47;7;10113;94
260;20201224;10;20;53;12;10124;92
260;20201224;11;30;64;15;10127;83
260;20201224;12;30;67;29;10129;77
260;20201224;13;30;65;33;10131;78
260;20201224;14;40;60;47;10137;76
260;20201224;15;40;54;8;10147;81
260;20201224;16;40;48;1;10153;87
260;20201224;17;30;47;0;10157;86
260;20201224;18;30;51;0;10163;80
260;20201224;19;40;51;0;10170;80
260;20201224;20;40;47;0;10176;83
260;20201224;21;40;44;0;10184;87
260;20201224;22;30;43;0;10191;84
260;20201224;23;30;39;0;10199;82
260;20201224;24;20;32;0;10206;85
260;20201225;1;30;36;0;10212;86
260;20201225;2;30;40;0;10218;84
260;20201225;3;20;28;0;10225;90
260;20201225;4;20;22;0;10225;93
260;20201225;5;20;28;0;10228;88
260;20201225;6;30;28;0;10236;86
260;20201225;7;20;27;0;10240;87
260;20201225;8;20;13;0;10244;93
260;20201225;9;20;31;15;10247;85
260;20201225;10;20;47;46;10251;78
260;20201225;11;20;56;62;10252;75
260;20201225;12;30;63;81;10250;70
260;20201225;13;30;60;61;10249;73
260;20201225;14;30;54;46;10247;78
260;20201225;15;30;50;26;10251;79
260;20201225;16;30;40;2;10255;84
260;20201225;17;10;38;0;10257;87
260;20201225;18;20;25;0;10257;89
260;20201225;19;20;23;0;10259;92
260;20201225;20;10;0;0;10256;95
260;20201225;21;10;-8;0;10253;98
260;20201225;22;30;15;0;10254;93
260;20201225;23;30;21;0;10252;91
260;20201225;24;20;25;0;10249;89
260;20201226;1;20;35;0;10248;85
260;20201226;2;30;30;0;10245;94
260;20201226;3;20;32;0;10237;91
260;20201226;4;30;29;0;10231;90
260;20201226;5;40;34;0;10224;86
260;20201226;6;40;38;0;10220;84
260;20201226;7;40;36;0;10220;86
260;20201226;8;40;35;1;10217;90
260;20201226;9;50;36;11;10211;90
260;20201226;10;50;41;14;10206;86
260;20201226;11;60;44;24;10200;83
260;20201226;12;60;47;26;10185;84
260;20201226;13;60;50;30;10172;83
260;20201226;14;70;49;11;10161;91
260;20201226;15;60;52;3;10152;92
260;20201226;16;60;54;0;10137;94
260;20201226;17;70;57;0;10122;93
260;20201226;18;80;57;0;10111;93
260;20201226;19;80;55;0;10097;92
260;20201226;20;70;52;0;10086;93
260;20201226;21;70;53;0;10069;93
260;20201226;22;80;57;0;10049;90
260;20201226;23;90;58;0;10034;87
260;20201226;24;80;56;0;10011;87
260;20201227;1;90;51;0;9988;90
260;20201227;2;100;48;0;9965;90
260;20201227;3;110;49;0;9942;88
260;20201227;4;110;48;0;9922;89
260;20201227;5;100;51;0;9901;89
260;20201227;6;110;54;0;9873;87
260;20201227;7;120;55;0;9852;87
260;20201227;8;120;54;0;9835;88
260;20201227;9;120;53;1;9817;87
260;20201227;10;110;52;4;9802;87
260;20201227;11;110;56;6;9784;86
260;20201227;12;120;57;7;9772;86
260;20201227;13;90;56;11;9763;87
260;20201227;14;80;53;11;9758;91
260;20201227;15;70;52;6;9752;90
260;20201227;16;70;50;0;9748;91
260;20201227;17;70;49;0;9745;90
260;20201227;18;50;48;0;9742;92
260;20201227;19;50;47;0;9744;92
260;20201227;20;40;46;0;9745;93
260;20201227;21;40;44;0;9748;93
260;20201227;22;30;47;0;9751;93
260;20201227;23;20;43;0;9755;95
260;20201227;24;20;32;0;9754;98
260;20201228;1;20;22;0;9753;98
260;20201228;2;20;16;0;9758;97
260;20201228;3;30;35;0;9759;97
260;20201228;4;40;33;0;9762;96
260;20201228;5;30;32;0;9762;93
260;20201228;6;30;38;0;9760;93
260;20201228;7;40;38;0;9766;91
260;20201228;8;30;39;0;9769;91
260;20201228;9;30;38;8;9769;91
260;20201228;10;30;46;39;9772;86
260;20201228;11;40;50;68;9772;82
260;20201228;12;30;50;62;9771;81
260;20201228;13;30;45;32;9773;84
260;20201228;14;30;42;25;9773;84
260;20201228;15;30;44;13;9776;84
260;20201228;16;20;41;2;9776;86
260;20201228;17;20;39;0;9776;87
260;20201228;18;20;37;0;9777;89
260;20201228;19;30;34;0;9781;92
260;20201228;20;20;33;0;9786;95
260;20201228;21;20;33;0;9788;97
260;20201228;22;10;31;0;9789;95
260;20201228;23;10;28;0;9793;95
260;20201228;24;10;30;0;9796;96
260;20201229;1;10;29;0;9799;93
260;20201229;2;10;30;0;9803;94
260;20201229;3;10;29;0;9806;98
260;20201229;4;10;31;0;9812;98
260;20201229;5;10;31;0;9819;98
260;20201229;6;10;27;0;9825;94
260;20201229;7;20;25;0;9833;96
260;20201229;8;20;27;0;9843;95
260;20201229;9;20;32;3;9853;96
260;20201229;10;20;36;20;9863;94
260;20201229;11;20;41;28;9870;90
260;20201229;12;20;47;30;9874;92
260;20201229;13;30;54;35;9880;88
260;20201229;14;30;55;35;9888;88
260;20201229;15;40;49;8;9896;90
260;20201229;16;40;44;1;9904;91
260;20201229;17;40;39;0;9913;92
260;20201229;18;40;43;0;9918;92
260;20201229;19;40;42;0;9927;94
260;20201229;20;30;41;0;9935;92
260;20201229;21;30;42;0;9941;91
260;20201229;22;40;38;0;9944;89
260;20201229;23;40;32;0;9948;89
260;20201229;24;40;28;0;9953;91
260;20201230;1;30;25;0;9955;92
260;20201230;2;30;29;0;9960;92
260;20201230;3;30;28;0;9962;93
260;20201230;4;30;28;0;9964;94
260;20201230;5;30;33;0;9968;93
260;20201230;6;30;34;0;9971;93
260;20201230;7;30;37;0;9977;93
260;20201230;8;30;37;0;9984;94
260;20201230;9;30;41;11;9991;91
260;20201230;10;30;45;29;9996;91
260;20201230;11;30;60;59;9998;85
260;20201230;12;30;57;57;10000;83
260;20201230;13;30;63;40;10002;85
260;20201230;14;30;51;16;10007;90
260;20201230;15;20;55;10;10012;87
260;20201230;16;30;53;1;10019;83
260;20201230;17;30;51;0;10021;83
260;20201230;18;30;47;0;10021;86
260;20201230;19;40;45;0;10024;86
260;20201230;20;40;38;0;10025;89
260;20201230;21;30;39;0;10025;88
260;20201230;22;30;36;0;10027;88
260;20201230;23;40;35;0;10026;88
260;20201230;24;30;32;0;10026;93
260;20201231;1;20;32;0;10023;93
260;20201231;2;30;23;0;10023;96
260;20201231;3;10;23;0;10021;94
260;20201231;4;20;32;0;10017;96
260;20201231;5;20;29;0;10012;97
260;20201231;6;20;29;0;10014;95
260;20201231;7;20;31;0;10016;95
260;20201231;8;10;29;0;10020;97
260;20201231;9;10;31;2;10021;96
260;20201231;10;10;32;5;10024;95
260;20201231;11;10;33;8;10023;93
260;20201231;12;10;38;30;10021;91
260;20201231;13;10;40;22;10020;88
260;20201231;14;10;37;13;10025;90
260;20201231;15;10;36;13;10029;92
260;20201231;16;0;30;2;10033;95
260;20201231;17;0;10;0;10036;98
260;20201231;18;0;10;0;10039;98
260;20201231;19;10;8;0;10045;98
260;20201231;20;10;14;0;10047;96
260;20201231;21;10;6;0;10051;98
260;20201231;22;10;-10;0;10055;98
260;20201231;23;10;-17;0;10057;99
260;20201231;24;10;-21;0;10058;99
