STN;YYYYMMDD;HH;FH;T;Q;P;U
260;20220101;1;40;111;0;10224;93
260;20220101;2;40;114;0;10228;94
260;20220101;3;40;120;0;10226;93
260;20220101;4;30;119;0;10226;93
260;20220101;5;30;117;0;10226;94
260;20220101;6;30;117;0;10222;92
260;20220101;7;30;116;0;10226;92
260;20220101;8;40;123;1;10227;87
260;20220101;9;50;123;14;10228;86
260;20220101;10;50;121;27;10222;87
260;20220101;11;40;123;38;10221;87
260;20220101;12;40;130;53;10215;85
260;20220101;13;40;131;38;10210;84
260;20220101;14;40;130;36;10208;85
260;20220101;15;40;130;11;10204;84
260;20220101;16;40;127;2;10199;85
260;20220101;17;40;128;0;10196;85
260;20220101;18;40;124;0;10188;86
260;20220101;19;40;125;0;10186;84
260;20220101;20;50;127;0;10188;82
260;20220101;21;40;126;0;10180;82
260;20220101;22;40;126;0;10176;80
260;20220101;23;40;120;0;10172;83
260;20220101;24;40;118;0;10171;84
260;20220102;1;50;113;0;10165;91
260;20220102;2;40;116;0;10154;91
260;20220102;3;50;127;0;10145;85
260;20220102;4;60;127;0;10138;86
260;20220102;5;60;123;0;10132;90
260;20220102;6;60;119;0;10118;87
260;20220102;7;60;120;0;10106;84
260;20220102;8;70;122;1;10106;85
260;20220102;9;70;120;5;10104;84
260;20220102;10;70;123;34;10103;80
260;20220102;11;80;121;22;10104;83
260;20220102;12;60;126;18;10105;82
260;20220102;13;70;127;32;10104;77
260;20220102;14;70;122;46;10111;77
260;20220102;15;50;114;9;10110;83
260;20220102;16;60;112;3;10107;83
260;20220102;17;50;113;0;10104;84
260;20220102;18;50;113;0;10095;83
260;20220102;19;50;108;0;10085;88
260;20220102;20;50;107;0;10075;92
260;20220102;21;70;113;0;10080;80
260;20220102;22;80;106;0;10092;81
260;20220102;23;80;105;0;10099;81
260;20220102;24;70;105;0;10103;82
260;20220103;1;60;102;0;10104;81
260;20220103;2;60;97;0;10105;83
260;20220103;3;60;96;0;10106;85
260;20220103;4;60;98;0;10105;85
260;20220103;5;60;100;0;10103;85
260;20220103;6;60;101;0;10100;85
260;20220103;7;60;100;0;10097;85
260;20220103;8;60;99;1;10097;85
260;20220103;9;70;100;8;10098;85
260;20220103;10;70;100;28;10095;84
260;20220103;11;70;107;55;10093;82
260;20220103;12;60;102;39;10085;83
260;20220103;13;60;105;23;10080;81
260;20220103;14;60;101;11;10073;82
260;20220103;15;60;99;13;10069;80
260;20220103;16;50;96;2;10066;82
260;20220103;17;50;93;0;10060;83
260;20220103;18;50;90;0;10053;86
260;20220103;19;40;89;0;10045;88
260;20220103;20;50;89;0;10040;89
260;20220103;21;40;89;0;10034;90
260;20220103;22;40;90;0;10029;90
260;20220103;23;40;89;0;10022;90
260;20220103;24;40;89;0;10014;90
260;20220104;1;40;87;0;10003;90
260;20220104;2;40;86;0;9996;90
260;20220104;3;40;83;0;9987;91
260;20220104;4;40;84;0;9975;91
260;20220104;5;40;81;0;9969;91
260;20220104;6;40;81;0;9963;92
260;20220104;7;40;80;0;9957;92
260;20220104;8;40;81;0;9955;92
260;20220104;9;40;82;4;9960;91
260;20220104;10;40;80;15;9959;94
260;20220104;11;30;85;21;9957;91
260;20220104;12;40;80;32;9962;84
260;20220104;13;40;69;47;9967;85
260;20220104;14;40;60;14;9968;80
260;20220104;15;30;60;19;9973;78
260;20220104;16;20;57;3;9981;83
260;20220104;17;20;59;0;9983;70
260;20220104;18;20;55;0;9985;74
260;20220104;19;30;35;0;9991;83
260;20220104;20;20;38;0;9992;85
260;20220104;21;20;41;0;9991;81
260;20220104;22;20;41;0;9997;77
260;20220104;23;20;33;0;10001;80
260;20220104;24;30;32;0;10002;78
260;20220105;1;30;34;0;10004;77
260;20220105;2;40;36;0;10005;71
260;20220105;3;40;33;0;10006;72
260;20220105;4;40;34;0;10008;75
260;20220105;5;50;41;0;10011;74
260;20220105;6;50;44;0;10014;76
260;20220105;7;60;45;0;10016;81
260;20220105;8;70;47;1;10022;85
260;20220105;9;70;48;3;10027;89
260;20220105;10;60;55;7;10036;89
260;20220105;11;60;60;12;10043;88
260;20220105;12;60;65;20;10050;85
260;20220105;13;60;69;28;10057;84
260;20220105;14;60;71;38;10064;84
260;20220105;15;50;69;8;10075;84
260;20220105;16;40;69;2;10085;83
260;20220105;17;40;68;0;10096;81
260;20220105;18;30;59;0;10105;80
260;20220105;19;40;56;0;10117;83
260;20220105;20;20;47;0;10123;86
260;20220105;21;30;50;0;10129;75
260;20220105;22;20;45;0;10134;78
260;20220105;23;20;35;0;10142;84
260;20220105;24;30;40;0;10148;79
260;20220106;1;20;36;0;10152;78
260;20220106;2;20;32;0;10160;81
260;20220106;3;20;30;0;10163;84
260;20220106;4;20;15;0;10165;91
260;20220106;5;30;17;0;10170;90
260;20220106;6;20;5;0;10175;94
260;20220106;7;20;-8;0;10181;97
260;20220106;8;20;29;2;10184;86
260;20220106;9;20;29;19;10189;88
260;20220106;10;20;47;49;10191;79
260;20220106;11;30;58;72;10190;75
260;20220106;12;30;61;56;10189;76
260;20220106;13;40;62;58;10182;76
260;20220106;14;40;61;32;10181;75
260;20220106;15;40;55;29;10178;79
260;20220106;16;30;44;3;10179;81
260;20220106;17;30;41;0;10178;82
260;20220106;18;40;38;0;10172;82
260;20220106;19;50;39;0;10165;80
260;20220106;20;50;39;0;10160;79
260;20220106;21;60;40;0;10153;79
260;20220106;22;50;39;0;10144;79
260;20220106;23;50;40;0;10137;76
260;20220106;24;60;37;0;10130;78
260;20220107;1;60;30;0;10120;87
260;20220107;2;50;29;0;10114;92
260;20220107;3;50;30;0;10106;91
260;20220107;4;50;28;0;10101;93
260;20220107;5;50;33;0;10094;94
260;20220107;6;50;43;0;10094;93
260;20220107;7;50;47;0;10094;93
260;20220107;8;50;49;1;10093;91
260;20220107;9;50;48;6;10093;89
260;20220107;10;60;55;46;10091;86
260;20220107;11;60;57;49;10089;83
260;20220107;12;60;66;39;10088;78
260;20220107;13;60;53;17;10086;77
260;20220107;14;50;44;6;10084;76
260;20220107;15;50;36;3;10084;81
260;20220107;16;40;36;4;10083;83
260;20220107;17;40;37;0;10086;81
260;20220107;18;30;34;0;10084;81
260;20220107;19;30;32;0;10085;84
260;20220107;20;20;26;0;10087;85
260;20220107;21;30;30;0;10089;79
260;20220107;22;20;18;0;10090;89
260;20220107;23;30;14;0;10092;92
260;20220107;24;20;8;0;10095;95
260;20220108;1;20;4;0;10098;93
260;20220108;2;20;-15;0;10098;97
260;20220108;3;10;-18;0;10100;95
260;20220108;4;20;-18;0;10100;95
260;20220108;5;20;5;0;10104;92
260;20220108;6;20;3;0;10106;91
260;20220108;7;30;11;0;10104;90
260;20220108;8;30;14;2;10102;92
260;20220108;9;30;20;6;10096;90
260;20220108;10;40;23;17;10088;91
260;20220108;11;50;29;28;10075;88
260;20220108;12;50;33;36;10057;87
260;20220108;13;60;36;17;10032;88
260;20220108;14;70;35;14;10012;91
260;20220108;15;70;38;5;9989;93
260;20220108;16;70;42;1;9969;94
260;20220108;17;70;47;0;9946;94
260;20220108;18;70;54;0;9926;93
260;20220108;19;80;58;0;9913;94
260;20220108;20;60;58;0;9899;95
260;20220108;21;50;59;0;9887;97
260;20220108;22;40;59;0;9878;96
260;20220108;23;20;58;0;9877;98
260;20220108;24;20;62;0;9879;96
260;20220109;1;50;69;0;9890;89
260;20220109;2;60;69;0;9904;82
260;20220109;3;50;68;0;9919;82
260;20220109;4;60;63;0;9929;80
260;20220109;5;50;60;0;9940;81
260;20220109;6;50;55;0;9952;82
260;20220109;7;50;53;0;9963;79
260;20220109;8;30;50;1;9972;78
260;20220109;9;30;54;13;9981;80
260;20220109;10;30;65;35;9989;76
260;20220109;11;50;60;57;9995;74
260;20220109;12;40;71;67;10002;74
260;20220109;13;40;75;96;10006;70
260;20220109;14;50;67;50;10014;72
260;20220109;15;40;64;23;10022;76
260;20220109;16;30;54;5;10030;81
260;20220109;17;20;40;0;10039;88
260;20220109;18;20;34;0;10047;89
260;20220109;19;20;29;0;10057;91
260;20220109;20;20;27;0;10065;92
260;20220109;21;10;6;0;10075;98
260;20220109;22;20;-4;0;10085;98
260;20220109;23;10;-10;0;10093;98
260;20220109;24;20;-14;0;10102;98
260;20220110;1;20;-16;0;10111;98
260;20220110;2;20;-13;0;10119;98
260;20220110;3;10;-21;0;10130;98
260;20220110;4;20;-9;0;10139;98
260;20220110;5;20;4;0;10151;98
260;20220110;6;20;8;0;10160;98
260;20220110;7;10;12;0;10172;96
260;20220110;8;20;17;1;10185;96
260;20220110;9;10;20;10;10196;95
260;20220110;10;20;25;23;10207;93
260;20220110;11;20;35;42;10217;92
260;20220110;12;20;49;69;10223;88
260;20220110;13;20;60;82;10229;82
260;20220110;14;30;68;64;10236;77
260;20220110;15;20;57;34;10245;84
260;20220110;16;20;44;6;10254;84
260;20220110;17;20;30;0;10263;89
260;20220110;18;30;23;0;10274;93
260;20220110;19;30;4;0;10282;98
260;20220110;20;30;-3;0;10290;99
260;20220110;21;30;1;0;10292;99
260;20220110;22;30;1;0;10293;99
260;20220110;23;30;-1;0;10299;99
260;20220110;24;30;3;0;10299;98
260;20220111;1;30;3;0;10301;98
260;20220111;2;30;4;0;10302;98
260;20220111;3;30;2;0;10306;98
260;20220111;4;40;4;0;10307;97
260;20220111;5;40;6;0;10309;97
260;20220111;6;40;5;0;10313;96
260;20220111;7;40;3;0;10316;95
260;20220111;8;40;3;3;10321;94
260;20220111;9;40;5;11;10322;93
260;20220111;10;30;8;22;10325;91
260;20220111;11;30;22;32;10327;85
260;20220111;12;40;36;39;10327;79
260;20220111;13;30;48;85;10323;74
260;20220111;14;30;47;39;10323;76
260;20220111;15;30;50;28;10324;78
260;20220111;16;30;42;8;10328;80
260;20220111;17;30;44;0;10333;76
260;20220111;18;30;35;0;10336;79
260;20220111;19;20;29;0;10338;83
260;20220111;20;20;35;0;10344;80
260;20220111;21;20;36;0;10345;84
260;20220111;22;20;30;0;10349;95
260;20220111;23;20;30;0;10348;96
260;20220111;24;20;31;0;10354;98
260;20220112;1;20;33;0;10355;98
260;20220112;2;20;34;0;10357;98
260;20220112;3;10;36;0;10366;98
260;20220112;4;10;36;0;10370;98
260;20220112;5;10;37;0;10369;99
260;20220112;6;10;34;0;10373;99
260;20220112;7;10;36;0;10381;99
260;20220112;8;10;39;1;10388;99
260;20220112;9;10;37;7;10397;98
260;20220112;10;10;40;17;10404;98
260;20220112;11;10;45;40;10402;93
260;20220112;12;10;48;51;10400;92
260;20220112;13;20;49;52;10400;92
260;20220112;14;20;47;29;10401;92
260;20220112;15;20;45;17;10399;94
260;20220112;16;20;43;5;10403;98
260;20220112;17;20;42;0;10401;99
260;20220112;18;20;47;0;10407;98
260;20220112;19;30;46;0;10410;98
260;20220112;20;30;44;0;10410;98
260;20220112;21;30;40;0;10413;99
260;20220112;22;30;38;0;10411;99
260;20220112;23;30;38;0;10411;99
260;20220112;24;30;35;0;10411;99
260;20220113;1;20;34;0;10412;99
260;20220113;2;30;35;0;10411;99
260;20220113;3;30;36;0;10406;99
260;20220113;4;30;37;0;10405;99
260;20220113;5;30;39;0;10405;99
260;20220113;6;30;40;0;10405;99
260;20220113;7;30;39;0;10406;99
260;20220113;8;30;40;1;10408;99
260;20220113;9;30;40;7;10409;99
260;20220113;10;30;45;15;10410;99
260;20220113;11;30;46;25;10409;99
260;20220113;12;30;49;23;10404;99
260;20220113;13;40;47;23;10399;99
260;20220113;14;40;48;21;10396;98
260;20220113;15;30;48;12;10396;98
260;20220113;16;30;49;4;10395;99
260;20220113;17;20;52;0;10395;98
260;20220113;18;30;52;0;10391;98
260;20220113;19;30;51;0;10388;98
260;20220113;20;30;46;0;10386;98
260;20220113;21;30;45;0;10386;98
260;20220113;22;30;44;0;10382;99
260;20220113;23;30;39;0;10379;99
260;20220113;24;30;39;0;10376;99
260;20220114;1;30;38;0;10370;99
260;20220114;2;30;36;0;10368;99
260;20220114;3;20;35;0;10366;99
260;20220114;4;30;33;0;10363;99
260;20220114;5;30;33;0;10357;99
260;20220114;6;20;33;0;10355;99
260;20220114;7;20;32;0;10357;98
260;20220114;8;20;35;1;10358;98
260;20220114;9;20;38;6;10361;98
260;20220114;10;10;43;14;10360;96
260;20220114;11;10;49;22;10362;96
260;20220114;12;10;54;23;10358;95
260;20220114;13;10;57;22;10356;95
260;20220114;14;10;60;20;10353;93
260;20220114;15;10;59;10;10353;96
260;20220114;16;0;59;3;10350;94
260;20220114;17;10;58;0;10353;92
260;20220114;18;10;57;0;10350;93
260;20220114;19;10;55;0;10349;94
260;20220114;20;10;53;0;10342;94
260;20220114;21;10;50;0;10342;97
260;20220114;22;10;47;0;10339;98
260;20220114;23;10;45;0;10334;98
260;20220114;24;10;43;0;10331;99
260;20220115;1;20;40;0;10326;99
260;20220115;2;20;37;0;10322;99
260;20220115;3;20;37;0;10315;99
260;20220115;4;30;33;0;10309;98
260;20220115;5;30;28;0;10305;99
260;20220115;6;40;26;0;10299;99
260;20220115;7;40;25;0;10293;99
260;20220115;8;40;28;1;10293;99
260;20220115;9;40;30;4;10292;99
260;20220115;10;40;32;11;10288;99
260;20220115;11;30;34;15;10285;99
260;20220115;12;40;31;18;10280;99
260;20220115;13;40;24;18;10270;99
260;20220115;14;30;17;16;10268;98
260;20220115;15;30;19;12;10263;97
260;20220115;16;30;18;5;10257;96
260;20220115;17;30;16;0;10252;96
260;20220115;18;30;17;0;10250;97
260;20220115;19;30;12;0;10250;98
260;20220115;20;30;9;0;10245;97
260;20220115;21;30;10;0;10240;98
260;20220115;22;30;10;0;10242;99
260;20220115;23;20;13;0;10236;99
260;20220115;24;30;15;0;10233;99
260;20220116;1;30;15;0;10227;99
260;20220116;2;30;18;0;10222;99
260;20220116;3;30;23;0;10224;99
260;20220116;4;30;26;0;10218;99
260;20220116;5;30;30;0;10216;98
260;20220116;6;30;32;0;10216;97
260;20220116;7;30;33;0;10220;97
260;20220116;8;30;50;1;10226;84
260;20220116;9;30;60;6;10228;81
260;20220116;10;40;56;12;10235;90
260;20220116;11;40;53;15;10239;93
260;20220116;12;50;55;18;10241;93
260;20220116;13;50;64;25;10238;91
260;20220116;14;50;67;23;10241;85
260;20220116;15;50;67;10;10245;93
260;20220116;16;40;65;4;10248;95
260;20220116;17;30;70;0;10263;89
260;20220116;18;30;68;0;10267;89
260;20220116;19;30;69;0;10277;88
260;20220116;20;30;67;0;10282;94
260;20220116;21;30;71;0;10287;94
260;20220116;22;30;72;0;10294;89
260;20220116;23;20;71;0;10298;82
260;20220116;24;30;72;0;10305;73
260;20220117;1;30;71;0;10305;69
260;20220117;2;30;66;0;10308;72
260;20220117;3;30;57;0;10307;78
260;20220117;4;30;51;0;10308;85
260;20220117;5;30;50;0;10310;89
260;20220117;6;30;51;0;10312;92
260;20220117;7;30;50;0;10316;94
260;20220117;8;30;59;1;10324;89
260;20220117;9;30;65;8;10325;87
260;20220117;10;40;73;24;10333;87
260;20220117;11;40;80;29;10337;84
260;20220117;12;40;87;32;10343;81
260;20220117;13;40;89;28;10341;80
260;20220117;14;40;90;26;10345;80
260;20220117;15;40;86;24;10349;82
260;20220117;16;30;87;11;10356;82
260;20220117;17;30;83;0;10362;85
260;20220117;18;20;78;0;10366;87
260;20220117;19;20;70;0;10368;90
260;20220117;20;20;46;0;10374;98
260;20220117;21;10;34;0;10377;98
260;20220117;22;20;43;0;10377;98
260;20220117;23;20;43;0;10379;98
260;20220117;24;10;21;0;10379;98
260;20220118;1;10;9;0;10382;99
260;20220118;2;0;6;0;10382;99
260;20220118;3;0;10;0;10381;99
260;20220118;4;0;15;0;10384;99
260;20220118;5;10;25;0;10386;99
260;20220118;6;20;27;0;10386;99
260;20220118;7;20;28;0;10388;99
260;20220118;8;10;30;2;10390;99
260;20220118;9;20;32;9;10393;99
260;20220118;10;20;35;18;10394;99
260;20220118;11;30;39;28;10393;99
260;20220118;12;20;50;30;10391;99
260;20220118;13;20;54;19;10385;98
260;20220118;14;20;62;20;10379;96
260;20220118;15;30;62;13;10373;93
260;20220118;16;20;57;4;10368;96
260;20220118;17;20;53;0;10367;94
260;20220118;18;20;48;0;10363;97
260;20220118;19;20;48;0;10368;98
260;20220118;20;0;48;0;10365;97
260;20220118;21;10;48;0;10357;97
260;20220118;22;20;27;0;10346;98
260;20220118;23;10;13;0;10340;99
260;20220118;24;10;1;0;10327;98
260;20220119;1;10;0;0;10317;99
260;20220119;2;20;-15;0;10303;99
260;20220119;3;10;-13;0;10291;98
260;20220119;4;10;-15;0;10281;98
260;20220119;5;10;-3;0;10277;98
260;20220119;6;10;3;0;10269;98
260;20220119;7;30;31;0;10258;98
260;20220119;8;20;35;1;10255;97
260;20220119;9;30;34;3;10249;96
260;20220119;10;40;36;6;10240;96
260;20220119;11;40;40;5;10235;94
260;20220119;12;40;48;27;10222;92
260;20220119;13;40;53;25;10212;89
260;20220119;14;50;55;16;10199;88
260;20220119;15;50;54;7;10197;93
260;20220119;16;50;56;2;10200;98
260;20220119;17;30;67;0;10203;97
260;20220119;18;30;67;0;10210;90
260;20220119;19;30;64;0;10215;85
260;20220119;20;30;58;0;10225;80
260;20220119;21;30;55;0;10231;80
260;20220119;22;20;48;0;10235;85
260;20220119;23;30;51;0;10236;82
260;20220119;24;30;54;0;10239;82
260;20220120;1;30;52;0;10242;82
260;20220120;2;30;53;0;10244;79
260;20220120;3;50;45;0;10244;84
260;20220120;4;40;46;0;10249;87
260;20220120;5;40;43;0;10256;82
260;20220120;6;40;45;0;10263;67
260;20220120;7;40;46;0;10271;62
260;20220120;8;30;38;1;10277;75
260;20220120;9;30;41;13;10282;72
260;20220120;10;40;49;51;10290;60
260;20220120;11;50;50;56;10298;63
260;20220120;12;50;57;77;10290;63
260;20220120;13;50;49;58;10291;79
260;20220120;14;50;30;38;10296;86
260;20220120;15;40;40;19;10298;80
260;20220120;16;40;38;8;10305;77
260;20220120;17;40;21;0;10309;90
260;20220120;18;30;24;0;10316;87
260;20220120;19;30;25;0;10319;85
260;20220120;20;20;21;0;10323;88
260;20220120;21;30;21;0;10328;90
260;20220120;22;20;16;0;10332;91
260;20220120;23;10;-9;0;10334;96
260;20220120;24;20;0;0;10338;93
260;20220121;1;20;2;0;10341;95
260;20220121;2;20;0;0;10339;93
260;20220121;3;20;2;0;10339;94
260;20220121;4;20;-2;0;10341;97
260;20220121;5;20;3;0;10340;95
260;20220121;6;30;22;0;10340;92
260;20220121;7;20;21;0;10344;93
260;20220121;8;20;10;2;10345;95
260;20220121;9;20;32;27;10344;91
260;20220121;10;20;47;35;10349;85
260;20220121;11;20;60;48;10347;85
260;20220121;12;30;69;36;10343;82
260;20220121;13;30;62;22;10339;86
260;20220121;14;30;65;20;10338;81
260;20220121;15;30;59;6;10337;86
260;20220121;16;30;61;4;10334;83
260;20220121;17;30;59;1;10333;84
260;20220121;18;30;59;0;10333;84
260;20220121;19;30;58;0;10333;84
260;20220121;20;30;57;0;10336;85
260;20220121;21;30;57;0;10335;85
260;20220121;22;30;58;0;10330;83
260;20220121;23;30;58;0;10332;84
260;20220121;24;30;57;0;10334;86
260;20220122;1;30;57;0;10331;89
260;20220122;2;20;56;0;10332;93
260;20220122;3;20;56;0;10332;95
260;20220122;4;20;57;0;10333;95
260;20220122;5;20;58;0;10333;96
260;20220122;6;20;60;0;10333;93
260;20220122;7;20;66;0;10338;85
260;20220122;8;20;66;1;10337;86
260;20220122;9;20;67;6;10340;86
260;20220122;10;30;68;10;10347;85
260;20220122;11;20;71;13;10346;85
260;20220122;12;20;73;17;10345;85
260;20220122;13;30;75;21;10345;83
260;20220122;14;30;73;16;10347;84
260;20220122;15;30;69;10;10342;86
260;20220122;16;30;66;5;10346;88
260;20220122;17;20;64;1;10346;89
260;20220122;18;20;63;0;10350;88
260;20220122;19;20;62;0;10348;88
260;20220122;20;20;64;0;10349;84
260;20220122;21;20;60;0;10350;88
260;20220122;22;20;60;0;10350;90
260;20220122;23;20;61;0;10352;88
260;20220122;24;20;60;0;10351;89
260;20220123;1;20;63;0;10352;90
260;20220123;2;20;61;0;10351;93
260;20220123;3;20;61;0;10349;94
260;20220123;4;10;60;0;10352;95
260;20220123;5;10;54;0;10353;97
260;20220123;6;0;50;0;10353;98
260;20220123;7;10;52;0;10355;98
260;20220123;8;10;55;1;10362;98
260;20220123;9;10;59;9;10364;94
260;20220123;10;20;63;18;10366;94
260;20220123;11;20;66;25;10365;91
260;20220123;12;20;70;37;10361;87
260;20220123;13;20;71;35;10358;85
260;20220123;14;20;72;26;10355;82
260;20220123;15;10;71;14;10354;84
260;20220123;16;10;67;4;10354;88
260;20220123;17;20;64;1;10357;85
260;20220123;18;10;59;0;10356;87
260;20220123;19;10;59;0;10355;87
260;20220123;20;20;59;0;10353;88
260;20220123;21;20;57;0;10351;89
260;20220123;22;20;57;0;10351;88
260;20220123;23;20;56;0;10353;84
260;20220123;24;20;55;0;10352;75
260;20220124;1;20;52;0;10348;78
260;20220124;2;20;54;0;10348;77
260;20220124;3;20;51;0;10345;82
260;20220124;4;20;49;0;10343;79
260;20220124;5;20;46;0;10343;78
260;20220124;6;20;47;0;10342;73
260;20220124;7;20;46;0;10345;74
260;20220124;8;20;46;1;10348;74
260;20220124;9;10;47;6;10349;76
260;20220124;10;20;47;14;10350;74
260;20220124;11;20;47;21;10349;75
260;20220124;12;10;49;28;10346;73
260;20220124;13;10;48;27;10342;74
260;20220124;14;10;46;23;10340;74
260;20220124;15;20;44;14;10337;75
260;20220124;16;20;41;6;10340;78
260;20220124;17;10;41;1;10344;76
260;20220124;18;10;42;0;10346;76
260;20220124;19;20;40;0;10346;80
260;20220124;20;10;38;0;10348;82
260;20220124;21;20;40;0;10348;80
260;20220124;22;20;39;0;10349;80
260;20220124;23;20;37;0;10346;82
260;20220124;24;20;38;0;10349;81
260;20220125;1;20;35;0;10348;84
260;20220125;2;20;33;0;10346;85
260;20220125;3;20;34;0;10345;83
260;20220125;4;10;32;0;10343;86
260;20220125;5;10;30;0;10341;87
260;20220125;6;10;30;0;10341;88
260;20220125;7;10;33;0;10342;82
260;20220125;8;20;33;1;10345;79
260;20220125;9;10;33;6;10343;78
260;20220125;10;10;34;11;10348;78
260;20220125;11;20;33;15;10352;78
260;20220125;12;20;32;18;10348;77
260;20220125;13;10;32;18;10342;79
260;20220125;14;20;31;18;10339;77
260;20220125;15;10;31;11;10338;78
260;20220125;16;10;29;4;10339;80
260;20220125;17;10;27;1;10336;82
260;20220125;18;20;26;0;10335;81
260;20220125;19;10;26;0;10336;83
260;20220125;20;10;27;0;10339;81
260;20220125;21;10;26;0;10335;79
260;20220125;22;20;25;0;10336;80
260;20220125;23;20;26;0;10335;78
260;20220125;24;10;26;0;10335;80
260;20220126;1;10;25;0;10332;81
260;20220126;2;10;25;0;10327;84
260;20220126;3;20;29;0;10320;81
260;20220126;4;30;29;0;10316;81
260;20220126;5;30;29;0;10317;82
260;20220126;6;40;29;0;10315;84
260;20220126;7;40;30;0;10318;89
260;20220126;8;30;34;1;10319;84
260;20220126;9;30;35;4;10320;83
260;20220126;10;30;38;8;10319;84
260;20220126;11;30;43;15;10318;83
260;20220126;12;30;50;28;10315;81
260;20220126;13;30;55;26;10310;81
260;20220126;14;30;58;21;10307;80
260;20220126;15;30;59;11;10303;81
260;20220126;16;40;49;5;10299;85
260;20220126;17;40;47;1;10300;87
260;20220126;18;40;45;0;10298;87
260;20220126;19;40;46;0;10295;86
260;20220126;20;50;45;0;10285;86
260;20220126;21;50;49;0;10281;84
260;20220126;22;50;52;0;10276;82
260;20220126;23;50;52;0;10273;80
260;20220126;24;60;51;0;10263;81
260;20220127;1;50;53;0;10258;80
260;20220127;2;60;53;0;10251;81
260;20220127;3;60;53;0;10246;82
260;20220127;4;60;51;0;10235;84
260;20220127;5;60;54;0;10227;86
260;20220127;6;60;59;0;10222;87
260;20220127;7;60;63;0;10222;90
260;20220127;8;50;64;1;10222;96
260;20220127;9;50;71;4;10221;95
260;20220127;10;50;78;9;10222;94
260;20220127;11;50;81;10;10225;93
260;20220127;12;40;86;12;10222;90
260;20220127;13;50;92;28;10220;87
260;20220127;14;60;94;45;10222;84
260;20220127;15;60;91;20;10227;79
260;20220127;16;60;87;10;10234;77
260;20220127;17;50;78;1;10240;80
260;20220127;18;40;75;0;10251;80
260;20220127;19;40;74;0;10258;80
260;20220127;20;40;73;0;10267;80
260;20220127;21;30;65;0;10274;84
260;20220127;22;40;69;0;10281;78
260;20220127;23;40;60;0;10287;76
260;20220127;24;30;58;0;10295;77
260;20220128;1;30;57;0;10301;77
260;20220128;2;40;61;0;10305;76
260;20220128;3;40;62;0;10312;76
260;20220128;4;30;55;0;10315;79
260;20220128;5;30;55;0;10320;79
260;20220128;6;30;49;0;10325;82
260;20220128;7;30;49;0;10334;82
260;20220128;8;20;49;4;10339;83
260;20220128;9;20;47;20;10348;84
260;20220128;10;20;70;52;10351;79
260;20220128;11;30;80;95;10350;72
260;20220128;12;30;84;100;10344;67
260;20220128;13;30;85;101;10335;68
260;20220128;14;40;82;62;10333;72
260;20220128;15;40;86;54;10329;71
260;20220128;16;40;78;17;10325;72
260;20220128;17;40;70;2;10324;85
260;20220128;18;40;68;0;10316;85
260;20220128;19;50;66;0;10311;88
260;20220128;20;50;66;0;10307;88
260;20220128;21;40;65;0;10302;89
260;20220128;22;50;70;0;10293;87
260;20220128;23;60;69;0;10288;88
260;20220128;24;50;67;0;10281;91
260;20220129;1;50;65;0;10270;95
260;20220129;2;50;67;0;10265;97
260;20220129;3;40;74;0;10254;98
260;20220129;4;50;79;0;10250;96
260;20220129;5;40;81;0;10244;95
260;20220129;6;50;85;0;10241;92
260;20220129;7;50;82;0;10236;96
260;20220129;8;50;85;3;10231;96
260;20220129;9;50;91;10;10226;93
260;20220129;10;50;96;16;10221;90
260;20220129;11;60;109;51;10216;81
260;20220129;12;80;111;45;10210;80
260;20220129;13;80;114;72;10201;79
260;20220129;14;80;111;22;10202;79
260;20220129;15;70;108;18;10197;80
260;20220129;16;70;112;14;10205;78
260;20220129;17;70;113;2;10217;73
260;20220129;18;70;101;0;10228;66
260;20220129;19;60;95;0;10236;66
260;20220129;20;60;90;0;10245;69
260;20220129;21;60;89;0;10251;70
260;20220129;22;60;81;0;10256;71
260;20220129;23;50;74;0;10261;72
260;20220129;24;50;72;0;10265;68
260;20220130;1;50;69;0;10267;70
260;20220130;2;50;67;0;10270;72
260;20220130;3;40;64;0;10271;69
260;20220130;4;40;61;0;10276;68
260;20220130;5;40;59;0;10282;69
260;20220130;6;40;60;0;10287;71
260;20220130;7;40;54;0;10290;71
260;20220130;8;30;54;4;10297;71
260;20220130;9;30;64;30;10300;69
260;20220130;10;30;74;68;10306;63
260;20220130;11;40;76;90;10306;62
260;20220130;12;40;73;81;10306;58
260;20220130;13;40;76;83;10300;56
260;20220130;14;30;74;58;10292;59
260;20220130;15;30;69;44;10285;58
260;20220130;16;20;65;20;10274;60
260;20220130;17;20;52;2;10263;66
260;20220130;18;20;50;0;10255;68
260;20220130;19;30;51;0;10246;74
260;20220130;20;30;48;0;10227;82
260;20220130;21;30;46;0;10209;81
260;20220130;22;40;45;0;10198;82
260;20220130;23;50;45;0;10165;81
260;20220130;24;50;48;0;10139;82
260;20220131;1;60;46;0;10116;92
260;20220131;2;70;49;0;10093;94
260;20220131;3;60;68;0;10083;86
260;20220131;4;70;69;0;10077;77
260;20220131;5;70;69;0;10070;73
260;20220131;6;80;60;0;10067;83
260;20220131;7;80;57;0;10067;84
260;20220131;8;90;60;2;10066;83
260;20220131;9;90;61;6;10073;80
260;20220131;10;90;62;13;10083;77
260;20220131;11;90;56;14;10095;84
260;20220131;12;80;57;15;10101;86
260;20220131;13;90;60;15;10111;83
260;20220131;14;90;60;13;10120;84
260;20220131;15;80;62;8;10130;80
260;20220131;16;80;63;4;10147;78
260;20220131;17;80;65;1;10163;73
260;20220131;18;70;64;0;10176;70
260;20220131;19;70;62;0;10189;65
260;20220131;20;60;55;0;10203;66
260;20220131;21;50;43;0;10208;78
260;20220131;22;40;41;0;10212;78
260;20220131;23;30;38;0;10212;78
260;20220131;24;30;37;0;10209;82
260;20220201;1;30;39;0;10203;80
260;20220201;2;30;43;0;10208;77
260;20220201;3;30;42;0;10203;82
260;20220201;4;30;45;0;10190;79
260;20220201;5;40;48;0;10186;80
260;20220201;6;40;49;0;10172;87
260;20220201;7;50;49;0;10166;95
260;20220201;8;40;54;2;10158;97
260;20220201;9;50;62;10;10144;97
260;20220201;10;50;69;13;10136;97
260;20220201;11;60;77;16;10133;96
260;20220201;12;70;84;21;10124;92
260;20220201;13;70;94;16;10116;86
260;20220201;14;70;95;13;10116;83
260;20220201;15;60;94;13;10116;82
260;20220201;16;60;97;9;10120;78
260;20220201;17;60;98;1;10128;76
260;20220201;18;60;96;0;10132;77
260;20220201;19;60;97;0;10136;77
260;20220201;20;60;96;0;10141;76
260;20220201;21;60;94;0;10139;76
260;20220201;22;60;91;0;10145;76
260;20220201;23;60;86;0;10149;78
260;20220201;24;50;84;0;10149;79
260;20220202;1;60;82;0;10153;78
260;20220202;2;50;80;0;10160;79
260;20220202;3;50;83;0;10158;78
260;20220202;4;50;83;0;10160;79
260;20220202;5;50;82;0;10165;78
260;20220202;6;50;80;0;10170;78
260;20220202;7;30;76;0;10178;81
260;20220202;8;30;73;4;10185;87
260;20220202;9;30;77;27;10189;86
260;20220202;10;40;88;68;10198;83
260;20220202;11;40;98;85;10203;79
260;20220202;12;40;99;100;10204;75
260;20220202;13;30;102;107;10203;68
260;20220202;14;30;102;77;10203;70
260;20220202;15;30;101;71;10206;72
260;20220202;16;30;88;17;10208;82
260;20220202;17;20;87;2;10207;86
260;20220202;18;30;87;0;10210;87
260;20220202;19;30;84;0;10209;94
260;20220202;20;30;85;0;10206;94
260;20220202;21;30;86;0;10206;97
260;20220202;22;30;86;0;10206;97
260;20220202;23;40;84;0;10204;98
260;20220202;24;30;84;0;10202;95
260;20220203;1;40;85;0;10198;93
260;20220203;2;50;85;0;10192;92
260;20220203;3;50;84;0;10186;91
260;20220203;4;40;82;0;10178;90
260;20220203;5;50;82;0;10173;87
260;20220203;6;40;81;0;10167;85
260;20220203;7;50;79;0;10158;85
260;20220203;8;50;78;1;10158;85
260;20220203;9;50;72;7;10151;92
260;20220203;10;50;72;11;10151;93
260;20220203;11;60;72;22;10147;93
260;20220203;12;60;74;19;10139;90
260;20220203;13;50;72;26;10133;92
260;20220203;14;50;71;19;10128;93
260;20220203;15;50;70;12;10123;94
260;20220203;16;40;73;7;10120;92
260;20220203;17;40;72;1;10120;93
260;20220203;18;40;73;0;10119;92
260;20220203;19;40;74;0;10120;90
260;20220203;20;40;73;0;10119;91
260;20220203;21;40;75;0;10116;89
260;20220203;22;40;76;0;10115;88
260;20220203;23;40;76;0;10113;87
260;20220203;24;40;78;0;10113;88
260;20220204;1;40;79;0;10108;86
260;20220204;2;50;78;0;10106;86
260;20220204;3;50;78;0;10099;86
260;20220204;4;60;78;0;10094;84
260;20220204;5;60;80;0;10093;82
260;20220204;6;60;80;0;10085;83
260;20220204;7;50;80;0;10084;84
260;20220204;8;60;80;3;10079;86
260;20220204;9;70;85;9;10074;83
260;20220204;10;80;87;29;10065;84
260;20220204;11;90;90;53;10058;80
260;20220204;12;80;89;33;10046;79
260;20220204;13;80;84;14;10037;82
260;20220204;14;70;53;10;10042;92
260;20220204;15;50;38;12;10056;92
260;20220204;16;50;40;7;10077;91
260;20220204;17;40;39;3;10093;87
260;20220204;18;40;42;0;10103;88
260;20220204;19;40;51;0;10111;82
260;20220204;20;40;56;0;10118;78
260;20220204;21;50;58;0;10125;73
260;20220204;22;40;55;0;10133;73
260;20220204;23;50;58;0;10140;68
260;20220204;24;50;58;0;10147;68
260;20220205;1;40;55;0;10151;71
260;20220205;2;40;50;0;10159;74
260;20220205;3;40;49;0;10166;75
260;20220205;4;40;49;0;10171;77
260;20220205;5;40;48;0;10175;78
260;20220205;6;40;43;0;10180;80
260;20220205;7;30;36;0;10186;82
260;20220205;8;30;40;5;10189;82
260;20220205;9;40;51;29;10193;81
260;20220205;10;50;64;64;10192;77
260;20220205;11;50;69;58;10192;70
260;20220205;12;60;75;84;10187;71
260;20220205;13;70;77;120;10180;68
260;20220205;14;70;74;63;10175;71
260;20220205;15;70;76;57;10170;72
260;20220205;16;70;78;20;10162;70
260;20220205;17;70;79;2;10154;71
260;20220205;18;70;79;0;10149;73
260;20220205;19;70;68;0;10141;89
260;20220205;20;80;73;0;10133;88
260;20220205;21;80;74;0;10125;90
260;20220205;22;80;74;0;10118;93
260;20220205;23;80;76;0;10107;93
260;20220205;24;80;79;0;10098;92
260;20220206;1;70;79;0;10088;94
260;20220206;2;80;85;0;10079;92
260;20220206;3;90;85;0;10069;92
260;20220206;4;80;87;0;10062;91
260;20220206;5;80;91;0;10053;86
260;20220206;6;80;92;0;10045;85
260;20220206;7;80;89;0;10034;89
260;20220206;8;80;90;1;10020;90
260;20220206;9;90;88;4;10002;93
260;20220206;10;90;90;5;9986;93
260;20220206;11;80;92;5;9973;93
260;20220206;12;60;59;14;9989;91
260;20220206;13;40;76;35;9991;83
260;20220206;14;60;84;36;9994;79
260;20220206;15;70;87;48;9997;74
260;20220206;16;70;85;15;9992;72
260;20220206;17;70;58;1;10001;79
260;20220206;18;70;42;0;10005;89
260;20220206;19;40;51;0;10010;85
260;20220206;20;40;53;0;10013;84
260;20220206;21;60;56;0;10023;75
260;20220206;22;70;57;0;10039;70
260;20220206;23;60;50;0;10056;74
260;20220206;24;60;54;0;10073;67
260;20220207;1;70;37;0;10093;76
260;20220207;2;50;44;0;10116;76
260;20220207;3;50;57;0;10132;68
260;20220207;4;50;59;0;10148;66
260;20220207;5;50;57;0;10167;72
260;20220207;6;50;56;0;10182;75
260;20220207;7;40;56;0;10193;76
260;20220207;8;30;60;8;10213;77
260;20220207;9;40;68;49;10222;75
260;20220207;10;50;75;86;10236;71
260;20220207;11;50;72;87;10244;73
260;20220207;12;60;71;104;10246;71
260;20220207;13;60;76;134;10251;65
260;20220207;14;60;75;96;10256;65
260;20220207;15;50;76;79;10260;61
260;20220207;16;50;73;51;10262;62
260;20220207;17;50;61;8;10262;65
260;20220207;18;40;55;0;10263;76
260;20220207;19;40;59;0;10261;76
260;20220207;20;50;57;0;10258;76
260;20220207;21;40;59;0;10256;75
260;20220207;22;50;67;0;10255;78
260;20220207;23;50;71;0;10253;84
260;20220207;24;40;72;0;10248;94
260;20220208;1;60;80;0;10246;93
260;20220208;2;60;84;0;10248;94
260;20220208;3;50;87;0;10246;93
260;20220208;4;50;89;0;10247;92
260;20220208;5;50;90;0;10249;90
260;20220208;6;40;90;0;10247;87
260;20220208;7;40;98;0;10249;79
260;20220208;8;50;100;4;10253;78
260;20220208;9;50;103;20;10256;76
260;20220208;10;50;107;46;10256;76
260;20220208;11;60;116;62;10255;71
260;20220208;12;70;124;99;10253;67
260;20220208;13;70;116;64;10254;69
260;20220208;14;70;115;45;10255;70
260;20220208;15;60;116;45;10257;71
260;20220208;16;60;109;22;10258;72
260;20220208;17;50;103;6;10261;76
260;20220208;18;60;100;0;10261;77
260;20220208;19;50;93;0;10262;81
260;20220208;20;50;95;0;10261;80
260;20220208;21;50;97;0;10264;79
260;20220208;22;50;96;0;10260;80
260;20220208;23;50;94;0;10259;83
260;20220208;24;50;94;0;10257;83
260;20220209;1;50;94;0;10255;83
260;20220209;2;50;93;0;10252;84
260;20220209;3;50;92;0;10248;85
260;20220209;4;50;92;0;10244;86
260;20220209;5;60;90;0;10242;88
260;20220209;6;50;88;0;10241;89
260;20220209;7;50;85;0;10240;92
260;20220209;8;60;85;3;10240;92
260;20220209;9;60;88;9;10241;89
260;20220209;10;60;92;26;10241;88
260;20220209;11;60;96;50;10243;84
260;20220209;12;60;100;68;10243;83
260;20220209;13;60;95;51;10239;84
260;20220209;14;50;96;25;10237;85
260;20220209;15;40;89;13;10238;95
260;20220209;16;40;87;8;10239;96
260;20220209;17;40;86;2;10237;98
260;20220209;18;30;84;0;10236;97
260;20220209;19;30;83;0;10232;98
260;20220209;20;30;83;0;10229;98
260;20220209;21;40;85;0;10224;95
260;20220209;22;40;84;0;10220;97
260;20220209;23;30;85;0;10215;94
260;20220209;24;30;85;0;10210;93
260;20220210;1;30;84;0;10203;92
260;20220210;2;30;82;0;10196;91
260;20220210;3;30;78;0;10190;91
260;20220210;4;30;76;0;10184;94
260;20220210;5;30;75;0;10184;96
260;20220210;6;30;74;0;10182;98
260;20220210;7;30;66;0;10190;97
260;20220210;8;20;65;6;10191;97
260;20220210;9;10;68;18;10199;96
260;20220210;10;20;76;59;10202;80
260;20220210;11;30;83;88;10205;73
260;20220210;12;30;84;74;10204;71
260;20220210;13;40;81;71;10205;69
260;20220210;14;40;79;44;10203;64
260;20220210;15;40;74;45;10205;67
260;20220210;16;40;68;19;10205;68
260;20220210;17;30;64;3;10205;70
260;20220210;18;30;61;0;10208;73
260;20220210;19;30;58;0;10211;73
260;20220210;20;20;53;0;10212;75
260;20220210;21;30;52;0;10211;78
260;20220210;22;30;49;0;10210;78
260;20220210;23;30;46;0;10210;74
260;20220210;24;30;44;0;10211;75
260;20220211;1;40;57;0;10207;73
260;20220211;2;50;47;0;10209;86
260;20220211;3;50;57;0;10210;80
260;20220211;4;50;55;0;10217;78
260;20220211;5;60;57;0;10230;75
260;20220211;6;60;40;0;10244;86
260;20220211;7;40;43;0;10257;79
260;20220211;8;60;41;8;10271;78
260;20220211;9;40;53;40;10287;74
260;20220211;10;40;67;79;10298;54
260;20220211;11;60;71;112;10309;51
260;20220211;12;50;71;114;10315;53
260;20220211;13;50;65;89;10318;54
260;20220211;14;40;72;114;10321;47
260;20220211;15;30;68;42;10326;53
260;20220211;16;30;61;32;10329;59
260;20220211;17;20;44;5;10334;64
260;20220211;18;20;22;0;10339;78
260;20220211;19;20;0;0;10340;92
260;20220211;20;10;-9;0;10342;94
260;20220211;21;10;-12;0;10341;93
260;20220211;22;10;-19;0;10341;96
260;20220211;23;10;-18;0;10338;98
260;20220211;24;10;-22;0;10335;98
260;20220212;1;20;-31;0;10329;96
260;20220212;2;30;-21;0;10327;97
260;20220212;3;30;-12;0;10318;94
260;20220212;4;30;-14;0;10313;92
260;20220212;5;30;-4;0;10307;86
260;20220212;6;30;0;0;10300;84
260;20220212;7;30;-8;0;10295;86
260;20220212;8;30;-3;10;10293;85
260;20220212;9;40;16;53;10288;79
260;20220212;10;50;33;99;10281;73
260;20220212;11;50;53;131;10275;67
260;20220212;12;50;65;150;10265;58
260;20220212;13;60;71;138;10253;53
260;20220212;14;70;73;122;10242;49
260;20220212;15;50;72;83;10231;50
260;20220212;16;50;63;42;10223;53
260;20220212;17;40;47;7;10219;63
260;20220212;18;30;40;0;10215;65
260;20220212;19;30;39;0;10208;65
260;20220212;20;40;37;0;10199;64
260;20220212;21;50;34;0;10193;64
260;20220212;22;40;31;0;10192;66
260;20220212;23;50;29;0;10187;67
260;20220212;24;40;23;0;10182;70
260;20220213;1;40;18;0;10171;73
260;20220213;2;50;21;0;10164;73
260;20220213;3;50;18;0;10154;74
260;20220213;4;50;13;0;10146;76
260;20220213;5;50;12;0;10144;76
260;20220213;6;50;13;0;10136;76
260;20220213;7;50;13;1;10132;78
260;20220213;8;50;24;9;10128;73
260;20220213;9;60;32;27;10123;72
260;20220213;10;60;47;68;10113;67
260;20220213;11;60;59;112;10110;64
260;20220213;12;70;74;127;10098;61
260;20220213;13;60;80;103;10084;65
260;20220213;14;60;85;68;10067;63
260;20220213;15;60;89;55;10053;63
260;20220213;16;60;92;23;10041;65
260;20220213;17;60;91;5;10030;63
260;20220213;18;60;90;0;10024;64
260;20220213;19;60;93;0;10016;63
260;20220213;20;70;99;0;10010;62
260;20220213;21;60;96;0;10005;63
260;20220213;22;70;98;0;9997;64
260;20220213;23;60;99;0;9992;65
260;20220213;24;70;103;0;9986;64
260;20220214;1;70;104;0;9979;66
260;20220214;2;60;99;0;9967;68
260;20220214;3;70;103;0;9959;67
260;20220214;4;70;103;0;9952;68
260;20220214;5;70;107;0;9950;67
260;20220214;6;70;113;0;9950;69
260;20220214;7;70;107;1;9959;74
260;20220214;8;60;84;3;9971;91
260;20220214;9;60;91;31;9979;84
260;20220214;10;60;92;33;9988;83
260;20220214;11;70;98;50;9993;74
260;20220214;12;70;99;92;9998;67
260;20220214;13;70;108;79;9999;62
260;20220214;14;80;99;93;10003;63
260;20220214;15;70;99;70;10005;65
260;20220214;16;70;90;41;10010;68
260;20220214;17;60;80;10;10017;71
260;20220214;18;60;78;0;10024;76
260;20220214;19;60;76;0;10028;77
260;20220214;20;60;76;0;10033;80
260;20220214;21;60;76;0;10036;80
260;20220214;22;50;62;0;10045;90
260;20220214;23;40;60;0;10052;91
260;20220214;24;30;60;0;10060;91
260;20220215;1;30;56;0;10062;91
260;20220215;2;30;56;0;10067;90
260;20220215;3;30;61;0;10070;90
260;20220215;4;40;60;0;10076;91
260;20220215;5;30;61;0;10083;91
260;20220215;6;30;65;0;10087;90
260;20220215;7;30;63;1;10092;90
260;20220215;8;30;65;16;10099;84
260;20220215;9;40;69;32;10101;82
260;20220215;10;40;77;46;10104;79
260;20220215;11;60;83;111;10100;69
260;20220215;12;70;87;129;10097;65
260;20220215;13;70;89;113;10088;67
260;20220215;14;70;90;45;10078;69
260;20220215;15;80;89;22;10066;72
260;20220215;16;70;81;7;10053;82
260;20220215;17;80;79;1;10051;88
260;20220215;18;90;79;0;10042;88
260;20220215;19;70;78;0;10042;91
260;20220215;20;70;78;0;10038;94
260;20220215;21;70;82;0;10036;94
260;20220215;22;60;83;0;10035;94
260;20220215;23;50;84;0;10032;94
260;20220215;24;40;83;0;10023;94
260;20220216;1;50;84;0;10014;95
260;20220216;2;40;84;0;10002;94
260;20220216;3;50;87;0;9992;95
260;20220216;4;60;91;0;9979;92
260;20220216;5;70;88;0;9964;95
260;20220216;6;70;92;0;9949;96
260;20220216;7;80;98;1;9946;95
260;20220216;8;80;101;3;9948;96
260;20220216;9;70;109;8;9951;96
260;20220216;10;60;118;39;9951;90
260;20220216;11;70;119;41;9946;89
260;20220216;12;70;118;20;9952;88
260;20220216;13;70;120;30;9952;84
260;20220216;14;70;118;27;9951;84
260;20220216;15;80;115;13;9939;84
260;20220216;16;90;123;6;9929;82
260;20220216;17;90;128;2;9919;86
260;20220216;18;100;126;0;9911;89
260;20220216;19;100;131;0;9906;85
260;20220216;20;110;122;0;9904;92
260;20220216;21;100;120;0;9894;93
260;20220216;22;110;126;0;9903;82
260;20220216;23;110;124;0;9910;76
260;20220216;24;100;122;0;9911;80
260;20220217;1;100;110;0;9915;75
260;20220217;2;100;110;0;9932;71
260;20220217;3;90;106;0;9948;67
260;20220217;4;110;100;0;9959;63
260;20220217;5;90;99;0;9973;64
260;20220217;6;80;91;0;9988;69
260;20220217;7;80;90;1;10002;60
260;20220217;8;80;88;11;10019;62
260;20220217;9;80;88;37;10030;59
260;20220217;10;80;99;103;10041;59
260;20220217;11;90;101;135;10053;55
260;20220217;12;100;98;141;10060;57
260;20220217;13;90;99;117;10061;57
260;20220217;14;90;95;64;10073;60
260;20220217;15;90;88;63;10085;61
260;20220217;16;60;84;32;10088;61
260;20220217;17;60;81;8;10095;60
260;20220217;18;40;72;0;10096;65
260;20220217;19;40;72;0;10096;66
260;20220217;20;50;74;0;10093;81
260;20220217;21;50;78;0;10098;74
260;20220217;22;40;77;0;10099;81
260;20220217;23;40;81;0;10101;71
260;20220217;24;30;73;0;10101;76
260;20220218;1;30;73;0;10095;82
260;20220218;2;40;75;0;10088;81
260;20220218;3;30;72;0;10072;83
260;20220218;4;40;75;0;10059;87
260;20220218;5;30;71;0;10040;89
260;20220218;6;40;75;0;10018;88
260;20220218;7;60;72;1;9995;93
260;20220218;8;70;77;4;9978;95
260;20220218;9;60;90;6;9964;95
260;20220218;10;60;101;8;9946;94
260;20220218;11;70;115;19;9929;87
260;20220218;12;90;122;28;9909;81
260;20220218;13;100;99;19;9904;80
260;20220218;14;110;106;39;9885;68
260;20220218;15;130;110;63;9876;56
260;20220218;16;150;97;35;9880;60
260;20220218;17;150;90;5;9896;59
260;20220218;18;140;62;0;9927;77
260;20220218;19;120;80;0;9949;59
260;20220218;20;120;76;0;9965;48
260;20220218;21;120;79;0;9974;51
260;20220218;22;120;70;0;9989;56
260;20220218;23;110;64;0;10003;62
260;20220218;24;90;61;0;10019;64
260;20220219;1;90;60;0;10033;63
260;20220219;2;90;58;0;10049;63
260;20220219;3;80;57;0;10060;64
260;20220219;4;70;56;0;10073;63
260;20220219;5;80;57;0;10085;60
260;20220219;6;70;55;0;10093;63
260;20220219;7;60;56;1;10104;63
260;20220219;8;60;57;11;10112;62
260;20220219;9;60;62;39;10120;63
260;20220219;10;70;64;68;10124;61
260;20220219;11;70;72;93;10126;59
260;20220219;12;70;71;90;10125;61
260;20220219;13;60;77;92;10121;58
260;20220219;14;80;79;55;10110;59
260;20220219;15;70;76;20;10106;64
260;20220219;16;70;70;14;10094;72
260;20220219;17;60;57;2;10076;83
260;20220219;18;60;46;0;10066;87
260;20220219;19;70;45;0;10053;90
260;20220219;20;90;56;0;10035;88
260;20220219;21;70;63;0;10030;89
260;20220219;22;70;69;0;10047;81
260;20220219;23;70;59;0;10060;81
260;20220219;24;60;49;0;10086;84
260;20220220;1;50;48;0;10101;83
260;20220220;2;40;50;0;10106;82
260;20220220;3;30;50;0;10104;80
260;20220220;4;40;47;0;10097;83
260;20220220;5;50;43;0;10085;89
260;20220220;6;50;47;0;10066;94
260;20220220;7;60;66;1;10058;95
260;20220220;8;70;88;3;10050;95
260;20220220;9;80;99;10;10048;88
260;20220220;10;90;105;27;10045;82
260;20220220;11;90;96;21;10047;91
260;20220220;12;90;98;17;10036;90
260;20220220;13;90;98;10;10027;91
260;20220220;14;90;98;8;10015;93
260;20220220;15;90;103;6;10002;91
260;20220220;16;100;104;4;9987;91
260;20220220;17;100;104;2;9971;91
260;20220220;18;100;105;0;9958;91
260;20220220;19;110;104;0;9937;90
260;20220220;20;120;104;0;9913;91
260;20220220;21;120;103;0;9888;92
260;20220220;22;90;65;0;9923;89
260;20220220;23;80;72;0;9933;82
260;20220220;24;80;73;0;9949;67
260;20220221;1;80;60;0;9962;73
260;20220221;2;90;60;0;9971;67
260;20220221;3;80;58;0;9974;64
260;20220221;4;80;56;0;9976;63
260;20220221;5;80;55;0;9975;63
260;20220221;6;80;53;0;9972;64
260;20220221;7;80;53;1;9969;66
260;20220221;8;80;59;18;9961;67
260;20220221;9;90;44;6;9955;86
260;20220221;10;90;46;10;9948;90
260;20220221;11;90;60;12;9942;86
260;20220221;12;90;72;18;9944;88
260;20220221;13;100;76;55;9960;84
260;20220221;14;100;77;51;9995;74
260;20220221;15;90;75;41;10026;72
260;20220221;16;70;77;23;10047;75
260;20220221;17;60;77;7;10065;76
260;20220221;18;60;80;0;10082;74
260;20220221;19;70;78;0;10102;72
260;20220221;20;60;75;0;10119;73
260;20220221;21;60;73;0;10136;73
260;20220221;22;40;71;0;10146;76
260;20220221;23;40;66;0;10159;77
260;20220221;24;40;61;0;10167;79
260;20220222;1;40;57;0;10175;82
260;20220222;2;30;50;0;10178;85
260;20220222;3;30;49;0;10180;85
260;20220222;4;30;50;0;10179;86
260;20220222;5;30;42;0;10181;89
260;20220222;6;30;41;0;10180;90
260;20220222;7;30;48;2;10178;89
260;20220222;8;40;57;17;10170;88
260;20220222;9;40;66;37;10162;88
260;20220222;10;60;68;43;10162;85
260;20220222;11;50;72;36;10153;87
260;20220222;12;60;83;24;10145;91
260;20220222;13;70;92;31;10132;90
260;20220222;14;70;100;37;10125;87
260;20220222;15;70;101;17;10120;89
260;20220222;16;70;97;8;10117;94
260;20220222;17;70;100;3;10127;92
260;20220222;18;70;82;1;10148;71
260;20220222;19;40;74;0;10160;81
260;20220222;20;30;76;0;10172;82
260;20220222;21;40;76;0;10182;76
260;20220222;22;50;76;0;10192;76
260;20220222;23;50;72;0;10203;74
260;20220222;24;30;67;0;10212;77
260;20220223;1;40;63;0;10220;77
260;20220223;2;40;62;0;10225;78
260;20220223;3;40;61;0;10229;78
260;20220223;4;40;57;0;10234;80
260;20220223;5;30;45;0;10239;86
260;20220223;6;30;48;0;10243;85
260;20220223;7;30;47;2;10246;85
260;20220223;8;20;57;31;10246;85
260;20220223;9;30;80;81;10249;77
260;20220223;10;50;82;124;10249;78
260;20220223;11;50;98;155;10249;69
260;20220223;12;60;101;156;10243;61
260;20220223;13;70;108;168;10232;57
260;20220223;14;70;113;146;10220;57
260;20220223;15;70;104;89;10215;55
260;20220223;16;60;103;45;10206;57
260;20220223;17;50;97;10;10200;60
260;20220223;18;40;93;0;10196;61
260;20220223;19;50;93;0;10191;62
260;20220223;20;60;91;0;10187;63
260;20220223;21;40;82;0;10179;75
260;20220223;22;50;76;0;10172;74
260;20220223;23;50;75;0;10168;74
260;20220223;24;50;75;0;10157;70
260;20220224;1;60;77;0;10149;66
260;20220224;2;60;77;0;10139;68
260;20220224;3;50;77;0;10131;70
260;20220224;4;50;77;0;10122;69
260;20220224;5;60;76;0;10117;70
260;20220224;6;50;75;0;10108;72
260;20220224;7;60;74;1;10101;73
260;20220224;8;60;76;7;10093;73
260;20220224;9;50;78;29;10085;73
260;20220224;10;70;91;73;10069;70
260;20220224;11;80;97;132;10058;67
260;20220224;12;90;99;73;10043;66
260;20220224;13;80;87;23;10037;77
260;20220224;14;90;43;24;10062;87
260;20220224;15;50;45;22;10066;89
260;20220224;16;60;48;31;10076;84
260;20220224;17;60;46;10;10088;75
260;20220224;18;50;38;0;10101;76
260;20220224;19;40;30;0;10116;80
260;20220224;20;30;28;0;10121;80
260;20220224;21;40;37;0;10129;73
260;20220224;22;40;43;0;10138;70
260;20220224;23;40;41;0;10144;70
260;20220224;24;40;38;0;10150;70
260;20220225;1;40;35;0;10155;73
260;20220225;2;50;41;0;10155;72
260;20220225;3;40;36;0;10153;76
260;20220225;4;50;31;0;10155;82
260;20220225;5;60;36;0;10154;81
260;20220225;6;50;35;0;10158;91
260;20220225;7;40;48;2;10168;83
260;20220225;8;50;56;15;10178;78
260;20220225;9;50;64;60;10187;74
260;20220225;10;50;68;52;10195;75
260;20220225;11;60;64;54;10205;77
260;20220225;12;50;55;38;10217;81
260;20220225;13;50;79;129;10225;66
260;20220225;14;50;55;97;10236;77
260;20220225;15;50;76;90;10244;69
260;20220225;16;40;73;57;10253;68
260;20220225;17;40;65;15;10266;73
260;20220225;18;30;60;1;10278;77
260;20220225;19;30;54;0;10290;80
260;20220225;20;20;48;0;10299;83
260;20220225;21;10;25;0;10305;89
260;20220225;22;20;19;0;10311;93
260;20220225;23;20;11;0;10318;95
260;20220225;24;20;-7;0;10320;98
260;20220226;1;10;-11;0;10326;98
260;20220226;2;10;-18;0;10326;98
260;20220226;3;10;-19;0;10328;97
260;20220226;4;10;-26;0;10337;98
260;20220226;5;10;-24;0;10340;98
260;20220226;6;10;-25;0;10345;99
260;20220226;7;10;-24;3;10350;98
260;20220226;8;10;-9;34;10354;98
260;20220226;9;20;13;86;10355;99
260;20220226;10;20;49;129;10354;92
260;20220226;11;30;71;162;10354;79
260;20220226;12;30;73;155;10352;71
260;20220226;13;30;80;152;10346;66
260;20220226;14;40;83;136;10341;62
260;20220226;15;40;81;119;10336;64
260;20220226;16;40;67;61;10335;71
260;20220226;17;30;54;22;10335;74
260;20220226;18;30;38;1;10336;78
260;20220226;19;30;25;0;10339;86
260;20220226;20;20;14;0;10335;92
260;20220226;21;20;2;0;10334;93
260;20220226;22;30;3;0;10332;91
260;20220226;23;30;13;0;10331;86
260;20220226;24;30;7;0;10329;86
260;20220227;1;30;2;0;10328;87
260;20220227;2;30;2;0;10326;86
260;20220227;3;30;-4;0;10324;88
260;20220227;4;20;-13;0;10321;95
260;20220227;5;30;-8;0;10321;91
260;20220227;6;20;-20;0;10319;96
260;20220227;7;30;-5;4;10321;87
260;20220227;8;40;32;41;10322;74
260;20220227;9;60;54;92;10323;62
260;20220227;10;70;62;139;10320;60
260;20220227;11;70;72;168;10316;53
260;20220227;12;80;79;178;10310;54
260;20220227;13;80;86;168;10303;51
260;20220227;14;70;86;140;10298;49
260;20220227;15;70;90;113;10297;47
260;20220227;16;70;87;77;10295;46
260;20220227;17;60;75;29;10294;53
260;20220227;18;50;63;1;10301;57
260;20220227;19;30;47;0;10303;63
260;20220227;20;40;55;0;10298;59
260;20220227;21;50;53;0;10299;60
260;20220227;22;50;45;0;10302;63
260;20220227;23;40;40;0;10302;65
260;20220227;24;40;34;0;10305;66
260;20220228;1;40;27;0;10303;69
260;20220228;2;40;23;0;10305;70
260;20220228;3;30;12;0;10304;73
260;20220228;4;30;10;0;10303;74
260;20220228;5;40;8;0;10301;74
260;20220228;6;40;8;0;10303;74
260;20220228;7;40;5;5;10306;76
260;20220228;8;30;21;44;10311;71
260;20220228;9;40;40;96;10309;64
260;20220228;10;40;63;143;10304;56
260;20220228;11;50;75;172;10305;53
260;20220228;12;40;80;182;10303;50
260;20220228;13;40;91;173;10296;45
260;20220228;14;50;91;144;10290;46
260;20220228;15;60;91;99;10284;46
260;20220228;16;50;91;72;10282;49
260;20220228;17;50;79;29;10280;52
260;20220228;18;30;61;1;10281;58
260;20220228;19;30;56;0;10281;59
260;20220228;20;20;40;0;10285;65
260;20220228;21;20;13;0;10281;78
260;20220228;22;30;37;0;10280;63
260;20220228;23;30;31;0;10280;67
260;20220228;24;30;22;0;10279;71
260;20220301;1;30;24;0;10281;71
260;20220301;2;30;23;0;10279;72
260;20220301;3;30;24;0;10275;72
260;20220301;4;20;23;0;10276;72
260;20220301;5;30;24;0;10271;73
260;20220301;6;20;26;0;10272;71
260;20220301;7;20;29;4;10277;70
260;20220301;8;20;39;19;10279;67
260;20220301;9;30;49;42;10285;62
260;20220301;10;30;53;46;10286;64
260;20220301;11;20;55;32;10287;64
260;20220301;12;20;62;64;10282;71
260;20220301;13;20;76;91;10279;63
260;20220301;14;20;79;35;10276;60
260;20220301;15;20;82;42;10274;62
260;20220301;16;20;83;24;10272;61
260;20220301;17;10;79;10;10273;65
260;20220301;18;10;71;0;10273;76
260;20220301;19;20;67;0;10274;73
260;20220301;20;20;65;0;10275;75
260;20220301;21;20;64;0;10276;75
260;20220301;22;10;60;0;10275;78
260;20220301;23;20;48;0;10273;81
260;20220301;24;20;50;0;10271;80
260;20220302;1;20;44;0;10269;81
260;20220302;2;20;40;0;10264;85
260;20220302;3;10;38;0;10260;86
260;20220302;4;20;31;0;10255;88
260;20220302;5;20;21;0;10252;92
260;20220302;6;20;18;0;10251;93
260;20220302;7;20;21;6;10253;90
260;20220302;8;20;47;42;10254;76
260;20220302;9;20;67;82;10252;65
260;20220302;10;30;87;130;10248;54
260;20220302;11;40;93;161;10246;46
260;20220302;12;40;107;175;10239;46
260;20220302;13;40;111;171;10231;33
260;20220302;14;40;112;122;10228;35
260;20220302;15;40;108;94;10221;37
260;20220302;16;50;105;85;10216;37
260;20220302;17;40;87;28;10216;42
260;20220302;18;30;68;1;10217;48
260;20220302;19;20;28;0;10216;75
260;20220302;20;30;17;0;10216;77
260;20220302;21;30;25;0;10215;67
260;20220302;22;30;28;0;10212;65
260;20220302;23;30;22;0;10210;66
260;20220302;24;30;22;0;10208;65
260;20220303;1;30;16;0;10205;68
260;20220303;2;20;9;0;10199;69
260;20220303;3;20;1;0;10197;75
260;20220303;4;20;-15;0;10193;82
260;20220303;5;20;-23;0;10191;86
260;20220303;6;20;-21;0;10190;85
260;20220303;7;20;-9;6;10193;79
260;20220303;8;20;26;48;10194;69
260;20220303;9;30;64;100;10196;51
260;20220303;10;40;80;145;10194;43
260;20220303;11;50;97;177;10191;39
260;20220303;12;60;108;192;10187;33
260;20220303;13;60;115;190;10184;32
260;20220303;14;50;115;168;10182;35
260;20220303;15;50;116;132;10179;36
260;20220303;16;50;109;85;10178;34
260;20220303;17;50;94;31;10180;38
260;20220303;18;40;69;1;10186;47
260;20220303;19;30;63;0;10189;50
260;20220303;20;30;52;0;10193;55
260;20220303;21;40;44;0;10196;59
260;20220303;22;50;43;0;10197;59
260;20220303;23;40;33;0;10199;62
260;20220303;24;30;25;0;10201;65
260;20220304;1;30;16;0;10204;69
260;20220304;2;30;7;0;10202;73
260;20220304;3;30;-1;0;10200;77
260;20220304;4;30;-2;0;10203;78
260;20220304;5;30;-4;0;10203;78
260;20220304;6;30;-7;0;10206;80
260;20220304;7;30;-1;8;10210;80
260;20220304;8;30;22;49;10213;72
260;20220304;9;40;46;101;10216;65
260;20220304;10;40;69;147;10215;59
260;20220304;11;30;83;180;10213;47
260;20220304;12;30;96;196;10212;46
260;20220304;13;30;105;195;10207;35
260;20220304;14;40;107;177;10204;32
260;20220304;15;40;102;140;10203;38
260;20220304;16;40;97;90;10202;42
260;20220304;17;30;82;35;10201;43
260;20220304;18;30;57;2;10207;54
260;20220304;19;40;54;0;10210;56
260;20220304;20;30;33;0;10211;64
260;20220304;21;30;23;0;10213;69
260;20220304;22;20;17;0;10212;71
260;20220304;23;30;6;0;10210;78
260;20220304;24;30;2;0;10208;81
260;20220305;1;30;-4;0;10208;82
260;20220305;2;30;-12;0;10208;84
260;20220305;3;20;-21;0;10207;89
260;20220305;4;20;-26;0;10207;89
260;20220305;5;20;-29;0;10208;89
260;20220305;6;30;-24;0;10210;87
260;20220305;7;20;-21;8;10212;88
260;20220305;8;20;0;49;10215;81
260;20220305;9;20;20;101;10218;73
260;20220305;10;20;39;146;10216;65
260;20220305;11;20;58;179;10216;59
260;20220305;12;20;71;192;10214;53
260;20220305;13;20;78;189;10211;51
260;20220305;14;20;85;167;10209;50
260;20220305;15;30;83;129;10209;52
260;20220305;16;30;79;81;10211;53
260;20220305;17;40;63;31;10213;62
260;20220305;18;30;50;2;10220;67
260;20220305;19;30;37;0;10224;72
260;20220305;20;30;30;0;10226;75
260;20220305;21;30;23;0;10231;76
260;20220305;22;40;20;0;10236;76
260;20220305;23;40;18;0;10241;76
260;20220305;24;40;9;0;10245;80
260;20220306;1;40;4;0;10248;82
260;20220306;2;30;6;0;10253;80
260;20220306;3;40;4;0;10253;79
260;20220306;4;30;-6;0;10254;84
260;20220306;5;30;-9;0;10259;85
260;20220306;6;30;-12;0;10264;86
260;20220306;7;30;-4;8;10272;84
260;20220306;8;50;11;49;10279;79
260;20220306;9;60;27;102;10282;67
260;20220306;10;70;34;148;10282;61
260;20220306;11;60;52;183;10282;58
260;20220306;12;50;52;194;10280;53
260;20220306;13;60;58;195;10276;51
260;20220306;14;60;61;171;10272;45
260;20220306;15;60;63;141;10271;50
260;20220306;16;60;56;85;10269;53
260;20220306;17;50;50;29;10270;57
260;20220306;18;40;40;2;10274;63
260;20220306;19;30;37;0;10278;66
260;20220306;20;20;29;0;10279;70
260;20220306;21;20;18;0;10282;75
260;20220306;22;20;0;0;10285;86
260;20220306;23;20;12;0;10283;78
260;20220306;24;20;-18;0;10283;90
260;20220307;1;10;-26;0;10285;94
260;20220307;2;0;-22;0;10285;96
260;20220307;3;10;-28;0;10282;97
260;20220307;4;20;-31;0;10282;95
260;20220307;5;20;-41;0;10282;94
260;20220307;6;20;-38;0;10285;96
260;20220307;7;20;-23;10;10287;92
260;20220307;8;20;13;53;10289;73
260;20220307;9;20;37;106;10289;62
260;20220307;10;30;50;151;10285;56
260;20220307;11;50;60;186;10277;56
260;20220307;12;40;69;200;10273;54
260;20220307;13;50;70;196;10267;51
260;20220307;14;50;73;172;10259;52
260;20220307;15;60;75;139;10254;48
260;20220307;16;60;71;92;10249;49
260;20220307;17;60;62;38;10247;53
260;20220307;18;40;49;3;10248;59
260;20220307;19;30;38;0;10248;64
260;20220307;20;30;31;0;10247;68
260;20220307;21;40;25;0;10246;71
260;20220307;22;40;21;0;10244;72
260;20220307;23;40;12;0;10245;74
260;20220307;24;40;7;0;10242;75
260;20220308;1;30;3;0;10240;75
260;20220308;2;30;-5;0;10234;76
260;20220308;3;40;20;0;10228;59
260;20220308;4;30;6;0;10226;64
260;20220308;5;30;-6;0;10224;68
260;20220308;6;30;7;0;10221;63
260;20220308;7;40;16;12;10221;60
260;20220308;8;60;37;58;10222;52
260;20220308;9;80;50;112;10221;51
260;20220308;10;80;60;158;10217;46
260;20220308;11;80;77;190;10211;43
260;20220308;12;80;87;204;10204;36
260;20220308;13;80;95;201;10201;36
260;20220308;14;80;97;179;10198;35
260;20220308;15;70;101;143;10197;36
260;20220308;16;70;96;94;10196;34
260;20220308;17;60;88;40;10196;36
260;20220308;18;40;69;4;10199;44
260;20220308;19;30;64;0;10202;44
260;20220308;20;30;58;0;10202;45
260;20220308;21;30;51;0;10205;48
260;20220308;22;30;41;0;10209;52
260;20220308;23;30;35;0;10214;54
260;20220308;24;30;27;0;10215;57
260;20220309;1;30;24;0;10217;58
260;20220309;2;30;19;0;10216;60
260;20220309;3;30;5;0;10215;65
260;20220309;4;30;6;0;10214;64
260;20220309;5;30;7;0;10212;63
260;20220309;6;30;0;0;10217;66
260;20220309;7;30;14;12;10223;61
260;20220309;8;30;35;58;10222;58
260;20220309;9;40;58;111;10224;49
260;20220309;10;40;76;157;10223;49
260;20220309;11;40;93;190;10224;46
260;20220309;12;40;115;205;10218;41
260;20220309;13;40;127;201;10219;38
260;20220309;14;50;131;179;10216;37
260;20220309;15;40;130;142;10213;35
260;20220309;16;40;128;95;10213;35
260;20220309;17;30;114;40;10215;39
260;20220309;18;20;73;3;10220;54
260;20220309;19;30;66;0;10223;54
260;20220309;20;30;42;0;10226;65
260;20220309;21;30;49;0;10229;59
260;20220309;22;30;55;0;10228;53
260;20220309;23;30;66;0;10231;47
260;20220309;24;20;23;0;10232;68
260;20220310;1;20;12;0;10233;73
260;20220310;2;30;20;0;10233;68
260;20220310;3;30;27;0;10232;65
260;20220310;4;30;19;0;10236;68
260;20220310;5;30;6;0;10237;74
260;20220310;6;20;9;0;10237;72
260;20220310;7;20;28;11;10240;65
260;20220310;8;30;58;59;10240;57
260;20220310;9;40;79;113;10239;54
260;20220310;10;40;99;158;10234;50
260;20220310;11;30;121;189;10232;48
260;20220310;12;40;135;204;10225;43
260;20220310;13;50;144;203;10220;41
260;20220310;14;50;149;180;10213;41
260;20220310;15;50;150;142;10208;40
260;20220310;16;50;147;92;10203;38
260;20220310;17;50;132;40;10201;42
260;20220310;18;40;109;4;10199;48
260;20220310;19;30;99;0;10196;45
260;20220310;20;40;104;0;10194;38
260;20220310;21;50;106;0;10193;37
260;20220310;22;50;98;0;10189;40
260;20220310;23;50;95;0;10185;40
260;20220310;24;50;93;0;10182;40
260;20220311;1;50;88;0;10179;42
260;20220311;2;50;78;0;10172;44
260;20220311;3;50;72;0;10165;45
260;20220311;4;50;67;0;10163;46
260;20220311;5;60;63;0;10160;49
260;20220311;6;60;62;0;10155;50
260;20220311;7;60;59;14;10156;54
260;20220311;8;60;74;62;10153;53
260;20220311;9;60;88;115;10148;49
260;20220311;10;70;103;159;10143;47
260;20220311;11;70;116;190;10136;47
260;20220311;12;80;126;202;10129;46
260;20220311;13;80;133;199;10120;42
260;20220311;14;80;137;175;10115;42
260;20220311;15;80;144;141;10111;42
260;20220311;16;70;135;66;10109;44
260;20220311;17;70;129;22;10113;44
260;20220311;18;60;120;4;10119;42
260;20220311;19;60;115;0;10119;41
260;20220311;20;60;110;0;10120;42
260;20220311;21;60;104;0;10124;43
260;20220311;22;60;100;0;10126;42
260;20220311;23;50;97;0;10126;43
260;20220311;24;40;96;0;10126;45
260;20220312;1;50;99;0;10128;46
260;20220312;2;50;92;0;10131;56
260;20220312;3;40;93;0;10133;59
260;20220312;4;40;87;0;10135;61
260;20220312;5;40;78;0;10139;69
260;20220312;6;30;74;0;10145;75
260;20220312;7;40;84;12;10149;76
260;20220312;8;40;93;45;10156;76
260;20220312;9;50;108;92;10161;73
260;20220312;10;50;115;93;10164;70
260;20220312;11;60;122;139;10167;62
260;20220312;12;50;135;167;10167;57
260;20220312;13;50;139;185;10165;52
260;20220312;14;50;142;161;10163;48
260;20220312;15;40;150;123;10160;46
260;20220312;16;40;135;70;10156;51
260;20220312;17;30;125;16;10153;55
260;20220312;18;30;115;3;10151;65
260;20220312;19;40;125;0;10151;60
260;20220312;20;50;126;0;10150;58
260;20220312;21;50;118;0;10150;60
260;20220312;22;50;115;0;10148;60
260;20220312;23;40;111;0;10147;61
260;20220312;24;40;105;0;10146;64
260;20220313;1;40;106;0;10145;63
260;20220313;2;40;104;0;10139;64
260;20220313;3;30;95;0;10134;68
260;20220313;4;40;91;0;10135;70
260;20220313;5;40;91;0;10133;70
260;20220313;6;50;88;0;10133;65
260;20220313;7;40;89;3;10136;65
260;20220313;8;40;90;19;10137;66
260;20220313;9;40;103;57;10133;60
260;20220313;10;50;115;117;10132;55
260;20220313;11;60;128;183;10130;53
260;20220313;12;60;144;200;10124;49
260;20220313;13;60;147;163;10119;49
260;20220313;14;50;157;145;10118;45
260;20220313;15;60;162;121;10118;43
260;20220313;16;60;155;83;10119;48
260;20220313;17;40;151;36;10122;49
260;20220313;18;30;139;4;10126;52
260;20220313;19;30;138;0;10134;53
260;20220313;20;30;131;0;10139;58
260;20220313;21;20;128;0;10149;58
260;20220313;22;50;120;0;10157;63
260;20220313;23;40;116;0;10161;65
260;20220313;24;30;107;0;10164;69
260;20220314;1;30;106;0;10169;71
260;20220314;2;30;103;0;10173;74
260;20220314;3;30;101;0;10179;76
260;20220314;4;40;97;0;10187;79
260;20220314;5;50;86;0;10199;92
260;20220314;6;40;86;0;10208;90
260;20220314;7;40;85;7;10220;90
260;20220314;8;40;90;26;10226;88
260;20220314;9;40;91;43;10236;85
260;20220314;10;40;95;50;10244;83
260;20220314;11;40;99;60;10251;79
260;20220314;12;40;112;127;10254;74
260;20220314;13;40;116;128;10260;71
260;20220314;14;50;129;177;10260;64
260;20220314;15;40;133;159;10259;61
260;20220314;16;40;132;93;10262;60
260;20220314;17;30;121;42;10271;58
260;20220314;18;30;105;5;10277;64
260;20220314;19;20;75;0;10280;76
260;20220314;20;10;48;0;10280;90
260;20220314;21;10;41;0;10282;95
260;20220314;22;10;37;0;10284;96
260;20220314;23;10;35;0;10284;95
260;20220314;24;20;32;0;10283;97
260;20220315;1;10;27;0;10279;98
260;20220315;2;10;30;0;10274;98
260;20220315;3;20;35;0;10269;98
260;20220315;4;20;52;0;10267;95
260;20220315;5;10;50;0;10265;98
260;20220315;6;20;48;0;10261;96
260;20220315;7;20;52;6;10258;94
260;20220315;8;20;65;17;10257;87
260;20220315;9;20;75;34;10256;82
260;20220315;10;20;89;58;10252;76
260;20220315;11;20;99;77;10244;70
260;20220315;12;20;119;158;10235;61
260;20220315;13;30;132;210;10229;55
260;20220315;14;30;137;188;10229;55
260;20220315;15;30;136;151;10224;51
260;20220315;16;20;134;103;10222;54
260;20220315;17;20;117;25;10224;67
260;20220315;18;20;99;4;10228;77
260;20220315;19;20;75;0;10234;85
260;20220315;20;20;59;0;10236;92
260;20220315;21;20;46;0;10241;95
260;20220315;22;20;42;0;10244;96
260;20220315;23;20;38;0;10244;96
260;20220315;24;20;25;0;10246;99
260;20220316;1;20;19;0;10247;99
260;20220316;2;20;16;0;10246;98
260;20220316;3;20;24;0;10241;98
260;20220316;4;30;27;0;10239;98
260;20220316;5;30;39;0;10239;95
260;20220316;6;40;41;1;10241;92
260;20220316;7;50;58;20;10240;86
260;20220316;8;50;85;70;10234;74
260;20220316;9;70;94;96;10231;66
260;20220316;10;70;107;170;10232;64
260;20220316;11;70;118;199;10227;61
260;20220316;12;70;129;198;10225;60
260;20220316;13;60;123;118;10222;62
260;20220316;14;50;128;84;10212;61
260;20220316;15;60;128;71;10201;62
260;20220316;16;50;128;32;10200;61
260;20220316;17;50;124;8;10199;62
260;20220316;18;60;120;2;10191;64
260;20220316;19;50;118;0;10193;65
260;20220316;20;60;117;0;10191;65
260;20220316;21;50;114;0;10187;67
260;20220316;22;50;112;0;10189;69
260;20220316;23;40;111;0;10188;71
260;20220316;24;40;108;0;10184;73
260;20220317;1;40;108;0;10184;76
260;20220317;2;40;114;0;10184;76
260;20220317;3;50;98;0;10194;92
260;20220317;4;50;81;0;10211;90
260;20220317;5;50;79;0;10227;84
260;20220317;6;50;75;0;10244;85
260;20220317;7;50;76;6;10258;79
260;20220317;8;40;80;21;10272;74
260;20220317;9;40;78;21;10287;76
260;20220317;10;30;92;83;10293;67
260;20220317;11;50;99;155;10306;58
260;20220317;12;50;105;190;10313;60
260;20220317;13;50;106;204;10318;56
260;20220317;14;40;110;199;10322;53
260;20220317;15;30;113;160;10326;51
260;20220317;16;30;112;111;10333;51
260;20220317;17;30;102;55;10342;48
260;20220317;18;20;83;9;10350;61
260;20220317;19;20;54;0;10360;77
260;20220317;20;10;29;0;10368;88
260;20220317;21;10;16;0;10378;93
260;20220317;22;10;12;0;10382;95
260;20220317;23;10;7;0;10387;96
260;20220317;24;10;0;0;10393;97
260;20220318;1;0;-5;0;10395;97
260;20220318;2;10;-10;0;10397;98
260;20220318;3;10;-13;0;10401;98
260;20220318;4;10;-14;0;10405;97
260;20220318;5;10;-10;0;10410;96
260;20220318;6;10;-11;1;10416;97
260;20220318;7;10;9;24;10424;96
260;20220318;8;10;60;72;10428;82
260;20220318;9;0;105;126;10436;66
260;20220318;10;20;121;168;10442;61
260;20220318;11;30;133;203;10443;59
260;20220318;12;40;143;209;10443;52
260;20220318;13;40;144;216;10439;46
260;20220318;14;50;146;187;10435;48
260;20220318;15;50;147;158;10434;49
260;20220318;16;50;143;105;10432;49
260;20220318;17;50;135;54;10435;53
260;20220318;18;40;117;9;10440;58
260;20220318;19;30;108;0;10444;60
260;20220318;20;30;99;0;10448;64
260;20220318;21;40;92;0;10450;73
260;20220318;22;40;86;0;10450;79
260;20220318;23;40;83;0;10449;79
260;20220318;24;30;74;0;10448;82
260;20220319;1;30;68;0;10449;83
260;20220319;2;30;65;0;10446;82
260;20220319;3;30;58;0;10442;82
260;20220319;4;40;54;0;10441;83
260;20220319;5;40;46;0;10439;86
260;20220319;6;30;41;1;10440;87
260;20220319;7;40;58;26;10441;80
260;20220319;8;50;76;76;10439;69
260;20220319;9;60;94;135;10438;61
260;20220319;10;70;109;178;10432;45
260;20220319;11;80;121;215;10423;35
260;20220319;12;80;130;230;10415;30
260;20220319;13;70;134;224;10404;27
260;20220319;14;80;134;203;10392;27
260;20220319;15;80;134;165;10382;29
260;20220319;16;80;126;118;10375;27
260;20220319;17;70;113;60;10375;33
260;20220319;18;70;102;13;10372;42
260;20220319;19;50;90;0;10372;47
260;20220319;20;50;82;0;10370;51
260;20220319;21;50;77;0;10366;51
260;20220319;22;50;71;0;10359;54
260;20220319;23;50;64;0;10355;58
260;20220319;24;50;58;0;10348;63
260;20220320;1;50;53;0;10341;67
260;20220320;2;50;47;0;10332;70
260;20220320;3;50;43;0;10323;74
260;20220320;4;60;38;0;10315;75
260;20220320;5;50;33;0;10307;74
260;20220320;6;50;37;1;10300;70
260;20220320;7;60;38;7;10298;66
260;20220320;8;60;46;60;10291;61
260;20220320;9;70;54;70;10282;57
260;20220320;10;50;57;40;10282;54
260;20220320;11;50;66;88;10277;51
260;20220320;12;50;69;43;10274;57
260;20220320;13;40;72;84;10269;64
260;20220320;14;60;75;82;10268;59
260;20220320;15;50;85;116;10267;59
260;20220320;16;50;81;81;10264;58
260;20220320;17;30;79;16;10269;60
260;20220320;18;30;62;11;10278;67
260;20220320;19;30;49;0;10286;74
260;20220320;20;20;13;0;10291;88
260;20220320;21;20;5;0;10294;95
260;20220320;22;20;-2;0;10294;91
260;20220320;23;20;-3;0;10295;91
260;20220320;24;20;-9;0;10296;97
260;20220321;1;20;-12;0;10298;96
260;20220321;2;20;-16;0;10299;98
260;20220321;3;20;-5;0;10299;94
260;20220321;4;20;-4;0;10301;92
260;20220321;5;20;1;0;10303;91
260;20220321;6;20;3;2;10307;95
260;20220321;7;20;30;30;10312;92
260;20220321;8;20;68;81;10314;71
260;20220321;9;20;96;138;10315;59
260;20220321;10;30;120;181;10313;48
260;20220321;11;30;136;214;10311;37
260;20220321;12;20;143;225;10309;46
260;20220321;13;20;152;214;10305;47
260;20220321;14;20;155;189;10303;50
260;20220321;15;20;159;150;10300;48
260;20220321;16;20;159;102;10297;48
260;20220321;17;10;159;48;10297;47
260;20220321;18;20;130;7;10300;47
260;20220321;19;20;108;0;10305;53
260;20220321;20;20;84;0;10308;65
260;20220321;21;20;63;0;10308;77
260;20220321;22;10;54;0;10308;82
260;20220321;23;10;41;0;10308;88
260;20220321;24;20;35;0;10307;95
260;20220322;1;10;30;0;10308;97
260;20220322;2;10;27;0;10306;95
260;20220322;3;20;25;0;10305;98
260;20220322;4;20;31;0;10306;97
260;20220322;5;20;39;0;10308;95
260;20220322;6;20;52;1;10312;90
260;20220322;7;20;73;18;10315;80
260;20220322;8;20;103;66;10318;69
260;20220322;9;20;126;127;10320;62
260;20220322;10;20;148;169;10319;55
260;20220322;11;20;161;192;10317;51
260;20220322;12;20;186;216;10314;43
260;20220322;13;20;190;216;10308;39
260;20220322;14;30;190;197;10304;38
260;20220322;15;30;193;155;10301;36
260;20220322;16;20;189;108;10298;35
260;20220322;17;30;176;54;10298;36
260;20220322;18;20;146;11;10300;46
260;20220322;19;10;98;0;10305;70
260;20220322;20;10;76;0;10307;77
260;20220322;21;20;63;0;10308;83
260;20220322;22;20;55;0;10309;84
260;20220322;23;20;49;0;10308;88
260;20220322;24;10;37;0;10306;92
260;20220323;1;20;30;0;10305;94
260;20220323;2;0;25;0;10302;95
260;20220323;3;10;16;0;10301;98
260;20220323;4;10;13;0;10303;94
260;20220323;5;20;6;0;10305;98
260;20220323;6;10;7;2;10309;94
260;20220323;7;10;43;32;10311;82
260;20220323;8;20;101;87;10313;55
260;20220323;9;10;134;139;10315;45
260;20220323;10;20;159;183;10314;33
260;20220323;11;30;174;214;10312;29
260;20220323;12;30;183;226;10310;28
260;20220323;13;30;185;218;10304;27
260;20220323;14;30;187;192;10300;24
260;20220323;15;20;186;157;10296;24
260;20220323;16;20;182;108;10294;29
260;20220323;17;20;170;53;10294;37
260;20220323;18;20;143;11;10297;46
260;20220323;19;30;138;0;10301;41
260;20220323;20;20;95;0;10304;62
260;20220323;21;10;66;0;10305;78
260;20220323;22;10;50;0;10304;91
260;20220323;23;10;38;0;10303;92
260;20220323;24;10;32;0;10301;91
260;20220324;1;10;27;0;10299;95
260;20220324;2;10;19;0;10296;97
260;20220324;3;10;17;0;10294;96
260;20220324;4;10;11;0;10294;98
260;20220324;5;10;8;0;10294;98
260;20220324;6;0;8;3;10296;98
260;20220324;7;0;40;34;10299;94
260;20220324;8;0;103;88;10300;61
260;20220324;9;0;147;141;10303;37
260;20220324;10;20;163;185;10303;28
260;20220324;11;20;171;214;10302;28
260;20220324;12;20;177;224;10298;33
260;20220324;13;20;180;189;10293;38
260;20220324;14;30;178;136;10290;42
260;20220324;15;30;181;138;10287;40
260;20220324;16;40;172;119;10286;41
260;20220324;17;40;160;58;10288;44
260;20220324;18;30;142;11;10292;51
260;20220324;19;20;109;0;10296;64
260;20220324;20;20;83;0;10298;70
260;20220324;21;10;61;0;10301;78
260;20220324;22;10;46;0;10303;85
260;20220324;23;20;31;0;10304;93
260;20220324;24;20;26;0;10304;96
260;20220325;1;20;20;0;10305;96
260;20220325;2;20;21;0;10304;94
260;20220325;3;20;13;0;10303;94
260;20220325;4;20;5;0;10303;98
260;20220325;5;10;1;0;10303;98
260;20220325;6;20;-3;3;10308;98
260;20220325;7;20;35;39;10311;96
260;20220325;8;20;76;94;10315;73
260;20220325;9;30;101;145;10319;62
260;20220325;10;40;116;193;10320;49
260;20220325;11;30;133;224;10318;50
260;20220325;12;30;144;223;10316;40
260;20220325;13;40;154;229;10312;41
260;20220325;14;30;165;202;10308;40
260;20220325;15;40;159;160;10304;42
260;20220325;16;40;160;110;10302;42
260;20220325;17;40;152;58;10302;43
260;20220325;18;30;134;14;10305;47
260;20220325;19;30;116;0;10309;53
260;20220325;20;30;105;0;10314;60
260;20220325;21;20;86;0;10318;72
260;20220325;22;20;87;0;10321;74
260;20220325;23;20;46;0;10322;88
260;20220325;24;10;37;0;10322;92
260;20220326;1;20;32;0;10324;92
260;20220326;2;20;34;0;10322;88
260;20220326;3;20;32;0;10321;86
260;20220326;4;20;26;0;10321;89
260;20220326;5;20;25;0;10323;90
260;20220326;6;10;15;4;10324;94
260;20220326;7;10;57;39;10328;83
260;20220326;8;20;105;93;10331;60
260;20220326;9;20;135;147;10334;53
260;20220326;10;30;143;191;10335;52
260;20220326;11;30;160;220;10331;47
260;20220326;12;40;167;233;10328;41
260;20220326;13;40;170;229;10325;40
260;20220326;14;40;169;210;10321;38
260;20220326;15;50;171;173;10318;40
260;20220326;16;50;162;122;10315;54
260;20220326;17;40;149;65;10316;57
260;20220326;18;40;130;17;10319;64
260;20220326;19;30;116;0;10323;72
260;20220326;20;30;106;0;10327;79
260;20220326;21;30;99;0;10328;87
260;20220326;22;30;95;0;10329;91
260;20220326;23;40;96;0;10329;90
260;20220326;24;40;92;0;10328;90
260;20220327;1;40;82;0;10328;92
260;20220327;2;30;78;0;10327;95
260;20220327;3;30;72;0;10324;94
260;20220327;4;30;70;0;10324;94
260;20220327;5;30;62;0;10326;94
260;20220327;6;30;59;3;10328;89
260;20220327;7;20;68;32;10328;85
260;20220327;8;20;84;101;10328;72
260;20220327;9;30;98;155;10328;56
260;20220327;10;30;113;198;10325;49
260;20220327;11;30;131;228;10320;45
260;20220327;12;40;144;241;10315;36
260;20220327;13;30;155;235;10309;25
260;20220327;14;40;161;214;10302;30
260;20220327;15;40;163;177;10295;37
260;20220327;16;40;157;127;10291;40
260;20220327;17;40;141;68;10290;52
260;20220327;18;30;127;18;10291;57
260;20220327;19;30;116;0;10293;62
260;20220327;20;20;80;0;10293;77
260;20220327;21;20;92;0;10289;77
260;20220327;22;30;82;0;10286;79
260;20220327;23;20;66;0;10284;87
260;20220327;24;20;66;0;10280;85
260;20220328;1;20;58;0;10274;88
260;20220328;2;20;52;0;10268;90
260;20220328;3;20;44;0;10262;93
260;20220328;4;20;39;0;10258;93
260;20220328;5;20;26;0;10255;98
260;20220328;6;20;30;4;10251;98
260;20220328;7;20;37;22;10250;99
260;20220328;8;20;47;50;10248;98
260;20220328;9;20;56;114;10245;97
260;20220328;10;20;90;197;10240;82
260;20220328;11;20;115;227;10234;74
260;20220328;12;20;134;237;10225;67
260;20220328;13;30;138;232;10219;60
260;20220328;14;30;140;214;10212;58
260;20220328;15;30;137;172;10205;56
260;20220328;16;30;136;111;10200;51
260;20220328;17;20;130;60;10193;57
260;20220328;18;20;112;12;10191;68
260;20220328;19;20;100;0;10190;72
260;20220328;20;30;83;0;10187;85
260;20220328;21;30;78;0;10187;92
260;20220328;22;20;75;0;10184;94
260;20220328;23;20;68;0;10181;93
260;20220328;24;30;66;0;10177;97
260;20220329;1;20;63;0;10170;98
260;20220329;2;20;63;0;10163;99
260;20220329;3;20;61;0;10158;99
260;20220329;4;20;58;0;10153;99
260;20220329;5;20;56;0;10149;99
260;20220329;6;30;54;2;10147;98
260;20220329;7;30;53;14;10146;98
260;20220329;8;40;60;34;10146;93
260;20220329;9;30;65;55;10144;91
260;20220329;10;30;81;83;10142;85
260;20220329;11;20;96;163;10138;73
260;20220329;12;20;113;225;10129;65
260;20220329;13;30;129;195;10116;57
260;20220329;14;30;134;203;10109;54
260;20220329;15;30;134;151;10102;50
260;20220329;16;40;132;107;10098;49
260;20220329;17;40;116;40;10095;59
260;20220329;18;40;103;12;10096;69
260;20220329;19;40;92;0;10097;73
260;20220329;20;40;79;0;10096;75
260;20220329;21;30;66;0;10093;79
260;20220329;22;30;60;0;10091;82
260;20220329;23;30;55;0;10090;83
260;20220329;24;30;44;0;10089;87
260;20220330;1;20;39;0;10087;88
260;20220330;2;30;33;0;10081;89
260;20220330;3;20;27;0;10076;92
260;20220330;4;20;19;0;10071;94
260;20220330;5;10;6;0;10069;98
260;20220330;6;20;8;5;10067;96
260;20220330;7;10;32;36;10069;91
260;20220330;8;20;58;86;10066;80
260;20220330;9;30;78;142;10065;72
260;20220330;10;30;92;159;10060;62
260;20220330;11;40;95;211;10057;61
260;20220330;12;30;103;202;10050;58
260;20220330;13;30;104;187;10045;55
260;20220330;14;30;101;160;10038;58
260;20220330;15;30;96;98;10035;54
260;20220330;16;30;90;62;10031;54
260;20220330;17;30;89;36;10031;56
260;20220330;18;40;76;17;10030;62
260;20220330;19;40;73;0;10030;62
260;20220330;20;40;66;0;10033;66
260;20220330;21;50;47;0;10034;77
260;20220330;22;50;43;0;10031;81
260;20220330;23;50;35;0;10031;85
260;20220330;24;40;21;0;10032;91
260;20220331;1;40;17;0;10031;93
260;20220331;2;50;6;0;10024;96
260;20220331;3;50;10;0;10020;95
260;20220331;4;40;4;0;10018;97
260;20220331;5;40;6;0;10018;97
260;20220331;6;30;8;2;10017;97
260;20220331;7;30;12;18;10015;96
260;20220331;8;30;23;42;10012;94
260;20220331;9;30;35;79;10011;89
260;20220331;10;30;41;59;10011;90
260;20220331;11;40;42;95;10009;88
260;20220331;12;40;41;64;10006;87
260;20220331;13;40;39;32;10007;88
260;20220331;14;40;36;45;10006;89
260;20220331;15;40;33;49;10005;85
260;20220331;16;40;27;30;10003;84
260;20220331;17;40;22;24;10004;87
260;20220331;18;30;15;5;10008;92
260;20220331;19;30;4;0;10014;96
260;20220331;20;50;11;0;10022;95
260;20220331;21;60;9;0;10030;94
260;20220331;22;70;5;0;10037;95
260;20220331;23;60;1;0;10045;96
260;20220331;24;60;0;0;10047;96
260;20220401;1;70;-2;0;10052;98
260;20220401;2;70;-2;0;10055;98
260;20220401;3;70;-3;0;10060;98
260;20220401;4;70;-3;0;10067;97
260;20220401;5;60;-2;0;10075;98
260;20220401;6;60;-2;3;10084;98
260;20220401;7;70;-2;19;10092;98
260;20220401;8;50;3;77;10096;94
260;20220401;9;60;20;103;10104;79
260;20220401;10;70;25;141;10111;75
260;20220401;11;70;30;148;10114;71
260;20220401;12;70;31;134;10117;70
260;20220401;13;70;32;79;10120;70
260;20220401;14;70;35;69;10123;68
260;20220401;15;80;44;110;10123;61
260;20220401;16;60;44;61;10128;63
260;20220401;17;70;43;45;10135;56
260;20220401;18;60;36;22;10140;59
260;20220401;19;50;32;1;10149;60
260;20220401;20;40;31;0;10155;58
260;20220401;21;40;29;0;10157;62
260;20220401;22;40;29;0;10158;66
260;20220401;23;40;29;0;10161;64
260;20220401;24;40;24;0;10163;64
260;20220402;1;30;20;0;10164;64
260;20220402;2;30;17;0;10165;65
260;20220402;3;30;13;0;10167;66
260;20220402;4;30;8;0;10169;67
260;20220402;5;20;3;0;10174;71
260;20220402;6;20;7;7;10180;72
260;20220402;7;30;22;41;10186;66
260;20220402;8;40;36;97;10192;65
260;20220402;9;50;47;147;10195;55
260;20220402;10;60;46;104;10198;56
260;20220402;11;60;44;128;10199;53
260;20220402;12;60;45;114;10200;53
260;20220402;13;50;50;86;10201;52
260;20220402;14;50;58;137;10200;48
260;20220402;15;50;52;81;10202;54
260;20220402;16;40;49;33;10205;54
260;20220402;17;30;51;25;10209;51
260;20220402;18;40;43;12;10216;47
260;20220402;19;30;31;1;10223;52
260;20220402;20;20;20;0;10230;57
260;20220402;21;20;-6;0;10233;74
260;20220402;22;20;-18;0;10236;83
260;20220402;23;10;-26;0;10238;91
260;20220402;24;10;-32;0;10239;95
260;20220403;1;10;-36;0;10237;94
260;20220403;2;10;-39;0;10235;97
260;20220403;3;10;-34;0;10235;97
260;20220403;4;20;-30;0;10234;96
260;20220403;5;20;-36;0;10237;93
260;20220403;6;20;-25;11;10236;97
260;20220403;7;20;24;56;10238;82
260;20220403;8;20;49;108;10238;63
260;20220403;9;30;61;150;10240;59
260;20220403;10;40;50;115;10240;72
260;20220403;11;30;68;183;10234;67
260;20220403;12;40;54;158;10233;72
260;20220403;13;30;80;159;10227;60
260;20220403;14;40;39;26;10226;85
260;20220403;15;10;69;113;10218;68
260;20220403;16;30;83;110;10214;53
260;20220403;17;50;67;79;10213;56
260;20220403;18;40;56;21;10212;68
260;20220403;19;30;47;1;10213;74
260;20220403;20;20;38;0;10211;79
260;20220403;21;20;35;0;10205;80
260;20220403;22;30;34;0;10198;79
260;20220403;23;30;33;0;10192;80
260;20220403;24;40;35;0;10182;80
260;20220404;1;50;34;0;10173;81
260;20220404;2;50;38;0;10160;81
260;20220404;3;60;42;0;10147;80
260;20220404;4;60;46;0;10134;76
260;20220404;5;60;51;0;10120;74
260;20220404;6;70;55;5;10107;72
260;20220404;7;80;58;21;10099;78
260;20220404;8;90;54;20;10090;83
260;20220404;9;90;54;27;10083;87
260;20220404;10;80;55;27;10077;92
260;20220404;11;80;59;30;10068;93
260;20220404;12;80;66;38;10061;94
260;20220404;13;70;74;33;10055;96
260;20220404;14;70;78;23;10051;96
260;20220404;15;60;84;12;10048;96
260;20220404;16;50;89;10;10045;96
260;20220404;17;50;91;7;10045;97
260;20220404;18;50;95;3;10042;95
260;20220404;19;50;96;1;10041;96
260;20220404;20;50;98;0;10042;97
260;20220404;21;50;102;0;10038;97
260;20220404;22;50;103;0;10040;95
260;20220404;23;60;97;0;10043;96
260;20220404;24;40;94;0;10047;97
260;20220405;1;30;77;0;10051;96
260;20220405;2;20;75;0;10051;97
260;20220405;3;20;77;0;10050;97
260;20220405;4;20;77;0;10048;98
260;20220405;5;20;88;0;10046;97
260;20220405;6;40;96;3;10048;95
260;20220405;7;40;100;17;10051;91
260;20220405;8;50;101;32;10052;93
260;20220405;9;50;105;57;10055;89
260;20220405;10;50;112;44;10056;87
260;20220405;11;50;116;54;10058;84
260;20220405;12;50;115;51;10057;83
260;20220405;13;60;116;87;10057;85
260;20220405;14;60;110;48;10055;87
260;20220405;15;50;105;30;10053;93
260;20220405;16;40;110;29;10049;92
260;20220405;17;50;107;14;10048;87
260;20220405;18;40;107;7;10047;85
260;20220405;19;40;103;1;10047;85
260;20220405;20;40;100;0;10046;84
260;20220405;21;40;99;0;10044;83
260;20220405;22;40;97;0;10039;84
260;20220405;23;50;98;0;10037;83
260;20220405;24;50;97;0;10034;84
260;20220406;1;50;98;0;10029;84
260;20220406;2;50;97;0;10026;82
260;20220406;3;60;95;0;10020;78
260;20220406;4;60;89;0;10016;76
260;20220406;5;60;90;0;10011;77
260;20220406;6;60;93;7;10009;79
260;20220406;7;70;96;22;10006;75
260;20220406;8;70;90;43;10003;82
260;20220406;9;70;90;30;10001;88
260;20220406;10;70;92;26;9999;90
260;20220406;11;70;102;54;9992;85
260;20220406;12;70;104;44;9988;85
260;20220406;13;70;99;44;9979;92
260;20220406;14;70;99;29;9974;89
260;20220406;15;70;96;24;9966;85
260;20220406;16;70;96;36;9958;90
260;20220406;17;80;100;13;9950;86
260;20220406;18;80;96;7;9945;90
260;20220406;19;70;100;0;9940;85
260;20220406;20;80;99;0;9938;86
260;20220406;21;70;101;0;9930;82
260;20220406;22;80;103;0;9922;81
260;20220406;23;80;102;0;9912;82
260;20220406;24;80;99;0;9901;84
260;20220407;1;80;100;0;9892;81
260;20220407;2;80;94;0;9879;87
260;20220407;3;90;99;0;9869;81
260;20220407;4;90;95;0;9853;84
260;20220407;5;100;94;0;9834;84
260;20220407;6;100;62;2;9838;88
260;20220407;7;50;57;5;9830;91
260;20220407;8;50;64;15;9815;90
260;20220407;9;60;90;117;9816;78
260;20220407;10;80;100;135;9820;65
260;20220407;11;90;95;53;9825;65
260;20220407;12;100;105;162;9828;60
260;20220407;13;110;106;148;9835;56
260;20220407;14;110;109;89;9839;56
260;20220407;15;100;79;25;9853;76
260;20220407;16;90;62;16;9859;85
260;20220407;17;70;65;16;9864;85
260;20220407;18;80;58;24;9877;85
260;20220407;19;80;67;3;9889;82
260;20220407;20;70;75;0;9905;78
260;20220407;21;70;68;0;9921;81
260;20220407;22;60;65;0;9936;84
260;20220407;23;60;60;0;9952;85
260;20220407;24;60;60;0;9966;82
260;20220408;1;50;54;0;9974;78
260;20220408;2;40;49;0;9978;79
260;20220408;3;40;37;0;9983;90
260;20220408;4;30;34;0;9987;87
260;20220408;5;30;39;0;9986;84
260;20220408;6;30;43;14;9983;83
260;20220408;7;30;58;53;9984;79
260;20220408;8;40;68;84;9982;76
260;20220408;9;40;79;115;9978;71
260;20220408;10;40;79;98;9976;62
260;20220408;11;40;82;112;9978;62
260;20220408;12;30;83;117;9972;59
260;20220408;13;30;86;116;9971;62
260;20220408;14;30;86;102;9970;61
260;20220408;15;40;85;81;9972;62
260;20220408;16;40;83;91;9978;58
260;20220408;17;40;77;55;9986;64
260;20220408;18;30;69;21;9990;64
260;20220408;19;30;56;1;9995;77
260;20220408;20;20;55;0;10004;77
260;20220408;21;30;50;0;10009;80
260;20220408;22;30;52;0;10016;78
260;20220408;23;30;50;0;10027;77
260;20220408;24;40;51;0;10036;76
260;20220409;1;30;47;0;10045;80
260;20220409;2;30;46;0;10055;84
260;20220409;3;30;40;0;10062;85
260;20220409;4;40;45;0;10070;80
260;20220409;5;30;48;0;10078;78
260;20220409;6;20;49;8;10087;80
260;20220409;7;30;54;49;10097;76
260;20220409;8;40;74;78;10102;70
260;20220409;9;50;69;87;10108;72
260;20220409;10;50;75;107;10116;73
260;20220409;11;60;70;149;10122;74
260;20220409;12;60;88;221;10125;62
260;20220409;13;70;73;272;10135;66
260;20220409;14;60;85;185;10133;57
260;20220409;15;60;83;102;10137;57
260;20220409;16;60;81;76;10143;55
260;20220409;17;50;70;63;10148;54
260;20220409;18;50;61;35;10152;68
260;20220409;19;40;32;2;10159;88
260;20220409;20;20;37;0;10163;79
260;20220409;21;30;40;0;10168;78
260;20220409;22;20;37;0;10173;79
260;20220409;23;30;41;0;10176;77
260;20220409;24;20;38;0;10180;80
260;20220410;1;20;19;0;10178;86
260;20220410;2;20;23;0;10181;84
260;20220410;3;30;32;0;10182;78
260;20220410;4;20;28;0;10186;79
260;20220410;5;20;23;0;10189;82
260;20220410;6;20;33;18;10196;80
260;20220410;7;30;40;23;10205;86
260;20220410;8;20;69;108;10208;71
260;20220410;9;30;77;132;10211;65
260;20220410;10;30;89;193;10214;53
260;20220410;11;30;96;203;10213;49
260;20220410;12;30;104;239;10211;54
260;20220410;13;30;110;207;10209;52
260;20220410;14;20;101;131;10206;43
260;20220410;15;30;112;160;10204;37
260;20220410;16;30;110;127;10199;40
260;20220410;17;20;111;92;10199;40
260;20220410;18;20;100;30;10200;40
260;20220410;19;20;74;2;10202;59
260;20220410;20;10;41;0;10204;83
260;20220410;21;10;30;0;10202;88
260;20220410;22;10;22;0;10199;93
260;20220410;23;20;19;0;10198;93
260;20220410;24;10;16;0;10196;91
260;20220411;1;10;15;0;10190;94
260;20220411;2;10;11;0;10189;92
260;20220411;3;10;7;0;10188;96
260;20220411;4;20;2;0;10186;97
260;20220411;5;20;11;1;10183;94
260;20220411;6;20;25;12;10184;86
260;20220411;7;20;65;64;10185;70
260;20220411;8;20;91;124;10180;60
260;20220411;9;20;113;171;10177;55
260;20220411;10;40;123;217;10173;45
260;20220411;11;50;130;252;10168;41
260;20220411;12;60;135;248;10159;43
260;20220411;13;50;144;255;10153;44
260;20220411;14;50;144;213;10146;42
260;20220411;15;60;144;169;10136;44
260;20220411;16;60;144;111;10133;40
260;20220411;17;60;141;79;10126;41
260;20220411;18;60;132;29;10129;43
260;20220411;19;40;117;2;10129;51
260;20220411;20;50;113;0;10130;49
260;20220411;21;50;109;0;10124;51
260;20220411;22;50;101;0;10121;55
260;20220411;23;40;85;0;10120;61
260;20220411;24;30;83;0;10113;62
260;20220412;1;40;88;0;10112;60
260;20220412;2;30;76;0;10109;66
260;20220412;3;30;73;0;10105;66
260;20220412;4;30;69;0;10100;68
260;20220412;5;30;76;1;10103;65
260;20220412;6;30;79;10;10102;67
260;20220412;7;40;114;74;10101;57
260;20220412;8;40;130;125;10100;54
260;20220412;9;40;144;162;10098;57
260;20220412;10;40;162;220;10094;53
260;20220412;11;50;166;218;10088;54
260;20220412;12;50;177;152;10087;50
260;20220412;13;50;190;225;10085;50
260;20220412;14;60;195;204;10080;48
260;20220412;15;50;198;158;10077;45
260;20220412;16;40;199;107;10082;44
260;20220412;17;30;194;35;10084;48
260;20220412;18;30;184;17;10091;50
260;20220412;19;20;156;2;10095;63
260;20220412;20;20;164;0;10100;58
260;20220412;21;20;130;0;10101;78
260;20220412;22;20;118;0;10105;84
260;20220412;23;20;127;0;10112;77
260;20220412;24;0;102;0;10114;91
260;20220413;1;10;92;0;10117;93
260;20220413;2;20;126;0;10122;78
260;20220413;3;20;103;0;10125;89
260;20220413;4;20;105;0;10129;88
260;20220413;5;10;102;0;10136;94
260;20220413;6;20;124;17;10143;86
260;20220413;7;30;138;77;10151;78
260;20220413;8;30;143;91;10157;74
260;20220413;9;20;148;103;10161;74
260;20220413;10;20;147;73;10168;76
260;20220413;11;30;149;91;10173;77
260;20220413;12;30;148;58;10175;75
260;20220413;13;30;153;99;10176;73
260;20220413;14;30;162;141;10180;65
260;20220413;15;30;166;117;10176;67
260;20220413;16;30;162;60;10178;67
260;20220413;17;30;155;28;10181;73
260;20220413;18;20;147;13;10186;77
260;20220413;19;20;143;3;10190;73
260;20220413;20;20;133;0;10199;78
260;20220413;21;20;110;0;10202;90
260;20220413;22;10;99;0;10202;96
260;20220413;23;10;95;0;10202;98
260;20220413;24;20;90;0;10199;98
260;20220414;1;20;84;0;10196;98
260;20220414;2;10;76;0;10198;97
260;20220414;3;10;63;0;10199;99
260;20220414;4;10;62;0;10201;99
260;20220414;5;20;57;1;10203;99
260;20220414;6;20;85;23;10207;98
260;20220414;7;20;118;73;10208;82
260;20220414;8;20;132;99;10212;78
260;20220414;9;10;152;185;10211;71
260;20220414;10;20;162;225;10214;66
260;20220414;11;20;168;195;10215;63
260;20220414;12;30;174;176;10213;59
260;20220414;13;30;181;192;10215;53
260;20220414;14;50;177;180;10216;57
260;20220414;15;40;178;192;10218;54
260;20220414;16;40;173;146;10220;49
260;20220414;17;40;166;101;10225;49
260;20220414;18;30;157;55;10228;53
260;20220414;19;30;133;4;10235;64
260;20220414;20;20;104;0;10240;80
260;20220414;21;20;91;0;10244;90
260;20220414;22;10;76;0;10248;97
260;20220414;23;10;60;0;10249;98
260;20220414;24;20;82;0;10252;95
260;20220415;1;30;76;0;10255;98
260;20220415;2;30;82;0;10258;95
260;20220415;3;20;86;0;10259;92
260;20220415;4;30;87;0;10262;90
260;20220415;5;30;84;1;10267;89
260;20220415;6;30;83;13;10274;86
260;20220415;7;30;89;37;10280;81
260;20220415;8;30;95;91;10283;76
260;20220415;9;30;107;127;10285;74
260;20220415;10;30;111;165;10289;73
260;20220415;11;30;119;187;10288;72
260;20220415;12;30;115;186;10290;71
260;20220415;13;30;114;150;10291;73
260;20220415;14;30;109;138;10291;74
260;20220415;15;30;108;94;10292;73
260;20220415;16;40;106;71;10291;71
260;20220415;17;30;104;56;10292;72
260;20220415;18;30;99;18;10296;74
260;20220415;19;20;99;2;10300;76
260;20220415;20;20;98;0;10303;76
260;20220415;21;20;97;0;10304;78
260;20220415;22;20;97;0;10306;77
260;20220415;23;30;92;0;10309;75
260;20220415;24;40;86;0;10312;76
260;20220416;1;30;78;0;10313;79
260;20220416;2;20;61;0;10315;87
260;20220416;3;20;52;0;10316;92
260;20220416;4;30;60;0;10318;89
260;20220416;5;30;61;2;10321;90
260;20220416;6;40;69;28;10327;89
260;20220416;7;50;86;83;10331;87
260;20220416;8;60;100;141;10331;80
260;20220416;9;60;118;198;10333;71
260;20220416;10;40;132;223;10331;61
260;20220416;11;50;145;269;10328;56
260;20220416;12;50;152;279;10326;55
260;20220416;13;40;151;267;10324;50
260;20220416;14;40;162;249;10318;41
260;20220416;15;40;161;213;10314;32
260;20220416;16;50;157;167;10310;33
260;20220416;17;50;146;112;10308;36
260;20220416;18;40;132;48;10313;36
260;20220416;19;30;110;5;10315;41
260;20220416;20;20;94;0;10318;48
260;20220416;21;30;88;0;10314;50
260;20220416;22;30;75;0;10310;56
260;20220416;23;30;68;0;10308;59
260;20220416;24;30;51;0;10306;68
260;20220417;1;20;39;0;10305;74
260;20220417;2;30;42;0;10302;70
260;20220417;3;30;38;0;10300;71
260;20220417;4;30;33;0;10295;73
260;20220417;5;20;32;2;10293;73
260;20220417;6;30;65;34;10294;60
260;20220417;7;40;85;92;10292;55
260;20220417;8;40;100;153;10289;53
260;20220417;9;40;119;208;10286;53
260;20220417;10;30;133;249;10280;43
260;20220417;11;40;146;278;10272;41
260;20220417;12;40;161;288;10262;40
260;20220417;13;40;169;280;10253;34
260;20220417;14;50;171;256;10244;36
260;20220417;15;40;173;217;10234;33
260;20220417;16;40;174;165;10228;34
260;20220417;17;40;169;107;10223;33
260;20220417;18;40;159;48;10219;32
260;20220417;19;40;127;6;10218;44
260;20220417;20;30;111;0;10215;48
260;20220417;21;30;100;0;10211;50
260;20220417;22;30;97;0;10208;49
260;20220417;23;30;78;0;10205;58
260;20220417;24;20;75;0;10202;55
260;20220418;1;30;85;0;10201;52
260;20220418;2;30;82;0;10198;55
260;20220418;3;30;75;0;10195;57
260;20220418;4;30;66;0;10192;61
260;20220418;5;30;57;2;10192;67
260;20220418;6;30;80;35;10194;58
260;20220418;7;30;104;96;10193;54
260;20220418;8;30;128;157;10192;51
260;20220418;9;30;145;165;10193;48
260;20220418;10;30;159;185;10190;38
260;20220418;11;30;173;244;10186;34
260;20220418;12;20;175;242;10184;30
260;20220418;13;30;184;266;10179;33
260;20220418;14;30;188;258;10174;31
260;20220418;15;20;186;216;10168;31
260;20220418;16;20;185;161;10164;28
260;20220418;17;20;182;90;10160;31
260;20220418;18;20;161;28;10160;40
260;20220418;19;10;116;3;10161;72
260;20220418;20;10;103;0;10162;66
260;20220418;21;10;78;0;10160;76
260;20220418;22;10;68;0;10161;85
260;20220418;23;10;59;0;10159;93
260;20220418;24;0;52;0;10154;97
260;20220419;1;10;46;0;10153;97
260;20220419;2;10;44;0;10151;97
260;20220419;3;10;37;0;10149;97
260;20220419;4;10;31;0;10149;98
260;20220419;5;10;33;3;10151;97
260;20220419;6;20;65;34;10152;87
260;20220419;7;20;123;86;10154;58
260;20220419;8;20;150;137;10156;50
260;20220419;9;40;161;212;10155;41
260;20220419;10;50;167;242;10153;38
260;20220419;11;40;174;265;10151;37
260;20220419;12;40;181;278;10147;35
260;20220419;13;40;188;261;10143;35
260;20220419;14;40;184;223;10141;37
260;20220419;15;50;182;185;10140;36
260;20220419;16;50;177;143;10140;33
260;20220419;17;50;165;76;10142;38
260;20220419;18;40;155;25;10144;40
260;20220419;19;40;138;5;10152;45
260;20220419;20;30;132;0;10159;47
260;20220419;21;20;120;0;10165;54
260;20220419;22;40;112;0;10168;67
260;20220419;23;50;104;0;10168;70
260;20220419;24;40;94;0;10168;73
260;20220420;1;40;81;0;10169;77
260;20220420;2;30;69;0;10169;80
260;20220420;3;30;64;0;10170;78
260;20220420;4;30;54;0;10171;78
260;20220420;5;40;67;3;10174;69
260;20220420;6;40;82;34;10176;62
260;20220420;7;30;104;90;10177;55
260;20220420;8;40;123;149;10179;49
260;20220420;9;50;139;201;10179;45
260;20220420;10;50;147;241;10176;44
260;20220420;11;50;156;269;10170;46
260;20220420;12;50;162;278;10164;44
260;20220420;13;50;173;270;10159;38
260;20220420;14;50;167;248;10155;40
260;20220420;15;60;170;211;10149;38
260;20220420;16;60;173;161;10148;41
260;20220420;17;60;166;105;10146;39
260;20220420;18;50;152;41;10147;44
260;20220420;19;40;138;5;10150;51
260;20220420;20;20;121;0;10152;58
260;20220420;21;30;116;0;10152;59
260;20220420;22;30;108;0;10152;63
260;20220420;23;40;97;0;10153;69
260;20220420;24;30;89;0;10151;74
260;20220421;1;30;79;0;10148;78
260;20220421;2;20;77;0;10146;78
260;20220421;3;20;65;0;10145;82
260;20220421;4;20;52;0;10145;89
260;20220421;5;20;60;4;10146;83
260;20220421;6;30;80;35;10146;76
260;20220421;7;30;105;92;10144;65
260;20220421;8;40;121;147;10145;59
260;20220421;9;50;139;205;10145;48
260;20220421;10;50;151;246;10141;40
260;20220421;11;60;158;273;10134;40
260;20220421;12;60;164;283;10130;37
260;20220421;13;60;171;276;10124;33
260;20220421;14;60;176;250;10117;35
260;20220421;15;60;172;207;10113;43
260;20220421;16;60;169;132;10110;43
260;20220421;17;60;157;60;10112;49
260;20220421;18;60;152;31;10114;50
260;20220421;19;50;145;5;10114;53
260;20220421;20;30;140;0;10111;55
260;20220421;21;30;133;0;10107;65
260;20220421;22;40;130;0;10106;64
260;20220421;23;40;119;0;10106;66
260;20220421;24;40;112;0;10105;67
260;20220422;1;40;106;0;10101;70
260;20220422;2;40;101;0;10098;73
260;20220422;3;30;92;0;10095;79
260;20220422;4;30;88;0;10093;85
260;20220422;5;40;88;4;10093;85
260;20220422;6;40;93;35;10094;82
260;20220422;7;50;109;83;10091;77
260;20220422;8;50;123;149;10089;68
260;20220422;9;60;145;200;10085;61
260;20220422;10;70;149;237;10079;57
260;20220422;11;70;155;246;10076;54
260;20220422;12;80;164;298;10071;44
260;20220422;13;70;170;271;10064;43
260;20220422;14;70;168;176;10060;44
260;20220422;15;70;164;103;10059;45
260;20220422;16;70;163;66;10056;47
260;20220422;17;80;155;30;10058;51
260;20220422;18;70;153;38;10058;52
260;20220422;19;70;142;6;10060;55
260;20220422;20;50;132;0;10063;61
260;20220422;21;30;119;0;10064;66
260;20220422;22;40;123;0;10067;65
260;20220422;23;50;119;0;10065;67
260;20220422;24;50;113;0;10062;70
260;20220423;1;50;110;0;10060;73
260;20220423;2;50;103;0;10061;77
260;20220423;3;50;108;0;10060;77
260;20220423;4;50;98;0;10060;80
260;20220423;5;50;93;3;10057;83
260;20220423;6;50;102;34;10059;80
260;20220423;7;60;118;88;10058;74
260;20220423;8;70;132;147;10056;70
260;20220423;9;80;137;196;10052;64
260;20220423;10;80;154;193;10050;61
260;20220423;11;70;150;205;10050;58
260;20220423;12;80;164;213;10045;54
260;20220423;13;80;179;247;10040;49
260;20220423;14;80;178;199;10037;49
260;20220423;15;80;173;176;10033;46
260;20220423;16;80;167;116;10034;47
260;20220423;17;70;166;92;10034;46
260;20220423;18;70;160;51;10035;47
260;20220423;19;50;148;8;10037;46
260;20220423;20;40;135;0;10039;47
260;20220423;21;50;133;0;10040;47
260;20220423;22;50;129;0;10041;48
260;20220423;23;50;121;0;10043;51
260;20220423;24;40;111;0;10042;55
260;20220424;1;30;103;0;10041;59
260;20220424;2;40;94;0;10039;68
260;20220424;3;50;89;0;10042;73
260;20220424;4;40;80;0;10041;75
260;20220424;5;50;81;5;10045;74
260;20220424;6;50;88;41;10049;70
260;20220424;7;50;102;97;10051;66
260;20220424;8;50;115;156;10053;61
260;20220424;9;50;130;209;10056;55
260;20220424;10;50;152;248;10057;50
260;20220424;11;60;157;275;10058;49
260;20220424;12;70;163;286;10056;45
260;20220424;13;70;167;285;10055;39
260;20220424;14;60;167;207;10056;39
260;20220424;15;60;166;147;10059;37
260;20220424;16;60;158;149;10062;45
260;20220424;17;60;149;106;10066;50
260;20220424;18;60;136;54;10071;59
260;20220424;19;50;119;10;10080;67
260;20220424;20;40;107;0;10087;68
260;20220424;21;40;97;0;10091;73
260;20220424;22;30;89;0;10093;77
260;20220424;23;30;82;0;10097;81
260;20220424;24;30;77;0;10098;82
260;20220425;1;20;71;0;10098;85
260;20220425;2;20;80;0;10097;82
260;20220425;3;30;78;0;10095;83
260;20220425;4;20;74;0;10096;85
260;20220425;5;40;73;2;10103;86
260;20220425;6;30;74;5;10107;92
260;20220425;7;30;76;12;10112;94
260;20220425;8;30;74;20;10115;93
260;20220425;9;30;76;27;10121;94
260;20220425;10;30;80;28;10126;93
260;20220425;11;20;86;53;10130;86
260;20220425;12;30;87;52;10133;84
260;20220425;13;30;88;41;10137;83
260;20220425;14;30;87;33;10139;84
260;20220425;15;40;98;67;10138;80
260;20220425;16;40;99;59;10141;79
260;20220425;17;30;103;54;10140;75
260;20220425;18;30;104;26;10142;76
260;20220425;19;30;103;3;10148;78
260;20220425;20;30;102;0;10153;77
260;20220425;21;30;100;0;10156;68
260;20220425;22;40;91;0;10161;63
260;20220425;23;50;84;0;10164;70
260;20220425;24;40;81;0;10167;75
260;20220426;1;30;82;0;10166;72
260;20220426;2;30;81;0;10167;74
260;20220426;3;30;80;0;10166;78
260;20220426;4;30;78;0;10168;84
260;20220426;5;40;78;2;10174;84
260;20220426;6;40;82;18;10179;81
260;20220426;7;40;85;31;10184;81
260;20220426;8;50;93;75;10188;72
260;20220426;9;50;114;203;10192;63
260;20220426;10;60;116;245;10196;56
260;20220426;11;60;119;233;10200;52
260;20220426;12;50;130;283;10203;46
260;20220426;13;50;135;279;10204;45
260;20220426;14;50;130;249;10204;42
260;20220426;15;50;125;177;10204;51
260;20220426;16;50;128;178;10206;52
260;20220426;17;50;120;129;10210;52
260;20220426;18;40;107;48;10215;60
260;20220426;19;40;92;7;10221;66
260;20220426;20;20;73;0;10229;76
260;20220426;21;20;57;0;10231;85
260;20220426;22;20;48;0;10235;92
260;20220426;23;20;32;0;10239;97
260;20220426;24;10;24;0;10241;98
260;20220427;1;10;21;0;10241;97
260;20220427;2;20;15;0;10243;99
260;20220427;3;10;12;0;10246;99
260;20220427;4;10;7;0;10249;99
260;20220427;5;10;14;8;10253;100
260;20220427;6;10;32;39;10259;96
260;20220427;7;10;87;108;10264;75
260;20220427;8;10;101;134;10267;69
260;20220427;9;10;101;146;10271;63
260;20220427;10;10;110;124;10273;60
260;20220427;11;20;115;138;10273;55
260;20220427;12;20;118;139;10272;52
260;20220427;13;30;124;297;10271;55
260;20220427;14;40;129;294;10270;52
260;20220427;15;30;129;231;10268;51
260;20220427;16;40;126;182;10269;51
260;20220427;17;40;118;118;10272;51
260;20220427;18;40;108;59;10276;55
260;20220427;19;30;95;12;10280;63
260;20220427;20;20;83;0;10283;68
260;20220427;21;20;71;0;10285;74
260;20220427;22;20;44;0;10289;86
260;20220427;23;10;28;0;10294;97
260;20220427;24;10;21;0;10295;97
260;20220428;1;10;16;0;10296;97
260;20220428;2;20;18;0;10296;97
260;20220428;3;20;10;0;10298;96
260;20220428;4;20;6;0;10298;97
260;20220428;5;20;20;8;10301;97
260;20220428;6;20;54;50;10309;83
260;20220428;7;20;85;108;10313;68
260;20220428;8;40;96;157;10319;64
260;20220428;9;40;100;204;10320;61
260;20220428;10;40;108;261;10317;57
260;20220428;11;40;122;289;10314;55
260;20220428;12;40;133;298;10312;51
260;20220428;13;40;143;290;10310;50
260;20220428;14;40;150;267;10305;51
260;20220428;15;30;151;223;10301;48
260;20220428;16;40;146;174;10300;52
260;20220428;17;40;131;102;10299;60
260;20220428;18;40;118;32;10302;67
260;20220428;19;40;105;7;10305;71
260;20220428;20;40;99;0;10310;72
260;20220428;21;30;89;0;10309;76
260;20220428;22;30;81;0;10310;79
260;20220428;23;30;73;0;10312;82
260;20220428;24;30;67;0;10312;83
260;20220429;1;40;64;0;10308;83
260;20220429;2;40;64;0;10303;82
260;20220429;3;30;62;0;10302;83
260;20220429;4;30;57;0;10299;85
260;20220429;5;30;56;4;10298;86
260;20220429;6;40;62;23;10300;85
260;20220429;7;40;76;65;10303;80
260;20220429;8;40;93;101;10304;76
260;20220429;9;40;92;105;10303;73
260;20220429;10;40;97;80;10305;72
260;20220429;11;50;101;115;10303;68
260;20220429;12;50;108;106;10301;66
260;20220429;13;50;123;172;10297;60
260;20220429;14;50;129;251;10290;56
260;20220429;15;50;124;177;10288;57
260;20220429;16;50;124;115;10288;56
260;20220429;17;50;113;100;10286;60
260;20220429;18;50;104;57;10288;63
260;20220429;19;40;95;13;10293;66
260;20220429;20;30;86;0;10296;70
260;20220429;21;30;81;0;10300;69
260;20220429;22;30;74;0;10302;73
260;20220429;23;30;68;0;10300;76
260;20220429;24;20;54;0;10299;84
260;20220430;1;10;31;0;10295;94
260;20220430;2;10;19;0;10292;97
260;20220430;3;10;16;0;10289;98
260;20220430;4;10;22;0;10283;98
260;20220430;5;10;45;2;10287;97
260;20220430;6;10;66;11;10287;88
260;20220430;7;10;89;42;10286;75
260;20220430;8;30;103;115;10286;66
260;20220430;9;30;115;208;10282;55
260;20220430;10;40;99;162;10281;61
260;20220430;11;30;105;55;10276;62
260;20220430;12;30;103;71;10274;66
260;20220430;13;30;110;68;10269;61
260;20220430;14;30;109;103;10265;64
260;20220430;15;30;108;75;10262;63
260;20220430;16;30;103;47;10259;70
260;20220430;17;20;106;36;10256;70
260;20220430;18;30;101;22;10256;71
260;20220430;19;20;96;5;10258;73
260;20220430;20;20;88;0;10258;79
260;20220430;21;20;82;0;10258;82
260;20220430;22;10;73;0;10257;85
260;20220430;23;10;63;0;10256;91
260;20220430;24;10;46;0;10254;95
260;20220501;1;20;31;0;10251;98
260;20220501;2;10;17;0;10250;98
260;20220501;3;10;8;0;10247;99
260;20220501;4;10;4;0;10245;99
260;20220501;5;10;14;10;10247;98
260;20220501;6;10;57;60;10251;94
260;20220501;7;10;89;92;10251;76
260;20220501;8;10;107;126;10250;67
260;20220501;9;10;115;134;10248;63
260;20220501;10;10;121;205;10247;52
260;20220501;11;10;135;227;10243;46
260;20220501;12;20;135;193;10238;52
260;20220501;13;20;143;244;10232;51
260;20220501;14;20;146;196;10228;48
260;20220501;15;10;144;114;10224;48
260;20220501;16;30;153;181;10221;42
260;20220501;17;30;147;110;10219;44
260;20220501;18;30;139;77;10220;39
260;20220501;19;20;123;12;10222;51
260;20220501;20;20;112;0;10226;60
260;20220501;21;20;97;0;10226;68
260;20220501;22;20;64;0;10224;83
260;20220501;23;10;50;0;10222;92
260;20220501;24;10;41;0;10220;93
260;20220502;1;10;36;0;10216;96
260;20220502;2;10;34;0;10215;96
260;20220502;3;10;22;0;10212;98
260;20220502;4;10;18;0;10210;97
260;20220502;5;10;33;10;10211;98
260;20220502;6;10;78;53;10212;81
260;20220502;7;10;111;109;10212;65
260;20220502;8;20;136;167;10212;55
260;20220502;9;20;144;219;10210;48
260;20220502;10;30;151;256;10208;44
260;20220502;11;30;155;288;10205;40
260;20220502;12;30;161;304;10201;42
260;20220502;13;30;162;229;10198;43
260;20220502;14;40;173;280;10193;43
260;20220502;15;40;164;234;10192;35
260;20220502;16;50;162;179;10190;36
260;20220502;17;40;161;124;10190;39
260;20220502;18;40;146;66;10192;45
260;20220502;19;40;127;17;10196;46
260;20220502;20;30;113;0;10199;52
260;20220502;21;30;103;0;10200;60
260;20220502;22;20;89;0;10201;69
260;20220502;23;20;58;0;10202;86
260;20220502;24;0;44;0;10200;95
260;20220503;1;0;38;0;10199;95
260;20220503;2;10;31;0;10196;97
260;20220503;3;10;31;0;10196;97
260;20220503;4;10;25;0;10195;98
260;20220503;5;20;41;13;10196;99
260;20220503;6;10;85;55;10198;91
260;20220503;7;20;105;80;10201;83
260;20220503;8;20;115;103;10202;79
260;20220503;9;20;128;146;10203;75
260;20220503;10;20;138;149;10203;72
260;20220503;11;20;153;215;10200;65
260;20220503;12;40;139;166;10198;74
260;20220503;13;40;130;70;10196;76
260;20220503;14;40;131;108;10195;75
260;20220503;15;40;126;91;10195;74
260;20220503;16;40;124;85;10194;67
260;20220503;17;40;120;63;10194;67
260;20220503;18;40;112;27;10196;67
260;20220503;19;30;103;8;10197;69
260;20220503;20;30;99;1;10200;71
260;20220503;21;30;96;0;10202;70
260;20220503;22;20;91;0;10203;70
260;20220503;23;20;84;0;10204;70
260;20220503;24;20;82;0;10204;69
260;20220504;1;20;71;0;10203;76
260;20220504;2;10;54;0;10202;91
260;20220504;3;10;54;0;10198;89
260;20220504;4;10;48;0;10197;90
260;20220504;5;10;44;10;10198;95
260;20220504;6;0;85;56;10198;73
260;20220504;7;20;100;112;10199;63
260;20220504;8;10;108;173;10200;59
260;20220504;9;20;109;221;10200;59
260;20220504;10;20;121;269;10197;58
260;20220504;11;20;132;273;10195;56
260;20220504;12;20;142;287;10193;47
260;20220504;13;30;143;234;10190;47
260;20220504;14;30;150;208;10187;43
260;20220504;15;30;153;185;10183;52
260;20220504;16;30;152;143;10184;52
260;20220504;17;30;151;116;10181;50
260;20220504;18;20;140;52;10183;58
260;20220504;19;20;124;13;10187;66
260;20220504;20;10;100;0;10193;79
260;20220504;21;10;81;0;10196;92
260;20220504;22;10;76;0;10198;94
260;20220504;23;0;67;0;10200;97
260;20220504;24;0;58;0;10200;98
260;20220505;1;10;53;0;10200;98
260;20220505;2;10;45;0;10200;98
260;20220505;3;10;42;0;10201;98
260;20220505;4;10;45;0;10203;97
260;20220505;5;10;62;5;10207;95
260;20220505;6;20;86;19;10211;85
260;20220505;7;10;102;34;10215;79
260;20220505;8;10;124;69;10220;66
260;20220505;9;10;135;111;10224;70
260;20220505;10;20;149;147;10226;70
260;20220505;11;20;159;190;10228;64
260;20220505;12;20;166;206;10228;59
260;20220505;13;10;177;173;10228;54
260;20220505;14;20;176;134;10227;54
260;20220505;15;20;186;191;10226;47
260;20220505;16;30;178;115;10229;56
260;20220505;17;30;174;63;10231;60
260;20220505;18;20;169;45;10233;64
260;20220505;19;20;148;15;10237;74
260;20220505;20;20;120;0;10245;87
260;20220505;21;20;122;0;10250;86
260;20220505;22;20;104;0;10252;95
260;20220505;23;10;87;0;10254;97
260;20220505;24;20;93;0;10256;98
260;20220506;1;20;94;0;10254;100
260;20220506;2;10;93;0;10255;100
260;20220506;3;10;93;0;10255;99
260;20220506;4;10;86;0;10255;99
260;20220506;5;10;88;5;10258;99
260;20220506;6;10;90;21;10260;99
260;20220506;7;10;98;44;10264;98
260;20220506;8;20;117;91;10265;89
260;20220506;9;10;141;200;10262;78
260;20220506;10;20;164;258;10260;65
260;20220506;11;20;181;285;10255;57
260;20220506;12;30;193;237;10252;58
260;20220506;13;20;193;171;10249;56
260;20220506;14;30;192;98;10246;55
260;20220506;15;30;200;191;10241;51
260;20220506;16;20;199;109;10238;51
260;20220506;17;30;199;84;10236;50
260;20220506;18;30;184;64;10236;54
260;20220506;19;20;156;11;10237;71
260;20220506;20;10;122;0;10238;87
260;20220506;21;0;105;0;10236;95
260;20220506;22;0;97;0;10235;98
260;20220506;23;0;97;0;10234;98
260;20220506;24;10;95;0;10231;98
260;20220507;1;10;95;0;10228;98
260;20220507;2;10;103;0;10225;95
260;20220507;3;10;101;0;10224;93
260;20220507;4;10;103;0;10225;93
260;20220507;5;20;116;6;10227;87
260;20220507;6;20;131;31;10231;82
260;20220507;7;10;150;76;10233;79
260;20220507;8;20;162;154;10235;73
260;20220507;9;30;179;212;10236;67
260;20220507;10;30;188;245;10237;60
260;20220507;11;30;194;268;10236;58
260;20220507;12;40;199;273;10237;54
260;20220507;13;40;194;288;10236;56
260;20220507;14;40;184;216;10237;60
260;20220507;15;40;177;65;10240;61
260;20220507;16;50;177;107;10239;60
260;20220507;17;50;168;60;10240;65
260;20220507;18;40;154;33;10244;76
260;20220507;19;40;149;19;10250;76
260;20220507;20;40;141;1;10258;71
260;20220507;21;30;127;0;10266;79
260;20220507;22;40;117;0;10270;84
260;20220507;23;40;112;0;10272;84
260;20220507;24;40;109;0;10275;84
260;20220508;1;40;105;0;10275;79
260;20220508;2;40;96;0;10276;80
260;20220508;3;40;85;0;10278;83
260;20220508;4;20;75;0;10281;86
260;20220508;5;20;78;14;10284;85
260;20220508;6;30;93;62;10289;78
260;20220508;7;40;104;119;10292;69
260;20220508;8;40;110;166;10295;67
260;20220508;9;40;121;217;10295;61
260;20220508;10;40;136;268;10293;57
260;20220508;11;40;148;294;10290;46
260;20220508;12;40;157;304;10287;46
260;20220508;13;40;158;297;10284;44
260;20220508;14;30;168;273;10278;45
260;20220508;15;40;163;236;10275;46
260;20220508;16;40;161;187;10272;46
260;20220508;17;40;155;132;10272;51
260;20220508;18;40;147;74;10272;54
260;20220508;19;30;131;22;10275;62
260;20220508;20;30;119;1;10279;67
260;20220508;21;30;105;0;10280;70
260;20220508;22;30;93;0;10281;73
260;20220508;23;30;87;0;10283;74
260;20220508;24;20;71;0;10282;82
260;20220509;1;20;62;0;10279;85
260;20220509;2;20;54;0;10276;89
260;20220509;3;20;42;0;10274;95
260;20220509;4;10;34;0;10271;95
260;20220509;5;10;54;16;10268;95
260;20220509;6;10;95;65;10267;75
260;20220509;7;20;131;124;10266;60
260;20220509;8;10;154;181;10266;51
260;20220509;9;10;176;231;10265;45
260;20220509;10;20;182;270;10261;44
260;20220509;11;20;197;294;10254;38
260;20220509;12;20;202;303;10250;37
260;20220509;13;20;213;295;10243;37
260;20220509;14;20;214;269;10236;36
260;20220509;15;30;220;226;10230;34
260;20220509;16;20;221;165;10223;36
260;20220509;17;10;219;99;10219;38
260;20220509;18;10;202;38;10214;44
260;20220509;19;10;167;13;10214;69
260;20220509;20;10;134;0;10213;82
260;20220509;21;10;127;0;10212;81
260;20220509;22;10;119;0;10211;88
260;20220509;23;10;108;0;10206;94
260;20220509;24;10;98;0;10202;97
260;20220510;1;20;99;0;10196;96
260;20220510;2;20;98;0;10189;95
260;20220510;3;20;125;0;10183;82
260;20220510;4;20;129;0;10178;80
260;20220510;5;20;136;9;10176;78
260;20220510;6;20;151;27;10174;73
260;20220510;7;30;181;58;10168;59
260;20220510;8;40;193;67;10164;57
260;20220510;9;50;218;167;10161;51
260;20220510;10;60;219;167;10161;49
260;20220510;11;60;226;212;10158;45
260;20220510;12;60;229;207;10155;44
260;20220510;13;60;221;193;10152;50
260;20220510;14;50;212;111;10150;47
260;20220510;15;50;193;60;10151;40
260;20220510;16;40;192;56;10150;44
260;20220510;17;40;178;38;10149;54
260;20220510;18;40;170;16;10147;56
260;20220510;19;40;166;17;10143;59
260;20220510;20;30;158;1;10144;70
260;20220510;21;30;155;0;10143;76
260;20220510;22;40;154;0;10138;68
260;20220510;23;40;148;0;10135;68
260;20220510;24;30;147;0;10131;68
260;20220511;1;30;146;0;10125;70
260;20220511;2;30;146;0;10119;71
260;20220511;3;30;147;0;10115;66
260;20220511;4;30;148;0;10112;61
260;20220511;5;40;147;9;10111;60
260;20220511;6;50;150;49;10113;57
260;20220511;7;50;157;104;10112;56
260;20220511;8;60;164;162;10111;52
260;20220511;9;60;178;234;10110;50
260;20220511;10;60;182;269;10110;49
260;20220511;11;60;186;298;10110;47
260;20220511;12;60;196;304;10105;46
260;20220511;13;60;197;295;10103;44
260;20220511;14;50;199;229;10098;47
260;20220511;15;60;203;177;10094;51
260;20220511;16;60;199;154;10092;51
260;20220511;17;50;176;50;10093;59
260;20220511;18;50;182;23;10090;53
260;20220511;19;60;178;4;10089;56
260;20220511;20;60;160;0;10099;73
260;20220511;21;60;141;0;10103;92
260;20220511;22;50;132;0;10115;88
260;20220511;23;50;119;0;10124;85
260;20220511;24;30;110;0;10134;88
260;20220512;1;30;106;0;10141;89
260;20220512;2;30;103;0;10145;93
260;20220512;3;30;101;0;10152;93
260;20220512;4;20;95;1;10159;96
260;20220512;5;20;106;21;10165;92
260;20220512;6;20;124;71;10174;83
260;20220512;7;30;136;125;10181;77
260;20220512;8;30;147;184;10186;64
260;20220512;9;40;158;224;10190;57
260;20220512;10;40;170;252;10190;48
260;20220512;11;50;169;248;10190;45
260;20220512;12;40;172;214;10189;43
260;20220512;13;50;178;189;10188;43
260;20220512;14;50;178;199;10183;41
260;20220512;15;50;179;182;10178;42
260;20220512;16;40;184;201;10177;41
260;20220512;17;50;174;132;10176;45
260;20220512;18;50;167;69;10179;45
260;20220512;19;40;152;28;10179;47
260;20220512;20;30;133;1;10182;56
260;20220512;21;30;132;0;10183;60
260;20220512;22;20;101;0;10182;78
260;20220512;23;30;116;0;10178;67
260;20220512;24;40;116;0;10177;71
260;20220513;1;30;119;0;10173;74
260;20220513;2;40;117;0;10173;79
260;20220513;3;30;117;0;10170;83
260;20220513;4;30;110;0;10172;88
260;20220513;5;30;117;9;10177;84
260;20220513;6;40;130;34;10182;80
260;20220513;7;40;138;56;10185;68
260;20220513;8;40;141;110;10190;64
260;20220513;9;50;147;144;10194;62
260;20220513;10;50;167;184;10195;57
260;20220513;11;60;170;223;10197;54
260;20220513;12;60;166;218;10198;53
260;20220513;13;50;171;154;10198;53
260;20220513;14;50;179;177;10196;50
260;20220513;15;70;177;226;10196;50
260;20220513;16;50;178;179;10195;51
260;20220513;17;50;171;132;10197;56
260;20220513;18;40;162;76;10198;57
260;20220513;19;50;148;25;10199;55
260;20220513;20;40;141;1;10202;57
260;20220513;21;30;130;0;10203;65
260;20220513;22;40;130;0;10203;63
260;20220513;23;40;127;0;10202;67
260;20220513;24;40;121;0;10201;75
260;20220514;1;30;116;0;10199;81
260;20220514;2;20;108;0;10202;87
260;20220514;3;20;97;0;10204;91
260;20220514;4;20;103;1;10204;93
260;20220514;5;20;112;18;10207;92
260;20220514;6;20;127;51;10212;84
260;20220514;7;20;148;125;10214;73
260;20220514;8;10;166;157;10217;63
260;20220514;9;20;180;225;10217;55
260;20220514;10;20;182;258;10217;49
260;20220514;11;20;196;252;10218;48
260;20220514;12;20;195;240;10218;45
260;20220514;13;20;215;271;10215;43
260;20220514;14;20;201;236;10214;45
260;20220514;15;20;213;194;10210;44
260;20220514;16;30;207;189;10209;45
260;20220514;17;30;203;135;10210;48
260;20220514;18;30;192;74;10210;50
260;20220514;19;30;172;25;10212;57
260;20220514;20;20;150;1;10214;66
260;20220514;21;20;140;0;10215;72
260;20220514;22;20;113;0;10216;84
260;20220514;23;20;101;0;10215;88
260;20220514;24;20;95;0;10212;91
260;20220515;1;20;89;0;10210;91
260;20220515;2;20;94;0;10208;89
260;20220515;3;20;88;0;10206;90
260;20220515;4;20;73;1;10203;93
260;20220515;5;10;104;20;10205;83
260;20220515;6;20;132;68;10205;75
260;20220515;7;30;159;127;10205;67
260;20220515;8;20;182;184;10205;58
260;20220515;9;20;206;232;10199;50
260;20220515;10;30;220;261;10196;43
260;20220515;11;40;227;294;10191;39
260;20220515;12;40;238;305;10185;34
260;20220515;13;40;241;298;10180;33
260;20220515;14;40;244;275;10176;29
260;20220515;15;30;248;237;10169;30
260;20220515;16;40;247;190;10163;28
260;20220515;17;40;242;137;10158;29
260;20220515;18;40;232;77;10152;31
260;20220515;19;40;213;23;10150;38
260;20220515;20;40;196;1;10152;43
260;20220515;21;40;186;0;10155;47
260;20220515;22;40;182;0;10153;51
260;20220515;23;40;178;0;10145;53
260;20220515;24;40;168;0;10143;57
260;20220516;1;30;158;0;10138;62
260;20220516;2;30;154;0;10131;64
260;20220516;3;30;148;0;10128;67
260;20220516;4;30;140;1;10124;70
260;20220516;5;20;157;22;10125;67
260;20220516;6;30;182;91;10125;60
260;20220516;7;30;175;48;10131;64
260;20220516;8;20;188;58;10133;66
260;20220516;9;30;199;114;10139;64
260;20220516;10;30;232;254;10139;58
260;20220516;11;40;220;166;10150;61
260;20220516;12;40;197;66;10154;85
260;20220516;13;60;191;135;10163;79
260;20220516;14;50;201;171;10165;66
260;20220516;15;60;193;133;10170;66
260;20220516;16;50;190;78;10175;69
260;20220516;17;50;189;57;10175;68
260;20220516;18;40;190;75;10177;68
260;20220516;19;40;184;28;10182;69
260;20220516;20;30;171;2;10190;74
260;20220516;21;30;165;0;10191;74
260;20220516;22;30;160;0;10193;78
260;20220516;23;20;147;0;10194;84
260;20220516;24;20;136;0;10196;90
260;20220517;1;20;125;0;10195;94
260;20220517;2;10;116;0;10196;97
260;20220517;3;10;111;0;10199;98
260;20220517;4;10;118;2;10200;97
260;20220517;5;10;131;9;10204;97
260;20220517;6;10;158;31;10207;87
260;20220517;7;20;168;53;10208;77
260;20220517;8;10;168;46;10211;80
260;20220517;9;10;182;96;10212;75
260;20220517;10;10;200;200;10211;67
260;20220517;11;20;209;191;10207;59
260;20220517;12;40;221;235;10200;58
260;20220517;13;40;232;263;10196;53
260;20220517;14;40;238;255;10191;51
260;20220517;15;30;244;204;10184;50
260;20220517;16;40;243;139;10179;51
260;20220517;17;40;241;106;10177;53
260;20220517;18;40;227;37;10177;58
260;20220517;19;40;221;19;10176;58
260;20220517;20;20;202;3;10180;66
260;20220517;21;20;193;0;10180;72
260;20220517;22;20;178;0;10182;79
260;20220517;23;20;170;0;10183;83
260;20220517;24;20;149;0;10184;92
260;20220518;1;20;138;0;10187;95
260;20220518;2;10;126;0;10186;100
260;20220518;3;10;135;0;10184;98
260;20220518;4;20;140;1;10187;98
260;20220518;5;20;162;20;10195;89
260;20220518;6;10;181;65;10196;81
260;20220518;7;20;204;70;10202;72
260;20220518;8;30;213;159;10206;71
260;20220518;9;30;212;184;10210;69
260;20220518;10;30;222;222;10212;62
260;20220518;11;30;228;242;10212;60
260;20220518;12;20;230;213;10212;59
260;20220518;13;20;245;268;10211;55
260;20220518;14;30;234;232;10211;57
260;20220518;15;30;235;199;10207;56
260;20220518;16;30;231;169;10207;57
260;20220518;17;30;233;124;10204;57
260;20220518;18;20;220;63;10203;59
260;20220518;19;20;208;24;10201;67
260;20220518;20;20;176;2;10199;78
260;20220518;21;10;156;0;10194;87
260;20220518;22;20;161;0;10189;84
260;20220518;23;20;158;0;10184;86
260;20220518;24;20;153;0;10178;92
260;20220519;1;20;152;0;10171;93
260;20220519;2;20;160;0;10164;89
260;20220519;3;30;189;0;10182;79
260;20220519;4;50;170;0;10180;87
260;20220519;5;10;162;3;10181;97
260;20220519;6;10;167;15;10169;95
260;20220519;7;10;178;41;10167;91
260;20220519;8;10;193;79;10169;84
260;20220519;9;10;203;90;10173;79
260;20220519;10;10;209;116;10169;83
260;20220519;11;20;225;192;10164;71
260;20220519;12;40;174;5;10187;95
260;20220519;13;30;177;4;10171;96
260;20220519;14;10;201;128;10173;83
260;20220519;15;20;209;212;10177;78
260;20220519;16;40;193;86;10188;75
260;20220519;17;50;177;124;10196;78
260;20220519;18;40;172;79;10199;77
260;20220519;19;30;158;27;10210;82
260;20220519;20;30;144;5;10215;85
260;20220519;21;20;136;0;10217;87
260;20220519;22;10;111;0;10219;98
260;20220519;23;10;101;0;10220;99
260;20220519;24;0;94;0;10222;99
260;20220520;1;0;91;0;10220;99
260;20220520;2;10;84;0;10213;99
260;20220520;3;0;80;0;10211;99
260;20220520;4;10;80;2;10212;99
260;20220520;5;20;105;25;10213;98
260;20220520;6;20;119;53;10212;98
260;20220520;7;20;153;120;10208;79
260;20220520;8;20;167;122;10200;71
260;20220520;9;30;183;199;10188;62
260;20220520;10;30;194;186;10179;58
260;20220520;11;40;196;164;10156;59
260;20220520;12;50;195;129;10140;59
260;20220520;13;30;154;14;10142;93
260;20220520;14;20;146;11;10131;97
260;20220520;15;30;146;16;10133;97
260;20220520;16;50;136;28;10137;94
260;20220520;17;40;125;39;10155;93
260;20220520;18;40;120;11;10164;88
260;20220520;19;40;118;10;10172;90
260;20220520;20;40;118;2;10180;91
260;20220520;21;30;117;0;10186;88
260;20220520;22;30;113;0;10189;91
260;20220520;23;40;120;0;10187;92
260;20220520;24;40;124;0;10186;89
260;20220521;1;50;126;0;10186;87
260;20220521;2;40;129;0;10185;88
260;20220521;3;40;132;0;10186;85
260;20220521;4;40;126;2;10187;86
260;20220521;5;30;129;21;10193;81
260;20220521;6;40;137;74;10196;77
260;20220521;7;40;145;127;10202;73
260;20220521;8;40;156;182;10207;71
260;20220521;9;40;162;205;10210;69
260;20220521;10;40;161;153;10210;67
260;20220521;11;40;161;149;10213;65
260;20220521;12;40;171;204;10214;63
260;20220521;13;40;168;115;10214;62
260;20220521;14;40;175;167;10214;60
260;20220521;15;30;170;102;10211;60
260;20220521;16;30;169;88;10208;62
260;20220521;17;30;167;68;10205;63
260;20220521;18;30;162;69;10204;63
260;20220521;19;20;148;37;10205;68
260;20220521;20;20;118;4;10206;87
260;20220521;21;0;96;0;10204;97
260;20220521;22;0;87;0;10199;98
260;20220521;23;10;79;0;10200;98
260;20220521;24;0;75;0;10195;99
260;20220522;1;0;66;0;10192;99
260;20220522;2;10;59;0;10188;99
260;20220522;3;10;63;0;10184;98
260;20220522;4;10;61;2;10182;99
260;20220522;5;10;87;32;10180;97
260;20220522;6;10;126;80;10180;81
260;20220522;7;20;149;135;10180;70
260;20220522;8;20;165;179;10179;63
260;20220522;9;20;171;239;10170;58
260;20220522;10;30;181;266;10165;51
260;20220522;11;30;190;291;10160;52
260;20220522;12;30;198;313;10153;44
260;20220522;13;30;199;302;10145;49
260;20220522;14;30;206;232;10137;50
260;20220522;15;30;208;178;10131;46
260;20220522;16;30;213;175;10126;46
260;20220522;17;20;207;119;10119;50
260;20220522;18;20;202;74;10113;54
260;20220522;19;20;187;30;10109;58
260;20220522;20;20;162;2;10106;77
260;20220522;21;30;168;0;10100;64
260;20220522;22;30;164;0;10097;64
260;20220522;23;30;162;0;10089;63
260;20220522;24;30;153;0;10083;68
260;20220523;1;20;148;0;10073;69
260;20220523;2;20;132;0;10071;80
260;20220523;3;20;126;0;10064;84
260;20220523;4;20;126;1;10049;81
260;20220523;5;10;131;17;10046;83
260;20220523;6;20;149;47;10038;79
260;20220523;7;20;173;88;10031;72
260;20220523;8;30;179;87;10027;71
260;20220523;9;30;203;136;10021;67
260;20220523;10;20;196;102;10013;71
260;20220523;11;20;197;92;10004;68
260;20220523;12;20;215;208;9993;61
260;20220523;13;20;213;88;9983;63
260;20220523;14;20;182;24;9983;88
260;20220523;15;20;173;27;9971;94
260;20220523;16;30;170;23;9963;95
260;20220523;17;40;139;11;9973;97
260;20220523;18;50;133;5;9982;95
260;20220523;19;30;132;4;9985;97
260;20220523;20;30;131;2;9997;94
260;20220523;21;30;131;0;10004;93
260;20220523;22;30;131;0;10004;95
260;20220523;23;20;134;0;10006;94
260;20220523;24;30;137;0;10003;93
260;20220524;1;40;137;0;10001;90
260;20220524;2;40;131;0;10004;88
260;20220524;3;40;128;0;10003;86
260;20220524;4;40;125;1;10006;88
260;20220524;5;50;126;11;10009;86
260;20220524;6;50;125;26;10016;85
260;20220524;7;60;132;63;10022;82
260;20220524;8;60;144;137;10029;72
260;20220524;9;60;134;97;10036;79
260;20220524;10;50;136;161;10045;84
260;20220524;11;40;136;114;10054;81
260;20220524;12;50;145;126;10059;71
260;20220524;13;50;162;174;10064;59
260;20220524;14;50;171;195;10068;54
260;20220524;15;40;167;130;10073;53
260;20220524;16;50;161;174;10079;54
260;20220524;17;30;145;40;10085;73
260;20220524;18;20;155;97;10090;67
260;20220524;19;30;147;46;10093;66
260;20220524;20;20;130;6;10102;73
260;20220524;21;20;99;0;10108;92
260;20220524;22;20;99;0;10112;93
260;20220524;23;20;88;0;10116;96
260;20220524;24;20;80;0;10117;98
260;20220525;1;20;77;0;10120;98
260;20220525;2;20;73;0;10123;99
260;20220525;3;20;87;0;10125;97
260;20220525;4;20;93;3;10128;97
260;20220525;5;30;106;31;10130;92
260;20220525;6;40;122;80;10131;89
260;20220525;7;40;131;126;10135;84
260;20220525;8;40;133;103;10140;81
260;20220525;9;50;155;180;10140;72
260;20220525;10;60;163;196;10141;58
260;20220525;11;70;170;226;10142;55
260;20220525;12;60;169;228;10142;50
260;20220525;13;60;172;176;10142;56
260;20220525;14;60;173;131;10141;60
260;20220525;15;70;168;118;10143;56
260;20220525;16;60;161;37;10144;63
260;20220525;17;60;141;15;10148;77
260;20220525;18;60;145;10;10150;74
260;20220525;19;60;137;5;10151;84
260;20220525;20;50;141;1;10155;83
260;20220525;21;50;145;0;10157;82
260;20220525;22;50;138;0;10160;89
260;20220525;23;50;142;0;10162;88
260;20220525;24;50;143;0;10163;88
260;20220526;1;50;143;0;10165;88
260;20220526;2;40;139;0;10170;90
260;20220526;3;30;137;0;10174;90
260;20220526;4;30;138;2;10178;86
260;20220526;5;30;141;11;10184;82
260;20220526;6;30;146;47;10190;80
260;20220526;7;30;162;135;10195;72
260;20220526;8;40;170;154;10198;69
260;20220526;9;50;167;173;10203;67
260;20220526;10;50;172;176;10209;63
260;20220526;11;60;179;231;10208;60
260;20220526;12;60;178;178;10209;61
260;20220526;13;60;187;238;10208;58
260;20220526;14;70;183;255;10204;57
260;20220526;15;70;177;151;10201;59
260;20220526;16;50;177;130;10200;63
260;20220526;17;70;173;91;10198;65
260;20220526;18;60;171;32;10194;69
260;20220526;19;60;163;8;10193;75
260;20220526;20;60;160;1;10197;76
260;20220526;21;70;157;0;10197;77
260;20220526;22;60;156;0;10194;79
260;20220526;23;60;156;0;10192;81
260;20220526;24;50;142;0;10195;89
260;20220527;1;40;137;0;10192;92
260;20220527;2;30;134;0;10192;88
260;20220527;3;30;129;0;10192;91
260;20220527;4;20;128;2;10193;93
260;20220527;5;30;139;18;10194;84
260;20220527;6;30;145;63;10200;69
260;20220527;7;40;146;110;10205;58
260;20220527;8;50;151;142;10208;56
260;20220527;9;50;153;199;10213;54
260;20220527;10;60;151;245;10216;51
260;20220527;11;60;154;277;10218;55
260;20220527;12;60;146;233;10220;52
260;20220527;13;60;149;260;10225;52
260;20220527;14;60;149;196;10226;57
260;20220527;15;60;148;212;10229;58
260;20220527;16;60;143;182;10227;54
260;20220527;17;50;141;75;10228;55
260;20220527;18;40;143;63;10228;54
260;20220527;19;40;137;37;10228;60
260;20220527;20;30;125;5;10229;68
260;20220527;21;30;121;0;10228;69
260;20220527;22;30;122;0;10225;69
260;20220527;23;20;117;0;10220;77
260;20220527;24;20;109;0;10215;82
260;20220528;1;20;114;0;10214;83
260;20220528;2;20;112;0;10211;86
260;20220528;3;30;111;0;10212;83
260;20220528;4;20;104;2;10216;84
260;20220528;5;30;114;30;10218;75
260;20220528;6;40;122;81;10221;69
260;20220528;7;40;128;78;10223;66
260;20220528;8;40;127;180;10225;61
260;20220528;9;40;142;188;10225;53
260;20220528;10;50;148;224;10224;55
260;20220528;11;50;144;243;10223;56
260;20220528;12;50;155;290;10220;48
260;20220528;13;50;150;196;10217;51
260;20220528;14;50;148;242;10215;51
260;20220528;15;50;139;166;10215;51
260;20220528;16;50;139;134;10213;53
260;20220528;17;50;141;107;10211;57
260;20220528;18;50;116;79;10211;68
260;20220528;19;40;104;13;10208;78
260;20220528;20;20;98;4;10205;80
260;20220528;21;20;91;0;10201;83
260;20220528;22;20;79;0;10196;91
260;20220528;23;10;64;0;10191;99
260;20220528;24;10;55;0;10184;98
260;20220529;1;20;60;0;10179;97
260;20220529;2;20;73;0;10174;96
260;20220529;3;20;86;0;10169;92
260;20220529;4;10;89;2;10168;96
260;20220529;5;20;99;20;10165;91
260;20220529;6;20;107;45;10163;86
260;20220529;7;30;119;114;10163;70
260;20220529;8;40;134;186;10160;63
260;20220529;9;40;136;150;10159;61
260;20220529;10;50;129;141;10159;67
260;20220529;11;40;128;70;10158;67
260;20220529;12;40;131;100;10155;60
260;20220529;13;50;127;141;10153;61
260;20220529;14;50;132;190;10153;58
260;20220529;15;40;126;105;10151;60
260;20220529;16;40;125;66;10149;62
260;20220529;17;40;121;40;10146;62
260;20220529;18;30;98;25;10149;80
260;20220529;19;20;95;18;10148;88
260;20220529;20;10;94;3;10148;88
260;20220529;21;10;91;0;10146;89
260;20220529;22;10;77;0;10144;96
260;20220529;23;10;64;0;10143;97
260;20220529;24;0;52;0;10140;98
260;20220530;1;10;52;0;10138;98
260;20220530;2;0;59;0;10136;97
260;20220530;3;0;53;0;10135;99
260;20220530;4;0;44;3;10135;98
260;20220530;5;10;69;34;10134;90
260;20220530;6;0;101;98;10136;73
260;20220530;7;10;115;119;10138;66
260;20220530;8;20;120;147;10138;60
260;20220530;9;20;118;144;10140;65
260;20220530;10;30;119;90;10141;65
260;20220530;11;20;130;127;10143;58
260;20220530;12;20;145;184;10142;56
260;20220530;13;30;131;129;10144;60
260;20220530;14;20;141;169;10142;56
260;20220530;15;20;143;90;10141;56
260;20220530;16;20;138;90;10139;55
260;20220530;17;10;140;39;10138;59
260;20220530;18;20;134;36;10140;62
260;20220530;19;20;128;24;10141;66
260;20220530;20;20;119;6;10142;72
260;20220530;21;10;87;0;10146;91
260;20220530;22;10;70;0;10146;94
260;20220530;23;10;66;0;10144;97
260;20220530;24;10;67;0;10142;97
260;20220531;1;10;69;0;10140;97
260;20220531;2;10;63;0;10139;98
260;20220531;3;10;64;0;10137;97
260;20220531;4;10;68;2;10136;97
260;20220531;5;10;83;15;10135;94
260;20220531;6;10;113;74;10133;78
260;20220531;7;20;145;140;10131;64
260;20220531;8;20;145;138;10130;64
260;20220531;9;30;155;182;10129;53
260;20220531;10;20;167;207;10126;48
260;20220531;11;30;159;105;10125;50
260;20220531;12;20;168;172;10125;47
260;20220531;13;20;164;171;10122;49
260;20220531;14;30;133;33;10125;72
260;20220531;15;40;135;93;10127;72
260;20220531;16;30;140;131;10124;68
260;20220531;17;30;134;69;10128;73
260;20220531;18;20;118;13;10131;85
260;20220531;19;20;118;21;10131;85
260;20220531;20;20;109;2;10137;91
260;20220531;21;10;98;0;10138;98
260;20220531;22;20;100;0;10137;95
260;20220531;23;20;105;0;10138;93
260;20220531;24;20;108;0;10136;92
260;20220601;1;30;104;0;10133;93
260;20220601;2;20;99;0;10133;94
260;20220601;3;20;101;0;10131;93
260;20220601;4;30;100;3;10129;96
260;20220601;5;20;105;33;10131;89
260;20220601;6;30;118;83;10135;80
260;20220601;7;30;132;141;10139;75
260;20220601;8;30;147;188;10142;68
260;20220601;9;40;146;178;10142;64
260;20220601;10;40;160;251;10144;58
260;20220601;11;50;159;227;10147;56
260;20220601;12;50;153;207;10150;60
260;20220601;13;60;152;182;10154;59
260;20220601;14;50;155;166;10157;60
260;20220601;15;50;158;239;10163;54
260;20220601;16;40;150;118;10166;65
260;20220601;17;40;155;158;10168;62
260;20220601;18;40;141;60;10173;67
260;20220601;19;40;135;44;10179;66
260;20220601;20;30;119;8;10184;73
260;20220601;21;20;102;0;10190;83
260;20220601;22;20;89;0;10194;91
260;20220601;23;20;80;0;10197;96
260;20220601;24;20;66;0;10198;99
260;20220602;1;10;60;0;10201;99
260;20220602;2;10;52;0;10201;97
260;20220602;3;10;49;0;10202;99
260;20220602;4;0;51;5;10206;100
260;20220602;5;0;88;41;10212;95
260;20220602;6;10;122;98;10216;76
260;20220602;7;20;135;136;10218;70
260;20220602;8;20;140;107;10222;67
260;20220602;9;20;154;224;10225;59
260;20220602;10;10;172;307;10225;46
260;20220602;11;10;172;317;10221;50
260;20220602;12;20;181;330;10217;47
260;20220602;13;20;180;210;10216;47
260;20220602;14;30;183;228;10215;47
260;20220602;15;20;190;230;10210;43
260;20220602;16;30;189;205;10207;45
260;20220602;17;40;180;122;10204;49
260;20220602;18;40;175;89;10207;54
260;20220602;19;30;165;43;10206;57
260;20220602;20;30;148;7;10208;62
260;20220602;21;30;134;0;10208;71
260;20220602;22;30;125;0;10207;79
260;20220602;23;30;121;0;10207;82
260;20220602;24;30;114;0;10207;83
260;20220603;1;30;106;0;10204;84
260;20220603;2;30;104;0;10201;84
260;20220603;3;30;105;0;10198;82
260;20220603;4;20;105;4;10194;82
260;20220603;5;30;113;19;10192;81
260;20220603;6;30;138;85;10192;70
260;20220603;7;30;159;142;10193;64
260;20220603;8;30;178;196;10190;60
260;20220603;9;40;196;245;10185;58
260;20220603;10;40;206;277;10183;48
260;20220603;11;40;216;302;10180;44
260;20220603;12;40;226;321;10177;41
260;20220603;13;30;223;291;10177;38
260;20220603;14;40;230;273;10175;36
260;20220603;15;40;233;250;10173;39
260;20220603;16;50;229;202;10174;41
260;20220603;17;60;220;150;10173;40
260;20220603;18;60;206;78;10177;44
260;20220603;19;50;188;20;10180;54
260;20220603;20;60;175;7;10186;58
260;20220603;21;60;163;0;10192;62
260;20220603;22;50;153;0;10199;66
260;20220603;23;60;144;0;10198;66
260;20220603;24;40;132;0;10200;73
260;20220604;1;50;126;0;10201;75
260;20220604;2;50;120;0;10208;79
260;20220604;3;40;116;0;10202;83
260;20220604;4;40;114;6;10201;83
260;20220604;5;50;120;36;10204;81
260;20220604;6;40;129;68;10208;79
260;20220604;7;50;139;87;10211;75
260;20220604;8;60;146;109;10210;74
260;20220604;9;50;158;166;10212;70
260;20220604;10;50;176;190;10213;65
260;20220604;11;50;186;167;10213;62
260;20220604;12;50;190;167;10213;60
260;20220604;13;50;196;129;10210;59
260;20220604;14;50;213;277;10207;52
260;20220604;15;50;220;248;10200;52
260;20220604;16;50;227;201;10196;50
260;20220604;17;50;221;147;10196;53
260;20220604;18;40;216;92;10196;54
260;20220604;19;50;203;44;10192;57
260;20220604;20;50;187;10;10195;64
260;20220604;21;50;172;0;10196;69
260;20220604;22;50;159;0;10195;74
260;20220604;23;40;148;0;10192;78
260;20220604;24;40;142;0;10184;80
260;20220605;1;40;137;0;10179;81
260;20220605;2;40;139;0;10176;79
260;20220605;3;30;138;0;10169;80
260;20220605;4;30;131;4;10161;84
260;20220605;5;30;133;9;10159;83
260;20220605;6;20;134;11;10159;85
260;20220605;7;30;142;26;10154;82
260;20220605;8;30;165;82;10143;74
260;20220605;9;50;196;175;10133;66
260;20220605;10;30;207;138;10133;65
260;20220605;11;30;212;111;10128;64
260;20220605;12;30;211;74;10124;64
260;20220605;13;20;203;46;10121;73
260;20220605;14;10;189;26;10116;88
260;20220605;15;20;181;21;10114;93
260;20220605;16;20;176;21;10114;96
260;20220605;17;30;168;9;10112;98
260;20220605;18;40;166;6;10111;97
260;20220605;19;40;163;5;10115;97
260;20220605;20;30;161;2;10116;97
260;20220605;21;40;156;0;10122;96
260;20220605;22;40;151;0;10127;96
260;20220605;23;40;146;0;10130;97
260;20220605;24;50;141;0;10129;95
260;20220606;1;50;140;0;10127;94
260;20220606;2;40;139;0;10126;93
260;20220606;3;40;141;0;10125;92
260;20220606;4;30;140;4;10123;92
260;20220606;5;40;145;11;10123;90
260;20220606;6;60;146;46;10126;86
260;20220606;7;60;146;85;10130;82
260;20220606;8;60;153;154;10132;76
260;20220606;9;70;161;178;10129;71
260;20220606;10;70;176;216;10128;64
260;20220606;11;50;148;87;10128;86
260;20220606;12;60;142;106;10126;87
260;20220606;13;60;144;58;10124;90
260;20220606;14;60;133;29;10127;93
260;20220606;15;50;131;25;10131;93
260;20220606;16;40;130;39;10134;94
260;20220606;17;40;128;25;10136;92
260;20220606;18;30;126;18;10141;87
260;20220606;19;30;126;15;10140;88
260;20220606;20;30;125;3;10138;89
260;20220606;21;30;126;0;10136;92
260;20220606;22;30;126;0;10135;92
260;20220606;23;30;126;0;10131;93
260;20220606;24;30;129;0;10126;91
260;20220607;1;40;129;0;10122;91
260;20220607;2;40;129;0;10117;92
260;20220607;3;30;130;0;10115;91
260;20220607;4;30;130;3;10117;90
260;20220607;5;30;133;14;10119;85
260;20220607;6;30;140;47;10120;83
260;20220607;7;40;147;69;10122;78
260;20220607;8;50;151;106;10123;72
260;20220607;9;40;154;96;10125;71
260;20220607;10;40;170;158;10123;65
260;20220607;11;50;163;105;10126;70
260;20220607;12;40;172;107;10125;66
260;20220607;13;40;183;195;10124;65
260;20220607;14;40;186;195;10120;64
260;20220607;15;40;190;202;10120;63
260;20220607;16;40;183;175;10119;62
260;20220607;17;30;182;144;10119;62
260;20220607;18;30;178;99;10118;60
260;20220607;19;20;169;45;10119;64
260;20220607;20;10;145;8;10119;79
260;20220607;21;10;136;0;10117;90
260;20220607;22;10;136;0;10113;89
260;20220607;23;20;144;0;10108;86
260;20220607;24;20;147;0;10103;88
260;20220608;1;20;148;0;10097;88
260;20220608;2;20;144;0;10090;90
260;20220608;3;20;136;0;10083;93
260;20220608;4;20;137;8;10081;92
260;20220608;5;20;145;33;10078;89
260;20220608;6;20;153;43;10072;85
260;20220608;7;30;172;101;10068;82
260;20220608;8;40;170;111;10065;79
260;20220608;9;40;181;150;10063;75
260;20220608;10;50;178;109;10062;75
260;20220608;11;60;167;81;10064;73
260;20220608;12;40;156;57;10061;90
260;20220608;13;20;155;44;10055;93
260;20220608;14;30;152;35;10052;93
260;20220608;15;30;158;32;10052;93
260;20220608;16;40;161;40;10051;91
260;20220608;17;40;164;42;10055;89
260;20220608;18;40;164;35;10058;85
260;20220608;19;30;162;23;10061;87
260;20220608;20;20;161;7;10064;81
260;20220608;21;30;153;0;10070;84
260;20220608;22;30;144;0;10071;89
260;20220608;23;30;144;0;10072;89
260;20220608;24;30;142;0;10073;91
260;20220609;1;30;140;0;10079;90
260;20220609;2;30;137;0;10082;89
260;20220609;3;30;137;0;10089;87
260;20220609;4;20;135;5;10096;87
260;20220609;5;20;148;37;10104;82
260;20220609;6;30;158;84;10114;79
260;20220609;7;30;150;73;10124;85
260;20220609;8;30;166;116;10130;77
260;20220609;9;40;174;189;10138;67
260;20220609;10;40;181;260;10145;64
260;20220609;11;40;184;240;10152;57
260;20220609;12;50;189;278;10155;56
260;20220609;13;50;194;273;10160;56
260;20220609;14;40;193;209;10168;54
260;20220609;15;40;196;218;10173;48
260;20220609;16;40;200;221;10176;45
260;20220609;17;40;192;136;10179;47
260;20220609;18;30;190;96;10184;49
260;20220609;19;30;180;52;10187;52
260;20220609;20;20;159;10;10191;61
260;20220609;21;20;151;0;10196;69
260;20220609;22;30;143;0;10199;71
260;20220609;23;20;129;0;10200;79
260;20220609;24;20;103;0;10201;91
260;20220610;1;20;112;0;10199;90
260;20220610;2;20;129;0;10198;84
260;20220610;3;20;146;0;10200;77
260;20220610;4;40;149;2;10202;80
260;20220610;5;30;146;10;10203;87
260;20220610;6;30;154;28;10204;81
260;20220610;7;40;157;33;10207;81
260;20220610;8;40;179;83;10208;73
260;20220610;9;50;192;172;10207;66
260;20220610;10;50;200;223;10206;65
260;20220610;11;50;198;148;10209;65
260;20220610;12;50;208;197;10206;63
260;20220610;13;50;214;200;10205;61
260;20220610;14;40;213;153;10206;62
260;20220610;15;40;216;120;10204;62
260;20220610;16;40;206;49;10202;65
260;20220610;17;30;208;42;10201;65
260;20220610;18;40;205;55;10200;66
260;20220610;19;30;201;40;10200;68
260;20220610;20;30;187;10;10202;73
260;20220610;21;20;167;0;10202;85
260;20220610;22;20;160;0;10201;88
260;20220610;23;20;152;0;10203;91
260;20220610;24;20;140;0;10204;94
260;20220611;1;30;154;0;10203;84
260;20220611;2;30;152;0;10202;83
260;20220611;3;30;150;0;10205;83
260;20220611;4;40;147;5;10211;81
260;20220611;5;30;153;36;10215;80
260;20220611;6;30;164;87;10218;78
260;20220611;7;30;175;136;10221;67
260;20220611;8;30;187;197;10222;59
260;20220611;9;30;195;245;10223;55
260;20220611;10;40;206;299;10224;54
260;20220611;11;40;203;282;10225;55
260;20220611;12;40;205;169;10223;54
260;20220611;13;50;213;322;10225;48
260;20220611;14;50;213;307;10226;48
260;20220611;15;50;213;262;10224;44
260;20220611;16;50;212;215;10224;41
260;20220611;17;40;213;161;10223;40
260;20220611;18;30;205;104;10224;42
260;20220611;19;30;193;49;10223;47
260;20220611;20;20;177;11;10224;47
260;20220611;21;20;164;0;10227;53
260;20220611;22;20;127;0;10226;79
260;20220611;23;20;151;0;10228;65
260;20220611;24;20;121;0;10226;79
260;20220612;1;10;105;0;10223;90
260;20220612;2;20;118;0;10223;87
260;20220612;3;20;125;0;10222;86
260;20220612;4;20;126;5;10223;88
260;20220612;5;20;139;35;10223;85
260;20220612;6;20;160;86;10225;76
260;20220612;7;20;165;113;10229;74
260;20220612;8;30;185;195;10229;65
260;20220612;9;30;190;238;10227;56
260;20220612;10;40;196;233;10226;55
260;20220612;11;50;199;291;10226;45
260;20220612;12;50;201;309;10224;44
260;20220612;13;40;194;251;10222;48
260;20220612;14;50;208;310;10220;39
260;20220612;15;40;193;159;10218;54
260;20220612;16;40;189;217;10216;52
260;20220612;17;40;190;167;10213;52
260;20220612;18;30;181;87;10212;56
260;20220612;19;30;169;48;10214;61
260;20220612;20;20;153;7;10215;72
260;20220612;21;20;133;0;10214;84
260;20220612;22;10;115;0;10212;92
260;20220612;23;10;109;0;10208;97
260;20220612;24;10;108;0;10207;97
260;20220613;1;10;116;0;10201;95
260;20220613;2;10;119;0;10202;95
260;20220613;3;10;122;0;10202;96
260;20220613;4;20;142;2;10204;84
260;20220613;5;20;146;15;10206;77
260;20220613;6;20;156;74;10213;63
260;20220613;7;40;160;107;10217;65
260;20220613;8;40;164;175;10224;60
260;20220613;9;40;165;172;10230;59
260;20220613;10;40;170;223;10233;56
260;20220613;11;50;168;221;10236;50
260;20220613;12;40;165;217;10239;54
260;20220613;13;50;175;305;10240;51
260;20220613;14;40;170;185;10242;51
260;20220613;15;40;161;261;10242;55
260;20220613;16;40;156;111;10242;57
260;20220613;17;40;164;148;10241;54
260;20220613;18;30;160;94;10241;51
260;20220613;19;30;152;51;10242;52
260;20220613;20;20;135;10;10245;62
260;20220613;21;20;125;0;10247;69
260;20220613;22;10;102;0;10246;84
260;20220613;23;10;91;0;10246;91
260;20220613;24;10;79;0;10246;95
260;20220614;1;0;76;0;10245;96
260;20220614;2;10;70;0;10241;97
260;20220614;3;10;63;0;10239;98
260;20220614;4;10;64;3;10238;98
260;20220614;5;10;91;30;10241;90
260;20220614;6;10;136;85;10241;69
260;20220614;7;10;157;141;10242;59
260;20220614;8;10;164;194;10242;56
260;20220614;9;20;176;260;10241;53
260;20220614;10;20;185;206;10237;50
260;20220614;11;20;189;294;10233;48
260;20220614;12;10;184;163;10229;50
260;20220614;13;20;206;277;10223;47
260;20220614;14;20;205;200;10220;45
260;20220614;15;20;195;244;10213;47
260;20220614;16;20;209;193;10208;45
260;20220614;17;20;204;152;10203;44
260;20220614;18;30;197;103;10202;46
260;20220614;19;40;185;50;10203;50
260;20220614;20;40;164;10;10205;63
260;20220614;21;30;151;0;10206;69
260;20220614;22;20;136;0;10204;77
260;20220614;23;30;134;0;10204;77
260;20220614;24;20;113;0;10201;88
260;20220615;1;10;101;0;10200;93
260;20220615;2;10;89;0;10197;94
260;20220615;3;10;84;0;10194;95
260;20220615;4;10;88;5;10194;96
260;20220615;5;10;126;37;10195;80
260;20220615;6;10;154;89;10195;67
260;20220615;7;20;180;146;10197;57
260;20220615;8;20;194;201;10199;50
260;20220615;9;40;198;249;10198;48
260;20220615;10;40;207;288;10194;50
260;20220615;11;40;213;313;10194;48
260;20220615;12;30;225;322;10191;44
260;20220615;13;30;231;317;10189;40
260;20220615;14;20;235;287;10190;39
260;20220615;15;30;235;256;10187;39
260;20220615;16;40;222;199;10186;48
260;20220615;17;40;223;160;10184;50
260;20220615;18;40;209;85;10187;53
260;20220615;19;40;201;43;10186;56
260;20220615;20;30;188;9;10191;62
260;20220615;21;30;181;0;10195;62
260;20220615;22;30;172;0;10199;60
260;20220615;23;30;161;0;10197;62
260;20220615;24;30;152;0;10199;64
260;20220616;1;20;128;0;10200;73
260;20220616;2;10;104;0;10203;87
260;20220616;3;10;90;0;10205;92
260;20220616;4;10;89;4;10209;94
260;20220616;5;10;132;31;10217;71
260;20220616;6;10;158;86;10223;58
260;20220616;7;20;172;141;10223;51
260;20220616;8;20;189;195;10230;51
260;20220616;9;20;202;243;10230;48
260;20220616;10;20;215;281;10234;50
260;20220616;11;20;219;306;10234;42
260;20220616;12;20;224;300;10233;46
260;20220616;13;20;238;289;10236;41
260;20220616;14;20;237;296;10235;42
260;20220616;15;30;241;250;10234;42
260;20220616;16;30;236;201;10234;40
260;20220616;17;30;226;103;10234;41
260;20220616;18;20;227;106;10231;42
260;20220616;19;20;209;37;10228;51
260;20220616;20;20;183;12;10237;67
260;20220616;21;10;150;0;10240;88
260;20220616;22;10;136;0;10240;91
260;20220616;23;10;130;0;10240;92
260;20220616;24;10;148;0;10239;81
260;20220617;1;10;132;0;10238;89
260;20220617;2;10;124;0;10237;96
260;20220617;3;20;120;0;10237;96
260;20220617;4;20;137;4;10237;91
260;20220617;5;20;160;15;10236;78
260;20220617;6;20;174;40;10232;73
260;20220617;7;30;197;86;10229;65
260;20220617;8;30;216;177;10233;55
260;20220617;9;40;234;236;10232;46
260;20220617;10;40;247;274;10232;44
260;20220617;11;40;255;299;10226;38
260;20220617;12;50;263;309;10217;39
260;20220617;13;40;272;276;10214;34
260;20220617;14;40;279;266;10207;33
260;20220617;15;40;288;240;10202;34
260;20220617;16;50;288;187;10197;35
260;20220617;17;40;287;142;10191;33
260;20220617;18;40;285;99;10187;35
260;20220617;19;30;274;49;10184;41
260;20220617;20;20;238;11;10183;62
260;20220617;21;10;200;0;10183;77
260;20220617;22;20;186;0;10180;84
260;20220617;23;20;222;0;10176;57
260;20220617;24;40;233;0;10174;51
260;20220618;1;40;221;0;10171;56
260;20220618;2;30;209;0;10169;63
260;20220618;3;20;196;0;10170;70
260;20220618;4;20;193;4;10171;73
260;20220618;5;20;192;27;10172;76
260;20220618;6;10;201;69;10172;73
260;20220618;7;10;213;120;10176;71
260;20220618;8;20;221;173;10177;69
260;20220618;9;20;241;217;10174;64
260;20220618;10;20;251;257;10172;61
260;20220618;11;30;255;281;10169;58
260;20220618;12;20;260;289;10166;54
260;20220618;13;20;260;275;10160;57
260;20220618;14;40;256;266;10161;55
260;20220618;15;40;247;240;10156;58
260;20220618;16;50;232;192;10149;62
260;20220618;17;50;224;93;10149;66
260;20220618;18;60;205;75;10141;68
260;20220618;19;50;195;40;10131;71
260;20220618;20;40;190;11;10131;72
260;20220618;21;50;171;0;10127;73
260;20220618;22;50;159;0;10133;69
260;20220618;23;60;153;0;10116;56
260;20220618;24;60;147;0;10109;60
260;20220619;1;60;150;0;10126;58
260;20220619;2;60;153;0;10119;61
260;20220619;3;60;151;0;10124;65
260;20220619;4;70;149;4;10100;58
260;20220619;5;50;137;8;10106;70
260;20220619;6;30;140;16;10100;76
260;20220619;7;30;140;13;10130;80
260;20220619;8;20;139;11;10130;80
260;20220619;9;30;138;47;10128;87
260;20220619;10;40;155;125;10116;75
260;20220619;11;40;150;54;10124;75
260;20220619;12;50;161;182;10132;72
260;20220619;13;40;168;101;10143;68
260;20220619;14;30;167;134;10146;62
260;20220619;15;20;151;34;10145;79
260;20220619;16;30;150;53;10136;81
260;20220619;17;30;158;96;10139;68
260;20220619;18;20;159;62;10141;68
260;20220619;19;30;155;30;10142;67
260;20220619;20;30;148;5;10140;69
260;20220619;21;30;142;1;10147;73
260;20220619;22;30;134;0;10150;78
260;20220619;23;30;128;0;10144;85
260;20220619;24;20;124;0;10145;89
260;20220620;1;10;122;0;10145;89
260;20220620;2;20;131;0;10152;84
260;20220620;3;20;128;0;10149;81
260;20220620;4;20;122;7;10144;83
260;20220620;5;20;131;36;10151;81
260;20220620;6;30;142;77;10154;75
260;20220620;7;40;148;137;10159;69
260;20220620;8;30;160;139;10160;63
260;20220620;9;40;171;260;10163;57
260;20220620;10;40;177;242;10166;53
260;20220620;11;40;176;246;10171;51
260;20220620;12;40;179;204;10173;53
260;20220620;13;40;175;157;10175;55
260;20220620;14;40;177;115;10175;53
260;20220620;15;40;190;197;10176;48
260;20220620;16;40;189;162;10176;52
260;20220620;17;30;188;181;10174;52
260;20220620;18;30;173;120;10176;58
260;20220620;19;30;165;30;10179;60
260;20220620;20;30;146;11;10178;72
260;20220620;21;20;133;0;10181;79
260;20220620;22;10;102;0;10179;92
260;20220620;23;10;92;0;10177;94
260;20220620;24;10;83;0;10177;96
260;20220621;1;10;77;0;10173;98
260;20220621;2;10;75;0;10172;98
260;20220621;3;10;67;0;10167;98
260;20220621;4;10;72;5;10166;98
260;20220621;5;10;107;39;10161;90
260;20220621;6;20;140;91;10163;74
260;20220621;7;20;152;144;10169;70
260;20220621;8;20;154;176;10168;69
260;20220621;9;20;174;238;10163;61
260;20220621;10;10;183;254;10159;57
260;20220621;11;10;195;252;10153;50
260;20220621;12;10;201;242;10152;45
260;20220621;13;20;213;230;10146;44
260;20220621;14;20;205;168;10144;46
260;20220621;15;20;210;144;10141;47
260;20220621;16;10;219;191;10137;42
260;20220621;17;20;211;101;10134;46
260;20220621;18;30;202;132;10136;52
260;20220621;19;30;193;55;10139;55
260;20220621;20;20;165;6;10142;66
260;20220621;21;20;160;0;10143;72
260;20220621;22;30;152;0;10140;80
260;20220621;23;20;137;0;10141;87
260;20220621;24;10;109;0;10142;94
260;20220622;1;10;101;0;10143;94
260;20220622;2;10;97;0;10141;95
260;20220622;3;10;99;0;10134;96
260;20220622;4;10;100;6;10137;96
260;20220622;5;10;139;38;10139;79
260;20220622;6;20;160;89;10144;69
260;20220622;7;30;181;144;10143;60
260;20220622;8;30;193;202;10139;55
260;20220622;9;30;205;252;10141;51
260;20220622;10;30;211;292;10140;47
260;20220622;11;30;225;317;10139;42
260;20220622;12;30;230;327;10135;34
260;20220622;13;30;240;320;10131;35
260;20220622;14;30;242;296;10125;36
260;20220622;15;30;249;259;10123;39
260;20220622;16;40;242;215;10122;39
260;20220622;17;50;231;163;10121;47
260;20220622;18;40;224;107;10121;49
260;20220622;19;40;212;54;10122;59
260;20220622;20;30;197;13;10126;71
260;20220622;21;30;184;0;10130;77
260;20220622;22;30;171;0;10131;81
260;20220622;23;30;164;0;10132;83
260;20220622;24;30;156;0;10129;84
260;20220623;1;30;145;0;10126;87
260;20220623;2;20;137;0;10125;91
260;20220623;3;20;134;0;10124;91
260;20220623;4;20;133;5;10120;92
260;20220623;5;20;152;36;10119;83
260;20220623;6;30;175;82;10117;73
260;20220623;7;30;200;136;10116;64
260;20220623;8;30;224;189;10115;58
260;20220623;9;30;238;235;10113;56
260;20220623;10;30;252;268;10111;60
260;20220623;11;30;271;296;10106;55
260;20220623;12;40;280;300;10101;49
260;20220623;13;50;285;309;10097;47
260;20220623;14;40;289;271;10094;48
260;20220623;15;40;293;221;10088;44
260;20220623;16;40;292;191;10085;41
260;20220623;17;30;282;84;10081;46
260;20220623;18;20;284;73;10082;47
260;20220623;19;30;272;50;10081;51
260;20220623;20;20;246;13;10087;64
260;20220623;21;30;235;1;10087;68
260;20220623;22;20;220;0;10081;79
260;20220623;23;20;218;0;10072;78
260;20220623;24;20;209;0;10070;84
260;20220624;1;30;206;0;10063;85
260;20220624;2;50;170;0;10074;94
260;20220624;3;20;172;0;10065;95
260;20220624;4;20;171;1;10062;94
260;20220624;5;10;172;5;10064;95
260;20220624;6;10;176;17;10062;96
260;20220624;7;10;187;43;10066;92
260;20220624;8;20;189;34;10067;91
260;20220624;9;20;193;66;10066;84
260;20220624;10;30;204;143;10066;81
260;20220624;11;30;209;178;10064;76
260;20220624;12;40;192;123;10063;86
260;20220624;13;20;213;155;10062;77
260;20220624;14;20;223;244;10061;68
260;20220624;15;30;221;194;10062;65
260;20220624;16;20;195;58;10064;82
260;20220624;17;10;197;96;10062;86
260;20220624;18;20;198;50;10066;87
260;20220624;19;10;192;25;10067;90
260;20220624;20;10;184;12;10076;95
260;20220624;21;10;174;0;10078;98
260;20220624;22;20;178;0;10079;90
260;20220624;23;20;169;0;10078;90
260;20220624;24;20;165;0;10078;92
260;20220625;1;20;162;0;10081;92
260;20220625;2;20;158;0;10084;94
260;20220625;3;20;155;0;10091;94
260;20220625;4;20;158;6;10094;93
260;20220625;5;20;178;47;10098;82
260;20220625;6;30;184;65;10104;76
260;20220625;7;30;197;120;10106;72
260;20220625;8;30;198;105;10110;74
260;20220625;9;40;196;101;10113;72
260;20220625;10;30;208;186;10112;69
260;20220625;11;40;199;132;10115;75
260;20220625;12;30;210;174;10118;72
260;20220625;13;30;217;230;10117;69
260;20220625;14;20;219;183;10115;62
260;20220625;15;20;219;73;10113;63
260;20220625;16;10;217;56;10107;68
260;20220625;17;20;184;43;10111;82
260;20220625;18;30;175;15;10119;85
260;20220625;19;20;170;8;10118;91
260;20220625;20;10;168;4;10118;90
260;20220625;21;20;164;0;10115;93
260;20220625;22;10;163;0;10123;95
260;20220625;23;20;163;0;10121;96
260;20220625;24;10;162;0;10117;97
260;20220626;1;10;162;0;10121;96
260;20220626;2;20;164;0;10125;91
260;20220626;3;30;156;0;10123;93
260;20220626;4;30;150;3;10129;92
260;20220626;5;20;155;27;10135;92
260;20220626;6;30;160;65;10140;88
260;20220626;7;30;169;111;10149;82
260;20220626;8;30;176;119;10154;73
260;20220626;9;20;178;97;10156;75
260;20220626;10;20;180;131;10158;73
260;20220626;11;30;190;177;10162;68
260;20220626;12;30;196;195;10159;67
260;20220626;13;40;197;192;10160;62
260;20220626;14;40;205;187;10161;59
260;20220626;15;40;200;129;10159;63
260;20220626;16;40;195;83;10158;69
260;20220626;17;40;198;117;10156;63
260;20220626;18;30;191;47;10153;65
260;20220626;19;20;188;45;10157;65
260;20220626;20;10;172;11;10157;79
260;20220626;21;10;157;0;10156;88
260;20220626;22;0;154;0;10159;90
260;20220626;23;10;158;0;10152;89
260;20220626;24;10;156;0;10155;90
260;20220627;1;10;159;0;10157;89
260;20220627;2;10;156;0;10158;93
260;20220627;3;10;151;0;10150;94
260;20220627;4;0;138;2;10147;96
260;20220627;5;10;162;30;10142;87
260;20220627;6;0;172;32;10151;86
260;20220627;7;10;177;23;10155;83
260;20220627;8;10;188;53;10154;75
260;20220627;9;10;191;64;10160;73
260;20220627;10;10;196;66;10160;67
260;20220627;11;10;190;52;10159;77
260;20220627;12;10;191;50;10161;77
260;20220627;13;30;163;27;10167;81
260;20220627;14;30;144;33;10187;90
260;20220627;15;20;151;44;10178;90
260;20220627;16;30;168;154;10177;82
260;20220627;17;20;174;160;10183;75
260;20220627;18;30;174;97;10189;70
260;20220627;19;20;175;46;10193;72
260;20220627;20;20;144;13;10198;87
260;20220627;21;20;128;0;10200;93
260;20220627;22;20;129;0;10202;90
260;20220627;23;20;128;0;10202;89
260;20220627;24;20;131;0;10203;89
260;20220628;1;20;133;0;10203;87
260;20220628;2;20;122;0;10205;91
260;20220628;3;20;117;0;10208;92
260;20220628;4;20;107;5;10214;96
260;20220628;5;20;140;34;10215;82
260;20220628;6;30;153;85;10214;77
260;20220628;7;20;167;139;10217;71
260;20220628;8;30;175;187;10217;61
260;20220628;9;30;181;227;10215;62
260;20220628;10;40;195;296;10212;50
260;20220628;11;40;201;310;10208;45
260;20220628;12;30;209;318;10203;48
260;20220628;13;30;216;323;10202;47
260;20220628;14;30;215;217;10197;49
260;20220628;15;20;221;164;10193;51
260;20220628;16;20;217;212;10186;52
260;20220628;17;20;227;136;10181;47
260;20220628;18;20;224;101;10179;48
260;20220628;19;20;213;50;10175;52
260;20220628;20;20;191;11;10175;63
260;20220628;21;10;154;0;10175;89
260;20220628;22;10;140;0;10173;93
260;20220628;23;20;145;0;10169;82
260;20220628;24;30;154;0;10165;74
260;20220629;1;30;155;0;10161;71
260;20220629;2;20;140;0;10157;81
260;20220629;3;20;119;0;10154;92
260;20220629;4;10;119;4;10149;94
260;20220629;5;20;162;32;10147;73
260;20220629;6;20;177;73;10144;69
260;20220629;7;30;201;137;10144;66
260;20220629;8;30;226;191;10142;60
260;20220629;9;30;239;245;10141;51
260;20220629;10;30;251;280;10139;44
260;20220629;11;40;251;290;10136;44
260;20220629;12;40;260;280;10132;38
260;20220629;13;40;257;201;10130;42
260;20220629;14;30;252;159;10127;45
260;20220629;15;30;242;117;10127;55
260;20220629;16;30;237;72;10126;56
260;20220629;17;20;247;98;10120;51
260;20220629;18;20;245;95;10117;54
260;20220629;19;30;232;45;10118;58
260;20220629;20;30;217;11;10120;66
260;20220629;21;20;204;0;10123;74
260;20220629;22;20;193;0;10120;82
260;20220629;23;10;164;0;10119;93
260;20220629;24;10;164;0;10112;89
260;20220630;1;10;150;0;10107;95
260;20220630;2;20;153;0;10108;94
260;20220630;3;20;151;0;10106;94
260;20220630;4;20;165;3;10106;87
260;20220630;5;10;186;29;10107;79
260;20220630;6;30;194;79;10110;76
260;20220630;7;30;196;131;10112;76
260;20220630;8;30;206;192;10120;69
260;20220630;9;30;214;233;10121;63
260;20220630;10;30;224;265;10124;60
260;20220630;11;30;233;286;10123;56
260;20220630;12;30;223;248;10121;58
260;20220630;13;30;219;189;10115;59
260;20220630;14;40;215;158;10114;64
260;20220630;15;40;208;163;10116;63
260;20220630;16;50;187;66;10117;68
260;20220630;17;50;171;12;10123;72
260;20220630;18;50;141;7;10133;91
260;20220630;19;20;141;6;10128;93
260;20220630;20;20;143;3;10129;94
260;20220630;21;30;141;1;10137;93
260;20220630;22;30;139;0;10146;93
260;20220630;23;30;139;0;10149;94
260;20220630;24;20;138;0;10144;93
260;20220701;1;30;140;0;10148;93
260;20220701;2;30;134;0;10149;92
260;20220701;3;20;129;0;10151;94
260;20220701;4;30;131;2;10153;94
260;20220701;5;30;133;16;10157;92
260;20220701;6;30;139;38;10158;90
260;20220701;7;40;155;99;10158;84
260;20220701;8;40;160;139;10163;76
260;20220701;9;50;177;174;10169;67
260;20220701;10;50;190;295;10171;55
260;20220701;11;60;191;326;10176;53
260;20220701;12;60;196;303;10173;48
260;20220701;13;70;174;192;10178;62
260;20220701;14;50;189;240;10183;57
260;20220701;15;60;196;234;10185;52
260;20220701;16;60;198;226;10188;54
260;20220701;17;50;191;113;10191;53
260;20220701;18;40;190;113;10193;56
260;20220701;19;40;179;49;10195;60
260;20220701;20;30;168;10;10202;68
260;20220701;21;20;159;0;10208;73
260;20220701;22;20;137;0;10211;84
260;20220701;23;20;119;0;10212;94
260;20220701;24;10;113;0;10212;96
260;20220702;1;20;113;0;10212;97
260;20220702;2;20;110;0;10211;95
260;20220702;3;20;119;0;10211;86
260;20220702;4;20;106;4;10213;94
260;20220702;5;20;140;33;10215;78
260;20220702;6;30;159;86;10218;69
260;20220702;7;30;172;139;10221;61
260;20220702;8;30;187;198;10221;53
260;20220702;9;40;197;246;10217;50
260;20220702;10;40;207;284;10214;46
260;20220702;11;40;210;279;10210;49
260;20220702;12;40;212;175;10207;50
260;20220702;13;30;223;246;10201;46
260;20220702;14;40;228;202;10196;45
260;20220702;15;40;224;105;10194;48
260;20220702;16;40;230;154;10190;43
260;20220702;17;30;233;154;10185;42
260;20220702;18;30;223;76;10183;48
260;20220702;19;20;203;14;10179;60
260;20220702;20;20;191;4;10180;68
260;20220702;21;10;183;0;10181;70
260;20220702;22;20;177;0;10180;73
260;20220702;23;10;157;0;10178;82
260;20220702;24;20;142;0;10178;88
260;20220703;1;10;125;0;10177;95
260;20220703;2;0;117;0;10174;97
260;20220703;3;10;121;0;10173;97
260;20220703;4;10;125;3;10173;97
260;20220703;5;20;161;27;10175;80
260;20220703;6;20;176;66;10177;75
260;20220703;7;30;182;113;10178;73
260;20220703;8;30;195;191;10180;67
260;20220703;9;30;195;213;10181;66
260;20220703;10;30;209;250;10181;61
260;20220703;11;30;180;60;10187;77
260;20220703;12;30;195;157;10182;67
260;20220703;13;30;205;189;10184;67
260;20220703;14;40;203;213;10187;62
260;20220703;15;40;199;122;10190;61
260;20220703;16;40;202;168;10190;55
260;20220703;17;40;191;89;10191;61
260;20220703;18;40;183;94;10193;63
260;20220703;19;30;179;54;10196;68
260;20220703;20;30;164;12;10199;72
260;20220703;21;20;149;0;10202;79
260;20220703;22;10;126;0;10204;92
260;20220703;23;10;115;0;10205;96
260;20220703;24;10;107;0;10202;98
260;20220704;1;10;102;0;10198;98
260;20220704;2;10;101;0;10196;99
260;20220704;3;10;97;0;10195;98
260;20220704;4;10;103;5;10198;98
260;20220704;5;10;130;23;10201;96
260;20220704;6;20;161;65;10202;86
260;20220704;7;20;175;111;10200;81
260;20220704;8;20;193;182;10202;67
260;20220704;9;40;202;216;10205;58
260;20220704;10;30;191;101;10206;57
260;20220704;11;40;211;208;10205;52
260;20220704;12;40;207;282;10203;49
260;20220704;13;40;211;266;10199;49
260;20220704;14;40;214;247;10200;47
260;20220704;15;40;212;173;10199;49
260;20220704;16;40;218;208;10197;48
260;20220704;17;40;210;159;10196;51
260;20220704;18;40;198;73;10198;51
260;20220704;19;30;190;45;10201;54
260;20220704;20;20;169;12;10206;66
260;20220704;21;10;138;0;10212;85
260;20220704;22;10;120;0;10215;92
260;20220704;23;10;112;0;10214;96
260;20220704;24;0;106;0;10214;96
260;20220705;1;10;102;0;10213;98
260;20220705;2;0;107;0;10214;98
260;20220705;3;0;103;0;10214;98
260;20220705;4;0;113;3;10216;94
260;20220705;5;10;128;17;10217;85
260;20220705;6;10;167;75;10220;67
260;20220705;7;20;176;90;10224;64
260;20220705;8;20;183;101;10226;61
260;20220705;9;20;188;159;10227;58
260;20220705;10;30;196;150;10228;53
260;20220705;11;30;196;167;10229;55
260;20220705;12;50;198;230;10231;50
260;20220705;13;50;204;295;10231;45
260;20220705;14;50;194;244;10236;48
260;20220705;15;40;197;181;10235;51
260;20220705;16;40;188;166;10239;55
260;20220705;17;50;173;71;10241;57
260;20220705;18;40;169;97;10244;54
260;20220705;19;30;162;42;10245;59
260;20220705;20;30;145;12;10248;65
260;20220705;21;20;136;0;10253;73
260;20220705;22;20;131;0;10258;76
260;20220705;23;10;103;0;10258;91
260;20220705;24;20;112;0;10258;87
260;20220706;1;20;91;0;10257;95
260;20220706;2;10;100;0;10256;96
260;20220706;3;10;110;0;10256;91
260;20220706;4;10;101;2;10257;93
260;20220706;5;10;130;11;10257;80
260;20220706;6;20;153;44;10259;69
260;20220706;7;30;162;122;10261;66
260;20220706;8;30;176;201;10261;56
260;20220706;9;30;182;224;10259;46
260;20220706;10;30;184;225;10261;51
260;20220706;11;30;195;269;10258;44
260;20220706;12;30;205;298;10252;42
260;20220706;13;30;206;235;10250;42
260;20220706;14;40;205;171;10245;44
260;20220706;15;40;200;84;10242;51
260;20220706;16;40;193;56;10238;58
260;20220706;17;30;190;44;10233;61
260;20220706;18;30;184;33;10230;69
260;20220706;19;30;180;17;10226;74
260;20220706;20;20;181;3;10221;75
260;20220706;21;30;179;0;10219;77
260;20220706;22;30;177;0;10215;80
260;20220706;23;30;175;0;10207;82
260;20220706;24;30;177;0;10202;83
260;20220707;1;30;179;0;10195;82
260;20220707;2;40;164;0;10195;87
260;20220707;3;40;160;0;10192;92
260;20220707;4;40;158;1;10193;89
260;20220707;5;40;158;10;10200;87
260;20220707;6;40;155;23;10207;82
260;20220707;7;50;156;63;10214;84
260;20220707;8;40;169;108;10219;75
260;20220707;9;50;159;110;10225;84
260;20220707;10;50;174;141;10232;78
260;20220707;11;50;177;105;10243;77
260;20220707;12;50;175;123;10252;70
260;20220707;13;50;182;155;10257;62
260;20220707;14;60;180;158;10264;58
260;20220707;15;50;175;137;10270;59
260;20220707;16;50;176;114;10274;61
260;20220707;17;50;170;91;10279;63
260;20220707;18;40;165;53;10281;67
260;20220707;19;40;158;25;10289;70
260;20220707;20;30;155;5;10294;63
260;20220707;21;30;153;0;10299;71
260;20220707;22;30;152;0;10303;69
260;20220707;23;20;148;0;10304;68
260;20220707;24;20;146;0;10305;72
260;20220708;1;10;130;0;10306;81
260;20220708;2;10;114;0;10305;88
260;20220708;3;10;102;0;10305;92
260;20220708;4;10;97;3;10306;95
260;20220708;5;10;131;26;10312;85
260;20220708;6;10;149;50;10315;78
260;20220708;7;20;161;77;10317;75
260;20220708;8;20;178;172;10315;68
260;20220708;9;20;192;213;10315;65
260;20220708;10;30;208;275;10315;58
260;20220708;11;30;222;309;10314;56
260;20220708;12;30;225;311;10314;52
260;20220708;13;40;228;298;10312;50
260;20220708;14;40;229;273;10310;52
260;20220708;15;40;227;233;10307;55
260;20220708;16;40;227;188;10303;59
260;20220708;17;30;225;144;10300;62
260;20220708;18;30;216;88;10299;65
260;20220708;19;30;201;40;10296;72
260;20220708;20;20;186;8;10295;76
260;20220708;21;20;178;0;10295;81
260;20220708;22;20;170;0;10292;84
260;20220708;23;20;157;0;10291;89
260;20220708;24;10;142;0;10287;94
260;20220709;1;10;135;0;10285;97
260;20220709;2;10;128;0;10280;98
260;20220709;3;10;134;0;10278;96
260;20220709;4;10;135;1;10277;98
260;20220709;5;0;149;15;10273;97
260;20220709;6;10;168;49;10273;92
260;20220709;7;10;184;55;10273;82
260;20220709;8;30;192;132;10273;79
260;20220709;9;30;197;95;10272;72
260;20220709;10;40;200;157;10273;66
260;20220709;11;40;198;137;10275;63
260;20220709;12;50;204;250;10276;57
260;20220709;13;40;214;282;10274;53
260;20220709;14;40;205;217;10273;61
260;20220709;15;50;201;242;10277;56
260;20220709;16;60;195;172;10277;58
260;20220709;17;60;181;123;10279;56
260;20220709;18;60;175;74;10279;56
260;20220709;19;50;166;35;10282;58
260;20220709;20;40;154;11;10283;65
260;20220709;21;20;146;0;10285;71
260;20220709;22;30;148;0;10283;71
260;20220709;23;30;145;0;10281;72
260;20220709;24;30;147;0;10278;72
260;20220710;1;20;136;0;10276;78
260;20220710;2;10;140;0;10272;77
260;20220710;3;20;129;0;10270;84
260;20220710;4;20;144;2;10268;76
260;20220710;5;20;150;15;10268;75
260;20220710;6;20;153;16;10268;75
260;20220710;7;20;158;26;10269;76
260;20220710;8;30;165;58;10270;73
260;20220710;9;30;182;121;10268;67
260;20220710;10;40;184;157;10264;66
260;20220710;11;40;186;157;10264;62
260;20220710;12;40;196;172;10261;57
260;20220710;13;40;206;216;10260;55
260;20220710;14;40;202;137;10258;61
260;20220710;15;40;210;168;10255;60
260;20220710;16;40;204;127;10252;63
260;20220710;17;40;197;74;10248;66
260;20220710;18;40;196;89;10246;66
260;20220710;19;30;188;43;10244;70
260;20220710;20;20;180;9;10246;77
260;20220710;21;20;170;0;10247;83
260;20220710;22;10;157;0;10249;89
260;20220710;23;10;155;0;10247;90
260;20220710;24;20;161;0;10243;88
260;20220711;1;20;163;0;10241;86
260;20220711;2;20;163;0;10242;86
260;20220711;3;20;161;0;10240;87
260;20220711;4;20;161;0;10241;88
260;20220711;5;20;158;5;10242;90
260;20220711;6;20;158;13;10246;91
260;20220711;7;20;167;50;10245;85
260;20220711;8;20;175;82;10248;81
260;20220711;9;20;176;59;10248;82
260;20220711;10;20;183;99;10247;77
260;20220711;11;20;191;116;10248;74
260;20220711;12;20;199;153;10247;72
260;20220711;13;20;210;171;10246;69
260;20220711;14;20;227;260;10244;62
260;20220711;15;20;228;276;10243;59
260;20220711;16;20;231;212;10240;59
260;20220711;17;30;221;146;10239;57
260;20220711;18;30;212;79;10239;60
260;20220711;19;20;200;30;10239;69
260;20220711;20;20;185;9;10241;76
260;20220711;21;20;161;0;10246;87
260;20220711;22;10;148;0;10248;93
260;20220711;23;10;135;0;10245;98
260;20220711;24;10;123;0;10241;98
260;20220712;1;10;119;0;10244;99
260;20220712;2;10;115;0;10242;98
260;20220712;3;20;109;0;10242;98
260;20220712;4;10;108;3;10243;99
260;20220712;5;10;144;32;10244;97
260;20220712;6;10;172;75;10248;87
260;20220712;7;20;190;113;10250;79
260;20220712;8;20;209;135;10249;73
260;20220712;9;20;226;189;10249;63
260;20220712;10;30;237;278;10248;55
260;20220712;11;30;249;285;10249;52
260;20220712;12;20;264;292;10246;50
260;20220712;13;30;265;284;10243;44
260;20220712;14;30;264;166;10241;44
260;20220712;15;20;265;118;10238;44
260;20220712;16;20;261;82;10232;43
260;20220712;17;20;254;70;10231;46
260;20220712;18;20;251;39;10228;55
260;20220712;19;20;241;24;10224;58
260;20220712;20;20;219;4;10223;73
260;20220712;21;20;222;0;10223;68
260;20220712;22;20;223;0;10218;66
260;20220712;23;20;209;0;10220;76
260;20220712;24;10;186;0;10211;92
260;20220713;1;20;196;0;10205;82
260;20220713;2;20;199;0;10201;79
260;20220713;3;20;198;0;10195;81
260;20220713;4;20;199;2;10192;80
260;20220713;5;10;209;12;10190;72
260;20220713;6;30;222;29;10190;65
260;20220713;7;20;225;53;10191;67
260;20220713;8;30;235;138;10190;66
260;20220713;9;30;260;230;10192;54
260;20220713;10;40;267;269;10194;47
260;20220713;11;50;271;295;10198;47
260;20220713;12;50;256;282;10202;50
260;20220713;13;50;262;279;10204;48
260;20220713;14;40;263;282;10203;44
260;20220713;15;40;257;250;10205;46
260;20220713;16;40;245;191;10207;55
260;20220713;17;50;225;129;10210;60
260;20220713;18;50;209;87;10212;65
260;20220713;19;40;195;42;10214;67
260;20220713;20;30;178;6;10216;73
260;20220713;21;20;167;0;10219;80
260;20220713;22;20;151;0;10220;87
260;20220713;23;10;139;0;10217;93
260;20220713;24;10;141;0;10213;93
260;20220714;1;10;142;0;10215;89
260;20220714;2;20;127;0;10215;90
260;20220714;3;0;106;0;10213;98
260;20220714;4;0;99;2;10212;98
260;20220714;5;10;130;27;10212;88
260;20220714;6;10;161;74;10212;73
260;20220714;7;10;171;128;10209;69
260;20220714;8;20;187;184;10207;63
260;20220714;9;10;199;234;10205;59
260;20220714;10;20;216;276;10205;59
260;20220714;11;30;219;291;10205;42
260;20220714;12;30;213;212;10206;49
260;20220714;13;30;213;228;10205;51
260;20220714;14;40;221;218;10207;48
260;20220714;15;40;221;192;10210;42
260;20220714;16;50;214;230;10211;42
260;20220714;17;40;205;158;10210;53
260;20220714;18;40;194;107;10213;59
260;20220714;19;40;180;44;10216;65
260;20220714;20;30;165;8;10223;67
260;20220714;21;30;155;0;10225;71
260;20220714;22;20;139;0;10227;78
260;20220714;23;20;131;0;10228;81
260;20220714;24;20;130;0;10229;82
260;20220715;1;10;106;0;10227;93
260;20220715;2;10;95;0;10229;96
260;20220715;3;10;88;0;10229;96
260;20220715;4;10;90;2;10233;97
260;20220715;5;20;127;26;10235;84
260;20220715;6;20;155;75;10236;70
260;20220715;7;20;166;127;10237;66
260;20220715;8;20;177;178;10239;58
260;20220715;9;20;183;221;10238;53
260;20220715;10;20;195;248;10234;49
260;20220715;11;30;192;184;10230;51
260;20220715;12;30;203;198;10228;45
260;20220715;13;30;208;182;10228;46
260;20220715;14;40;213;190;10225;44
260;20220715;15;40;214;199;10221;47
260;20220715;16;40;205;147;10219;52
260;20220715;17;40;207;147;10218;49
260;20220715;18;40;201;100;10217;48
260;20220715;19;30;190;21;10214;49
260;20220715;20;20;184;3;10215;51
260;20220715;21;20;179;0;10214;55
260;20220715;22;20;172;0;10211;60
260;20220715;23;20;152;0;10212;71
260;20220715;24;20;172;0;10211;63
260;20220716;1;20;162;0;10210;72
260;20220716;2;20;159;0;10210;76
260;20220716;3;20;157;0;10212;82
260;20220716;4;20;163;1;10219;84
260;20220716;5;30;164;23;10225;78
260;20220716;6;40;168;70;10229;72
260;20220716;7;40;177;123;10235;64
260;20220716;8;50;183;192;10240;57
260;20220716;9;40;189;225;10246;53
260;20220716;10;50;201;288;10251;48
260;20220716;11;40;197;251;10254;48
260;20220716;12;50;202;292;10256;46
260;20220716;13;40;208;287;10258;43
260;20220716;14;40;210;293;10258;41
260;20220716;15;40;209;261;10258;43
260;20220716;16;40;207;213;10260;45
260;20220716;17;30;202;158;10260;49
260;20220716;18;30;194;98;10266;52
260;20220716;19;40;179;45;10267;56
260;20220716;20;30;158;7;10271;68
260;20220716;21;10;130;0;10273;83
260;20220716;22;10;113;0;10277;90
260;20220716;23;10;103;0;10276;94
260;20220716;24;10;98;0;10275;95
260;20220717;1;0;93;0;10276;97
260;20220717;2;10;87;0;10274;96
260;20220717;3;10;82;0;10274;97
260;20220717;4;10;83;1;10277;97
260;20220717;5;10;99;19;10276;97
260;20220717;6;10;143;60;10277;75
260;20220717;7;0;170;125;10283;63
260;20220717;8;10;182;180;10283;57
260;20220717;9;10;197;227;10281;53
260;20220717;10;10;209;261;10280;51
260;20220717;11;10;224;287;10280;45
260;20220717;12;10;234;304;10278;42
260;20220717;13;20;244;298;10274;35
260;20220717;14;20;248;258;10265;36
260;20220717;15;20;253;227;10264;31
260;20220717;16;20;251;177;10258;33
260;20220717;17;20;251;119;10252;34
260;20220717;18;10;250;91;10250;37
260;20220717;19;20;227;40;10247;48
260;20220717;20;10;186;5;10248;73
260;20220717;21;10;159;0;10251;86
260;20220717;22;0;144;0;10251;91
260;20220717;23;0;132;0;10250;93
260;20220717;24;10;124;0;10245;95
260;20220718;1;10;119;0;10242;96
260;20220718;2;10;113;0;10239;96
260;20220718;3;10;111;0;10237;96
260;20220718;4;10;106;1;10231;96
260;20220718;5;20;148;20;10230;79
260;20220718;6;10;184;66;10228;62
260;20220718;7;20;212;126;10227;54
260;20220718;8;20;237;184;10227;47
260;20220718;9;20;260;235;10225;39
260;20220718;10;20;268;183;10222;39
260;20220718;11;20;283;287;10221;32
260;20220718;12;20;293;294;10216;31
260;20220718;13;20;301;296;10212;25
260;20220718;14;20;308;279;10208;26
260;20220718;15;30;310;246;10206;22
260;20220718;16;20;318;198;10201;23
260;20220718;17;20;317;142;10197;21
260;20220718;18;10;306;86;10194;25
260;20220718;19;10;259;32;10194;48
260;20220718;20;10;211;3;10193;76
260;20220718;21;10;188;0;10192;84
260;20220718;22;10;177;0;10191;85
260;20220718;23;10;166;0;10189;88
260;20220718;24;10;157;0;10186;90
260;20220719;1;10;153;0;10185;93
260;20220719;2;10;149;0;10183;91
260;20220719;3;10;144;0;10180;94
260;20220719;4;10;143;1;10179;94
260;20220719;5;10;167;18;10178;85
260;20220719;6;10;227;61;10178;58
260;20220719;7;10;257;113;10178;48
260;20220719;8;20;276;169;10176;45
260;20220719;9;30;294;220;10172;38
260;20220719;10;40;310;259;10170;38
260;20220719;11;40;327;286;10165;27
260;20220719;12;40;342;297;10160;28
260;20220719;13;40;349;291;10153;24
260;20220719;14;40;351;273;10147;23
260;20220719;15;40;351;236;10141;22
260;20220719;16;40;353;193;10134;24
260;20220719;17;40;351;144;10127;21
260;20220719;18;30;339;90;10126;24
260;20220719;19;20;307;38;10125;43
260;20220719;20;20;236;5;10125;71
260;20220719;21;20;212;0;10123;77
260;20220719;22;30;279;0;10123;31
260;20220719;23;30;274;0;10123;32
260;20220719;24;30;257;0;10122;36
260;20220720;1;20;240;0;10123;41
260;20220720;2;30;223;0;10120;47
260;20220720;3;30;225;0;10125;49
260;20220720;4;20;215;1;10129;74
260;20220720;5;30;223;20;10137;75
260;20220720;6;30;235;58;10145;68
260;20220720;7;40;236;81;10158;61
260;20220720;8;50;250;148;10164;61
260;20220720;9;40;261;198;10166;55
260;20220720;10;40;270;243;10176;46
260;20220720;11;50;268;257;10174;46
260;20220720;12;50;269;278;10176;47
260;20220720;13;40;240;145;10183;60
260;20220720;14;40;242;181;10182;61
260;20220720;15;30;249;215;10176;59
260;20220720;16;30;259;177;10175;54
260;20220720;17;30;248;105;10173;58
260;20220720;18;30;249;76;10174;58
260;20220720;19;10;240;40;10171;63
260;20220720;20;20;234;2;10173;65
260;20220720;21;30;225;0;10171;67
260;20220720;22;40;216;0;10179;71
260;20220720;23;30;195;0;10182;81
260;20220720;24;10;183;0;10175;93
260;20220721;1;20;186;0;10174;83
260;20220721;2;20;183;0;10171;85
260;20220721;3;20;181;0;10168;87
260;20220721;4;20;180;1;10167;88
260;20220721;5;20;183;11;10168;89
260;20220721;6;30;187;16;10166;86
260;20220721;7;40;193;65;10165;84
260;20220721;8;40;188;57;10169;88
260;20220721;9;30;182;20;10169;94
260;20220721;10;30;181;28;10175;93
260;20220721;11;30;178;41;10178;93
260;20220721;12;20;181;37;10179;92
260;20220721;13;20;184;32;10179;92
260;20220721;14;30;188;52;10180;92
260;20220721;15;30;184;52;10185;91
260;20220721;16;50;178;31;10192;89
260;20220721;17;40;173;25;10199;86
260;20220721;18;40;167;16;10204;87
260;20220721;19;30;165;6;10209;84
260;20220721;20;30;163;3;10214;85
260;20220721;21;30;160;0;10216;85
260;20220721;22;20;160;0;10218;84
260;20220721;23;20;157;0;10218;84
260;20220721;24;20;160;0;10218;83
260;20220722;1;20;160;0;10216;82
260;20220722;2;10;158;0;10215;86
260;20220722;3;10;159;0;10214;82
260;20220722;4;10;157;0;10213;84
260;20220722;5;10;158;8;10211;84
260;20220722;6;10;168;29;10213;72
260;20220722;7;10;174;64;10212;68
260;20220722;8;20;180;108;10212;67
260;20220722;9;20;186;207;10209;60
260;20220722;10;20;188;131;10209;58
260;20220722;11;20;197;188;10209;59
260;20220722;12;20;195;242;10205;54
260;20220722;13;20;201;192;10202;53
260;20220722;14;20;201;192;10199;52
260;20220722;15;20;202;154;10199;54
260;20220722;16;20;200;147;10194;55
260;20220722;17;20;199;110;10190;56
260;20220722;18;30;189;64;10188;60
260;20220722;19;30;180;16;10190;66
260;20220722;20;30;171;3;10192;70
260;20220722;21;20;169;0;10193;70
260;20220722;22;10;153;0;10193;80
260;20220722;23;10;133;0;10194;91
260;20220722;24;10;127;0;10193;95
260;20220723;1;10;122;0;10191;96
260;20220723;2;10;112;0;10189;97
260;20220723;3;10;106;0;10190;98
260;20220723;4;10;108;1;10189;98
260;20220723;5;0;122;18;10192;92
260;20220723;6;10;161;61;10195;76
260;20220723;7;20;174;115;10197;69
260;20220723;8;10;185;169;10200;60
260;20220723;9;20;194;221;10202;55
260;20220723;10;20;204;258;10203;51
260;20220723;11;10;221;286;10201;43
260;20220723;12;20;220;273;10201;47
260;20220723;13;20;232;300;10197;46
260;20220723;14;10;240;220;10195;45
260;20220723;15;10;248;204;10195;45
260;20220723;16;20;246;187;10193;44
260;20220723;17;20;248;117;10189;45
260;20220723;18;20;240;65;10191;47
260;20220723;19;10;215;31;10191;60
260;20220723;20;10;179;2;10192;84
260;20220723;21;0;164;0;10193;90
260;20220723;22;10;154;0;10192;93
260;20220723;23;10;147;0;10192;95
260;20220723;24;20;143;0;10189;97
260;20220724;1;20;142;0;10188;95
260;20220724;2;20;141;0;10186;94
260;20220724;3;10;138;0;10182;95
260;20220724;4;10;137;1;10179;96
260;20220724;5;10;153;13;10180;89
260;20220724;6;20;190;64;10183;72
260;20220724;7;30;207;119;10182;66
260;20220724;8;30;223;165;10183;61
260;20220724;9;40;237;212;10180;56
260;20220724;10;50;246;262;10179;50
260;20220724;11;50;260;293;10175;48
260;20220724;12;40;268;295;10170;46
260;20220724;13;40;279;292;10164;43
260;20220724;14;40;287;274;10156;42
260;20220724;15;40;291;240;10148;41
260;20220724;16;40;290;176;10141;42
260;20220724;17;30;283;103;10133;44
260;20220724;18;30;280;81;10129;47
260;20220724;19;30;269;35;10126;52
260;20220724;20;20;251;4;10123;59
260;20220724;21;20;234;0;10119;65
260;20220724;22;20;231;0;10115;66
260;20220724;23;30;226;0;10112;68
260;20220724;24;20;216;0;10104;72
260;20220725;1;20;212;0;10096;73
260;20220725;2;10;184;0;10092;88
260;20220725;3;10;176;0;10084;92
260;20220725;4;20;199;1;10080;78
260;20220725;5;20;204;9;10080;77
260;20220725;6;20;218;38;10082;69
260;20220725;7;20;223;78;10083;63
260;20220725;8;30;224;72;10082;68
260;20220725;9;40;227;168;10084;70
260;20220725;10;50;229;159;10088;64
260;20220725;11;40;230;121;10094;62
260;20220725;12;60;218;78;10098;65
260;20220725;13;70;239;187;10098;50
260;20220725;14;70;228;208;10102;51
260;20220725;15;70;227;171;10103;47
260;20220725;16;60;226;149;10104;50
260;20220725;17;60;219;103;10108;57
260;20220725;18;50;206;43;10113;64
260;20220725;19;40;200;11;10115;68
260;20220725;20;40;196;3;10119;71
260;20220725;21;30;189;0;10121;77
260;20220725;22;40;184;0;10123;83
260;20220725;23;40;186;0;10124;84
260;20220725;24;30;184;0;10126;87
260;20220726;1;20;189;0;10129;81
260;20220726;2;30;187;0;10130;76
260;20220726;3;30;179;0;10133;81
260;20220726;4;20;171;0;10137;86
260;20220726;5;20;175;15;10140;84
260;20220726;6;20;163;12;10147;94
260;20220726;7;20;167;27;10156;89
260;20220726;8;20;174;61;10161;84
260;20220726;9;40;181;151;10167;74
260;20220726;10;40;182;141;10173;70
260;20220726;11;40;178;95;10177;71
260;20220726;12;40;185;161;10181;68
260;20220726;13;40;198;223;10183;58
260;20220726;14;40;190;192;10185;57
260;20220726;15;40;196;158;10188;52
260;20220726;16;40;188;111;10189;54
260;20220726;17;40;180;80;10192;58
260;20220726;18;40;174;42;10193;59
260;20220726;19;30;165;30;10194;64
260;20220726;20;30;156;3;10199;66
260;20220726;21;20;150;0;10201;69
260;20220726;22;20;144;0;10204;75
260;20220726;23;10;120;0;10205;89
260;20220726;24;10;107;0;10204;94
260;20220727;1;10;96;0;10203;97
260;20220727;2;10;96;0;10202;96
260;20220727;3;10;90;0;10200;97
260;20220727;4;10;101;1;10201;97
260;20220727;5;10;119;12;10204;88
260;20220727;6;20;164;83;10207;66
260;20220727;7;20;164;109;10209;62
260;20220727;8;30;173;176;10212;53
260;20220727;9;30;181;211;10213;54
260;20220727;10;20;187;163;10212;51
260;20220727;11;30;187;231;10211;49
260;20220727;12;30;189;205;10210;47
260;20220727;13;30;193;111;10210;53
260;20220727;14;40;198;182;10206;49
260;20220727;15;40;193;231;10204;47
260;20220727;16;40;189;101;10201;49
260;20220727;17;40;189;81;10200;52
260;20220727;18;40;183;75;10200;55
260;20220727;19;40;176;28;10200;59
260;20220727;20;30;163;5;10206;65
260;20220727;21;30;151;0;10208;68
260;20220727;22;30;137;0;10208;73
260;20220727;23;30;134;0;10209;75
260;20220727;24;30;131;0;10207;74
260;20220728;1;20;124;0;10204;77
260;20220728;2;20;117;0;10201;79
260;20220728;3;20;122;0;10198;77
260;20220728;4;20;119;1;10201;78
260;20220728;5;30;122;13;10201;76
260;20220728;6;30;138;59;10201;71
260;20220728;7;40;153;78;10202;65
260;20220728;8;50;166;151;10200;58
260;20220728;9;50;179;215;10198;51
260;20220728;10;50;189;243;10195;47
260;20220728;11;50;198;298;10190;43
260;20220728;12;50;200;279;10186;44
260;20220728;13;40;213;303;10181;42
260;20220728;14;40;215;283;10179;41
260;20220728;15;40;216;186;10175;40
260;20220728;16;40;207;127;10174;43
260;20220728;17;40;206;54;10172;45
260;20220728;18;30;202;40;10172;46
260;20220728;19;30;191;20;10173;53
260;20220728;20;30;183;3;10177;56
260;20220728;21;30;175;0;10179;60
260;20220728;22;30;169;0;10181;64
260;20220728;23;30;163;0;10181;66
260;20220728;24;40;158;0;10180;68
260;20220729;1;30;150;0;10174;72
260;20220729;2;20;148;0;10174;72
260;20220729;3;20;146;0;10171;72
260;20220729;4;20;146;0;10169;72
260;20220729;5;20;149;7;10170;70
260;20220729;6;20;151;29;10171;73
260;20220729;7;20;167;106;10175;67
260;20220729;8;20;180;153;10173;63
260;20220729;9;20;195;171;10175;58
260;20220729;10;30;212;269;10173;55
260;20220729;11;30;211;229;10173;59
260;20220729;12;40;222;271;10171;57
260;20220729;13;40;236;293;10171;53
260;20220729;14;40;235;274;10171;51
260;20220729;15;40;240;242;10171;42
260;20220729;16;40;238;196;10171;44
260;20220729;17;30;236;138;10171;49
260;20220729;18;20;226;79;10172;53
260;20220729;19;20;208;31;10175;61
260;20220729;20;20;178;2;10182;77
260;20220729;21;20;173;0;10185;81
260;20220729;22;20;168;0;10185;86
260;20220729;23;20;155;0;10186;92
260;20220729;24;20;156;0;10185;92
260;20220730;1;20;145;0;10183;94
260;20220730;2;10;133;0;10182;96
260;20220730;3;10;127;0;10183;96
260;20220730;4;10;114;0;10184;96
260;20220730;5;10;132;15;10186;96
260;20220730;6;10;167;57;10190;77
260;20220730;7;30;178;107;10191;70
260;20220730;8;30;187;168;10194;66
260;20220730;9;20;205;220;10192;62
260;20220730;10;20;217;257;10193;54
260;20220730;11;30;228;275;10193;49
260;20220730;12;30;232;241;10192;46
260;20220730;13;30;234;174;10192;46
260;20220730;14;30;235;199;10189;46
260;20220730;15;30;237;127;10187;50
260;20220730;16;20;232;111;10187;50
260;20220730;17;20;227;59;10186;55
260;20220730;18;20;218;27;10183;58
260;20220730;19;20;211;13;10181;61
260;20220730;20;20;204;1;10181;64
260;20220730;21;20;198;0;10182;67
260;20220730;22;10;188;0;10180;75
260;20220730;23;10;184;0;10180;77
260;20220730;24;10;165;0;10176;88
260;20220731;1;10;166;0;10172;89
260;20220731;2;10;163;0;10170;90
260;20220731;3;10;164;0;10166;90
260;20220731;4;10;179;1;10163;85
260;20220731;5;30;187;6;10160;78
260;20220731;6;30;185;16;10161;83
260;20220731;7;30;188;34;10160;86
260;20220731;8;30;192;58;10158;86
260;20220731;9;30;195;64;10158;91
260;20220731;10;30;198;66;10156;89
260;20220731;11;40;195;56;10153;91
260;20220731;12;40;206;47;10151;83
260;20220731;13;50;215;60;10148;78
260;20220731;14;50;208;79;10147;82
260;20220731;15;50;206;70;10147;85
260;20220731;16;50;198;42;10148;91
260;20220731;17;40;200;43;10145;89
260;20220731;18;40;198;17;10146;90
260;20220731;19;30;194;7;10149;94
260;20220731;20;30;196;1;10153;92
260;20220731;21;30;194;0;10156;92
260;20220731;22;30;190;0;10159;89
260;20220731;23;30;185;0;10162;89
260;20220731;24;20;185;0;10164;90
260;20220801;1;20;182;0;10166;92
260;20220801;2;20;182;0;10165;92
260;20220801;3;20;178;0;10165;95
260;20220801;4;20;175;0;10167;95
260;20220801;5;20;176;5;10171;95
260;20220801;6;20;173;13;10174;95
260;20220801;7;10;177;19;10176;94
260;20220801;8;30;179;67;10182;88
260;20220801;9;30;187;124;10185;80
260;20220801;10;30;197;161;10190;71
260;20220801;11;30;204;182;10191;66
260;20220801;12;30;211;200;10193;56
260;20220801;13;30;219;270;10192;52
260;20220801;14;30;221;276;10191;43
260;20220801;15;30;220;232;10190;47
260;20220801;16;30;220;193;10191;45
260;20220801;17;30;217;143;10190;43
260;20220801;18;20;208;86;10190;44
260;20220801;19;20;188;30;10191;60
260;20220801;20;10;147;1;10195;86
260;20220801;21;10;128;0;10195;91
260;20220801;22;10;119;0;10193;94
260;20220801;23;10;118;0;10191;95
260;20220801;24;10;121;0;10189;92
260;20220802;1;20;117;0;10185;92
260;20220802;2;20;132;0;10182;82
260;20220802;3;30;143;0;10178;76
260;20220802;4;20;144;1;10175;75
260;20220802;5;20;145;8;10173;76
260;20220802;6;30;161;48;10173;70
260;20220802;7;30;187;101;10169;68
260;20220802;8;30;206;154;10166;68
260;20220802;9;40;219;196;10166;64
260;20220802;10;40;235;227;10167;63
260;20220802;11;40;247;220;10164;54
260;20220802;12;50;252;256;10163;48
260;20220802;13;50;261;277;10162;45
260;20220802;14;50;261;239;10157;43
260;20220802;15;50;270;226;10153;48
260;20220802;16;50;271;184;10150;50
260;20220802;17;50;268;124;10149;53
260;20220802;18;40;257;79;10149;58
260;20220802;19;30;238;29;10150;64
260;20220802;20;20;222;2;10151;70
260;20220802;21;30;214;0;10151;74
260;20220802;22;20;203;0;10150;79
260;20220802;23;20;194;0;10152;84
260;20220802;24;30;194;0;10149;84
260;20220803;1;20;176;0;10147;92
260;20220803;2;20;183;0;10145;90
260;20220803;3;30;187;0;10142;86
260;20220803;4;30;183;0;10142;87
260;20220803;5;30;183;9;10143;87
260;20220803;6;30;196;37;10146;82
260;20220803;7;40;205;101;10147;79
260;20220803;8;40;222;157;10149;74
260;20220803;9;40;239;215;10151;67
260;20220803;10;40;252;247;10151;62
260;20220803;11;40;267;281;10149;55
260;20220803;12;40;284;294;10148;48
260;20220803;13;50;277;279;10148;50
260;20220803;14;50;291;263;10147;47
260;20220803;15;50;286;225;10143;47
260;20220803;16;40;293;182;10140;46
260;20220803;17;30;288;133;10138;47
260;20220803;18;20;280;74;10138;49
260;20220803;19;20;258;31;10138;58
260;20220803;20;20;225;2;10140;74
260;20220803;21;10;202;0;10137;86
260;20220803;22;10;191;0;10134;90
260;20220803;23;10;182;0;10132;93
260;20220803;24;10;175;0;10130;94
260;20220804;1;10;173;0;10127;95
260;20220804;2;0;168;0;10124;95
260;20220804;3;0;168;0;10119;96
260;20220804;4;10;165;0;10117;96
260;20220804;5;10;183;11;10119;88
260;20220804;6;10;206;30;10120;78
260;20220804;7;20;216;56;10123;74
260;20220804;8;30;225;100;10126;71
260;20220804;9;30;241;193;10129;64
260;20220804;10;30;248;229;10134;60
260;20220804;11;20;243;63;10139;62
260;20220804;12;30;260;198;10136;55
260;20220804;13;30;259;261;10139;53
260;20220804;14;30;257;198;10140;51
260;20220804;15;40;255;145;10141;52
260;20220804;16;40;248;207;10143;51
260;20220804;17;40;235;111;10144;53
260;20220804;18;40;221;37;10146;56
260;20220804;19;30;213;16;10150;60
260;20220804;20;30;199;1;10157;74
260;20220804;21;20;195;0;10162;77
260;20220804;22;30;192;0;10159;77
260;20220804;23;20;191;0;10154;75
260;20220804;24;20;186;0;10158;80
260;20220805;1;20;183;0;10157;83
260;20220805;2;20;184;0;10160;82
260;20220805;3;20;177;0;10157;84
260;20220805;4;20;175;0;10161;82
260;20220805;5;30;168;4;10161;83
260;20220805;6;30;175;38;10163;78
260;20220805;7;30;188;72;10168;67
260;20220805;8;40;203;163;10174;53
260;20220805;9;40;205;198;10180;56
260;20220805;10;40;195;134;10187;55
260;20220805;11;30;209;135;10192;41
260;20220805;12;40;203;195;10199;46
260;20220805;13;40;210;213;10205;50
260;20220805;14;40;206;252;10209;44
260;20220805;15;40;199;148;10216;53
260;20220805;16;50;193;136;10220;54
260;20220805;17;40;188;99;10225;50
260;20220805;18;40;181;73;10229;51
260;20220805;19;30;165;28;10235;60
260;20220805;20;20;150;1;10241;66
260;20220805;21;20;126;0;10248;80
260;20220805;22;10;102;0;10251;91
260;20220805;23;10;95;0;10254;94
260;20220805;24;10;87;0;10259;95
260;20220806;1;10;83;0;10263;97
260;20220806;2;10;77;0;10266;95
260;20220806;3;10;76;0;10267;97
260;20220806;4;10;74;0;10270;98
260;20220806;5;0;93;10;10274;97
260;20220806;6;0;124;50;10278;82
260;20220806;7;10;169;105;10282;61
260;20220806;8;20;177;161;10284;58
260;20220806;9;30;188;219;10286;53
260;20220806;10;30;183;218;10287;53
260;20220806;11;20;203;280;10287;50
260;20220806;12;30;209;316;10284;47
260;20220806;13;30;212;262;10281;41
260;20220806;14;20;217;244;10278;38
260;20220806;15;30;216;243;10275;41
260;20220806;16;30;213;203;10273;43
260;20220806;17;40;205;140;10272;45
260;20220806;18;30;193;75;10273;54
260;20220806;19;20;179;18;10274;62
260;20220806;20;20;164;1;10278;69
260;20220806;21;20;153;0;10281;73
260;20220806;22;10;130;0;10279;85
260;20220806;23;10;115;0;10276;91
260;20220806;24;10;103;0;10274;94
260;20220807;1;0;97;0;10269;94
260;20220807;2;10;93;0;10268;96
260;20220807;3;10;91;0;10266;97
260;20220807;4;10;86;0;10264;96
260;20220807;5;0;95;9;10266;96
260;20220807;6;0;138;50;10269;75
260;20220807;7;10;173;105;10268;61
260;20220807;8;20;185;159;10268;61
260;20220807;9;10;197;213;10264;55
260;20220807;10;20;210;255;10263;47
260;20220807;11;20;213;283;10257;43
260;20220807;12;20;221;296;10251;41
260;20220807;13;30;226;287;10249;43
260;20220807;14;30;226;242;10246;45
260;20220807;15;30;225;196;10245;43
260;20220807;16;40;217;175;10242;46
260;20220807;17;40;216;109;10241;44
260;20220807;18;30;207;75;10241;52
260;20220807;19;30;188;23;10244;63
260;20220807;20;20;169;1;10248;70
260;20220807;21;20;153;0;10250;80
260;20220807;22;20;135;0;10251;90
260;20220807;23;10;121;0;10254;94
260;20220807;24;10;110;0;10254;97
260;20220808;1;10;103;0;10252;95
260;20220808;2;10;100;0;10252;98
260;20220808;3;0;100;0;10253;98
260;20220808;4;10;96;0;10256;96
260;20220808;5;10;111;8;10259;97
260;20220808;6;0;143;44;10262;83
260;20220808;7;0;181;96;10264;68
260;20220808;8;20;194;154;10267;66
260;20220808;9;20;190;127;10270;70
260;20220808;10;20;193;85;10272;68
260;20220808;11;20;207;200;10270;59
260;20220808;12;30;213;198;10266;53
260;20220808;13;30;228;168;10264;49
260;20220808;14;30;226;129;10264;48
260;20220808;15;40;230;111;10263;48
260;20220808;16;40;229;161;10263;51
260;20220808;17;40;219;95;10262;49
260;20220808;18;40;211;75;10266;60
260;20220808;19;40;198;24;10270;63
260;20220808;20;20;184;1;10276;73
260;20220808;21;20;167;0;10277;82
260;20220808;22;20;154;0;10277;88
260;20220808;23;20;157;0;10278;85
260;20220808;24;10;124;0;10280;94
260;20220809;1;10;120;0;10280;96
260;20220809;2;10;118;0;10280;96
260;20220809;3;20;118;0;10279;97
260;20220809;4;20;134;0;10279;89
260;20220809;5;20;139;8;10284;87
260;20220809;6;20;154;48;10288;80
260;20220809;7;30;173;103;10291;72
260;20220809;8;30;194;158;10290;64
260;20220809;9;40;207;207;10292;56
260;20220809;10;50;219;251;10293;50
260;20220809;11;40;229;277;10289;50
260;20220809;12;40;240;289;10285;45
260;20220809;13;40;245;287;10282;42
260;20220809;14;40;256;269;10276;43
260;20220809;15;50;244;203;10277;51
260;20220809;16;50;245;175;10274;53
260;20220809;17;50;243;128;10273;55
260;20220809;18;50;232;71;10273;59
260;20220809;19;40;217;23;10273;65
260;20220809;20;30;206;1;10277;68
260;20220809;21;30;194;0;10280;69
260;20220809;22;40;183;0;10279;71
260;20220809;23;30;171;0;10279;75
260;20220809;24;30;163;0;10278;76
260;20220810;1;40;159;0;10277;77
260;20220810;2;30;152;0;10275;79
260;20220810;3;20;146;0;10272;84
260;20220810;4;20;143;0;10270;87
260;20220810;5;20;150;8;10270;84
260;20220810;6;20;168;48;10272;76
260;20220810;7;20;189;101;10272;69
260;20220810;8;20;212;156;10272;61
260;20220810;9;20;235;206;10271;53
260;20220810;10;30;257;248;10265;47
260;20220810;11;30;269;276;10259;40
260;20220810;12;30;282;288;10255;32
260;20220810;13;40;288;285;10250;29
260;20220810;14;40;292;264;10243;29
260;20220810;15;40;292;228;10239;30
260;20220810;16;50;290;180;10236;31
260;20220810;17;50;282;126;10232;32
260;20220810;18;40;271;71;10231;37
260;20220810;19;30;256;21;10234;42
260;20220810;20;30;231;0;10235;56
260;20220810;21;20;200;0;10236;68
260;20220810;22;30;201;0;10235;65
260;20220810;23;30;194;0;10234;73
260;20220810;24;30;182;0;10233;79
260;20220811;1;20;160;0;10234;83
260;20220811;2;20;157;0;10233;85
260;20220811;3;10;144;0;10231;88
260;20220811;4;20;146;0;10230;90
260;20220811;5;20;158;7;10229;84
260;20220811;6;20;185;45;10230;73
260;20220811;7;20;222;100;10230;57
260;20220811;8;20;246;155;10230;44
260;20220811;9;20;274;207;10228;35
260;20220811;10;30;286;248;10225;29
260;20220811;11;40;296;274;10222;29
260;20220811;12;30;303;284;10218;27
260;20220811;13;30;310;281;10212;22
260;20220811;14;20;312;259;10207;23
260;20220811;15;40;310;225;10202;23
260;20220811;16;40;308;178;10198;22
260;20220811;17;50;299;124;10196;26
260;20220811;18;50;287;68;10196;30
260;20220811;19;40;267;19;10199;33
260;20220811;20;30;242;0;10203;47
260;20220811;21;30;229;0;10205;55
260;20220811;22;40;221;0;10203;59
260;20220811;23;30;207;0;10203;64
260;20220811;24;30;195;0;10203;68
260;20220812;1;20;179;0;10203;75
260;20220812;2;20;170;0;10202;79
260;20220812;3;20;172;0;10199;78
260;20220812;4;20;167;0;10196;81
260;20220812;5;10;157;6;10197;86
260;20220812;6;10;192;43;10198;71
260;20220812;7;20;222;96;10197;59
260;20220812;8;10;254;151;10198;47
260;20220812;9;10;280;203;10198;36
260;20220812;10;10;298;243;10196;31
260;20220812;11;30;304;267;10188;24
260;20220812;12;40;311;279;10182;26
260;20220812;13;30;315;276;10178;22
260;20220812;14;30;317;256;10174;23
260;20220812;15;30;318;220;10170;24
260;20220812;16;30;314;173;10167;24
260;20220812;17;40;307;118;10163;25
260;20220812;18;40;294;63;10163;28
260;20220812;19;30;252;17;10166;44
260;20220812;20;20;202;0;10170;69
260;20220812;21;10;174;0;10171;82
260;20220812;22;20;175;0;10172;73
260;20220812;23;20;165;0;10172;73
260;20220812;24;30;175;0;10170;62
260;20220813;1;20;148;0;10169;81
260;20220813;2;10;136;0;10171;86
260;20220813;3;10;128;0;10170;90
260;20220813;4;10;122;0;10171;92
260;20220813;5;10;135;6;10171;88
260;20220813;6;10;197;43;10171;55
260;20220813;7;20;232;98;10171;42
260;20220813;8;20;250;155;10173;40
260;20220813;9;20;271;207;10172;35
260;20220813;10;40;285;249;10169;31
260;20220813;11;40;293;274;10165;27
260;20220813;12;40;298;285;10162;29
260;20220813;13;40;304;281;10158;26
260;20220813;14;30;307;260;10154;22
260;20220813;15;30;302;222;10148;24
260;20220813;16;30;303;175;10142;24
260;20220813;17;30;302;121;10136;23
260;20220813;18;20;288;65;10135;29
260;20220813;19;10;235;17;10135;58
260;20220813;20;10;195;0;10136;73
260;20220813;21;10;174;0;10135;84
260;20220813;22;10;167;0;10131;86
260;20220813;23;10;155;0;10129;89
260;20220813;24;20;155;0;10123;86
260;20220814;1;20;175;0;10117;71
260;20220814;2;20;168;0;10111;77
260;20220814;3;20;151;0;10109;86
260;20220814;4;10;142;0;10105;89
260;20220814;5;20;144;5;10103;90
260;20220814;6;20;198;38;10099;70
260;20220814;7;20;225;91;10099;60
260;20220814;8;30;248;150;10096;52
260;20220814;9;20;270;198;10093;46
260;20220814;10;30;297;242;10086;36
260;20220814;11;30;300;265;10080;36
260;20220814;12;40;313;296;10077;28
260;20220814;13;30;320;304;10068;28
260;20220814;14;30;316;286;10062;26
260;20220814;15;30;312;200;10058;30
260;20220814;16;30;304;127;10054;32
260;20220814;17;20;299;89;10050;35
260;20220814;18;10;272;34;10047;49
260;20220814;19;20;268;8;10048;49
260;20220814;20;20;240;0;10047;63
260;20220814;21;10;208;0;10046;80
260;20220814;22;10;199;0;10042;84
260;20220814;23;10;194;0;10039;85
260;20220814;24;10;190;0;10035;87
260;20220815;1;10;199;0;10030;84
260;20220815;2;10;220;0;10030;71
260;20220815;3;10;198;0;10026;88
260;20220815;4;10;205;0;10026;79
260;20220815;5;20;204;3;10027;83
260;20220815;6;20;221;24;10031;69
260;20220815;7;20;240;95;10033;55
260;20220815;8;30;240;120;10032;54
260;20220815;9;30;252;140;10033;54
260;20220815;10;40;237;118;10037;63
260;20220815;11;30;238;104;10039;66
260;20220815;12;30;241;88;10042;65
260;20220815;13;30;246;74;10045;58
260;20220815;14;20;249;76;10042;62
260;20220815;15;20;254;151;10041;61
260;20220815;16;20;257;122;10041;57
260;20220815;17;10;252;45;10039;61
260;20220815;18;10;243;23;10043;64
260;20220815;19;20;227;2;10050;71
260;20220815;20;10;210;0;10054;75
260;20220815;21;10;193;0;10056;84
260;20220815;22;10;189;0;10060;86
260;20220815;23;10;186;0;10057;88
260;20220815;24;20;175;0;10055;90
260;20220816;1;10;160;0;10058;93
260;20220816;2;20;156;0;10057;95
260;20220816;3;10;154;0;10057;96
260;20220816;4;10;150;0;10058;98
260;20220816;5;10;154;3;10063;97
260;20220816;6;10;188;30;10064;85
260;20220816;7;20;209;85;10067;74
260;20220816;8;30;222;142;10071;70
260;20220816;9;30;232;189;10075;67
260;20220816;10;30;245;219;10079;62
260;20220816;11;30;255;214;10081;60
260;20220816;12;30;270;209;10083;57
260;20220816;13;30;257;122;10089;56
260;20220816;14;30;265;140;10088;52
260;20220816;15;20;266;109;10088;49
260;20220816;16;20;255;70;10091;66
260;20220816;17;20;252;99;10093;70
260;20220816;18;30;234;34;10093;71
260;20220816;19;20;225;8;10096;72
260;20220816;20;10;196;0;10102;85
260;20220816;21;10;182;0;10104;90
260;20220816;22;10;181;0;10106;91
260;20220816;23;10;182;0;10105;92
260;20220816;24;20;181;0;10102;93
260;20220817;1;20;176;0;10097;92
260;20220817;2;20;186;0;10105;90
260;20220817;3;30;189;0;10095;91
260;20220817;4;30;188;0;10100;90
260;20220817;5;30;188;0;10102;91
260;20220817;6;40;190;16;10098;90
260;20220817;7;20;197;42;10105;89
260;20220817;8;20;203;47;10107;86
260;20220817;9;30;206;51;10112;82
260;20220817;10;40;195;56;10106;86
260;20220817;11;20;202;101;10117;80
260;20220817;12;10;196;65;10120;86
260;20220817;13;20;199;46;10117;89
260;20220817;14;30;196;47;10116;91
260;20220817;15;30;203;72;10111;91
260;20220817;16;20;205;64;10111;91
260;20220817;17;20;211;53;10113;88
260;20220817;18;20;208;36;10114;91
260;20220817;19;10;201;10;10119;93
260;20220817;20;30;182;0;10124;97
260;20220817;21;20;186;0;10122;96
260;20220817;22;10;183;0;10126;96
260;20220817;23;10;176;0;10129;97
260;20220817;24;20;181;0;10128;98
260;20220818;1;10;175;0;10127;97
260;20220818;2;10;167;0;10131;98
260;20220818;3;10;167;0;10133;98
260;20220818;4;20;169;0;10134;97
260;20220818;5;10;165;2;10133;97
260;20220818;6;10;178;27;10133;97
260;20220818;7;20;196;74;10136;88
260;20220818;8;10;210;111;10140;79
260;20220818;9;10;224;166;10139;74
260;20220818;10;20;219;182;10139;74
260;20220818;11;20;226;206;10138;69
260;20220818;12;20;232;170;10135;66
260;20220818;13;30;229;157;10134;69
260;20220818;14;20;233;86;10138;68
260;20220818;15;20;242;125;10134;67
260;20220818;16;30;242;166;10133;64
260;20220818;17;20;242;99;10131;63
260;20220818;18;20;230;57;10131;68
260;20220818;19;20;208;10;10132;78
260;20220818;20;20;189;0;10130;86
260;20220818;21;10;171;0;10134;95
260;20220818;22;0;161;0;10135;96
260;20220818;23;10;154;0;10134;98
260;20220818;24;0;150;0;10135;98
260;20220819;1;0;145;0;10134;98
260;20220819;2;0;142;0;10136;98
260;20220819;3;10;140;0;10134;98
260;20220819;4;10;137;0;10133;98
260;20220819;5;10;140;2;10134;98
260;20220819;6;10;170;27;10134;98
260;20220819;7;20;174;33;10136;95
260;20220819;8;20;189;68;10140;87
260;20220819;9;20;209;105;10142;79
260;20220819;10;20;217;130;10144;77
260;20220819;11;30;229;168;10142;73
260;20220819;12;30;225;96;10141;75
260;20220819;13;30;233;128;10139;69
260;20220819;14;20;218;47;10139;85
260;20220819;15;30;224;83;10138;79
260;20220819;16;30;227;87;10139;78
260;20220819;17;30;220;53;10140;79
260;20220819;18;20;211;19;10143;81
260;20220819;19;20;207;8;10147;83
260;20220819;20;20;201;0;10152;86
260;20220819;21;20;199;0;10152;87
260;20220819;22;10;198;0;10151;88
260;20220819;23;10;192;0;10153;89
260;20220819;24;10;188;0;10152;92
260;20220820;1;10;191;0;10154;89
260;20220820;2;20;186;0;10155;92
260;20220820;3;10;182;0;10155;89
260;20220820;4;10;172;0;10156;95
260;20220820;5;10;160;1;10161;95
260;20220820;6;20;174;26;10165;84
260;20220820;7;20;195;85;10167;66
260;20220820;8;20;203;143;10172;59
260;20220820;9;20;214;196;10174;47
260;20220820;10;20;226;235;10173;44
260;20220820;11;30;229;234;10173;43
260;20220820;12;20;232;186;10172;44
260;20220820;13;30;227;117;10173;51
260;20220820;14;30;226;145;10171;51
260;20220820;15;40;219;132;10171;56
260;20220820;16;40;218;154;10173;56
260;20220820;17;30;218;81;10174;55
260;20220820;18;30;207;50;10175;57
260;20220820;19;20;188;11;10176;64
260;20220820;20;10;148;0;10176;89
260;20220820;21;10;135;0;10174;94
260;20220820;22;10;122;0;10175;96
260;20220820;23;10;125;0;10172;97
260;20220820;24;10;121;0;10169;98
260;20220821;1;10;118;0;10167;98
260;20220821;2;10;117;0;10165;98
260;20220821;3;10;114;0;10162;97
260;20220821;4;10;114;0;10159;97
260;20220821;5;20;115;3;10162;98
260;20220821;6;20;143;33;10164;93
260;20220821;7;20;172;85;10162;84
260;20220821;8;30;189;138;10163;79
260;20220821;9;30;207;191;10161;73
260;20220821;10;30;211;184;10161;68
260;20220821;11;40;220;161;10157;60
260;20220821;12;40;227;199;10159;57
260;20220821;13;40;231;249;10160;57
260;20220821;14;30;225;150;10159;56
260;20220821;15;30;225;92;10160;51
260;20220821;16;30;216;64;10164;59
260;20220821;17;20;214;75;10163;59
260;20220821;18;20;203;23;10163;65
260;20220821;19;10;185;6;10164;80
260;20220821;20;10;167;0;10166;91
260;20220821;21;0;161;0;10167;93
260;20220821;22;10;162;0;10168;94
260;20220821;23;10;161;0;10167;92
260;20220821;24;10;160;0;10165;91
260;20220822;1;10;153;0;10166;93
260;20220822;2;10;155;0;10165;88
260;20220822;3;10;153;0;10164;90
260;20220822;4;10;156;0;10161;86
260;20220822;5;10;153;1;10164;90
260;20220822;6;10;161;11;10166;86
260;20220822;7;10;174;43;10170;80
260;20220822;8;20;191;87;10164;74
260;20220822;9;20;217;181;10163;63
260;20220822;10;20;230;180;10159;58
260;20220822;11;20;238;233;10157;54
260;20220822;12;20;244;223;10156;47
260;20220822;13;20;251;236;10152;48
260;20220822;14;20;250;231;10148;43
260;20220822;15;20;254;199;10144;41
260;20220822;16;20;253;143;10141;42
260;20220822;17;20;247;104;10137;42
260;20220822;18;10;240;48;10138;51
260;20220822;19;10;191;7;10143;76
260;20220822;20;10;168;0;10144;87
260;20220822;21;10;166;0;10142;90
260;20220822;22;20;182;0;10141;79
260;20220822;23;20;174;0;10142;84
260;20220822;24;10;170;0;10140;84
260;20220823;1;10;156;0;10139;93
260;20220823;2;10;160;0;10139;94
260;20220823;3;10;160;0;10142;89
260;20220823;4;0;162;0;10143;91
260;20220823;5;0;168;2;10145;90
260;20220823;6;10;182;13;10147;82
260;20220823;7;10;211;62;10149;69
260;20220823;8;20;225;106;10153;61
260;20220823;9;10;238;126;10157;62
260;20220823;10;20;258;214;10156;49
260;20220823;11;30;269;245;10153;47
260;20220823;12;30;268;242;10155;48
260;20220823;13;20;275;150;10155;46
260;20220823;14;20;276;174;10152;45
260;20220823;15;30;268;155;10152;50
260;20220823;16;30;273;121;10154;52
260;20220823;17;20;267;86;10153;57
260;20220823;18;30;244;42;10159;69
260;20220823;19;20;228;4;10166;78
260;20220823;20;10;205;0;10172;88
260;20220823;21;10;191;0;10174;93
260;20220823;22;10;180;0;10175;96
260;20220823;23;10;173;0;10174;98
260;20220823;24;10;167;0;10174;98
260;20220824;1;0;163;0;10173;98
260;20220824;2;10;159;0;10174;98
260;20220824;3;0;156;0;10175;98
260;20220824;4;0;153;0;10175;98
260;20220824;5;10;155;2;10177;98
260;20220824;6;0;180;27;10180;95
260;20220824;7;10;217;76;10182;80
260;20220824;8;20;237;133;10184;72
260;20220824;9;20;251;184;10188;66
260;20220824;10;20;269;223;10187;56
260;20220824;11;20;287;259;10183;52
260;20220824;12;20;284;211;10182;48
260;20220824;13;20;297;234;10181;43
260;20220824;14;20;280;140;10180;50
260;20220824;15;30;288;167;10177;50
260;20220824;16;30;285;155;10176;51
260;20220824;17;30;275;105;10175;57
260;20220824;18;30;262;35;10176;62
260;20220824;19;30;247;3;10179;68
260;20220824;20;30;233;0;10179;79
260;20220824;21;20;225;0;10178;85
260;20220824;22;20;221;0;10177;86
260;20220824;23;20;216;0;10174;87
260;20220824;24;20;210;0;10171;90
260;20220825;1;10;190;0;10168;92
260;20220825;2;10;183;0;10166;92
260;20220825;3;20;176;0;10163;93
260;20220825;4;20;189;0;10159;84
260;20220825;5;20;188;2;10156;77
260;20220825;6;20;208;18;10159;67
260;20220825;7;30;226;52;10159;58
260;20220825;8;30;250;131;10158;51
260;20220825;9;30;274;179;10156;49
260;20220825;10;30;291;216;10154;43
260;20220825;11;30;303;239;10147;37
260;20220825;12;30;302;190;10144;36
260;20220825;13;30;312;263;10140;33
260;20220825;14;30;318;222;10136;30
260;20220825;15;20;317;196;10133;32
260;20220825;16;10;290;92;10131;49
260;20220825;17;30;277;74;10133;51
260;20220825;18;30;251;29;10134;68
260;20220825;19;30;236;3;10139;71
260;20220825;20;40;216;0;10145;85
260;20220825;21;30;207;0;10150;86
260;20220825;22;30;205;0;10154;85
260;20220825;23;30;201;0;10156;84
260;20220825;24;40;199;0;10157;85
260;20220826;1;30;197;0;10157;86
260;20220826;2;30;197;0;10157;85
260;20220826;3;30;193;0;10157;88
260;20220826;4;30;194;0;10157;85
260;20220826;5;30;192;1;10158;85
260;20220826;6;30;190;9;10162;85
260;20220826;7;30;198;32;10166;79
260;20220826;8;30;198;31;10171;79
260;20220826;9;40;201;50;10171;77
260;20220826;10;40;202;70;10173;75
260;20220826;11;40;203;70;10173;73
260;20220826;12;40;205;78;10173;72
260;20220826;13;30;205;72;10175;71
260;20220826;14;30;206;62;10174;71
260;20220826;15;40;204;63;10172;71
260;20220826;16;40;201;66;10170;70
260;20220826;17;40;202;48;10170;66
260;20220826;18;30;198;17;10173;63
260;20220826;19;30;193;2;10176;63
260;20220826;20;30;179;0;10180;70
260;20220826;21;20;164;0;10180;77
260;20220826;22;20;157;0;10181;79
260;20220826;23;10;158;0;10180;80
260;20220826;24;10;161;0;10178;83
260;20220827;1;10;163;0;10176;83
260;20220827;2;10;150;0;10176;89
260;20220827;3;20;135;0;10173;94
260;20220827;4;20;127;0;10173;95
260;20220827;5;10;117;0;10174;96
260;20220827;6;10;139;12;10176;91
260;20220827;7;10;158;17;10177;83
260;20220827;8;10;176;69;10179;74
260;20220827;9;20;183;43;10183;67
260;20220827;10;20;192;92;10183;66
260;20220827;11;30;199;123;10181;58
260;20220827;12;40;206;155;10180;57
260;20220827;13;40;210;169;10179;53
260;20220827;14;40;210;160;10178;55
260;20220827;15;40;208;121;10179;58
260;20220827;16;40;200;77;10181;60
260;20220827;17;50;195;50;10181;62
260;20220827;18;40;192;23;10182;61
260;20220827;19;40;177;5;10188;65
260;20220827;20;30;164;0;10194;71
260;20220827;21;20;156;0;10196;74
260;20220827;22;20;144;0;10197;78
260;20220827;23;20;130;0;10199;85
260;20220827;24;10;106;0;10200;93
260;20220828;1;10;98;0;10201;96
260;20220828;2;10;92;0;10201;97
260;20220828;3;10;86;0;10203;98
260;20220828;4;10;83;0;10205;99
260;20220828;5;0;85;1;10208;97
260;20220828;6;10;120;26;10211;82
260;20220828;7;20;165;76;10213;65
260;20220828;8;30;177;121;10216;61
260;20220828;9;40;194;194;10217;55
260;20220828;10;50;201;207;10218;53
260;20220828;11;50;202;210;10218;51
260;20220828;12;50;205;223;10219;49
260;20220828;13;50;213;226;10219;43
260;20220828;14;50;216;229;10215;38
260;20220828;15;50;216;215;10215;45
260;20220828;16;50;210;133;10214;46
260;20220828;17;50;199;88;10214;51
260;20220828;18;40;188;31;10215;56
260;20220828;19;20;157;2;10216;75
260;20220828;20;10;132;0;10221;88
260;20220828;21;10;130;0;10224;92
260;20220828;22;20;149;0;10227;81
260;20220828;23;10;118;0;10227;91
260;20220828;24;10;106;0;10224;95
260;20220829;1;10;104;0;10225;97
260;20220829;2;10;110;0;10225;96
260;20220829;3;10;101;0;10226;96
260;20220829;4;0;114;0;10223;96
260;20220829;5;10;119;1;10223;95
260;20220829;6;0;132;12;10227;89
260;20220829;7;10;160;37;10229;76
260;20220829;8;10;170;49;10229;69
260;20220829;9;10;181;102;10230;62
260;20220829;10;20;192;137;10231;56
260;20220829;11;20;191;144;10229;57
260;20220829;12;20;202;142;10225;57
260;20220829;13;30;213;160;10221;54
260;20220829;14;30;214;181;10216;52
260;20220829;15;30;212;175;10213;54
260;20220829;16;30;215;105;10208;56
260;20220829;17;30;212;93;10207;59
260;20220829;18;30;202;38;10209;67
260;20220829;19;30;188;3;10209;76
260;20220829;20;30;181;0;10213;78
260;20220829;21;30;173;0;10214;81
260;20220829;22;30;167;0;10214;82
260;20220829;23;30;159;0;10217;86
260;20220829;24;30;154;0;10217;88
260;20220830;1;30;148;0;10217;91
260;20220830;2;20;145;0;10218;92
260;20220830;3;20;141;0;10215;93
260;20220830;4;20;140;0;10213;93
260;20220830;5;30;139;1;10216;93
260;20220830;6;30;146;22;10220;88
260;20220830;7;40;168;73;10220;77
260;20220830;8;50;189;121;10221;63
260;20220830;9;60;201;172;10222;52
260;20220830;10;50;213;204;10222;49
260;20220830;11;50;220;229;10221;45
260;20220830;12;50;225;251;10218;45
260;20220830;13;50;227;235;10216;45
260;20220830;14;50;228;205;10212;43
260;20220830;15;50;223;159;10212;44
260;20220830;16;50;220;98;10208;45
260;20220830;17;40;215;62;10206;43
260;20220830;18;40;206;29;10208;46
260;20220830;19;20;191;3;10213;52
260;20220830;20;30;181;0;10216;67
260;20220830;21;30;175;0;10218;72
260;20220830;22;30;170;0;10221;74
260;20220830;23;30;164;0;10223;73
260;20220830;24;40;158;0;10223;73
260;20220831;1;40;153;0;10222;73
260;20220831;2;40;146;0;10223;74
260;20220831;3;40;143;0;10223;74
260;20220831;4;50;142;0;10224;70
260;20220831;5;50;141;1;10226;64
260;20220831;6;40;142;20;10228;65
260;20220831;7;50;156;71;10231;63
260;20220831;8;40;178;122;10232;63
260;20220831;9;50;188;175;10233;59
260;20220831;10;50;208;227;10232;52
260;20220831;11;50;213;245;10231;50
260;20220831;12;60;225;245;10226;44
260;20220831;13;50;228;239;10221;43
260;20220831;14;50;233;220;10218;42
260;20220831;15;50;231;181;10215;39
260;20220831;16;50;231;145;10213;38
260;20220831;17;50;223;89;10213;37
260;20220831;18;50;210;35;10215;39
260;20220831;19;30;193;2;10219;46
260;20220831;20;30;182;0;10223;50
260;20220831;21;40;172;0;10225;63
260;20220831;22;50;164;0;10224;69
260;20220831;23;40;156;0;10225;73
260;20220831;24;40;147;0;10220;77
260;20220901;1;40;141;0;10217;81
260;20220901;2;30;133;0;10216;83
260;20220901;3;30;127;0;10215;84
260;20220901;4;30;124;0;10213;83
260;20220901;5;20;120;1;10212;83
260;20220901;6;20;136;24;10214;75
260;20220901;7;30;161;72;10216;62
260;20220901;8;40;187;128;10217;56
260;20220901;9;50;208;180;10216;49
260;20220901;10;50;220;222;10212;43
260;20220901;11;50;234;250;10208;37
260;20220901;12;50;234;255;10205;33
260;20220901;13;40;241;256;10202;32
260;20220901;14;50;242;232;10197;31
260;20220901;15;40;243;194;10191;33
260;20220901;16;40;242;142;10188;33
260;20220901;17;40;236;88;10184;34
260;20220901;18;40;219;33;10184;38
260;20220901;19;20;176;1;10187;58
260;20220901;20;30;177;0;10188;51
260;20220901;21;30;182;0;10188;48
260;20220901;22;40;177;0;10185;48
260;20220901;23;40;171;0;10182;49
260;20220901;24;40;163;0;10177;52
260;20220902;1;30;154;0;10174;55
260;20220902;2;30;149;0;10171;57
260;20220902;3;30;144;0;10168;59
260;20220902;4;30;137;0;10165;61
260;20220902;5;20;137;1;10163;61
260;20220902;6;30;147;19;10162;59
260;20220902;7;30;167;65;10161;55
260;20220902;8;30;183;106;10158;55
260;20220902;9;20;203;142;10156;53
260;20220902;10;30;223;189;10153;47
260;20220902;11;30;233;225;10149;45
260;20220902;12;40;249;249;10145;38
260;20220902;13;50;251;278;10141;37
260;20220902;14;40;254;218;10135;32
260;20220902;15;40;253;192;10130;32
260;20220902;16;30;246;125;10126;34
260;20220902;17;40;241;58;10120;35
260;20220902;18;40;223;25;10120;40
260;20220902;19;40;210;2;10120;40
260;20220902;20;40;200;0;10122;43
260;20220902;21;40;191;0;10122;45
260;20220902;22;40;183;0;10120;47
260;20220902;23;40;173;0;10118;50
260;20220902;24;30;167;0;10115;52
260;20220903;1;30;163;0;10113;53
260;20220903;2;30;169;0;10114;51
260;20220903;3;30;154;0;10112;57
260;20220903;4;30;154;0;10112;57
260;20220903;5;30;147;0;10111;61
260;20220903;6;30;151;14;10111;60
260;20220903;7;30;175;67;10111;54
260;20220903;8;30;200;122;10113;49
260;20220903;9;30;219;173;10114;43
260;20220903;10;40;233;213;10115;41
260;20220903;11;40;245;239;10111;38
260;20220903;12;40;253;247;10109;37
260;20220903;13;40;255;243;10111;36
260;20220903;14;30;263;220;10108;33
260;20220903;15;30;263;181;10109;34
260;20220903;16;20;264;131;10109;34
260;20220903;17;20;255;77;10110;42
260;20220903;18;10;222;25;10114;57
260;20220903;19;10;176;1;10122;78
260;20220903;20;10;155;0;10125;85
260;20220903;21;10;146;0;10128;87
260;20220903;22;10;140;0;10131;87
260;20220903;23;10;132;0;10132;89
260;20220903;24;20;140;0;10136;85
260;20220904;1;10;131;0;10140;89
260;20220904;2;10;129;0;10144;93
260;20220904;3;10;127;0;10148;93
260;20220904;4;20;130;0;10151;94
260;20220904;5;10;135;1;10156;96
260;20220904;6;10;149;13;10162;97
260;20220904;7;20;174;54;10166;85
260;20220904;8;20;202;116;10170;77
260;20220904;9;20;225;163;10175;69
260;20220904;10;20;240;199;10175;62
260;20220904;11;30;252;209;10177;59
260;20220904;12;20;252;195;10176;55
260;20220904;13;30;255;165;10177;56
260;20220904;14;30;259;159;10178;50
260;20220904;15;20;264;143;10178;45
260;20220904;16;30;264;116;10177;41
260;20220904;17;30;257;55;10176;34
260;20220904;18;20;218;28;10179;58
260;20220904;19;10;171;1;10185;77
260;20220904;20;10;151;0;10187;86
260;20220904;21;10;142;0;10189;89
260;20220904;22;10;139;0;10190;88
260;20220904;23;10;135;0;10192;90
260;20220904;24;10;131;0;10190;93
260;20220905;1;20;126;0;10188;93
260;20220905;2;10;122;0;10187;94
260;20220905;3;10;119;0;10187;94
260;20220905;4;20;119;0;10187;93
260;20220905;5;10;117;0;10189;96
260;20220905;6;20;155;18;10190;85
260;20220905;7;20;198;69;10194;69
260;20220905;8;20;225;118;10197;60
260;20220905;9;20;254;172;10196;47
260;20220905;10;30;272;207;10191;40
260;20220905;11;40;277;215;10188;37
260;20220905;12;40;284;209;10185;34
260;20220905;13;30;287;185;10183;33
260;20220905;14;30;281;132;10181;37
260;20220905;15;20;279;84;10175;41
260;20220905;16;20;269;69;10171;47
260;20220905;17;10;243;27;10167;62
260;20220905;18;20;228;12;10165;61
260;20220905;19;20;210;0;10167;71
260;20220905;20;40;228;0;10178;54
260;20220905;21;40;207;0;10177;67
260;20220905;22;30;197;0;10176;77
260;20220905;23;20;187;0;10167;80
260;20220905;24;20;180;0;10162;86
260;20220906;1;20;178;0;10166;89
260;20220906;2;20;177;0;10156;87
260;20220906;3;30;173;0;10147;88
260;20220906;4;10;165;0;10152;92
260;20220906;5;10;156;0;10155;95
260;20220906;6;10;162;12;10156;95
260;20220906;7;20;190;61;10154;82
260;20220906;8;30;206;120;10152;74
260;20220906;9;40;222;168;10148;70
260;20220906;10;40;237;213;10148;63
260;20220906;11;30;249;223;10150;59
260;20220906;12;40;248;231;10153;59
260;20220906;13;30;260;228;10148;55
260;20220906;14;20;268;206;10142;51
260;20220906;15;20;264;167;10141;46
260;20220906;16;20;250;87;10140;47
260;20220906;17;20;236;26;10137;56
260;20220906;18;10;210;4;10137;75
260;20220906;19;20;216;0;10132;67
260;20220906;20;30;213;0;10124;68
260;20220906;21;30;198;0;10113;80
260;20220906;22;40;194;0;10122;86
260;20220906;23;60;166;0;10141;91
260;20220906;24;40;166;0;10129;94
260;20220907;1;40;164;0;10129;95
260;20220907;2;30;162;0;10121;91
260;20220907;3;20;158;0;10122;94
260;20220907;4;10;154;0;10120;97
260;20220907;5;20;153;0;10120;97
260;20220907;6;10;150;7;10121;98
260;20220907;7;30;165;39;10124;93
260;20220907;8;40;181;113;10126;88
260;20220907;9;40;193;155;10129;81
260;20220907;10;40;210;204;10128;74
260;20220907;11;30;221;224;10126;64
260;20220907;12;40;228;236;10124;60
260;20220907;13;40;234;250;10120;52
260;20220907;14;30;242;164;10117;52
260;20220907;15;30;234;136;10114;52
260;20220907;16;30;236;111;10112;50
260;20220907;17;30;225;50;10109;59
260;20220907;18;10;200;18;10107;79
260;20220907;19;10;168;0;10106;89
260;20220907;20;10;156;0;10105;93
260;20220907;21;10;156;0;10101;95
260;20220907;22;10;159;0;10098;93
260;20220907;23;10;161;0;10095;92
260;20220907;24;10;166;0;10087;90
260;20220908;1;10;171;0;10083;86
260;20220908;2;30;169;0;10083;90
260;20220908;3;20;163;0;10076;94
260;20220908;4;20;163;0;10075;93
260;20220908;5;30;161;1;10074;95
260;20220908;6;20;161;2;10075;95
260;20220908;7;20;161;6;10076;95
260;20220908;8;20;164;23;10076;93
260;20220908;9;30;176;80;10079;84
260;20220908;10;30;183;101;10076;79
260;20220908;11;40;192;162;10077;73
260;20220908;12;40;206;195;10075;63
260;20220908;13;50;210;216;10071;57
260;20220908;14;40;213;157;10072;55
260;20220908;15;40;209;121;10070;57
260;20220908;16;50;187;39;10073;62
260;20220908;17;40;184;42;10072;67
260;20220908;18;30;176;7;10072;76
260;20220908;19;30;171;0;10072;84
260;20220908;20;20;160;0;10072;87
260;20220908;21;20;150;0;10075;89
260;20220908;22;30;154;0;10073;89
260;20220908;23;30;149;0;10074;90
260;20220908;24;30;145;0;10071;92
260;20220909;1;20;139;0;10071;94
260;20220909;2;20;132;0;10067;95
260;20220909;3;20;130;0;10065;95
260;20220909;4;30;131;0;10063;94
260;20220909;5;30;130;0;10060;94
260;20220909;6;30;138;10;10060;93
260;20220909;7;30;157;44;10059;86
260;20220909;8;50;162;81;10060;83
260;20220909;9;50;165;42;10062;81
260;20220909;10;50;160;27;10063;88
260;20220909;11;40;169;78;10062;85
260;20220909;12;60;166;68;10061;86
260;20220909;13;50;176;83;10059;81
260;20220909;14;50;174;72;10060;83
260;20220909;15;40;178;74;10059;81
260;20220909;16;40;177;56;10061;81
260;20220909;17;30;173;41;10064;82
260;20220909;18;30;173;7;10068;83
260;20220909;19;30;162;0;10073;90
260;20220909;20;30;163;0;10078;88
260;20220909;21;30;158;0;10080;90
260;20220909;22;30;157;0;10081;91
260;20220909;23;30;155;0;10082;92
260;20220909;24;30;157;0;10081;92
260;20220910;1;30;152;0;10080;94
260;20220910;2;30;151;0;10080;94
260;20220910;3;30;153;0;10078;94
260;20220910;4;40;156;0;10076;94
260;20220910;5;30;156;0;10078;94
260;20220910;6;20;159;3;10080;94
260;20220910;7;20;165;26;10084;93
260;20220910;8;10;175;58;10089;89
260;20220910;9;10;181;88;10096;86
260;20220910;10;30;178;134;10101;86
260;20220910;11;30;190;153;10107;81
260;20220910;12;30;181;168;10112;83
260;20220910;13;30;198;105;10115;71
260;20220910;14;40;209;188;10119;62
260;20220910;15;40;209;143;10124;61
260;20220910;16;30;207;124;10130;61
260;20220910;17;30;196;61;10136;68
260;20220910;18;20;182;14;10143;76
260;20220910;19;20;160;0;10152;89
260;20220910;20;20;149;0;10160;94
260;20220910;21;20;149;0;10162;93
260;20220910;22;20;139;0;10167;97
260;20220910;23;10;133;0;10171;98
260;20220910;24;10;119;0;10175;98
260;20220911;1;10;120;0;10177;99
260;20220911;2;10;108;0;10178;98
260;20220911;3;0;107;0;10180;98
260;20220911;4;0;104;0;10181;98
260;20220911;5;0;101;0;10185;98
260;20220911;6;0;108;8;10190;99
260;20220911;7;0;135;46;10192;98
260;20220911;8;0;158;78;10195;89
260;20220911;9;10;193;160;10198;73
260;20220911;10;10;208;231;10198;66
260;20220911;11;10;213;183;10197;63
260;20220911;12;10;214;201;10196;62
260;20220911;13;10;213;152;10193;62
260;20220911;14;20;213;132;10189;65
260;20220911;15;20;203;66;10187;71
260;20220911;16;10;214;65;10182;64
260;20220911;17;10;200;40;10180;75
260;20220911;18;10;179;12;10178;87
260;20220911;19;10;152;0;10178;94
260;20220911;20;10;140;0;10180;96
260;20220911;21;10;134;0;10178;96
260;20220911;22;10;127;0;10177;98
260;20220911;23;10;119;0;10175;98
260;20220911;24;10;114;0;10172;96
260;20220912;1;20;112;0;10169;98
260;20220912;2;10;106;0;10164;98
260;20220912;3;20;107;0;10160;98
260;20220912;4;20;111;0;10156;98
260;20220912;5;20;126;0;10156;97
260;20220912;6;10;126;5;10154;96
260;20220912;7;20;146;43;10153;91
260;20220912;8;20;168;92;10154;82
260;20220912;9;20;192;153;10153;75
260;20220912;10;30;206;194;10149;68
260;20220912;11;30;218;220;10143;62
260;20220912;12;30;230;226;10141;57
260;20220912;13;40;234;206;10135;55
260;20220912;14;40;238;195;10130;51
260;20220912;15;40;236;141;10124;50
260;20220912;16;30;237;106;10120;49
260;20220912;17;20;222;41;10113;56
260;20220912;18;10;188;7;10111;79
260;20220912;19;10;166;0;10110;89
260;20220912;20;10;168;0;10109;90
260;20220912;21;0;159;0;10108;94
260;20220912;22;10;161;0;10108;94
260;20220912;23;10;163;0;10102;93
260;20220912;24;10;162;0;10097;94
260;20220913;1;0;164;0;10096;94
260;20220913;2;10;170;0;10095;89
260;20220913;3;10;162;0;10094;94
260;20220913;4;0;162;0;10094;94
260;20220913;5;10;161;0;10098;96
260;20220913;6;10;168;4;10101;95
260;20220913;7;10;188;17;10102;87
260;20220913;8;20;198;63;10104;84
260;20220913;9;20;201;91;10106;80
260;20220913;10;20;211;141;10105;73
260;20220913;11;20;215;150;10102;71
260;20220913;12;30;219;207;10101;60
260;20220913;13;20;224;219;10101;54
260;20220913;14;30;223;172;10101;56
260;20220913;15;30;212;142;10100;58
260;20220913;16;20;205;56;10097;60
260;20220913;17;30;189;35;10097;67
260;20220913;18;30;177;8;10097;68
260;20220913;19;30;169;0;10097;74
260;20220913;20;20;162;0;10100;77
260;20220913;21;10;148;0;10099;89
260;20220913;22;10;140;0;10096;93
260;20220913;23;20;142;0;10094;85
260;20220913;24;10;138;0;10092;92
260;20220914;1;10;137;0;10086;93
260;20220914;2;10;138;0;10081;88
260;20220914;3;10;140;0;10076;84
260;20220914;4;10;137;0;10070;88
260;20220914;5;10;134;0;10068;91
260;20220914;6;10;137;3;10069;92
260;20220914;7;10;143;17;10068;86
260;20220914;8;10;151;28;10068;81
260;20220914;9;10;156;44;10064;78
260;20220914;10;10;166;57;10064;75
260;20220914;11;10;167;53;10063;75
260;20220914;12;10;173;75;10062;70
260;20220914;13;20;184;146;10057;64
260;20220914;14;20;188;129;10055;61
260;20220914;15;20;200;143;10049;61
260;20220914;16;20;197;112;10048;59
260;20220914;17;20;181;43;10052;65
260;20220914;18;20;170;10;10057;72
260;20220914;19;10;153;0;10059;83
260;20220914;20;10;138;0;10062;91
260;20220914;21;10;130;0;10065;95
260;20220914;22;0;118;0;10066;96
260;20220914;23;10;129;0;10067;95
260;20220914;24;10;147;0;10070;84
260;20220915;1;10;132;0;10069;94
260;20220915;2;20;146;0;10071;85
260;20220915;3;10;142;0;10071;86
260;20220915;4;10;146;0;10073;81
260;20220915;5;10;146;0;10073;79
260;20220915;6;20;149;3;10075;73
260;20220915;7;10;157;29;10079;73
260;20220915;8;30;157;50;10086;75
260;20220915;9;20;147;56;10094;80
260;20220915;10;30;170;114;10092;60
260;20220915;11;30;179;150;10089;54
260;20220915;12;40;185;149;10090;46
260;20220915;13;50;171;126;10094;56
260;20220915;14;40;175;71;10093;61
260;20220915;15;40;173;110;10095;54
260;20220915;16;40;170;59;10097;56
260;20220915;17;50;152;38;10098;68
260;20220915;18;30;148;11;10101;71
260;20220915;19;30;128;0;10105;89
260;20220915;20;20;128;0;10105;84
260;20220915;21;10;119;0;10108;91
260;20220915;22;20;123;0;10110;87
260;20220915;23;20;119;0;10107;87
260;20220915;24;20;114;0;10105;93
260;20220916;1;20;119;0;10104;90
260;20220916;2;10;105;0;10105;95
260;20220916;3;20;117;0;10105;92
260;20220916;4;10;113;0;10103;92
260;20220916;5;20;105;0;10103;96
260;20220916;6;20;107;5;10105;93
260;20220916;7;20;122;49;10107;87
260;20220916;8;20;140;103;10111;75
260;20220916;9;20;127;79;10114;80
260;20220916;10;20;136;123;10116;76
260;20220916;11;20;119;47;10116;87
260;20220916;12;20;132;138;10115;78
260;20220916;13;30;133;161;10115;73
260;20220916;14;30;158;161;10111;60
260;20220916;15;40;158;105;10111;61
260;20220916;16;50;151;94;10112;58
260;20220916;17;50;120;31;10114;71
260;20220916;18;20;125;5;10119;74
260;20220916;19;30;122;0;10121;72
260;20220916;20;30;120;0;10126;76
260;20220916;21;30;114;0;10126;82
260;20220916;22;20;116;0;10130;83
260;20220916;23;30;118;0;10130;80
260;20220916;24;30;117;0;10132;80
260;20220917;1;20;111;0;10135;82
260;20220917;2;30;117;0;10137;76
260;20220917;3;30;112;0;10138;80
260;20220917;4;20;103;0;10141;82
260;20220917;5;20;100;0;10141;79
260;20220917;6;30;108;9;10145;80
260;20220917;7;20;117;44;10147;80
260;20220917;8;20;134;93;10148;74
260;20220917;9;40;114;102;10152;84
260;20220917;10;30;139;162;10152;77
260;20220917;11;40;149;182;10148;65
260;20220917;12;50;152;228;10147;55
260;20220917;13;50;160;174;10148;52
260;20220917;14;60;164;206;10147;48
260;20220917;15;50;154;96;10149;61
260;20220917;16;50;154;95;10149;50
260;20220917;17;50;111;14;10156;84
260;20220917;18;30;111;4;10155;88
260;20220917;19;20;106;0;10157;92
260;20220917;20;20;111;0;10161;90
260;20220917;21;20;108;0;10159;90
260;20220917;22;20;114;0;10161;90
260;20220917;23;20;112;0;10161;92
260;20220917;24;30;115;0;10158;88
260;20220918;1;20;113;0;10155;90
260;20220918;2;30;114;0;10156;92
260;20220918;3;20;111;0;10151;90
260;20220918;4;20;111;0;10148;91
260;20220918;5;20;111;0;10150;89
260;20220918;6;10;109;4;10148;93
260;20220918;7;20;118;23;10145;89
260;20220918;8;20;129;42;10146;82
260;20220918;9;30;125;45;10146;84
260;20220918;10;30;129;59;10146;86
260;20220918;11;30;126;57;10148;88
260;20220918;12;20;127;45;10147;85
260;20220918;13;20;122;31;10149;89
260;20220918;14;20;117;26;10145;91
260;20220918;15;20;113;18;10146;91
260;20220918;16;30;113;13;10150;85
260;20220918;17;30;105;8;10148;87
260;20220918;18;30;100;4;10152;90
260;20220918;19;30;97;0;10160;91
260;20220918;20;20;97;0;10164;87
260;20220918;21;20;90;0;10169;88
260;20220918;22;20;106;0;10173;80
260;20220918;23;20;103;0;10177;82
260;20220918;24;20;87;0;10178;91
260;20220919;1;20;111;0;10179;78
260;20220919;2;20;90;0;10181;87
260;20220919;3;20;92;0;10184;87
260;20220919;4;20;94;0;10185;89
260;20220919;5;20;96;0;10189;92
260;20220919;6;20;122;9;10194;82
260;20220919;7;30;124;32;10198;87
260;20220919;8;20;129;55;10203;86
260;20220919;9;30;143;108;10206;74
260;20220919;10;40;137;130;10209;81
260;20220919;11;30;134;83;10211;85
260;20220919;12;30;132;119;10211;82
260;20220919;13;30;165;170;10209;60
260;20220919;14;40;153;122;10211;65
260;20220919;15;40;142;88;10212;76
260;20220919;16;30;152;75;10210;64
260;20220919;17;30;142;23;10215;65
260;20220919;18;20;135;3;10217;69
260;20220919;19;10;118;0;10222;83
260;20220919;20;20;125;0;10223;79
260;20220919;21;20;123;0;10224;83
260;20220919;22;20;122;0;10226;83
260;20220919;23;20;121;0;10225;82
260;20220919;24;10;106;0;10225;92
260;20220920;1;20;101;0;10226;93
260;20220920;2;20;111;0;10225;89
260;20220920;3;10;106;0;10225;92
260;20220920;4;20;102;0;10224;94
260;20220920;5;10;99;0;10226;96
260;20220920;6;20;98;5;10229;95
260;20220920;7;10;124;38;10233;87
260;20220920;8;10;128;40;10238;79
260;20220920;9;20;134;73;10241;75
260;20220920;10;30;132;95;10246;76
260;20220920;11;30;151;119;10243;59
260;20220920;12;30;157;141;10244;61
260;20220920;13;30;157;114;10242;59
260;20220920;14;30;159;93;10243;59
260;20220920;15;30;157;121;10242;61
260;20220920;16;20;151;37;10242;60
260;20220920;17;20;148;47;10245;63
260;20220920;18;10;120;3;10249;88
260;20220920;19;10;112;0;10254;92
260;20220920;20;10;107;0;10259;94
260;20220920;21;10;105;0;10262;95
260;20220920;22;10;101;0;10265;97
260;20220920;23;10;92;0;10265;95
260;20220920;24;0;73;0;10266;98
260;20220921;1;0;69;0;10266;98
260;20220921;2;0;59;0;10266;98
260;20220921;3;0;52;0;10265;98
260;20220921;4;0;48;0;10266;98
260;20220921;5;10;47;0;10266;98
260;20220921;6;10;51;6;10270;95
260;20220921;7;10;90;48;10272;81
260;20220921;8;10;130;104;10272;69
260;20220921;9;20;146;147;10274;68
260;20220921;10;10;155;191;10275;63
260;20220921;11;10;164;231;10273;51
260;20220921;12;20;172;222;10269;49
260;20220921;13;20;163;160;10266;52
260;20220921;14;10;163;65;10262;53
260;20220921;15;10;173;149;10258;46
260;20220921;16;10;167;72;10255;48
260;20220921;17;0;134;20;10255;77
260;20220921;18;0;105;2;10254;90
260;20220921;19;10;88;0;10256;94
260;20220921;20;0;74;0;10257;97
260;20220921;21;0;64;0;10256;96
260;20220921;22;0;58;0;10256;97
260;20220921;23;10;56;0;10255;96
260;20220921;24;10;50;0;10252;98
260;20220922;1;10;48;0;10248;97
260;20220922;2;10;44;0;10245;97
260;20220922;3;10;39;0;10240;97
260;20220922;4;10;38;0;10238;97
260;20220922;5;10;35;0;10235;97
260;20220922;6;10;41;5;10236;98
260;20220922;7;10;80;37;10236;81
260;20220922;8;20;117;93;10233;73
260;20220922;9;20;144;143;10233;67
260;20220922;10;20;162;187;10232;57
260;20220922;11;30;177;204;10226;53
260;20220922;12;30;183;212;10220;47
260;20220922;13;40;185;209;10214;43
260;20220922;14;30;185;183;10208;45
260;20220922;15;30;184;132;10204;44
260;20220922;16;30;176;87;10201;47
260;20220922;17;20;151;28;10198;68
260;20220922;18;10;111;2;10197;88
260;20220922;19;10;98;0;10198;92
260;20220922;20;10;93;0;10196;94
260;20220922;21;10;88;0;10191;96
260;20220922;22;10;79;0;10186;96
260;20220922;23;10;73;0;10182;96
260;20220922;24;10;75;0;10179;97
260;20220923;1;10;71;0;10175;97
260;20220923;2;10;67;0;10172;97
260;20220923;3;20;66;0;10166;96
260;20220923;4;20;81;0;10162;93
260;20220923;5;20;93;0;10160;87
260;20220923;6;20;98;2;10161;85
260;20220923;7;20;109;18;10161;82
260;20220923;8;10;127;57;10160;77
260;20220923;9;20;144;83;10160;71
260;20220923;10;20;163;101;10158;64
260;20220923;11;30;168;115;10155;58
260;20220923;12;30;173;96;10153;59
260;20220923;13;30;178;92;10148;57
260;20220923;14;30;177;88;10145;62
260;20220923;15;30;174;53;10140;67
260;20220923;16;20;166;19;10138;77
260;20220923;17;20;158;7;10139;85
260;20220923;18;20;150;1;10136;91
260;20220923;19;20;149;0;10137;89
260;20220923;20;30;149;0;10136;86
260;20220923;21;20;145;0;10132;87
260;20220923;22;20;143;0;10130;91
260;20220923;23;20;141;0;10127;91
260;20220923;24;30;136;0;10124;93
260;20220924;1;30;133;0;10121;94
260;20220924;2;20;131;0;10116;94
260;20220924;3;20;129;0;10114;94
260;20220924;4;20;128;0;10111;94
260;20220924;5;20;128;0;10110;94
260;20220924;6;10;128;1;10112;96
260;20220924;7;10;130;8;10116;97
260;20220924;8;10;133;12;10119;95
260;20220924;9;10;138;33;10124;93
260;20220924;10;20;137;20;10128;94
260;20220924;11;30;139;28;10131;94
260;20220924;12;30;141;45;10133;94
260;20220924;13;30;142;43;10134;90
260;20220924;14;20;144;40;10136;92
260;20220924;15;20;143;41;10137;86
260;20220924;16;30;143;28;10140;81
260;20220924;17;20;142;21;10143;80
260;20220924;18;30;136;5;10148;78
260;20220924;19;30;128;0;10153;80
260;20220924;20;20;117;0;10157;86
260;20220924;21;20;106;0;10160;90
260;20220924;22;20;92;0;10161;96
260;20220924;23;20;75;0;10161;96
260;20220924;24;20;84;0;10160;97
260;20220925;1;20;86;0;10162;97
260;20220925;2;20;70;0;10161;98
260;20220925;3;10;58;0;10161;98
260;20220925;4;10;54;0;10160;98
260;20220925;5;20;50;0;10158;98
260;20220925;6;10;53;4;10159;98
260;20220925;7;10;99;45;10160;82
260;20220925;8;10;126;90;10161;76
260;20220925;9;20;150;160;10160;69
260;20220925;10;20;147;139;10159;73
260;20220925;11;20;163;173;10156;57
260;20220925;12;20;168;200;10151;52
260;20220925;13;30;149;184;10148;63
260;20220925;14;30;145;64;10146;71
260;20220925;15;20;155;78;10140;60
260;20220925;16;30;142;75;10137;72
260;20220925;17;20;131;20;10136;80
260;20220925;18;10;106;2;10131;91
260;20220925;19;20;93;0;10125;95
260;20220925;20;20;112;0;10120;86
260;20220925;21;20;111;0;10114;86
260;20220925;22;20;111;0;10108;84
260;20220925;23;20;114;0;10099;84
260;20220925;24;30;122;0;10089;83
260;20220926;1;40;119;0;10076;84
260;20220926;2;40;120;0;10063;84
260;20220926;3;50;114;0;10052;84
260;20220926;4;50;115;0;10040;76
260;20220926;5;50;114;0;10026;74
260;20220926;6;50;111;0;10016;78
260;20220926;7;50;113;14;10004;79
260;20220926;8;50;116;16;9997;79
260;20220926;9;50;114;29;9989;87
260;20220926;10;50;119;36;9981;88
260;20220926;11;60;116;26;9978;93
260;20220926;12;60;121;30;9974;92
260;20220926;13;50;122;25;9968;94
260;20220926;14;30;134;63;9961;90
260;20220926;15;40;125;15;9959;95
260;20220926;16;30;130;29;9955;92
260;20220926;17;20;123;21;9955;92
260;20220926;18;20;117;2;9956;90
260;20220926;19;20;111;0;9960;93
260;20220926;20;30;106;0;9966;92
260;20220926;21;20;104;0;9964;93
260;20220926;22;20;102;0;9964;91
260;20220926;23;20;101;0;9964;91
260;20220926;24;20;99;0;9965;93
260;20220927;1;20;92;0;9968;93
260;20220927;2;20;92;0;9969;91
260;20220927;3;20;84;0;9968;94
260;20220927;4;20;85;0;9969;92
260;20220927;5;20;86;0;9969;90
260;20220927;6;30;88;4;9971;91
260;20220927;7;20;91;12;9974;94
260;20220927;8;10;98;32;9979;90
260;20220927;9;30;92;20;9983;91
260;20220927;10;20;95;39;9986;89
260;20220927;11;30;96;61;9985;89
260;20220927;12;40;92;48;9981;90
260;20220927;13;30;92;29;9982;90
260;20220927;14;20;107;111;9977;82
260;20220927;15;20;108;41;9973;83
260;20220927;16;20;106;24;9970;84
260;20220927;17;20;96;10;9969;90
260;20220927;18;20;90;1;9965;90
260;20220927;19;30;89;0;9964;92
260;20220927;20;20;89;0;9963;94
260;20220927;21;30;82;0;9961;93
260;20220927;22;30;81;0;9960;92
260;20220927;23;20;76;0;9956;94
260;20220927;24;20;73;0;9954;95
260;20220928;1;20;75;0;9952;94
260;20220928;2;20;75;0;9950;94
260;20220928;3;20;77;0;9951;91
260;20220928;4;20;78;0;9951;91
260;20220928;5;20;74;0;9954;94
260;20220928;6;20;72;2;9956;93
260;20220928;7;20;93;45;9957;88
260;20220928;8;10;111;85;9963;82
260;20220928;9;20;127;137;9967;72
260;20220928;10;20;132;116;9970;69
260;20220928;11;20;143;181;9970;56
260;20220928;12;10;130;83;9971;74
260;20220928;13;20;121;54;9971;75
260;20220928;14;20;122;58;9975;75
260;20220928;15;20;124;72;9977;74
260;20220928;16;30;122;109;9979;70
260;20220928;17;20;113;24;9981;82
260;20220928;18;10;93;1;9986;88
260;20220928;19;10;86;0;9985;93
260;20220928;20;10;85;0;9988;94
260;20220928;21;10;71;0;9990;94
260;20220928;22;10;56;0;9993;98
260;20220928;23;10;49;0;9995;98
260;20220928;24;10;43;0;9995;98
260;20220929;1;10;40;0;9995;98
260;20220929;2;10;41;0;9995;98
260;20220929;3;10;29;0;9995;98
260;20220929;4;10;30;0;9997;98
260;20220929;5;10;30;0;10001;98
260;20220929;6;10;39;2;10006;98
260;20220929;7;10;57;31;10010;98
260;20220929;8;20;64;77;10017;96
260;20220929;9;10;75;86;10023;98
260;20220929;10;10;101;149;10026;84
260;20220929;11;10;133;200;10027;69
260;20220929;12;10;148;217;10029;58
260;20220929;13;10;146;178;10030;57
260;20220929;14;20;151;131;10033;55
260;20220929;15;20;154;128;10038;50
260;20220929;16;10;147;71;10041;62
260;20220929;17;10;117;28;10048;80
260;20220929;18;10;85;1;10053;93
260;20220929;19;10;67;0;10060;96
260;20220929;20;0;58;0;10067;97
260;20220929;21;0;53;0;10073;97
260;20220929;22;0;49;0;10077;97
260;20220929;23;0;45;0;10079;97
260;20220929;24;0;42;0;10079;98
260;20220930;1;10;37;0;10079;98
260;20220930;2;10;41;0;10081;97
260;20220930;3;10;42;0;10080;98
260;20220930;4;10;31;0;10085;98
260;20220930;5;10;32;0;10089;98
260;20220930;6;10;31;2;10093;98
260;20220930;7;20;65;40;10096;98
260;20220930;8;10;95;85;10094;84
260;20220930;9;20;136;146;10095;69
260;20220930;10;30;150;165;10094;65
260;20220930;11;40;160;203;10092;62
260;20220930;12;50;170;219;10089;60
260;20220930;13;50;166;164;10085;61
260;20220930;14;50;168;146;10080;55
260;20220930;15;60;167;103;10076;53
260;20220930;16;50;159;64;10077;59
260;20220930;17;40;146;9;10071;67
260;20220930;18;40;139;1;10070;66
260;20220930;19;50;138;0;10060;67
260;20220930;20;50;137;0;10053;66
260;20220930;21;60;140;0;10044;62
260;20220930;22;60;125;0;10037;75
260;20220930;23;50;114;0;10031;87
260;20220930;24;60;111;0;10020;91
260;20221001;1;70;111;0;10005;92
260;20221001;2;70;112;0;9996;93
260;20221001;3;60;116;0;9994;92
260;20221001;4;60;122;0;9992;92
260;20221001;5;50;128;0;9999;92
260;20221001;6;40;126;1;10008;93
260;20221001;7;30;138;34;10011;92
260;20221001;8;30;144;53;10018;90
260;20221001;9;30;154;62;10026;88
260;20221001;10;40;155;112;10033;83
260;20221001;11;60;169;167;10044;70
260;20221001;12;60;166;151;10053;66
260;20221001;13;60;169;136;10061;64
260;20221001;14;50;177;157;10069;60
260;20221001;15;60;166;108;10078;65
260;20221001;16;50;166;62;10084;63
260;20221001;17;40;139;12;10093;83
260;20221001;18;30;137;1;10099;83
260;20221001;19;30;138;0;10109;81
260;20221001;20;30;133;0;10114;81
260;20221001;21;30;133;0;10119;84
260;20221001;22;40;138;0;10121;87
260;20221001;23;50;139;0;10128;90
260;20221001;24;40;129;0;10130;87
260;20221002;1;30;129;0;10135;91
260;20221002;2;20;130;0;10135;93
260;20221002;3;30;134;0;10138;91
260;20221002;4;20;128;0;10140;93
260;20221002;5;20;121;0;10143;94
260;20221002;6;20;125;2;10149;93
260;20221002;7;20;131;19;10155;90
260;20221002;8;20;143;50;10160;85
260;20221002;9;20;158;90;10168;79
260;20221002;10;30;166;132;10171;73
260;20221002;11;40;170;166;10180;64
260;20221002;12;30;160;88;10183;69
260;20221002;13;30;176;154;10187;59
260;20221002;14;40;170;174;10192;58
260;20221002;15;40;169;122;10196;56
260;20221002;16;30;161;74;10205;64
260;20221002;17;30;146;24;10214;68
260;20221002;18;20;136;1;10223;74
260;20221002;19;20;113;0;10230;85
260;20221002;20;10;93;0;10236;94
260;20221002;21;10;89;0;10243;95
260;20221002;22;20;88;0;10250;96
260;20221002;23;10;71;0;10252;98
260;20221002;24;10;62;0;10253;97
260;20221003;1;10;58;0;10258;98
260;20221003;2;10;54;0;10260;98
260;20221003;3;10;51;0;10261;98
260;20221003;4;0;48;0;10263;99
260;20221003;5;10;47;0;10266;98
260;20221003;6;0;52;2;10268;97
260;20221003;7;10;85;19;10271;97
260;20221003;8;10;112;39;10274;86
260;20221003;9;10;132;40;10276;81
260;20221003;10;10;150;67;10275;75
260;20221003;11;20;165;84;10274;73
260;20221003;12;20;172;147;10272;62
260;20221003;13;30;166;112;10269;68
260;20221003;14;30;161;87;10267;66
260;20221003;15;30;161;64;10262;65
260;20221003;16;20;162;56;10257;62
260;20221003;17;10;130;16;10253;83
260;20221003;18;10;112;0;10252;93
260;20221003;19;10;103;0;10248;96
260;20221003;20;10;107;0;10247;96
260;20221003;21;10;108;0;10246;96
260;20221003;22;10;105;0;10242;96
260;20221003;23;10;112;0;10236;96
260;20221003;24;10;107;0;10233;96
260;20221004;1;10;111;0;10230;95
260;20221004;2;20;111;0;10222;90
260;20221004;3;10;91;0;10213;95
260;20221004;4;20;95;0;10209;94
260;20221004;5;20;93;0;10206;94
260;20221004;6;20;98;1;10207;92
260;20221004;7;20;103;19;10202;91
260;20221004;8;30;121;76;10204;83
260;20221004;9;30;136;115;10203;78
260;20221004;10;50;147;159;10200;75
260;20221004;11;50;162;186;10198;70
260;20221004;12;40;168;157;10195;64
260;20221004;13;50;172;171;10189;63
260;20221004;14;50;177;149;10179;62
260;20221004;15;40;179;118;10181;65
260;20221004;16;30;175;43;10179;68
260;20221004;17;20;167;17;10180;74
260;20221004;18;30;165;1;10181;75
260;20221004;19;30;164;0;10179;76
260;20221004;20;30;162;0;10173;76
260;20221004;21;40;161;0;10176;76
260;20221004;22;40;157;0;10175;79
260;20221004;23;30;155;0;10169;80
260;20221004;24;30;154;0;10169;80
260;20221005;1;40;153;0;10163;81
260;20221005;2;40;148;0;10156;83
260;20221005;3;40;147;0;10151;82
260;20221005;4;40;149;0;10150;81
260;20221005;5;40;151;0;10145;76
260;20221005;6;50;152;1;10143;74
260;20221005;7;40;153;7;10144;74
260;20221005;8;50;154;16;10143;75
260;20221005;9;50;157;30;10140;74
260;20221005;10;60;163;62;10135;73
260;20221005;11;60;166;54;10132;74
260;20221005;12;50;171;47;10129;71
260;20221005;13;60;175;69;10125;70
260;20221005;14;70;181;65;10124;66
260;20221005;15;70;177;67;10126;66
260;20221005;16;70;174;25;10127;66
260;20221005;17;70;170;5;10130;69
260;20221005;18;70;171;1;10135;71
260;20221005;19;70;175;0;10142;72
260;20221005;20;70;139;0;10160;86
260;20221005;21;30;141;0;10176;90
260;20221005;22;40;130;0;10181;88
260;20221005;23;40;134;0;10193;84
260;20221005;24;30;132;0;10202;80
260;20221006;1;30;129;0;10215;76
260;20221006;2;30;122;0;10224;75
260;20221006;3;30;115;0;10233;77
260;20221006;4;30;117;0;10242;76
260;20221006;5;30;111;0;10251;78
260;20221006;6;30;99;1;10260;84
260;20221006;7;30;116;23;10269;77
260;20221006;8;30;132;72;10277;71
260;20221006;9;40;146;122;10285;66
260;20221006;10;50;157;161;10289;62
260;20221006;11;50;163;177;10292;56
260;20221006;12;50;164;176;10293;55
260;20221006;13;50;170;192;10291;51
260;20221006;14;60;167;159;10292;48
260;20221006;15;60;163;113;10290;52
260;20221006;16;50;154;66;10289;54
260;20221006;17;40;140;18;10289;63
260;20221006;18;30;124;0;10288;71
260;20221006;19;20;89;0;10287;88
260;20221006;20;20;79;0;10287;90
260;20221006;21;20;85;0;10285;88
260;20221006;22;10;67;0;10281;93
260;20221006;23;20;71;0;10273;92
260;20221006;24;20;73;0;10269;93
260;20221007;1;30;108;0;10263;82
260;20221007;2;30;91;0;10255;87
260;20221007;3;20;89;0;10247;88
260;20221007;4;20;91;0;10242;89
260;20221007;5;20;93;0;10239;87
260;20221007;6;30;102;1;10235;84
260;20221007;7;40;113;12;10234;80
260;20221007;8;50;128;67;10232;76
260;20221007;9;40;138;91;10230;75
260;20221007;10;50;145;105;10224;73
260;20221007;11;50;163;167;10218;69
260;20221007;12;50;165;100;10208;66
260;20221007;13;50;170;90;10199;65
260;20221007;14;40;170;75;10191;64
260;20221007;15;40;171;57;10184;64
260;20221007;16;40;164;29;10178;66
260;20221007;17;40;155;11;10174;69
260;20221007;18;40;151;0;10173;70
260;20221007;19;40;147;0;10170;71
260;20221007;20;40;139;0;10167;72
260;20221007;21;40;132;0;10164;74
260;20221007;22;40;134;0;10160;74
260;20221007;23;40;135;0;10155;77
260;20221007;24;40;127;0;10156;86
260;20221008;1;30;126;0;10157;87
260;20221008;2;30;123;0;10157;92
260;20221008;3;30;119;0;10159;94
260;20221008;4;20;116;0;10165;94
260;20221008;5;20;110;0;10169;93
260;20221008;6;20;105;0;10176;89
260;20221008;7;20;115;20;10187;82
260;20221008;8;30;130;69;10195;73
260;20221008;9;40;144;116;10204;67
260;20221008;10;40;144;104;10210;67
260;20221008;11;50;149;151;10216;64
260;20221008;12;40;154;103;10217;63
260;20221008;13;40;151;178;10221;54
260;20221008;14;40;155;135;10225;55
260;20221008;15;40;145;107;10228;61
260;20221008;16;40;141;64;10231;62
260;20221008;17;30;124;16;10237;73
260;20221008;18;20;112;0;10244;78
260;20221008;19;20;90;0;10249;89
260;20221008;20;20;68;0;10252;95
260;20221008;21;10;59;0;10255;96
260;20221008;22;10;53;0;10256;96
260;20221008;23;10;47;0;10255;98
260;20221008;24;10;43;0;10254;98
260;20221009;1;10;44;0;10254;98
260;20221009;2;10;43;0;10250;98
260;20221009;3;10;41;0;10246;98
260;20221009;4;20;44;0;10246;98
260;20221009;5;10;40;0;10244;98
260;20221009;6;10;36;1;10243;98
260;20221009;7;10;61;20;10245;97
260;20221009;8;20;84;67;10244;86
260;20221009;9;30;114;115;10241;73
260;20221009;10;40;133;152;10235;67
260;20221009;11;40;149;177;10227;62
260;20221009;12;40;157;185;10218;57
260;20221009;13;40;164;176;10205;50
260;20221009;14;40;161;142;10196;52
260;20221009;15;40;162;109;10187;50
260;20221009;16;40;154;61;10178;56
260;20221009;17;30;133;14;10175;64
260;20221009;18;20;99;0;10172;79
260;20221009;19;20;75;0;10169;88
260;20221009;20;10;60;0;10163;96
260;20221009;21;20;92;0;10158;77
260;20221009;22;30;96;0;10154;75
260;20221009;23;30;91;0;10150;77
260;20221009;24;30;86;0;10145;79
260;20221010;1;30;84;0;10141;81
260;20221010;2;30;83;0;10137;82
260;20221010;3;30;79;0;10130;84
260;20221010;4;20;69;0;10129;89
260;20221010;5;20;69;0;10128;90
260;20221010;6;20;71;1;10129;90
260;20221010;7;20;90;23;10131;85
260;20221010;8;20;110;61;10134;82
260;20221010;9;30;129;106;10138;77
260;20221010;10;30;139;71;10141;76
260;20221010;11;30;157;106;10147;74
260;20221010;12;30;151;49;10150;79
260;20221010;13;30;146;22;10156;85
260;20221010;14;40;126;11;10170;93
260;20221010;15;30;131;43;10179;89
260;20221010;16;30;137;54;10188;74
260;20221010;17;20;120;19;10198;77
260;20221010;18;20;88;0;10209;93
260;20221010;19;10;81;0;10216;95
260;20221010;20;20;73;0;10224;97
260;20221010;21;20;51;0;10231;98
260;20221010;22;10;45;0;10238;96
260;20221010;23;10;44;0;10242;98
260;20221010;24;10;34;0;10243;98
260;20221011;1;10;28;0;10247;98
260;20221011;2;10;25;0;10249;98
260;20221011;3;10;21;0;10251;98
260;20221011;4;10;19;0;10254;98
260;20221011;5;10;22;0;10258;98
260;20221011;6;10;24;1;10260;98
260;20221011;7;10;46;17;10266;97
260;20221011;8;10;73;47;10270;84
260;20221011;9;10;118;100;10274;64
260;20221011;10;20;147;155;10275;56
260;20221011;11;20;148;163;10273;59
260;20221011;12;20;148;121;10270;57
260;20221011;13;10;154;127;10266;55
260;20221011;14;20;165;144;10263;50
260;20221011;15;20;147;64;10262;63
260;20221011;16;10;153;48;10259;57
260;20221011;17;10;122;12;10260;80
260;20221011;18;10;104;0;10261;90
260;20221011;19;0;88;0;10259;94
260;20221011;20;0;69;0;10258;98
260;20221011;21;0;57;0;10258;98
260;20221011;22;0;48;0;10259;98
260;20221011;23;10;48;0;10257;95
260;20221011;24;10;39;0;10255;98
260;20221012;1;10;37;0;10253;97
260;20221012;2;10;39;0;10250;98
260;20221012;3;10;37;0;10245;97
260;20221012;4;10;35;0;10244;98
260;20221012;5;10;29;0;10243;98
260;20221012;6;10;29;0;10241;98
260;20221012;7;10;43;13;10240;99
260;20221012;8;10;73;40;10240;93
260;20221012;9;20;104;102;10241;80
260;20221012;10;20;124;143;10238;70
260;20221012;11;20;136;161;10233;61
260;20221012;12;30;140;154;10226;61
260;20221012;13;30;140;108;10222;65
260;20221012;14;30;150;85;10217;60
260;20221012;15;30;153;104;10209;59
260;20221012;16;30;145;65;10209;64
260;20221012;17;20;110;7;10206;81
260;20221012;18;10;85;0;10207;93
260;20221012;19;10;87;0;10204;95
260;20221012;20;20;73;0;10200;95
260;20221012;21;20;76;0;10198;94
260;20221012;22;20;94;0;10194;87
260;20221012;23;20;101;0;10193;85
260;20221012;24;20;99;0;10186;88
260;20221013;1;20;105;0;10185;89
260;20221013;2;20;121;0;10179;82
260;20221013;3;20;121;0;10176;85
260;20221013;4;30;124;0;10172;84
260;20221013;5;30;123;0;10171;86
260;20221013;6;30;125;0;10169;88
260;20221013;7;30;125;3;10168;91
260;20221013;8;30;131;11;10166;92
260;20221013;9;30;136;40;10165;90
260;20221013;10;30;142;47;10164;86
260;20221013;11;30;148;76;10161;84
260;20221013;12;30;146;58;10156;82
260;20221013;13;30;141;34;10154;83
260;20221013;14;30;144;40;10151;83
260;20221013;15;30;143;18;10147;83
260;20221013;16;30;143;9;10145;84
260;20221013;17;20;131;2;10146;92
260;20221013;18;20;124;0;10153;93
260;20221013;19;20;115;0;10158;94
260;20221013;20;10;83;0;10158;98
260;20221013;21;10;69;0;10162;98
260;20221013;22;10;63;0;10159;98
260;20221013;23;10;85;0;10156;98
260;20221013;24;10;83;0;10153;99
260;20221014;1;10;84;0;10144;98
260;20221014;2;10;93;0;10144;99
260;20221014;3;10;100;0;10138;98
260;20221014;4;10;106;0;10130;98
260;20221014;5;20;116;0;10126;98
260;20221014;6;30;122;1;10118;98
260;20221014;7;30;127;3;10115;98
260;20221014;8;30;132;9;10114;98
260;20221014;9;30;138;16;10111;97
260;20221014;10;30;143;22;10108;95
260;20221014;11;30;146;23;10104;95
260;20221014;12;30;149;35;10096;96
260;20221014;13;20;154;35;10091;95
260;20221014;14;30;151;37;10089;92
260;20221014;15;30;157;55;10087;87
260;20221014;16;20;150;23;10082;83
260;20221014;17;20;136;4;10083;91
260;20221014;18;20;134;0;10084;89
260;20221014;19;20;126;0;10080;92
260;20221014;20;20;121;0;10078;95
260;20221014;21;20;112;0;10078;95
260;20221014;22;20;116;0;10075;96
260;20221014;23;10;99;0;10073;98
260;20221014;24;10;103;0;10071;97
260;20221015;1;10;112;0;10069;97
260;20221015;2;20;110;0;10064;95
260;20221015;3;20;113;0;10058;95
260;20221015;4;10;95;0;10056;98
260;20221015;5;20;122;0;10057;96
260;20221015;6;30;124;0;10056;96
260;20221015;7;30;127;4;10056;95
260;20221015;8;40;133;16;10055;93
260;20221015;9;30;144;50;10049;89
260;20221015;10;40;141;33;10046;91
260;20221015;11;30;142;34;10044;96
260;20221015;12;40;149;32;10039;96
260;20221015;13;40;156;27;10040;94
260;20221015;14;40;162;47;10044;90
260;20221015;15;40;160;60;10053;77
260;20221015;16;40;153;49;10056;78
260;20221015;17;30;140;8;10062;83
260;20221015;18;30;136;0;10070;81
260;20221015;19;30;140;0;10073;79
260;20221015;20;40;148;0;10077;74
260;20221015;21;40;144;0;10081;75
260;20221015;22;40;142;0;10086;75
260;20221015;23;40;137;0;10087;76
260;20221015;24;40;134;0;10088;76
260;20221016;1;40;137;0;10090;77
260;20221016;2;50;137;0;10088;80
260;20221016;3;40;134;0;10091;82
260;20221016;4;40;133;0;10093;83
260;20221016;5;50;128;0;10101;85
260;20221016;6;40;127;0;10110;87
260;20221016;7;40;129;4;10116;86
260;20221016;8;50;137;34;10128;85
260;20221016;9;50;150;98;10136;79
260;20221016;10;50;164;146;10141;74
260;20221016;11;50;169;126;10146;69
260;20221016;12;50;172;153;10151;62
260;20221016;13;40;177;143;10154;58
260;20221016;14;40;172;103;10158;61
260;20221016;15;20;169;57;10158;67
260;20221016;16;10;151;22;10157;78
260;20221016;17;10;133;3;10162;91
260;20221016;18;10;128;0;10164;93
260;20221016;19;10;127;0;10169;92
260;20221016;20;20;133;0;10168;89
260;20221016;21;20;139;0;10167;90
260;20221016;22;40;145;0;10157;86
260;20221016;23;40;146;0;10158;87
260;20221016;24;30;137;0;10157;91
260;20221017;1;30;137;0;10153;93
260;20221017;2;30;141;0;10147;92
260;20221017;3;40;145;0;10146;93
260;20221017;4;30;150;0;10148;92
260;20221017;5;30;153;0;10151;92
260;20221017;6;30;156;0;10152;91
260;20221017;7;30;157;4;10160;91
260;20221017;8;30;165;6;10177;91
260;20221017;9;40;165;5;10178;95
260;20221017;10;20;166;18;10181;96
260;20221017;11;30;167;17;10194;95
260;20221017;12;40;168;25;10200;95
260;20221017;13;30;162;19;10205;94
260;20221017;14;30;170;45;10213;92
260;20221017;15;30;173;48;10215;88
260;20221017;16;20;168;23;10222;89
260;20221017;17;30;163;3;10227;88
260;20221017;18;20;158;0;10232;92
260;20221017;19;20;152;0;10237;93
260;20221017;20;20;142;0;10239;97
260;20221017;21;20;153;0;10248;97
260;20221017;22;10;141;0;10250;98
260;20221017;23;10;142;0;10252;98
260;20221017;24;10;125;0;10252;98
260;20221018;1;0;117;0;10255;98
260;20221018;2;10;111;0;10256;98
260;20221018;3;0;106;0;10257;99
260;20221018;4;10;97;0;10258;98
260;20221018;5;0;90;0;10258;98
260;20221018;6;10;90;0;10264;99
260;20221018;7;10;106;6;10271;98
260;20221018;8;10;113;41;10276;98
260;20221018;9;0;140;96;10279;85
260;20221018;10;10;166;128;10282;66
260;20221018;11;20;176;157;10286;62
260;20221018;12;20;181;162;10285;56
260;20221018;13;30;179;156;10283;53
260;20221018;14;30;174;131;10283;53
260;20221018;15;30;169;91;10285;58
260;20221018;16;30;155;42;10286;69
260;20221018;17;20;111;4;10289;90
260;20221018;18;10;89;0;10294;96
260;20221018;19;10;75;0;10296;96
260;20221018;20;10;64;0;10296;98
260;20221018;21;10;54;0;10295;99
260;20221018;22;10;48;0;10295;98
260;20221018;23;10;42;0;10293;98
260;20221018;24;0;42;0;10294;98
260;20221019;1;10;32;0;10292;99
260;20221019;2;10;28;0;10290;98
260;20221019;3;10;25;0;10286;98
260;20221019;4;10;23;0;10284;98
260;20221019;5;10;21;0;10284;97
260;20221019;6;20;20;0;10281;97
260;20221019;7;20;57;11;10282;96
260;20221019;8;20;80;48;10283;94
260;20221019;9;30;108;92;10278;83
260;20221019;10;50;121;126;10274;77
260;20221019;11;50;128;124;10269;70
260;20221019;12;60;137;162;10257;67
260;20221019;13;50;140;158;10246;65
260;20221019;14;60;145;131;10240;65
260;20221019;15;50;141;90;10235;65
260;20221019;16;40;125;35;10229;70
260;20221019;17;40;113;4;10221;76
260;20221019;18;40;110;0;10218;76
260;20221019;19;50;105;0;10214;76
260;20221019;20;50;100;0;10203;78
260;20221019;21;50;94;0;10197;80
260;20221019;22;40;86;0;10193;84
260;20221019;23;40;83;0;10184;86
260;20221019;24;30;83;0;10177;87
260;20221020;1;30;77;0;10171;89
260;20221020;2;30;76;0;10161;90
260;20221020;3;30;82;0;10150;90
260;20221020;4;40;88;0;10140;89
260;20221020;5;40;93;0;10137;89
260;20221020;6;40;101;0;10126;85
260;20221020;7;40;101;4;10129;86
260;20221020;8;40;107;17;10125;84
260;20221020;9;40;113;35;10121;85
260;20221020;10;40;122;33;10116;84
260;20221020;11;40;132;26;10111;86
260;20221020;12;40;132;19;10104;92
260;20221020;13;40;135;21;10101;96
260;20221020;14;30;145;28;10099;95
260;20221020;15;30;156;44;10094;93
260;20221020;16;30;156;22;10093;93
260;20221020;17;30;150;3;10092;95
260;20221020;18;30;145;0;10090;94
260;20221020;19;30;143;0;10088;93
260;20221020;20;40;141;0;10079;92
260;20221020;21;40;138;0;10080;93
260;20221020;22;30;134;0;10081;93
260;20221020;23;30;133;0;10078;93
260;20221020;24;30;134;0;10075;94
260;20221021;1;30;138;0;10073;95
260;20221021;2;30;140;0;10067;96
260;20221021;3;30;132;0;10062;96
260;20221021;4;30;128;0;10058;97
260;20221021;5;30;124;0;10059;97
260;20221021;6;20;120;0;10059;97
260;20221021;7;20;121;5;10060;97
260;20221021;8;20;127;21;10066;96
260;20221021;9;30;134;25;10065;94
260;20221021;10;30;147;45;10065;92
260;20221021;11;20;160;47;10066;91
260;20221021;12;30;178;120;10064;79
260;20221021;13;30;179;65;10064;81
260;20221021;14;30;194;118;10065;73
260;20221021;15;30;193;81;10066;73
260;20221021;16;20;182;35;10067;79
260;20221021;17;20;142;2;10070;93
260;20221021;18;30;158;0;10074;86
260;20221021;19;30;155;0;10076;87
260;20221021;20;30;156;0;10078;84
260;20221021;21;30;152;0;10080;85
260;20221021;22;30;142;0;10083;88
260;20221021;23;20;138;0;10082;90
260;20221021;24;20;134;0;10081;92
260;20221022;1;30;136;0;10083;92
260;20221022;2;30;136;0;10083;92
260;20221022;3;30;131;0;10083;91
260;20221022;4;30;127;0;10086;94
260;20221022;5;30;133;0;10089;92
260;20221022;6;30;135;0;10092;90
260;20221022;7;30;137;5;10100;89
260;20221022;8;30;147;30;10107;85
260;20221022;9;40;151;33;10114;84
260;20221022;10;50;164;86;10120;79
260;20221022;11;50;169;77;10126;75
260;20221022;12;60;173;124;10130;71
260;20221022;13;50;177;125;10131;66
260;20221022;14;40;175;101;10132;72
260;20221022;15;40;170;50;10136;71
260;20221022;16;30;162;32;10138;75
260;20221022;17;20;130;2;10139;89
260;20221022;18;10;113;0;10143;97
260;20221022;19;10;103;0;10145;96
260;20221022;20;10;100;0;10143;97
260;20221022;21;10;99;0;10144;98
260;20221022;22;10;106;0;10145;98
260;20221022;23;20;110;0;10142;98
260;20221022;24;20;110;0;10135;97
260;20221023;1;20;104;0;10135;98
260;20221023;2;20;108;0;10130;97
260;20221023;3;20;115;0;10125;96
260;20221023;4;20;113;0;10116;96
260;20221023;5;20;118;0;10111;95
260;20221023;6;20;131;0;10108;90
260;20221023;7;30;134;3;10102;90
260;20221023;8;30;140;19;10099;88
260;20221023;9;30;146;29;10093;86
260;20221023;10;40;150;28;10086;85
260;20221023;11;40;159;34;10076;81
260;20221023;12;40;172;70;10066;78
260;20221023;13;50;173;73;10057;76
260;20221023;14;50;177;66;10045;77
260;20221023;15;50;181;57;10041;76
260;20221023;16;40;175;11;10034;79
260;20221023;17;40;172;1;10029;80
260;20221023;18;40;169;0;10029;81
260;20221023;19;40;171;0;10024;83
260;20221023;20;50;171;0;10030;80
260;20221023;21;40;163;0;10036;77
260;20221023;22;40;157;0;10037;78
260;20221023;23;40;157;0;10033;82
260;20221023;24;30;156;0;10027;84
260;20221024;1;40;166;0;10023;77
260;20221024;2;60;164;0;10018;74
260;20221024;3;60;164;0;10016;69
260;20221024;4;50;161;0;10017;68
260;20221024;5;50;164;0;10015;67
260;20221024;6;60;164;0;10015;68
260;20221024;7;70;166;4;10020;67
260;20221024;8;80;164;13;10030;70
260;20221024;9;80;161;21;10036;73
260;20221024;10;80;156;65;10045;77
260;20221024;11;80;162;100;10054;72
260;20221024;12;70;155;65;10058;80
260;20221024;13;70;147;61;10063;85
260;20221024;14;60;150;40;10063;83
260;20221024;15;50;160;31;10066;76
260;20221024;16;60;154;21;10070;77
260;20221024;17;40;146;1;10076;81
260;20221024;18;20;128;0;10081;90
260;20221024;19;30;144;0;10083;83
260;20221024;20;40;139;0;10083;86
260;20221024;21;30;133;0;10090;91
260;20221024;22;30;129;0;10095;91
260;20221024;23;30;130;0;10101;90
260;20221024;24;30;138;0;10104;89
260;20221025;1;40;142;0;10107;87
260;20221025;2;50;139;0;10110;88
260;20221025;3;40;139;0;10113;89
260;20221025;4;40;137;0;10120;90
260;20221025;5;40;130;0;10126;92
260;20221025;6;40;137;0;10129;88
260;20221025;7;40;131;4;10136;90
260;20221025;8;40;138;27;10141;87
260;20221025;9;50;141;38;10147;85
260;20221025;10;50;150;76;10150;80
260;20221025;11;50;160;88;10154;78
260;20221025;12;40;162;72;10155;75
260;20221025;13;50;164;83;10155;75
260;20221025;14;40;169;76;10154;73
260;20221025;15;30;165;47;10152;72
260;20221025;16;30;154;15;10150;79
260;20221025;17;20;146;2;10151;83
260;20221025;18;20;129;0;10149;88
260;20221025;19;20;123;0;10151;88
260;20221025;20;20;116;0;10146;90
260;20221025;21;20;108;0;10145;93
260;20221025;22;20;103;0;10143;94
260;20221025;23;20;101;0;10141;92
260;20221025;24;20;103;0;10138;91
260;20221026;1;20;111;0;10132;89
260;20221026;2;30;118;0;10128;86
260;20221026;3;30;119;0;10123;86
260;20221026;4;30;118;0;10121;86
260;20221026;5;30;118;0;10119;86
260;20221026;6;30;120;0;10120;87
260;20221026;7;30;126;4;10122;84
260;20221026;8;30;137;33;10127;81
260;20221026;9;30;153;62;10130;80
260;20221026;10;40;169;99;10136;75
260;20221026;11;50;175;107;10146;77
260;20221026;12;50;176;70;10151;77
260;20221026;13;40;186;99;10153;72
260;20221026;14;50;193;97;10156;69
260;20221026;15;40;189;48;10165;70
260;20221026;16;30;183;19;10171;74
260;20221026;17;30;176;1;10175;75
260;20221026;18;30;166;0;10185;80
260;20221026;19;30;169;0;10193;79
260;20221026;20;30;161;0;10199;83
260;20221026;21;20;141;0;10204;91
260;20221026;22;20;126;0;10205;96
260;20221026;23;20;142;0;10207;94
260;20221026;24;20;135;0;10209;95
260;20221027;1;20;135;0;10210;94
260;20221027;2;20;134;0;10211;94
260;20221027;3;30;132;0;10208;94
260;20221027;4;30;131;0;10206;94
260;20221027;5;30;132;0;10209;93
260;20221027;6;30;131;0;10207;91
260;20221027;7;30;135;4;10204;88
260;20221027;8;40;141;21;10205;84
260;20221027;9;30;161;64;10200;76
260;20221027;10;40;168;67;10197;72
260;20221027;11;40;177;72;10190;70
260;20221027;12;40;184;54;10186;70
260;20221027;13;40;189;44;10178;68
260;20221027;14;40;193;46;10174;70
260;20221027;15;40;192;53;10176;72
260;20221027;16;30;182;24;10174;77
260;20221027;17;20;170;1;10179;82
260;20221027;18;20;143;0;10179;92
260;20221027;19;20;133;0;10180;96
260;20221027;20;30;163;0;10181;85
260;20221027;21;30;169;0;10180;82
260;20221027;22;20;161;0;10178;86
260;20221027;23;20;158;0;10174;87
260;20221027;24;20;142;0;10174;93
260;20221028;1;30;148;0;10169;90
260;20221028;2;30;143;0;10165;91
260;20221028;3;20;143;0;10162;91
260;20221028;4;30;145;0;10160;88
260;20221028;5;20;141;0;10158;89
260;20221028;6;30;138;0;10157;89
260;20221028;7;30;138;3;10158;88
260;20221028;8;20;153;31;10162;83
260;20221028;9;30;169;63;10161;82
260;20221028;10;30;185;73;10162;76
260;20221028;11;40;200;101;10159;72
260;20221028;12;40;205;77;10162;68
260;20221028;13;50;202;56;10166;68
260;20221028;14;50;200;55;10171;70
260;20221028;15;40;196;41;10175;74
260;20221028;16;40;191;12;10180;76
260;20221028;17;30;185;1;10188;79
260;20221028;18;30;175;0;10195;83
260;20221028;19;20;160;0;10199;88
260;20221028;20;30;156;0;10204;85
260;20221028;21;20;137;0;10209;92
260;20221028;22;10;116;0;10209;96
260;20221028;23;10;107;0;10214;98
260;20221028;24;10;104;0;10214;98
260;20221029;1;10;100;0;10210;98
260;20221029;2;10;105;0;10204;99
260;20221029;3;10;110;0;10200;99
260;20221029;4;10;110;0;10199;99
260;20221029;5;10;116;0;10196;99
260;20221029;6;10;119;0;10192;98
260;20221029;7;10;126;2;10189;98
260;20221029;8;30;147;25;10188;96
260;20221029;9;30;169;68;10189;86
260;20221029;10;20;170;43;10178;85
260;20221029;11;30;191;91;10175;78
260;20221029;12;30;196;83;10171;77
260;20221029;13;30;203;99;10166;74
260;20221029;14;20;210;62;10160;72
260;20221029;15;20;202;33;10159;75
260;20221029;16;30;197;11;10153;75
260;20221029;17;30;191;1;10148;76
260;20221029;18;30;188;0;10153;77
260;20221029;19;30;171;0;10153;83
260;20221029;20;30;170;0;10155;84
260;20221029;21;30;171;0;10157;80
260;20221029;22;20;146;0;10160;88
260;20221029;23;20;149;0;10162;84
260;20221029;24;20;126;0;10163;92
260;20221030;1;20;122;0;10163;94
260;20221030;2;10;111;0;10165;97
260;20221030;3;10;114;0;10165;97
260;20221030;4;10;110;0;10166;97
260;20221030;5;20;113;0;10167;97
260;20221030;6;20;107;0;10164;98
260;20221030;7;20;111;3;10167;96
260;20221030;8;10;134;34;10166;91
260;20221030;9;10;159;70;10167;81
260;20221030;10;10;178;105;10167;76
260;20221030;11;10;193;118;10167;71
260;20221030;12;20;195;105;10161;73
260;20221030;13;20;191;60;10158;75
260;20221030;14;20;188;48;10158;75
260;20221030;15;20;186;46;10162;75
260;20221030;16;30;177;14;10172;78
260;20221030;17;30;166;1;10176;82
260;20221030;18;10;148;0;10179;90
260;20221030;19;20;155;0;10188;84
260;20221030;20;20;144;0;10194;85
260;20221030;21;20;129;0;10195;89
260;20221030;22;20;116;0;10198;93
260;20221030;23;20;105;0;10201;97
260;20221030;24;20;104;0;10203;96
260;20221031;1;20;120;0;10205;90
260;20221031;2;10;87;0;10201;98
260;20221031;3;10;73;0;10201;98
260;20221031;4;20;83;0;10202;99
260;20221031;5;20;81;0;10201;99
260;20221031;6;10;69;0;10197;98
260;20221031;7;10;96;2;10199;99
260;20221031;8;20;106;22;10201;98
260;20221031;9;20;115;45;10198;98
260;20221031;10;20;129;57;10192;96
260;20221031;11;30;146;54;10184;86
260;20221031;12;30;154;59;10172;84
260;20221031;13;20;161;39;10161;82
260;20221031;14;20;159;27;10148;83
260;20221031;15;20;160;15;10140;84
260;20221031;16;30;159;6;10129;82
260;20221031;17;30;151;0;10123;85
260;20221031;18;30;143;0;10113;88
260;20221031;19;30;148;0;10109;83
260;20221031;20;40;145;0;10104;81
260;20221031;21;40;146;0;10098;78
260;20221031;22;40;146;0;10091;77
260;20221031;23;40;149;0;10085;76
260;20221031;24;30;144;0;10078;82
260;20221101;1;40;149;0;10071;83
260;20221101;2;40;154;0;10067;82
260;20221101;3;50;166;0;10068;80
260;20221101;4;70;158;0;10078;72
260;20221101;5;80;148;0;10090;64
260;20221101;6;70;140;0;10093;61
260;20221101;7;80;135;1;10104;64
260;20221101;8;80;133;23;10114;67
260;20221101;9;80;137;68;10122;67
260;20221101;10;80;145;77;10131;67
260;20221101;11;80;154;124;10134;65
260;20221101;12;80;158;131;10135;63
260;20221101;13;70;166;122;10133;60
260;20221101;14;60;165;93;10133;59
260;20221101;15;70;163;50;10134;59
260;20221101;16;50;154;14;10134;63
260;20221101;17;60;151;1;10135;64
260;20221101;18;70;153;0;10134;63
260;20221101;19;70;148;0;10137;67
260;20221101;20;50;146;0;10134;68
260;20221101;21;60;131;0;10129;79
260;20221101;22;60;126;0;10135;82
260;20221101;23;60;118;0;10126;91
260;20221101;24;50;123;0;10127;87
260;20221102;1;60;123;0;10131;81
260;20221102;2;70;103;0;10129;82
260;20221102;3;60;113;0;10128;82
260;20221102;4;70;119;0;10131;78
260;20221102;5;80;113;0;10146;85
260;20221102;6;60;113;0;10154;84
260;20221102;7;50;111;2;10168;78
260;20221102;8;40;116;22;10180;72
260;20221102;9;40;127;68;10185;70
260;20221102;10;50;134;104;10193;67
260;20221102;11;60;140;121;10197;66
260;20221102;12;60;140;132;10198;65
260;20221102;13;60;143;121;10195;61
260;20221102;14;50;140;83;10189;63
260;20221102;15;50;140;39;10184;66
260;20221102;16;40;127;8;10180;72
260;20221102;17;40;124;0;10177;70
260;20221102;18;40;121;0;10174;68
260;20221102;19;50;120;0;10166;67
260;20221102;20;50;120;0;10158;67
260;20221102;21;50;120;0;10153;69
260;20221102;22;50;120;0;10147;70
260;20221102;23;50;117;0;10137;72
260;20221102;24;60;115;0;10133;72
260;20221103;1;60;114;0;10124;72
260;20221103;2;60;112;0;10118;75
260;20221103;3;50;116;0;10109;76
260;20221103;4;50;120;0;10101;77
260;20221103;5;50;120;0;10096;78
260;20221103;6;50;122;0;10089;79
260;20221103;7;50;125;1;10083;79
260;20221103;8;50;128;9;10080;80
260;20221103;9;50;132;20;10070;78
260;20221103;10;50;135;46;10056;76
260;20221103;11;40;139;42;10045;73
260;20221103;12;50;150;61;10034;67
260;20221103;13;50;154;67;10022;66
260;20221103;14;50;153;57;10012;65
260;20221103;15;50;145;14;10003;68
260;20221103;16;40;136;3;9993;75
260;20221103;17;40;124;0;9990;85
260;20221103;18;30;118;0;9984;92
260;20221103;19;30;117;0;9980;93
260;20221103;20;40;117;0;9973;93
260;20221103;21;40;116;0;9973;92
260;20221103;22;40;112;0;9987;93
260;20221103;23;30;110;0;9992;92
260;20221103;24;30;108;0;9998;92
260;20221104;1;30;106;0;10006;91
260;20221104;2;40;101;0;10014;84
260;20221104;3;30;95;0;10021;90
260;20221104;4;20;83;0;10026;92
260;20221104;5;20;75;0;10032;96
260;20221104;6;20;74;0;10037;96
260;20221104;7;20;76;1;10042;95
260;20221104;8;20;84;22;10048;93
260;20221104;9;10;100;55;10056;88
260;20221104;10;20;105;70;10062;86
260;20221104;11;10;120;85;10069;80
260;20221104;12;20;123;77;10075;76
260;20221104;13;20;121;64;10080;79
260;20221104;14;30;114;51;10089;73
260;20221104;15;20;107;24;10097;77
260;20221104;16;10;89;9;10104;90
260;20221104;17;20;80;0;10110;92
260;20221104;18;10;72;0;10117;95
260;20221104;19;10;63;0;10123;97
260;20221104;20;20;74;0;10126;95
260;20221104;21;20;52;0;10136;98
260;20221104;22;20;82;0;10143;89
260;20221104;23;20;78;0;10145;95
260;20221104;24;10;61;0;10145;98
260;20221105;1;10;46;0;10151;97
260;20221105;2;10;36;0;10152;98
260;20221105;3;20;41;0;10151;98
260;20221105;4;20;58;0;10152;96
260;20221105;5;20;74;0;10154;90
260;20221105;6;30;71;0;10157;88
260;20221105;7;30;68;2;10160;90
260;20221105;8;30;76;22;10163;89
260;20221105;9;30;97;65;10164;82
260;20221105;10;40;102;60;10165;80
260;20221105;11;40;108;67;10167;77
260;20221105;12;40;115;81;10165;75
260;20221105;13;50;117;82;10162;71
260;20221105;14;50;114;57;10158;71
260;20221105;15;50;110;21;10157;75
260;20221105;16;40;107;6;10154;76
260;20221105;17;40;105;0;10152;79
260;20221105;18;40;105;0;10155;80
260;20221105;19;40;104;0;10149;81
260;20221105;20;50;103;0;10144;80
260;20221105;21;50;101;0;10144;81
260;20221105;22;60;99;0;10141;81
260;20221105;23;60;99;0;10136;82
260;20221105;24;50;99;0;10133;82
260;20221106;1;50;99;0;10130;83
260;20221106;2;50;100;0;10128;83
260;20221106;3;50;101;0;10123;83
260;20221106;4;40;101;0;10118;84
260;20221106;5;50;104;0;10113;83
260;20221106;6;50;102;0;10109;84
260;20221106;7;50;99;1;10105;86
260;20221106;8;50;104;17;10102;84
260;20221106;9;60;117;62;10096;79
260;20221106;10;60;122;53;10092;80
260;20221106;11;60;123;33;10084;77
260;20221106;12;60;123;21;10076;74
260;20221106;13;50;123;25;10068;76
260;20221106;14;60;105;11;10065;84
260;20221106;15;60;96;5;10058;88
260;20221106;16;60;87;2;10049;89
260;20221106;17;60;82;0;10045;87
260;20221106;18;60;84;0;10043;87
260;20221106;19;60;86;0;10042;88
260;20221106;20;60;89;0;10041;91
260;20221106;21;60;104;0;10043;88
260;20221106;22;70;108;0;10049;87
260;20221106;23;70;113;0;10053;85
260;20221106;24;70;113;0;10057;85
260;20221107;1;60;114;0;10060;85
260;20221107;2;60;113;0;10065;85
260;20221107;3;60;111;0;10066;87
260;20221107;4;50;110;0;10067;87
260;20221107;5;50;113;0;10068;86
260;20221107;6;50;115;0;10070;86
260;20221107;7;50;120;1;10072;83
260;20221107;8;60;123;12;10078;83
260;20221107;9;60;127;33;10084;83
260;20221107;10;60;132;29;10088;82
260;20221107;11;60;137;45;10091;81
260;20221107;12;50;137;36;10092;81
260;20221107;13;50;143;27;10090;78
260;20221107;14;50;142;15;10089;78
260;20221107;15;50;140;15;10089;81
260;20221107;16;40;133;3;10090;88
260;20221107;17;50;138;0;10090;84
260;20221107;18;50;143;0;10091;80
260;20221107;19;50;138;0;10091;81
260;20221107;20;40;138;0;10091;81
260;20221107;21;50;138;0;10094;81
260;20221107;22;50;139;0;10091;80
260;20221107;23;50;139;0;10089;79
260;20221107;24;50;129;0;10085;82
260;20221108;1;50;123;0;10083;84
260;20221108;2;40;115;0;10076;87
260;20221108;3;40;113;0;10070;87
260;20221108;4;40;111;0;10058;87
260;20221108;5;40;111;0;10051;85
260;20221108;6;50;109;0;10046;83
260;20221108;7;50;107;1;10045;81
260;20221108;8;50;119;17;10042;75
260;20221108;9;50;124;31;10042;72
260;20221108;10;60;136;32;10041;67
260;20221108;11;60;140;34;10040;68
260;20221108;12;60;146;50;10038;67
260;20221108;13;60;152;89;10037;66
260;20221108;14;60;150;49;10036;68
260;20221108;15;60;150;26;10034;69
260;20221108;16;50;146;14;10032;71
260;20221108;17;50;139;0;10031;74
260;20221108;18;40;139;0;10032;75
260;20221108;19;50;139;0;10032;76
260;20221108;20;50;135;0;10032;78
260;20221108;21;50;134;0;10036;78
260;20221108;22;40;132;0;10038;80
260;20221108;23;40;130;0;10039;81
260;20221108;24;40;137;0;10039;77
260;20221109;1;50;137;0;10039;74
260;20221109;2;50;133;0;10041;75
260;20221109;3;40;127;0;10041;79
260;20221109;4;50;127;0;10046;79
260;20221109;5;50;123;0;10050;78
260;20221109;6;50;119;0;10051;81
260;20221109;7;50;119;1;10055;82
260;20221109;8;40;122;13;10058;82
260;20221109;9;50;129;45;10061;78
260;20221109;10;70;132;41;10065;76
260;20221109;11;70;134;58;10068;73
260;20221109;12;80;119;53;10070;81
260;20221109;13;70;137;91;10071;74
260;20221109;14;70;138;58;10077;70
260;20221109;15;70;130;14;10085;75
260;20221109;16;50;129;3;10092;75
260;20221109;17;50;125;0;10102;78
260;20221109;18;40;124;0;10112;78
260;20221109;19;40;118;0;10121;81
260;20221109;20;50;115;0;10130;85
260;20221109;21;50;111;0;10139;86
260;20221109;22;40;106;0;10145;90
260;20221109;23;40;105;0;10152;90
260;20221109;24;40;101;0;10158;92
260;20221110;1;40;101;0;10163;92
260;20221110;2;40;100;0;10169;92
260;20221110;3;40;97;0;10174;93
260;20221110;4;40;95;0;10181;93
260;20221110;5;40;95;0;10189;92
260;20221110;6;40;95;0;10192;93
260;20221110;7;40;94;1;10202;92
260;20221110;8;40;99;17;10208;91
260;20221110;9;40;116;62;10216;85
260;20221110;10;50;129;95;10221;81
260;20221110;11;50;139;116;10225;78
260;20221110;12;50;142;67;10233;76
260;20221110;13;50;142;56;10235;76
260;20221110;14;50;143;47;10233;75
260;20221110;15;50;142;30;10239;74
260;20221110;16;40;134;9;10244;77
260;20221110;17;40;132;0;10251;75
260;20221110;18;40;125;0;10252;75
260;20221110;19;40;118;0;10253;79
260;20221110;20;40;112;0;10258;82
260;20221110;21;40;108;0;10260;85
260;20221110;22;40;104;0;10267;87
260;20221110;23;40;106;0;10272;87
260;20221110;24;40;101;0;10274;89
260;20221111;1;40;105;0;10275;89
260;20221111;2;50;104;0;10274;89
260;20221111;3;50;100;0;10272;89
260;20221111;4;40;99;0;10277;91
260;20221111;5;30;96;0;10275;91
260;20221111;6;40;90;0;10275;92
260;20221111;7;30;93;1;10282;91
260;20221111;8;40;93;7;10288;91
260;20221111;9;40;94;19;10292;90
260;20221111;10;50;98;32;10296;89
260;20221111;11;50;102;47;10299;88
260;20221111;12;40;109;63;10296;85
260;20221111;13;40;117;77;10294;81
260;20221111;14;30;127;75;10292;77
260;20221111;15;30;122;36;10292;77
260;20221111;16;30;110;7;10294;82
260;20221111;17;30;100;0;10299;84
260;20221111;18;30;101;0;10298;82
260;20221111;19;20;88;0;10299;87
260;20221111;20;20;71;0;10302;92
260;20221111;21;20;49;0;10308;98
260;20221111;22;20;49;0;10310;97
260;20221111;23;10;36;0;10310;98
260;20221111;24;10;32;0;10312;98
260;20221112;1;20;29;0;10312;98
260;20221112;2;20;35;0;10312;98
260;20221112;3;20;49;0;10309;98
260;20221112;4;20;48;0;10308;98
260;20221112;5;10;38;0;10307;99
260;20221112;6;10;32;0;10305;98
260;20221112;7;20;35;1;10307;98
260;20221112;8;20;49;17;10310;96
260;20221112;9;20;69;52;10312;92
260;20221112;10;20;93;82;10313;79
260;20221112;11;20;121;102;10311;72
260;20221112;12;20;139;110;10307;66
260;20221112;13;10;147;101;10299;62
260;20221112;14;10;160;78;10295;58
260;20221112;15;20;150;43;10291;64
260;20221112;16;20;124;10;10289;72
260;20221112;17;20;92;0;10289;86
260;20221112;18;20;81;0;10288;95
260;20221112;19;10;65;0;10288;97
260;20221112;20;10;57;0;10286;98
260;20221112;21;10;53;0;10282;96
260;20221112;22;10;46;0;10281;98
260;20221112;23;10;40;0;10279;97
260;20221112;24;10;38;0;10274;97
260;20221113;1;20;34;0;10267;96
260;20221113;2;10;43;0;10262;98
260;20221113;3;20;50;0;10257;96
260;20221113;4;10;30;0;10254;98
260;20221113;5;10;32;0;10251;97
260;20221113;6;10;26;0;10248;96
260;20221113;7;10;17;0;10244;98
260;20221113;8;10;48;19;10243;96
260;20221113;9;10;79;56;10241;88
260;20221113;10;10;112;83;10238;69
260;20221113;11;10;139;105;10231;53
260;20221113;12;20;157;113;10222;51
260;20221113;13;20;156;106;10215;53
260;20221113;14;30;160;80;10206;50
260;20221113;15;30;148;45;10201;50
260;20221113;16;20;105;10;10198;69
260;20221113;17;10;67;0;10193;87
260;20221113;18;10;50;0;10191;92
260;20221113;19;20;40;0;10185;94
260;20221113;20;20;36;0;10181;97
260;20221113;21;10;27;0;10175;97
260;20221113;22;20;24;0;10170;97
260;20221113;23;20;21;0;10167;97
260;20221113;24;30;45;0;10160;88
260;20221114;1;30;46;0;10157;86
260;20221114;2;20;41;0;10149;88
260;20221114;3;30;35;0;10145;90
260;20221114;4;30;31;0;10139;91
260;20221114;5;20;25;0;10134;93
260;20221114;6;20;17;0;10130;94
260;20221114;7;20;14;0;10130;96
260;20221114;8;20;35;14;10129;88
260;20221114;9;20;58;49;10125;81
260;20221114;10;30;77;81;10121;76
260;20221114;11;40;86;103;10116;74
260;20221114;12;40;92;106;10111;74
260;20221114;13;50;84;86;10110;78
260;20221114;14;50;75;45;10101;82
260;20221114;15;40;71;34;10101;82
260;20221114;16;30;65;5;10097;85
260;20221114;17;30;56;0;10095;89
260;20221114;18;30;50;0;10094;91
260;20221114;19;20;51;0;10091;90
260;20221114;20;30;56;0;10092;88
260;20221114;21;30;59;0;10088;88
260;20221114;22;30;60;0;10085;90
260;20221114;23;20;62;0;10082;92
260;20221114;24;20;63;0;10080;95
260;20221115;1;30;65;0;10076;98
260;20221115;2;30;72;0;10072;98
260;20221115;3;30;81;0;10064;98
260;20221115;4;30;95;0;10064;96
260;20221115;5;30;100;0;10062;94
260;20221115;6;40;108;0;10064;92
260;20221115;7;30;107;0;10068;93
260;20221115;8;30;105;7;10068;93
260;20221115;9;30;109;25;10064;89
260;20221115;10;50;116;66;10062;82
260;20221115;11;50;123;75;10054;76
260;20221115;12;60;123;92;10045;73
260;20221115;13;50;125;89;10035;69
260;20221115;14;50;116;46;10028;72
260;20221115;15;50;117;18;10017;72
260;20221115;16;50;121;3;10009;66
260;20221115;17;50;115;0;10009;72
260;20221115;18;50;104;0;10005;87
260;20221115;19;50;107;0;10000;90
260;20221115;20;40;110;0;9997;93
260;20221115;21;40;112;0;9993;94
260;20221115;22;40;114;0;9988;95
260;20221115;23;40;114;0;9982;95
260;20221115;24;40;114;0;9979;96
260;20221116;1;40;116;0;9977;96
260;20221116;2;30;116;0;9974;96
260;20221116;3;30;117;0;9973;95
260;20221116;4;30;112;0;9975;94
260;20221116;5;20;109;0;9977;93
260;20221116;6;30;107;0;9981;92
260;20221116;7;30;98;0;9983;91
260;20221116;8;30;95;12;9990;90
260;20221116;9;40;100;43;9993;88
260;20221116;10;40;105;45;9995;85
260;20221116;11;50;112;88;9994;79
260;20221116;12;50;116;96;9992;77
260;20221116;13;50;123;72;9988;72
260;20221116;14;50;117;47;9984;73
260;20221116;15;40;109;22;9979;78
260;20221116;16;30;103;4;9969;80
260;20221116;17;40;95;0;9965;83
260;20221116;18;40;93;0;9962;82
260;20221116;19;40;100;0;9958;80
260;20221116;20;50;101;0;9943;80
260;20221116;21;60;102;0;9934;80
260;20221116;22;60;107;0;9919;79
260;20221116;23;70;102;0;9902;86
260;20221116;24;80;100;0;9883;90
260;20221117;1;80;101;0;9862;91
260;20221117;2;90;105;0;9854;90
260;20221117;3;80;107;0;9846;90
260;20221117;4;70;109;0;9838;87
260;20221117;5;80;107;0;9832;87
260;20221117;6;80;104;0;9830;93
260;20221117;7;60;106;0;9833;93
260;20221117;8;60;103;3;9839;90
260;20221117;9;60;101;6;9844;90
260;20221117;10;60;102;16;9852;89
260;20221117;11;60;100;17;9854;90
260;20221117;12;70;101;15;9861;88
260;20221117;13;60;101;13;9864;88
260;20221117;14;60;102;12;9871;89
260;20221117;15;60;111;10;9876;80
260;20221117;16;60;110;3;9883;77
260;20221117;17;50;109;0;9888;77
260;20221117;18;50;109;0;9897;76
260;20221117;19;60;105;0;9902;77
260;20221117;20;50;97;0;9911;80
260;20221117;21;40;93;0;9921;82
260;20221117;22;30;86;0;9927;85
260;20221117;23;30;83;0;9935;87
260;20221117;24;30;83;0;9942;87
260;20221118;1;30;71;0;9949;91
260;20221118;2;30;66;0;9955;93
260;20221118;3;30;67;0;9960;94
260;20221118;4;20;64;0;9967;95
260;20221118;5;30;63;0;9974;95
260;20221118;6;30;66;0;9981;95
260;20221118;7;20;71;0;9989;93
260;20221118;8;30;80;9;9997;91
260;20221118;9;30;80;27;10004;90
260;20221118;10;30;84;43;10010;88
260;20221118;11;30;91;46;10016;88
260;20221118;12;30;101;49;10019;84
260;20221118;13;30;105;52;10023;81
260;20221118;14;20;102;31;10026;84
260;20221118;15;30;95;8;10032;88
260;20221118;16;30;87;2;10037;94
260;20221118;17;20;86;0;10041;95
260;20221118;18;20;85;0;10047;96
260;20221118;19;20;86;0;10052;96
260;20221118;20;40;76;0;10059;95
260;20221118;21;50;61;0;10066;95
260;20221118;22;50;48;0;10072;94
260;20221118;23;50;40;0;10077;92
260;20221118;24;40;38;0;10083;92
260;20221119;1;40;35;0;10087;91
260;20221119;2;40;33;0;10093;90
260;20221119;3;50;28;0;10097;87
260;20221119;4;50;24;0;10101;85
260;20221119;5;50;18;0;10108;84
260;20221119;6;60;15;0;10112;82
260;20221119;7;50;10;1;10118;81
260;20221119;8;50;7;8;10125;81
260;20221119;9;50;0;17;10131;82
260;20221119;10;50;5;46;10137;78
260;20221119;11;50;16;98;10136;72
260;20221119;12;50;23;106;10133;68
260;20221119;13;50;25;64;10133;63
260;20221119;14;40;32;57;10132;54
260;20221119;15;40;27;39;10134;57
260;20221119;16;30;12;6;10137;61
260;20221119;17;20;-2;0;10140;67
260;20221119;18;20;-13;0;10142;73
260;20221119;19;20;-20;0;10141;78
260;20221119;20;20;-23;0;10142;77
260;20221119;21;20;-22;0;10144;77
260;20221119;22;10;-34;0;10143;87
260;20221119;23;10;-43;0;10142;90
260;20221119;24;10;-49;0;10137;92
260;20221120;1;10;-56;0;10134;95
260;20221120;2;10;-58;0;10133;95
260;20221120;3;10;-59;0;10130;93
260;20221120;4;10;-61;0;10125;95
260;20221120;5;10;-65;0;10120;92
260;20221120;6;10;-64;0;10121;91
260;20221120;7;10;-63;0;10119;91
260;20221120;8;20;-44;16;10118;90
260;20221120;9;10;-23;22;10116;90
260;20221120;10;20;-11;45;10109;87
260;20221120;11;20;2;41;10097;86
260;20221120;12;30;11;25;10086;87
260;20221120;13;30;19;21;10074;92
260;20221120;14;40;20;10;10066;92
260;20221120;15;40;22;6;10055;94
260;20221120;16;40;22;1;10042;95
260;20221120;17;40;26;0;10035;96
260;20221120;18;30;27;0;10036;96
260;20221120;19;20;27;0;10038;95
260;20221120;20;10;26;0;10040;96
260;20221120;21;10;25;0;10043;96
260;20221120;22;10;25;0;10046;95
260;20221120;23;10;24;0;10053;96
260;20221120;24;10;23;0;10057;96
260;20221121;1;10;22;0;10057;94
260;20221121;2;10;19;0;10056;98
260;20221121;3;20;16;0;10054;98
260;20221121;4;20;15;0;10052;98
260;20221121;5;20;19;0;10047;99
260;20221121;6;20;23;0;10042;98
260;20221121;7;20;26;0;10038;97
260;20221121;8;20;32;4;10035;97
260;20221121;9;30;39;12;10028;98
260;20221121;10;20;47;30;10021;98
260;20221121;11;30;60;37;10014;96
260;20221121;12;30;80;77;10002;88
260;20221121;13;30;80;72;9990;80
260;20221121;14;30;75;37;9977;83
260;20221121;15;40;74;13;9968;84
260;20221121;16;40;71;2;9957;83
260;20221121;17;40;67;0;9949;84
260;20221121;18;50;63;0;9936;88
260;20221121;19;50;67;0;9930;85
260;20221121;20;50;65;0;9924;87
260;20221121;21;40;62;0;9916;92
260;20221121;22;50;64;0;9910;92
260;20221121;23;60;66;0;9906;92
260;20221121;24;40;65;0;9903;94
260;20221122;1;30;65;0;9903;93
260;20221122;2;30;59;0;9903;94
260;20221122;3;40;59;0;9906;91
260;20221122;4;40;55;0;9911;90
260;20221122;5;40;50;0;9914;89
260;20221122;6;50;51;0;9916;87
260;20221122;7;50;51;0;9917;87
260;20221122;8;50;53;3;9917;86
260;20221122;9;50;58;13;9924;82
260;20221122;10;60;61;20;9925;82
260;20221122;11;50;65;22;9924;82
260;20221122;12;50;68;19;9921;81
260;20221122;13;50;72;21;9920;81
260;20221122;14;50;75;27;9918;78
260;20221122;15;40;76;9;9919;80
260;20221122;16;40;71;2;9921;87
260;20221122;17;50;69;0;9922;92
260;20221122;18;40;70;0;9925;92
260;20221122;19;40;68;0;9927;91
260;20221122;20;40;76;0;9929;93
260;20221122;21;40;77;0;9932;94
260;20221122;22;40;80;0;9937;94
260;20221122;23;40;82;0;9940;94
260;20221122;24;30;84;0;9943;92
260;20221123;1;40;84;0;9949;92
260;20221123;2;40;83;0;9952;92
260;20221123;3;40;81;0;9955;91
260;20221123;4;30;83;0;9955;88
260;20221123;5;30;81;0;9956;89
260;20221123;6;30;84;0;9958;86
260;20221123;7;40;78;0;9959;85
260;20221123;8;40;77;4;9966;86
260;20221123;9;50;81;14;9967;85
260;20221123;10;50;88;59;9960;76
260;20221123;11;60;91;87;9959;74
260;20221123;12;70;91;64;9951;74
260;20221123;13;60;95;72;9947;74
260;20221123;14;50;84;16;9952;87
260;20221123;15;40;82;7;9958;91
260;20221123;16;40;83;1;9962;91
260;20221123;17;50;85;0;9968;90
260;20221123;18;40;83;0;9977;90
260;20221123;19;40;79;0;9983;90
260;20221123;20;40;78;0;9990;90
260;20221123;21;30;78;0;9997;89
260;20221123;22;40;79;0;10004;89
260;20221123;23;40;83;0;10011;89
260;20221123;24;40;86;0;10011;87
260;20221124;1;40;83;0;10018;87
260;20221124;2;40;84;0;10022;85
260;20221124;3;60;88;0;10026;81
260;20221124;4;60;89;0;10028;81
260;20221124;5;60;85;0;10039;85
260;20221124;6;50;76;0;10050;86
260;20221124;7;40;76;0;10061;90
260;20221124;8;50;77;2;10073;92
260;20221124;9;40;81;18;10081;92
260;20221124;10;40;92;62;10088;85
260;20221124;11;40;99;83;10095;82
260;20221124;12;40;107;88;10095;77
260;20221124;13;40;111;84;10098;76
260;20221124;14;40;113;60;10097;74
260;20221124;15;30;100;22;10094;80
260;20221124;16;30;87;3;10096;83
260;20221124;17;30;85;0;10097;84
260;20221124;18;30;89;0;10096;82
260;20221124;19;40;84;0;10094;82
260;20221124;20;40;81;0;10093;82
260;20221124;21;40;88;0;10092;78
260;20221124;22;50;89;0;10089;81
260;20221124;23;40;89;0;10088;83
260;20221124;24;40;88;0;10086;91
260;20221125;1;30;86;0;10082;95
260;20221125;2;30;91;0;10086;93
260;20221125;3;30;92;0;10086;93
260;20221125;4;30;90;0;10091;93
260;20221125;5;30;85;0;10098;90
260;20221125;6;40;81;0;10103;90
260;20221125;7;40;79;0;10110;91
260;20221125;8;40;79;6;10118;90
260;20221125;9;40;87;32;10126;85
260;20221125;10;40;97;58;10135;80
260;20221125;11;50;106;84;10142;78
260;20221125;12;40;114;90;10150;77
260;20221125;13;40;116;75;10157;78
260;20221125;14;40;114;51;10164;80
260;20221125;15;30;111;29;10173;81
260;20221125;16;20;97;5;10186;88
260;20221125;17;20;81;0;10196;91
260;20221125;18;20;79;0;10206;89
260;20221125;19;20;69;0;10215;94
260;20221125;20;20;66;0;10223;95
260;20221125;21;20;60;0;10231;96
260;20221125;22;20;60;0;10240;96
260;20221125;23;20;50;0;10245;97
260;20221125;24;20;31;0;10252;97
260;20221126;1;10;29;0;10255;97
260;20221126;2;20;33;0;10257;98
260;20221126;3;20;28;0;10260;97
260;20221126;4;20;34;0;10264;96
260;20221126;5;20;32;0;10267;98
260;20221126;6;20;29;0;10271;96
260;20221126;7;20;35;0;10274;97
260;20221126;8;20;45;5;10277;96
260;20221126;9;20;57;13;10279;95
260;20221126;10;30;69;31;10283;94
260;20221126;11;30;91;64;10280;87
260;20221126;12;30;97;57;10279;86
260;20221126;13;30;98;48;10277;87
260;20221126;14;40;103;57;10271;84
260;20221126;15;30;102;25;10269;84
260;20221126;16;30;96;5;10271;84
260;20221126;17;30;91;0;10269;85
260;20221126;18;40;85;0;10266;86
260;20221126;19;30;77;0;10260;89
260;20221126;20;40;78;0;10265;87
260;20221126;21;40;74;0;10265;87
260;20221126;22;40;69;0;10253;87
260;20221126;23;40;67;0;10246;87
260;20221126;24;40;67;0;10243;86
260;20221127;1;40;65;0;10236;85
260;20221127;2;50;63;0;10226;85
260;20221127;3;40;58;0;10224;87
260;20221127;4;40;58;0;10221;85
260;20221127;5;40;57;0;10217;85
260;20221127;6;40;57;0;10212;85
260;20221127;7;30;57;0;10207;88
260;20221127;8;30;56;1;10200;90
260;20221127;9;40;58;6;10200;90
260;20221127;10;40;63;16;10195;90
260;20221127;11;40;68;20;10188;89
260;20221127;12;40;74;25;10179;85
260;20221127;13;40;76;22;10167;84
260;20221127;14;40;76;11;10161;83
260;20221127;15;30;71;7;10154;88
260;20221127;16;30;71;1;10149;87
260;20221127;17;30;72;0;10140;86
260;20221127;18;30;70;0;10133;88
260;20221127;19;40;66;0;10125;93
260;20221127;20;40;65;0;10118;94
260;20221127;21;40;65;0;10109;94
260;20221127;22;40;66;0;10104;93
260;20221127;23;40;67;0;10096;93
260;20221127;24;30;69;0;10090;93
260;20221128;1;30;73;0;10085;95
260;20221128;2;40;79;0;10082;96
260;20221128;3;40;81;0;10081;96
260;20221128;4;40;79;0;10081;95
260;20221128;5;40;79;0;10082;95
260;20221128;6;30;79;0;10085;95
260;20221128;7;30;80;0;10088;96
260;20221128;8;20;81;1;10092;97
260;20221128;9;20;83;5;10095;96
260;20221128;10;20;88;13;10098;97
260;20221128;11;20;91;19;10097;96
260;20221128;12;30;95;19;10099;95
260;20221128;13;20;99;19;10101;95
260;20221128;14;20;98;12;10104;93
260;20221128;15;10;99;12;10105;93
260;20221128;16;10;98;3;10112;95
260;20221128;17;10;96;0;10117;93
260;20221128;18;20;94;0;10122;94
260;20221128;19;20;91;0;10126;95
260;20221128;20;20;83;0;10128;98
260;20221128;21;10;83;0;10133;98
260;20221128;22;10;83;0;10136;97
260;20221128;23;10;78;0;10139;98
260;20221128;24;0;74;0;10142;98
260;20221129;1;10;76;0;10144;98
260;20221129;2;10;78;0;10147;98
260;20221129;3;10;75;0;10151;98
260;20221129;4;10;73;0;10157;99
260;20221129;5;10;72;0;10160;98
260;20221129;6;10;71;0;10167;99
260;20221129;7;10;70;0;10173;98
260;20221129;8;10;70;2;10181;99
260;20221129;9;10;70;8;10185;99
260;20221129;10;10;74;23;10191;98
260;20221129;11;10;77;43;10192;97
260;20221129;12;10;85;50;10193;95
260;20221129;13;10;89;50;10199;91
260;20221129;14;10;89;22;10200;92
260;20221129;15;10;81;15;10202;93
260;20221129;16;10;65;2;10205;98
260;20221129;17;10;53;0;10207;98
260;20221129;18;10;64;0;10211;99
260;20221129;19;10;68;0;10215;98
260;20221129;20;10;69;0;10217;97
260;20221129;21;10;69;0;10220;96
260;20221129;22;20;69;0;10223;96
260;20221129;23;10;70;0;10225;98
260;20221129;24;10;73;0;10228;96
260;20221130;1;10;72;0;10227;97
260;20221130;2;10;73;0;10229;97
260;20221130;3;10;70;0;10230;99
260;20221130;4;0;72;0;10233;97
260;20221130;5;10;69;0;10233;97
260;20221130;6;10;63;0;10235;99
260;20221130;7;10;59;0;10238;97
260;20221130;8;10;59;3;10244;98
260;20221130;9;10;69;18;10249;97
260;20221130;10;10;74;26;10251;94
260;20221130;11;20;82;45;10250;89
260;20221130;12;20;84;46;10250;88
260;20221130;13;20;87;73;10249;80
260;20221130;14;20;74;26;10252;88
260;20221130;15;20;75;17;10255;83
260;20221130;16;20;48;2;10258;93
260;20221130;17;20;43;0;10261;93
260;20221130;18;20;49;0;10265;94
260;20221130;19;20;33;0;10269;96
260;20221130;20;20;37;0;10271;93
260;20221130;21;20;24;0;10275;95
260;20221130;22;20;17;0;10275;98
260;20221130;23;10;2;0;10276;98
260;20221130;24;10;9;0;10277;98
260;20221201;1;10;29;0;10276;96
260;20221201;2;20;41;0;10279;96
260;20221201;3;20;44;0;10278;95
260;20221201;4;20;44;0;10278;95
260;20221201;5;10;42;0;10278;96
260;20221201;6;20;36;0;10280;97
260;20221201;7;20;27;0;10284;97
260;20221201;8;20;29;3;10288;96
260;20221201;9;20;38;17;10291;96
260;20221201;10;20;51;41;10288;92
260;20221201;11;20;58;64;10288;89
260;20221201;12;20;65;56;10282;84
260;20221201;13;30;67;71;10279;78
260;20221201;14;30;67;53;10277;79
260;20221201;15;20;61;24;10276;81
260;20221201;16;20;35;2;10277;92
260;20221201;17;10;16;0;10278;98
260;20221201;18;10;2;0;10277;98
260;20221201;19;20;4;0;10278;96
260;20221201;20;10;-9;0;10277;98
260;20221201;21;20;10;0;10276;98
260;20221201;22;20;22;0;10271;97
260;20221201;23;20;35;0;10270;95
260;20221201;24;20;37;0;10266;93
260;20221202;1;20;38;0;10262;91
260;20221202;2;20;37;0;10263;90
260;20221202;3;20;36;0;10260;89
260;20221202;4;20;34;0;10256;86
260;20221202;5;20;33;0;10252;87
260;20221202;6;30;32;0;10250;88
260;20221202;7;40;27;0;10252;82
260;20221202;8;30;25;2;10255;84
260;20221202;9;30;25;10;10255;85
260;20221202;10;30;25;24;10253;84
260;20221202;11;40;28;36;10249;82
260;20221202;12;40;26;21;10247;82
260;20221202;13;40;25;11;10243;80
260;20221202;14;40;26;15;10243;81
260;20221202;15;50;23;4;10245;83
260;20221202;16;50;22;1;10247;82
260;20221202;17;50;23;0;10251;79
260;20221202;18;50;23;0;10251;79
260;20221202;19;50;23;0;10251;76
260;20221202;20;60;22;0;10251;77
260;20221202;21;50;21;0;10251;75
260;20221202;22;50;20;0;10250;75
260;20221202;23;50;20;0;10248;74
260;20221202;24;40;19;0;10244;77
260;20221203;1;40;20;0;10241;79
260;20221203;2;40;20;0;10239;79
260;20221203;3;40;21;0;10237;80
260;20221203;4;30;24;0;10234;79
260;20221203;5;40;25;0;10230;78
260;20221203;6;40;24;0;10228;79
260;20221203;7;40;23;0;10225;79
260;20221203;8;50;22;1;10227;76
260;20221203;9;50;18;3;10225;80
260;20221203;10;40;17;6;10224;80
260;20221203;11;50;13;12;10220;80
260;20221203;12;50;11;12;10215;79
260;20221203;13;50;11;14;10210;77
260;20221203;14;50;9;8;10206;80
260;20221203;15;40;6;4;10204;83
260;20221203;16;40;7;1;10204;78
260;20221203;17;40;4;0;10201;81
260;20221203;18;40;4;0;10202;81
260;20221203;19;30;2;0;10197;81
260;20221203;20;40;2;0;10197;80
260;20221203;21;30;0;0;10194;79
260;20221203;22;40;0;0;10193;79
260;20221203;23;30;0;0;10191;79
260;20221203;24;30;0;0;10190;80
260;20221204;1;30;0;0;10186;81
260;20221204;2;30;1;0;10186;81
260;20221204;3;40;1;0;10185;81
260;20221204;4;40;1;0;10182;82
260;20221204;5;40;2;0;10182;82
260;20221204;6;40;2;0;10184;82
260;20221204;7;40;3;0;10184;82
260;20221204;8;40;4;1;10186;82
260;20221204;9;40;5;5;10190;82
260;20221204;10;40;6;10;10190;84
260;20221204;11;40;7;9;10188;82
260;20221204;12;50;8;10;10180;81
260;20221204;13;50;10;10;10179;81
260;20221204;14;40;12;7;10176;80
260;20221204;15;50;12;3;10177;81
260;20221204;16;50;12;1;10181;83
260;20221204;17;40;15;0;10182;82
260;20221204;18;40;19;0;10182;81
260;20221204;19;40;21;0;10184;83
260;20221204;20;40;20;0;10185;89
260;20221204;21;30;23;0;10185;88
260;20221204;22;30;24;0;10185;89
260;20221204;23;30;27;0;10185;88
260;20221204;24;30;30;0;10184;87
260;20221205;1;30;32;0;10184;88
260;20221205;2;30;32;0;10185;92
260;20221205;3;30;34;0;10184;93
260;20221205;4;40;38;0;10186;91
260;20221205;5;30;38;0;10186;93
260;20221205;6;30;42;0;10187;93
260;20221205;7;30;46;0;10189;92
260;20221205;8;30;49;1;10193;92
260;20221205;9;30;52;4;10197;90
260;20221205;10;30;54;6;10200;90
260;20221205;11;30;54;5;10198;91
260;20221205;12;20;55;10;10198;93
260;20221205;13;20;55;13;10196;93
260;20221205;14;30;55;8;10196;93
260;20221205;15;30;53;7;10198;94
260;20221205;16;20;54;1;10201;94
260;20221205;17;20;54;0;10202;93
260;20221205;18;30;55;0;10204;92
260;20221205;19;30;55;0;10207;90
260;20221205;20;30;55;0;10209;91
260;20221205;21;30;53;0;10210;94
260;20221205;22;20;54;0;10209;93
260;20221205;23;20;53;0;10211;92
260;20221205;24;30;53;0;10208;92
260;20221206;1;30;55;0;10209;92
260;20221206;2;20;52;0;10207;93
260;20221206;3;20;49;0;10206;94
260;20221206;4;20;47;0;10205;94
260;20221206;5;20;43;0;10205;95
260;20221206;6;20;42;0;10204;95
260;20221206;7;10;25;0;10204;96
260;20221206;8;20;10;2;10204;98
260;20221206;9;10;35;35;10206;93
260;20221206;10;10;57;57;10206;84
260;20221206;11;10;66;61;10203;75
260;20221206;12;20;70;54;10198;73
260;20221206;13;20;72;34;10193;75
260;20221206;14;30;75;27;10189;76
260;20221206;15;20;62;6;10188;92
260;20221206;16;20;60;2;10185;93
260;20221206;17;20;57;0;10183;92
260;20221206;18;20;50;0;10181;95
260;20221206;19;20;53;0;10181;94
260;20221206;20;20;54;0;10181;94
260;20221206;21;20;53;0;10181;93
260;20221206;22;10;40;0;10181;96
260;20221206;23;20;36;0;10182;95
260;20221206;24;20;34;0;10182;95
260;20221207;1;20;23;0;10178;95
260;20221207;2;20;20;0;10179;96
260;20221207;3;20;24;0;10176;95
260;20221207;4;10;15;0;10175;97
260;20221207;5;20;25;0;10172;95
260;20221207;6;20;31;0;10172;93
260;20221207;7;20;17;0;10172;93
260;20221207;8;20;19;2;10172;95
260;20221207;9;20;39;20;10176;89
260;20221207;10;20;54;37;10174;83
260;20221207;11;20;62;59;10170;76
260;20221207;12;20;59;33;10163;79
260;20221207;13;20;61;45;10158;78
260;20221207;14;30;56;42;10152;79
260;20221207;15;20;56;14;10147;75
260;20221207;16;20;49;2;10144;81
260;20221207;17;20;44;0;10139;83
260;20221207;18;20;43;0;10136;83
260;20221207;19;20;41;0;10132;87
260;20221207;20;20;41;0;10128;87
260;20221207;21;20;38;0;10123;89
260;20221207;22;20;38;0;10118;87
260;20221207;23;30;40;0;10112;88
260;20221207;24;30;40;0;10107;88
260;20221208;1;30;37;0;10097;90
260;20221208;2;20;35;0;10095;91
260;20221208;3;30;38;0;10088;91
260;20221208;4;30;32;0;10084;91
260;20221208;5;30;34;0;10080;91
260;20221208;6;30;27;0;10080;93
260;20221208;7;20;23;0;10078;92
260;20221208;8;20;21;1;10079;92
260;20221208;9;20;25;6;10081;92
260;20221208;10;20;30;12;10082;91
260;20221208;11;20;26;11;10079;91
260;20221208;12;30;27;25;10072;92
260;20221208;13;30;36;57;10068;89
260;20221208;14;30;35;42;10066;88
260;20221208;15;30;33;11;10066;86
260;20221208;16;30;26;2;10065;93
260;20221208;17;30;20;0;10063;92
260;20221208;18;20;16;0;10062;93
260;20221208;19;20;11;0;10063;94
260;20221208;20;10;5;0;10064;95
260;20221208;21;10;-3;0;10067;96
260;20221208;22;20;11;0;10069;96
260;20221208;23;10;12;0;10069;97
260;20221208;24;10;12;0;10068;97
260;20221209;1;20;14;0;10068;94
260;20221209;2;10;15;0;10070;93
260;20221209;3;10;14;0;10067;95
260;20221209;4;10;12;0;10063;89
260;20221209;5;10;-7;0;10062;95
260;20221209;6;10;-9;0;10063;96
260;20221209;7;10;-11;0;10063;97
260;20221209;8;20;4;2;10064;95
260;20221209;9;20;10;19;10064;93
260;20221209;10;10;15;58;10067;87
260;20221209;11;20;16;36;10066;88
260;20221209;12;20;16;39;10064;86
260;20221209;13;20;15;35;10064;87
260;20221209;14;10;16;26;10061;85
260;20221209;15;10;14;23;10062;87
260;20221209;16;20;3;2;10063;91
260;20221209;17;20;0;0;10064;91
260;20221209;18;20;-7;0;10069;91
260;20221209;19;20;-16;0;10071;93
260;20221209;20;20;-10;0;10074;93
260;20221209;21;20;-7;0;10075;91
260;20221209;22;20;-8;0;10078;93
260;20221209;23;20;-5;0;10081;91
260;20221209;24;30;-6;0;10079;92
260;20221210;1;30;-11;0;10080;94
260;20221210;2;30;-11;0;10085;98
260;20221210;3;30;-11;0;10084;98
260;20221210;4;20;-8;0;10084;98
260;20221210;5;30;-11;0;10086;98
260;20221210;6;30;-11;0;10086;98
260;20221210;7;30;-10;0;10089;98
260;20221210;8;30;-12;1;10094;98
260;20221210;9;30;-12;6;10099;99
260;20221210;10;30;-15;13;10103;98
260;20221210;11;30;-14;18;10104;98
260;20221210;12;30;-11;19;10103;98
260;20221210;13;30;-9;14;10102;98
260;20221210;14;30;-9;12;10105;98
260;20221210;15;30;-6;5;10108;98
260;20221210;16;20;-4;1;10108;98
260;20221210;17;20;-2;0;10110;98
260;20221210;18;20;0;0;10109;98
260;20221210;19;30;0;0;10111;99
260;20221210;20;30;3;0;10111;98
260;20221210;21;20;5;0;10113;97
260;20221210;22;20;8;0;10111;96
260;20221210;23;30;9;0;10111;97
260;20221210;24;30;11;0;10109;95
260;20221211;1;20;13;0;10110;95
260;20221211;2;30;15;0;10108;93
260;20221211;3;30;15;0;10104;92
260;20221211;4;30;15;0;10103;90
260;20221211;5;20;13;0;10101;90
260;20221211;6;30;12;0;10099;89
260;20221211;7;20;12;0;10101;87
260;20221211;8;30;11;1;10103;85
260;20221211;9;20;9;5;10103;86
260;20221211;10;20;12;15;10100;86
260;20221211;11;30;15;25;10098;86
260;20221211;12;30;18;21;10095;85
260;20221211;13;30;18;21;10093;84
260;20221211;14;30;17;13;10095;85
260;20221211;15;20;16;5;10095;86
260;20221211;16;20;17;1;10098;81
260;20221211;17;20;16;0;10097;81
260;20221211;18;30;12;0;10098;79
260;20221211;19;20;10;0;10100;78
260;20221211;20;10;7;0;10099;86
260;20221211;21;10;7;0;10101;83
260;20221211;22;20;8;0;10102;81
260;20221211;23;20;6;0;10104;85
260;20221211;24;20;6;0;10104;85
260;20221212;1;20;3;0;10105;86
260;20221212;2;20;1;0;10110;87
260;20221212;3;30;-6;0;10111;88
260;20221212;4;20;-16;0;10113;92
260;20221212;5;20;-22;0;10115;92
260;20221212;6;10;-33;0;10116;96
260;20221212;7;20;-27;0;10119;95
260;20221212;8;20;-28;1;10124;93
260;20221212;9;20;-23;20;10127;91
260;20221212;10;20;-18;50;10128;87
260;20221212;11;20;-5;90;10124;82
260;20221212;12;20;-1;117;10122;81
260;20221212;13;20;2;95;10120;80
260;20221212;14;20;6;67;10120;77
260;20221212;15;20;0;30;10124;76
260;20221212;16;20;-16;3;10128;85
260;20221212;17;20;-29;0;10127;90
260;20221212;18;10;-39;0;10127;93
260;20221212;19;10;-45;0;10128;96
260;20221212;20;10;-44;0;10129;96
260;20221212;21;10;-49;0;10129;95
260;20221212;22;10;-51;0;10128;92
260;20221212;23;10;-59;0;10129;91
260;20221212;24;10;-61;0;10127;92
260;20221213;1;10;-66;0;10123;95
260;20221213;2;10;-68;0;10123;92
260;20221213;3;10;-73;0;10121;93
260;20221213;4;10;-71;0;10120;90
260;20221213;5;20;-73;0;10117;92
260;20221213;6;10;-66;0;10115;93
260;20221213;7;10;-65;0;10114;93
260;20221213;8;10;-68;3;10118;91
260;20221213;9;10;-41;20;10120;91
260;20221213;10;20;-33;38;10117;89
260;20221213;11;20;-23;42;10112;86
260;20221213;12;20;-19;45;10107;83
260;20221213;13;10;-14;45;10106;82
260;20221213;14;20;-19;28;10101;84
260;20221213;15;30;-23;11;10098;85
260;20221213;16;30;-27;1;10092;85
260;20221213;17;20;-33;0;10088;87
260;20221213;18;20;-32;0;10089;85
260;20221213;19;20;-33;0;10084;84
260;20221213;20;30;-38;0;10077;84
260;20221213;21;30;-29;0;10069;81
260;20221213;22;30;-26;0;10066;80
260;20221213;23;30;-27;0;10057;79
260;20221213;24;30;-32;0;10055;81
260;20221214;1;20;-34;0;10048;80
260;20221214;2;20;-34;0;10046;79
260;20221214;3;20;-42;0;10042;81
260;20221214;4;20;-47;0;10037;82
260;20221214;5;20;-53;0;10033;84
260;20221214;6;20;-55;0;10031;83
260;20221214;7;20;-64;0;10029;85
260;20221214;8;20;-75;1;10032;89
260;20221214;9;10;-49;20;10034;81
260;20221214;10;10;-34;59;10034;74
260;20221214;11;10;-15;81;10030;69
260;20221214;12;10;-1;88;10030;63
260;20221214;13;20;1;79;10032;63
260;20221214;14;20;4;57;10032;59
260;20221214;15;10;-4;25;10035;65
260;20221214;16;10;-42;1;10039;85
260;20221214;17;10;-56;0;10042;87
260;20221214;18;10;-63;0;10042;90
260;20221214;19;10;-69;0;10045;93
260;20221214;20;10;-69;0;10049;92
260;20221214;21;20;-57;0;10054;91
260;20221214;22;10;-62;0;10056;90
260;20221214;23;10;-66;0;10060;90
260;20221214;24;20;-68;0;10062;91
260;20221215;1;10;-72;0;10063;90
260;20221215;2;10;-75;0;10068;91
260;20221215;3;10;-72;0;10070;91
260;20221215;4;10;-74;0;10073;90
260;20221215;5;10;-73;0;10074;93
260;20221215;6;10;-69;0;10077;90
260;20221215;7;10;-65;0;10080;90
260;20221215;8;10;-53;3;10083;90
260;20221215;9;20;-43;20;10088;89
260;20221215;10;20;-20;50;10093;86
260;20221215;11;20;-2;90;10092;83
260;20221215;12;20;6;55;10090;83
260;20221215;13;20;13;66;10086;84
260;20221215;14;20;28;39;10082;80
260;20221215;15;20;16;23;10080;84
260;20221215;16;20;-12;2;10079;89
260;20221215;17;20;-12;0;10080;90
260;20221215;18;20;-10;0;10083;92
260;20221215;19;20;-6;0;10086;89
260;20221215;20;20;-12;0;10089;92
260;20221215;21;10;-11;0;10093;89
260;20221215;22;20;-8;0;10093;91
260;20221215;23;10;-9;0;10095;95
260;20221215;24;10;-20;0;10096;94
260;20221216;1;20;-19;0;10098;95
260;20221216;2;20;-8;0;10105;96
260;20221216;3;20;5;0;10109;94
260;20221216;4;20;8;0;10118;95
260;20221216;5;0;-17;0;10124;98
260;20221216;6;10;-43;0;10128;95
260;20221216;7;20;-33;0;10135;96
260;20221216;8;20;-34;2;10142;93
260;20221216;9;20;-12;20;10150;93
260;20221216;10;20;2;50;10155;88
260;20221216;11;20;20;81;10158;82
260;20221216;12;20;32;77;10161;77
260;20221216;13;30;34;76;10163;76
260;20221216;14;20;32;41;10166;79
260;20221216;15;20;24;26;10175;81
260;20221216;16;10;-8;2;10183;92
260;20221216;17;10;-26;0;10189;97
260;20221216;18;0;-34;0;10193;98
260;20221216;19;0;-45;0;10200;98
260;20221216;20;10;-43;0;10205;97
260;20221216;21;20;-11;0;10210;95
260;20221216;22;20;-10;0;10216;98
260;20221216;23;20;-11;0;10221;97
260;20221216;24;20;-10;0;10224;96
260;20221217;1;20;-11;0;10226;94
260;20221217;2;20;-10;0;10228;94
260;20221217;3;30;-10;0;10232;92
260;20221217;4;30;-11;0;10233;93
260;20221217;5;30;-13;0;10238;93
260;20221217;6;30;-12;0;10238;92
260;20221217;7;30;-12;0;10243;92
260;20221217;8;30;-13;1;10251;91
260;20221217;9;40;-15;12;10254;93
260;20221217;10;40;-11;27;10257;92
260;20221217;11;40;-9;35;10260;91
260;20221217;12;40;-6;46;10259;88
260;20221217;13;40;-8;48;10258;88
260;20221217;14;40;-9;34;10256;89
260;20221217;15;40;-13;17;10260;90
260;20221217;16;30;-15;2;10266;90
260;20221217;17;40;-19;0;10267;90
260;20221217;18;40;-22;0;10269;90
260;20221217;19;40;-24;0;10271;93
260;20221217;20;40;-29;0;10277;94
260;20221217;21;40;-36;0;10276;98
260;20221217;22;30;-36;0;10283;95
260;20221217;23;30;-38;0;10282;98
260;20221217;24;30;-41;0;10282;96
260;20221218;1;20;-45;0;10278;98
260;20221218;2;30;-46;0;10281;98
260;20221218;3;20;-57;0;10279;92
260;20221218;4;20;-60;0;10273;90
260;20221218;5;30;-60;0;10274;89
260;20221218;6;20;-62;0;10273;88
260;20221218;7;30;-61;0;10266;87
260;20221218;8;30;-53;3;10259;85
260;20221218;9;30;-43;20;10260;82
260;20221218;10;40;-35;27;10256;82
260;20221218;11;30;-23;25;10250;78
260;20221218;12;40;-15;27;10243;75
260;20221218;13;40;-11;27;10235;75
260;20221218;14;40;-8;14;10227;73
260;20221218;15;40;-5;6;10222;73
260;20221218;16;40;-5;1;10217;71
260;20221218;17;40;-4;0;10209;71
260;20221218;18;50;-3;0;10208;72
260;20221218;19;40;1;0;10206;71
260;20221218;20;50;0;0;10205;80
260;20221218;21;50;0;0;10201;86
260;20221218;22;50;2;0;10192;90
260;20221218;23;60;5;0;10181;91
260;20221218;24;50;7;0;10172;94
260;20221219;1;50;10;0;10163;95
260;20221219;2;50;19;0;10157;96
260;20221219;3;50;34;0;10148;94
260;20221219;4;50;42;0;10143;95
260;20221219;5;50;48;0;10140;96
260;20221219;6;50;62;0;10138;95
260;20221219;7;50;69;0;10136;96
260;20221219;8;60;75;1;10140;93
260;20221219;9;60;76;3;10143;94
260;20221219;10;60;78;8;10145;93
260;20221219;11;60;83;17;10145;91
260;20221219;12;50;87;17;10141;92
260;20221219;13;60;93;20;10135;86
260;20221219;14;50;96;15;10128;82
260;20221219;15;60;100;6;10128;78
260;20221219;16;60;96;1;10127;81
260;20221219;17;60;98;0;10127;79
260;20221219;18;60;98;0;10128;78
260;20221219;19;60;101;0;10127;77
260;20221219;20;50;99;0;10133;78
260;20221219;21;50;94;0;10133;80
260;20221219;22;50;97;0;10132;79
260;20221219;23;60;95;0;10125;80
260;20221219;24;50;93;0;10124;80
260;20221220;1;50;105;0;10122;75
260;20221220;2;60;98;0;10117;85
260;20221220;3;60;98;0;10113;87
260;20221220;4;50;102;0;10110;83
260;20221220;5;60;103;0;10107;87
260;20221220;6;60;106;0;10097;87
260;20221220;7;60;107;0;10099;82
260;20221220;8;50;109;1;10101;81
260;20221220;9;60;105;3;10099;83
260;20221220;10;50;101;6;10100;91
260;20221220;11;60;102;15;10096;93
260;20221220;12;50;103;12;10093;93
260;20221220;13;50;105;9;10093;93
260;20221220;14;50;104;5;10091;95
260;20221220;15;50;103;3;10089;95
260;20221220;16;50;101;1;10090;95
260;20221220;17;50;100;0;10092;95
260;20221220;18;40;99;0;10093;96
260;20221220;19;40;98;0;10094;96
260;20221220;20;30;96;0;10096;97
260;20221220;21;20;94;0;10099;96
260;20221220;22;20;92;0;10100;97
260;20221220;23;20;88;0;10103;96
260;20221220;24;20;83;0;10102;95
260;20221221;1;20;78;0;10103;94
260;20221221;2;20;76;0;10106;96
260;20221221;3;10;66;0;10102;98
260;20221221;4;20;68;0;10101;98
260;20221221;5;20;72;0;10100;98
260;20221221;6;20;74;0;10097;98
260;20221221;7;30;75;0;10097;98
260;20221221;8;30;76;1;10101;97
260;20221221;9;30;75;11;10101;95
260;20221221;10;30;76;21;10101;92
260;20221221;11;40;81;29;10100;89
260;20221221;12;50;77;18;10097;90
260;20221221;13;50;80;14;10091;88
260;20221221;14;50;83;32;10084;85
260;20221221;15;50;82;9;10082;86
260;20221221;16;40;80;2;10079;87
260;20221221;17;40;78;0;10071;92
260;20221221;18;40;79;0;10068;94
260;20221221;19;40;81;0;10062;96
260;20221221;20;30;85;0;10057;95
260;20221221;21;40;89;0;10052;94
260;20221221;22;30;90;0;10047;94
260;20221221;23;30;91;0;10044;94
260;20221221;24;30;90;0;10039;95
260;20221222;1;20;92;0;10032;94
260;20221222;2;30;93;0;10027;96
260;20221222;3;20;92;0;10022;96
260;20221222;4;20;90;0;10017;98
260;20221222;5;10;90;0;10019;99
260;20221222;6;20;89;0;10025;97
260;20221222;7;20;83;0;10032;97
260;20221222;8;20;75;1;10041;98
260;20221222;9;20;73;6;10048;97
260;20221222;10;20;73;25;10055;96
260;20221222;11;30;97;67;10055;83
260;20221222;12;40;94;73;10056;83
260;20221222;13;60;70;26;10060;94
260;20221222;14;40;76;9;10054;90
260;20221222;15;20;79;6;10047;92
260;20221222;16;30;78;1;10042;95
260;20221222;17;40;79;0;10033;97
260;20221222;18;30;81;0;10025;97
260;20221222;19;30;86;0;10019;98
260;20221222;20;30;99;0;10018;96
260;20221222;21;40;101;0;10020;95
260;20221222;22;40;99;0;10021;96
260;20221222;23;30;98;0;10023;97
260;20221222;24;30;99;0;10025;97
260;20221223;1;20;97;0;10031;95
260;20221223;2;30;95;0;10037;95
260;20221223;3;20;92;0;10045;96
260;20221223;4;20;90;0;10047;96
260;20221223;5;20;87;0;10048;96
260;20221223;6;10;86;0;10052;98
260;20221223;7;10;85;1;10052;98
260;20221223;8;10;85;1;10052;96
260;20221223;9;20;86;3;10047;97
260;20221223;10;20;89;6;10039;98
260;20221223;11;20;93;7;10033;98
260;20221223;12;20;93;3;10020;97
260;20221223;13;30;92;4;10006;97
260;20221223;14;20;90;5;9995;97
260;20221223;15;30;92;12;9993;95
260;20221223;16;30;92;1;9993;95
260;20221223;17;20;93;0;9997;96
260;20221223;18;30;105;0;9999;93
260;20221223;19;50;106;0;10007;92
260;20221223;20;50;106;0;10013;91
260;20221223;21;60;110;0;10022;86
260;20221223;22;70;106;0;10031;84
260;20221223;23;60;105;0;10041;81
260;20221223;24;70;105;0;10049;81
260;20221224;1;60;99;0;10056;82
260;20221224;2;50;86;0;10064;87
260;20221224;3;40;85;0;10070;88
260;20221224;4;40;94;0;10073;90
260;20221224;5;50;96;0;10078;89
260;20221224;6;50;96;0;10081;92
260;20221224;7;50;98;0;10085;90
260;20221224;8;50;94;1;10096;90
260;20221224;9;40;98;12;10104;90
260;20221224;10;40;101;22;10112;88
260;20221224;11;40;105;37;10115;85
260;20221224;12;40;106;30;10118;78
260;20221224;13;40;106;41;10123;80
260;20221224;14;40;109;56;10128;79
260;20221224;15;40;102;37;10133;82
260;20221224;16;30;92;3;10138;88
260;20221224;17;30;83;0;10139;92
260;20221224;18;30;74;0;10137;94
260;20221224;19;30;77;0;10140;92
260;20221224;20;30;74;0;10141;94
260;20221224;21;30;86;0;10138;91
260;20221224;22;30;80;0;10134;93
260;20221224;23;30;75;0;10138;95
260;20221224;24;30;79;0;10136;95
260;20221225;1;30;84;0;10136;94
260;20221225;2;30;86;0;10136;94
260;20221225;3;30;80;0;10133;95
260;20221225;4;30;88;0;10129;94
260;20221225;5;30;82;0;10128;94
260;20221225;6;20;77;0;10125;96
260;20221225;7;20;81;0;10119;95
260;20221225;8;20;82;1;10122;95
260;20221225;9;20;84;3;10121;94
260;20221225;10;20;87;5;10121;94
260;20221225;11;20;87;7;10112;96
260;20221225;12;20;89;18;10106;96
260;20221225;13;20;88;11;10100;96
260;20221225;14;20;87;6;10094;97
260;20221225;15;20;87;3;10091;98
260;20221225;16;20;87;1;10090;98
260;20221225;17;10;86;0;10086;98
260;20221225;18;10;84;0;10087;98
260;20221225;19;10;84;0;10086;98
260;20221225;20;10;85;0;10088;98
260;20221225;21;20;88;0;10088;97
260;20221225;22;20;91;0;10093;97
260;20221225;23;30;92;0;10092;96
260;20221225;24;30;93;0;10093;95
260;20221226;1;40;91;0;10097;96
260;20221226;2;40;93;0;10098;94
260;20221226;3;50;91;0;10096;92
260;20221226;4;50;91;0;10096;92
260;20221226;5;50;87;0;10096;91
260;20221226;6;50;87;0;10095;90
260;20221226;7;50;89;0;10096;89
260;20221226;8;60;93;1;10097;86
260;20221226;9;70;97;4;10106;87
260;20221226;10;60;77;10;10123;81
260;20221226;11;50;75;33;10133;78
260;20221226;12;40;75;50;10141;72
260;20221226;13;40;73;49;10145;66
260;20221226;14;40;65;24;10150;69
260;20221226;15;40;64;22;10159;68
260;20221226;16;30;56;3;10165;70
260;20221226;17;30;47;0;10170;75
260;20221226;18;30;49;0;10175;74
260;20221226;19;40;51;0;10181;73
260;20221226;20;40;50;0;10186;74
260;20221226;21;50;48;0;10190;74
260;20221226;22;50;44;0;10195;77
260;20221226;23;50;41;0;10201;82
260;20221226;24;50;46;0;10204;82
260;20221227;1;50;48;0;10207;83
260;20221227;2;50;49;0;10213;87
260;20221227;3;40;45;0;10217;88
260;20221227;4;40;48;0;10219;86
260;20221227;5;40;49;0;10221;84
260;20221227;6;30;42;0;10226;89
260;20221227;7;40;44;0;10231;87
260;20221227;8;40;42;1;10237;88
260;20221227;9;40;47;17;10237;88
260;20221227;10;40;43;34;10241;88
260;20221227;11;40;55;41;10242;88
260;20221227;12;40;69;77;10237;84
260;20221227;13;50;68;46;10228;84
260;20221227;14;50;71;34;10220;83
260;20221227;15;50;68;13;10215;83
260;20221227;16;50;66;1;10214;85
260;20221227;17;50;68;0;10210;84
260;20221227;18;50;67;0;10203;83
260;20221227;19;50;65;0;10194;81
260;20221227;20;60;60;0;10187;82
260;20221227;21;60;64;0;10179;78
260;20221227;22;50;64;0;10171;78
260;20221227;23;50;59;0;10160;87
260;20221227;24;60;60;0;10145;89
260;20221228;1;60;63;0;10132;87
260;20221228;2;60;70;0;10122;86
260;20221228;3;70;73;0;10114;89
260;20221228;4;70;78;0;10108;90
260;20221228;5;70;83;0;10102;90
260;20221228;6;70;89;0;10099;88
260;20221228;7;70;93;0;10097;87
260;20221228;8;80;96;1;10098;85
260;20221228;9;70;97;3;10096;86
260;20221228;10;70;98;6;10095;83
260;20221228;11;70;91;10;10092;92
260;20221228;12;80;92;12;10084;91
260;20221228;13;70;93;14;10074;89
260;20221228;14;60;97;8;10060;86
260;20221228;15;60;99;10;10048;82
260;20221228;16;70;94;1;10039;85
260;20221228;17;70;91;0;10028;88
260;20221228;18;70;90;0;10017;91
260;20221228;19;70;92;0;10011;93
260;20221228;20;80;100;0;10007;90
260;20221228;21;80;106;0;10003;86
260;20221228;22;80;106;0;10000;89
260;20221228;23;80;108;0;9995;88
260;20221228;24;80;114;0;9987;81
260;20221229;1;70;115;0;9978;80
260;20221229;2;70;108;0;9977;88
260;20221229;3;80;112;0;9978;79
260;20221229;4;80;104;0;9974;82
260;20221229;5;70;102;0;9980;78
260;20221229;6;80;104;0;9984;76
260;20221229;7;80;99;0;9989;75
260;20221229;8;80;97;1;9992;77
260;20221229;9;80;100;7;9993;75
260;20221229;10;80;91;12;10003;87
260;20221229;11;80;94;19;10013;86
260;20221229;12;60;98;40;10021;83
260;20221229;13;60;101;23;10026;81
260;20221229;14;60;97;17;10029;80
260;20221229;15;60;89;7;10032;86
260;20221229;16;60;92;2;10036;81
260;20221229;17;70;83;0;10043;80
260;20221229;18;70;80;0;10052;78
260;20221229;19;70;78;0;10058;79
260;20221229;20;60;76;0;10062;80
260;20221229;21;70;78;0;10065;80
260;20221229;22;60;73;0;10072;81
260;20221229;23;60;69;0;10082;83
260;20221229;24;50;65;0;10087;84
260;20221230;1;50;62;0;10089;85
260;20221230;2;50;62;0;10095;86
260;20221230;3;40;58;0;10089;86
260;20221230;4;40;55;0;10087;86
260;20221230;5;40;50;0;10086;86
260;20221230;6;50;50;0;10082;87
260;20221230;7;50;48;0;10077;88
260;20221230;8;50;50;1;10068;88
260;20221230;9;50;58;8;10061;87
260;20221230;10;60;69;21;10050;83
260;20221230;11;70;79;23;10032;80
260;20221230;12;70;83;11;10009;78
260;20221230;13;70;85;12;9989;83
260;20221230;14;80;84;12;9964;88
260;20221230;15;80;87;6;9964;93
260;20221230;16;70;93;1;9964;94
260;20221230;17;70;106;0;9966;94
260;20221230;18;90;124;0;9978;86
260;20221230;19;80;126;0;9990;85
260;20221230;20;80;125;0;10001;84
260;20221230;21;70;126;0;10010;86
260;20221230;22;60;125;0;10016;86
260;20221230;23;60;121;0;10017;93
260;20221230;24;50;121;0;10019;95
260;20221231;1;40;120;0;10021;94
260;20221231;2;40;117;0;10024;94
260;20221231;3;40;114;0;10024;93
260;20221231;4;40;108;0;10023;95
260;20221231;5;30;104;0;10021;97
260;20221231;6;30;115;0;10022;96
260;20221231;7;50;126;0;10024;94
260;20221231;8;70;135;1;10027;93
260;20221231;9;60;130;2;10039;94
260;20221231;10;70;142;16;10043;89
260;20221231;11;80;150;12;10045;86
260;20221231;12;80;151;14;10043;86
260;20221231;13;90;150;15;10045;86
260;20221231;14;80;147;8;10046;87
260;20221231;15;80;146;4;10051;83
260;20221231;16;70;156;1;10048;72
260;20221231;17;80;155;0;10044;69
260;20221231;18;70;156;0;10046;64
260;20221231;19;70;156;0;10047;61
260;20221231;20;90;155;0;10050;59
260;20221231;21;80;156;0;10052;58
260;20221231;22;80;155;0;10057;59
260;20221231;23;80;155;0;10058;58
260;20221231;24;90;155;0;10064;59
