STN;YYYYMMDD;HH;FH;T;Q;P;U
260;20210101;1;10;-25;0;10059;98
260;20210101;2;10;-32;0;10061;98
260;20210101;3;20;-27;0;10064;98
260;20210101;4;20;-11;0;10064;98
260;20210101;5;20;11;0;10064;95
260;20210101;6;30;19;0;10066;92
260;20210101;7;20;22;0;10070;90
260;20210101;8;30;27;0;10073;89
260;20210101;9;20;31;6;10078;90
260;20210101;10;20;35;19;10082;90
260;20210101;11;20;46;41;10083;89
260;20210101;12;20;50;67;10082;87
260;20210101;13;10;54;31;10080;88
260;20210101;14;20;56;20;10081;86
260;20210101;15;30;54;9;10084;85
260;20210101;16;20;51;1;10088;89
260;20210101;17;20;49;0;10091;90
260;20210101;18;20;46;0;10094;90
260;20210101;19;20;45;0;10099;92
260;20210101;20;20;46;0;10103;92
260;20210101;21;20;38;0;10106;94
260;20210101;22;20;41;0;10109;94
260;20210101;23;30;42;0;10111;94
260;20210101;24;30;45;0;10113;93
260;20210102;1;30;41;0;10115;94
260;20210102;2;20;40;0;10118;95
260;20210102;3;20;37;0;10119;93
260;20210102;4;20;36;0;10119;94
260;20210102;5;20;34;0;10120;95
260;20210102;6;20;33;0;10123;95
260;20210102;7;20;32;0;10125;98
260;20210102;8;20;32;0;10131;98
260;20210102;9;20;33;4;10134;98
260;20210102;10;30;34;12;10137;98
260;20210102;11;20;37;28;10137;96
260;20210102;12;30;37;17;10135;98
260;20210102;13;20;37;18;10132;97
260;20210102;14;10;39;19;10132;97
260;20210102;15;10;39;8;10136;98
260;20210102;16;10;39;1;10137;95
260;20210102;17;20;37;0;10139;97
260;20210102;18;20;35;0;10142;98
260;20210102;19;10;37;0;10145;97
260;20210102;20;10;38;0;10147;96
260;20210102;21;10;38;0;10147;97
260;20210102;22;10;36;0;10149;97
260;20210102;23;10;36;0;10151;95
260;20210102;24;10;36;0;10153;93
260;20210103;1;20;32;0;10153;94
260;20210103;2;20;29;0;10154;97
260;20210103;3;20;31;0;10154;96
260;20210103;4;20;31;0;10152;96
260;20210103;5;30;31;0;10154;94
260;20210103;6;30;29;0;10156;94
260;20210103;7;30;29;0;10161;95
260;20210103;8;20;30;0;10165;95
260;20210103;9;30;31;3;10170;94
260;20210103;10;30;35;15;10175;89
260;20210103;11;40;35;12;10173;77
260;20210103;12;30;35;12;10170;79
260;20210103;13;40;39;20;10169;78
260;20210103;14;40;39;18;10170;81
260;20210103;15;50;38;4;10171;78
260;20210103;16;50;36;0;10174;74
260;20210103;17;40;35;0;10174;74
260;20210103;18;40;35;0;10175;76
260;20210103;19;50;35;0;10176;77
260;20210103;20;50;33;0;10176;81
260;20210103;21;40;32;0;10176;83
260;20210103;22;50;30;0;10175;88
260;20210103;23;40;30;0;10173;89
260;20210103;24;40;32;0;10172;89
260;20210104;1;50;31;0;10169;91
260;20210104;2;50;29;0;10170;93
260;20210104;3;50;29;0;10170;93
260;20210104;4;50;29;0;10168;92
260;20210104;5;50;30;0;10170;91
260;20210104;6;50;30;0;10173;91
260;20210104;7;50;31;0;10176;91
260;20210104;8;50;31;0;10180;90
260;20210104;9;50;34;5;10185;89
260;20210104;10;60;35;13;10187;86
260;20210104;11;60;32;11;10187;88
260;20210104;12;60;31;10;10184;85
260;20210104;13;60;29;6;10179;84
260;20210104;14;60;29;5;10179;82
260;20210104;15;50;27;4;10181;81
260;20210104;16;60;26;1;10180;81
260;20210104;17;50;25;0;10181;82
260;20210104;18;50;24;0;10182;83
260;20210104;19;50;25;0;10182;82
260;20210104;20;50;25;0;10182;83
260;20210104;21;50;26;0;10180;83
260;20210104;22;60;24;0;10178;84
260;20210104;23;50;23;0;10178;86
260;20210104;24;50;23;0;10174;86
260;20210105;1;50;23;0;10176;86
260;20210105;2;50;21;0;10177;88
260;20210105;3;50;22;0;10175;87
260;20210105;4;40;23;0;10173;87
260;20210105;5;40;23;0;10172;88
260;20210105;6;40;22;0;10176;89
260;20210105;7;40;23;0;10179;90
260;20210105;8;40;24;0;10182;92
260;20210105;9;30;27;2;10183;89
260;20210105;10;40;29;5;10185;89
260;20210105;11;40;34;16;10183;87
260;20210105;12;40;31;10;10179;90
260;20210105;13;40;31;8;10174;90
260;20210105;14;40;29;5;10176;91
260;20210105;15;40;31;4;10178;90
260;20210105;16;40;32;0;10178;88
260;20210105;17;40;33;0;10179;87
260;20210105;18;40;33;0;10182;88
260;20210105;19;40;35;0;10183;89
260;20210105;20;40;36;0;10185;88
260;20210105;21;40;35;0;10185;90
260;20210105;22;30;35;0;10185;90
260;20210105;23;40;34;0;10184;90
260;20210105;24;50;32;0;10183;91
260;20210106;1;40;30;0;10180;91
260;20210106;2;40;29;0;10180;89
260;20210106;3;50;24;0;10179;88
260;20210106;4;50;23;0;10177;88
260;20210106;5;40;22;0;10176;88
260;20210106;6;40;20;0;10175;87
260;20210106;7;40;20;0;10178;86
260;20210106;8;30;20;0;10180;84
260;20210106;9;30;22;5;10181;86
260;20210106;10;30;25;15;10180;86
260;20210106;11;20;26;19;10176;85
260;20210106;12;20;30;30;10170;81
260;20210106;13;20;31;18;10163;80
260;20210106;14;20;31;15;10163;83
260;20210106;15;20;29;8;10160;85
260;20210106;16;20;27;1;10161;83
260;20210106;17;10;23;0;10158;85
260;20210106;18;10;23;0;10157;85
260;20210106;19;10;23;0;10156;84
260;20210106;20;10;21;0;10155;86
260;20210106;21;20;22;0;10151;86
260;20210106;22;20;22;0;10150;85
260;20210106;23;20;15;0;10148;91
260;20210106;24;10;13;0;10144;94
260;20210107;1;10;15;0;10141;93
260;20210107;2;20;13;0;10139;94
260;20210107;3;20;14;0;10136;95
260;20210107;4;20;14;0;10132;95
260;20210107;5;20;16;0;10129;94
260;20210107;6;20;18;0;10126;95
260;20210107;7;20;20;0;10126;95
260;20210107;8;20;19;0;10128;96
260;20210107;9;20;24;11;10130;96
260;20210107;10;20;27;14;10130;93
260;20210107;11;30;31;23;10127;94
260;20210107;12;20;37;39;10121;92
260;20210107;13;30;40;21;10116;86
260;20210107;14;30;28;9;10116;93
260;20210107;15;30;37;5;10115;91
260;20210107;16;40;35;1;10117;89
260;20210107;17;30;33;0;10117;92
260;20210107;18;20;32;0;10115;93
260;20210107;19;30;34;0;10118;92
260;20210107;20;20;29;0;10117;97
260;20210107;21;20;26;0;10118;96
260;20210107;22;20;26;0;10118;95
260;20210107;23;20;26;0;10118;96
260;20210107;24;10;26;0;10119;96
260;20210108;1;10;25;0;10119;96
260;20210108;2;10;25;0;10122;97
260;20210108;3;10;27;0;10124;95
260;20210108;4;10;26;0;10125;97
260;20210108;5;10;24;0;10126;97
260;20210108;6;10;13;0;10130;97
260;20210108;7;10;11;0;10135;98
260;20210108;8;10;13;0;10142;98
260;20210108;9;10;20;9;10150;98
260;20210108;10;10;29;39;10156;95
260;20210108;11;20;33;48;10159;90
260;20210108;12;30;35;41;10161;86
260;20210108;13;20;39;38;10163;85
260;20210108;14;20;43;67;10165;81
260;20210108;15;20;31;23;10172;84
260;20210108;16;10;10;5;10179;93
260;20210108;17;10;-2;0;10184;97
260;20210108;18;10;-12;0;10191;98
260;20210108;19;10;-20;0;10198;98
260;20210108;20;10;-14;0;10202;97
260;20210108;21;10;-18;0;10208;98
260;20210108;22;10;-20;0;10210;98
260;20210108;23;10;-25;0;10211;98
260;20210108;24;10;-28;0;10213;98
260;20210109;1;10;-30;0;10215;98
260;20210109;2;10;-34;0;10221;97
260;20210109;3;10;-27;0;10222;97
260;20210109;4;10;-33;0;10224;95
260;20210109;5;10;-39;0;10226;96
260;20210109;6;10;-42;0;10230;97
260;20210109;7;10;-44;0;10232;97
260;20210109;8;10;-42;1;10237;97
260;20210109;9;10;-15;23;10244;95
260;20210109;10;10;3;33;10246;97
260;20210109;11;10;37;60;10244;88
260;20210109;12;20;55;86;10241;75
260;20210109;13;20;57;71;10237;76
260;20210109;14;20;61;65;10237;73
260;20210109;15;20;53;41;10242;77
260;20210109;16;20;31;2;10244;92
260;20210109;17;10;11;0;10246;98
260;20210109;18;10;-8;0;10248;96
260;20210109;19;10;-17;0;10249;99
260;20210109;20;10;-23;0;10251;99
260;20210109;21;10;-27;0;10253;99
260;20210109;22;10;-31;0;10253;99
260;20210109;23;10;-25;0;10252;98
260;20210109;24;10;-24;0;10251;98
260;20210110;1;10;-28;0;10250;98
260;20210110;2;10;-19;0;10250;97
260;20210110;3;20;-28;0;10248;97
260;20210110;4;10;-26;0;10244;96
260;20210110;5;10;-30;0;10242;96
260;20210110;6;10;-33;0;10239;96
260;20210110;7;10;-26;0;10241;96
260;20210110;8;10;-15;0;10242;98
260;20210110;9;10;-2;9;10244;97
260;20210110;10;20;20;34;10245;95
260;20210110;11;20;47;82;10240;80
260;20210110;12;30;50;72;10237;78
260;20210110;13;30;51;56;10232;75
260;20210110;14;30;46;37;10232;78
260;20210110;15;30;45;12;10232;78
260;20210110;16;30;42;2;10233;81
260;20210110;17;30;39;0;10233;83
260;20210110;18;30;39;0;10229;85
260;20210110;19;30;39;0;10231;85
260;20210110;20;40;37;0;10225;88
260;20210110;21;40;36;0;10224;88
260;20210110;22;40;37;0;10222;88
260;20210110;23;40;35;0;10216;90
260;20210110;24;40;38;0;10212;89
260;20210111;1;40;37;0;10208;90
260;20210111;2;40;36;0;10206;89
260;20210111;3;50;33;0;10202;92
260;20210111;4;50;29;0;10200;93
260;20210111;5;40;34;0;10193;94
260;20210111;6;50;38;0;10188;92
260;20210111;7;60;38;0;10180;92
260;20210111;8;50;38;0;10179;90
260;20210111;9;50;40;1;10178;89
260;20210111;10;50;44;5;10178;87
260;20210111;11;60;47;6;10170;85
260;20210111;12;50;49;15;10158;86
260;20210111;13;60;50;14;10150;85
260;20210111;14;60;52;11;10143;84
260;20210111;15;60;55;9;10138;85
260;20210111;16;60;58;1;10132;84
260;20210111;17;60;62;0;10124;80
260;20210111;18;60;61;0;10119;83
260;20210111;19;60;61;0;10115;86
260;20210111;20;50;59;0;10107;93
260;20210111;21;60;65;0;10101;92
260;20210111;22;60;67;0;10090;90
260;20210111;23;60;68;0;10085;92
260;20210111;24;60;70;0;10076;93
260;20210112;1;70;69;0;10063;95
260;20210112;2;60;71;0;10055;95
260;20210112;3;50;77;0;10050;96
260;20210112;4;40;79;0;10040;96
260;20210112;5;50;82;0;10033;95
260;20210112;6;50;78;0;10033;94
260;20210112;7;30;74;0;10038;91
260;20210112;8;30;66;0;10049;94
260;20210112;9;40;60;11;10063;91
260;20210112;10;30;60;23;10074;86
260;20210112;11;40;63;58;10086;81
260;20210112;12;50;60;76;10089;66
260;20210112;13;50;68;89;10092;57
260;20210112;14;40;67;62;10097;63
260;20210112;15;40;44;25;10107;84
260;20210112;16;30;39;14;10118;87
260;20210112;17;20;33;0;10125;87
260;20210112;18;20;24;0;10136;91
260;20210112;19;20;12;0;10143;91
260;20210112;20;20;20;0;10150;84
260;20210112;21;20;28;0;10154;79
260;20210112;22;30;34;0;10160;79
260;20210112;23;20;25;0;10164;83
260;20210112;24;30;23;0;10165;84
260;20210113;1;30;24;0;10163;91
260;20210113;2;30;29;0;10163;83
260;20210113;3;30;31;0;10167;88
260;20210113;4;30;35;0;10166;87
260;20210113;5;40;38;0;10162;79
260;20210113;6;30;39;0;10161;77
260;20210113;7;30;38;0;10159;75
260;20210113;8;30;37;1;10159;77
260;20210113;9;30;46;24;10158;73
260;20210113;10;40;50;44;10158;73
260;20210113;11;40;54;67;10157;71
260;20210113;12;50;60;65;10153;67
260;20210113;13;50;55;55;10146;65
260;20210113;14;50;53;56;10143;69
260;20210113;15;40;50;17;10143;72
260;20210113;16;40;49;3;10142;76
260;20210113;17;30;46;0;10139;80
260;20210113;18;30;44;0;10139;85
260;20210113;19;20;45;0;10144;86
260;20210113;20;20;49;0;10146;81
260;20210113;21;30;46;0;10153;89
260;20210113;22;20;42;0;10161;90
260;20210113;23;20;40;0;10171;78
260;20210113;24;20;36;0;10175;72
260;20210114;1;10;33;0;10176;71
260;20210114;2;20;28;0;10181;74
260;20210114;3;10;15;0;10184;86
260;20210114;4;10;5;0;10186;91
260;20210114;5;10;2;0;10187;95
260;20210114;6;20;7;0;10191;90
260;20210114;7;10;4;0;10195;92
260;20210114;8;20;10;0;10199;87
260;20210114;9;20;15;10;10204;84
260;20210114;10;30;19;24;10206;79
260;20210114;11;40;21;45;10203;77
260;20210114;12;40;23;51;10199;75
260;20210114;13;50;22;47;10195;74
260;20210114;14;50;21;42;10192;74
260;20210114;15;50;19;29;10193;71
260;20210114;16;50;17;6;10196;74
260;20210114;17;50;13;0;10199;77
260;20210114;18;50;11;0;10204;79
260;20210114;19;40;8;0;10211;80
260;20210114;20;40;0;0;10215;84
260;20210114;21;40;-1;0;10221;84
260;20210114;22;40;-4;0;10228;88
260;20210114;23;40;-5;0;10234;87
260;20210114;24;40;-6;0;10238;83
260;20210115;1;40;-4;0;10243;78
260;20210115;2;20;0;0;10250;78
260;20210115;3;30;5;0;10254;75
260;20210115;4;20;8;0;10258;73
260;20210115;5;20;9;0;10262;74
260;20210115;6;20;12;0;10268;72
260;20210115;7;20;15;0;10274;68
260;20210115;8;20;10;0;10279;73
260;20210115;9;10;14;5;10287;72
260;20210115;10;20;14;9;10294;77
260;20210115;11;10;15;11;10298;78
260;20210115;12;10;21;18;10297;75
260;20210115;13;20;22;16;10296;74
260;20210115;14;10;22;12;10296;75
260;20210115;15;10;23;9;10297;76
260;20210115;16;10;15;2;10299;83
260;20210115;17;0;8;0;10300;88
260;20210115;18;10;9;0;10300;86
260;20210115;19;10;8;0;10303;89
260;20210115;20;10;7;0;10305;88
260;20210115;21;10;14;0;10305;81
260;20210115;22;20;15;0;10305;80
260;20210115;23;20;14;0;10300;81
260;20210115;24;20;12;0;10297;83
260;20210116;1;20;14;0;10295;83
260;20210116;2;20;15;0;10290;82
260;20210116;3;20;14;0;10287;83
260;20210116;4;20;17;0;10280;81
260;20210116;5;20;17;0;10274;78
260;20210116;6;20;15;0;10268;79
260;20210116;7;30;18;0;10264;71
260;20210116;8;30;18;1;10260;68
260;20210116;9;30;18;9;10255;69
260;20210116;10;40;19;21;10253;69
260;20210116;11;40;19;26;10245;70
260;20210116;12;40;19;26;10232;69
260;20210116;13;50;19;20;10218;65
260;20210116;14;60;16;12;10205;64
260;20210116;15;60;-5;6;10199;89
260;20210116;16;50;-8;2;10189;96
260;20210116;17;50;-9;0;10180;98
260;20210116;18;40;-9;0;10174;98
260;20210116;19;40;-8;0;10172;98
260;20210116;20;40;-5;0;10168;97
260;20210116;21;30;-3;0;10165;95
260;20210116;22;30;-2;0;10161;95
260;20210116;23;30;-2;0;10157;95
260;20210116;24;30;-1;0;10151;94
260;20210117;1;30;0;0;10149;96
260;20210117;2;30;2;0;10145;98
260;20210117;3;30;4;0;10145;97
260;20210117;4;20;5;0;10144;98
260;20210117;5;20;6;0;10145;98
260;20210117;6;10;5;0;10147;98
260;20210117;7;10;6;0;10152;98
260;20210117;8;10;6;1;10158;98
260;20210117;9;20;33;8;10168;98
260;20210117;10;20;47;27;10177;94
260;20210117;11;20;55;54;10182;91
260;20210117;12;20;69;70;10185;85
260;20210117;13;30;78;92;10186;79
260;20210117;14;30;74;37;10192;81
260;20210117;15;40;59;24;10203;86
260;20210117;16;30;54;3;10208;92
260;20210117;17;10;46;0;10214;95
260;20210117;18;20;43;0;10221;96
260;20210117;19;20;43;0;10225;93
260;20210117;20;20;49;0;10226;93
260;20210117;21;20;44;0;10229;93
260;20210117;22;20;34;0;10228;95
260;20210117;23;20;28;0;10232;96
260;20210117;24;20;24;0;10230;95
260;20210118;1;30;30;0;10226;92
260;20210118;2;20;25;0;10225;93
260;20210118;3;30;30;0;10225;92
260;20210118;4;20;31;0;10221;94
260;20210118;5;30;36;0;10219;95
260;20210118;6;30;39;0;10216;94
260;20210118;7;40;39;0;10212;94
260;20210118;8;40;44;1;10216;92
260;20210118;9;40;46;6;10214;93
260;20210118;10;40;51;25;10209;91
260;20210118;11;50;55;35;10207;88
260;20210118;12;50;57;27;10204;88
260;20210118;13;50;63;27;10197;86
260;20210118;14;40;63;17;10192;86
260;20210118;15;40;62;17;10188;82
260;20210118;16;50;57;2;10187;86
260;20210118;17;40;58;0;10188;87
260;20210118;18;40;54;0;10186;89
260;20210118;19;40;53;0;10181;91
260;20210118;20;50;52;0;10177;90
260;20210118;21;50;53;0;10172;89
260;20210118;22;50;50;0;10165;90
260;20210118;23;50;55;0;10157;91
260;20210118;24;60;59;0;10148;87
260;20210119;1;70;57;0;10135;82
260;20210119;2;60;54;0;10120;84
260;20210119;3;60;48;0;10105;89
260;20210119;4;60;46;0;10090;92
260;20210119;5;60;48;0;10075;95
260;20210119;6;70;54;0;10058;94
260;20210119;7;70;61;0;10043;93
260;20210119;8;80;68;0;10034;93
260;20210119;9;90;74;2;10031;94
260;20210119;10;80;79;7;10031;95
260;20210119;11;70;95;8;10033;96
260;20210119;12;70;99;10;10034;94
260;20210119;13;70;102;13;10037;89
260;20210119;14;80;103;11;10038;88
260;20210119;15;80;100;15;10040;87
260;20210119;16;80;98;3;10044;84
260;20210119;17;80;97;0;10044;82
260;20210119;18;70;93;0;10044;83
260;20210119;19;80;91;0;10042;82
260;20210119;20;80;86;0;10039;84
260;20210119;21;80;79;0;10031;84
260;20210119;22;70;74;0;10026;84
260;20210119;23;80;74;0;10019;84
260;20210119;24;60;73;0;10013;83
260;20210120;1;70;72;0;10006;81
260;20210120;2;60;69;0;10003;83
260;20210120;3;60;70;0;9994;87
260;20210120;4;60;74;0;9990;84
260;20210120;5;70;77;0;9982;82
260;20210120;6;60;80;0;9978;80
260;20210120;7;60;82;0;9974;78
260;20210120;8;60;84;0;9973;81
260;20210120;9;60;82;9;9972;83
260;20210120;10;60;90;13;9969;74
260;20210120;11;70;92;24;9963;69
260;20210120;12;70;95;42;9957;64
260;20210120;13;60;94;24;9949;66
260;20210120;14;60;94;27;9938;66
260;20210120;15;60;97;17;9933;64
260;20210120;16;60;94;6;9930;62
260;20210120;17;60;96;0;9925;59
260;20210120;18;60;97;0;9920;58
260;20210120;19;70;102;0;9914;58
260;20210120;20;70;106;0;9909;58
260;20210120;21;80;104;0;9901;64
260;20210120;22;60;98;0;9888;71
260;20210120;23;70;102;0;9876;71
260;20210120;24;70;108;0;9857;67
260;20210121;1;80;111;0;9838;66
260;20210121;2;80;113;0;9825;66
260;20210121;3;100;114;0;9816;70
260;20210121;4;110;60;0;9833;88
260;20210121;5;90;77;0;9847;75
260;20210121;6;90;68;0;9866;73
260;20210121;7;80;61;0;9880;71
260;20210121;8;70;55;1;9892;74
260;20210121;9;60;61;26;9896;73
260;20210121;10;80;68;52;9900;77
260;20210121;11;90;76;69;9900;72
260;20210121;12;100;80;66;9899;70
260;20210121;13;100;79;56;9897;70
260;20210121;14;90;81;42;9895;69
260;20210121;15;90;79;23;9897;70
260;20210121;16;80;76;7;9893;71
260;20210121;17;70;75;0;9888;73
260;20210121;18;50;76;0;9883;74
260;20210121;19;70;56;0;9874;86
260;20210121;20;20;50;0;9855;94
260;20210121;21;20;47;0;9834;96
260;20210121;22;20;44;0;9824;97
260;20210121;23;30;35;0;9831;96
260;20210121;24;20;35;0;9837;95
260;20210122;1;30;38;0;9846;93
260;20210122;2;40;40;0;9857;93
260;20210122;3;40;39;0;9864;93
260;20210122;4;50;36;0;9872;91
260;20210122;5;50;37;0;9877;92
260;20210122;6;50;37;0;9884;92
260;20210122;7;50;34;0;9890;92
260;20210122;8;40;35;1;9898;90
260;20210122;9;40;34;10;9906;91
260;20210122;10;40;44;37;9916;88
260;20210122;11;50;58;81;9921;82
260;20210122;12;50;62;81;9926;80
260;20210122;13;50;61;59;9928;79
260;20210122;14;50;64;42;9935;75
260;20210122;15;40;58;27;9942;77
260;20210122;16;40;52;10;9945;82
260;20210122;17;40;46;0;9947;85
260;20210122;18;30;37;0;9952;89
260;20210122;19;30;35;0;9955;90
260;20210122;20;30;31;0;9957;90
260;20210122;21;30;25;0;9960;90
260;20210122;22;20;23;0;9961;88
260;20210122;23;30;21;0;9959;88
260;20210122;24;20;12;0;9956;92
260;20210123;1;30;17;0;9950;89
260;20210123;2;30;14;0;9948;91
260;20210123;3;30;21;0;9946;92
260;20210123;4;30;26;0;9940;91
260;20210123;5;40;24;0;9940;92
260;20210123;6;40;33;0;9938;91
260;20210123;7;50;37;0;9939;88
260;20210123;8;50;36;1;9943;88
260;20210123;9;40;38;7;9945;88
260;20210123;10;40;40;11;9945;87
260;20210123;11;40;43;31;9946;84
260;20210123;12;40;47;49;9945;82
260;20210123;13;30;52;49;9938;78
260;20210123;14;20;49;42;9938;81
260;20210123;15;20;45;24;9936;82
260;20210123;16;20;39;8;9938;84
260;20210123;17;10;21;0;9936;93
260;20210123;18;10;15;0;9936;98
260;20210123;19;20;25;0;9936;94
260;20210123;20;20;27;0;9937;90
260;20210123;21;20;26;0;9937;91
260;20210123;22;20;26;0;9938;90
260;20210123;23;20;28;0;9940;89
260;20210123;24;10;27;0;9939;90
260;20210124;1;20;26;0;9942;84
260;20210124;2;10;21;0;9946;89
260;20210124;3;10;24;0;9952;90
260;20210124;4;20;26;0;9958;89
260;20210124;5;20;25;0;9963;90
260;20210124;6;20;19;0;9968;92
260;20210124;7;20;12;0;9974;92
260;20210124;8;20;6;1;9982;92
260;20210124;9;10;17;19;9987;92
260;20210124;10;30;33;64;9992;83
260;20210124;11;30;52;102;9994;77
260;20210124;12;20;52;67;9993;75
260;20210124;13;30;51;57;9992;66
260;20210124;14;40;43;39;9990;71
260;20210124;15;30;37;18;9991;73
260;20210124;16;30;30;8;9991;78
260;20210124;17;20;25;0;9990;81
260;20210124;18;20;17;0;9988;84
260;20210124;19;20;14;0;9985;85
260;20210124;20;30;13;0;9984;86
260;20210124;21;20;10;0;9982;86
260;20210124;22;20;8;0;9981;87
260;20210124;23;20;5;0;9983;87
260;20210124;24;30;3;0;9984;88
260;20210125;1;20;-1;0;9987;89
260;20210125;2;20;1;0;9991;89
260;20210125;3;20;3;0;9995;87
260;20210125;4;20;-3;0;10000;89
260;20210125;5;20;-9;0;10007;92
260;20210125;6;20;-12;0;10014;93
260;20210125;7;10;-24;0;10021;96
260;20210125;8;10;-27;3;10032;98
260;20210125;9;10;0;47;10040;95
260;20210125;10;10;29;72;10048;78
260;20210125;11;20;40;96;10056;69
260;20210125;12;20;53;111;10059;69
260;20210125;13;30;55;105;10061;66
260;20210125;14;30;48;40;10065;71
260;20210125;15;30;47;26;10068;69
260;20210125;16;30;40;7;10073;73
260;20210125;17;40;40;0;10077;73
260;20210125;18;40;36;0;10078;83
260;20210125;19;40;37;0;10079;88
260;20210125;20;40;30;0;10081;90
260;20210125;21;50;48;0;10082;80
260;20210125;22;50;34;0;10085;89
260;20210125;23;50;36;0;10088;89
260;20210125;24;50;44;0;10091;87
260;20210126;1;50;39;0;10095;85
260;20210126;2;50;41;0;10103;82
260;20210126;3;50;40;0;10110;82
260;20210126;4;50;43;0;10117;83
260;20210126;5;40;44;0;10123;81
260;20210126;6;40;41;0;10132;86
260;20210126;7;40;42;0;10141;84
260;20210126;8;30;42;2;10151;84
260;20210126;9;30;43;25;10160;87
260;20210126;10;30;51;38;10168;82
260;20210126;11;20;57;56;10172;80
260;20210126;12;40;59;60;10170;77
260;20210126;13;40;59;79;10170;78
260;20210126;14;40;63;48;10173;75
260;20210126;15;40;65;53;10176;68
260;20210126;16;30;51;18;10175;75
260;20210126;17;30;41;0;10175;75
260;20210126;18;30;42;0;10173;79
260;20210126;19;30;42;0;10169;84
260;20210126;20;40;41;0;10167;85
260;20210126;21;40;38;0;10164;85
260;20210126;22;40;35;0;10160;82
260;20210126;23;30;31;0;10156;80
260;20210126;24;40;29;0;10151;77
260;20210127;1;60;26;0;10146;81
260;20210127;2;50;22;0;10132;87
260;20210127;3;50;23;0;10122;84
260;20210127;4;60;20;0;10115;87
260;20210127;5;50;17;0;10104;92
260;20210127;6;40;18;0;10100;94
260;20210127;7;40;20;0;10092;95
260;20210127;8;50;23;0;10093;96
260;20210127;9;50;27;3;10094;97
260;20210127;10;50;34;9;10098;97
260;20210127;11;40;43;14;10100;98
260;20210127;12;30;53;21;10098;97
260;20210127;13;30;57;18;10100;95
260;20210127;14;30;66;22;10101;94
260;20210127;15;30;67;13;10102;93
260;20210127;16;30;69;3;10103;91
260;20210127;17;30;68;0;10105;92
260;20210127;18;20;68;0;10105;94
260;20210127;19;20;68;0;10105;95
260;20210127;20;30;69;0;10106;96
260;20210127;21;30;69;0;10107;96
260;20210127;22;20;70;0;10106;94
260;20210127;23;20;68;0;10106;95
260;20210127;24;20;67;0;10102;97
260;20210128;1;10;63;0;10092;97
260;20210128;2;10;54;0;10084;97
260;20210128;3;10;56;0;10073;100
260;20210128;4;10;55;0;10066;98
260;20210128;5;20;57;0;10049;99
260;20210128;6;30;56;0;10035;98
260;20210128;7;30;56;0;10024;98
260;20210128;8;40;54;0;10014;98
260;20210128;9;40;52;3;10006;96
260;20210128;10;40;51;6;10002;96
260;20210128;11;40;52;8;10001;97
260;20210128;12;40;55;16;9996;95
260;20210128;13;40;56;12;10001;95
260;20210128;14;30;55;12;10005;95
260;20210128;15;30;55;9;10008;94
260;20210128;16;20;54;3;10021;94
260;20210128;17;30;51;0;10020;95
260;20210128;18;30;46;0;10021;94
260;20210128;19;30;43;0;10021;96
260;20210128;20;30;42;0;10020;97
260;20210128;21;30;41;0;10013;98
260;20210128;22;30;40;0;10007;98
260;20210128;23;30;43;0;9999;98
260;20210128;24;30;47;0;9983;99
260;20210129;1;30;51;0;9967;99
260;20210129;2;30;55;0;9953;98
260;20210129;3;30;61;0;9934;98
260;20210129;4;30;69;0;9919;98
260;20210129;5;30;85;0;9911;98
260;20210129;6;50;88;0;9909;94
260;20210129;7;50;87;0;9911;94
260;20210129;8;60;90;0;9919;93
260;20210129;9;70;87;3;9927;91
260;20210129;10;70;93;22;9934;82
260;20210129;11;60;100;51;9938;81
260;20210129;12;60;95;40;9942;82
260;20210129;13;60;93;32;9941;84
260;20210129;14;50;96;32;9940;81
260;20210129;15;60;94;19;9943;81
260;20210129;16;50;91;9;9948;82
260;20210129;17;60;91;0;9954;78
260;20210129;18;70;81;0;9958;79
260;20210129;19;70;72;0;9968;84
260;20210129;20;60;62;0;9985;84
260;20210129;21;50;49;0;9998;85
260;20210129;22;40;35;0;10005;85
260;20210129;23;50;24;0;10017;80
260;20210129;24;40;20;0;10022;79
260;20210130;1;40;15;0;10024;79
260;20210130;2;60;7;0;10028;78
260;20210130;3;50;7;0;10029;79
260;20210130;4;50;6;0;10033;79
260;20210130;5;40;-2;0;10030;80
260;20210130;6;40;-2;0;10028;81
260;20210130;7;50;3;0;10029;79
260;20210130;8;60;3;3;10029;78
260;20210130;9;60;6;17;10026;77
260;20210130;10;70;9;33;10026;76
260;20210130;11;70;14;48;10024;74
260;20210130;12;70;17;51;10020;74
260;20210130;13;60;21;51;10013;72
260;20210130;14;60;20;32;10012;73
260;20210130;15;60;18;24;10012;72
260;20210130;16;60;13;11;10018;77
260;20210130;17;50;8;1;10023;79
260;20210130;18;50;4;0;10029;81
260;20210130;19;50;0;0;10032;81
260;20210130;20;50;-6;0;10036;82
260;20210130;21;50;-13;0;10040;85
260;20210130;22;50;-17;0;10044;87
260;20210130;23;40;-21;0;10044;88
260;20210130;24;30;-25;0;10047;89
260;20210131;1;30;-29;0;10051;89
260;20210131;2;20;-33;0;10051;90
260;20210131;3;30;-38;0;10049;92
260;20210131;4;20;-44;0;10050;93
260;20210131;5;30;-44;0;10050;92
260;20210131;6;20;-47;0;10053;93
260;20210131;7;20;-51;0;10051;92
260;20210131;8;20;-50;4;10058;93
260;20210131;9;20;-40;32;10052;91
260;20210131;10;30;-27;71;10049;89
260;20210131;11;40;-15;75;10042;84
260;20210131;12;40;6;136;10031;76
260;20210131;13;40;16;139;10020;71
260;20210131;14;40;20;105;10008;67
260;20210131;15;40;20;69;10000;66
260;20210131;16;40;8;17;9992;67
260;20210131;17;40;-3;1;9986;75
260;20210131;18;40;-7;0;9974;79
260;20210131;19;50;-5;0;9965;78
260;20210131;20;40;-3;0;9958;79
260;20210131;21;40;-2;0;9950;80
260;20210131;22;40;3;0;9941;81
260;20210131;23;40;5;0;9935;81
260;20210131;24;40;5;0;9931;81
260;20210201;1;40;4;0;9926;83
260;20210201;2;40;4;0;9920;87
260;20210201;3;40;2;0;9916;90
260;20210201;4;30;3;0;9913;91
260;20210201;5;30;4;0;9913;91
260;20210201;6;30;5;0;9913;91
260;20210201;7;30;6;0;9919;93
260;20210201;8;20;6;1;9926;94
260;20210201;9;20;8;11;9928;94
260;20210201;10;20;13;32;9935;94
260;20210201;11;20;16;30;9942;93
260;20210201;12;20;17;30;9944;94
260;20210201;13;10;22;28;9950;93
260;20210201;14;20;21;25;9958;94
260;20210201;15;30;18;17;9967;94
260;20210201;16;30;14;6;9976;94
260;20210201;17;20;11;1;9987;97
260;20210201;18;10;10;0;9993;97
260;20210201;19;10;9;0;10003;98
260;20210201;20;10;11;0;10009;94
260;20210201;21;10;7;0;10018;93
260;20210201;22;10;10;0;10014;91
260;20210201;23;10;11;0;10022;92
260;20210201;24;10;15;0;10032;90
260;20210202;1;10;15;0;10029;91
260;20210202;2;10;13;0;10030;95
260;20210202;3;10;11;0;10021;92
260;20210202;4;20;8;0;10018;92
260;20210202;5;20;9;0;10015;93
260;20210202;6;20;14;0;10013;92
260;20210202;7;30;14;0;10002;94
260;20210202;8;30;17;1;9994;96
260;20210202;9;40;21;8;9984;97
260;20210202;10;40;27;16;9980;97
260;20210202;11;40;33;19;9973;97
260;20210202;12;40;41;22;9968;97
260;20210202;13;30;48;26;9963;96
260;20210202;14;30;53;23;9963;98
260;20210202;15;20;66;20;9964;97
260;20210202;16;30;77;10;9965;98
260;20210202;17;30;85;2;9969;95
260;20210202;18;40;92;0;9974;92
260;20210202;19;40;94;0;9974;96
260;20210202;20;40;98;0;9972;93
260;20210202;21;50;96;0;9972;92
260;20210202;22;40;89;0;9971;95
260;20210202;23;40;93;0;9972;92
260;20210202;24;40;93;0;9970;94
260;20210203;1;50;98;0;9971;92
260;20210203;2;50;96;0;9968;94
260;20210203;3;50;98;0;9969;90
260;20210203;4;40;95;0;9966;92
260;20210203;5;40;89;0;9964;94
260;20210203;6;40;94;0;9958;89
260;20210203;7;40;90;0;9957;94
260;20210203;8;30;90;1;9956;92
260;20210203;9;30;91;5;9949;93
260;20210203;10;20;90;9;9944;95
260;20210203;11;30;90;12;9940;92
260;20210203;12;20;87;13;9934;94
260;20210203;13;30;82;8;9937;95
260;20210203;14;20;80;9;9936;96
260;20210203;15;20;80;8;9941;94
260;20210203;16;20;79;6;9944;95
260;20210203;17;20;77;1;9952;96
260;20210203;18;20;76;0;9961;96
260;20210203;19;30;77;0;9977;96
260;20210203;20;30;75;0;9991;96
260;20210203;21;30;77;0;10007;94
260;20210203;22;40;80;0;10020;91
260;20210203;23;40;81;0;10031;87
260;20210203;24;40;80;0;10042;87
260;20210204;1;40;79;0;10053;86
260;20210204;2;40;77;0;10063;86
260;20210204;3;40;73;0;10071;86
260;20210204;4;40;67;0;10082;87
260;20210204;5;30;57;0;10092;90
260;20210204;6;30;56;0;10100;91
260;20210204;7;30;54;0;10109;91
260;20210204;8;30;56;3;10119;93
260;20210204;9;30;59;14;10126;92
260;20210204;10;30;68;60;10134;90
260;20210204;11;40;70;63;10138;92
260;20210204;12;30;72;48;10137;90
260;20210204;13;20;75;38;10137;88
260;20210204;14;20;83;40;10135;85
260;20210204;15;20;80;39;10133;85
260;20210204;16;20;73;16;10132;88
260;20210204;17;30;62;2;10131;92
260;20210204;18;30;62;0;10132;93
260;20210204;19;30;64;0;10131;93
260;20210204;20;30;56;0;10128;93
260;20210204;21;30;63;0;10126;90
260;20210204;22;30;62;0;10127;91
260;20210204;23;30;59;0;10123;92
260;20210204;24;30;59;0;10120;93
260;20210205;1;30;58;0;10112;91
260;20210205;2;40;59;0;10110;90
260;20210205;3;30;58;0;10109;88
260;20210205;4;30;56;0;10106;91
260;20210205;5;30;53;0;10105;91
260;20210205;6;30;54;0;10103;92
260;20210205;7;30;52;0;10107;92
260;20210205;8;20;52;3;10110;93
260;20210205;9;20;53;9;10108;91
260;20210205;10;20;68;67;10113;86
260;20210205;11;30;74;45;10114;87
260;20210205;12;20;84;64;10111;86
260;20210205;13;20;86;36;10110;89
260;20210205;14;10;91;27;10110;88
260;20210205;15;20;89;17;10110;90
260;20210205;16;10;86;5;10111;96
260;20210205;17;10;80;2;10111;97
260;20210205;18;10;73;0;10113;99
260;20210205;19;10;73;0;10116;98
260;20210205;20;10;71;0;10115;98
260;20210205;21;10;70;0;10113;98
260;20210205;22;10;67;0;10114;98
260;20210205;23;10;64;0;10113;98
260;20210205;24;20;63;0;10112;98
260;20210206;1;20;65;0;10111;98
260;20210206;2;20;65;0;10111;98
260;20210206;3;40;61;0;10108;98
260;20210206;4;30;61;0;10108;97
260;20210206;5;40;55;0;10108;96
260;20210206;6;40;45;0;10106;96
260;20210206;7;40;41;0;10108;95
260;20210206;8;40;39;1;10110;95
260;20210206;9;60;39;7;10108;95
260;20210206;10;50;34;14;10106;95
260;20210206;11;60;30;18;10106;94
260;20210206;12;60;29;24;10102;94
260;20210206;13;60;26;16;10098;94
260;20210206;14;60;22;13;10093;91
260;20210206;15;70;21;15;10090;88
260;20210206;16;70;18;12;10081;85
260;20210206;17;80;12;2;10077;84
260;20210206;18;90;7;0;10075;82
260;20210206;19;80;3;0;10071;83
260;20210206;20;80;-1;0;10067;82
260;20210206;21;80;-6;0;10062;87
260;20210206;22;80;-13;0;10054;93
260;20210206;23;80;-14;0;10047;92
260;20210206;24;80;-15;0;10035;93
260;20210207;1;90;-18;0;10029;92
260;20210207;2;90;-19;0;10019;89
260;20210207;3;90;-20;0;10014;87
260;20210207;4;90;-27;0;10012;88
260;20210207;5;90;-32;0;10012;88
260;20210207;6;90;-35;0;10009;86
260;20210207;7;80;-36;0;10009;83
260;20210207;8;90;-37;2;10008;81
260;20210207;9;100;-38;12;10010;82
260;20210207;10;90;-38;24;10008;80
260;20210207;11;90;-41;20;10012;79
260;20210207;12;80;-47;20;10009;84
260;20210207;13;70;-49;21;10006;86
260;20210207;14;70;-52;17;10007;87
260;20210207;15;70;-52;12;10009;86
260;20210207;16;70;-51;8;10010;83
260;20210207;17;70;-50;1;10012;80
260;20210207;18;70;-50;0;10017;78
260;20210207;19;70;-49;0;10018;78
260;20210207;20;70;-47;0;10018;77
260;20210207;21;70;-49;0;10021;79
260;20210207;22;70;-49;0;10021;76
260;20210207;23;80;-50;0;10022;77
260;20210207;24;80;-51;0;10022;76
260;20210208;1;70;-52;0;10021;78
260;20210208;2;70;-51;0;10020;75
260;20210208;3;70;-49;0;10017;72
260;20210208;4;70;-49;0;10019;72
260;20210208;5;70;-49;0;10022;70
260;20210208;6;70;-50;0;10023;70
260;20210208;7;70;-53;0;10026;74
260;20210208;8;50;-57;4;10029;81
260;20210208;9;60;-55;20;10030;81
260;20210208;10;60;-54;38;10030;78
260;20210208;11;70;-53;55;10030;78
260;20210208;12;60;-55;54;10027;78
260;20210208;13;60;-57;43;10027;80
260;20210208;14;60;-58;49;10025;80
260;20210208;15;50;-57;36;10029;83
260;20210208;16;40;-58;20;10032;83
260;20210208;17;30;-58;4;10036;84
260;20210208;18;20;-58;0;10041;84
260;20210208;19;20;-59;0;10044;85
260;20210208;20;20;-62;0;10046;88
260;20210208;21;10;-62;0;10049;89
260;20210208;22;20;-60;0;10055;85
260;20210208;23;30;-64;0;10054;84
260;20210208;24;30;-65;0;10060;84
260;20210209;1;20;-67;0;10061;85
260;20210209;2;20;-72;0;10065;84
260;20210209;3;20;-71;0;10065;84
260;20210209;4;20;-75;0;10069;86
260;20210209;5;20;-76;0;10070;86
260;20210209;6;10;-68;0;10073;87
260;20210209;7;10;-66;0;10079;86
260;20210209;8;20;-51;3;10087;87
260;20210209;9;20;-40;20;10087;83
260;20210209;10;30;-29;52;10089;78
260;20210209;11;40;-23;80;10089;74
260;20210209;12;40;-16;172;10088;72
260;20210209;13;30;-13;136;10091;70
260;20210209;14;30;-14;96;10092;67
260;20210209;15;40;-15;63;10094;67
260;20210209;16;40;-19;31;10093;69
260;20210209;17;30;-26;5;10091;71
260;20210209;18;30;-34;0;10090;74
260;20210209;19;30;-41;0;10094;75
260;20210209;20;20;-48;0;10097;80
260;20210209;21;30;-48;0;10100;80
260;20210209;22;30;-52;0;10100;83
260;20210209;23;40;-47;0;10102;81
260;20210209;24;30;-48;0;10100;81
260;20210210;1;30;-54;0;10103;84
260;20210210;2;30;-56;0;10103;86
260;20210210;3;30;-56;0;10103;85
260;20210210;4;30;-58;0;10105;86
260;20210210;5;30;-58;0;10111;85
260;20210210;6;40;-47;0;10113;81
260;20210210;7;40;-42;0;10120;77
260;20210210;8;30;-45;10;10126;78
260;20210210;9;30;-38;48;10135;77
260;20210210;10;40;-29;79;10141;76
260;20210210;11;30;-21;128;10147;73
260;20210210;12;30;-18;128;10153;74
260;20210210;13;30;-9;136;10157;70
260;20210210;14;30;-14;97;10164;71
260;20210210;15;40;-18;63;10173;69
260;20210210;16;30;-18;36;10180;68
260;20210210;17;30;-24;6;10190;74
260;20210210;18;10;-37;0;10196;83
260;20210210;19;20;-22;0;10205;76
260;20210210;20;30;-30;0;10215;78
260;20210210;21;20;-31;0;10225;76
260;20210210;22;10;-51;0;10233;87
260;20210210;23;20;-50;0;10245;84
260;20210210;24;10;-55;0;10253;88
260;20210211;1;10;-52;0;10257;88
260;20210211;2;10;-48;0;10265;87
260;20210211;3;20;-43;0;10270;85
260;20210211;4;20;-52;0;10276;88
260;20210211;5;20;-51;0;10282;87
260;20210211;6;10;-73;0;10286;93
260;20210211;7;10;-94;0;10291;98
260;20210211;8;0;-72;23;10298;91
260;20210211;9;10;-37;71;10302;78
260;20210211;10;20;-16;103;10305;58
260;20210211;11;30;-11;133;10308;57
260;20210211;12;30;-9;148;10304;56
260;20210211;13;30;-7;146;10307;56
260;20210211;14;30;-5;125;10308;55
260;20210211;15;20;-4;90;10309;57
260;20210211;16;20;-9;45;10309;59
260;20210211;17;10;-35;7;10313;70
260;20210211;18;20;-50;0;10318;77
260;20210211;19;20;-69;0;10319;87
260;20210211;20;20;-73;0;10320;87
260;20210211;21;20;-71;0;10324;83
260;20210211;22;20;-79;0;10326;86
260;20210211;23;10;-90;0;10330;89
260;20210211;24;20;-100;0;10331;92
260;20210212;1;20;-102;0;10331;92
260;20210212;2;20;-97;0;10331;88
260;20210212;3;30;-79;0;10329;82
260;20210212;4;20;-87;0;10335;86
260;20210212;5;20;-99;0;10336;87
260;20210212;6;30;-80;0;10339;84
260;20210212;7;30;-71;0;10343;84
260;20210212;8;40;-68;17;10347;85
260;20210212;9;50;-54;62;10349;77
260;20210212;10;50;-41;105;10352;71
260;20210212;11;60;-36;136;10353;67
260;20210212;12;70;-36;138;10352;68
260;20210212;13;70;-37;144;10353;67
260;20210212;14;70;-34;127;10349;66
260;20210212;15;70;-31;93;10351;65
260;20210212;16;60;-31;46;10353;65
260;20210212;17;50;-38;8;10358;66
260;20210212;18;50;-41;0;10363;68
260;20210212;19;50;-46;0;10367;70
260;20210212;20;60;-51;0;10370;70
260;20210212;21;60;-54;0;10377;70
260;20210212;22;50;-58;0;10379;71
260;20210212;23;50;-61;0;10383;72
260;20210212;24;50;-67;0;10388;74
260;20210213;1;40;-73;0;10392;76
260;20210213;2;40;-74;0;10391;77
260;20210213;3;40;-81;0;10392;79
260;20210213;4;30;-88;0;10393;81
260;20210213;5;30;-92;0;10396;83
260;20210213;6;20;-100;0;10396;86
260;20210213;7;30;-104;0;10397;86
260;20210213;8;20;-91;26;10401;83
260;20210213;9;30;-70;78;10405;75
260;20210213;10;40;-50;116;10406;65
260;20210213;11;40;-32;142;10404;60
260;20210213;12;40;-16;157;10399;53
260;20210213;13;40;-15;155;10397;49
260;20210213;14;40;-11;135;10393;49
260;20210213;15;50;-10;98;10386;50
260;20210213;16;50;-14;52;10388;50
260;20210213;17;40;-24;7;10390;53
260;20210213;18;30;-41;0;10392;59
260;20210213;19;40;-38;0;10395;56
260;20210213;20;40;-43;0;10397;59
260;20210213;21;40;-52;0;10395;63
260;20210213;22;40;-50;0;10392;63
260;20210213;23;50;-35;0;10382;59
260;20210213;24;50;-39;0;10384;61
260;20210214;1;50;-46;0;10389;64
260;20210214;2;50;-47;0;10382;65
260;20210214;3;40;-51;0;10379;67
260;20210214;4;40;-49;0;10372;68
260;20210214;5;40;-49;0;10370;67
260;20210214;6;50;-47;0;10369;66
260;20210214;7;40;-51;0;10371;66
260;20210214;8;50;-39;17;10368;62
260;20210214;9;60;-24;75;10364;57
260;20210214;10;60;-18;84;10364;56
260;20210214;11;50;-5;114;10362;54
260;20210214;12;50;9;146;10357;49
260;20210214;13;50;14;95;10345;48
260;20210214;14;60;22;110;10333;48
260;20210214;15;60;30;98;10326;44
260;20210214;16;60;29;37;10316;42
260;20210214;17;60;24;7;10314;45
260;20210214;18;70;27;0;10305;43
260;20210214;19;60;25;0;10306;43
260;20210214;20;60;24;0;10300;42
260;20210214;21;60;21;0;10294;43
260;20210214;22;50;16;0;10290;47
260;20210214;23;60;17;0;10284;47
260;20210214;24;60;12;0;10280;50
260;20210215;1;60;12;0;10277;52
260;20210215;2;60;13;0;10266;51
260;20210215;3;60;14;0;10259;52
260;20210215;4;60;16;0;10250;56
260;20210215;5;60;13;0;10246;61
260;20210215;6;60;14;0;10235;67
260;20210215;7;50;18;0;10229;68
260;20210215;8;50;19;2;10228;75
260;20210215;9;40;15;9;10221;81
260;20210215;10;40;20;17;10222;89
260;20210215;11;50;22;18;10218;94
260;20210215;12;40;31;29;10209;91
260;20210215;13;50;33;27;10207;93
260;20210215;14;50;36;21;10204;95
260;20210215;15;50;36;12;10201;97
260;20210215;16;40;40;6;10204;97
260;20210215;17;50;43;1;10206;98
260;20210215;18;40;44;0;10208;98
260;20210215;19;50;44;0;10209;98
260;20210215;20;40;48;0;10213;96
260;20210215;21;40;47;0;10213;95
260;20210215;22;30;42;0;10213;95
260;20210215;23;30;40;0;10212;94
260;20210215;24;40;45;0;10210;92
260;20210216;1;30;44;0;10203;92
260;20210216;2;30;42;0;10195;93
260;20210216;3;40;43;0;10188;94
260;20210216;4;40;51;0;10178;97
260;20210216;5;30;49;0;10172;96
260;20210216;6;30;44;0;10167;97
260;20210216;7;30;47;0;10163;97
260;20210216;8;30;49;11;10156;96
260;20210216;9;30;54;24;10152;93
260;20210216;10;40;63;51;10138;89
260;20210216;11;40;90;123;10129;75
260;20210216;12;50;99;98;10119;72
260;20210216;13;40;105;62;10115;68
260;20210216;14;40;109;64;10106;68
260;20210216;15;30;103;30;10100;73
260;20210216;16;20;101;8;10094;75
260;20210216;17;30;101;3;10089;73
260;20210216;18;40;91;0;10090;81
260;20210216;19;40;84;0;10092;89
260;20210216;20;50;76;0;10094;95
260;20210216;21;40;74;0;10100;94
260;20210216;22;50;74;0;10103;91
260;20210216;23;60;76;0;10105;90
260;20210216;24;60;76;0;10110;89
260;20210217;1;60;74;0;10116;89
260;20210217;2;60;77;0;10121;90
260;20210217;3;50;79;0;10123;91
260;20210217;4;50;78;0;10129;91
260;20210217;5;50;77;0;10133;90
260;20210217;6;50;78;0;10135;89
260;20210217;7;50;78;0;10141;89
260;20210217;8;50;79;9;10145;89
260;20210217;9;50;83;22;10148;86
260;20210217;10;60;92;49;10149;83
260;20210217;11;60;100;83;10152;81
260;20210217;12;60;106;75;10150;78
260;20210217;13;50;109;54;10149;77
260;20210217;14;50;113;55;10150;75
260;20210217;15;50;113;18;10149;75
260;20210217;16;40;111;9;10148;76
260;20210217;17;40;109;3;10149;76
260;20210217;18;50;109;0;10151;77
260;20210217;19;40;108;0;10150;77
260;20210217;20;50;104;0;10151;80
260;20210217;21;40;104;0;10149;77
260;20210217;22;50;104;0;10149;76
260;20210217;23;50;101;0;10148;77
260;20210217;24;50;101;0;10144;76
260;20210218;1;50;99;0;10139;76
260;20210218;2;30;82;0;10136;83
260;20210218;3;40;78;0;10131;84
260;20210218;4;30;70;0;10125;86
260;20210218;5;40;65;0;10120;87
260;20210218;6;40;65;0;10112;86
260;20210218;7;40;67;0;10108;84
260;20210218;8;50;73;9;10101;80
260;20210218;9;60;82;37;10088;75
260;20210218;10;60;90;55;10082;71
260;20210218;11;60;90;41;10074;73
260;20210218;12;60;101;66;10059;69
260;20210218;13;60;109;67;10050;67
260;20210218;14;50;104;28;10049;75
260;20210218;15;40;98;10;10043;81
260;20210218;16;50;93;6;10042;89
260;20210218;17;50;90;1;10040;94
260;20210218;18;50;91;0;10050;92
260;20210218;19;50;76;0;10061;90
260;20210218;20;40;73;0;10072;90
260;20210218;21;40;65;0;10085;91
260;20210218;22;40;62;0;10097;89
260;20210218;23;50;57;0;10107;89
260;20210218;24;50;55;0;10114;87
260;20210219;1;50;52;0;10121;89
260;20210219;2;50;50;0;10129;89
260;20210219;3;40;47;0;10134;91
260;20210219;4;40;42;0;10138;92
260;20210219;5;40;42;0;10144;90
260;20210219;6;30;35;0;10146;91
260;20210219;7;30;36;1;10150;90
260;20210219;8;40;41;23;10154;90
260;20210219;9;40;54;64;10156;88
260;20210219;10;40;76;112;10155;82
260;20210219;11;50;83;127;10156;80
260;20210219;12;60;89;137;10156;75
260;20210219;13;50;95;100;10148;71
260;20210219;14;50;99;74;10145;70
260;20210219;15;50;103;62;10141;70
260;20210219;16;50;99;32;10136;72
260;20210219;17;40;95;6;10136;72
260;20210219;18;40;92;0;10134;74
260;20210219;19;30;79;0;10136;78
260;20210219;20;40;73;0;10135;81
260;20210219;21;30;79;0;10135;80
260;20210219;22;30;82;0;10131;81
260;20210219;23;30;81;0;10128;83
260;20210219;24;30;81;0;10125;82
260;20210220;1;40;87;0;10124;81
260;20210220;2;40;89;0;10124;82
260;20210220;3;30;93;0;10122;82
260;20210220;4;40;90;0;10118;84
260;20210220;5;30;89;0;10120;85
260;20210220;6;30;90;0;10125;85
260;20210220;7;40;96;0;10120;83
260;20210220;8;50;96;19;10122;82
260;20210220;9;50;106;60;10125;78
260;20210220;10;50;125;108;10119;72
260;20210220;11;60;134;138;10119;66
260;20210220;12;60;148;140;10111;63
260;20210220;13;60;154;147;10107;60
260;20210220;14;60;159;118;10101;59
260;20210220;15;60;158;89;10096;59
260;20210220;16;60;152;47;10094;59
260;20210220;17;50;141;12;10094;63
260;20210220;18;40;134;0;10097;65
260;20210220;19;50;126;0;10099;68
260;20210220;20;40;118;0;10100;70
260;20210220;21;40;111;0;10101;72
260;20210220;22;40;108;0;10103;73
260;20210220;23;40;105;0;10105;73
260;20210220;24;40;95;0;10107;77
260;20210221;1;30;90;0;10110;79
260;20210221;2;30;87;0;10112;80
260;20210221;3;30;81;0;10113;81
260;20210221;4;30;78;0;10115;82
260;20210221;5;30;85;0;10120;79
260;20210221;6;30;77;0;10119;81
260;20210221;7;30;79;2;10124;81
260;20210221;8;40;88;23;10129;78
260;20210221;9;40;103;64;10133;73
260;20210221;10;40;126;130;10136;69
260;20210221;11;40;141;141;10135;60
260;20210221;12;40;149;165;10132;56
260;20210221;13;40;155;162;10127;56
260;20210221;14;40;163;143;10126;54
260;20210221;15;40;164;105;10126;57
260;20210221;16;30;156;59;10126;61
260;20210221;17;20;133;14;10129;68
260;20210221;18;20;88;0;10132;86
260;20210221;19;20;89;0;10131;85
260;20210221;20;30;93;0;10131;80
260;20210221;21;30;81;0;10134;83
260;20210221;22;30;83;0;10134;78
260;20210221;23;30;99;0;10137;67
260;20210221;24;30;91;0;10138;68
260;20210222;1;30;89;0;10139;66
260;20210222;2;40;93;0;10141;63
260;20210222;3;40;84;0;10139;65
260;20210222;4;30;85;0;10142;63
260;20210222;5;30;85;0;10143;64
260;20210222;6;30;84;0;10144;63
260;20210222;7;30;84;1;10148;64
260;20210222;8;30;91;24;10155;66
260;20210222;9;40;118;47;10160;56
260;20210222;10;40;125;54;10165;56
260;20210222;11;40;137;78;10172;54
260;20210222;12;40;145;92;10174;53
260;20210222;13;40;160;131;10177;50
260;20210222;14;40;158;96;10182;51
260;20210222;15;30;159;59;10187;51
260;20210222;16;40;150;35;10193;55
260;20210222;17;30;144;10;10202;56
260;20210222;18;30;133;0;10210;62
260;20210222;19;20;141;0;10213;58
260;20210222;20;20;120;0;10220;69
260;20210222;21;30;135;0;10229;60
260;20210222;22;30;139;0;10236;60
260;20210222;23;40;136;0;10244;62
260;20210222;24;30;123;0;10242;70
260;20210223;1;30;117;0;10244;74
260;20210223;2;30;112;0;10251;77
260;20210223;3;20;106;0;10257;80
260;20210223;4;30;99;0;10255;80
260;20210223;5;20;86;0;10257;84
260;20210223;6;30;89;0;10262;82
260;20210223;7;40;109;1;10268;77
260;20210223;8;40;122;21;10273;75
260;20210223;9;40;135;49;10277;72
260;20210223;10;50;148;73;10280;70
260;20210223;11;60;150;106;10282;70
260;20210223;12;60;159;118;10277;66
260;20210223;13;60;175;129;10277;58
260;20210223;14;70;174;129;10273;58
260;20210223;15;60;175;105;10273;58
260;20210223;16;60;169;50;10282;60
260;20210223;17;50;159;16;10289;64
260;20210223;18;30;140;0;10291;71
260;20210223;19;40;139;0;10283;72
260;20210223;20;30;137;0;10282;72
260;20210223;21;30;128;0;10281;76
260;20210223;22;40;132;0;10285;74
260;20210223;23;40;134;0;10285;73
260;20210223;24;50;130;0;10288;74
260;20210224;1;50;125;0;10289;75
260;20210224;2;40;129;0;10283;71
260;20210224;3;40;113;0;10277;79
260;20210224;4;50;115;0;10278;79
260;20210224;5;50;108;0;10277;82
260;20210224;6;40;103;0;10276;83
260;20210224;7;40;112;3;10280;80
260;20210224;8;40;120;35;10284;79
260;20210224;9;50;135;75;10285;73
260;20210224;10;60;146;99;10285;68
260;20210224;11;50;158;124;10285;64
260;20210224;12;50;170;163;10281;61
260;20210224;13;50;179;163;10274;57
260;20210224;14;50;184;144;10268;50
260;20210224;15;60;182;110;10265;50
260;20210224;16;50;179;64;10259;50
260;20210224;17;30;162;18;10258;55
260;20210224;18;30;130;0;10259;65
260;20210224;19;20;113;0;10256;72
260;20210224;20;20;107;0;10254;75
260;20210224;21;30;117;0;10255;74
260;20210224;22;30;137;0;10253;71
260;20210224;23;40;133;0;10253;73
260;20210224;24;40;126;0;10252;76
260;20210225;1;30;115;0;10249;79
260;20210225;2;30;117;0;10245;78
260;20210225;3;40;116;0;10241;78
260;20210225;4;30;101;0;10240;83
260;20210225;5;30;107;0;10245;80
260;20210225;6;30;105;0;10245;81
260;20210225;7;20;88;4;10248;86
260;20210225;8;20;107;41;10253;82
260;20210225;9;30;122;63;10255;75
260;20210225;10;40;138;106;10261;69
260;20210225;11;40;148;138;10262;66
260;20210225;12;30;161;170;10260;62
260;20210225;13;40;163;159;10258;61
260;20210225;14;40;154;116;10260;64
260;20210225;15;40;134;59;10264;72
260;20210225;16;40;116;29;10269;78
260;20210225;17;30;109;9;10273;81
260;20210225;18;20;105;0;10281;84
260;20210225;19;30;98;0;10288;81
260;20210225;20;30;96;0;10291;76
260;20210225;21;20;89;0;10297;74
260;20210225;22;20;84;0;10308;79
260;20210225;23;20;84;0;10311;75
260;20210225;24;20;83;0;10316;73
260;20210226;1;20;80;0;10307;75
260;20210226;2;10;74;0;10318;83
260;20210226;3;20;73;0;10320;84
260;20210226;4;20;71;0;10322;83
260;20210226;5;20;64;0;10326;88
260;20210226;6;20;61;0;10329;88
260;20210226;7;20;46;1;10337;94
260;20210226;8;20;62;35;10342;85
260;20210226;9;30;72;86;10346;80
260;20210226;10;30;84;130;10350;75
260;20210226;11;30;96;161;10353;65
260;20210226;12;40;100;164;10353;61
260;20210226;13;40;100;157;10350;56
260;20210226;14;50;103;149;10351;57
260;20210226;15;40;97;134;10356;57
260;20210226;16;40;91;62;10357;59
260;20210226;17;30;79;22;10363;62
260;20210226;18;20;63;0;10368;75
260;20210226;19;20;53;0;10372;80
260;20210226;20;20;51;0;10373;84
260;20210226;21;10;32;0;10379;93
260;20210226;22;10;16;0;10385;95
260;20210226;23;10;5;0;10387;98
260;20210226;24;10;-2;0;10389;98
260;20210227;1;0;2;0;10393;99
260;20210227;2;10;30;0;10391;98
260;20210227;3;20;31;0;10394;100
260;20210227;4;10;27;0;10397;100
260;20210227;5;20;30;0;10399;99
260;20210227;6;10;30;0;10401;98
260;20210227;7;10;31;1;10407;97
260;20210227;8;10;33;8;10412;97
260;20210227;9;10;35;22;10415;98
260;20210227;10;10;40;33;10419;92
260;20210227;11;10;47;57;10421;89
260;20210227;12;10;59;116;10420;84
260;20210227;13;10;79;161;10413;76
260;20210227;14;10;94;154;10409;69
260;20210227;15;10;94;117;10406;71
260;20210227;16;20;89;67;10404;72
260;20210227;17;20;74;24;10404;76
260;20210227;18;20;64;0;10406;81
260;20210227;19;20;55;0;10408;84
260;20210227;20;20;47;0;10407;88
260;20210227;21;10;21;0;10408;96
260;20210227;22;10;13;0;10406;97
260;20210227;23;10;4;0;10405;98
260;20210227;24;10;-4;0;10406;98
260;20210228;1;10;1;0;10405;98
260;20210228;2;10;-8;0;10400;98
260;20210228;3;0;-12;0;10393;98
260;20210228;4;10;-15;0;10393;98
260;20210228;5;10;-4;0;10391;98
260;20210228;6;20;-7;0;10389;100
260;20210228;7;20;-5;3;10391;99
260;20210228;8;10;1;28;10390;100
260;20210228;9;10;21;70;10392;98
260;20210228;10;10;43;126;10391;96
260;20210228;11;20;74;168;10388;79
260;20210228;12;30;93;184;10382;72
260;20210228;13;30;102;180;10375;64
260;20210228;14;30;102;160;10368;67
260;20210228;15;30;104;122;10363;68
260;20210228;16;30;98;76;10359;71
260;20210228;17;30;86;26;10356;77
260;20210228;18;30;67;0;10359;87
260;20210228;19;30;54;0;10357;92
260;20210228;20;30;46;0;10356;96
260;20210228;21;30;40;0;10356;98
260;20210228;22;10;30;0;10356;97
260;20210228;23;10;27;0;10352;96
260;20210228;24;30;31;0;10355;97
260;20210301;1;30;37;0;10355;98
260;20210301;2;30;39;0;10352;97
260;20210301;3;40;39;0;10350;95
260;20210301;4;40;40;0;10347;95
260;20210301;5;30;39;0;10346;94
260;20210301;6;40;33;0;10347;93
260;20210301;7;40;36;2;10349;94
260;20210301;8;50;28;14;10352;93
260;20210301;9;50;27;26;10354;95
260;20210301;10;40;36;46;10351;93
260;20210301;11;40;47;70;10351;89
260;20210301;12;40;57;142;10345;85
260;20210301;13;40;79;184;10337;76
260;20210301;14;30;95;162;10330;69
260;20210301;15;30;106;125;10325;66
260;20210301;16;30;106;77;10322;64
260;20210301;17;30;95;27;10320;66
260;20210301;18;30;76;1;10321;73
260;20210301;19;30;65;0;10321;77
260;20210301;20;30;62;0;10318;79
260;20210301;21;30;52;0;10320;83
260;20210301;22;30;46;0;10318;85
260;20210301;23;30;40;0;10318;87
260;20210301;24;30;36;0;10318;89
260;20210302;1;30;31;0;10317;90
260;20210302;2;20;23;0;10314;92
260;20210302;3;20;18;0;10311;94
260;20210302;4;20;13;0;10313;96
260;20210302;5;20;9;0;10310;96
260;20210302;6;20;3;0;10310;97
260;20210302;7;20;5;5;10312;96
260;20210302;8;20;33;44;10314;89
260;20210302;9;30;76;95;10313;75
260;20210302;10;30;100;139;10312;64
260;20210302;11;40;111;170;10311;59
260;20210302;12;30;128;185;10305;57
260;20210302;13;30;142;183;10299;53
260;20210302;14;40;141;161;10294;53
260;20210302;15;40;142;123;10292;50
260;20210302;16;30;138;75;10289;54
260;20210302;17;30;123;27;10289;59
260;20210302;18;20;86;1;10292;73
260;20210302;19;10;55;0;10293;88
260;20210302;20;20;45;0;10292;92
260;20210302;21;10;32;0;10291;94
260;20210302;22;10;23;0;10290;98
260;20210302;23;10;18;0;10287;98
260;20210302;24;10;15;0;10286;96
260;20210303;1;10;8;0;10288;97
260;20210303;2;10;6;0;10283;98
260;20210303;3;10;5;0;10279;98
260;20210303;4;10;6;0;10280;98
260;20210303;5;10;4;0;10281;98
260;20210303;6;10;8;0;10278;96
260;20210303;7;0;14;3;10282;98
260;20210303;8;10;33;22;10287;98
260;20210303;9;10;48;44;10286;93
260;20210303;10;10;51;74;10284;88
260;20210303;11;20;61;132;10285;88
260;20210303;12;20;74;122;10282;85
260;20210303;13;20;93;154;10276;76
260;20210303;14;20;95;137;10270;75
260;20210303;15;20;96;103;10268;76
260;20210303;16;30;89;62;10265;76
260;20210303;17;20;78;23;10261;81
260;20210303;18;20;54;1;10265;88
260;20210303;19;20;48;0;10263;92
260;20210303;20;20;47;0;10260;93
260;20210303;21;20;44;0;10256;94
260;20210303;22;20;43;0;10255;96
260;20210303;23;20;41;0;10248;98
260;20210303;24;20;38;0;10247;98
260;20210304;1;20;36;0;10240;98
260;20210304;2;20;36;0;10238;96
260;20210304;3;20;36;0;10230;97
260;20210304;4;20;33;0;10225;97
260;20210304;5;20;32;0;10222;95
260;20210304;6;20;33;0;10219;92
260;20210304;7;20;35;0;10219;90
260;20210304;8;10;37;3;10219;91
260;20210304;9;20;39;12;10217;91
260;20210304;10;30;41;12;10216;92
260;20210304;11;30;39;16;10217;89
260;20210304;12;30;51;42;10217;80
260;20210304;13;30;55;57;10213;75
260;20210304;14;30;55;33;10213;78
260;20210304;15;30;52;18;10210;82
260;20210304;16;40;56;21;10211;73
260;20210304;17;50;51;10;10213;74
260;20210304;18;40;46;1;10218;75
260;20210304;19;30;43;0;10220;69
260;20210304;20;30;41;0;10223;70
260;20210304;21;30;41;0;10227;65
260;20210304;22;20;40;0;10232;67
260;20210304;23;30;35;0;10238;80
260;20210304;24;40;33;0;10243;80
260;20210305;1;40;25;0;10251;80
260;20210305;2;20;17;0;10254;85
260;20210305;3;20;11;0;10258;89
260;20210305;4;20;2;0;10264;92
260;20210305;5;20;-1;0;10272;91
260;20210305;6;20;-10;0;10276;92
260;20210305;7;20;-3;8;10287;90
260;20210305;8;20;17;51;10294;78
260;20210305;9;30;33;107;10297;61
260;20210305;10;40;42;154;10301;44
260;20210305;11;60;50;186;10305;47
260;20210305;12;50;58;202;10308;48
260;20210305;13;50;58;196;10309;48
260;20210305;14;40;60;155;10309;48
260;20210305;15;40;59;127;10311;49
260;20210305;16;40;56;90;10312;51
260;20210305;17;30;48;35;10318;54
260;20210305;18;30;39;2;10326;61
260;20210305;19;20;15;0;10330;74
260;20210305;20;20;0;0;10335;83
260;20210305;21;10;-15;0;10338;90
260;20210305;22;10;-27;0;10344;97
260;20210305;23;10;-34;0;10348;97
260;20210305;24;10;-37;0;10349;96
260;20210306;1;10;-40;0;10349;97
260;20210306;2;10;-42;0;10346;97
260;20210306;3;10;-46;0;10344;96
260;20210306;4;0;-48;0;10342;97
260;20210306;5;10;-50;0;10347;95
260;20210306;6;0;-52;0;10348;95
260;20210306;7;0;-36;12;10354;95
260;20210306;8;0;4;61;10356;92
260;20210306;9;10;33;104;10356;75
260;20210306;10;20;46;117;10355;65
260;20210306;11;40;50;166;10352;55
260;20210306;12;30;65;201;10345;53
260;20210306;13;40;60;185;10339;52
260;20210306;14;20;64;78;10333;52
260;20210306;15;30;59;48;10328;57
260;20210306;16;30;60;56;10322;57
260;20210306;17;30;49;34;10319;61
260;20210306;18;20;36;2;10320;67
260;20210306;19;30;23;0;10318;73
260;20210306;20;30;17;0;10313;80
260;20210306;21;20;-3;0;10310;90
260;20210306;22;10;-16;0;10310;94
260;20210306;23;10;-30;0;10304;97
260;20210306;24;10;-33;0;10301;97
260;20210307;1;10;-44;0;10299;97
260;20210307;2;10;-37;0;10292;96
260;20210307;3;10;-43;0;10285;97
260;20210307;4;0;-43;0;10281;97
260;20210307;5;10;-29;0;10281;97
260;20210307;6;0;-20;0;10278;95
260;20210307;7;0;-13;2;10275;97
260;20210307;8;10;-1;16;10273;96
260;20210307;9;10;23;37;10271;80
260;20210307;10;10;44;66;10270;66
260;20210307;11;20;52;112;10265;56
260;20210307;12;20;51;84;10263;58
260;20210307;13;30;45;46;10257;61
260;20210307;14;20;54;72;10249;54
260;20210307;15;30;54;75;10244;55
260;20210307;16;30;49;31;10241;60
260;20210307;17;20;47;13;10238;61
260;20210307;18;20;43;1;10242;64
260;20210307;19;10;38;0;10245;69
260;20210307;20;10;32;0;10243;74
260;20210307;21;10;6;0;10244;85
260;20210307;22;10;-1;0;10244;93
260;20210307;23;10;9;0;10243;90
260;20210307;24;10;29;0;10239;79
260;20210308;1;20;34;0;10238;77
260;20210308;2;20;35;0;10234;77
260;20210308;3;20;36;0;10230;75
260;20210308;4;20;36;0;10230;76
260;20210308;5;20;36;0;10233;76
260;20210308;6;20;38;0;10233;75
260;20210308;7;20;41;2;10235;74
260;20210308;8;20;47;14;10239;74
260;20210308;9;20;54;34;10239;72
260;20210308;10;20;62;63;10238;71
260;20210308;11;20;75;121;10237;66
260;20210308;12;20;78;157;10234;62
260;20210308;13;30;88;132;10228;58
260;20210308;14;30;82;84;10224;56
260;20210308;15;30;86;81;10218;57
260;20210308;16;30;80;55;10215;59
260;20210308;17;30;69;12;10214;64
260;20210308;18;20;58;1;10215;70
260;20210308;19;30;53;0;10217;73
260;20210308;20;40;46;0;10213;84
260;20210308;21;40;41;0;10209;85
260;20210308;22;40;41;0;10205;88
260;20210308;23;40;41;0;10201;89
260;20210308;24;40;39;0;10193;91
260;20210309;1;40;39;0;10189;92
260;20210309;2;50;41;0;10181;94
260;20210309;3;50;43;0;10173;94
260;20210309;4;40;44;0;10169;95
260;20210309;5;30;46;0;10166;96
260;20210309;6;30;51;0;10166;98
260;20210309;7;30;55;1;10169;94
260;20210309;8;30;58;17;10173;89
260;20210309;9;30;66;49;10174;86
260;20210309;10;30;63;56;10174;83
260;20210309;11;40;66;56;10174;79
260;20210309;12;30;66;47;10176;80
260;20210309;13;30;65;34;10174;79
260;20210309;14;30;69;40;10174;77
260;20210309;15;30;67;24;10176;79
260;20210309;16;20;65;13;10176;81
260;20210309;17;20;62;5;10181;85
260;20210309;18;10;59;0;10185;82
260;20210309;19;10;55;0;10189;85
260;20210309;20;10;56;0;10190;81
260;20210309;21;20;53;0;10188;76
260;20210309;22;0;27;0;10186;89
260;20210309;23;10;6;0;10183;98
260;20210309;24;10;-6;0;10188;95
260;20210310;1;10;-1;0;10185;98
260;20210310;2;10;5;0;10182;97
260;20210310;3;20;18;0;10178;96
260;20210310;4;20;21;0;10173;94
260;20210310;5;30;35;0;10170;92
260;20210310;6;20;35;0;10167;93
260;20210310;7;20;36;4;10165;95
260;20210310;8;30;44;14;10166;93
260;20210310;9;30;54;32;10162;89
260;20210310;10;40;68;44;10156;80
260;20210310;11;50;75;58;10151;75
260;20210310;12;50;84;72;10143;69
260;20210310;13;60;92;93;10131;65
260;20210310;14;60;97;59;10123;60
260;20210310;15;60;94;33;10116;63
260;20210310;16;80;83;12;10106;70
260;20210310;17;70;71;10;10093;79
260;20210310;18;60;71;1;10085;76
260;20210310;19;70;69;0;10074;79
260;20210310;20;70;62;0;10062;87
260;20210310;21;90;63;0;10045;86
260;20210310;22;90;61;0;10033;89
260;20210310;23;80;62;0;10019;89
260;20210310;24;80;62;0;10005;92
260;20210311;1;80;70;0;9991;89
260;20210311;2;80;74;0;9972;92
260;20210311;3;80;78;0;9962;93
260;20210311;4;80;88;0;9951;90
260;20210311;5;90;96;0;9940;86
260;20210311;6;100;94;0;9932;91
260;20210311;7;90;109;7;9928;77
260;20210311;8;100;111;31;9925;68
260;20210311;9;110;118;53;9923;64
260;20210311;10;130;116;84;9921;61
260;20210311;11;140;113;48;9927;63
260;20210311;12;130;113;58;9940;65
260;20210311;13;110;117;87;9948;64
260;20210311;14;100;106;71;9958;66
260;20210311;15;90;106;64;9961;70
260;20210311;16;90;97;42;9964;75
260;20210311;17;70;97;18;9970;65
260;20210311;18;70;85;3;9975;75
260;20210311;19;70;86;0;9980;68
260;20210311;20;70;77;0;9989;68
260;20210311;21;60;72;0;9996;76
260;20210311;22;60;76;0;10004;76
260;20210311;23;70;74;0;10011;76
260;20210311;24;60;73;0;10019;74
260;20210312;1;70;72;0;10031;72
260;20210312;2;60;68;0;10039;75
260;20210312;3;60;63;0;10042;77
260;20210312;4;60;56;0;10046;78
260;20210312;5;60;54;0;10049;80
260;20210312;6;60;52;0;10050;81
260;20210312;7;60;54;14;10051;80
260;20210312;8;60;66;47;10049;77
260;20210312;9;70;78;81;10046;74
260;20210312;10;80;76;57;10041;77
260;20210312;11;90;77;67;10036;78
260;20210312;12;80;80;69;10027;78
260;20210312;13;80;77;41;10017;78
260;20210312;14;80;72;21;10007;84
260;20210312;15;90;78;36;10005;76
260;20210312;16;70;82;29;10003;75
260;20210312;17;70;79;19;10001;78
260;20210312;18;60;78;4;10006;77
260;20210312;19;60;72;0;10007;77
260;20210312;20;60;72;0;10006;76
260;20210312;21;70;71;0;10007;78
260;20210312;22;70;71;0;10005;77
260;20210312;23;60;72;0;9999;79
260;20210312;24;60;72;0;9987;80
260;20210313;1;70;73;0;9975;78
260;20210313;2;70;63;0;9957;87
260;20210313;3;70;62;0;9933;91
260;20210313;4;80;67;0;9911;90
260;20210313;5;80;74;0;9894;87
260;20210313;6;110;76;0;9892;76
260;20210313;7;90;74;3;9895;70
260;20210313;8;80;76;25;9899;71
260;20210313;9;90;78;47;9900;67
260;20210313;10;80;83;42;9902;63
260;20210313;11;90;83;73;9902;64
260;20210313;12;100;85;85;9904;64
260;20210313;13;100;83;103;9906;66
260;20210313;14;110;85;68;9911;64
260;20210313;15;100;74;29;9929;67
260;20210313;16;90;35;26;9946;88
260;20210313;17;60;59;4;9946;77
260;20210313;18;70;59;1;9960;77
260;20210313;19;60;60;0;9970;70
260;20210313;20;50;61;0;9978;74
260;20210313;21;50;63;0;9985;75
260;20210313;22;50;62;0;9994;76
260;20210313;23;50;60;0;10000;76
260;20210313;24;40;61;0;10007;75
260;20210314;1;40;63;0;10016;74
260;20210314;2;40;61;0;10022;74
260;20210314;3;50;58;0;10029;74
260;20210314;4;40;58;0;10035;76
260;20210314;5;40;48;0;10044;87
260;20210314;6;30;50;0;10052;89
260;20210314;7;40;56;8;10064;86
260;20210314;8;30;62;29;10073;85
260;20210314;9;30;69;43;10083;82
260;20210314;10;50;66;65;10091;80
260;20210314;11;40;79;84;10098;77
260;20210314;12;50;82;75;10105;73
260;20210314;13;50;81;101;10110;71
260;20210314;14;60;74;62;10113;73
260;20210314;15;60;84;85;10114;67
260;20210314;16;50;77;76;10116;69
260;20210314;17;40;78;35;10116;73
260;20210314;18;40;74;4;10117;72
260;20210314;19;30;69;0;10116;75
260;20210314;20;30;66;0;10113;80
260;20210314;21;40;67;0;10110;80
260;20210314;22;40;66;0;10105;83
260;20210314;23;30;58;0;10097;90
260;20210314;24;30;59;0;10091;91
260;20210315;1;30;58;0;10090;94
260;20210315;2;30;56;0;10090;95
260;20210315;3;20;54;0;10092;97
260;20210315;4;20;56;0;10099;94
260;20210315;5;20;57;0;10105;91
260;20210315;6;30;55;0;10110;89
260;20210315;7;30;58;10;10117;90
260;20210315;8;30;62;44;10127;82
260;20210315;9;40;63;62;10133;77
260;20210315;10;50;74;70;10138;68
260;20210315;11;50;77;51;10144;68
260;20210315;12;60;80;85;10148;71
260;20210315;13;60;69;96;10152;80
260;20210315;14;60;75;85;10158;78
260;20210315;15;60;82;84;10164;74
260;20210315;16;50;79;88;10171;70
260;20210315;17;50;68;19;10179;83
260;20210315;18;50;66;3;10188;83
260;20210315;19;40;66;0;10195;80
260;20210315;20;40;64;0;10200;81
260;20210315;21;40;66;0;10207;79
260;20210315;22;40;65;0;10211;82
260;20210315;23;40;65;0;10215;79
260;20210315;24;40;64;0;10219;78
260;20210316;1;40;62;0;10222;76
260;20210316;2;30;61;0;10224;80
260;20210316;3;30;58;0;10225;84
260;20210316;4;20;56;0;10230;85
260;20210316;5;20;56;0;10232;86
260;20210316;6;20;56;1;10236;87
260;20210316;7;20;59;13;10237;89
260;20210316;8;20;63;26;10240;86
260;20210316;9;20;69;41;10244;83
260;20210316;10;30;66;43;10245;79
260;20210316;11;30;73;80;10243;78
260;20210316;12;30;70;65;10242;79
260;20210316;13;30;62;55;10241;86
260;20210316;14;30;60;31;10239;87
260;20210316;15;20;60;33;10239;89
260;20210316;16;20;55;16;10237;89
260;20210316;17;20;50;7;10236;90
260;20210316;18;10;47;2;10237;93
260;20210316;19;10;45;0;10237;94
260;20210316;20;10;44;0;10234;94
260;20210316;21;10;44;0;10237;95
260;20210316;22;10;43;0;10242;95
260;20210316;23;10;43;0;10248;95
260;20210316;24;30;44;0;10254;91
260;20210317;1;20;44;0;10255;94
260;20210317;2;20;44;0;10260;92
260;20210317;3;20;44;0;10253;93
260;20210317;4;20;46;0;10255;95
260;20210317;5;20;50;0;10259;92
260;20210317;6;30;49;0;10257;88
260;20210317;7;40;49;6;10263;89
260;20210317;8;40;45;18;10268;87
260;20210317;9;50;52;55;10271;81
260;20210317;10;50;61;80;10270;75
260;20210317;11;50;59;80;10270;77
260;20210317;12;50;73;132;10268;76
260;20210317;13;50;69;121;10268;71
260;20210317;14;50;74;111;10266;68
260;20210317;15;50;71;76;10269;74
260;20210317;16;50;67;47;10272;72
260;20210317;17;50;66;37;10276;76
260;20210317;18;50;52;7;10275;84
260;20210317;19;40;50;0;10280;85
260;20210317;20;30;50;0;10285;85
260;20210317;21;30;42;0;10288;78
260;20210317;22;20;34;0;10289;79
260;20210317;23;20;12;0;10288;90
260;20210317;24;10;0;0;10283;97
260;20210318;1;10;-2;0;10280;98
260;20210318;2;10;-3;0;10275;98
260;20210318;3;10;-2;0;10271;97
260;20210318;4;10;6;0;10270;98
260;20210318;5;10;11;0;10265;97
260;20210318;6;10;17;0;10263;98
260;20210318;7;20;32;11;10255;97
260;20210318;8;10;49;38;10255;89
260;20210318;9;20;57;44;10256;87
260;20210318;10;20;62;58;10253;84
260;20210318;11;20;69;71;10248;78
260;20210318;12;20;77;97;10245;74
260;20210318;13;30;71;76;10237;72
260;20210318;14;20;84;134;10228;71
260;20210318;15;30;69;45;10223;80
260;20210318;16;30;68;48;10216;79
260;20210318;17;30;67;24;10212;81
260;20210318;18;40;60;3;10210;84
260;20210318;19;40;56;0;10208;79
260;20210318;20;40;54;0;10208;80
260;20210318;21;40;51;0;10203;75
260;20210318;22;40;42;0;10211;77
260;20210318;23;40;34;0;10212;81
260;20210318;24;30;27;0;10216;84
260;20210319;1;30;23;0;10220;85
260;20210319;2;30;17;0;10225;89
260;20210319;3;30;13;0;10229;90
260;20210319;4;30;9;0;10234;92
260;20210319;5;30;7;0;10238;93
260;20210319;6;20;5;1;10246;94
260;20210319;7;20;19;30;10251;91
260;20210319;8;30;39;83;10258;81
260;20210319;9;40;53;137;10262;73
260;20210319;10;50;60;161;10267;63
260;20210319;11;60;69;186;10269;56
260;20210319;12;50;80;226;10271;54
260;20210319;13;50;84;197;10270;46
260;20210319;14;50;83;197;10272;52
260;20210319;15;50;87;117;10271;53
260;20210319;16;50;87;91;10271;54
260;20210319;17;50;79;57;10275;55
260;20210319;18;50;63;10;10278;64
260;20210319;19;40;52;0;10282;80
260;20210319;20;30;48;0;10283;81
260;20210319;21;40;44;0;10290;78
260;20210319;22;40;38;0;10294;81
260;20210319;23;30;30;0;10298;83
260;20210319;24;30;22;0;10299;86
260;20210320;1;30;14;0;10301;89
260;20210320;2;20;6;0;10302;90
260;20210320;3;20;-1;0;10302;91
260;20210320;4;10;-11;0;10302;95
260;20210320;5;10;-20;0;10305;97
260;20210320;6;10;-12;1;10305;97
260;20210320;7;10;7;29;10311;91
260;20210320;8;10;25;44;10309;82
260;20210320;9;10;47;84;10309;67
260;20210320;10;10;62;184;10307;50
260;20210320;11;20;71;212;10303;53
260;20210320;12;30;81;224;10297;51
260;20210320;13;30;87;196;10288;58
260;20210320;14;40;80;117;10284;62
260;20210320;15;40;73;71;10279;74
260;20210320;16;40;66;33;10276;78
260;20210320;17;40;59;13;10273;88
260;20210320;18;30;57;3;10268;92
260;20210320;19;30;57;0;10264;95
260;20210320;20;30;59;0;10264;94
260;20210320;21;30;56;0;10266;96
260;20210320;22;20;56;0;10261;92
260;20210320;23;20;56;0;10250;91
260;20210320;24;20;56;0;10250;93
260;20210321;1;20;56;0;10247;94
260;20210321;2;30;56;0;10239;94
260;20210321;3;20;59;0;10232;92
260;20210321;4;30;62;0;10234;93
260;20210321;5;30;66;0;10233;82
260;20210321;6;30;66;0;10235;79
260;20210321;7;30;67;9;10238;81
260;20210321;8;50;70;32;10242;71
260;20210321;9;80;71;55;10246;67
260;20210321;10;60;70;73;10251;68
260;20210321;11;60;71;84;10254;64
260;20210321;12;60;71;80;10254;64
260;20210321;13;60;73;71;10252;63
260;20210321;14;60;72;62;10245;66
260;20210321;15;50;73;47;10244;63
260;20210321;16;50;72;48;10243;64
260;20210321;17;50;67;26;10245;64
260;20210321;18;50;63;5;10250;69
260;20210321;19;40;61;0;10253;70
260;20210321;20;30;53;0;10256;76
260;20210321;21;20;51;0;10256;81
260;20210321;22;20;44;0;10255;87
260;20210321;23;10;29;0;10253;92
260;20210321;24;10;23;0;10252;96
260;20210322;1;10;15;0;10251;97
260;20210322;2;20;19;0;10246;98
260;20210322;3;20;40;0;10244;97
260;20210322;4;20;47;0;10246;92
260;20210322;5;20;51;0;10248;89
260;20210322;6;20;51;0;10251;87
260;20210322;7;10;54;11;10253;88
260;20210322;8;20;65;68;10254;79
260;20210322;9;30;68;92;10256;72
260;20210322;10;30;73;98;10257;68
260;20210322;11;30;77;101;10259;64
260;20210322;12;30;75;67;10260;69
260;20210322;13;30;74;54;10261;69
260;20210322;14;30;79;52;10257;68
260;20210322;15;30;76;58;10256;69
260;20210322;16;20;76;32;10255;68
260;20210322;17;20;78;26;10255;60
260;20210322;18;10;71;6;10258;67
260;20210322;19;10;56;0;10260;76
260;20210322;20;10;66;0;10263;72
260;20210322;21;10;58;0;10261;79
260;20210322;22;0;51;0;10259;85
260;20210322;23;10;31;0;10258;92
260;20210322;24;10;21;0;10258;95
260;20210323;1;10;29;0;10257;97
260;20210323;2;20;52;0;10252;81
260;20210323;3;20;50;0;10248;84
260;20210323;4;20;48;0;10246;85
260;20210323;5;20;51;0;10248;86
260;20210323;6;20;58;0;10249;86
260;20210323;7;30;56;6;10252;90
260;20210323;8;30;66;19;10255;90
260;20210323;9;30;71;40;10255;87
260;20210323;10;40;80;65;10256;80
260;20210323;11;30;87;74;10256;78
260;20210323;12;40;92;84;10254;77
260;20210323;13;40;93;79;10250;78
260;20210323;14;50;91;60;10246;79
260;20210323;15;40;93;41;10244;73
260;20210323;16;40;97;35;10241;70
260;20210323;17;30;97;31;10240;71
260;20210323;18;30;92;3;10243;73
260;20210323;19;20;76;0;10244;78
260;20210323;20;20;79;0;10241;77
260;20210323;21;20;43;0;10241;90
260;20210323;22;10;28;0;10240;95
260;20210323;23;10;19;0;10239;98
260;20210323;24;20;20;0;10237;97
260;20210324;1;20;6;0;10233;98
260;20210324;2;20;8;0;10229;98
260;20210324;3;20;12;0;10226;97
260;20210324;4;10;-1;0;10223;99
260;20210324;5;10;2;0;10224;98
260;20210324;6;20;10;2;10225;98
260;20210324;7;20;37;32;10224;96
260;20210324;8;20;70;87;10223;82
260;20210324;9;30;94;141;10223;72
260;20210324;10;30;111;188;10222;65
260;20210324;11;40;118;205;10220;64
260;20210324;12;50;129;225;10216;59
260;20210324;13;60;134;209;10211;55
260;20210324;14;50;137;180;10207;54
260;20210324;15;50;133;132;10205;55
260;20210324;16;50;134;102;10203;54
260;20210324;17;40;116;43;10204;65
260;20210324;18;30;98;11;10207;68
260;20210324;19;10;68;0;10208;81
260;20210324;20;0;52;0;10209;91
260;20210324;21;10;43;0;10206;91
260;20210324;22;10;37;0;10204;94
260;20210324;23;10;33;0;10204;97
260;20210324;24;10;35;0;10202;97
260;20210325;1;10;40;0;10201;97
260;20210325;2;10;40;0;10197;97
260;20210325;3;10;28;0;10196;98
260;20210325;4;10;43;0;10196;98
260;20210325;5;10;52;0;10193;97
260;20210325;6;10;54;1;10193;95
260;20210325;7;20;70;28;10196;91
260;20210325;8;30;87;57;10198;87
260;20210325;9;30;92;72;10200;84
260;20210325;10;30;96;71;10200;83
260;20210325;11;40;98;52;10199;87
260;20210325;12;50;93;27;10201;87
260;20210325;13;50;116;104;10196;69
260;20210325;14;50;120;169;10193;55
260;20210325;15;50;129;157;10193;41
260;20210325;16;50;123;123;10193;41
260;20210325;17;40;119;64;10193;48
260;20210325;18;40;105;14;10194;57
260;20210325;19;20;85;0;10194;65
260;20210325;20;30;82;0;10196;65
260;20210325;21;30;81;0;10195;68
260;20210325;22;30;68;0;10193;73
260;20210325;23;30;67;0;10189;76
260;20210325;24;30;73;0;10186;74
260;20210326;1;30;70;0;10181;75
260;20210326;2;40;62;0;10176;78
260;20210326;3;30;59;0;10172;82
260;20210326;4;30;66;0;10169;89
260;20210326;5;30;71;0;10165;88
260;20210326;6;30;75;1;10162;86
260;20210326;7;40;81;14;10159;82
260;20210326;8;40;94;66;10160;77
260;20210326;9;60;112;145;10158;71
260;20210326;10;60;125;188;10155;62
260;20210326;11;70;131;198;10150;58
260;20210326;12;80;134;189;10144;56
260;20210326;13;80;132;175;10138;52
260;20210326;14;70;133;119;10132;55
260;20210326;15;60;126;72;10128;56
260;20210326;16;60;126;50;10121;54
260;20210326;17;60;124;41;10117;55
260;20210326;18;60;118;9;10113;57
260;20210326;19;50;106;0;10108;63
260;20210326;20;40;105;0;10101;64
260;20210326;21;50;97;0;10107;69
260;20210326;22;50;63;0;10115;86
260;20210326;23;40;59;0;10116;90
260;20210326;24;40;56;0;10115;88
260;20210327;1;40;55;0;10118;89
260;20210327;2;50;50;0;10120;86
260;20210327;3;50;54;0;10124;88
260;20210327;4;50;58;0;10128;85
260;20210327;5;50;62;0;10135;78
260;20210327;6;50;58;1;10145;70
260;20210327;7;50;62;27;10154;74
260;20210327;8;50;73;80;10162;68
260;20210327;9;60;65;72;10175;71
260;20210327;10;70;74;119;10188;57
260;20210327;11;70;75;109;10197;59
260;20210327;12;70;78;111;10209;59
260;20210327;13;70;84;161;10217;57
260;20210327;14;60;80;114;10227;57
260;20210327;15;70;85;116;10233;54
260;20210327;16;50;90;76;10237;50
260;20210327;17;50;87;54;10242;53
260;20210327;18;40;76;12;10246;56
260;20210327;19;30;63;0;10250;64
260;20210327;20;30;64;0;10252;68
260;20210327;21;30;64;0;10256;73
260;20210327;22;30;68;0;10256;78
260;20210327;23;30;70;0;10257;77
260;20210327;24;40;71;0;10253;77
260;20210328;1;40;71;0;10251;79
260;20210328;2;40;68;0;10246;81
260;20210328;3;40;67;0;10245;79
260;20210328;4;40;64;0;10244;81
260;20210328;5;40;63;0;10244;81
260;20210328;6;40;72;4;10241;78
260;20210328;7;40;78;26;10242;77
260;20210328;8;50;94;92;10243;73
260;20210328;9;60;106;86;10241;65
260;20210328;10;80;111;105;10244;61
260;20210328;11;80;108;74;10246;65
260;20210328;12;70;112;56;10247;63
260;20210328;13;80;115;49;10249;63
260;20210328;14;70;120;42;10244;62
260;20210328;15;70;123;86;10245;62
260;20210328;16;70;121;26;10248;64
260;20210328;17;60;118;18;10249;65
260;20210328;18;60;114;6;10251;66
260;20210328;19;60;108;0;10254;69
260;20210328;20;60;107;0;10257;68
260;20210328;21;60;103;0;10255;70
260;20210328;22;50;101;0;10256;71
260;20210328;23;40;94;0;10258;74
260;20210328;24;40;90;0;10254;77
260;20210329;1;50;89;0;10252;76
260;20210329;2;50;88;0;10252;76
260;20210329;3;40;89;0;10252;75
260;20210329;4;50;90;0;10253;74
260;20210329;5;50;91;0;10255;74
260;20210329;6;50;87;4;10260;77
260;20210329;7;50;94;27;10267;76
260;20210329;8;60;109;100;10271;73
260;20210329;9;60;118;155;10277;70
260;20210329;10;60;132;199;10282;67
260;20210329;11;60;143;230;10284;62
260;20210329;12;60;154;243;10285;56
260;20210329;13;60;166;238;10284;48
260;20210329;14;60;179;216;10282;43
260;20210329;15;60;181;177;10283;39
260;20210329;16;60;187;128;10282;34
260;20210329;17;60;179;70;10282;32
260;20210329;18;40;165;19;10284;40
260;20210329;19;30;148;0;10289;47
260;20210329;20;20;100;0;10294;68
260;20210329;21;20;107;0;10296;64
260;20210329;22;20;74;0;10296;79
260;20210329;23;30;78;0;10299;69
260;20210329;24;30;102;0;10301;59
260;20210330;1;20;45;0;10301;86
260;20210330;2;10;31;0;10299;93
260;20210330;3;10;26;0;10299;95
260;20210330;4;20;24;0;10301;94
260;20210330;5;20;20;0;10304;94
260;20210330;6;10;27;7;10308;95
260;20210330;7;20;78;53;10311;83
260;20210330;8;20;107;99;10313;71
260;20210330;9;20;138;164;10316;59
260;20210330;10;20;168;200;10316;48
260;20210330;11;20;184;234;10311;45
260;20210330;12;30;194;250;10304;41
260;20210330;13;30;199;243;10299;36
260;20210330;14;40;207;221;10291;37
260;20210330;15;40;208;180;10283;32
260;20210330;16;30;207;129;10276;33
260;20210330;17;20;204;69;10271;30
260;20210330;18;10;169;18;10271;41
260;20210330;19;10;118;0;10269;66
260;20210330;20;20;94;0;10267;78
260;20210330;21;20;81;0;10264;82
260;20210330;22;10;67;0;10259;90
260;20210330;23;10;55;0;10255;94
260;20210330;24;10;50;0;10251;93
260;20210331;1;10;47;0;10245;97
260;20210331;2;10;41;0;10238;96
260;20210331;3;10;38;0;10233;96
260;20210331;4;10;35;0;10231;96
260;20210331;5;10;33;0;10229;95
260;20210331;6;20;47;6;10225;90
260;20210331;7;20;104;48;10226;68
260;20210331;8;20;130;105;10224;57
260;20210331;9;20;154;157;10223;56
260;20210331;10;20;188;201;10219;50
260;20210331;11;20;212;231;10216;47
260;20210331;12;20;223;242;10210;38
260;20210331;13;30;229;236;10205;37
260;20210331;14;30;238;210;10202;34
260;20210331;15;30;232;170;10198;27
260;20210331;16;20;230;115;10196;30
260;20210331;17;30;208;48;10197;33
260;20210331;18;20;188;15;10197;39
260;20210331;19;20;143;0;10200;61
260;20210331;20;10;121;0;10200;71
260;20210331;21;10;127;0;10199;72
260;20210331;22;10;125;0;10199;72
260;20210331;23;10;113;0;10200;79
260;20210331;24;10;113;0;10198;80
260;20210401;1;10;112;0;10192;78
260;20210401;2;20;132;0;10199;64
260;20210401;3;10;98;0;10198;80
260;20210401;4;10;82;0;10196;89
260;20210401;5;20;83;0;10200;87
260;20210401;6;20;106;6;10207;74
260;20210401;7;30;109;38;10213;78
260;20210401;8;40;110;87;10219;75
260;20210401;9;50;115;142;10224;73
260;20210401;10;50;124;194;10228;63
260;20210401;11;60;122;226;10233;66
260;20210401;12;60;125;238;10237;64
260;20210401;13;60;120;224;10239;64
260;20210401;14;60;121;208;10241;59
260;20210401;15;60;112;180;10241;62
260;20210401;16;50;112;132;10242;61
260;20210401;17;50;100;72;10246;63
260;20210401;18;50;86;22;10249;70
260;20210401;19;40;74;0;10256;77
260;20210401;20;40;70;0;10261;78
260;20210401;21;40;60;0;10264;80
260;20210401;22;30;51;0;10267;82
260;20210401;23;30;46;0;10268;85
260;20210401;24;20;42;0;10268;88
260;20210402;1;20;39;0;10267;87
260;20210402;2;20;27;0;10266;92
260;20210402;3;20;18;0;10266;95
260;20210402;4;20;5;0;10265;98
260;20210402;5;10;5;0;10267;97
260;20210402;6;10;11;8;10268;98
260;20210402;7;20;44;35;10271;86
260;20210402;8;30;60;55;10275;70
260;20210402;9;40;64;70;10276;69
260;20210402;10;50;66;73;10276;68
260;20210402;11;50;72;101;10277;67
260;20210402;12;50;70;88;10276;65
260;20210402;13;50;72;56;10273;67
260;20210402;14;50;73;50;10270;68
260;20210402;15;50;75;47;10268;66
260;20210402;16;50;74;32;10268;63
260;20210402;17;40;73;18;10269;69
260;20210402;18;40;60;6;10269;83
260;20210402;19;30;64;0;10269;82
260;20210402;20;30;66;0;10269;80
260;20210402;21;40;56;0;10271;81
260;20210402;22;30;60;0;10271;83
260;20210402;23;50;59;0;10271;78
260;20210402;24;50;54;0;10270;75
260;20210403;1;30;56;0;10267;73
260;20210403;2;30;60;0;10265;71
260;20210403;3;40;63;0;10267;66
260;20210403;4;30;63;0;10267;72
260;20210403;5;30;60;0;10271;75
260;20210403;6;30;51;5;10277;83
260;20210403;7;40;63;33;10284;76
260;20210403;8;50;72;62;10288;70
260;20210403;9;40;83;132;10291;65
260;20210403;10;50;86;149;10293;64
260;20210403;11;50;90;165;10295;61
260;20210403;12;50;100;205;10293;63
260;20210403;13;50;97;227;10291;56
260;20210403;14;50;100;179;10289;55
260;20210403;15;50;90;129;10286;57
260;20210403;16;50;84;83;10285;59
260;20210403;17;50;73;28;10287;61
260;20210403;18;50;70;7;10286;65
260;20210403;19;50;64;0;10288;62
260;20210403;20;40;63;0;10288;63
260;20210403;21;40;62;0;10287;66
260;20210403;22;40;62;0;10286;68
260;20210403;23;40;62;0;10284;69
260;20210403;24;30;61;0;10281;70
260;20210404;1;20;60;0;10279;72
260;20210404;2;30;58;0;10276;71
260;20210404;3;20;57;0;10273;72
260;20210404;4;20;56;0;10270;74
260;20210404;5;20;54;0;10267;76
260;20210404;6;20;54;2;10268;75
260;20210404;7;20;55;10;10268;74
260;20210404;8;20;54;17;10267;78
260;20210404;9;20;60;32;10264;70
260;20210404;10;20;64;64;10262;69
260;20210404;11;30;68;63;10255;68
260;20210404;12;20;75;86;10246;65
260;20210404;13;30;78;110;10238;65
260;20210404;14;30;82;122;10228;66
260;20210404;15;40;91;125;10218;63
260;20210404;16;40;90;101;10208;62
260;20210404;17;40;78;55;10202;66
260;20210404;18;40;66;24;10193;71
260;20210404;19;40;57;0;10184;77
260;20210404;20;40;53;0;10171;79
260;20210404;21;50;49;0;10158;81
260;20210404;22;50;51;0;10141;82
260;20210404;23;50;55;0;10128;82
260;20210404;24;60;56;0;10114;84
260;20210405;1;50;55;0;10105;88
260;20210405;2;40;62;0;10094;89
260;20210405;3;50;82;0;10081;74
260;20210405;4;50;84;0;10071;74
260;20210405;5;60;85;0;10061;75
260;20210405;6;60;50;2;10072;85
260;20210405;7;60;36;11;10083;82
260;20210405;8;60;34;31;10091;76
260;20210405;9;70;34;59;10102;71
260;20210405;10;60;40;94;10107;56
260;20210405;11;70;43;171;10115;47
260;20210405;12;70;36;223;10122;58
260;20210405;13;70;38;179;10124;65
260;20210405;14;80;39;182;10128;62
260;20210405;15;70;42;129;10128;52
260;20210405;16;70;20;121;10140;73
260;20210405;17;50;32;61;10135;68
260;20210405;18;60;35;27;10132;60
260;20210405;19;60;17;1;10133;81
260;20210405;20;60;28;0;10124;83
260;20210405;21;60;31;0;10123;83
260;20210405;22;50;33;0;10127;82
260;20210405;23;60;34;0;10130;73
260;20210405;24;50;29;0;10134;79
260;20210406;1;40;33;0;10137;74
260;20210406;2;50;25;0;10133;75
260;20210406;3;40;12;0;10134;87
260;20210406;4;30;16;0;10132;82
260;20210406;5;40;15;0;10134;80
260;20210406;6;40;8;7;10133;91
260;20210406;7;30;22;37;10135;80
260;20210406;8;40;16;80;10134;85
260;20210406;9;40;37;150;10129;65
260;20210406;10;60;27;145;10131;74
260;20210406;11;50;50;199;10122;65
260;20210406;12;60;46;160;10120;65
260;20210406;13;50;41;128;10119;62
260;20210406;14;50;48;115;10116;57
260;20210406;15;60;44;93;10117;65
260;20210406;16;50;41;79;10116;67
260;20210406;17;60;19;59;10121;85
260;20210406;18;40;17;11;10124;76
260;20210406;19;40;11;0;10129;83
260;20210406;20;30;19;0;10134;74
260;20210406;21;30;15;0;10131;73
260;20210406;22;30;16;0;10134;76
260;20210406;23;40;6;0;10136;85
260;20210406;24;30;10;0;10140;89
260;20210407;1;30;10;0;10137;90
260;20210407;2;20;7;0;10135;94
260;20210407;3;30;12;0;10130;92
260;20210407;4;50;8;0;10126;93
260;20210407;5;50;5;0;10119;96
260;20210407;6;40;27;2;10122;96
260;20210407;7;60;46;34;10133;87
260;20210407;8;50;57;53;10144;82
260;20210407;9;60;61;59;10154;77
260;20210407;10;60;60;90;10163;73
260;20210407;11;70;63;114;10170;70
260;20210407;12;60;64;119;10176;63
260;20210407;13;70;47;124;10184;76
260;20210407;14;60;61;152;10186;61
260;20210407;15;70;35;82;10197;75
260;20210407;16;60;54;120;10195;69
260;20210407;17;60;33;65;10200;80
260;20210407;18;50;22;22;10205;87
260;20210407;19;30;24;1;10208;84
260;20210407;20;30;24;0;10212;82
260;20210407;21;20;21;0;10214;84
260;20210407;22;20;23;0;10220;78
260;20210407;23;20;19;0;10222;84
260;20210407;24;20;25;0;10225;77
260;20210408;1;30;23;0;10227;78
260;20210408;2;20;23;0;10229;82
260;20210408;3;20;23;0;10227;82
260;20210408;4;10;24;0;10228;79
260;20210408;5;20;12;0;10228;86
260;20210408;6;20;28;15;10230;72
260;20210408;7;30;38;38;10233;63
260;20210408;8;30;56;100;10233;57
260;20210408;9;40;59;71;10233;56
260;20210408;10;50;60;77;10232;52
260;20210408;11;60;68;122;10230;50
260;20210408;12;60;72;132;10226;55
260;20210408;13;60;80;186;10220;52
260;20210408;14;70;85;192;10215;50
260;20210408;15;60;88;126;10209;50
260;20210408;16;60;83;95;10204;50
260;20210408;17;50;86;52;10198;51
260;20210408;18;40;80;20;10193;54
260;20210408;19;30;67;1;10188;61
260;20210408;20;30;61;0;10185;63
260;20210408;21;40;54;0;10180;64
260;20210408;22;40;49;0;10172;68
260;20210408;23;30;45;0;10165;70
260;20210408;24;30;45;0;10157;72
260;20210409;1;40;49;0;10153;66
260;20210409;2;40;49;0;10146;68
260;20210409;3;40;51;0;10141;68
260;20210409;4;40;51;0;10137;69
260;20210409;5;40;51;0;10133;71
260;20210409;6;40;52;13;10133;73
260;20210409;7;50;62;51;10133;75
260;20210409;8;50;73;84;10133;74
260;20210409;9;50;88;132;10134;72
260;20210409;10;50;95;177;10135;70
260;20210409;11;50;109;175;10133;65
260;20210409;12;40;101;92;10131;64
260;20210409;13;40;107;91;10131;60
260;20210409;14;50;119;168;10128;54
260;20210409;15;50;116;140;10128;52
260;20210409;16;50;117;132;10126;50
260;20210409;17;40;110;84;10126;65
260;20210409;18;30;89;29;10126;75
260;20210409;19;20;83;1;10130;76
260;20210409;20;20;76;0;10128;78
260;20210409;21;30;63;0;10129;87
260;20210409;22;30;58;0;10129;87
260;20210409;23;30;56;0;10132;86
260;20210409;24;30;51;0;10133;88
260;20210410;1;20;50;0;10132;87
260;20210410;2;20;52;0;10132;86
260;20210410;3;30;52;0;10134;85
260;20210410;4;30;51;0;10136;86
260;20210410;5;30;50;0;10138;86
260;20210410;6;30;50;8;10141;86
260;20210410;7;40;55;34;10144;81
260;20210410;8;40;66;72;10145;76
260;20210410;9;50;74;92;10146;72
260;20210410;10;50;76;67;10147;70
260;20210410;11;50;70;52;10143;77
260;20210410;12;50;71;67;10135;76
260;20210410;13;50;67;62;10130;80
260;20210410;14;50;61;29;10125;84
260;20210410;15;40;56;14;10121;89
260;20210410;16;50;51;14;10113;90
260;20210410;17;60;44;10;10109;92
260;20210410;18;60;40;4;10105;91
260;20210410;19;60;35;0;10102;92
260;20210410;20;60;33;0;10100;91
260;20210410;21;50;27;0;10097;93
260;20210410;22;60;24;0;10095;94
260;20210410;23;50;22;0;10096;94
260;20210410;24;50;24;0;10094;94
260;20210411;1;50;28;0;10094;94
260;20210411;2;50;30;0;10090;94
260;20210411;3;50;30;0;10095;93
260;20210411;4;50;31;0;10098;93
260;20210411;5;50;34;0;10102;90
260;20210411;6;50;36;4;10109;89
260;20210411;7;40;38;8;10117;87
260;20210411;8;50;41;24;10124;82
260;20210411;9;50;50;69;10130;79
260;20210411;10;60;57;102;10136;72
260;20210411;11;60;59;114;10141;71
260;20210411;12;50;68;140;10147;64
260;20210411;13;50;67;165;10155;59
260;20210411;14;50;71;145;10160;62
260;20210411;15;40;70;108;10165;61
260;20210411;16;40;71;100;10170;55
260;20210411;17;40;62;63;10177;57
260;20210411;18;40;56;41;10186;59
260;20210411;19;30;41;2;10197;71
260;20210411;20;20;31;0;10204;77
260;20210411;21;20;20;0;10208;84
260;20210411;22;10;17;0;10213;88
260;20210411;23;10;0;0;10219;94
260;20210411;24;20;5;0;10224;92
260;20210412;1;20;-2;0;10227;94
260;20210412;2;20;-4;0;10232;95
260;20210412;3;20;10;0;10235;88
260;20210412;4;20;14;0;10238;88
260;20210412;5;20;-3;0;10242;94
260;20210412;6;10;19;18;10249;85
260;20210412;7;30;21;77;10259;83
260;20210412;8;20;35;68;10260;82
260;20210412;9;40;26;94;10270;85
260;20210412;10;40;37;96;10271;91
260;20210412;11;40;60;259;10269;73
260;20210412;12;40;62;219;10273;65
260;20210412;13;50;68;230;10276;53
260;20210412;14;50;79;172;10277;56
260;20210412;15;60;77;196;10278;52
260;20210412;16;50;50;119;10286;70
260;20210412;17;40;61;82;10288;61
260;20210412;18;40;56;30;10289;54
260;20210412;19;30;45;3;10296;62
260;20210412;20;20;34;0;10299;77
260;20210412;21;10;23;0;10302;84
260;20210412;22;20;23;0;10305;86
260;20210412;23;20;19;0;10306;87
260;20210412;24;20;23;0;10309;85
260;20210413;1;20;13;0;10310;89
260;20210413;2;20;4;0;10310;93
260;20210413;3;20;-15;0;10314;97
260;20210413;4;10;-21;0;10315;97
260;20210413;5;10;-22;0;10319;96
260;20210413;6;10;8;22;10324;85
260;20210413;7;20;48;68;10330;72
260;20210413;8;30;67;121;10332;64
260;20210413;9;30;76;187;10333;57
260;20210413;10;30;82;209;10332;52
260;20210413;11;30;86;217;10329;44
260;20210413;12;40;84;159;10327;45
260;20210413;13;30;89;138;10327;44
260;20210413;14;30;87;113;10324;44
260;20210413;15;30;85;99;10322;42
260;20210413;16;40;83;51;10320;42
260;20210413;17;30;88;70;10322;41
260;20210413;18;20;77;45;10321;42
260;20210413;19;20;53;3;10324;56
260;20210413;20;20;22;0;10327;75
260;20210413;21;0;4;0;10326;92
260;20210413;22;10;5;0;10325;86
260;20210413;23;10;-2;0;10321;93
260;20210413;24;0;-3;0;10320;94
260;20210414;1;10;-5;0;10317;95
260;20210414;2;10;2;0;10316;92
260;20210414;3;10;3;0;10314;93
260;20210414;4;10;3;0;10311;93
260;20210414;5;10;8;1;10313;88
260;20210414;6;10;13;18;10317;88
260;20210414;7;20;30;21;10324;83
260;20210414;8;30;39;69;10323;84
260;20210414;9;20;55;122;10323;77
260;20210414;10;10;59;103;10322;68
260;20210414;11;10;79;126;10318;60
260;20210414;12;30;82;204;10313;43
260;20210414;13;30;92;168;10310;49
260;20210414;14;50;89;155;10308;48
260;20210414;15;50;77;114;10308;48
260;20210414;16;50;83;135;10305;47
260;20210414;17;50;74;121;10305;61
260;20210414;18;50;65;50;10307;61
260;20210414;19;40;55;4;10311;68
260;20210414;20;30;48;0;10314;72
260;20210414;21;30;42;0;10315;76
260;20210414;22;20;36;0;10316;78
260;20210414;23;20;12;0;10315;90
260;20210414;24;20;33;0;10315;82
260;20210415;1;20;21;0;10309;96
260;20210415;2;10;14;0;10308;97
260;20210415;3;10;11;0;10306;96
260;20210415;4;10;10;0;10305;98
260;20210415;5;10;8;1;10308;96
260;20210415;6;10;19;17;10311;98
260;20210415;7;10;49;79;10313;79
260;20210415;8;30;51;114;10317;78
260;20210415;9;40;59;120;10318;74
260;20210415;10;50;68;197;10319;67
260;20210415;11;40;76;238;10318;60
260;20210415;12;40;80;183;10314;55
260;20210415;13;30;77;73;10313;56
260;20210415;14;20;95;157;10308;45
260;20210415;15;20;86;77;10305;46
260;20210415;16;40;85;51;10304;53
260;20210415;17;30;83;40;10302;50
260;20210415;18;30;81;34;10301;55
260;20210415;19;30;71;3;10305;57
260;20210415;20;20;62;0;10307;63
260;20210415;21;30;55;0;10308;58
260;20210415;22;30;43;0;10309;60
260;20210415;23;30;36;0;10309;65
260;20210415;24;30;27;0;10307;71
260;20210416;1;20;21;0;10302;75
260;20210416;2;20;-5;0;10301;89
260;20210416;3;20;-13;0;10299;94
260;20210416;4;20;-17;0;10299;93
260;20210416;5;20;-15;1;10300;94
260;20210416;6;20;1;15;10300;97
260;20210416;7;20;58;81;10301;67
260;20210416;8;40;77;140;10300;59
260;20210416;9;30;88;192;10298;54
260;20210416;10;40;101;234;10295;47
260;20210416;11;40;102;257;10291;45
260;20210416;12;40;110;230;10286;44
260;20210416;13;40;116;227;10283;44
260;20210416;14;40;108;205;10280;44
260;20210416;15;50;113;183;10275;44
260;20210416;16;60;113;152;10274;45
260;20210416;17;60;105;96;10275;53
260;20210416;18;50;97;41;10275;58
260;20210416;19;40;86;5;10280;61
260;20210416;20;40;78;0;10283;60
260;20210416;21;30;69;0;10283;62
260;20210416;22;30;59;0;10286;67
260;20210416;23;30;53;0;10286;71
260;20210416;24;30;46;0;10286;75
260;20210417;1;30;39;0;10283;77
260;20210417;2;20;28;0;10282;81
260;20210417;3;20;21;0;10280;86
260;20210417;4;20;9;0;10280;93
260;20210417;5;20;1;1;10280;95
260;20210417;6;20;33;26;10280;91
260;20210417;7;20;63;82;10280;74
260;20210417;8;30;88;142;10278;61
260;20210417;9;40;96;217;10276;55
260;20210417;10;50;109;257;10273;49
260;20210417;11;50;112;269;10266;45
260;20210417;12;40;117;262;10261;47
260;20210417;13;50;110;218;10259;50
260;20210417;14;40;114;206;10254;49
260;20210417;15;40;113;180;10249;49
260;20210417;16;50;112;151;10247;49
260;20210417;17;50;102;85;10246;51
260;20210417;18;40;92;34;10247;58
260;20210417;19;30;80;3;10248;62
260;20210417;20;30;70;0;10249;72
260;20210417;21;20;59;0;10248;83
260;20210417;22;20;51;0;10247;90
260;20210417;23;20;46;0;10245;87
260;20210417;24;20;43;0;10244;89
260;20210418;1;20;33;0;10239;93
260;20210418;2;20;16;0;10237;97
260;20210418;3;10;4;0;10236;99
260;20210418;4;10;1;0;10235;99
260;20210418;5;0;13;1;10236;98
260;20210418;6;10;39;15;10238;98
260;20210418;7;10;50;40;10238;99
260;20210418;8;20;55;66;10236;97
260;20210418;9;20;81;149;10238;82
260;20210418;10;20;104;235;10235;66
260;20210418;11;20;122;264;10232;57
260;20210418;12;30;132;274;10228;51
260;20210418;13;40;142;287;10225;47
260;20210418;14;40;152;234;10224;44
260;20210418;15;30;151;187;10219;44
260;20210418;16;30;149;154;10218;46
260;20210418;17;30;144;93;10218;54
260;20210418;18;30;130;40;10221;61
260;20210418;19;20;110;5;10225;68
260;20210418;20;20;88;0;10225;77
260;20210418;21;20;83;0;10224;79
260;20210418;22;30;82;0;10223;76
260;20210418;23;20;73;0;10222;81
260;20210418;24;20;64;0;10218;86
260;20210419;1;20;63;0;10215;91
260;20210419;2;20;47;0;10212;94
260;20210419;3;20;51;0;10210;97
260;20210419;4;20;52;0;10209;98
260;20210419;5;20;52;1;10208;97
260;20210419;6;20;59;8;10208;99
260;20210419;7;20;67;19;10208;98
260;20210419;8;20;80;68;10207;92
260;20210419;9;20;101;120;10207;82
260;20210419;10;20;117;153;10207;78
260;20210419;11;30;123;154;10205;66
260;20210419;12;40;130;139;10203;64
260;20210419;13;30;138;209;10199;59
260;20210419;14;30;135;76;10197;60
260;20210419;15;30;130;90;10196;68
260;20210419;16;30;132;120;10195;66
260;20210419;17;20;130;87;10195;62
260;20210419;18;10;126;23;10194;63
260;20210419;19;10;100;4;10195;81
260;20210419;20;0;74;0;10195;94
260;20210419;21;10;62;0;10195;96
260;20210419;22;10;57;0;10195;97
260;20210419;23;10;49;0;10195;98
260;20210419;24;10;46;0;10192;96
260;20210420;1;10;53;0;10188;98
260;20210420;2;10;56;0;10186;96
260;20210420;3;10;42;0;10185;99
260;20210420;4;10;31;0;10183;99
260;20210420;5;10;29;2;10183;98
260;20210420;6;10;60;29;10185;93
260;20210420;7;10;99;84;10185;72
260;20210420;8;10;126;141;10184;60
260;20210420;9;10;146;194;10183;53
260;20210420;10;20;158;241;10182;46
260;20210420;11;10;156;139;10178;47
260;20210420;12;20;169;202;10174;43
260;20210420;13;20;163;142;10172;47
260;20210420;14;20;163;98;10169;46
260;20210420;15;20;165;150;10166;47
260;20210420;16;30;160;60;10166;47
260;20210420;17;20;158;40;10165;48
260;20210420;18;20;149;33;10164;53
260;20210420;19;30;127;5;10170;64
260;20210420;20;20;105;0;10173;74
260;20210420;21;20;97;0;10173;74
260;20210420;22;20;73;0;10172;85
260;20210420;23;20;73;0;10173;84
260;20210420;24;20;51;0;10171;93
260;20210421;1;10;42;0;10169;96
260;20210421;2;10;37;0;10168;98
260;20210421;3;20;53;0;10170;97
260;20210421;4;20;58;0;10169;96
260;20210421;5;20;59;3;10172;96
260;20210421;6;30;76;31;10175;90
260;20210421;7;30;93;74;10179;81
260;20210421;8;40;113;133;10183;72
260;20210421;9;50;120;188;10189;68
260;20210421;10;60;112;198;10194;73
260;20210421;11;60;108;135;10197;72
260;20210421;12;60;120;197;10198;61
260;20210421;13;60;124;232;10197;58
260;20210421;14;50;122;240;10199;54
260;20210421;15;60;112;214;10203;55
260;20210421;16;60;106;165;10206;52
260;20210421;17;70;95;110;10211;54
260;20210421;18;60;85;51;10216;58
260;20210421;19;50;73;5;10222;63
260;20210421;20;40;65;0;10229;63
260;20210421;21;30;59;0;10233;66
260;20210421;22;30;51;0;10236;68
260;20210421;23;20;38;0;10241;75
260;20210421;24;20;34;0;10243;79
260;20210422;1;10;42;0;10246;77
260;20210422;2;10;31;0;10248;83
260;20210422;3;10;34;0;10250;84
260;20210422;4;20;50;0;10251;72
260;20210422;5;20;51;2;10252;71
260;20210422;6;20;62;22;10259;64
260;20210422;7;30;68;48;10263;59
260;20210422;8;40;81;87;10267;57
260;20210422;9;40;80;113;10270;56
260;20210422;10;40;88;156;10270;53
260;20210422;11;40;100;257;10271;48
260;20210422;12;40;105;278;10270;50
260;20210422;13;40;110;267;10270;49
260;20210422;14;40;110;261;10269;48
260;20210422;15;40;107;205;10271;52
260;20210422;16;40;105;166;10272;51
260;20210422;17;50;96;105;10274;56
260;20210422;18;40;85;50;10275;60
260;20210422;19;40;74;8;10281;64
260;20210422;20;30;65;0;10284;68
260;20210422;21;10;35;0;10285;84
260;20210422;22;10;21;0;10286;94
260;20210422;23;10;10;0;10288;95
260;20210422;24;10;6;0;10288;98
260;20210423;1;10;-1;0;10289;98
260;20210423;2;0;-5;0;10289;99
260;20210423;3;10;-11;0;10291;99
260;20210423;4;10;-12;0;10293;98
260;20210423;5;10;-9;4;10299;97
260;20210423;6;10;32;42;10303;85
260;20210423;7;20;67;103;10305;69
260;20210423;8;30;75;145;10306;66
260;20210423;9;30;89;198;10305;60
260;20210423;10;30;107;250;10304;57
260;20210423;11;30;111;279;10303;53
260;20210423;12;40;120;290;10300;49
260;20210423;13;40;124;283;10297;50
260;20210423;14;40;127;258;10294;45
260;20210423;15;40;129;221;10291;43
260;20210423;16;40;127;170;10287;42
260;20210423;17;50;118;111;10286;50
260;20210423;18;40;108;52;10286;57
260;20210423;19;40;91;6;10289;64
260;20210423;20;40;80;0;10294;70
260;20210423;21;30;73;0;10292;76
260;20210423;22;30;66;0;10291;80
260;20210423;23;30;51;0;10291;84
260;20210423;24;20;45;0;10292;87
260;20210424;1;10;22;0;10290;94
260;20210424;2;10;33;0;10289;92
260;20210424;3;10;15;0;10289;98
260;20210424;4;10;7;0;10289;97
260;20210424;5;10;8;4;10289;97
260;20210424;6;10;41;36;10291;83
260;20210424;7;20;71;86;10292;68
260;20210424;8;40;86;151;10292;60
260;20210424;9;40;97;192;10291;59
260;20210424;10;40;108;218;10288;54
260;20210424;11;40;117;240;10283;49
260;20210424;12;40;112;203;10281;55
260;20210424;13;50;112;144;10281;55
260;20210424;14;50;118;128;10277;50
260;20210424;15;40;130;167;10271;41
260;20210424;16;60;127;158;10268;40
260;20210424;17;60;110;85;10271;39
260;20210424;18;50;106;48;10272;44
260;20210424;19;50;92;13;10273;48
260;20210424;20;40;79;0;10278;52
260;20210424;21;40;66;0;10282;60
260;20210424;22;40;59;0;10283;72
260;20210424;23;30;50;0;10283;77
260;20210424;24;20;54;0;10282;76
260;20210425;1;10;48;0;10282;79
260;20210425;2;20;54;0;10282;75
260;20210425;3;20;56;0;10280;73
260;20210425;4;20;59;0;10279;66
260;20210425;5;40;55;2;10280;64
260;20210425;6;30;56;12;10283;64
260;20210425;7;40;61;30;10286;63
260;20210425;8;40;65;59;10289;61
260;20210425;9;50;72;88;10288;62
260;20210425;10;50;78;104;10287;59
260;20210425;11;40;83;134;10283;58
260;20210425;12;40;88;179;10279;55
260;20210425;13;40;93;194;10280;53
260;20210425;14;40;98;269;10276;51
260;20210425;15;40;106;216;10270;50
260;20210425;16;40;98;171;10267;51
260;20210425;17;40;93;115;10265;52
260;20210425;18;50;86;56;10262;57
260;20210425;19;40;75;11;10262;63
260;20210425;20;30;67;0;10262;67
260;20210425;21;30;62;0;10260;70
260;20210425;22;40;54;0;10258;71
260;20210425;23;30;46;0;10257;75
260;20210425;24;30;39;0;10257;79
260;20210426;1;30;33;0;10251;82
260;20210426;2;30;29;0;10247;84
260;20210426;3;20;25;0;10242;86
260;20210426;4;30;22;0;10236;88
260;20210426;5;20;23;6;10234;88
260;20210426;6;20;42;45;10234;77
260;20210426;7;40;61;104;10232;67
260;20210426;8;40;76;164;10230;60
260;20210426;9;40;90;218;10225;55
260;20210426;10;30;102;258;10220;52
260;20210426;11;30;110;283;10213;44
260;20210426;12;30;116;296;10206;45
260;20210426;13;30;121;291;10198;45
260;20210426;14;40;118;267;10192;43
260;20210426;15;50;116;229;10183;44
260;20210426;16;50;113;170;10176;46
260;20210426;17;50;108;113;10168;50
260;20210426;18;50;97;44;10165;56
260;20210426;19;50;83;9;10165;62
260;20210426;20;40;74;0;10167;63
260;20210426;21;40;63;0;10165;67
260;20210426;22;40;53;0;10161;70
260;20210426;23;40;45;0;10156;72
260;20210426;24;40;38;0;10150;74
260;20210427;1;20;30;0;10143;77
260;20210427;2;30;27;0;10138;77
260;20210427;3;20;21;0;10133;79
260;20210427;4;20;13;0;10130;83
260;20210427;5;20;16;7;10128;82
260;20210427;6;20;43;51;10127;73
260;20210427;7;20;61;77;10126;64
260;20210427;8;20;85;104;10123;55
260;20210427;9;30;111;187;10120;46
260;20210427;10;30;131;256;10114;37
260;20210427;11;50;137;283;10108;37
260;20210427;12;50;140;294;10104;35
260;20210427;13;40;149;287;10098;35
260;20210427;14;40;152;261;10093;33
260;20210427;15;30;152;223;10086;31
260;20210427;16;40;147;173;10085;30
260;20210427;17;40;142;115;10083;32
260;20210427;18;40;131;57;10082;31
260;20210427;19;40;111;9;10081;37
260;20210427;20;30;97;0;10085;40
260;20210427;21;30;88;0;10085;42
260;20210427;22;30;77;0;10085;45
260;20210427;23;30;74;0;10082;47
260;20210427;24;30;66;0;10079;50
260;20210428;1;30;61;0;10074;54
260;20210428;2;40;58;0;10070;54
260;20210428;3;40;51;0;10066;57
260;20210428;4;40;43;0;10064;59
260;20210428;5;30;44;7;10063;59
260;20210428;6;30;57;46;10062;57
260;20210428;7;20;72;83;10062;52
260;20210428;8;20;96;143;10060;49
260;20210428;9;30;121;231;10057;42
260;20210428;10;40;128;192;10052;41
260;20210428;11;40;141;163;10047;39
260;20210428;12;40;165;264;10042;34
260;20210428;13;30;172;226;10038;38
260;20210428;14;30;165;164;10035;37
260;20210428;15;40;157;62;10032;37
260;20210428;16;60;160;84;10032;36
260;20210428;17;60;147;98;10026;43
260;20210428;18;60;131;23;10025;53
260;20210428;19;60;122;3;10027;53
260;20210428;20;50;115;0;10032;53
260;20210428;21;50;103;0;10028;57
260;20210428;22;50;96;0;10024;61
260;20210428;23;40;95;0;10024;59
260;20210428;24;30;85;0;10020;66
260;20210429;1;30;90;0;10018;65
260;20210429;2;40;91;0;10016;69
260;20210429;3;30;91;0;10018;75
260;20210429;4;30;78;0;10019;92
260;20210429;5;40;76;2;10017;94
260;20210429;6;40;75;5;10016;91
260;20210429;7;40;79;15;10018;89
260;20210429;8;30;80;17;10024;84
260;20210429;9;30;77;11;10030;83
260;20210429;10;40;72;9;10038;81
260;20210429;11;50;65;14;10046;85
260;20210429;12;50;69;42;10053;90
260;20210429;13;50;73;65;10063;78
260;20210429;14;60;75;59;10068;75
260;20210429;15;60;72;35;10074;76
260;20210429;16;50;87;33;10076;72
260;20210429;17;60;84;18;10083;74
260;20210429;18;60;81;9;10089;75
260;20210429;19;50;74;3;10095;85
260;20210429;20;40;73;0;10101;86
260;20210429;21;40;72;0;10105;88
260;20210429;22;30;72;0;10109;89
260;20210429;23;30;72;0;10114;89
260;20210429;24;20;71;0;10113;91
260;20210430;1;20;71;0;10113;92
260;20210430;2;20;72;0;10116;92
260;20210430;3;10;71;0;10118;95
260;20210430;4;20;72;0;10118;94
260;20210430;5;10;73;0;10121;96
260;20210430;6;20;74;3;10124;96
260;20210430;7;30;73;12;10126;95
260;20210430;8;20;76;19;10129;93
260;20210430;9;10;76;20;10131;93
260;20210430;10;20;76;20;10133;93
260;20210430;11;10;85;42;10133;93
260;20210430;12;20;86;83;10132;89
260;20210430;13;20;96;84;10133;87
260;20210430;14;30;98;189;10130;76
260;20210430;15;30;96;114;10131;75
260;20210430;16;40;94;109;10130;78
260;20210430;17;30;87;29;10131;81
260;20210430;18;30;85;30;10134;80
260;20210430;19;20;80;9;10137;78
260;20210430;20;10;74;0;10141;84
260;20210430;21;10;58;0;10142;91
260;20210430;22;20;63;0;10142;87
260;20210430;23;20;63;0;10144;89
260;20210430;24;20;66;0;10145;88
260;20210501;1;20;62;0;10142;89
260;20210501;2;20;47;0;10140;93
260;20210501;3;10;38;0;10137;96
260;20210501;4;10;22;0;10135;96
260;20210501;5;20;38;7;10137;96
260;20210501;6;20;62;49;10139;87
260;20210501;7;20;81;105;10141;79
260;20210501;8;30;87;123;10140;71
260;20210501;9;30;86;96;10141;68
260;20210501;10;40;100;169;10138;60
260;20210501;11;40;109;215;10139;51
260;20210501;12;40;115;257;10139;55
260;20210501;13;40;110;253;10137;52
260;20210501;14;40;112;209;10136;53
260;20210501;15;40;118;219;10135;52
260;20210501;16;50;103;134;10136;56
260;20210501;17;40;99;100;10138;57
260;20210501;18;40;89;51;10142;68
260;20210501;19;30;79;13;10147;75
260;20210501;20;20;68;0;10150;82
260;20210501;21;20;59;0;10150;86
260;20210501;22;20;59;0;10151;88
260;20210501;23;20;56;0;10154;88
260;20210501;24;20;55;0;10158;85
260;20210502;1;20;49;0;10159;85
260;20210502;2;20;34;0;10161;88
260;20210502;3;20;25;0;10163;94
260;20210502;4;20;30;0;10167;94
260;20210502;5;20;45;8;10172;86
260;20210502;6;20;69;53;10177;73
260;20210502;7;30;77;109;10180;67
260;20210502;8;30;83;99;10184;65
260;20210502;9;40;71;157;10188;68
260;20210502;10;40;90;122;10188;61
260;20210502;11;40;83;127;10189;65
260;20210502;12;50;101;219;10191;53
260;20210502;13;50;93;167;10192;56
260;20210502;14;50;97;152;10195;58
260;20210502;15;50;98;192;10196;55
260;20210502;16;50;103;131;10197;53
260;20210502;17;40;87;84;10198;53
260;20210502;18;30;83;30;10199;58
260;20210502;19;30;75;13;10204;64
260;20210502;20;20;65;0;10208;72
260;20210502;21;20;57;0;10211;77
260;20210502;22;20;52;0;10212;80
260;20210502;23;20;32;0;10211;90
260;20210502;24;10;29;0;10209;95
260;20210503;1;20;25;0;10206;95
260;20210503;2;20;14;0;10203;97
260;20210503;3;20;25;0;10199;94
260;20210503;4;20;50;0;10197;82
260;20210503;5;30;57;2;10195;79
260;20210503;6;40;62;19;10195;74
260;20210503;7;40;71;46;10195;73
260;20210503;8;50;92;108;10193;76
260;20210503;9;50;104;166;10190;72
260;20210503;10;60;117;181;10185;66
260;20210503;11;60;122;194;10177;56
260;20210503;12;60;129;174;10172;56
260;20210503;13;60;131;155;10165;49
260;20210503;14;60;133;144;10156;46
260;20210503;15;60;133;134;10143;43
260;20210503;16;60;136;89;10133;41
260;20210503;17;60;132;55;10117;41
260;20210503;18;40;125;21;10105;47
260;20210503;19;40;123;6;10091;47
260;20210503;20;40;121;0;10074;50
260;20210503;21;50;120;0;10053;52
260;20210503;22;60;121;0;10034;50
260;20210503;23;70;124;0;10015;47
260;20210503;24;90;109;0;10000;63
260;20210504;1;80;93;0;9987;78
260;20210504;2;80;86;0;9970;86
260;20210504;3;80;84;0;9956;88
260;20210504;4;90;89;0;9944;83
260;20210504;5;90;88;2;9939;88
260;20210504;6;90;93;31;9934;77
260;20210504;7;90;100;41;9933;79
260;20210504;8;80;103;50;9933;80
260;20210504;9;80;96;63;9932;82
260;20210504;10;100;98;105;9941;72
260;20210504;11;100;101;85;9952;64
260;20210504;12;100;106;96;9956;60
260;20210504;13;90;103;53;9962;65
260;20210504;14;100;104;77;9966;63
260;20210504;15;80;89;66;9980;78
260;20210504;16;80;98;71;9984;68
260;20210504;17;80;101;74;9986;66
260;20210504;18;60;96;37;9988;67
260;20210504;19;60;79;11;9991;78
260;20210504;20;50;81;0;9999;77
260;20210504;21;50;64;0;9999;88
260;20210504;22;40;67;0;10000;87
260;20210504;23;50;65;0;9999;82
260;20210504;24;50;64;0;9999;83
260;20210505;1;50;54;0;10001;89
260;20210505;2;40;56;0;10000;91
260;20210505;3;40;58;0;10000;86
260;20210505;4;40;53;0;10001;84
260;20210505;5;40;59;5;10006;83
260;20210505;6;50;61;38;10011;80
260;20210505;7;50;69;82;10018;78
260;20210505;8;60;68;58;10024;78
260;20210505;9;60;80;149;10032;76
260;20210505;10;60;82;162;10041;81
260;20210505;11;70;88;156;10053;64
260;20210505;12;70;93;203;10063;68
260;20210505;13;70;92;282;10074;67
260;20210505;14;70;98;179;10082;57
260;20210505;15;70;89;194;10087;53
260;20210505;16;60;96;148;10089;54
260;20210505;17;50;87;119;10090;57
260;20210505;18;40;84;62;10091;58
260;20210505;19;30;73;9;10089;60
260;20210505;20;20;63;0;10092;66
260;20210505;21;10;64;0;10092;71
260;20210505;22;30;53;0;10092;81
260;20210505;23;20;45;0;10086;90
260;20210505;24;20;44;0;10081;92
260;20210506;1;30;44;0;10078;93
260;20210506;2;20;39;0;10076;94
260;20210506;3;20;31;0;10073;96
260;20210506;4;20;27;0;10068;97
260;20210506;5;20;38;15;10069;95
260;20210506;6;10;46;40;10069;95
260;20210506;7;20;70;105;10070;82
260;20210506;8;30;79;105;10068;78
260;20210506;9;30;92;143;10064;67
260;20210506;10;30;68;100;10065;69
260;20210506;11;30;57;43;10064;84
260;20210506;12;10;68;71;10061;78
260;20210506;13;20;73;74;10054;76
260;20210506;14;20;97;201;10049;70
260;20210506;15;20;100;179;10045;60
260;20210506;16;20;87;56;10046;65
260;20210506;17;30;60;13;10052;83
260;20210506;18;20;61;22;10052;89
260;20210506;19;20;65;16;10058;84
260;20210506;20;20;63;0;10066;70
260;20210506;21;20;49;0;10069;82
260;20210506;22;10;39;0;10072;90
260;20210506;23;10;29;0;10077;93
260;20210506;24;20;26;0;10079;93
260;20210507;1;10;10;0;10081;98
260;20210507;2;10;14;0;10082;98
260;20210507;3;10;35;0;10089;91
260;20210507;4;30;27;0;10090;89
260;20210507;5;10;24;7;10105;95
260;20210507;6;10;43;59;10115;89
260;20210507;7;20;55;118;10121;84
260;20210507;8;20;77;176;10129;74
260;20210507;9;40;92;193;10137;67
260;20210507;10;40;91;153;10146;58
260;20210507;11;50;111;251;10152;54
260;20210507;12;50;106;215;10158;51
260;20210507;13;50;115;196;10162;54
260;20210507;14;50;113;227;10168;52
260;20210507;15;50;107;151;10172;58
260;20210507;16;50;105;154;10174;52
260;20210507;17;40;105;117;10175;54
260;20210507;18;40;96;78;10178;58
260;20210507;19;30;83;21;10181;63
260;20210507;20;20;59;0;10184;80
260;20210507;21;10;38;0;10184;92
260;20210507;22;0;29;0;10184;96
260;20210507;23;10;16;0;10182;98
260;20210507;24;10;13;0;10178;98
260;20210508;1;20;17;0;10172;98
260;20210508;2;20;18;0;10168;97
260;20210508;3;30;27;0;10163;93
260;20210508;4;30;34;0;10158;88
260;20210508;5;30;48;12;10155;81
260;20210508;6;30;66;44;10152;73
260;20210508;7;40;79;47;10146;70
260;20210508;8;40;90;67;10141;68
260;20210508;9;40;104;78;10137;66
260;20210508;10;40;118;100;10128;61
260;20210508;11;60;112;92;10123;70
260;20210508;12;50;98;49;10108;84
260;20210508;13;60;101;44;10098;84
260;20210508;14;60;99;36;10086;89
260;20210508;15;50;108;20;10080;88
260;20210508;16;40;133;41;10071;77
260;20210508;17;40;153;42;10065;74
260;20210508;18;50;161;41;10063;72
260;20210508;19;50;163;11;10062;71
260;20210508;20;50;161;0;10062;72
260;20210508;21;50;159;0;10062;72
260;20210508;22;40;158;0;10061;72
260;20210508;23;40;150;0;10060;74
260;20210508;24;40;142;0;10055;76
260;20210509;1;40;134;0;10048;78
260;20210509;2;40;131;0;10043;79
260;20210509;3;30;126;0;10040;80
260;20210509;4;30;116;0;10037;83
260;20210509;5;30;122;23;10037;82
260;20210509;6;30;135;49;10033;80
260;20210509;7;40;151;76;10028;75
260;20210509;8;40;186;167;10018;62
260;20210509;9;40;192;161;10019;63
260;20210509;10;50;215;260;10008;59
260;20210509;11;60;222;202;10004;56
260;20210509;12;50;209;71;10010;63
260;20210509;13;50;211;120;9993;66
260;20210509;14;50;239;252;9992;58
260;20210509;15;70;246;214;9989;50
260;20210509;16;60;243;114;9991;52
260;20210509;17;40;239;89;9993;50
260;20210509;18;30;228;22;9990;54
260;20210509;19;20;206;10;9987;65
260;20210509;20;20;192;0;9995;72
260;20210509;21;40;179;0;10003;73
260;20210509;22;20;169;0;9997;79
260;20210509;23;20;170;0;9997;80
260;20210509;24;20;169;0;9996;82
260;20210510;1;30;160;0;9990;86
260;20210510;2;20;157;0;9985;89
260;20210510;3;30;151;0;9974;88
260;20210510;4;20;158;0;9971;82
260;20210510;5;50;185;3;9980;61
260;20210510;6;80;160;18;10002;78
260;20210510;7;70;163;59;10008;79
260;20210510;8;60;163;56;10017;81
260;20210510;9;50;142;50;10032;87
260;20210510;10;40;144;65;10044;81
260;20210510;11;40;138;47;10053;85
260;20210510;12;30;159;169;10060;78
260;20210510;13;50;180;202;10062;62
260;20210510;14;50;176;112;10063;60
260;20210510;15;40;192;172;10063;52
260;20210510;16;50;188;108;10067;51
260;20210510;17;40;186;124;10067;55
260;20210510;18;20;178;41;10070;57
260;20210510;19;20;161;15;10074;68
260;20210510;20;10;134;1;10079;86
260;20210510;21;20;141;0;10083;76
260;20210510;22;20;134;0;10085;77
260;20210510;23;20;132;0;10085;74
260;20210510;24;20;129;0;10085;77
260;20210511;1;10;120;0;10084;83
260;20210511;2;10;118;0;10080;79
260;20210511;3;10;112;0;10080;84
260;20210511;4;10;101;0;10081;92
260;20210511;5;10;104;4;10083;94
260;20210511;6;10;124;29;10082;84
260;20210511;7;10;139;64;10081;83
260;20210511;8;10;151;97;10077;78
260;20210511;9;10;155;74;10082;78
260;20210511;10;10;157;79;10086;78
260;20210511;11;10;163;89;10081;78
260;20210511;12;10;167;119;10079;66
260;20210511;13;10;164;53;10084;74
260;20210511;14;10;162;59;10083;77
260;20210511;15;10;162;57;10083;76
260;20210511;16;30;156;82;10083;77
260;20210511;17;10;160;65;10084;70
260;20210511;18;20;133;11;10088;88
260;20210511;19;10;132;8;10094;91
260;20210511;20;10;127;1;10101;95
260;20210511;21;10;121;0;10102;98
260;20210511;22;10;123;0;10103;91
260;20210511;23;20;111;0;10103;88
260;20210511;24;20;94;0;10104;92
260;20210512;1;10;91;0;10105;95
260;20210512;2;10;88;0;10106;98
260;20210512;3;10;81;0;10106;96
260;20210512;4;10;71;0;10108;98
260;20210512;5;10;87;11;10111;94
260;20210512;6;20;115;62;10112;79
260;20210512;7;30;125;122;10113;74
260;20210512;8;40;133;181;10114;69
260;20210512;9;40;146;237;10114;60
260;20210512;10;30;151;231;10114;59
260;20210512;11;30;155;178;10113;58
260;20210512;12;30;161;174;10111;52
260;20210512;13;30;168;221;10110;44
260;20210512;14;20;174;174;10106;50
260;20210512;15;30;157;89;10105;53
260;20210512;16;20;157;59;10105;53
260;20210512;17;50;109;11;10112;86
260;20210512;18;30;104;20;10109;86
260;20210512;19;20;102;9;10114;89
260;20210512;20;20;92;0;10111;92
260;20210512;21;20;86;0;10109;90
260;20210512;22;10;73;0;10104;97
260;20210512;23;10;65;0;10102;97
260;20210512;24;10;59;0;10099;98
260;20210513;1;10;53;0;10097;99
260;20210513;2;10;46;0;10096;99
260;20210513;3;10;41;0;10093;99
260;20210513;4;10;39;0;10089;97
260;20210513;5;20;61;20;10088;98
260;20210513;6;10;95;60;10084;96
260;20210513;7;10;125;121;10080;83
260;20210513;8;10;146;179;10080;72
260;20210513;9;10;162;244;10078;65
260;20210513;10;20;167;205;10075;59
260;20210513;11;20;181;343;10070;57
260;20210513;12;20;174;166;10070;52
260;20210513;13;30;189;276;10065;50
260;20210513;14;30;177;122;10061;48
260;20210513;15;50;172;148;10058;56
260;20210513;16;50;163;46;10058;57
260;20210513;17;40;136;17;10064;76
260;20210513;18;50;119;4;10070;92
260;20210513;19;20;115;1;10072;95
260;20210513;20;10;112;0;10078;94
260;20210513;21;10;111;0;10077;96
260;20210513;22;20;109;0;10074;97
260;20210513;23;10;106;0;10071;96
260;20210513;24;10;102;0;10071;92
260;20210514;1;20;98;0;10070;93
260;20210514;2;20;91;0;10071;94
260;20210514;3;20;89;0;10070;95
260;20210514;4;20;87;0;10070;97
260;20210514;5;10;86;5;10072;97
260;20210514;6;10;88;12;10075;94
260;20210514;7;20;93;29;10080;91
260;20210514;8;20;104;107;10081;87
260;20210514;9;20;103;92;10085;84
260;20210514;10;10;118;138;10086;81
260;20210514;11;20;133;215;10085;75
260;20210514;12;20;141;315;10084;69
260;20210514;13;20;141;263;10083;67
260;20210514;14;30;140;167;10083;65
260;20210514;15;30;145;153;10079;62
260;20210514;16;20;157;149;10079;54
260;20210514;17;20;140;37;10079;67
260;20210514;18;20;125;19;10074;77
260;20210514;19;10;119;10;10076;83
260;20210514;20;10;112;1;10080;81
260;20210514;21;20;102;0;10079;84
260;20210514;22;10;94;0;10081;88
260;20210514;23;10;78;0;10074;94
260;20210514;24;10;78;0;10071;95
260;20210515;1;10;87;0;10069;92
260;20210515;2;10;86;0;10063;93
260;20210515;3;10;84;0;10057;91
260;20210515;4;10;85;0;10054;93
260;20210515;5;0;88;5;10053;91
260;20210515;6;10;95;22;10051;89
260;20210515;7;20;101;33;10050;80
260;20210515;8;30;108;56;10046;77
260;20210515;9;30;108;108;10045;77
260;20210515;10;30;120;151;10039;72
260;20210515;11;20;132;139;10031;66
260;20210515;12;30;126;95;10026;69
260;20210515;13;20;127;84;10021;78
260;20210515;14;20;133;122;10015;73
260;20210515;15;20;114;60;10011;83
260;20210515;16;10;122;74;10006;80
260;20210515;17;20;110;23;10003;91
260;20210515;18;20;113;6;10000;92
260;20210515;19;10;110;6;9999;95
260;20210515;20;20;109;1;10001;94
260;20210515;21;20;102;0;10001;96
260;20210515;22;20;89;0;10001;97
260;20210515;23;20;94;0;10001;95
260;20210515;24;20;100;0;9999;94
260;20210516;1;20;104;0;9997;95
260;20210516;2;30;104;0;9997;94
260;20210516;3;40;103;0;9998;92
260;20210516;4;30;102;0;9998;91
260;20210516;5;40;103;8;10001;92
260;20210516;6;40;105;26;10002;92
260;20210516;7;40;112;66;10005;86
260;20210516;8;50;122;116;10007;81
260;20210516;9;50;129;205;10006;75
260;20210516;10;40;114;88;10007;87
260;20210516;11;20;119;94;10006;84
260;20210516;12;30;118;103;10005;82
260;20210516;13;30;122;153;10005;76
260;20210516;14;40;143;242;10000;64
260;20210516;15;40;146;204;9998;57
260;20210516;16;30;142;70;9995;58
260;20210516;17;40;123;39;9995;75
260;20210516;18;10;131;60;9994;73
260;20210516;19;10;124;28;9994;76
260;20210516;20;10;94;1;9998;94
260;20210516;21;10;89;0;9998;94
260;20210516;22;10;82;0;9999;96
260;20210516;23;30;112;0;10001;81
260;20210516;24;40;97;0;9998;90
260;20210517;1;20;99;0;9996;88
260;20210517;2;30;99;0;9994;90
260;20210517;3;20;99;0;9995;93
260;20210517;4;30;101;0;9994;91
260;20210517;5;30;101;5;9997;96
260;20210517;6;30;106;14;9997;94
260;20210517;7;30;108;20;10000;95
260;20210517;8;30;112;29;10002;92
260;20210517;9;30;127;97;10005;86
260;20210517;10;30;134;117;10008;79
260;20210517;11;30;113;65;10016;91
260;20210517;12;20;122;77;10022;89
260;20210517;13;40;121;161;10032;93
260;20210517;14;40;138;137;10040;75
260;20210517;15;50;141;139;10051;73
260;20210517;16;50;132;112;10061;68
260;20210517;17;40;126;52;10068;72
260;20210517;18;30;118;56;10076;73
260;20210517;19;30;109;18;10081;79
260;20210517;20;20;106;1;10088;81
260;20210517;21;20;104;0;10090;80
260;20210517;22;20;98;0;10094;86
260;20210517;23;10;85;0;10095;93
260;20210517;24;20;72;0;10095;96
260;20210518;1;10;70;0;10096;98
260;20210518;2;10;78;0;10097;98
260;20210518;3;10;85;0;10098;97
260;20210518;4;10;95;0;10100;95
260;20210518;5;10;101;5;10103;95
260;20210518;6;20;107;18;10108;90
260;20210518;7;20;116;64;10113;84
260;20210518;8;30;121;101;10118;78
260;20210518;9;20;126;91;10119;76
260;20210518;10;30;139;199;10118;65
260;20210518;11;30;140;177;10121;63
260;20210518;12;40;160;297;10124;53
260;20210518;13;50;155;265;10127;55
260;20210518;14;50;147;270;10129;55
260;20210518;15;40;146;188;10131;57
260;20210518;16;40;147;133;10135;55
260;20210518;17;40;148;144;10139;57
260;20210518;18;30;139;83;10143;58
260;20210518;19;30;123;31;10146;63
260;20210518;20;20;103;1;10150;76
260;20210518;21;10;77;0;10151;93
260;20210518;22;0;66;0;10153;98
260;20210518;23;10;59;0;10154;97
260;20210518;24;10;68;0;10152;96
260;20210519;1;10;69;0;10149;97
260;20210519;2;20;76;0;10147;95
260;20210519;3;20;91;0;10147;95
260;20210519;4;20;95;0;10148;89
260;20210519;5;30;94;11;10149;89
260;20210519;6;20;108;67;10151;87
260;20210519;7;30;108;37;10153;92
260;20210519;8;20;122;87;10153;82
260;20210519;9;40;123;97;10153;82
260;20210519;10;20;94;7;10161;93
260;20210519;11;10;102;32;10162;89
260;20210519;12;20;122;212;10160;76
260;20210519;13;20;137;159;10162;75
260;20210519;14;20;122;95;10164;82
260;20210519;15;10;131;86;10165;79
260;20210519;16;30;137;167;10167;80
260;20210519;17;30;126;109;10171;80
260;20210519;18;20;122;33;10176;75
260;20210519;19;10;111;14;10181;86
260;20210519;20;10;105;1;10188;89
260;20210519;21;20;89;0;10193;95
260;20210519;22;20;74;0;10195;96
260;20210519;23;20;80;0;10198;98
260;20210519;24;10;69;0;10201;99
260;20210520;1;10;51;0;10201;98
260;20210520;2;20;83;0;10204;98
260;20210520;3;10;72;0;10202;98
260;20210520;4;20;75;1;10203;99
260;20210520;5;10;84;10;10204;99
260;20210520;6;20;88;30;10205;98
260;20210520;7;20;96;61;10209;96
260;20210520;8;20;102;126;10207;93
260;20210520;9;30;126;205;10201;81
260;20210520;10;40;135;244;10198;74
260;20210520;11;40;153;294;10189;64
260;20210520;12;50;155;203;10179;62
260;20210520;13;40;156;131;10171;57
260;20210520;14;50;155;104;10165;56
260;20210520;15;50;151;61;10160;51
260;20210520;16;60;147;71;10147;53
260;20210520;17;50;145;51;10138;55
260;20210520;18;40;140;19;10131;60
260;20210520;19;40;137;11;10116;61
260;20210520;20;40;134;2;10103;63
260;20210520;21;40;129;0;10092;66
260;20210520;22;40;132;0;10078;66
260;20210520;23;60;137;0;10068;66
260;20210520;24;60;139;0;10056;66
260;20210521;1;50;123;0;10057;74
260;20210521;2;60;114;0;10047;72
260;20210521;3;50;109;0;10040;79
260;20210521;4;50;104;1;10036;82
260;20210521;5;50;116;24;10029;73
260;20210521;6;70;123;67;10023;66
260;20210521;7;80;131;87;10019;60
260;20210521;8;90;132;124;10018;60
260;20210521;9;90;129;120;10018;67
260;20210521;10;90;133;93;10017;63
260;20210521;11;90;144;216;10016;64
260;20210521;12;100;148;266;10011;60
260;20210521;13;100;141;220;10015;61
260;20210521;14;100;157;256;10007;52
260;20210521;15;100;163;211;10004;43
260;20210521;16;100;163;180;9998;41
260;20210521;17;110;155;128;9995;41
260;20210521;18;100;144;71;9991;43
260;20210521;19;90;137;11;9989;46
260;20210521;20;80;130;2;9989;50
260;20210521;21;80;124;0;9985;57
260;20210521;22;90;120;0;9980;60
260;20210521;23;90;119;0;9978;61
260;20210521;24;90;118;0;9972;62
260;20210522;1;70;112;0;9969;69
260;20210522;2;80;106;0;9967;74
260;20210522;3;80;105;0;9963;76
260;20210522;4;80;100;0;9962;81
260;20210522;5;80;97;2;9965;87
260;20210522;6;70;96;7;9970;91
260;20210522;7;60;100;19;9975;92
260;20210522;8;60;102;32;9981;94
260;20210522;9;60;107;48;9989;94
260;20210522;10;50;112;65;9995;94
260;20210522;11;40;109;68;10009;90
260;20210522;12;50;112;81;10023;83
260;20210522;13;60;121;125;10033;76
260;20210522;14;50;120;112;10043;73
260;20210522;15;50;117;90;10053;76
260;20210522;16;40;117;71;10059;75
260;20210522;17;30;112;48;10065;76
260;20210522;18;30;105;27;10069;81
260;20210522;19;20;97;4;10073;86
260;20210522;20;20;96;0;10077;87
260;20210522;21;10;94;0;10080;88
260;20210522;22;10;94;0;10085;87
260;20210522;23;10;94;0;10087;87
260;20210522;24;10;85;0;10088;93
260;20210523;1;10;80;0;10090;98
260;20210523;2;10;79;0;10090;96
260;20210523;3;20;79;0;10091;97
260;20210523;4;20;91;0;10093;96
260;20210523;5;30;93;7;10095;92
260;20210523;6;30;101;21;10100;92
260;20210523;7;20;101;11;10106;89
260;20210523;8;40;107;66;10110;83
260;20210523;9;60;117;146;10119;71
260;20210523;10;60;123;136;10124;65
260;20210523;11;70;121;100;10129;58
260;20210523;12;70;133;233;10131;51
260;20210523;13;60;133;237;10134;54
260;20210523;14;60;139;186;10132;50
260;20210523;15;50;147;154;10129;51
260;20210523;16;50;142;113;10126;53
260;20210523;17;50;144;94;10120;53
260;20210523;18;40;140;44;10116;56
260;20210523;19;30;136;4;10116;60
260;20210523;20;30;125;0;10117;68
260;20210523;21;20;124;0;10113;70
260;20210523;22;20;109;0;10106;85
260;20210523;23;40;126;0;10099;69
260;20210523;24;30;122;0;10091;69
260;20210524;1;40;125;0;10081;67
260;20210524;2;40;128;0;10074;69
260;20210524;3;50;131;0;10073;68
260;20210524;4;40;115;0;10075;75
260;20210524;5;50;107;3;10073;79
260;20210524;6;50;109;19;10073;81
260;20210524;7;50;111;48;10072;81
260;20210524;8;50;108;62;10070;83
260;20210524;9;50;110;66;10068;86
260;20210524;10;50;110;74;10071;89
260;20210524;11;50;119;96;10068;87
260;20210524;12;50;123;120;10066;80
260;20210524;13;50;133;133;10063;72
260;20210524;14;50;129;148;10062;84
260;20210524;15;40;145;130;10060;68
260;20210524;16;20;116;45;10059;89
260;20210524;17;10;122;98;10057;86
260;20210524;18;50;95;4;10066;93
260;20210524;19;20;96;4;10067;94
260;20210524;20;20;93;0;10069;96
260;20210524;21;20;93;0;10072;95
260;20210524;22;20;94;0;10073;95
260;20210524;23;20;94;0;10072;94
260;20210524;24;30;86;0;10074;89
260;20210525;1;40;81;0;10076;89
260;20210525;2;30;76;0;10078;91
260;20210525;3;30;72;0;10081;92
260;20210525;4;30;67;1;10083;93
260;20210525;5;30;76;19;10087;92
260;20210525;6;30;90;60;10090;90
260;20210525;7;40;101;77;10094;85
260;20210525;8;40;116;141;10097;80
260;20210525;9;40;115;83;10105;84
260;20210525;10;50;125;139;10111;74
260;20210525;11;60;128;198;10115;65
260;20210525;12;70;125;169;10121;59
260;20210525;13;60;125;114;10124;68
260;20210525;14;50;113;71;10125;76
260;20210525;15;40;116;94;10123;78
260;20210525;16;50;121;74;10123;75
260;20210525;17;40;116;34;10122;79
260;20210525;18;50;110;19;10126;79
260;20210525;19;40;105;10;10129;82
260;20210525;20;30;95;1;10132;87
260;20210525;21;30;89;0;10133;89
260;20210525;22;20;96;0;10130;90
260;20210525;23;20;91;0;10125;92
260;20210525;24;30;88;0;10120;92
260;20210526;1;30;89;0;10116;86
260;20210526;2;40;85;0;10114;90
260;20210526;3;30;86;0;10108;94
260;20210526;4;30;91;1;10106;94
260;20210526;5;40;93;13;10106;92
260;20210526;6;40;99;44;10104;90
260;20210526;7;50;104;64;10103;87
260;20210526;8;50;116;113;10103;80
260;20210526;9;50;100;83;10100;89
260;20210526;10;30;120;168;10099;74
260;20210526;11;50;129;175;10103;72
260;20210526;12;50;133;229;10105;67
260;20210526;13;50;132;234;10108;62
260;20210526;14;60;123;197;10112;63
260;20210526;15;50;120;69;10113;65
260;20210526;16;50;110;43;10113;79
260;20210526;17;50;109;22;10114;83
260;20210526;18;50;104;9;10117;93
260;20210526;19;40;108;6;10123;93
260;20210526;20;30;108;1;10129;89
260;20210526;21;30;107;0;10131;89
260;20210526;22;40;108;0;10133;89
260;20210526;23;40;105;0;10135;88
260;20210526;24;50;101;0;10138;88
260;20210527;1;50;97;0;10141;89
260;20210527;2;40;95;0;10143;92
260;20210527;3;40;94;0;10146;93
260;20210527;4;40;93;0;10147;93
260;20210527;5;40;94;4;10149;95
260;20210527;6;40;95;7;10153;93
260;20210527;7;40;95;16;10158;92
260;20210527;8;40;99;41;10162;93
260;20210527;9;40;102;45;10167;88
260;20210527;10;40;107;48;10172;86
260;20210527;11;40;103;39;10177;92
260;20210527;12;40;111;80;10180;87
260;20210527;13;40;122;101;10186;78
260;20210527;14;50;124;92;10194;75
260;20210527;15;40;126;83;10198;75
260;20210527;16;40;127;50;10202;70
260;20210527;17;40;128;66;10206;72
260;20210527;18;30;126;44;10211;71
260;20210527;19;30;118;10;10218;75
260;20210527;20;30;107;5;10222;81
260;20210527;21;20;97;0;10228;86
260;20210527;22;20;90;0;10234;91
260;20210527;23;20;82;0;10236;94
260;20210527;24;20;76;0;10237;96
260;20210528;1;20;66;0;10237;97
260;20210528;2;10;44;0;10238;99
260;20210528;3;10;38;0;10241;98
260;20210528;4;10;34;3;10245;99
260;20210528;5;10;71;36;10247;97
260;20210528;6;10;104;85;10250;87
260;20210528;7;10;121;141;10254;81
260;20210528;8;10;138;190;10256;71
260;20210528;9;10;148;255;10254;64
260;20210528;10;10;153;252;10252;63
260;20210528;11;20;158;253;10249;65
260;20210528;12;20;167;330;10246;55
260;20210528;13;20;185;351;10242;50
260;20210528;14;20;173;100;10241;49
260;20210528;15;20;183;181;10238;48
260;20210528;16;10;184;130;10235;46
260;20210528;17;30;184;160;10232;56
260;20210528;18;30;166;83;10234;59
260;20210528;19;30;155;32;10237;61
260;20210528;20;30;138;6;10241;65
260;20210528;21;20;121;0;10246;71
260;20210528;22;20;110;0;10249;76
260;20210528;23;20;85;0;10247;92
260;20210528;24;20;96;0;10250;85
260;20210529;1;20;83;0;10251;91
260;20210529;2;10;66;0;10251;96
260;20210529;3;10;58;0;10252;96
260;20210529;4;10;56;3;10254;97
260;20210529;5;10;91;32;10258;88
260;20210529;6;20;112;81;10262;83
260;20210529;7;30;123;138;10267;80
260;20210529;8;30;134;195;10269;78
260;20210529;9;30;142;245;10272;71
260;20210529;10;20;157;279;10273;67
260;20210529;11;30;162;304;10273;62
260;20210529;12;30;161;241;10273;62
260;20210529;13;40;170;266;10273;60
260;20210529;14;40;164;258;10274;58
260;20210529;15;40;168;249;10276;60
260;20210529;16;40;165;201;10275;61
260;20210529;17;40;161;152;10274;64
260;20210529;18;40;154;93;10276;69
260;20210529;19;40;143;40;10278;73
260;20210529;20;30;126;5;10282;81
260;20210529;21;30;114;0;10285;86
260;20210529;22;30;107;0;10286;90
260;20210529;23;20;101;0;10287;91
260;20210529;24;30;89;0;10288;92
260;20210530;1;30;79;0;10289;90
260;20210530;2;20;77;0;10287;90
260;20210530;3;20;79;0;10286;89
260;20210530;4;20;80;3;10287;89
260;20210530;5;20;89;28;10287;85
260;20210530;6;30;103;80;10287;82
260;20210530;7;30;119;140;10287;78
260;20210530;8;30;139;196;10288;73
260;20210530;9;20;157;246;10286;66
260;20210530;10;20;176;280;10285;56
260;20210530;11;20;188;308;10281;57
260;20210530;12;10;196;317;10275;46
260;20210530;13;30;203;311;10271;55
260;20210530;14;30;208;279;10265;52
260;20210530;15;40;199;200;10262;55
260;20210530;16;50;205;203;10257;55
260;20210530;17;50;201;148;10253;49
260;20210530;18;50;196;92;10252;57
260;20210530;19;40;181;40;10252;70
260;20210530;20;40;167;6;10253;76
260;20210530;21;40;153;0;10255;77
260;20210530;22;40;139;0;10254;78
260;20210530;23;30;130;0;10253;78
260;20210530;24;30;118;0;10251;82
260;20210531;1;20;110;0;10249;86
260;20210531;2;20;103;0;10248;90
260;20210531;3;10;95;0;10247;96
260;20210531;4;10;94;3;10246;95
260;20210531;5;20;108;32;10246;90
260;20210531;6;20;132;81;10244;81
260;20210531;7;20;161;139;10242;66
260;20210531;8;10;185;195;10240;59
260;20210531;9;10;200;244;10238;50
260;20210531;10;30;208;285;10234;41
260;20210531;11;30;213;310;10229;48
260;20210531;12;30;215;291;10224;44
260;20210531;13;40;223;286;10219;43
260;20210531;14;40;223;285;10212;42
260;20210531;15;40;228;246;10208;45
260;20210531;16;40;227;192;10203;40
260;20210531;17;40;224;150;10199;34
260;20210531;18;40;218;93;10197;40
260;20210531;19;30;204;40;10196;41
260;20210531;20;20;160;6;10200;68
260;20210531;21;20;130;0;10199;83
260;20210531;22;20;113;0;10199;91
260;20210531;23;20;111;0;10196;83
260;20210531;24;20;114;0;10195;73
260;20210601;1;20;112;0;10192;71
260;20210601;2;20;108;0;10190;74
260;20210601;3;20;92;0;10189;86
260;20210601;4;10;87;3;10189;91
260;20210601;5;20;135;33;10188;64
260;20210601;6;20;163;83;10187;55
260;20210601;7;30;187;142;10187;48
260;20210601;8;30;205;199;10185;42
260;20210601;9;20;221;249;10181;38
260;20210601;10;40;230;288;10178;33
260;20210601;11;40;236;315;10173;29
260;20210601;12;40;243;326;10168;25
260;20210601;13;40;246;320;10163;24
260;20210601;14;50;248;297;10159;28
260;20210601;15;50;247;259;10155;30
260;20210601;16;40;250;209;10151;29
260;20210601;17;40;246;153;10149;31
260;20210601;18;50;238;95;10148;33
260;20210601;19;40;220;43;10149;37
260;20210601;20;30;177;7;10152;58
260;20210601;21;20;161;0;10153;67
260;20210601;22;20;141;0;10154;70
260;20210601;23;20;123;0;10155;85
260;20210601;24;20;133;0;10156;74
260;20210602;1;20;125;0;10154;79
260;20210602;2;20;133;0;10153;82
260;20210602;3;20;120;0;10149;90
260;20210602;4;20;132;4;10151;86
260;20210602;5;20;148;36;10149;81
260;20210602;6;20;174;81;10150;71
260;20210602;7;30;196;138;10148;61
260;20210602;8;20;217;194;10147;51
260;20210602;9;20;234;242;10148;44
260;20210602;10;20;248;281;10147;35
260;20210602;11;30;254;307;10145;33
260;20210602;12;30;260;318;10144;34
260;20210602;13;30;261;311;10143;36
260;20210602;14;30;267;289;10140;31
260;20210602;15;30;270;251;10139;32
260;20210602;16;30;270;204;10136;31
260;20210602;17;20;269;150;10135;26
260;20210602;18;20;259;82;10137;34
260;20210602;19;20;250;42;10139;42
260;20210602;20;10;193;6;10145;71
260;20210602;21;10;171;0;10150;84
260;20210602;22;10;170;0;10150;85
260;20210602;23;20;199;0;10152;55
260;20210602;24;30;208;0;10150;66
260;20210603;1;20;198;0;10151;73
260;20210603;2;30;194;0;10160;73
260;20210603;3;30;177;0;10162;79
260;20210603;4;10;156;1;10165;90
260;20210603;5;20;170;10;10170;84
260;20210603;6;20;193;50;10174;78
260;20210603;7;30;212;132;10178;72
260;20210603;8;30;221;159;10181;72
260;20210603;9;40;229;215;10184;69
260;20210603;10;40;238;205;10185;63
260;20210603;11;40;240;226;10187;66
260;20210603;12;40;246;209;10187;66
260;20210603;13;30;243;156;10185;63
260;20210603;14;30;243;119;10184;62
260;20210603;15;30;235;101;10186;65
260;20210603;16;30;234;103;10189;64
260;20210603;17;40;234;123;10190;59
260;20210603;18;30;224;80;10194;62
260;20210603;19;20;207;33;10196;71
260;20210603;20;20;194;9;10201;77
260;20210603;21;10;182;0;10205;78
260;20210603;22;20;176;0;10207;78
260;20210603;23;10;163;0;10207;89
260;20210603;24;0;158;0;10207;91
260;20210604;1;10;143;0;10205;96
260;20210604;2;10;136;0;10205;98
260;20210604;3;10;131;0;10205;96
260;20210604;4;10;134;3;10209;98
260;20210604;5;10;153;24;10210;94
260;20210604;6;0;189;79;10210;76
260;20210604;7;10;206;132;10213;67
260;20210604;8;10;217;170;10215;63
260;20210604;9;10;230;229;10213;63
260;20210604;10;20;238;274;10213;60
260;20210604;11;30;243;260;10211;59
260;20210604;12;30;246;260;10204;57
260;20210604;13;30;256;228;10201;55
260;20210604;14;40;252;280;10199;53
260;20210604;15;40;248;211;10194;54
260;20210604;16;40;238;125;10192;54
260;20210604;17;40;228;37;10195;55
260;20210604;18;40;209;9;10192;65
260;20210604;19;20;196;4;10193;75
260;20210604;20;20;191;2;10195;75
260;20210604;21;20;185;0;10200;76
260;20210604;22;10;175;0;10200;92
260;20210604;23;20;175;0;10197;93
260;20210604;24;30;170;0;10197;94
260;20210605;1;20;166;0;10195;93
260;20210605;2;20;166;0;10195;93
260;20210605;3;30;164;0;10192;93
260;20210605;4;20;164;1;10193;93
260;20210605;5;20;164;14;10193;95
260;20210605;6;20;166;21;10198;93
260;20210605;7;30;167;49;10204;88
260;20210605;8;20;166;37;10205;91
260;20210605;9;20;170;40;10206;86
260;20210605;10;20;175;57;10209;83
260;20210605;11;30;172;137;10212;84
260;20210605;12;30;164;84;10214;85
260;20210605;13;30;163;77;10216;85
260;20210605;14;40;163;63;10216;84
260;20210605;15;30;158;41;10219;86
260;20210605;16;40;155;39;10220;87
260;20210605;17;30;151;26;10222;88
260;20210605;18;30;144;18;10225;89
260;20210605;19;30;140;4;10229;91
260;20210605;20;30;136;1;10234;95
260;20210605;21;30;138;0;10236;91
260;20210605;22;30;138;0;10237;91
260;20210605;23;20;136;0;10237;90
260;20210605;24;20;135;0;10237;91
260;20210606;1;20;135;0;10238;90
260;20210606;2;30;133;0;10237;92
260;20210606;3;20;134;0;10235;92
260;20210606;4;30;134;1;10236;90
260;20210606;5;20;133;7;10238;88
260;20210606;6;20;138;25;10239;86
260;20210606;7;30;147;81;10241;83
260;20210606;8;30;166;176;10240;72
260;20210606;9;30;180;248;10242;66
260;20210606;10;30;188;290;10243;63
260;20210606;11;40;198;312;10245;48
260;20210606;12;40;203;322;10242;48
260;20210606;13;40;205;316;10242;45
260;20210606;14;40;207;296;10241;39
260;20210606;15;40;206;261;10240;35
260;20210606;16;40;202;213;10239;35
260;20210606;17;40;197;158;10239;36
260;20210606;18;40;192;101;10239;39
260;20210606;19;40;178;47;10241;52
260;20210606;20;30;162;8;10246;59
260;20210606;21;20;148;0;10248;68
260;20210606;22;20;139;0;10247;75
260;20210606;23;20;129;0;10247;80
260;20210606;24;10;103;0;10248;93
260;20210607;1;10;91;0;10246;97
260;20210607;2;10;86;0;10245;97
260;20210607;3;10;81;0;10244;98
260;20210607;4;10;84;4;10246;98
260;20210607;5;10;113;35;10248;82
260;20210607;6;10;148;84;10249;65
260;20210607;7;20;170;141;10248;57
260;20210607;8;30;182;196;10248;50
260;20210607;9;30;194;244;10246;54
260;20210607;10;40;199;283;10246;53
260;20210607;11;40;207;308;10244;48
260;20210607;12;40;208;319;10243;49
260;20210607;13;50;214;314;10240;45
260;20210607;14;40;212;293;10238;42
260;20210607;15;40;221;256;10236;46
260;20210607;16;30;219;209;10232;46
260;20210607;17;30;214;153;10229;52
260;20210607;18;40;205;96;10231;58
260;20210607;19;40;193;44;10232;62
260;20210607;20;30;177;8;10237;68
260;20210607;21;20;167;0;10241;74
260;20210607;22;20;155;0;10239;83
260;20210607;23;20;147;0;10238;89
260;20210607;24;20;137;0;10237;92
260;20210608;1;10;121;0;10237;96
260;20210608;2;10;113;0;10237;97
260;20210608;3;10;103;0;10239;98
260;20210608;4;10;106;4;10240;97
260;20210608;5;10;140;34;10242;79
260;20210608;6;10;158;83;10243;71
260;20210608;7;10;185;139;10243;59
260;20210608;8;10;201;195;10242;48
260;20210608;9;20;214;245;10238;42
260;20210608;10;20;222;283;10236;42
260;20210608;11;20;234;307;10233;41
260;20210608;12;20;237;316;10231;38
260;20210608;13;20;245;312;10228;37
260;20210608;14;30;248;282;10225;41
260;20210608;15;30;250;245;10221;41
260;20210608;16;30;245;209;10220;44
260;20210608;17;30;242;153;10217;44
260;20210608;18;40;232;92;10217;46
260;20210608;19;40;224;44;10219;49
260;20210608;20;20;208;8;10222;55
260;20210608;21;20;186;0;10227;69
260;20210608;22;20;182;0;10226;73
260;20210608;23;20;158;0;10224;86
260;20210608;24;10;139;0;10222;93
260;20210609;1;10;134;0;10222;96
260;20210609;2;10;127;0;10221;98
260;20210609;3;0;124;0;10219;99
260;20210609;4;0;124;4;10217;98
260;20210609;5;0;152;35;10218;91
260;20210609;6;0;186;71;10218;78
260;20210609;7;10;201;96;10218;70
260;20210609;8;10;221;177;10218;58
260;20210609;9;20;230;223;10220;50
260;20210609;10;30;238;267;10222;51
260;20210609;11;30;241;295;10220;48
260;20210609;12;30;248;320;10218;45
260;20210609;13;40;245;291;10216;46
260;20210609;14;40;250;257;10214;46
260;20210609;15;40;247;245;10213;43
260;20210609;16;40;238;210;10213;30
260;20210609;17;40;237;160;10210;33
260;20210609;18;20;229;101;10210;44
260;20210609;19;20;215;47;10211;53
260;20210609;20;10;167;9;10211;78
260;20210609;21;0;142;0;10214;92
260;20210609;22;0;128;0;10216;95
260;20210609;23;0;119;0;10218;97
260;20210609;24;0;109;0;10216;97
260;20210610;1;10;106;0;10213;97
260;20210610;2;10;105;0;10211;98
260;20210610;3;10;103;0;10206;98
260;20210610;4;10;103;4;10205;97
260;20210610;5;10;143;35;10205;87
260;20210610;6;10;174;83;10207;70
260;20210610;7;20;197;137;10210;59
260;20210610;8;20;214;190;10213;53
260;20210610;9;30;223;240;10215;53
260;20210610;10;30;233;268;10215;45
260;20210610;11;20;242;262;10213;34
260;20210610;12;30;245;309;10209;33
260;20210610;13;20;258;308;10207;30
260;20210610;14;20;258;283;10202;33
260;20210610;15;20;266;231;10199;39
260;20210610;16;30;250;131;10197;46
260;20210610;17;30;245;131;10195;54
260;20210610;18;40;231;94;10196;60
260;20210610;19;30;211;45;10198;69
260;20210610;20;30;196;10;10202;74
260;20210610;21;20;180;0;10205;82
260;20210610;22;10;159;0;10204;92
260;20210610;23;0;147;0;10199;98
260;20210610;24;10;140;0;10201;97
260;20210611;1;10;134;0;10201;99
260;20210611;2;0;125;0;10200;99
260;20210611;3;10;121;0;10192;99
260;20210611;4;10;126;4;10194;98
260;20210611;5;20;142;27;10197;97
260;20210611;6;20;155;34;10197;98
260;20210611;7;20;168;50;10200;93
260;20210611;8;20;178;86;10200;89
260;20210611;9;20;192;114;10199;83
260;20210611;10;30;206;201;10200;76
260;20210611;11;30;216;242;10198;74
260;20210611;12;40;224;217;10198;69
260;20210611;13;30;231;215;10194;68
260;20210611;14;40;234;264;10191;65
260;20210611;15;40;235;230;10190;63
260;20210611;16;40;236;179;10187;58
260;20210611;17;40;223;129;10191;64
260;20210611;18;40;211;70;10190;69
260;20210611;19;30;205;34;10189;70
260;20210611;20;20;194;11;10187;77
260;20210611;21;20;186;0;10190;82
260;20210611;22;20;177;0;10188;86
260;20210611;23;20;175;0;10188;87
260;20210611;24;30;171;0;10188;88
260;20210612;1;30;167;0;10185;90
260;20210612;2;20;167;0;10183;90
260;20210612;3;20;170;0;10182;88
260;20210612;4;30;169;1;10184;84
260;20210612;5;30;164;6;10188;86
260;20210612;6;20;176;52;10191;78
260;20210612;7;30;179;90;10194;68
260;20210612;8;30;181;88;10200;63
260;20210612;9;40;192;165;10204;59
260;20210612;10;40;191;160;10209;56
260;20210612;11;50;199;244;10212;54
260;20210612;12;50;198;243;10216;52
260;20210612;13;50;199;310;10219;48
260;20210612;14;50;198;287;10224;49
260;20210612;15;50;183;218;10233;55
260;20210612;16;50;179;188;10236;58
260;20210612;17;50;176;127;10240;56
260;20210612;18;40;172;93;10243;55
260;20210612;19;40;158;48;10248;60
260;20210612;20;30;142;7;10254;70
260;20210612;21;20;130;0;10258;77
260;20210612;22;10;114;0;10263;87
260;20210612;23;10;113;0;10266;88
260;20210612;24;20;96;0;10268;95
260;20210613;1;10;87;0;10268;97
260;20210613;2;10;82;0;10268;98
260;20210613;3;10;76;0;10268;97
260;20210613;4;10;77;4;10272;98
260;20210613;5;10;119;35;10277;85
260;20210613;6;10;141;84;10279;74
260;20210613;7;10;157;141;10283;65
260;20210613;8;10;174;198;10288;53
260;20210613;9;20;179;248;10288;52
260;20210613;10;20;186;286;10289;45
260;20210613;11;20;197;312;10286;49
260;20210613;12;20;204;321;10284;45
260;20210613;13;20;214;316;10279;43
260;20210613;14;30;222;295;10272;44
260;20210613;15;20;227;259;10268;44
260;20210613;16;20;231;210;10262;39
260;20210613;17;10;233;156;10258;42
260;20210613;18;10;226;98;10256;44
260;20210613;19;20;217;46;10254;51
260;20210613;20;20;198;9;10254;57
260;20210613;21;10;152;0;10250;86
260;20210613;22;10;135;0;10247;91
260;20210613;23;10;124;0;10245;95
260;20210613;24;10;120;0;10242;95
260;20210614;1;10;113;0;10235;97
260;20210614;2;20;112;0;10229;93
260;20210614;3;10;105;0;10227;97
260;20210614;4;10;109;4;10227;97
260;20210614;5;10;153;35;10225;76
260;20210614;6;10;180;83;10223;64
260;20210614;7;30;199;140;10215;61
260;20210614;8;30;224;195;10211;50
260;20210614;9;30;235;245;10211;43
260;20210614;10;20;255;283;10205;38
260;20210614;11;20;258;308;10202;32
260;20210614;12;30;268;321;10199;32
260;20210614;13;30;270;307;10197;32
260;20210614;14;40;265;285;10193;37
260;20210614;15;30;265;249;10191;36
260;20210614;16;30;263;206;10190;35
260;20210614;17;40;250;152;10190;40
260;20210614;18;40;225;93;10191;55
260;20210614;19;30;214;34;10192;60
260;20210614;20;20;199;6;10196;68
260;20210614;21;30;190;0;10200;77
260;20210614;22;30;181;0;10201;83
260;20210614;23;20;175;0;10201;84
260;20210614;24;30;172;0;10201;84
260;20210615;1;30;165;0;10204;82
260;20210615;2;20;161;0;10207;87
260;20210615;3;20;160;0;10207;75
260;20210615;4;20;156;2;10210;72
260;20210615;5;20;154;10;10214;76
260;20210615;6;20;157;18;10217;76
260;20210615;7;30;165;59;10223;61
260;20210615;8;30;176;121;10224;51
260;20210615;9;20;190;222;10221;55
260;20210615;10;20;202;280;10221;48
260;20210615;11;30;209;301;10219;49
260;20210615;12;20;211;302;10216;49
260;20210615;13;30;225;294;10213;45
260;20210615;14;30;224;286;10210;43
260;20210615;15;40;227;246;10206;42
260;20210615;16;30;221;201;10203;43
260;20210615;17;30;215;138;10201;43
260;20210615;18;30;211;98;10198;45
260;20210615;19;30;197;47;10196;49
260;20210615;20;20;181;12;10195;59
260;20210615;21;20;157;0;10196;72
260;20210615;22;20;148;0;10190;75
260;20210615;23;10;141;0;10187;79
260;20210615;24;10;134;0;10182;83
260;20210616;1;10;119;0;10178;92
260;20210616;2;10;116;0;10174;92
260;20210616;3;10;106;0;10169;95
260;20210616;4;10;110;4;10167;97
260;20210616;5;10;160;33;10163;76
260;20210616;6;10;187;87;10161;64
260;20210616;7;20;215;138;10155;55
260;20210616;8;30;233;192;10151;49
260;20210616;9;30;243;242;10146;49
260;20210616;10;30;252;277;10143;47
260;20210616;11;30;264;302;10139;46
260;20210616;12;30;265;326;10133;47
260;20210616;13;30;276;307;10128;46
260;20210616;14;30;286;285;10123;45
260;20210616;15;20;282;257;10119;45
260;20210616;16;20;285;172;10115;46
260;20210616;17;10;284;112;10111;47
260;20210616;18;20;278;75;10110;52
260;20210616;19;20;267;38;10108;51
260;20210616;20;20;230;8;10110;68
260;20210616;21;10;202;0;10113;83
260;20210616;22;10;185;0;10110;88
260;20210616;23;10;176;0;10107;92
260;20210616;24;20;174;0;10100;92
260;20210617;1;10;169;0;10098;93
260;20210617;2;10;168;0;10097;94
260;20210617;3;20;173;0;10090;92
260;20210617;4;20;176;4;10089;91
260;20210617;5;20;215;29;10090;74
260;20210617;6;30;237;71;10091;65
260;20210617;7;30;240;67;10095;65
260;20210617;8;40;265;174;10096;54
260;20210617;9;30;274;225;10091;53
260;20210617;10;20;281;182;10089;54
260;20210617;11;30;285;248;10094;51
260;20210617;12;40;303;277;10097;46
260;20210617;13;60;295;287;10103;47
260;20210617;14;60;288;289;10108;51
260;20210617;15;50;279;229;10112;51
260;20210617;16;40;280;202;10114;52
260;20210617;17;40;277;141;10116;54
260;20210617;18;30;253;82;10122;64
260;20210617;19;30;239;28;10127;69
260;20210617;20;30;231;7;10131;70
260;20210617;21;20;222;0;10136;73
260;20210617;22;30;205;0;10140;80
260;20210617;23;20;200;0;10142;85
260;20210617;24;30;196;0;10139;88
260;20210618;1;30;194;0;10133;90
260;20210618;2;20;198;0;10138;88
260;20210618;3;20;196;0;10136;89
260;20210618;4;20;191;0;10148;95
260;20210618;5;20;188;0;10149;97
260;20210618;6;30;191;26;10137;96
260;20210618;7;40;199;43;10134;91
260;20210618;8;40;201;34;10135;89
260;20210618;9;30;214;62;10127;88
260;20210618;10;50;245;258;10126;69
260;20210618;11;40;264;287;10122;67
260;20210618;12;40;277;285;10117;66
260;20210618;13;30;283;287;10110;58
260;20210618;14;40;289;267;10103;55
260;20210618;15;50;270;209;10094;58
260;20210618;16;50;257;119;10089;62
260;20210618;17;40;271;69;10089;60
260;20210618;18;30;233;15;10105;79
260;20210618;19;30;214;46;10104;89
260;20210618;20;20;214;19;10107;93
260;20210618;21;10;205;0;10113;97
260;20210618;22;20;199;0;10113;97
260;20210618;23;20;192;0;10116;98
260;20210618;24;20;198;0;10116;93
260;20210619;1;30;202;0;10116;87
260;20210619;2;40;197;0;10118;90
260;20210619;3;30;194;0;10122;89
260;20210619;4;40;185;1;10127;92
260;20210619;5;30;183;9;10134;90
260;20210619;6;40;188;23;10138;87
260;20210619;7;50;183;33;10143;84
260;20210619;8;40;182;43;10147;84
260;20210619;9;40;179;41;10151;82
260;20210619;10;40;178;56;10152;83
260;20210619;11;20;176;56;10151;83
260;20210619;12;30;176;59;10150;84
260;20210619;13;20;181;71;10154;84
260;20210619;14;20;184;96;10150;81
260;20210619;15;20;182;72;10149;80
260;20210619;16;20;186;82;10138;78
260;20210619;17;20;187;66;10132;78
260;20210619;18;30;184;52;10125;80
260;20210619;19;40;178;36;10121;82
260;20210619;20;30;170;7;10110;85
260;20210619;21;30;168;0;10107;87
260;20210619;22;40;170;0;10087;87
260;20210619;23;30;163;0;10093;95
260;20210619;24;40;162;0;10072;97
260;20210620;1;30;163;0;10066;97
260;20210620;2;20;163;0;10060;97
260;20210620;3;30;156;0;10058;96
260;20210620;4;30;157;0;10062;96
260;20210620;5;10;161;10;10065;96
260;20210620;6;20;164;25;10069;93
260;20210620;7;30;168;49;10074;92
260;20210620;8;30;181;91;10080;87
260;20210620;9;40;195;176;10084;78
260;20210620;10;40;208;147;10084;78
260;20210620;11;30;210;103;10087;72
260;20210620;12;30;205;120;10086;76
260;20210620;13;20;217;201;10086;67
260;20210620;14;30;220;126;10088;69
260;20210620;15;20;212;125;10086;70
260;20210620;16;30;221;180;10082;66
260;20210620;17;30;205;83;10087;74
260;20210620;18;20;207;49;10083;73
260;20210620;19;30;199;47;10084;76
260;20210620;20;30;188;11;10085;80
260;20210620;21;30;183;0;10087;83
260;20210620;22;40;174;0;10079;87
260;20210620;23;50;158;0;10079;86
260;20210620;24;60;150;0;10078;85
260;20210621;1;50;146;0;10079;87
260;20210621;2;50;145;0;10076;87
260;20210621;3;50;138;0;10076;94
260;20210621;4;40;135;0;10072;95
260;20210621;5;40;133;2;10069;95
260;20210621;6;50;132;11;10074;94
260;20210621;7;30;133;15;10078;95
260;20210621;8;40;135;25;10084;94
260;20210621;9;30;137;38;10089;95
260;20210621;10;40;140;52;10096;95
260;20210621;11;40;145;96;10100;91
260;20210621;12;40;150;116;10108;89
260;20210621;13;40;157;138;10111;86
260;20210621;14;40;157;108;10116;83
260;20210621;15;40;156;79;10122;80
260;20210621;16;40;157;65;10125;82
260;20210621;17;40;147;43;10129;83
260;20210621;18;40;144;21;10135;82
260;20210621;19;40;142;17;10140;81
260;20210621;20;30;135;4;10148;80
260;20210621;21;30;130;0;10150;84
260;20210621;22;20;122;0;10156;88
260;20210621;23;20;125;0;10156;86
260;20210621;24;20;121;0;10159;87
260;20210622;1;20;114;0;10157;91
260;20210622;2;20;116;0;10159;91
260;20210622;3;20;118;0;10159;91
260;20210622;4;20;120;2;10163;88
260;20210622;5;30;130;31;10164;82
260;20210622;6;40;133;53;10168;78
260;20210622;7;40;136;60;10170;75
260;20210622;8;40;148;108;10172;69
260;20210622;9;40;161;220;10174;62
260;20210622;10;50;161;240;10174;61
260;20210622;11;50;172;159;10173;57
260;20210622;12;50;166;186;10174;63
260;20210622;13;50;166;134;10174;62
260;20210622;14;60;169;160;10177;62
260;20210622;15;60;169;159;10178;61
260;20210622;16;50;168;114;10181;61
260;20210622;17;50;164;92;10184;59
260;20210622;18;50;156;63;10190;61
260;20210622;19;40;151;19;10193;61
260;20210622;20;40;146;7;10197;63
260;20210622;21;30;142;0;10200;68
260;20210622;22;30;137;0;10203;71
260;20210622;23;30;126;0;10209;77
260;20210622;24;10;117;0;10208;88
260;20210623;1;20;117;0;10208;87
260;20210623;2;10;118;0;10207;88
260;20210623;3;10;113;0;10213;94
260;20210623;4;0;111;2;10213;96
260;20210623;5;10;120;17;10214;89
260;20210623;6;20;128;37;10216;83
260;20210623;7;20;138;65;10219;72
260;20210623;8;20;148;99;10220;69
260;20210623;9;30;152;127;10220;68
260;20210623;10;30;164;243;10221;65
260;20210623;11;40;161;218;10221;63
260;20210623;12;30;166;127;10221;61
260;20210623;13;30;165;119;10221;63
260;20210623;14;20;168;117;10220;63
260;20210623;15;30;170;116;10221;62
260;20210623;16;30;167;108;10219;64
260;20210623;17;40;162;85;10218;69
260;20210623;18;40;158;50;10219;70
260;20210623;19;40;155;18;10220;71
260;20210623;20;30;152;4;10222;73
260;20210623;21;30;149;0;10222;75
260;20210623;22;30;146;0;10221;74
260;20210623;23;30;142;0;10219;76
260;20210623;24;20;140;0;10223;78
260;20210624;1;30;135;0;10222;79
260;20210624;2;20;130;0;10221;81
260;20210624;3;20;128;0;10218;81
260;20210624;4;30;127;1;10217;82
260;20210624;5;20;129;7;10216;81
260;20210624;6;20;133;28;10212;80
260;20210624;7;20;144;71;10211;76
260;20210624;8;30;152;111;10213;70
260;20210624;9;30;157;141;10212;69
260;20210624;10;30;162;147;10214;70
260;20210624;11;20;169;163;10211;66
260;20210624;12;20;179;240;10208;60
260;20210624;13;20;185;193;10206;57
260;20210624;14;20;189;176;10204;58
260;20210624;15;10;187;115;10200;60
260;20210624;16;10;190;83;10195;59
260;20210624;17;10;187;39;10191;61
260;20210624;18;20;189;43;10192;63
260;20210624;19;30;167;52;10195;66
260;20210624;20;30;153;12;10197;71
260;20210624;21;10;127;0;10199;85
260;20210624;22;10;109;0;10198;91
260;20210624;23;20;93;0;10197;95
260;20210624;24;10;75;0;10195;98
260;20210625;1;10;74;0;10191;98
260;20210625;2;10;72;0;10187;99
260;20210625;3;20;90;0;10182;98
260;20210625;4;10;108;4;10179;92
260;20210625;5;20;115;8;10175;88
260;20210625;6;20;127;32;10174;83
260;20210625;7;20;140;65;10172;80
260;20210625;8;30;149;43;10174;83
260;20210625;9;30;166;138;10171;77
260;20210625;10;30;182;180;10169;74
260;20210625;11;40;181;124;10170;74
260;20210625;12;50;176;113;10170;76
260;20210625;13;40;173;54;10173;83
260;20210625;14;40;181;80;10172;76
260;20210625;15;50;183;71;10173;76
260;20210625;16;40;177;72;10173;81
260;20210625;17;30;166;31;10174;88
260;20210625;18;20;165;23;10175;91
260;20210625;19;20;162;12;10177;93
260;20210625;20;20;160;5;10181;95
260;20210625;21;20;161;0;10182;95
260;20210625;22;20;158;0;10183;96
260;20210625;23;10;147;0;10185;98
260;20210625;24;10;145;0;10185;99
260;20210626;1;10;150;0;10185;98
260;20210626;2;10;150;0;10188;98
260;20210626;3;10;151;0;10189;98
260;20210626;4;10;150;1;10189;98
260;20210626;5;10;152;11;10188;97
260;20210626;6;10;162;45;10189;93
260;20210626;7;20;171;62;10192;86
260;20210626;8;20;187;134;10192;82
260;20210626;9;20;203;207;10190;74
260;20210626;10;30;218;244;10191;65
260;20210626;11;30;228;302;10188;59
260;20210626;12;30;232;201;10189;55
260;20210626;13;30;240;262;10187;56
260;20210626;14;30;246;303;10180;45
260;20210626;15;30;245;202;10176;50
260;20210626;16;40;235;119;10175;54
260;20210626;17;40;234;100;10174;55
260;20210626;18;30;228;57;10175;60
260;20210626;19;30;220;45;10175;74
260;20210626;20;20;207;7;10179;80
260;20210626;21;20;195;0;10183;86
260;20210626;22;30;185;0;10183;90
260;20210626;23;40;179;0;10181;93
260;20210626;24;30;176;0;10180;92
260;20210627;1;30;173;0;10178;91
260;20210627;2;30;171;0;10175;92
260;20210627;3;30;171;0;10175;92
260;20210627;4;30;170;4;10170;91
260;20210627;5;40;184;30;10167;84
260;20210627;6;40;187;57;10164;80
260;20210627;7;30;193;65;10166;78
260;20210627;8;40;208;114;10166;73
260;20210627;9;30;225;160;10165;67
260;20210627;10;30;242;264;10159;60
260;20210627;11;40;260;304;10154;59
260;20210627;12;50;258;216;10152;56
260;20210627;13;50;261;216;10148;48
260;20210627;14;60;257;220;10143;49
260;20210627;15;50;261;196;10136;46
260;20210627;16;60;256;159;10134;49
260;20210627;17;30;248;30;10133;54
260;20210627;18;50;184;7;10154;90
260;20210627;19;30;181;1;10148;96
260;20210627;20;20;180;2;10143;95
260;20210627;21;20;180;0;10153;95
260;20210627;22;30;180;0;10151;95
260;20210627;23;20;178;0;10151;96
260;20210627;24;20;176;0;10146;97
260;20210628;1;10;176;0;10141;96
260;20210628;2;20;171;0;10138;97
260;20210628;3;10;157;0;10139;98
260;20210628;4;10;153;2;10140;99
260;20210628;5;10;172;26;10139;95
260;20210628;6;20;190;76;10138;89
260;20210628;7;20;203;137;10134;84
260;20210628;8;10;218;180;10136;78
260;20210628;9;10;227;217;10138;75
260;20210628;10;10;237;189;10138;69
260;20210628;11;10;229;52;10140;73
260;20210628;12;10;229;43;10138;76
260;20210628;13;10;230;53;10136;77
260;20210628;14;20;222;36;10138;80
260;20210628;15;20;221;45;10136;82
260;20210628;16;20;224;66;10139;77
260;20210628;17;10;227;63;10133;80
260;20210628;18;20;220;34;10126;81
260;20210628;19;10;213;13;10126;86
260;20210628;20;10;206;6;10130;89
260;20210628;21;20;200;0;10131;89
260;20210628;22;10;181;0;10131;97
260;20210628;23;10;179;0;10128;98
260;20210628;24;20;183;0;10127;96
260;20210629;1;10;176;0;10124;97
260;20210629;2;10;175;0;10119;98
260;20210629;3;20;178;0;10116;96
260;20210629;4;20;176;1;10114;97
260;20210629;5;10;176;3;10113;97
260;20210629;6;10;180;10;10117;98
260;20210629;7;10;185;31;10116;97
260;20210629;8;20;189;74;10117;91
260;20210629;9;20;194;74;10117;89
260;20210629;10;20;191;70;10117;86
260;20210629;11;30;202;140;10118;83
260;20210629;12;30;200;153;10115;83
260;20210629;13;30;185;71;10117;85
260;20210629;14;30;184;70;10116;85
260;20210629;15;40;178;46;10113;84
260;20210629;16;40;174;36;10115;84
260;20210629;17;30;171;22;10114;84
260;20210629;18;40;164;14;10116;86
260;20210629;19;30;159;4;10115;87
260;20210629;20;30;153;2;10117;91
260;20210629;21;30;145;0;10120;94
260;20210629;22;40;141;0;10119;94
260;20210629;23;40;139;0;10118;92
260;20210629;24;40;135;0;10116;95
260;20210630;1;30;134;0;10114;97
260;20210630;2;30;136;0;10112;93
260;20210630;3;30;135;0;10107;95
260;20210630;4;30;134;0;10112;90
260;20210630;5;30;133;3;10110;96
260;20210630;6;30;133;5;10112;97
260;20210630;7;30;134;11;10113;97
260;20210630;8;30;135;22;10115;96
260;20210630;9;30;139;26;10118;96
260;20210630;10;30;141;34;10120;96
260;20210630;11;30;144;58;10121;94
260;20210630;12;30;152;50;10123;88
260;20210630;13;30;159;65;10125;82
260;20210630;14;30;153;44;10128;84
260;20210630;15;30;152;43;10131;85
260;20210630;16;30;143;39;10133;93
260;20210630;17;30;137;24;10135;95
260;20210630;18;30;141;13;10135;94
260;20210630;19;30;138;5;10139;93
260;20210630;20;20;135;1;10141;96
260;20210630;21;20;137;0;10144;95
260;20210630;22;20;137;0;10145;94
260;20210630;23;20;135;0;10145;95
260;20210630;24;20;134;0;10145;95
260;20210701;1;30;131;0;10144;96
260;20210701;2;20;132;0;10142;95
260;20210701;3;30;132;0;10141;93
260;20210701;4;20;133;1;10142;93
260;20210701;5;20;131;3;10143;97
260;20210701;6;30;136;11;10143;95
260;20210701;7;30;142;23;10144;92
260;20210701;8;30;149;42;10146;90
260;20210701;9;30;155;52;10148;82
260;20210701;10;40;157;61;10149;80
260;20210701;11;40;164;65;10151;77
260;20210701;12;40;167;79;10152;77
260;20210701;13;40;166;68;10155;75
260;20210701;14;40;165;62;10159;73
260;20210701;15;40;163;58;10160;75
260;20210701;16;40;164;47;10161;75
260;20210701;17;40;162;66;10161;76
260;20210701;18;40;159;32;10161;79
260;20210701;19;30;156;20;10162;78
260;20210701;20;30;152;6;10164;81
260;20210701;21;20;147;0;10165;85
260;20210701;22;20;147;0;10165;85
260;20210701;23;20;148;0;10164;86
260;20210701;24;30;147;0;10161;86
260;20210702;1;20;143;0;10160;89
260;20210702;2;20;144;0;10157;87
260;20210702;3;20;144;0;10156;88
260;20210702;4;20;145;1;10158;89
260;20210702;5;20;146;4;10159;88
260;20210702;6;20;143;14;10160;95
260;20210702;7;20;152;34;10163;91
260;20210702;8;20;153;32;10166;94
260;20210702;9;20;157;44;10169;95
260;20210702;10;20;160;43;10173;96
260;20210702;11;20;174;103;10176;87
260;20210702;12;20;180;111;10176;80
260;20210702;13;20;202;224;10172;69
260;20210702;14;20;202;153;10172;68
260;20210702;15;20;217;149;10173;62
260;20210702;16;30;205;110;10175;68
260;20210702;17;20;204;69;10174;66
260;20210702;18;10;204;49;10171;70
260;20210702;19;10;197;43;10171;73
260;20210702;20;20;182;10;10175;81
260;20210702;21;20;153;0;10175;93
260;20210702;22;10;134;0;10174;96
260;20210702;23;10;124;0;10172;98
260;20210702;24;10;116;0;10170;98
260;20210703;1;10;115;0;10168;100
260;20210703;2;10;109;0;10168;100
260;20210703;3;10;109;0;10163;98
260;20210703;4;10;125;5;10161;98
260;20210703;5;10;136;20;10161;98
260;20210703;6;20;168;75;10159;88
260;20210703;7;20;188;84;10158;81
260;20210703;8;30;207;191;10156;72
260;20210703;9;30;221;238;10152;65
260;20210703;10;40;227;224;10150;61
260;20210703;11;30;226;110;10147;62
260;20210703;12;40;229;154;10141;65
260;20210703;13;30;229;83;10136;63
260;20210703;14;30;232;112;10133;61
260;20210703;15;30;232;87;10131;64
260;20210703;16;30;230;92;10128;66
260;20210703;17;30;219;36;10124;69
260;20210703;18;30;184;5;10131;94
260;20210703;19;10;180;6;10129;97
260;20210703;20;10;173;5;10129;98
260;20210703;21;10;170;1;10130;98
260;20210703;22;10;168;0;10126;98
260;20210703;23;10;170;0;10122;98
260;20210703;24;10;167;0;10119;98
260;20210704;1;10;169;0;10116;98
260;20210704;2;10;170;0;10112;98
260;20210704;3;10;173;0;10111;98
260;20210704;4;20;172;2;10112;98
260;20210704;5;10;174;14;10111;98
260;20210704;6;10;178;39;10109;95
260;20210704;7;10;192;90;10107;84
260;20210704;8;10;198;151;10101;79
260;20210704;9;20;207;196;10102;72
260;20210704;10;20;212;222;10097;65
260;20210704;11;10;225;198;10092;61
260;20210704;12;20;220;159;10087;64
260;20210704;13;20;222;135;10081;64
260;20210704;14;10;222;120;10080;61
260;20210704;15;40;180;23;10084;85
260;20210704;16;20;172;27;10080;94
260;20210704;17;10;183;72;10086;88
260;20210704;18;20;175;53;10086;88
260;20210704;19;20;174;24;10088;92
260;20210704;20;10;164;7;10087;95
260;20210704;21;10;147;0;10090;98
260;20210704;22;10;139;0;10090;99
260;20210704;23;10;134;0;10085;99
260;20210704;24;20;146;0;10084;98
260;20210705;1;30;156;0;10082;98
260;20210705;2;20;157;0;10079;97
260;20210705;3;30;153;0;10080;95
260;20210705;4;20;146;1;10079;95
260;20210705;5;20;146;4;10077;96
260;20210705;6;30;146;12;10078;92
260;20210705;7;30;157;64;10082;88
260;20210705;8;30;162;93;10082;84
260;20210705;9;40;175;143;10083;77
260;20210705;10;40;185;180;10082;73
260;20210705;11;40;183;132;10083;72
260;20210705;12;50;180;148;10084;73
260;20210705;13;40;180;167;10085;78
260;20210705;14;30;187;174;10080;75
260;20210705;15;30;169;49;10081;88
260;20210705;16;10;176;70;10078;82
260;20210705;17;20;170;18;10078;84
260;20210705;18;20;175;81;10074;85
260;20210705;19;20;174;41;10070;88
260;20210705;20;20;167;6;10068;92
260;20210705;21;20;165;0;10065;93
260;20210705;22;30;167;0;10058;90
260;20210705;23;30;165;0;10048;92
260;20210705;24;30;166;0;10044;93
260;20210706;1;30;172;0;10036;91
260;20210706;2;30;173;0;10027;91
260;20210706;3;40;173;0;10014;90
260;20210706;4;40;174;2;10006;89
260;20210706;5;40;180;10;10012;86
260;20210706;6;50;188;18;10009;82
260;20210706;7;50;192;41;10011;80
260;20210706;8;40;204;77;10013;77
260;20210706;9;80;200;184;10018;60
260;20210706;10;80;197;212;10025;57
260;20210706;11;80;198;168;10031;58
260;20210706;12;80;196;150;10035;58
260;20210706;13;70;195;76;10043;60
260;20210706;14;80;191;116;10052;64
260;20210706;15;60;176;79;10061;76
260;20210706;16;70;176;98;10065;71
260;20210706;17;60;181;110;10066;72
260;20210706;18;60;181;74;10079;60
260;20210706;19;60;175;33;10086;62
260;20210706;20;40;167;11;10093;64
260;20210706;21;40;158;0;10100;68
260;20210706;22;40;155;0;10105;73
260;20210706;23;30;152;0;10107;73
260;20210706;24;30;154;0;10110;73
260;20210707;1;30;144;0;10109;76
260;20210707;2;20;137;0;10109;84
260;20210707;3;30;144;0;10111;84
260;20210707;4;30;142;3;10113;86
260;20210707;5;20;142;26;10117;87
260;20210707;6;30;160;55;10121;83
260;20210707;7;30;167;81;10125;82
260;20210707;8;40;190;162;10129;75
260;20210707;9;50;191;185;10133;68
260;20210707;10;50;200;206;10140;66
260;20210707;11;50;196;157;10143;65
260;20210707;12;50;214;244;10149;61
260;20210707;13;40;201;123;10154;63
260;20210707;14;40;210;140;10156;63
260;20210707;15;30;211;131;10157;60
260;20210707;16;30;217;122;10159;58
260;20210707;17;30;206;66;10161;59
260;20210707;18;20;205;47;10164;64
260;20210707;19;20;183;18;10170;77
260;20210707;20;20;166;6;10175;84
260;20210707;21;10;140;0;10179;95
260;20210707;22;0;130;0;10183;97
260;20210707;23;0;122;0;10186;97
260;20210707;24;10;117;0;10188;97
260;20210708;1;0;116;0;10190;99
260;20210708;2;10;124;0;10191;97
260;20210708;3;10;118;0;10188;98
260;20210708;4;10;124;2;10191;97
260;20210708;5;0;140;18;10193;97
260;20210708;6;10;158;32;10200;86
260;20210708;7;10;197;107;10200;66
260;20210708;8;20;198;122;10204;63
260;20210708;9;20;203;159;10203;65
260;20210708;10;20;213;244;10207;61
260;20210708;11;20;226;278;10207;53
260;20210708;12;20;222;240;10204;58
260;20210708;13;20;220;125;10206;57
260;20210708;14;30;223;162;10205;58
260;20210708;15;30;219;156;10206;60
260;20210708;16;30;215;108;10205;64
260;20210708;17;30;214;102;10207;63
260;20210708;18;30;209;81;10208;64
260;20210708;19;20;202;43;10211;66
260;20210708;20;20;191;16;10218;70
260;20210708;21;20;181;0;10220;73
260;20210708;22;20;170;0;10222;77
260;20210708;23;10;144;0;10224;92
260;20210708;24;10;128;0;10219;97
260;20210709;1;10;119;0;10218;97
260;20210709;2;0;115;0;10219;98
260;20210709;3;10;109;0;10218;98
260;20210709;4;0;108;2;10218;98
260;20210709;5;10;136;28;10219;98
260;20210709;6;10;169;76;10217;83
260;20210709;7;20;181;129;10220;77
260;20210709;8;20;192;176;10221;73
260;20210709;9;30;200;203;10219;71
260;20210709;10;30;209;250;10216;68
260;20210709;11;30;216;309;10214;58
260;20210709;12;40;221;347;10214;57
260;20210709;13;30;228;279;10212;53
260;20210709;14;30;238;294;10209;52
260;20210709;15;40;220;222;10206;58
260;20210709;16;30;208;153;10204;67
260;20210709;17;30;201;59;10202;69
260;20210709;18;20;199;41;10200;72
260;20210709;19;20;199;35;10200;69
260;20210709;20;10;184;9;10203;79
260;20210709;21;10;158;0;10203;91
260;20210709;22;10;145;0;10201;95
260;20210709;23;10;136;0;10200;98
260;20210709;24;10;132;0;10197;98
260;20210710;1;10;142;0;10194;98
260;20210710;2;10;144;0;10189;98
260;20210710;3;10;141;0;10183;98
260;20210710;4;10;131;2;10181;99
260;20210710;5;10;143;16;10180;98
260;20210710;6;10;164;46;10178;88
260;20210710;7;10;176;82;10178;81
260;20210710;8;10;179;111;10179;80
260;20210710;9;10;190;160;10174;71
260;20210710;10;10;200;173;10171;65
260;20210710;11;20;210;211;10168;64
260;20210710;12;10;215;227;10160;59
260;20210710;13;20;227;197;10157;55
260;20210710;14;10;220;126;10155;53
260;20210710;15;10;217;73;10151;62
260;20210710;16;20;214;83;10148;59
260;20210710;17;30;208;86;10148;74
260;20210710;18;30;204;70;10147;71
260;20210710;19;20;201;33;10150;73
260;20210710;20;20;186;6;10152;81
260;20210710;21;20;180;0;10151;80
260;20210710;22;20;173;0;10156;84
260;20210710;23;20;174;0;10155;84
260;20210710;24;10;167;0;10155;89
260;20210711;1;10;165;0;10155;90
260;20210711;2;10;172;0;10154;87
260;20210711;3;10;165;0;10158;93
260;20210711;4;10;163;1;10160;95
260;20210711;5;10;162;6;10156;94
260;20210711;6;10;173;21;10156;90
260;20210711;7;10;180;36;10160;85
260;20210711;8;20;177;24;10167;86
260;20210711;9;20;186;68;10167;84
260;20210711;10;20;199;157;10168;75
260;20210711;11;20;203;180;10169;73
260;20210711;12;10;224;229;10163;68
260;20210711;13;20;220;177;10163;62
260;20210711;14;40;228;224;10162;67
260;20210711;15;30;226;235;10160;58
260;20210711;16;30;229;203;10155;55
260;20210711;17;30;225;122;10154;59
260;20210711;18;20;212;58;10155;69
260;20210711;19;20;200;30;10155;75
260;20210711;20;20;188;10;10151;83
260;20210711;21;20;171;0;10153;91
260;20210711;22;10;154;0;10150;97
260;20210711;23;10;145;0;10147;98
260;20210711;24;10;143;0;10145;98
260;20210712;1;10;138;0;10140;98
260;20210712;2;10;136;0;10137;98
260;20210712;3;10;129;0;10130;99
260;20210712;4;10;139;2;10129;98
260;20210712;5;10;154;15;10126;98
260;20210712;6;20;182;53;10120;86
260;20210712;7;20;202;97;10122;76
260;20210712;8;30;220;176;10116;68
260;20210712;9;30;232;227;10112;60
260;20210712;10;40;235;284;10108;56
260;20210712;11;30;240;185;10105;61
260;20210712;12;30;243;202;10103;56
260;20210712;13;30;233;138;10099;59
260;20210712;14;30;239;90;10097;57
260;20210712;15;30;243;187;10094;55
260;20210712;16;40;237;131;10093;56
260;20210712;17;30;232;56;10091;62
260;20210712;18;30;218;38;10096;68
260;20210712;19;30;195;2;10097;83
260;20210712;20;10;186;2;10095;90
260;20210712;21;10;179;0;10102;91
260;20210712;22;10;170;0;10102;96
260;20210712;23;10;168;0;10101;97
260;20210712;24;0;166;0;10099;97
260;20210713;1;10;165;0;10099;97
260;20210713;2;10;161;0;10096;98
260;20210713;3;10;177;0;10095;98
260;20210713;4;10;183;1;10096;97
260;20210713;5;20;189;5;10098;95
260;20210713;6;20;192;19;10100;92
260;20210713;7;30;194;30;10103;89
260;20210713;8;40;200;61;10104;87
260;20210713;9;40;200;63;10105;85
260;20210713;10;30;200;48;10106;88
260;20210713;11;30;199;36;10111;85
260;20210713;12;40;197;30;10110;85
260;20210713;13;30;201;47;10112;84
260;20210713;14;30;192;25;10113;91
260;20210713;15;40;197;45;10112;87
260;20210713;16;40;200;53;10112;84
260;20210713;17;40;198;22;10115;85
260;20210713;18;30;195;11;10113;86
260;20210713;19;40;191;6;10115;89
260;20210713;20;30;182;2;10115;93
260;20210713;21;40;178;1;10115;95
260;20210713;22;30;177;0;10113;95
260;20210713;23;30;176;0;10115;96
260;20210713;24;30;173;0;10118;98
260;20210714;1;30;173;0;10113;98
260;20210714;2;30;175;0;10115;95
260;20210714;3;30;176;0;10112;95
260;20210714;4;30;175;0;10110;94
260;20210714;5;30;176;4;10110;93
260;20210714;6;30;176;12;10114;93
260;20210714;7;40;176;19;10115;91
260;20210714;8;40;181;52;10117;88
260;20210714;9;40;181;36;10115;91
260;20210714;10;40;182;44;10116;91
260;20210714;11;40;185;57;10117;89
260;20210714;12;50;195;88;10115;84
260;20210714;13;40;200;83;10114;84
260;20210714;14;50;210;102;10110;81
260;20210714;15;50;201;60;10111;85
260;20210714;16;40;201;92;10108;84
260;20210714;17;50;197;81;10108;85
260;20210714;18;40;204;53;10105;85
260;20210714;19;40;206;35;10108;84
260;20210714;20;50;194;6;10118;89
260;20210714;21;50;188;0;10118;96
260;20210714;22;50;190;0;10119;95
260;20210714;23;50;187;0;10122;95
260;20210714;24;50;185;0;10127;96
260;20210715;1;50;185;0;10127;95
260;20210715;2;50;180;0;10127;97
260;20210715;3;50;180;0;10125;97
260;20210715;4;60;179;0;10129;97
260;20210715;5;50;177;2;10133;97
260;20210715;6;50;175;3;10136;97
260;20210715;7;50;175;6;10140;95
260;20210715;8;50;176;10;10146;95
260;20210715;9;50;176;30;10152;95
260;20210715;10;50;177;25;10156;93
260;20210715;11;50;177;29;10158;93
260;20210715;12;50;180;31;10162;92
260;20210715;13;50;181;35;10166;90
260;20210715;14;40;176;29;10170;93
260;20210715;15;40;177;30;10175;93
260;20210715;16;40;179;15;10177;92
260;20210715;17;50;182;15;10179;87
260;20210715;18;50;181;10;10181;85
260;20210715;19;50;180;13;10186;84
260;20210715;20;50;179;5;10194;82
260;20210715;21;40;177;1;10198;80
260;20210715;22;30;175;0;10205;82
260;20210715;23;30;172;0;10204;84
260;20210715;24;30;167;0;10207;86
260;20210716;1;30;163;0;10208;83
260;20210716;2;30;160;0;10210;81
260;20210716;3;30;157;0;10210;81
260;20210716;4;30;156;1;10212;79
260;20210716;5;30;157;6;10213;79
260;20210716;6;30;159;20;10217;79
260;20210716;7;30;163;40;10221;78
260;20210716;8;30;164;42;10226;77
260;20210716;9;40;170;54;10228;75
260;20210716;10;40;180;105;10231;72
260;20210716;11;40;194;175;10233;66
260;20210716;12;40;197;202;10233;65
260;20210716;13;40;208;264;10234;65
260;20210716;14;40;213;247;10235;62
260;20210716;15;40;210;229;10235;66
260;20210716;16;40;212;204;10234;64
260;20210716;17;50;205;155;10236;66
260;20210716;18;40;195;95;10240;70
260;20210716;19;40;185;40;10245;75
260;20210716;20;30;179;6;10251;77
260;20210716;21;30;178;1;10254;80
260;20210716;22;20;176;0;10254;81
260;20210716;23;20;173;0;10255;82
260;20210716;24;20;170;0;10257;83
260;20210717;1;20;169;0;10258;84
260;20210717;2;20;161;0;10257;88
260;20210717;3;10;137;0;10256;96
260;20210717;4;20;145;1;10256;98
260;20210717;5;20;154;20;10259;97
260;20210717;6;20;169;42;10260;89
260;20210717;7;30;199;121;10265;73
260;20210717;8;40;210;169;10266;68
260;20210717;9;40;214;228;10269;68
260;20210717;10;40;223;271;10267;60
260;20210717;11;50;236;295;10265;54
260;20210717;12;50;240;303;10264;55
260;20210717;13;50;236;302;10262;54
260;20210717;14;50;241;286;10260;54
260;20210717;15;50;244;252;10259;55
260;20210717;16;50;244;206;10257;55
260;20210717;17;50;238;152;10256;53
260;20210717;18;50;232;97;10255;56
260;20210717;19;40;220;45;10256;63
260;20210717;20;20;197;8;10258;74
260;20210717;21;20;187;0;10257;80
260;20210717;22;20;178;0;10256;85
260;20210717;23;20;170;0;10256;91
260;20210717;24;20;158;0;10254;96
260;20210718;1;10;144;0;10250;97
260;20210718;2;10;135;0;10248;99
260;20210718;3;10;130;0;10247;97
260;20210718;4;10;129;1;10245;99
260;20210718;5;0;153;24;10246;98
260;20210718;6;10;183;71;10245;86
260;20210718;7;20;202;114;10246;78
260;20210718;8;20;224;175;10245;66
260;20210718;9;30;236;223;10245;63
260;20210718;10;40;243;263;10242;59
260;20210718;11;40;255;288;10239;55
260;20210718;12;40;258;300;10236;53
260;20210718;13;40;261;295;10234;52
260;20210718;14;40;262;278;10232;52
260;20210718;15;40;258;246;10232;51
260;20210718;16;50;245;197;10231;51
260;20210718;17;40;239;146;10228;58
260;20210718;18;40;225;92;10227;63
260;20210718;19;40;208;40;10229;72
260;20210718;20;30;191;6;10230;77
260;20210718;21;20;182;0;10230;82
260;20210718;22;20;168;0;10231;88
260;20210718;23;20;159;0;10232;90
260;20210718;24;20;151;0;10232;92
260;20210719;1;10;136;0;10230;96
260;20210719;2;10;126;0;10228;97
260;20210719;3;10;121;0;10230;97
260;20210719;4;10;119;1;10230;98
260;20210719;5;0;130;15;10229;97
260;20210719;6;0;169;64;10228;87
260;20210719;7;10;180;79;10231;76
260;20210719;8;10;187;76;10232;77
260;20210719;9;10;187;55;10232;75
260;20210719;10;10;198;157;10229;70
260;20210719;11;20;204;137;10227;67
260;20210719;12;20;225;226;10222;57
260;20210719;13;30;223;237;10220;59
260;20210719;14;30;215;208;10219;58
260;20210719;15;30;219;235;10217;55
260;20210719;16;40;213;185;10216;53
260;20210719;17;40;206;138;10215;56
260;20210719;18;40;199;84;10214;60
260;20210719;19;30;186;37;10213;66
260;20210719;20;30;175;6;10214;69
260;20210719;21;20;164;0;10216;73
260;20210719;22;20;149;0;10217;80
260;20210719;23;20;127;0;10217;92
260;20210719;24;20;122;0;10218;93
260;20210720;1;20;120;0;10217;93
260;20210720;2;20;109;0;10215;94
260;20210720;3;10;99;0;10217;98
260;20210720;4;10;94;1;10217;98
260;20210720;5;0;113;13;10217;95
260;20210720;6;0;154;60;10218;73
260;20210720;7;10;171;116;10220;64
260;20210720;8;20;184;169;10222;62
260;20210720;9;30;188;220;10222;59
260;20210720;10;30;193;262;10223;58
260;20210720;11;20;207;294;10220;54
260;20210720;12;30;213;306;10218;50
260;20210720;13;30;217;301;10216;50
260;20210720;14;20;228;277;10213;49
260;20210720;15;20;233;241;10211;45
260;20210720;16;20;230;196;10210;50
260;20210720;17;30;228;147;10210;51
260;20210720;18;20;220;89;10213;52
260;20210720;19;20;201;32;10214;61
260;20210720;20;20;170;5;10218;78
260;20210720;21;10;151;0;10223;84
260;20210720;22;10;140;0;10223;93
260;20210720;23;10;132;0;10226;94
260;20210720;24;10;125;0;10226;97
260;20210721;1;10;118;0;10224;98
260;20210721;2;10;116;0;10225;100
260;20210721;3;10;111;0;10225;98
260;20210721;4;0;107;1;10227;100
260;20210721;5;10;121;14;10230;98
260;20210721;6;10;155;56;10234;80
260;20210721;7;10;186;112;10238;65
260;20210721;8;10;206;171;10240;56
260;20210721;9;20;216;219;10241;52
260;20210721;10;20;223;259;10240;49
260;20210721;11;10;239;276;10238;47
260;20210721;12;20;237;265;10235;48
260;20210721;13;20;248;241;10235;44
260;20210721;14;20;246;168;10234;49
260;20210721;15;20;252;199;10231;45
260;20210721;16;20;252;221;10229;45
260;20210721;17;30;245;141;10228;50
260;20210721;18;30;238;90;10229;53
260;20210721;19;30;226;43;10229;58
260;20210721;20;20;206;4;10232;68
260;20210721;21;20;190;0;10234;81
260;20210721;22;20;184;0;10234;86
260;20210721;23;20;168;0;10233;92
260;20210721;24;10;156;0;10231;96
260;20210722;1;20;158;0;10230;96
260;20210722;2;20;158;0;10229;97
260;20210722;3;20;154;0;10230;97
260;20210722;4;10;140;1;10228;98
260;20210722;5;20;156;18;10230;94
260;20210722;6;20;169;66;10231;87
260;20210722;7;30;184;119;10232;77
260;20210722;8;40;192;157;10234;70
260;20210722;9;30;193;155;10233;64
260;20210722;10;30;201;202;10235;59
260;20210722;11;30;210;220;10232;59
260;20210722;12;30;214;280;10228;55
260;20210722;13;40;219;304;10224;49
260;20210722;14;40;224;283;10222;45
260;20210722;15;40;222;245;10217;41
260;20210722;16;40;219;201;10214;47
260;20210722;17;40;210;146;10211;53
260;20210722;18;40;202;85;10210;56
260;20210722;19;40;190;42;10212;57
260;20210722;20;30;177;6;10214;69
260;20210722;21;20;160;0;10213;79
260;20210722;22;20;153;0;10213;82
260;20210722;23;20;145;0;10213;84
260;20210722;24;20;135;0;10212;87
260;20210723;1;20;124;0;10210;92
260;20210723;2;20;113;0;10209;97
260;20210723;3;10;111;0;10206;98
260;20210723;4;10;130;1;10202;97
260;20210723;5;10;142;5;10200;91
260;20210723;6;10;155;15;10200;83
260;20210723;7;20;165;32;10199;80
260;20210723;8;20;172;57;10199;75
260;20210723;9;20;178;72;10199;71
260;20210723;10;30;180;72;10193;70
260;20210723;11;30;185;89;10190;69
260;20210723;12;30;189;142;10184;65
260;20210723;13;40;198;164;10175;66
260;20210723;14;30;203;234;10173;62
260;20210723;15;30;209;228;10168;63
260;20210723;16;40;211;192;10161;61
260;20210723;17;40;209;139;10156;58
260;20210723;18;40;203;84;10149;62
260;20210723;19;40;191;36;10147;68
260;20210723;20;30;175;5;10145;74
260;20210723;21;20;164;0;10143;79
260;20210723;22;30;155;0;10139;85
260;20210723;23;30;156;0;10138;84
260;20210723;24;30;151;0;10136;86
260;20210724;1;20;147;0;10130;88
260;20210724;2;30;145;0;10119;89
260;20210724;3;30;137;0;10115;92
260;20210724;4;20;133;1;10106;93
260;20210724;5;30;142;18;10109;90
260;20210724;6;20;156;44;10105;86
260;20210724;7;30;175;102;10100;80
260;20210724;8;30;191;135;10096;76
260;20210724;9;30;199;121;10089;72
260;20210724;10;30;210;117;10091;71
260;20210724;11;30;217;116;10093;71
260;20210724;12;30;218;63;10090;71
260;20210724;13;30;220;57;10088;71
260;20210724;14;30;221;78;10087;71
260;20210724;15;20;213;46;10091;76
260;20210724;16;20;202;26;10093;81
260;20210724;17;10;207;45;10084;82
260;20210724;18;10;203;25;10084;82
260;20210724;19;10;198;9;10078;85
260;20210724;20;10;183;2;10085;93
260;20210724;21;20;176;0;10087;93
260;20210724;22;0;163;0;10086;96
260;20210724;23;10;158;0;10087;98
260;20210724;24;10;154;0;10080;98
260;20210725;1;20;172;0;10074;97
260;20210725;2;20;173;0;10075;95
260;20210725;3;10;170;0;10070;95
260;20210725;4;20;166;0;10070;97
260;20210725;5;10;170;13;10071;97
260;20210725;6;20;182;44;10073;86
260;20210725;7;20;196;109;10073;82
260;20210725;8;20;215;169;10075;74
260;20210725;9;20;224;217;10077;67
260;20210725;10;20;230;197;10077;68
260;20210725;11;30;243;246;10075;56
260;20210725;12;40;256;314;10076;51
260;20210725;13;30;248;231;10074;59
260;20210725;14;20;230;111;10076;66
260;20210725;15;20;196;17;10084;94
260;20210725;16;30;196;39;10079;91
260;20210725;17;10;202;87;10080;88
260;20210725;18;20;206;80;10082;86
260;20210725;19;20;196;35;10083;87
260;20210725;20;20;192;7;10092;89
260;20210725;21;30;182;1;10088;93
260;20210725;22;20;173;0;10089;98
260;20210725;23;10;162;0;10090;98
260;20210725;24;10;152;0;10085;99
260;20210726;1;10;148;0;10082;99
260;20210726;2;10;147;0;10083;99
260;20210726;3;10;146;0;10083;100
260;20210726;4;10;151;1;10084;98
260;20210726;5;20;166;18;10085;98
260;20210726;6;20;179;62;10086;93
260;20210726;7;30;184;96;10089;91
260;20210726;8;30;192;81;10091;87
260;20210726;9;40;198;118;10094;84
260;20210726;10;30;210;142;10093;78
260;20210726;11;30;221;223;10092;70
260;20210726;12;40;219;228;10093;73
260;20210726;13;40;204;186;10092;76
260;20210726;14;40;204;127;10094;78
260;20210726;15;10;192;36;10097;92
260;20210726;16;20;198;53;10094;90
260;20210726;17;20;193;32;10094;91
260;20210726;18;30;188;23;10097;90
260;20210726;19;20;185;14;10099;92
260;20210726;20;20;171;1;10104;95
260;20210726;21;20;175;0;10108;98
260;20210726;22;20;178;0;10109;97
260;20210726;23;20;175;0;10108;97
260;20210726;24;20;174;0;10110;97
260;20210727;1;30;170;0;10110;96
260;20210727;2;20;164;0;10106;96
260;20210727;3;20;159;0;10106;97
260;20210727;4;20;163;1;10104;97
260;20210727;5;30;165;9;10105;95
260;20210727;6;30;167;23;10104;91
260;20210727;7;30;176;57;10107;89
260;20210727;8;30;184;62;10107;88
260;20210727;9;30;189;84;10108;85
260;20210727;10;30;190;56;10110;83
260;20210727;11;30;182;42;10111;92
260;20210727;12;30;184;64;10107;87
260;20210727;13;30;210;274;10105;73
260;20210727;14;40;220;239;10102;66
260;20210727;15;40;212;106;10098;71
260;20210727;16;30;178;20;10094;93
260;20210727;17;10;182;39;10092;87
260;20210727;18;20;181;39;10088;88
260;20210727;19;30;162;3;10095;94
260;20210727;20;20;164;1;10096;94
260;20210727;21;30;160;0;10096;94
260;20210727;22;20;158;0;10097;95
260;20210727;23;20;156;0;10097;94
260;20210727;24;20;151;0;10092;94
260;20210728;1;20;150;0;10088;95
260;20210728;2;30;151;0;10085;96
260;20210728;3;30;156;0;10083;96
260;20210728;4;30;160;1;10083;95
260;20210728;5;30;163;6;10082;95
260;20210728;6;30;171;32;10082;92
260;20210728;7;40;177;78;10081;84
260;20210728;8;50;181;102;10081;80
260;20210728;9;50;184;74;10082;76
260;20210728;10;70;192;122;10083;74
260;20210728;11;70;191;161;10082;72
260;20210728;12;70;203;170;10083;67
260;20210728;13;60;195;118;10085;70
260;20210728;14;60;200;126;10087;69
260;20210728;15;60;173;55;10090;90
260;20210728;16;40;179;52;10090;87
260;20210728;17;40;190;78;10089;74
260;20210728;18;50;188;53;10088;71
260;20210728;19;50;183;33;10087;71
260;20210728;20;40;177;3;10090;65
260;20210728;21;40;168;0;10087;69
260;20210728;22;40;162;0;10085;75
260;20210728;23;50;162;0;10082;76
260;20210728;24;50;161;0;10078;73
260;20210729;1;50;152;0;10077;80
260;20210729;2;50;148;0;10076;85
260;20210729;3;40;140;0;10080;93
260;20210729;4;30;135;0;10081;92
260;20210729;5;40;142;8;10084;90
260;20210729;6;50;155;56;10085;82
260;20210729;7;60;163;92;10089;79
260;20210729;8;60;166;86;10094;76
260;20210729;9;60;186;206;10097;58
260;20210729;10;70;190;273;10099;53
260;20210729;11;60;198;282;10101;50
260;20210729;12;70;200;297;10103;51
260;20210729;13;60;207;233;10103;52
260;20210729;14;70;209;282;10104;45
260;20210729;15;60;208;218;10107;47
260;20210729;16;50;202;162;10109;49
260;20210729;17;60;202;142;10108;51
260;20210729;18;50;194;88;10108;51
260;20210729;19;40;183;35;10108;55
260;20210729;20;40;170;4;10110;61
260;20210729;21;40;163;0;10108;64
260;20210729;22;30;159;0;10105;67
260;20210729;23;30;148;0;10104;75
260;20210729;24;20;133;0;10100;84
260;20210730;1;20;134;0;10098;82
260;20210730;2;20;114;0;10096;91
260;20210730;3;20;132;0;10093;81
260;20210730;4;30;132;0;10091;82
260;20210730;5;10;128;10;10088;87
260;20210730;6;20;141;30;10085;83
260;20210730;7;20;161;74;10082;77
260;20210730;8;30;179;108;10078;72
260;20210730;9;40;200;204;10074;64
260;20210730;10;40;208;160;10069;61
260;20210730;11;40;208;169;10063;63
260;20210730;12;40;212;99;10059;60
260;20210730;13;40;212;61;10053;62
260;20210730;14;40;171;34;10059;94
260;20210730;15;30;197;186;10049;81
260;20210730;16;50;185;77;10050;83
260;20210730;17;40;174;88;10047;85
260;20210730;18;40;180;74;10045;74
260;20210730;19;60;177;24;10046;67
260;20210730;20;60;171;3;10046;70
260;20210730;21;60;167;0;10042;74
260;20210730;22;70;166;0;10038;76
260;20210730;23;70;165;0;10034;78
260;20210730;24;70;161;0;10034;83
260;20210731;1;70;159;0;10032;85
260;20210731;2;60;156;0;10032;89
260;20210731;3;50;151;0;10032;94
260;20210731;4;50;153;1;10035;92
260;20210731;5;40;150;6;10041;92
260;20210731;6;50;152;9;10045;89
260;20210731;7;50;159;26;10050;85
260;20210731;8;40;162;58;10055;89
260;20210731;9;50;159;60;10060;95
260;20210731;10;40;177;113;10065;83
260;20210731;11;50;183;211;10072;79
260;20210731;12;50;173;166;10077;86
260;20210731;13;50;186;197;10080;75
260;20210731;14;50;167;130;10088;88
260;20210731;15;40;187;112;10088;81
260;20210731;16;40;191;133;10090;72
260;20210731;17;40;198;110;10088;69
260;20210731;18;30;190;81;10090;70
260;20210731;19;20;180;32;10092;75
260;20210731;20;20;165;2;10093;83
260;20210731;21;10;138;0;10095;95
260;20210731;22;10;131;0;10094;98
260;20210731;23;10;124;0;10093;99
260;20210731;24;20;136;0;10088;98
260;20210801;1;20;147;0;10086;96
260;20210801;2;20;147;0;10083;97
260;20210801;3;30;150;0;10082;95
260;20210801;4;30;149;0;10082;95
260;20210801;5;30;149;6;10083;94
260;20210801;6;30;153;27;10084;94
260;20210801;7;40;160;39;10084;94
260;20210801;8;30;173;67;10084;88
260;20210801;9;40;172;115;10086;87
260;20210801;10;30;172;54;10090;91
260;20210801;11;30;184;201;10091;78
260;20210801;12;20;172;98;10092;86
260;20210801;13;30;180;160;10094;78
260;20210801;14;30;185;168;10099;75
260;20210801;15;40;185;143;10100;73
260;20210801;16;40;183;70;10104;71
260;20210801;17;40;175;71;10106;72
260;20210801;18;30;177;64;10110;70
260;20210801;19;30;163;32;10116;73
260;20210801;20;20;150;2;10122;78
260;20210801;21;20;137;0;10125;85
260;20210801;22;10;128;0;10126;91
260;20210801;23;10;115;0;10128;97
260;20210801;24;10;122;0;10128;97
260;20210802;1;10;132;0;10127;88
260;20210802;2;20;135;0;10129;87
260;20210802;3;10;131;0;10129;90
260;20210802;4;10;110;0;10132;97
260;20210802;5;10;117;12;10135;97
260;20210802;6;10;152;56;10137;80
260;20210802;7;20;161;99;10139;72
260;20210802;8;20;169;150;10140;65
260;20210802;9;20;163;59;10142;70
260;20210802;10;20;176;192;10145;61
260;20210802;11;20;181;169;10144;56
260;20210802;12;20;183;169;10146;59
260;20210802;13;20;183;103;10146;55
260;20210802;14;30;190;151;10146;53
260;20210802;15;30;192;152;10145;53
260;20210802;16;30;192;132;10144;55
260;20210802;17;30;181;96;10144;60
260;20210802;18;30;176;56;10145;61
260;20210802;19;20;169;32;10148;66
260;20210802;20;10;133;1;10150;86
260;20210802;21;10;115;0;10153;96
260;20210802;22;10;103;0;10154;97
260;20210802;23;0;110;0;10151;97
260;20210802;24;10;113;0;10148;97
260;20210803;1;10;109;0;10145;97
260;20210803;2;10;107;0;10144;97
260;20210803;3;0;108;0;10144;97
260;20210803;4;10;115;1;10142;97
260;20210803;5;10;122;6;10140;94
260;20210803;6;10;132;38;10140;89
260;20210803;7;10;143;38;10139;83
260;20210803;8;20;160;96;10139;74
260;20210803;9;30;168;91;10138;72
260;20210803;10;20;169;102;10137;72
260;20210803;11;20;173;98;10135;71
260;20210803;12;20;151;28;10137;87
260;20210803;13;20;157;36;10134;90
260;20210803;14;20;173;138;10132;78
260;20210803;15;30;181;176;10130;73
260;20210803;16;20;177;52;10130;72
260;20210803;17;30;175;46;10129;72
260;20210803;18;20;174;53;10133;73
260;20210803;19;20;165;10;10135;74
260;20210803;20;20;137;2;10137;91
260;20210803;21;0;124;0;10140;97
260;20210803;22;10;111;0;10141;97
260;20210803;23;0;106;0;10140;99
260;20210803;24;10;99;0;10139;97
260;20210804;1;10;92;0;10140;97
260;20210804;2;10;95;0;10139;98
260;20210804;3;10;102;0;10138;98
260;20210804;4;10;101;0;10137;98
260;20210804;5;10;106;10;10140;98
260;20210804;6;10;126;42;10143;98
260;20210804;7;10;150;83;10144;85
260;20210804;8;10;174;143;10143;73
260;20210804;9;10;188;210;10141;67
260;20210804;10;10;201;258;10139;58
260;20210804;11;20;198;161;10137;61
260;20210804;12;10;204;92;10134;56
260;20210804;13;20;199;69;10132;62
260;20210804;14;30;210;253;10130;65
260;20210804;15;30;205;191;10128;57
260;20210804;16;20;205;99;10125;61
260;20210804;17;20;200;34;10122;66
260;20210804;18;30;178;12;10123;76
260;20210804;19;20;166;2;10126;89
260;20210804;20;20;164;1;10126;91
260;20210804;21;10;156;0;10126;97
260;20210804;22;0;154;0;10126;98
260;20210804;23;10;149;0;10123;98
260;20210804;24;10;135;0;10119;99
260;20210805;1;0;123;0;10115;99
260;20210805;2;0;117;0;10110;99
260;20210805;3;10;114;0;10108;99
260;20210805;4;10;122;0;10105;98
260;20210805;5;10;132;4;10103;98
260;20210805;6;10;144;17;10101;98
260;20210805;7;10;176;82;10102;79
260;20210805;8;10;197;131;10098;70
260;20210805;9;10;205;201;10096;65
260;20210805;10;10;215;240;10091;63
260;20210805;11;20;213;203;10087;64
260;20210805;12;20;215;135;10081;60
260;20210805;13;20;217;178;10074;61
260;20210805;14;10;230;146;10069;58
260;20210805;15;30;214;134;10064;61
260;20210805;16;20;223;81;10057;62
260;20210805;17;20;223;106;10052;64
260;20210805;18;20;218;69;10047;62
260;20210805;19;20;196;22;10046;75
260;20210805;20;20;171;1;10042;87
260;20210805;21;30;176;0;10038;82
260;20210805;22;30;179;0;10030;79
260;20210805;23;30;186;0;10021;74
260;20210805;24;30;180;0;10017;79
260;20210806;1;30;180;0;10013;80
260;20210806;2;30;180;0;10009;80
260;20210806;3;30;184;0;10005;78
260;20210806;4;40;180;1;10002;82
260;20210806;5;40;176;3;10004;87
260;20210806;6;30;176;24;10005;89
260;20210806;7;30;178;33;10008;86
260;20210806;8;50;190;112;10010;77
260;20210806;9;50;197;187;10011;73
260;20210806;10;50;198;111;10014;70
260;20210806;11;60;209;180;10011;69
260;20210806;12;60;185;134;10016;87
260;20210806;13;60;186;111;10014;82
260;20210806;14;50;203;148;10016;70
260;20210806;15;60;214;153;10019;61
260;20210806;16;60;216;133;10020;57
260;20210806;17;70;212;131;10021;59
260;20210806;18;60;201;61;10024;60
260;20210806;19;50;189;17;10028;70
260;20210806;20;30;180;1;10031;70
260;20210806;21;30;177;0;10034;71
260;20210806;22;40;178;0;10034;72
260;20210806;23;50;163;0;10034;84
260;20210806;24;40;162;0;10036;81
260;20210807;1;40;159;0;10034;82
260;20210807;2;40;152;0;10032;85
260;20210807;3;30;150;0;10032;90
260;20210807;4;30;152;0;10028;91
260;20210807;5;30;152;3;10028;89
260;20210807;6;40;155;37;10027;86
260;20210807;7;40;165;93;10025;79
260;20210807;8;40;172;103;10025;76
260;20210807;9;40;186;144;10020;73
260;20210807;10;40;199;221;10013;66
260;20210807;11;40;191;180;10010;81
260;20210807;12;50;206;268;10005;59
260;20210807;13;50;215;266;10001;54
260;20210807;14;50;209;177;9999;56
260;20210807;15;40;209;89;9994;54
260;20210807;16;40;169;19;10002;84
260;20210807;17;20;164;20;9997;90
260;20210807;18;40;161;30;9999;87
260;20210807;19;30;154;17;9998;87
260;20210807;20;30;147;1;10005;92
260;20210807;21;30;155;0;10009;89
260;20210807;22;40;155;0;10008;89
260;20210807;23;40;153;0;10004;92
260;20210807;24;50;155;0;10005;93
260;20210808;1;40;156;0;10008;94
260;20210808;2;40;160;0;10013;95
260;20210808;3;50;157;0;10022;94
260;20210808;4;50;155;0;10030;92
260;20210808;5;50;152;2;10036;94
260;20210808;6;50;149;10;10041;95
260;20210808;7;50;156;30;10051;87
260;20210808;8;60;165;81;10057;79
260;20210808;9;70;174;132;10063;75
260;20210808;10;70;175;148;10070;70
260;20210808;11;70;180;173;10074;69
260;20210808;12;70;188;212;10077;66
260;20210808;13;60;164;89;10083;83
260;20210808;14;50;185;214;10087;67
260;20210808;15;60;195;200;10086;65
260;20210808;16;40;160;37;10095;83
260;20210808;17;50;160;51;10097;81
260;20210808;18;60;159;27;10102;81
260;20210808;19;50;155;8;10104;84
260;20210808;20;40;155;1;10111;82
260;20210808;21;40;153;0;10116;84
260;20210808;22;40;154;0;10118;81
260;20210808;23;40;151;0;10121;81
260;20210808;24;40;151;0;10123;82
260;20210809;1;40;149;0;10126;83
260;20210809;2;40;141;0;10127;85
260;20210809;3;40;139;0;10128;86
260;20210809;4;40;141;0;10129;87
260;20210809;5;30;140;3;10133;88
260;20210809;6;30;145;22;10136;86
260;20210809;7;30;161;101;10137;82
260;20210809;8;40;173;144;10137;75
260;20210809;9;40;176;89;10138;74
260;20210809;10;40;184;108;10138;72
260;20210809;11;50;179;102;10140;73
260;20210809;12;50;185;123;10140;71
260;20210809;13;60;203;227;10139;60
260;20210809;14;60;188;93;10140;68
260;20210809;15;30;193;122;10139;73
260;20210809;16;40;159;46;10145;91
260;20210809;17;20;186;97;10144;82
260;20210809;18;30;183;43;10145;81
260;20210809;19;20;170;13;10146;88
260;20210809;20;20;163;1;10151;89
260;20210809;21;20;160;0;10151;90
260;20210809;22;20;158;0;10150;90
260;20210809;23;20;154;0;10150;84
260;20210809;24;30;155;0;10148;82
260;20210810;1;30;152;0;10147;90
260;20210810;2;30;149;0;10146;91
260;20210810;3;30;149;0;10147;90
260;20210810;4;40;150;0;10148;89
260;20210810;5;30;146;4;10148;93
260;20210810;6;40;157;42;10150;88
260;20210810;7;40;169;83;10152;86
260;20210810;8;40;177;108;10154;81
260;20210810;9;40;182;156;10154;78
260;20210810;10;30;156;26;10157;91
260;20210810;11;20;199;212;10155;73
260;20210810;12;40;186;123;10157;74
260;20210810;13;30;211;220;10155;58
260;20210810;14;40;216;242;10155;51
260;20210810;15;40;217;238;10156;50
260;20210810;16;40;211;181;10158;55
260;20210810;17;30;211;123;10159;55
260;20210810;18;30;203;70;10160;59
260;20210810;19;20;176;21;10164;75
260;20210810;20;10;142;0;10170;94
260;20210810;21;10;128;0;10174;97
260;20210810;22;0;122;0;10177;98
260;20210810;23;0;118;0;10179;98
260;20210810;24;10;110;0;10180;99
260;20210811;1;10;108;0;10180;98
260;20210811;2;10;108;0;10180;98
260;20210811;3;20;106;0;10180;98
260;20210811;4;10;107;0;10179;98
260;20210811;5;10;117;9;10181;98
260;20210811;6;10;146;56;10185;90
260;20210811;7;20;173;99;10188;76
260;20210811;8;30;186;141;10190;71
260;20210811;9;30;194;150;10192;65
260;20210811;10;30;208;245;10193;59
260;20210811;11;40;217;281;10194;59
260;20210811;12;30;217;215;10195;56
260;20210811;13;20;230;256;10193;58
260;20210811;14;20;229;264;10191;58
260;20210811;15;20;230;221;10189;50
260;20210811;16;20;227;176;10188;53
260;20210811;17;20;227;115;10189;53
260;20210811;18;20;220;66;10187;58
260;20210811;19;20;200;17;10190;77
260;20210811;20;20;173;0;10196;90
260;20210811;21;10;150;0;10199;96
260;20210811;22;10;143;0;10195;98
260;20210811;23;10;136;0;10196;99
260;20210811;24;10;134;0;10195;98
260;20210812;1;10;131;0;10192;98
260;20210812;2;10;132;0;10193;98
260;20210812;3;10;137;0;10188;98
260;20210812;4;20;134;0;10189;99
260;20210812;5;10;135;4;10191;98
260;20210812;6;20;154;38;10191;88
260;20210812;7;20;181;82;10193;75
260;20210812;8;30;200;147;10194;65
260;20210812;9;30;212;201;10193;63
260;20210812;10;40;221;237;10195;60
260;20210812;11;40;229;270;10194;58
260;20210812;12;40;238;253;10194;58
260;20210812;13;40;244;227;10193;56
260;20210812;14;30;246;234;10192;56
260;20210812;15;30;241;151;10188;57
260;20210812;16;40;242;136;10188;58
260;20210812;17;30;235;63;10187;63
260;20210812;18;10;226;18;10186;65
260;20210812;19;20;207;9;10190;79
260;20210812;20;20;188;0;10194;86
260;20210812;21;10;171;0;10198;94
260;20210812;22;0;156;0;10196;97
260;20210812;23;0;148;0;10194;98
260;20210812;24;0;144;0;10194;99
260;20210813;1;10;139;0;10194;99
260;20210813;2;10;141;0;10197;98
260;20210813;3;10;141;0;10195;98
260;20210813;4;20;143;0;10195;98
260;20210813;5;20;154;7;10195;97
260;20210813;6;20;170;37;10197;88
260;20210813;7;30;177;55;10199;84
260;20210813;8;40;186;114;10205;84
260;20210813;9;40;200;158;10210;68
260;20210813;10;50;204;203;10214;69
260;20210813;11;50;210;209;10216;60
260;20210813;12;50;207;142;10215;58
260;20210813;13;50;206;149;10219;60
260;20210813;14;40;206;122;10219;57
260;20210813;15;50;207;131;10220;59
260;20210813;16;50;206;97;10220;64
260;20210813;17;40;202;78;10219;58
260;20210813;18;40;196;42;10219;56
260;20210813;19;30;189;17;10219;58
260;20210813;20;20;178;0;10222;71
260;20210813;21;20;151;0;10219;86
260;20210813;22;20;145;0;10217;88
260;20210813;23;20;137;0;10217;92
260;20210813;24;20;145;0;10213;92
260;20210814;1;20;155;0;10212;89
260;20210814;2;20;159;0;10209;89
260;20210814;3;30;154;0;10205;91
260;20210814;4;20;151;0;10205;91
260;20210814;5;20;145;3;10204;91
260;20210814;6;20;152;39;10205;88
260;20210814;7;30;159;63;10208;90
260;20210814;8;30;166;49;10207;94
260;20210814;9;30;179;89;10205;86
260;20210814;10;40;193;139;10204;82
260;20210814;11;40;203;162;10201;78
260;20210814;12;40;201;64;10202;72
260;20210814;13;40;226;219;10199;54
260;20210814;14;40;220;201;10199;56
260;20210814;15;30;219;123;10198;56
260;20210814;16;40;218;134;10195;56
260;20210814;17;40;219;116;10192;52
260;20210814;18;30;206;58;10188;63
260;20210814;19;20;190;17;10187;70
260;20210814;20;10;154;0;10186;91
260;20210814;21;10;140;0;10181;96
260;20210814;22;10;134;0;10179;97
260;20210814;23;10;134;0;10175;97
260;20210814;24;10;135;0;10171;97
260;20210815;1;10;136;0;10166;97
260;20210815;2;10;138;0;10161;97
260;20210815;3;10;136;0;10155;97
260;20210815;4;10;134;0;10152;97
260;20210815;5;10;141;2;10147;97
260;20210815;6;10;159;20;10146;91
260;20210815;7;20;175;51;10143;86
260;20210815;8;20;197;133;10143;75
260;20210815;9;30;214;190;10140;70
260;20210815;10;40;224;244;10136;65
260;20210815;11;50;223;235;10131;61
260;20210815;12;50;235;211;10128;65
260;20210815;13;50;238;240;10124;64
260;20210815;14;50;240;254;10117;58
260;20210815;15;50;246;196;10111;55
260;20210815;16;40;235;133;10106;58
260;20210815;17;40;223;38;10105;59
260;20210815;18;40;214;24;10102;62
260;20210815;19;30;203;7;10101;69
260;20210815;20;30;187;0;10103;80
260;20210815;21;30;177;0;10101;81
260;20210815;22;50;171;0;10096;79
260;20210815;23;50;167;0;10092;84
260;20210815;24;50;168;0;10087;87
260;20210816;1;40;169;0;10086;87
260;20210816;2;40;175;0;10084;84
260;20210816;3;40;172;0;10084;87
260;20210816;4;40;173;0;10081;88
260;20210816;5;40;170;1;10080;90
260;20210816;6;40;166;6;10082;94
260;20210816;7;40;163;22;10088;94
260;20210816;8;40;153;24;10096;92
260;20210816;9;40;164;62;10100;77
260;20210816;10;50;174;125;10105;71
260;20210816;11;50;163;143;10115;77
260;20210816;12;40;148;78;10122;89
260;20210816;13;40;161;90;10130;66
260;20210816;14;50;166;111;10134;61
260;20210816;15;50;167;136;10140;58
260;20210816;16;60;168;145;10145;55
260;20210816;17;60;164;128;10149;55
260;20210816;18;60;154;61;10155;57
260;20210816;19;50;148;9;10162;62
260;20210816;20;50;149;0;10167;66
260;20210816;21;40;144;0;10170;69
260;20210816;22;30;141;0;10173;72
260;20210816;23;30;134;0;10172;76
260;20210816;24;30;132;0;10172;76
260;20210817;1;20;124;0;10169;78
260;20210817;2;30;126;0;10172;79
260;20210817;3;20;130;0;10172;80
260;20210817;4;20;128;0;10170;84
260;20210817;5;20;130;3;10171;86
260;20210817;6;30;144;26;10169;86
260;20210817;7;20;154;37;10170;85
260;20210817;8;30;162;46;10168;83
260;20210817;9;40;161;42;10171;77
260;20210817;10;40;161;45;10169;76
260;20210817;11;40;148;32;10169;86
260;20210817;12;40;145;35;10167;93
260;20210817;13;40;148;53;10164;94
260;20210817;14;30;149;25;10159;95
260;20210817;15;30;152;33;10155;95
260;20210817;16;20;152;25;10155;95
260;20210817;17;20;156;18;10151;94
260;20210817;18;20;154;19;10150;94
260;20210817;19;30;153;6;10150;96
260;20210817;20;20;154;1;10154;96
260;20210817;21;20;150;0;10155;96
260;20210817;22;20;152;0;10154;96
260;20210817;23;20;152;0;10156;96
260;20210817;24;20;153;0;10156;95
260;20210818;1;20;151;0;10156;96
260;20210818;2;20;148;0;10155;94
260;20210818;3;20;152;0;10154;96
260;20210818;4;20;153;0;10153;93
260;20210818;5;20;152;2;10155;89
260;20210818;6;10;150;10;10152;93
260;20210818;7;20;160;25;10155;92
260;20210818;8;20;170;49;10154;90
260;20210818;9;30;177;64;10154;87
260;20210818;10;30;178;53;10152;86
260;20210818;11;20;181;64;10150;88
260;20210818;12;40;190;128;10148;78
260;20210818;13;40;196;139;10146;69
260;20210818;14;40;184;69;10146;75
260;20210818;15;40;178;49;10147;72
260;20210818;16;40;179;41;10144;74
260;20210818;17;30;176;34;10139;74
260;20210818;18;20;170;7;10136;82
260;20210818;19;20;168;3;10135;85
260;20210818;20;20;162;0;10135;90
260;20210818;21;20;167;0;10135;85
260;20210818;22;20;168;0;10133;82
260;20210818;23;20;160;0;10133;85
260;20210818;24;20;152;0;10131;89
260;20210819;1;20;153;0;10128;92
260;20210819;2;20;160;0;10126;90
260;20210819;3;20;160;0;10124;92
260;20210819;4;20;164;0;10123;90
260;20210819;5;30;165;1;10123;90
260;20210819;6;30;168;4;10126;88
260;20210819;7;30;171;9;10127;88
260;20210819;8;30;177;31;10129;86
260;20210819;9;30;177;46;10133;84
260;20210819;10;30;179;39;10134;84
260;20210819;11;40;180;49;10134;82
260;20210819;12;40;177;45;10137;88
260;20210819;13;50;168;75;10140;90
260;20210819;14;40;162;66;10142;96
260;20210819;15;30;170;40;10139;88
260;20210819;16;20;169;28;10139;85
260;20210819;17;20;171;14;10139;80
260;20210819;18;30;167;11;10139;81
260;20210819;19;20;164;3;10140;82
260;20210819;20;20;162;0;10143;80
260;20210819;21;20;158;0;10143;82
260;20210819;22;20;155;0;10146;83
260;20210819;23;20;140;0;10147;89
260;20210819;24;20;131;0;10147;95
260;20210820;1;20;144;0;10145;91
260;20210820;2;20;142;0;10144;92
260;20210820;3;20;148;0;10143;93
260;20210820;4;20;151;0;10142;95
260;20210820;5;20;155;1;10147;95
260;20210820;6;20;160;16;10149;95
260;20210820;7;30;171;41;10151;92
260;20210820;8;30;183;65;10154;85
260;20210820;9;30;191;89;10158;82
260;20210820;10;40;206;192;10159;71
260;20210820;11;40;215;202;10161;70
260;20210820;12;40;212;187;10163;68
260;20210820;13;30;210;76;10165;70
260;20210820;14;20;210;56;10165;72
260;20210820;15;20;211;87;10167;73
260;20210820;16;20;216;102;10168;69
260;20210820;17;30;205;56;10170;75
260;20210820;18;30;204;47;10173;75
260;20210820;19;20;182;11;10177;87
260;20210820;20;10;159;0;10182;94
260;20210820;21;10;143;0;10184;98
260;20210820;22;0;132;0;10184;99
260;20210820;23;0;125;0;10184;99
260;20210820;24;10;120;0;10184;99
260;20210821;1;10;119;0;10182;99
260;20210821;2;10;127;0;10182;100
260;20210821;3;10;125;0;10181;99
260;20210821;4;10;126;0;10179;99
260;20210821;5;10;129;2;10179;98
260;20210821;6;10;142;6;10182;98
260;20210821;7;10;162;43;10183;98
260;20210821;8;20;186;120;10182;85
260;20210821;9;20;206;174;10182;77
260;20210821;10;20;217;194;10181;72
260;20210821;11;30;222;209;10178;69
260;20210821;12;30;224;159;10175;70
260;20210821;13;20;229;124;10172;64
260;20210821;14;20;229;122;10169;64
260;20210821;15;20;232;95;10163;67
260;20210821;16;20;232;87;10161;65
260;20210821;17;20;227;60;10157;69
260;20210821;18;20;216;26;10154;76
260;20210821;19;20;204;5;10150;80
260;20210821;20;30;204;0;10149;79
260;20210821;21;20;189;0;10149;90
260;20210821;22;20;186;0;10150;93
260;20210821;23;10;180;0;10145;98
260;20210821;24;10;177;0;10141;97
260;20210822;1;10;173;0;10138;98
260;20210822;2;20;175;0;10135;97
260;20210822;3;30;172;0;10134;96
260;20210822;4;30;170;0;10134;96
260;20210822;5;30;169;2;10135;96
260;20210822;6;30;172;13;10137;96
260;20210822;7;30;176;21;10140;94
260;20210822;8;30;182;50;10143;90
260;20210822;9;30;187;74;10144;86
260;20210822;10;30;200;99;10144;80
260;20210822;11;40;191;75;10143;86
260;20210822;12;40;164;20;10150;96
260;20210822;13;20;173;30;10149;95
260;20210822;14;30;195;164;10149;88
260;20210822;15;30;194;96;10151;80
260;20210822;16;30;196;54;10155;81
260;20210822;17;30;189;46;10156;86
260;20210822;18;30;175;12;10161;94
260;20210822;19;30;172;2;10165;96
260;20210822;20;40;174;0;10171;95
260;20210822;21;40;174;0;10175;94
260;20210822;22;40;174;0;10178;97
260;20210822;23;40;173;0;10185;96
260;20210822;24;30;172;0;10193;96
260;20210823;1;40;173;0;10200;95
260;20210823;2;40;168;0;10205;95
260;20210823;3;50;161;0;10211;96
260;20210823;4;40;160;0;10218;94
260;20210823;5;40;160;1;10225;93
260;20210823;6;30;164;11;10232;91
260;20210823;7;30;168;30;10235;87
260;20210823;8;40;176;66;10240;80
260;20210823;9;40;190;160;10243;70
260;20210823;10;50;199;203;10246;69
260;20210823;11;50;206;209;10246;70
260;20210823;12;40;204;205;10246;68
260;20210823;13;40;210;188;10247;68
260;20210823;14;40;213;152;10248;64
260;20210823;15;40;219;181;10249;52
260;20210823;16;40;216;153;10250;54
260;20210823;17;40;210;97;10252;57
260;20210823;18;40;198;45;10256;67
260;20210823;19;30;183;8;10262;72
260;20210823;20;30;169;0;10268;74
260;20210823;21;30;163;0;10272;76
260;20210823;22;30;155;0;10275;83
260;20210823;23;30;149;0;10277;86
260;20210823;24;30;146;0;10279;85
260;20210824;1;40;142;0;10279;86
260;20210824;2;30;132;0;10281;91
260;20210824;3;30;133;0;10282;92
260;20210824;4;20;126;0;10284;96
260;20210824;5;20;133;2;10288;97
260;20210824;6;30;145;32;10288;94
260;20210824;7;30;160;85;10292;90
260;20210824;8;40;168;129;10293;85
260;20210824;9;40;178;152;10294;81
260;20210824;10;40;194;202;10293;71
260;20210824;11;50;196;253;10291;67
260;20210824;12;50;204;212;10286;66
260;20210824;13;50;210;218;10282;62
260;20210824;14;40;212;193;10279;64
260;20210824;15;40;210;129;10278;63
260;20210824;16;50;211;122;10275;63
260;20210824;17;40;203;95;10273;65
260;20210824;18;30;194;48;10274;71
260;20210824;19;30;180;6;10276;81
260;20210824;20;30;169;0;10276;87
260;20210824;21;30;163;0;10275;89
260;20210824;22;30;155;0;10275;93
260;20210824;23;20;147;0;10276;96
260;20210824;24;10;127;0;10272;98
260;20210825;1;10;117;0;10267;98
260;20210825;2;10;109;0;10264;98
260;20210825;3;10;123;0;10261;99
260;20210825;4;10;123;0;10255;99
260;20210825;5;10;119;1;10253;100
260;20210825;6;10;122;16;10253;100
260;20210825;7;10;134;54;10254;98
260;20210825;8;20;160;129;10253;86
260;20210825;9;20;184;187;10249;75
260;20210825;10;20;199;227;10247;66
260;20210825;11;30;202;210;10238;65
260;20210825;12;30;199;238;10232;65
260;20210825;13;30;210;257;10226;57
260;20210825;14;40;208;213;10219;59
260;20210825;15;40;208;187;10211;59
260;20210825;16;40;183;85;10210;74
260;20210825;17;40;173;48;10205;73
260;20210825;18;30;169;11;10200;79
260;20210825;19;30;159;1;10197;91
260;20210825;20;30;157;0;10193;93
260;20210825;21;30;159;0;10188;93
260;20210825;22;30;158;0;10180;95
260;20210825;23;30;159;0;10176;95
260;20210825;24;30;157;0;10172;92
260;20210826;1;30;157;0;10166;85
260;20210826;2;30;156;0;10163;77
260;20210826;3;30;151;0;10162;78
260;20210826;4;30;152;0;10160;76
260;20210826;5;30;153;1;10158;75
260;20210826;6;30;155;11;10157;75
260;20210826;7;40;161;42;10159;73
260;20210826;8;50;171;115;10158;73
260;20210826;9;50;172;139;10157;74
260;20210826;10;40;174;138;10157;74
260;20210826;11;40;172;92;10159;71
260;20210826;12;40;172;117;10158;78
260;20210826;13;30;180;117;10157;71
260;20210826;14;40;188;162;10156;72
260;20210826;15;40;185;122;10155;79
260;20210826;16;40;190;122;10153;71
260;20210826;17;40;189;64;10157;66
260;20210826;18;40;178;41;10162;66
260;20210826;19;30;166;5;10171;70
260;20210826;20;30;153;0;10178;74
260;20210826;21;20;144;0;10182;79
260;20210826;22;20;137;0;10181;82
260;20210826;23;20;125;0;10182;91
260;20210826;24;20;141;0;10182;84
260;20210827;1;20;136;0;10181;87
260;20210827;2;20;133;0;10180;88
260;20210827;3;20;138;0;10182;87
260;20210827;4;20;138;0;10185;89
260;20210827;5;20;133;1;10184;93
260;20210827;6;20;140;12;10187;85
260;20210827;7;30;160;72;10188;76
260;20210827;8;50;169;132;10191;70
260;20210827;9;50;149;97;10193;88
260;20210827;10;30;183;188;10189;70
260;20210827;11;60;184;139;10188;70
260;20210827;12;40;172;125;10189;85
260;20210827;13;40;189;173;10187;70
260;20210827;14;60;184;139;10187;63
260;20210827;15;60;182;173;10187;66
260;20210827;16;60;183;109;10187;64
260;20210827;17;50;170;64;10189;70
260;20210827;18;40;162;21;10191;80
260;20210827;19;30;155;2;10195;90
260;20210827;20;30;153;0;10197;90
260;20210827;21;20;150;0;10199;92
260;20210827;22;20;144;0;10200;95
260;20210827;23;20;138;0;10200;97
260;20210827;24;20;142;0;10201;97
260;20210828;1;20;151;0;10198;95
260;20210828;2;30;154;0;10199;95
260;20210828;3;20;155;0;10199;96
260;20210828;4;20;155;0;10199;94
260;20210828;5;20;154;1;10199;94
260;20210828;6;30;165;21;10202;90
260;20210828;7;30;172;59;10204;85
260;20210828;8;40;179;88;10206;79
260;20210828;9;50;180;99;10209;78
260;20210828;10;50;192;161;10210;70
260;20210828;11;60;188;149;10213;68
260;20210828;12;60;195;180;10211;69
260;20210828;13;60;196;170;10212;63
260;20210828;14;60;193;170;10212;65
260;20210828;15;60;186;112;10214;66
260;20210828;16;50;181;68;10217;68
260;20210828;17;60;174;39;10219;70
260;20210828;18;40;173;16;10218;69
260;20210828;19;30;163;3;10221;78
260;20210828;20;30;159;0;10224;77
260;20210828;21;30;154;0;10221;88
260;20210828;22;20;150;0;10221;91
260;20210828;23;20;152;0;10221;87
260;20210828;24;20;153;0;10218;86
260;20210829;1;20;156;0;10215;87
260;20210829;2;30;156;0;10215;86
260;20210829;3;30;154;0;10214;84
260;20210829;4;30;150;0;10211;89
260;20210829;5;30;153;0;10209;89
260;20210829;6;40;156;3;10210;86
260;20210829;7;40;158;13;10208;85
260;20210829;8;40;160;28;10207;84
260;20210829;9;40;162;26;10207;84
260;20210829;10;40;162;49;10204;87
260;20210829;11;40;164;40;10202;84
260;20210829;12;40;162;32;10199;90
260;20210829;13;40;165;44;10197;93
260;20210829;14;30;166;34;10195;95
260;20210829;15;30;168;40;10194;93
260;20210829;16;30;171;29;10195;92
260;20210829;17;40;168;22;10197;94
260;20210829;18;30;165;9;10199;96
260;20210829;19;30;166;1;10203;94
260;20210829;20;30;165;0;10205;94
260;20210829;21;30;166;0;10208;92
260;20210829;22;30;166;0;10208;91
260;20210829;23;30;162;0;10209;92
260;20210829;24;30;162;0;10209;91
260;20210830;1;30;163;0;10209;89
260;20210830;2;30;162;0;10210;89
260;20210830;3;30;158;0;10208;91
260;20210830;4;20;154;0;10209;93
260;20210830;5;20;158;1;10208;94
260;20210830;6;20;167;6;10211;92
260;20210830;7;30;172;19;10213;90
260;20210830;8;30;178;30;10215;88
260;20210830;9;40;183;58;10217;83
260;20210830;10;40;194;116;10215;76
260;20210830;11;40;196;130;10215;74
260;20210830;12;40;206;209;10214;69
260;20210830;13;40;209;149;10213;69
260;20210830;14;50;209;158;10214;68
260;20210830;15;50;202;142;10216;70
260;20210830;16;60;191;125;10216;73
260;20210830;17;60;186;72;10219;77
260;20210830;18;50;177;17;10221;82
260;20210830;19;40;170;2;10225;85
260;20210830;20;30;164;0;10229;88
260;20210830;21;30;159;0;10232;90
260;20210830;22;30;153;0;10235;93
260;20210830;23;20;151;0;10238;95
260;20210830;24;20;151;0;10240;95
260;20210831;1;20;147;0;10242;96
260;20210831;2;20;139;0;10246;98
260;20210831;3;10;120;0;10245;99
260;20210831;4;10;124;0;10245;98
260;20210831;5;20;135;1;10249;98
260;20210831;6;20;141;20;10253;98
260;20210831;7;20;158;56;10256;92
260;20210831;8;30;169;88;10259;86
260;20210831;9;30;175;90;10263;85
260;20210831;10;30;182;110;10264;75
260;20210831;11;40;190;119;10266;72
260;20210831;12;40;191;142;10269;69
260;20210831;13;50;194;195;10271;70
260;20210831;14;40;191;157;10269;70
260;20210831;15;50;190;171;10269;69
260;20210831;16;50;173;54;10270;79
260;20210831;17;40;169;27;10270;77
260;20210831;18;40;164;8;10271;80
260;20210831;19;30;162;2;10274;78
260;20210831;20;30;160;0;10276;80
260;20210831;21;20;160;0;10278;80
260;20210831;22;20;160;0;10281;78
260;20210831;23;20;159;0;10282;78
260;20210831;24;20;158;0;10282;77
260;20210901;1;30;161;0;10282;69
260;20210901;2;20;154;0;10282;78
260;20210901;3;20;154;0;10281;80
260;20210901;4;10;147;0;10281;88
260;20210901;5;10;145;1;10282;91
260;20210901;6;10;149;5;10285;85
260;20210901;7;10;157;18;10287;82
260;20210901;8;10;163;32;10291;78
260;20210901;9;10;167;47;10294;76
260;20210901;10;20;169;61;10295;74
260;20210901;11;20;180;88;10291;69
260;20210901;12;30;174;83;10292;76
260;20210901;13;20;184;94;10290;66
260;20210901;14;20;181;78;10288;69
260;20210901;15;20;183;68;10286;68
260;20210901;16;30;179;64;10282;68
260;20210901;17;20;179;28;10280;68
260;20210901;18;20;174;17;10282;70
260;20210901;19;20;169;1;10286;72
260;20210901;20;20;165;0;10287;79
260;20210901;21;20;166;0;10288;69
260;20210901;22;10;158;0;10286;79
260;20210901;23;10;153;0;10287;83
260;20210901;24;10;150;0;10286;88
260;20210902;1;10;152;0;10284;86
260;20210902;2;10;149;0;10282;89
260;20210902;3;10;148;0;10281;88
260;20210902;4;10;143;0;10280;92
260;20210902;5;10;144;1;10279;89
260;20210902;6;10;149;8;10280;84
260;20210902;7;20;162;32;10280;68
260;20210902;8;20;166;71;10283;66
260;20210902;9;20;166;93;10285;65
260;20210902;10;10;177;104;10283;65
260;20210902;11;20;180;124;10281;63
260;20210902;12;10;184;126;10277;62
260;20210902;13;20;195;225;10273;57
260;20210902;14;20;202;221;10269;57
260;20210902;15;20;205;184;10263;58
260;20210902;16;30;198;139;10257;66
260;20210902;17;40;186;82;10252;70
260;20210902;18;40;169;30;10250;75
260;20210902;19;30;156;2;10250;80
260;20210902;20;30;148;0;10252;84
260;20210902;21;20;140;0;10251;88
260;20210902;22;20;136;0;10250;90
260;20210902;23;20;128;0;10247;93
260;20210902;24;10;122;0;10246;95
260;20210903;1;10;117;0;10242;98
260;20210903;2;10;116;0;10237;97
260;20210903;3;20;119;0;10233;96
260;20210903;4;20;118;0;10228;97
260;20210903;5;10;115;0;10227;98
260;20210903;6;20;122;18;10226;95
260;20210903;7;20;139;68;10228;91
260;20210903;8;30;162;120;10225;83
260;20210903;9;30;183;173;10225;74
260;20210903;10;40;196;199;10223;70
260;20210903;11;30;208;159;10219;70
260;20210903;12;30;210;172;10214;68
260;20210903;13;30;217;206;10210;65
260;20210903;14;30;222;212;10205;65
260;20210903;15;30;220;167;10200;66
260;20210903;16;40;209;129;10198;69
260;20210903;17;40;197;78;10196;72
260;20210903;18;30;183;27;10196;78
260;20210903;19;30;168;1;10197;83
260;20210903;20;30;159;0;10200;87
260;20210903;21;30;152;0;10199;88
260;20210903;22;30;141;0;10201;92
260;20210903;23;30;134;0;10202;93
260;20210903;24;30;130;0;10199;92
260;20210904;1;20;123;0;10198;94
260;20210904;2;30;118;0;10196;95
260;20210904;3;30;118;0;10194;95
260;20210904;4;40;125;0;10194;96
260;20210904;5;30;127;1;10194;95
260;20210904;6;40;129;7;10196;92
260;20210904;7;30;132;19;10198;89
260;20210904;8;40;138;52;10198;86
260;20210904;9;30;151;105;10200;81
260;20210904;10;30;159;148;10200;76
260;20210904;11;40;177;235;10195;72
260;20210904;12;40;188;250;10192;66
260;20210904;13;30;200;245;10190;65
260;20210904;14;30;206;221;10189;59
260;20210904;15;30;210;181;10184;60
260;20210904;16;30;209;129;10183;60
260;20210904;17;30;201;78;10183;61
260;20210904;18;20;184;28;10184;70
260;20210904;19;20;155;1;10190;86
260;20210904;20;20;133;0;10195;96
260;20210904;21;20;134;0;10197;94
260;20210904;22;20;135;0;10199;91
260;20210904;23;20;129;0;10202;92
260;20210904;24;20;124;0;10203;92
260;20210905;1;20;117;0;10201;95
260;20210905;2;20;109;0;10203;95
260;20210905;3;20;103;0;10205;98
260;20210905;4;20;101;0;10204;97
260;20210905;5;20;99;0;10207;97
260;20210905;6;20;108;16;10209;95
260;20210905;7;20;130;64;10212;87
260;20210905;8;10;161;120;10218;78
260;20210905;9;20;179;171;10219;69
260;20210905;10;30;192;214;10220;63
260;20210905;11;30;200;240;10218;61
260;20210905;12;30;215;252;10217;53
260;20210905;13;20;224;243;10216;50
260;20210905;14;20;230;218;10213;49
260;20210905;15;20;233;178;10213;47
260;20210905;16;20;227;126;10212;54
260;20210905;17;20;217;77;10214;58
260;20210905;18;20;197;26;10218;67
260;20210905;19;20;150;1;10223;90
260;20210905;20;10;129;0;10227;95
260;20210905;21;10;118;0;10229;98
260;20210905;22;10;110;0;10230;97
260;20210905;23;10;101;0;10230;98
260;20210905;24;10;94;0;10232;99
260;20210906;1;10;92;0;10232;99
260;20210906;2;10;87;0;10231;99
260;20210906;3;10;86;0;10232;99
260;20210906;4;10;85;0;10230;99
260;20210906;5;10;81;0;10233;98
260;20210906;6;10;106;18;10237;98
260;20210906;7;10;142;68;10242;91
260;20210906;8;10;170;106;10246;83
260;20210906;9;10;202;156;10251;68
260;20210906;10;10;215;199;10250;60
260;20210906;11;10;215;199;10247;57
260;20210906;12;10;228;192;10247;48
260;20210906;13;10;234;152;10246;44
260;20210906;14;10;239;153;10244;48
260;20210906;15;20;238;151;10243;51
260;20210906;16;20;237;128;10241;47
260;20210906;17;20;225;65;10239;54
260;20210906;18;20;203;14;10240;68
260;20210906;19;10;169;1;10243;87
260;20210906;20;10;150;0;10245;95
260;20210906;21;10;143;0;10248;94
260;20210906;22;10;136;0;10246;97
260;20210906;23;10;143;0;10246;97
260;20210906;24;10;141;0;10245;96
260;20210907;1;10;130;0;10241;98
260;20210907;2;10;128;0;10239;98
260;20210907;3;10;123;0;10239;98
260;20210907;4;10;118;0;10237;98
260;20210907;5;10;113;0;10239;97
260;20210907;6;0;133;10;10241;98
260;20210907;7;10;161;33;10240;89
260;20210907;8;10;186;67;10244;79
260;20210907;9;10;202;87;10246;70
260;20210907;10;20;225;174;10244;62
260;20210907;11;20;235;216;10240;54
260;20210907;12;30;245;236;10236;54
260;20210907;13;20;250;213;10233;48
260;20210907;14;20;251;177;10226;51
260;20210907;15;20;255;149;10221;50
260;20210907;16;20;252;114;10218;53
260;20210907;17;20;239;64;10214;61
260;20210907;18;20;217;20;10212;71
260;20210907;19;20;179;0;10214;90
260;20210907;20;20;166;0;10213;92
260;20210907;21;20;158;0;10211;93
260;20210907;22;10;144;0;10210;97
260;20210907;23;20;140;0;10207;96
260;20210907;24;20;141;0;10202;94
260;20210908;1;20;135;0;10197;95
260;20210908;2;20;129;0;10194;96
260;20210908;3;10;128;0;10191;96
260;20210908;4;10;116;0;10188;98
260;20210908;5;10;115;0;10186;98
260;20210908;6;10;135;14;10184;96
260;20210908;7;10;181;58;10181;76
260;20210908;8;20;200;114;10177;68
260;20210908;9;30;218;164;10177;63
260;20210908;10;40;237;204;10172;59
260;20210908;11;40;250;228;10165;52
260;20210908;12;40;261;239;10159;45
260;20210908;13;30;265;234;10154;47
260;20210908;14;40;264;208;10146;47
260;20210908;15;40;265;167;10139;50
260;20210908;16;30;259;116;10132;52
260;20210908;17;40;250;66;10128;51
260;20210908;18;30;221;19;10127;66
260;20210908;19;20;181;0;10129;86
260;20210908;20;20;168;0;10128;90
260;20210908;21;30;189;0;10124;79
260;20210908;22;20;176;0;10122;84
260;20210908;23;20;162;0;10119;89
260;20210908;24;20;155;0;10114;91
260;20210909;1;20;147;0;10108;91
260;20210909;2;20;136;0;10104;95
260;20210909;3;20;137;0;10104;96
260;20210909;4;20;139;0;10099;95
260;20210909;5;20;134;0;10096;94
260;20210909;6;20;161;13;10094;85
260;20210909;7;20;184;53;10093;76
260;20210909;8;30;195;89;10096;77
260;20210909;9;20;211;148;10097;70
260;20210909;10;30;227;181;10098;67
260;20210909;11;20;248;217;10095;61
260;20210909;12;40;253;199;10097;63
260;20210909;13;40;263;214;10094;59
260;20210909;14;50;255;180;10097;63
260;20210909;15;40;250;122;10098;62
260;20210909;16;30;243;102;10099;60
260;20210909;17;30;238;46;10098;60
260;20210909;18;10;204;14;10101;80
260;20210909;19;10;185;1;10104;90
260;20210909;20;10;184;0;10106;91
260;20210909;21;10;184;0;10108;92
260;20210909;22;10;182;0;10107;93
260;20210909;23;20;181;0;10108;95
260;20210909;24;20;182;0;10109;97
260;20210910;1;20;174;0;10107;97
260;20210910;2;20;182;0;10106;97
260;20210910;3;20;179;0;10106;97
260;20210910;4;20;185;0;10106;97
260;20210910;5;20;185;0;10106;96
260;20210910;6;20;187;6;10110;95
260;20210910;7;20;192;25;10115;93
260;20210910;8;20;200;52;10120;89
260;20210910;9;30;207;75;10123;85
260;20210910;10;30;218;139;10125;79
260;20210910;11;40;223;165;10125;75
260;20210910;12;40;230;134;10121;75
260;20210910;13;40;220;76;10123;73
260;20210910;14;30;207;53;10125;90
260;20210910;15;30;211;61;10125;87
260;20210910;16;30;219;66;10124;82
260;20210910;17;20;206;16;10127;87
260;20210910;18;10;192;24;10128;93
260;20210910;19;10;185;0;10135;96
260;20210910;20;20;174;0;10136;98
260;20210910;21;20;179;0;10142;98
260;20210910;22;20;178;0;10141;92
260;20210910;23;10;172;0;10142;98
260;20210910;24;30;173;0;10144;91
260;20210911;1;20;163;0;10143;95
260;20210911;2;30;163;0;10142;92
260;20210911;3;30;163;0;10142;93
260;20210911;4;30;167;0;10142;93
260;20210911;5;30;168;0;10144;92
260;20210911;6;30;169;6;10147;92
260;20210911;7;30;171;17;10151;92
260;20210911;8;30;179;41;10155;90
260;20210911;9;30;185;49;10160;87
260;20210911;10;40;192;91;10161;85
260;20210911;11;50;203;134;10158;79
260;20210911;12;50;206;137;10158;79
260;20210911;13;40;189;75;10159;86
260;20210911;14;30;201;82;10159;86
260;20210911;15;20;197;41;10161;87
260;20210911;16;30;199;58;10161;82
260;20210911;17;30;196;28;10163;84
260;20210911;18;30;191;8;10165;85
260;20210911;19;20;186;0;10170;88
260;20210911;20;30;186;0;10174;85
260;20210911;21;20;182;0;10175;84
260;20210911;22;30;178;0;10174;81
260;20210911;23;30;178;0;10174;81
260;20210911;24;30;176;0;10172;82
260;20210912;1;30;168;0;10169;84
260;20210912;2;30;157;0;10169;86
260;20210912;3;30;148;0;10171;88
260;20210912;4;20;140;0;10170;93
260;20210912;5;20;146;0;10171;91
260;20210912;6;30;148;5;10172;91
260;20210912;7;20;151;19;10174;89
260;20210912;8;20;153;31;10177;88
260;20210912;9;30;167;78;10181;87
260;20210912;10;30;179;101;10181;85
260;20210912;11;20;196;120;10180;81
260;20210912;12;20;191;87;10179;81
260;20210912;13;20;204;91;10178;63
260;20210912;14;30;207;128;10178;60
260;20210912;15;40;205;166;10177;64
260;20210912;16;40;195;88;10180;66
260;20210912;17;30;179;47;10181;71
260;20210912;18;20;163;12;10182;78
260;20210912;19;20;151;0;10185;84
260;20210912;20;10;126;0;10189;95
260;20210912;21;0;117;0;10191;98
260;20210912;22;10;113;0;10193;98
260;20210912;23;10;106;0;10194;99
260;20210912;24;10;102;0;10194;99
260;20210913;1;0;98;0;10191;99
260;20210913;2;10;94;0;10192;99
260;20210913;3;10;92;0;10189;99
260;20210913;4;0;91;0;10189;99
260;20210913;5;10;102;0;10190;98
260;20210913;6;0;108;4;10192;98
260;20210913;7;10;131;30;10195;97
260;20210913;8;10;154;70;10198;88
260;20210913;9;20;166;87;10201;82
260;20210913;10;20;177;123;10202;76
260;20210913;11;20;181;127;10198;71
260;20210913;12;10;182;106;10195;74
260;20210913;13;20;183;114;10190;72
260;20210913;14;30;185;94;10185;74
260;20210913;15;30;183;89;10182;73
260;20210913;16;20;187;75;10180;74
260;20210913;17;20;176;35;10178;78
260;20210913;18;20;161;8;10176;84
260;20210913;19;20;144;0;10178;92
260;20210913;20;20;140;0;10178;93
260;20210913;21;20;141;0;10175;92
260;20210913;22;20;134;0;10172;94
260;20210913;23;20;135;0;10172;94
260;20210913;24;20;133;0;10168;94
260;20210914;1;20;124;0;10166;97
260;20210914;2;20;127;0;10164;97
260;20210914;3;20;131;0;10159;96
260;20210914;4;20;126;0;10152;94
260;20210914;5;20;120;0;10153;96
260;20210914;6;20;127;14;10151;95
260;20210914;7;30;135;32;10150;91
260;20210914;8;30;153;80;10148;87
260;20210914;9;30;179;135;10148;80
260;20210914;10;30;200;194;10144;70
260;20210914;11;40;212;210;10142;64
260;20210914;12;40;220;198;10136;66
260;20210914;13;40;215;141;10134;63
260;20210914;14;30;213;91;10131;69
260;20210914;15;30;207;37;10127;75
260;20210914;16;30;204;42;10120;80
260;20210914;17;30;202;10;10118;80
260;20210914;18;30;198;4;10116;81
260;20210914;19;20;190;0;10116;88
260;20210914;20;10;184;0;10114;93
260;20210914;21;10;181;0;10115;96
260;20210914;22;10;176;0;10111;97
260;20210914;23;0;170;0;10107;99
260;20210914;24;10;161;0;10106;99
260;20210915;1;10;155;0;10105;99
260;20210915;2;10;159;0;10101;100
260;20210915;3;10;143;0;10100;99
260;20210915;4;10;152;0;10097;100
260;20210915;5;10;159;0;10098;100
260;20210915;6;10;169;3;10098;98
260;20210915;7;10;178;18;10101;97
260;20210915;8;20;176;20;10103;96
260;20210915;9;10;182;48;10102;92
260;20210915;10;20;184;42;10104;85
260;20210915;11;30;190;80;10106;79
260;20210915;12;30;194;77;10108;76
260;20210915;13;30;192;57;10108;77
260;20210915;14;30;192;83;10111;76
260;20210915;15;30;185;44;10117;82
260;20210915;16;40;179;36;10122;78
260;20210915;17;40;171;11;10128;82
260;20210915;18;40;165;2;10133;81
260;20210915;19;30;163;0;10137;74
260;20210915;20;20;158;0;10142;78
260;20210915;21;20;156;0;10144;80
260;20210915;22;20;144;0;10146;84
260;20210915;23;20;147;0;10148;83
260;20210915;24;20;148;0;10149;85
260;20210916;1;20;143;0;10148;87
260;20210916;2;30;148;0;10149;84
260;20210916;3;20;148;0;10150;83
260;20210916;4;30;152;0;10153;82
260;20210916;5;20;153;0;10156;82
260;20210916;6;30;152;6;10159;81
260;20210916;7;20;158;29;10162;81
260;20210916;8;30;173;105;10166;74
260;20210916;9;40;181;149;10169;67
260;20210916;10;40;182;147;10172;65
260;20210916;11;40;188;157;10173;68
260;20210916;12;30;191;128;10173;69
260;20210916;13;40;197;131;10173;63
260;20210916;14;30;202;122;10169;64
260;20210916;15;40;201;113;10169;64
260;20210916;16;30;194;75;10168;64
260;20210916;17;30;186;52;10170;69
260;20210916;18;20;169;8;10170;78
260;20210916;19;20;152;0;10173;88
260;20210916;20;20;128;0;10175;96
260;20210916;21;10;118;0;10176;99
260;20210916;22;10;118;0;10177;99
260;20210916;23;10;125;0;10179;98
260;20210916;24;10;131;0;10176;98
260;20210917;1;10;135;0;10174;98
260;20210917;2;10;134;0;10169;98
260;20210917;3;10;137;0;10164;98
260;20210917;4;10;138;0;10160;98
260;20210917;5;20;143;0;10160;96
260;20210917;6;10;145;3;10159;95
260;20210917;7;10;153;14;10160;93
260;20210917;8;20;170;56;10160;81
260;20210917;9;20;181;71;10160;76
260;20210917;10;20;190;96;10161;74
260;20210917;11;30;207;206;10158;70
260;20210917;12;30;205;186;10157;70
260;20210917;13;20;203;55;10156;69
260;20210917;14;20;199;61;10154;74
260;20210917;15;20;202;57;10152;72
260;20210917;16;30;199;85;10152;65
260;20210917;17;20;193;49;10153;72
260;20210917;18;10;161;7;10153;90
260;20210917;19;10;137;0;10155;97
260;20210917;20;10;126;0;10160;99
260;20210917;21;0;121;0;10162;99
260;20210917;22;0;116;0;10164;99
260;20210917;23;0;109;0;10165;99
260;20210917;24;0;105;0;10165;100
260;20210918;1;10;102;0;10166;98
260;20210918;2;10;96;0;10165;98
260;20210918;3;0;92;0;10162;98
260;20210918;4;0;89;0;10163;98
260;20210918;5;10;88;0;10165;98
260;20210918;6;10;94;8;10167;98
260;20210918;7;10;130;42;10171;98
260;20210918;8;10;152;71;10174;95
260;20210918;9;10;181;130;10174;81
260;20210918;10;10;197;134;10176;69
260;20210918;11;10;212;180;10173;62
260;20210918;12;20;217;184;10170;53
260;20210918;13;20;217;206;10168;52
260;20210918;14;20;209;146;10165;60
260;20210918;15;40;203;97;10162;66
260;20210918;16;30;200;82;10161;65
260;20210918;17;20;189;29;10161;68
260;20210918;18;20;171;5;10161;79
260;20210918;19;20;157;0;10164;85
260;20210918;20;20;147;0;10165;88
260;20210918;21;20;137;0;10163;90
260;20210918;22;30;135;0;10162;89
260;20210918;23;30;131;0;10161;90
260;20210918;24;20;126;0;10160;92
260;20210919;1;20;122;0;10157;95
260;20210919;2;30;124;0;10153;95
260;20210919;3;30;125;0;10149;95
260;20210919;4;20;119;0;10148;96
260;20210919;5;30;120;0;10147;97
260;20210919;6;30;123;6;10148;96
260;20210919;7;30;138;50;10151;91
260;20210919;8;40;148;88;10154;85
260;20210919;9;30;171;145;10155;77
260;20210919;10;40;184;183;10154;70
260;20210919;11;40;194;215;10153;67
260;20210919;12;40;198;212;10154;64
260;20210919;13;40;195;135;10150;63
260;20210919;14;40;195;131;10148;62
260;20210919;15;30;196;78;10148;63
260;20210919;16;30;189;50;10152;66
260;20210919;17;30;175;23;10153;73
260;20210919;18;30;161;4;10158;78
260;20210919;19;30;150;0;10162;81
260;20210919;20;30;148;0;10167;80
260;20210919;21;30;141;0;10171;81
260;20210919;22;30;136;0;10176;81
260;20210919;23;30;132;0;10180;80
260;20210919;24;30;120;0;10181;81
260;20210920;1;30;117;0;10183;81
260;20210920;2;30;108;0;10184;82
260;20210920;3;20;102;0;10187;84
260;20210920;4;30;102;0;10192;84
260;20210920;5;20;103;0;10196;82
260;20210920;6;20;93;7;10200;88
260;20210920;7;20;110;38;10204;81
260;20210920;8;30;129;74;10208;68
260;20210920;9;40;144;131;10214;61
260;20210920;10;60;158;173;10215;55
260;20210920;11;60;162;223;10216;53
260;20210920;12;50;165;198;10220;53
260;20210920;13;60;159;129;10224;54
260;20210920;14;50;158;91;10227;59
260;20210920;15;40;151;68;10229;60
260;20210920;16;40;155;91;10235;58
260;20210920;17;30;144;42;10240;59
260;20210920;18;20;112;8;10250;79
260;20210920;19;10;104;0;10255;91
260;20210920;20;10;111;0;10259;89
260;20210920;21;10;83;0;10267;94
260;20210920;22;20;73;0;10270;96
260;20210920;23;10;61;0;10276;98
260;20210920;24;10;57;0;10278;97
260;20210921;1;10;49;0;10282;97
260;20210921;2;10;48;0;10278;98
260;20210921;3;0;51;0;10280;98
260;20210921;4;10;44;0;10286;98
260;20210921;5;0;39;0;10290;98
260;20210921;6;10;44;4;10291;97
260;20210921;7;10;87;44;10297;78
260;20210921;8;0;135;85;10304;60
260;20210921;9;10;156;131;10306;53
260;20210921;10;10;169;157;10306;47
260;20210921;11;20;178;186;10307;42
260;20210921;12;20;182;175;10305;40
260;20210921;13;20;184;185;10303;43
260;20210921;14;20;186;160;10299;44
260;20210921;15;20;190;123;10299;49
260;20210921;16;20;181;53;10297;59
260;20210921;17;20;170;34;10300;68
260;20210921;18;20;146;5;10304;80
260;20210921;19;20;126;0;10306;89
260;20210921;20;10;106;0;10309;97
260;20210921;21;10;98;0;10309;98
260;20210921;22;10;93;0;10307;99
260;20210921;23;10;86;0;10304;99
260;20210921;24;10;78;0;10299;99
260;20210922;1;10;70;0;10298;99
260;20210922;2;10;66;0;10296;99
260;20210922;3;10;67;0;10293;99
260;20210922;4;10;66;0;10290;99
260;20210922;5;10;64;0;10291;100
260;20210922;6;10;74;3;10293;99
260;20210922;7;20;102;22;10295;98
260;20210922;8;20;135;76;10295;90
260;20210922;9;20;164;124;10293;77
260;20210922;10;30;181;167;10290;69
260;20210922;11;30;191;200;10287;65
260;20210922;12;30;199;175;10280;59
260;20210922;13;30;203;181;10276;57
260;20210922;14;30;205;180;10267;55
260;20210922;15;30;204;143;10259;53
260;20210922;16;30;197;93;10255;53
260;20210922;17;30;183;41;10253;57
260;20210922;18;30;155;4;10254;68
260;20210922;19;20;147;0;10251;71
260;20210922;20;20;107;0;10246;90
260;20210922;21;20;94;0;10239;97
260;20210922;22;20;99;0;10235;93
260;20210922;23;10;87;0;10231;97
260;20210922;24;20;115;0;10224;85
260;20210923;1;30;117;0;10220;84
260;20210923;2;30;129;0;10212;79
260;20210923;3;30;126;0;10202;81
260;20210923;4;30;127;0;10199;85
260;20210923;5;30;129;0;10187;89
260;20210923;6;40;132;4;10185;91
260;20210923;7;30;144;22;10185;91
260;20210923;8;40;155;78;10176;88
260;20210923;9;40;164;65;10181;84
260;20210923;10;50;175;97;10179;71
260;20210923;11;60;182;120;10176;70
260;20210923;12;60;191;165;10170;65
260;20210923;13;50;184;57;10168;72
260;20210923;14;50;186;56;10169;72
260;20210923;15;60;183;72;10169;71
260;20210923;16;40;181;35;10165;74
260;20210923;17;40;181;15;10163;75
260;20210923;18;40;174;3;10163;81
260;20210923;19;30;172;0;10169;85
260;20210923;20;30;169;0;10173;78
260;20210923;21;20;165;0;10175;78
260;20210923;22;10;157;0;10173;82
260;20210923;23;20;140;0;10172;90
260;20210923;24;20;129;0;10170;95
260;20210924;1;20;145;0;10166;89
260;20210924;2;20;150;0;10162;86
260;20210924;3;20;150;0;10160;88
260;20210924;4;20;145;0;10157;94
260;20210924;5;30;152;0;10158;98
260;20210924;6;30;163;2;10155;96
260;20210924;7;30;169;12;10157;93
260;20210924;8;40;173;28;10158;90
260;20210924;9;40;179;47;10159;86
260;20210924;10;40;197;112;10155;74
260;20210924;11;60;197;168;10153;72
260;20210924;12;50;203;131;10149;68
260;20210924;13;60;202;95;10148;69
260;20210924;14;60;209;173;10145;59
260;20210924;15;50;210;134;10142;62
260;20210924;16;50;201;91;10142;66
260;20210924;17;40;192;34;10143;71
260;20210924;18;40;186;3;10146;73
260;20210924;19;30;180;0;10149;73
260;20210924;20;30;180;0;10153;71
260;20210924;21;30;178;0;10151;75
260;20210924;22;40;179;0;10150;75
260;20210924;23;40;175;0;10149;79
260;20210924;24;40;172;0;10149;79
260;20210925;1;30;168;0;10149;80
260;20210925;2;30;165;0;10148;82
260;20210925;3;20;162;0;10147;85
260;20210925;4;20;158;0;10148;87
260;20210925;5;20;156;0;10148;90
260;20210925;6;20;159;2;10149;90
260;20210925;7;20;162;10;10151;90
260;20210925;8;20;169;36;10156;88
260;20210925;9;20;175;53;10162;86
260;20210925;10;20;179;61;10164;86
260;20210925;11;20;184;64;10162;85
260;20210925;12;20;194;117;10161;80
260;20210925;13;20;198;103;10157;80
260;20210925;14;30;203;88;10154;78
260;20210925;15;10;215;122;10150;73
260;20210925;16;20;208;66;10148;76
260;20210925;17;20;194;28;10148;81
260;20210925;18;20;172;3;10150;89
260;20210925;19;20;169;0;10150;92
260;20210925;20;20;147;0;10150;94
260;20210925;21;20;135;0;10149;96
260;20210925;22;20;131;0;10147;98
260;20210925;23;20;120;0;10142;98
260;20210925;24;20;123;0;10139;98
260;20210926;1;20;130;0;10138;98
260;20210926;2;20;130;0;10133;98
260;20210926;3;20;123;0;10133;98
260;20210926;4;10;133;0;10130;98
260;20210926;5;20;140;0;10130;95
260;20210926;6;20;144;1;10131;94
260;20210926;7;20;152;13;10134;92
260;20210926;8;20;169;42;10135;89
260;20210926;9;20;182;62;10139;86
260;20210926;10;20;208;124;10140;76
260;20210926;11;30;215;174;10143;72
260;20210926;12;40;230;188;10141;61
260;20210926;13;40;224;161;10140;64
260;20210926;14;40;222;93;10141;65
260;20210926;15;30;223;82;10141;67
260;20210926;16;30;215;58;10141;69
260;20210926;17;30;205;28;10140;75
260;20210926;18;20;189;3;10145;82
260;20210926;19;20;186;0;10147;84
260;20210926;20;30;182;0;10151;84
260;20210926;21;20;172;0;10147;88
260;20210926;22;20;154;0;10146;95
260;20210926;23;20;159;0;10143;93
260;20210926;24;20;165;0;10145;91
260;20210927;1;30;157;0;10140;92
260;20210927;2;20;148;0;10138;96
260;20210927;3;30;146;0;10137;97
260;20210927;4;30;148;0;10135;97
260;20210927;5;20;146;0;10132;98
260;20210927;6;30;150;2;10128;97
260;20210927;7;30;160;33;10126;95
260;20210927;8;30;169;46;10122;91
260;20210927;9;50;178;51;10118;87
260;20210927;10;50;187;80;10115;81
260;20210927;11;60;191;77;10112;79
260;20210927;12;60;199;84;10108;77
260;20210927;13;60;188;87;10108;80
260;20210927;14;50;172;26;10115;94
260;20210927;15;60;163;20;10126;88
260;20210927;16;50;170;47;10139;73
260;20210927;17;50;157;33;10152;68
260;20210927;18;30;145;2;10163;74
260;20210927;19;20;120;0;10172;90
260;20210927;20;20;114;0;10181;91
260;20210927;21;20;116;0;10188;88
260;20210927;22;30;133;0;10196;85
260;20210927;23;30;126;0;10200;87
260;20210927;24;30;123;0;10204;89
260;20210928;1;30;120;0;10208;90
260;20210928;2;30;114;0;10208;92
260;20210928;3;30;113;0;10210;90
260;20210928;4;30;108;0;10214;91
260;20210928;5;30;109;0;10217;90
260;20210928;6;30;99;2;10219;93
260;20210928;7;20;118;33;10222;87
260;20210928;8;30;134;81;10224;81
260;20210928;9;30;146;117;10225;78
260;20210928;10;30;163;153;10222;72
260;20210928;11;40;179;200;10217;65
260;20210928;12;40;185;203;10211;59
260;20210928;13;50;189;196;10206;54
260;20210928;14;40;181;136;10202;58
260;20210928;15;40;179;102;10197;55
260;20210928;16;40;175;78;10192;61
260;20210928;17;30;160;27;10189;67
260;20210928;18;20;141;2;10187;75
260;20210928;19;20;133;0;10185;79
260;20210928;20;30;128;0;10181;82
260;20210928;21;30;122;0;10175;85
260;20210928;22;30;124;0;10172;85
260;20210928;23;30;125;0;10166;86
260;20210928;24;30;124;0;10159;85
260;20210929;1;30;125;0;10150;83
260;20210929;2;30;124;0;10140;84
260;20210929;3;30;124;0;10132;85
260;20210929;4;30;128;0;10129;83
260;20210929;5;40;124;0;10124;87
260;20210929;6;30;124;1;10121;88
260;20210929;7;40;130;13;10122;87
260;20210929;8;40;125;13;10126;94
260;20210929;9;40;122;21;10127;92
260;20210929;10;40;120;29;10133;93
260;20210929;11;50;111;13;10137;93
260;20210929;12;30;129;62;10145;89
260;20210929;13;50;142;122;10149;66
260;20210929;14;70;132;150;10162;68
260;20210929;15;50;125;64;10173;72
260;20210929;16;50;112;18;10179;80
260;20210929;17;40;116;8;10187;78
260;20210929;18;40;106;1;10195;85
260;20210929;19;30;107;0;10202;86
260;20210929;20;30;95;0;10209;91
260;20210929;21;30;103;0;10215;85
260;20210929;22;30;100;0;10219;87
260;20210929;23;40;106;0;10223;82
260;20210929;24;30;97;0;10226;87
260;20210930;1;30;98;0;10230;85
260;20210930;2;30;95;0;10230;86
260;20210930;3;40;96;0;10231;84
260;20210930;4;30;95;0;10235;84
260;20210930;5;30;100;0;10239;80
260;20210930;6;30;95;2;10241;84
260;20210930;7;30;112;35;10243;78
260;20210930;8;40;118;74;10246;77
260;20210930;9;40;126;98;10246;75
260;20210930;10;50;137;104;10244;67
260;20210930;11;60;136;109;10243;68
260;20210930;12;60;137;101;10240;62
260;20210930;13;50;136;88;10234;66
260;20210930;14;50;139;52;10226;66
260;20210930;15;50;138;37;10218;68
260;20210930;16;50;136;26;10213;68
260;20210930;17;50;136;13;10209;70
260;20210930;18;50;136;1;10206;65
260;20210930;19;50;133;0;10203;68
260;20210930;20;50;132;0;10198;69
260;20210930;21;60;133;0;10192;67
260;20210930;22;60;130;0;10188;68
260;20210930;23;50;128;0;10183;69
260;20210930;24;50;126;0;10177;70
260;20211001;1;50;125;0;10171;71
260;20211001;2;40;123;0;10165;73
260;20211001;3;50;123;0;10156;71
260;20211001;4;50;120;0;10149;73
260;20211001;5;50;123;0;10147;71
260;20211001;6;50;119;1;10146;72
260;20211001;7;50;120;19;10143;74
260;20211001;8;60;132;52;10141;71
260;20211001;9;60;139;57;10139;70
260;20211001;10;70;141;76;10135;73
260;20211001;11;60;134;49;10132;83
260;20211001;12;50;151;56;10127;77
260;20211001;13;50;154;37;10126;75
260;20211001;14;50;154;35;10122;78
260;20211001;15;50;150;25;10119;81
260;20211001;16;40;142;9;10117;90
260;20211001;17;40;134;3;10117;93
260;20211001;18;50;131;1;10117;96
260;20211001;19;50;135;0;10114;91
260;20211001;20;50;136;0;10115;91
260;20211001;21;40;137;0;10116;92
260;20211001;22;40;137;0;10115;93
260;20211001;23;40;138;0;10114;92
260;20211001;24;30;137;0;10115;94
260;20211002;1;30;136;0;10111;94
260;20211002;2;30;133;0;10109;95
260;20211002;3;20;122;0;10105;98
260;20211002;4;20;125;0;10107;98
260;20211002;5;30;124;0;10106;97
260;20211002;6;30;123;1;10107;96
260;20211002;7;30;126;21;10107;93
260;20211002;8;30;132;62;10101;90
260;20211002;9;40;140;98;10098;82
260;20211002;10;50;142;134;10092;82
260;20211002;11;40;147;87;10082;80
260;20211002;12;40;157;70;10071;76
260;20211002;13;40;160;114;10057;75
260;20211002;14;40;158;43;10045;76
260;20211002;15;30;157;22;10033;79
260;20211002;16;30;155;13;10018;75
260;20211002;17;50;146;4;10004;78
260;20211002;18;60;138;0;9984;86
260;20211002;19;70;140;0;9961;93
260;20211002;20;80;149;0;9947;92
260;20211002;21;80;156;0;9940;90
260;20211002;22;80;164;0;9934;87
260;20211002;23;80;167;0;9934;89
260;20211002;24;70;164;0;9935;94
260;20211003;1;60;166;0;9937;94
260;20211003;2;60;150;0;9936;96
260;20211003;3;40;144;0;9940;96
260;20211003;4;30;135;0;9942;95
260;20211003;5;20;135;0;9944;97
260;20211003;6;20;128;1;9947;96
260;20211003;7;20;122;3;9954;98
260;20211003;8;10;123;12;9959;97
260;20211003;9;0;125;20;9960;93
260;20211003;10;0;131;35;9965;92
260;20211003;11;10;133;38;9968;93
260;20211003;12;20;130;33;9979;95
260;20211003;13;30;119;25;9990;96
260;20211003;14;30;125;45;10001;90
260;20211003;15;20;133;61;10014;86
260;20211003;16;40;133;36;10035;85
260;20211003;17;40;126;18;10046;85
260;20211003;18;40;120;1;10060;88
260;20211003;19;40;116;0;10074;89
260;20211003;20;50;120;0;10082;88
260;20211003;21;60;123;0;10091;86
260;20211003;22;50;124;0;10093;83
260;20211003;23;50;124;0;10099;83
260;20211003;24;50;121;0;10101;84
260;20211004;1;40;121;0;10107;84
260;20211004;2;40;119;0;10112;84
260;20211004;3;30;107;0;10111;91
260;20211004;4;30;106;0;10118;90
260;20211004;5;30;104;0;10124;91
260;20211004;6;50;108;1;10129;89
260;20211004;7;50;109;6;10135;88
260;20211004;8;50;127;67;10138;81
260;20211004;9;60;138;125;10138;77
260;20211004;10;60;150;164;10139;72
260;20211004;11;60;160;186;10138;67
260;20211004;12;60;168;183;10139;62
260;20211004;13;70;166;157;10136;61
260;20211004;14;70;168;117;10136;60
260;20211004;15;60;164;70;10137;61
260;20211004;16;50;166;66;10134;63
260;20211004;17;40;152;18;10134;67
260;20211004;18;30;145;0;10136;71
260;20211004;19;30;135;0;10134;75
260;20211004;20;30;123;0;10132;81
260;20211004;21;30;136;0;10129;77
260;20211004;22;40;127;0;10126;80
260;20211004;23;30;115;0;10118;84
260;20211004;24;30;115;0;10111;83
260;20211005;1;30;114;0;10105;84
260;20211005;2;40;106;0;10098;85
260;20211005;3;40;107;0;10088;85
260;20211005;4;40;109;0;10079;84
260;20211005;5;40;110;0;10072;85
260;20211005;6;40;108;1;10065;85
260;20211005;7;40;114;22;10061;83
260;20211005;8;50;127;72;10051;78
260;20211005;9;60;141;122;10041;74
260;20211005;10;70;155;161;10034;71
260;20211005;11;60;161;131;10029;71
260;20211005;12;60;162;42;10019;69
260;20211005;13;60;141;17;10018;88
260;20211005;14;50;136;15;10013;91
260;20211005;15;50;141;21;10017;92
260;20211005;16;40;148;80;10022;77
260;20211005;17;50;135;21;10027;76
260;20211005;18;40;126;0;10031;78
260;20211005;19;40;127;0;10037;79
260;20211005;20;50;120;0;10042;85
260;20211005;21;50;118;0;10047;87
260;20211005;22;50;114;0;10052;89
260;20211005;23;50;109;0;10056;89
260;20211005;24;50;107;0;10058;91
260;20211006;1;50;112;0;10059;90
260;20211006;2;50;109;0;10063;93
260;20211006;3;40;107;0;10064;93
260;20211006;4;40;103;0;10065;93
260;20211006;5;50;104;0;10063;95
260;20211006;6;50;109;1;10065;97
260;20211006;7;40;111;3;10073;97
260;20211006;8;40;116;8;10078;95
260;20211006;9;50;119;48;10090;92
260;20211006;10;30;131;82;10100;95
260;20211006;11;20;134;53;10110;93
260;20211006;12;20;133;42;10117;88
260;20211006;13;20;140;72;10125;88
260;20211006;14;40;159;123;10137;78
260;20211006;15;50;157;101;10149;72
260;20211006;16;30;146;20;10161;79
260;20211006;17;20;143;7;10175;85
260;20211006;18;20;135;0;10187;86
260;20211006;19;20;137;0;10195;89
260;20211006;20;20;133;0;10204;95
260;20211006;21;20;127;0;10210;96
260;20211006;22;20;108;0;10215;98
260;20211006;23;10;90;0;10223;99
260;20211006;24;10;79;0;10229;99
260;20211007;1;10;72;0;10232;99
260;20211007;2;10;66;0;10237;99
260;20211007;3;10;70;0;10243;99
260;20211007;4;10;67;0;10246;99
260;20211007;5;10;74;0;10253;99
260;20211007;6;10;75;1;10258;98
260;20211007;7;10;89;18;10265;100
260;20211007;8;10;112;58;10270;98
260;20211007;9;10;139;127;10274;85
260;20211007;10;20;124;146;10277;94
260;20211007;11;20;142;162;10280;89
260;20211007;12;30;144;179;10280;87
260;20211007;13;30;155;170;10279;83
260;20211007;14;30;154;140;10281;82
260;20211007;15;30;150;89;10282;81
260;20211007;16;30;145;57;10284;81
260;20211007;17;20;126;15;10288;89
260;20211007;18;10;100;0;10294;95
260;20211007;19;20;87;0;10298;98
260;20211007;20;20;85;0;10299;98
260;20211007;21;20;91;0;10302;99
260;20211007;22;20;88;0;10304;99
260;20211007;23;20;85;0;10307;99
260;20211007;24;20;83;0;10307;99
260;20211008;1;10;78;0;10308;99
260;20211008;2;10;74;0;10308;99
260;20211008;3;10;68;0;10308;99
260;20211008;4;10;64;0;10310;99
260;20211008;5;10;56;0;10311;99
260;20211008;6;10;55;1;10313;99
260;20211008;7;10;57;13;10317;99
260;20211008;8;10;76;57;10319;98
260;20211008;9;10;113;116;10320;89
260;20211008;10;20;142;149;10319;83
260;20211008;11;20;160;168;10318;72
260;20211008;12;30;168;182;10313;64
260;20211008;13;30;173;157;10308;61
260;20211008;14;30;171;118;10305;59
260;20211008;15;30;168;109;10303;60
260;20211008;16;30;159;61;10301;68
260;20211008;17;20;125;14;10302;88
260;20211008;18;20;100;0;10304;95
260;20211008;19;20;95;0;10306;97
260;20211008;20;20;107;0;10306;93
260;20211008;21;30;98;0;10305;96
260;20211008;22;20;95;0;10303;95
260;20211008;23;20;95;0;10301;97
260;20211008;24;10;75;0;10298;98
260;20211009;1;20;79;0;10297;98
260;20211009;2;20;85;0;10294;98
260;20211009;3;20;79;0;10293;98
260;20211009;4;20;76;0;10293;98
260;20211009;5;20;80;0;10291;98
260;20211009;6;20;74;0;10294;98
260;20211009;7;20;85;22;10297;97
260;20211009;8;30;94;67;10302;94
260;20211009;9;30;108;98;10303;92
260;20211009;10;40;120;153;10301;85
260;20211009;11;30;136;173;10300;78
260;20211009;12;20;148;179;10297;72
260;20211009;13;20;157;169;10294;65
260;20211009;14;20;161;143;10289;64
260;20211009;15;20;163;104;10286;67
260;20211009;16;20;152;55;10284;71
260;20211009;17;10;116;12;10285;90
260;20211009;18;10;88;0;10285;98
260;20211009;19;20;79;0;10286;98
260;20211009;20;10;66;0;10287;98
260;20211009;21;10;60;0;10287;99
260;20211009;22;10;52;0;10284;98
260;20211009;23;10;49;0;10284;98
260;20211009;24;10;41;0;10281;99
260;20211010;1;10;35;0;10280;98
260;20211010;2;0;33;0;10276;99
260;20211010;3;0;30;0;10275;99
260;20211010;4;10;26;0;10273;99
260;20211010;5;0;24;0;10272;99
260;20211010;6;0;27;1;10270;99
260;20211010;7;10;50;21;10271;98
260;20211010;8;0;74;46;10274;98
260;20211010;9;0;110;77;10275;97
260;20211010;10;10;130;96;10276;83
260;20211010;11;10;153;158;10276;74
260;20211010;12;20;151;138;10273;70
260;20211010;13;30;157;143;10271;67
260;20211010;14;20;154;103;10267;69
260;20211010;15;20;155;85;10263;71
260;20211010;16;10;139;25;10262;90
260;20211010;17;10;125;3;10263;94
260;20211010;18;10;121;0;10263;98
260;20211010;19;10;125;0;10263;98
260;20211010;20;20;131;0;10264;97
260;20211010;21;20;135;0;10266;95
260;20211010;22;20;131;0;10267;96
260;20211010;23;20;128;0;10266;95
260;20211010;24;10;111;0;10265;98
260;20211011;1;20;114;0;10265;96
260;20211011;2;20;104;0;10265;96
260;20211011;3;20;85;0;10263;98
260;20211011;4;20;77;0;10261;98
260;20211011;5;20;71;0;10260;99
260;20211011;6;10;75;0;10262;97
260;20211011;7;20;94;5;10264;97
260;20211011;8;20;117;29;10269;89
260;20211011;9;20;131;44;10271;87
260;20211011;10;20;146;73;10273;80
260;20211011;11;20;147;83;10271;73
260;20211011;12;30;159;150;10267;65
260;20211011;13;30;151;108;10266;68
260;20211011;14;30;158;111;10265;61
260;20211011;15;40;151;94;10264;60
260;20211011;16;30;138;30;10262;69
260;20211011;17;30;129;8;10263;78
260;20211011;18;30;122;0;10262;85
260;20211011;19;20;116;0;10261;90
260;20211011;20;10;107;0;10260;93
260;20211011;21;10;107;0;10259;94
260;20211011;22;20;111;0;10255;88
260;20211011;23;10;105;0;10249;95
260;20211011;24;10;106;0;10246;93
260;20211012;1;20;109;0;10241;89
260;20211012;2;20;107;0;10232;90
260;20211012;3;20;105;0;10224;93
260;20211012;4;20;103;0;10216;96
260;20211012;5;30;106;0;10210;96
260;20211012;6;20;107;1;10204;97
260;20211012;7;20;113;7;10202;96
260;20211012;8;20;125;31;10198;92
260;20211012;9;20;121;20;10200;95
260;20211012;10;20;130;60;10194;92
260;20211012;11;30;127;72;10194;94
260;20211012;12;40;136;125;10195;81
260;20211012;13;40;131;106;10195;76
260;20211012;14;50;136;111;10198;58
260;20211012;15;50;131;98;10201;58
260;20211012;16;40;125;55;10204;63
260;20211012;17;30;107;10;10211;69
260;20211012;18;20;78;0;10217;85
260;20211012;19;20;65;0;10221;93
260;20211012;20;20;50;0;10223;98
260;20211012;21;20;55;0;10227;97
260;20211012;22;20;60;0;10230;97
260;20211012;23;20;61;0;10229;97
260;20211012;24;10;44;0;10232;98
260;20211013;1;20;42;0;10234;98
260;20211013;2;10;40;0;10234;98
260;20211013;3;10;42;0;10235;97
260;20211013;4;20;49;0;10239;98
260;20211013;5;10;48;0;10241;98
260;20211013;6;10;54;0;10244;97
260;20211013;7;10;64;12;10249;97
260;20211013;8;20;105;45;10252;89
260;20211013;9;20;115;59;10256;84
260;20211013;10;20;131;113;10256;72
260;20211013;11;30;136;127;10258;70
260;20211013;12;30;134;77;10260;72
260;20211013;13;20;131;50;10258;73
260;20211013;14;20;136;48;10258;67
260;20211013;15;30;136;62;10260;64
260;20211013;16;30;129;19;10261;69
260;20211013;17;30;124;5;10261;72
260;20211013;18;20;123;0;10260;73
260;20211013;19;20;117;0;10263;76
260;20211013;20;30;117;0;10261;78
260;20211013;21;30;117;0;10260;81
260;20211013;22;30;119;0;10258;80
260;20211013;23;40;111;0;10256;93
260;20211013;24;30;113;0;10254;94
260;20211014;1;30;117;0;10250;95
260;20211014;2;30;120;0;10247;96
260;20211014;3;30;122;0;10243;97
260;20211014;4;30;122;0;10242;96
260;20211014;5;30;122;0;10242;97
260;20211014;6;30;126;0;10240;98
260;20211014;7;30;129;3;10239;97
260;20211014;8;30;132;9;10238;96
260;20211014;9;30;136;21;10238;93
260;20211014;10;30;145;68;10236;89
260;20211014;11;30;153;71;10233;84
260;20211014;12;40;154;54;10228;75
260;20211014;13;40;155;58;10222;74
260;20211014;14;40;155;60;10217;72
260;20211014;15;30;151;19;10211;80
260;20211014;16;40;150;24;10207;76
260;20211014;17;40;146;3;10202;78
260;20211014;18;40;142;0;10198;81
260;20211014;19;40;139;0;10193;86
260;20211014;20;40;137;0;10189;87
260;20211014;21;40;137;0;10186;86
260;20211014;22;50;135;0;10178;85
260;20211014;23;50;135;0;10170;86
260;20211014;24;50;133;0;10162;86
260;20211015;1;50;131;0;10156;88
260;20211015;2;50;131;0;10148;89
260;20211015;3;50;132;0;10141;89
260;20211015;4;50;134;0;10138;89
260;20211015;5;40;134;0;10137;89
260;20211015;6;40;132;0;10137;92
260;20211015;7;40;109;2;10153;93
260;20211015;8;30;110;16;10162;96
260;20211015;9;20;120;54;10169;90
260;20211015;10;30;138;137;10177;72
260;20211015;11;40;147;156;10182;65
260;20211015;12;40;123;80;10191;71
260;20211015;13;30;143;144;10193;55
260;20211015;14;40;137;135;10195;58
260;20211015;15;30;133;92;10199;58
260;20211015;16;30;127;45;10203;60
260;20211015;17;20;87;6;10208;85
260;20211015;18;10;60;0;10214;96
260;20211015;19;10;51;0;10216;97
260;20211015;20;0;49;0;10218;97
260;20211015;21;0;41;0;10220;98
260;20211015;22;0;43;0;10223;97
260;20211015;23;0;41;0;10223;97
260;20211015;24;0;56;0;10223;97
260;20211016;1;0;65;0;10222;97
260;20211016;2;0;69;0;10220;97
260;20211016;3;10;73;0;10220;97
260;20211016;4;10;79;0;10218;94
260;20211016;5;10;77;0;10218;97
260;20211016;6;10;79;0;10219;97
260;20211016;7;10;85;6;10220;94
260;20211016;8;10;97;23;10223;88
260;20211016;9;20;106;36;10224;82
260;20211016;10;20;117;67;10225;73
260;20211016;11;20;121;52;10225;73
260;20211016;12;30;124;77;10220;70
260;20211016;13;40;130;131;10216;65
260;20211016;14;40;136;127;10209;56
260;20211016;15;40;130;83;10210;56
260;20211016;16;30;122;32;10206;63
260;20211016;17;20;116;3;10207;67
260;20211016;18;20;108;0;10208;77
260;20211016;19;20;110;0;10207;72
260;20211016;20;30;109;0;10208;69
260;20211016;21;30;108;0;10206;66
260;20211016;22;20;104;0;10206;70
260;20211016;23;20;102;0;10203;70
260;20211016;24;20;100;0;10203;72
260;20211017;1;20;96;0;10200;74
260;20211017;2;30;88;0;10195;77
260;20211017;3;20;89;0;10194;76
260;20211017;4;40;101;0;10192;72
260;20211017;5;30;99;0;10193;75
260;20211017;6;20;96;0;10195;76
260;20211017;7;20;95;6;10199;79
260;20211017;8;20;99;22;10200;79
260;20211017;9;30;108;37;10200;76
260;20211017;10;30;117;69;10201;73
260;20211017;11;40;138;131;10200;63
260;20211017;12;40;140;96;10198;61
260;20211017;13;30;142;69;10195;60
260;20211017;14;40;143;55;10194;58
260;20211017;15;30;137;33;10196;62
260;20211017;16;30;132;18;10197;65
260;20211017;17;30;127;3;10202;66
260;20211017;18;20;118;0;10201;73
260;20211017;19;20;115;0;10204;77
260;20211017;20;30;109;0;10206;79
260;20211017;21;20;101;0;10210;85
260;20211017;22;30;107;0;10212;81
260;20211017;23;30;108;0;10213;80
260;20211017;24;20;98;0;10215;85
260;20211018;1;20;101;0;10218;83
260;20211018;2;20;88;0;10214;87
260;20211018;3;20;80;0;10211;90
260;20211018;4;20;76;0;10214;91
260;20211018;5;20;72;0;10215;93
260;20211018;6;20;70;0;10217;94
260;20211018;7;20;77;10;10219;91
260;20211018;8;20;89;37;10223;89
260;20211018;9;20;105;70;10220;82
260;20211018;10;30;117;86;10215;77
260;20211018;11;40;123;94;10211;76
260;20211018;12;40;131;107;10203;74
260;20211018;13;40;138;84;10201;72
260;20211018;14;30;140;65;10200;74
260;20211018;15;30;144;44;10196;73
260;20211018;16;30;136;24;10192;79
260;20211018;17;30;130;4;10190;82
260;20211018;18;30;128;0;10192;82
260;20211018;19;30;128;0;10190;83
260;20211018;20;30;130;0;10188;84
260;20211018;21;30;138;0;10187;83
260;20211018;22;30;138;0;10183;83
260;20211018;23;30;138;0;10182;84
260;20211018;24;30;136;0;10180;86
260;20211019;1;30;137;0;10178;88
260;20211019;2;30;135;0;10169;96
260;20211019;3;40;143;0;10164;95
260;20211019;4;40;142;0;10162;98
260;20211019;5;30;145;0;10162;98
260;20211019;6;40;146;0;10157;98
260;20211019;7;30;150;2;10158;98
260;20211019;8;40;154;8;10157;98
260;20211019;9;40;160;14;10156;98
260;20211019;10;40;164;16;10156;98
260;20211019;11;40;171;25;10154;98
260;20211019;12;50;178;28;10152;96
260;20211019;13;60;183;27;10149;89
260;20211019;14;60;193;76;10145;80
260;20211019;15;60;191;63;10139;80
260;20211019;16;50;182;25;10135;85
260;20211019;17;50;175;2;10129;91
260;20211019;18;50;173;0;10126;92
260;20211019;19;60;171;0;10125;90
260;20211019;20;50;168;0;10120;89
260;20211019;21;50;169;0;10118;85
260;20211019;22;40;161;0;10111;87
260;20211019;23;40;158;0;10103;85
260;20211019;24;30;154;0;10094;84
260;20211020;1;40;159;0;10085;78
260;20211020;2;50;154;0;10078;79
260;20211020;3;50;155;0;10070;78
260;20211020;4;50;157;0;10063;78
260;20211020;5;50;160;0;10055;77
260;20211020;6;50;159;0;10048;79
260;20211020;7;50;158;2;10047;80
260;20211020;8;50;150;7;10029;89
260;20211020;9;70;163;36;10028;84
260;20211020;10;70;166;37;10024;84
260;20211020;11;80;174;32;10022;80
260;20211020;12;70;174;25;10019;80
260;20211020;13;70;177;47;10012;76
260;20211020;14;70;179;72;10005;77
260;20211020;15;60;166;28;9997;85
260;20211020;16;60;162;12;9988;81
260;20211020;17;60;143;1;9987;92
260;20211020;18;50;142;0;9984;90
260;20211020;19;40;147;0;9979;87
260;20211020;20;50;147;0;9967;84
260;20211020;21;40;143;0;9956;86
260;20211020;22;20;135;0;9931;92
260;20211020;23;20;127;0;9908;94
260;20211020;24;40;145;0;9878;92
260;20211021;1;60;145;0;9850;88
260;20211021;2;80;121;0;9861;82
260;20211021;3;70;110;0;9853;88
260;20211021;4;50;115;0;9852;89
260;20211021;5;40;111;0;9866;94
260;20211021;6;70;103;0;9919;91
260;20211021;7;40;113;3;9945;78
260;20211021;8;60;115;21;9973;73
260;20211021;9;60;108;54;9989;80
260;20211021;10;50;112;46;10000;85
260;20211021;11;60;104;74;10011;85
260;20211021;12;50;94;33;10030;90
260;20211021;13;40;92;88;10044;84
260;20211021;14;30;104;56;10060;81
260;20211021;15;40;112;67;10074;58
260;20211021;16;50;102;30;10089;63
260;20211021;17;40;84;2;10097;71
260;20211021;18;20;82;0;10109;72
260;20211021;19;20;85;0;10120;70
260;20211021;20;20;80;0;10127;76
260;20211021;21;30;82;0;10135;77
260;20211021;22;30;79;0;10136;79
260;20211021;23;30;65;0;10137;90
260;20211021;24;30;74;0;10137;82
260;20211022;1;40;72;0;10136;76
260;20211022;2;40;75;0;10131;72
260;20211022;3;40;78;0;10126;72
260;20211022;4;40;77;0;10125;83
260;20211022;5;30;88;0;10128;84
260;20211022;6;40;95;0;10123;76
260;20211022;7;40;95;5;10124;75
260;20211022;8;40;102;27;10128;70
260;20211022;9;50;111;41;10132;71
260;20211022;10;60;107;40;10138;80
260;20211022;11;60;112;81;10144;78
260;20211022;12;60;127;121;10146;71
260;20211022;13;60;111;54;10153;81
260;20211022;14;50;103;39;10163;90
260;20211022;15;30;99;26;10175;89
260;20211022;16;20;99;20;10183;90
260;20211022;17;20;83;4;10192;89
260;20211022;18;20;71;0;10201;94
260;20211022;19;20;58;0;10209;97
260;20211022;20;20;75;0;10214;90
260;20211022;21;20;67;0;10222;91
260;20211022;22;20;38;0;10229;98
260;20211022;23;20;27;0;10233;99
260;20211022;24;20;34;0;10242;97
260;20211023;1;20;36;0;10243;98
260;20211023;2;20;26;0;10241;98
260;20211023;3;10;21;0;10244;98
260;20211023;4;10;14;0;10249;99
260;20211023;5;10;13;0;10250;99
260;20211023;6;10;16;0;10255;98
260;20211023;7;10;34;5;10262;98
260;20211023;8;10;64;18;10269;98
260;20211023;9;10;79;28;10272;98
260;20211023;10;20;95;46;10273;95
260;20211023;11;20;108;43;10275;89
260;20211023;12;30;115;50;10275;80
260;20211023;13;30;118;45;10273;79
260;20211023;14;30;119;34;10271;80
260;20211023;15;20;119;26;10270;83
260;20211023;16;20;114;7;10269;86
260;20211023;17;20;109;2;10270;87
260;20211023;18;20;100;0;10272;89
260;20211023;19;20;89;0;10273;92
260;20211023;20;20;79;0;10272;94
260;20211023;21;30;74;0;10273;94
260;20211023;22;30;71;0;10273;95
260;20211023;23;20;67;0;10271;95
260;20211023;24;20;63;0;10269;96
260;20211024;1;20;61;0;10266;96
260;20211024;2;20;56;0;10262;97
260;20211024;3;20;50;0;10257;97
260;20211024;4;20;46;0;10254;97
260;20211024;5;30;44;0;10252;98
260;20211024;6;30;42;0;10246;97
260;20211024;7;30;47;7;10243;95
260;20211024;8;30;64;44;10241;89
260;20211024;9;30;81;89;10237;82
260;20211024;10;40;96;126;10231;77
260;20211024;11;40;108;147;10228;69
260;20211024;12;40;121;153;10223;68
260;20211024;13;40;125;143;10217;65
260;20211024;14;30;129;117;10209;63
260;20211024;15;40;125;78;10201;67
260;20211024;16;30;111;32;10195;73
260;20211024;17;20;91;2;10195;81
260;20211024;18;30;85;0;10193;83
260;20211024;19;20;81;0;10190;83
260;20211024;20;20;73;0;10188;88
260;20211024;21;30;60;0;10187;91
260;20211024;22;20;68;0;10187;90
260;20211024;23;30;70;0;10185;89
260;20211024;24;30;66;0;10184;90
260;20211025;1;30;71;0;10181;91
260;20211025;2;40;79;0;10179;89
260;20211025;3;30;82;0;10173;89
260;20211025;4;30;84;0;10172;91
260;20211025;5;30;88;0;10172;91
260;20211025;6;30;89;0;10168;97
260;20211025;7;30;92;3;10170;96
260;20211025;8;30;96;7;10172;96
260;20211025;9;30;97;13;10172;95
260;20211025;10;30;103;31;10169;94
260;20211025;11;40;111;51;10170;93
260;20211025;12;30;117;40;10169;93
260;20211025;13;30;124;33;10165;88
260;20211025;14;20;127;27;10162;89
260;20211025;15;20;128;11;10159;89
260;20211025;16;30;130;10;10158;87
260;20211025;17;20;128;1;10160;89
260;20211025;18;30;127;0;10161;88
260;20211025;19;30;123;0;10164;89
260;20211025;20;40;121;0;10165;89
260;20211025;21;40;113;0;10167;93
260;20211025;22;40;116;0;10168;92
260;20211025;23;40;118;0;10168;92
260;20211025;24;40;115;0;10168;93
260;20211026;1;40;118;0;10173;93
260;20211026;2;30;118;0;10173;95
260;20211026;3;30;111;0;10176;95
260;20211026;4;40;109;0;10176;96
260;20211026;5;40;106;0;10180;97
260;20211026;6;40;104;0;10185;96
260;20211026;7;30;99;4;10189;97
260;20211026;8;30;111;45;10191;92
260;20211026;9;40;116;54;10193;90
260;20211026;10;40;117;56;10193;90
260;20211026;11;40;118;38;10193;95
260;20211026;12;40;129;49;10190;90
260;20211026;13;40;138;39;10188;84
260;20211026;14;50;145;46;10189;79
260;20211026;15;50;143;36;10192;74
260;20211026;16;50;141;15;10194;74
260;20211026;17;40;138;2;10197;82
260;20211026;18;50;138;0;10198;81
260;20211026;19;50;136;0;10199;84
260;20211026;20;40;136;0;10201;86
260;20211026;21;40;135;0;10203;89
260;20211026;22;40;136;0;10205;89
260;20211026;23;40;137;0;10204;90
260;20211026;24;40;138;0;10206;91
260;20211027;1;50;142;0;10205;89
260;20211027;2;50;139;0;10204;93
260;20211027;3;50;141;0;10202;89
260;20211027;4;40;139;0;10206;89
260;20211027;5;50;141;0;10206;86
260;20211027;6;50;141;0;10207;85
260;20211027;7;40;140;2;10211;85
260;20211027;8;40;141;9;10216;85
260;20211027;9;50;143;71;10217;85
260;20211027;10;50;149;90;10220;82
260;20211027;11;50;155;57;10223;80
260;20211027;12;60;161;53;10217;74
260;20211027;13;60;155;102;10211;75
260;20211027;14;60;150;59;10209;75
260;20211027;15;50;148;59;10207;78
260;20211027;16;40;140;23;10206;77
260;20211027;17;30;125;1;10205;84
260;20211027;18;20;114;0;10205;90
260;20211027;19;30;116;0;10204;90
260;20211027;20;20;107;0;10204;93
260;20211027;21;30;111;0;10201;92
260;20211027;22;30;112;0;10200;92
260;20211027;23;40;109;0;10196;93
260;20211027;24;40;106;0;10194;93
260;20211028;1;30;101;0;10191;94
260;20211028;2;30;93;0;10188;96
260;20211028;3;20;83;0;10183;97
260;20211028;4;30;83;0;10177;97
260;20211028;5;30;81;0;10175;97
260;20211028;6;30;77;0;10174;97
260;20211028;7;30;77;4;10172;96
260;20211028;8;30;94;37;10170;92
260;20211028;9;40;107;79;10164;88
260;20211028;10;40;127;114;10156;84
260;20211028;11;50;141;136;10149;78
260;20211028;12;50;157;142;10141;70
260;20211028;13;60;161;131;10133;65
260;20211028;14;50;162;105;10126;63
260;20211028;15;50;158;67;10122;65
260;20211028;16;40;146;25;10119;70
260;20211028;17;30;124;1;10114;77
260;20211028;18;30;118;0;10112;80
260;20211028;19;30;116;0;10110;82
260;20211028;20;30;110;0;10107;84
260;20211028;21;30;111;0;10103;83
260;20211028;22;30;109;0;10101;82
260;20211028;23;40;106;0;10098;81
260;20211028;24;40;96;0;10089;84
260;20211029;1;40;95;0;10087;83
260;20211029;2;40;94;0;10083;83
260;20211029;3;40;94;0;10077;84
260;20211029;4;40;96;0;10073;83
260;20211029;5;40;94;0;10070;83
260;20211029;6;40;96;0;10066;84
260;20211029;7;40;102;4;10065;82
260;20211029;8;40;114;32;10063;79
260;20211029;9;50;129;62;10057;75
260;20211029;10;60;142;101;10053;70
260;20211029;11;60;146;82;10046;71
260;20211029;12;60;166;133;10036;63
260;20211029;13;60;175;125;10029;61
260;20211029;14;70;177;94;10026;61
260;20211029;15;60;171;26;10030;63
260;20211029;16;50;164;5;10033;68
260;20211029;17;60;151;0;10038;75
260;20211029;18;60;144;0;10046;79
260;20211029;19;40;141;0;10048;81
260;20211029;20;40;141;0;10054;83
260;20211029;21;50;139;0;10056;84
260;20211029;22;40;133;0;10057;85
260;20211029;23;40;124;0;10056;90
260;20211029;24;30;112;0;10050;93
260;20211030;1;30;106;0;10050;96
260;20211030;2;30;109;0;10042;96
260;20211030;3;30;109;0;10034;97
260;20211030;4;30;110;0;10028;96
260;20211030;5;30;115;0;10019;95
260;20211030;6;40;119;0;10013;93
260;20211030;7;50;116;1;10010;95
260;20211030;8;50;116;5;10005;96
260;20211030;9;50;120;9;10002;95
260;20211030;10;50;123;11;9999;94
260;20211030;11;50;126;13;9994;94
260;20211030;12;50;132;32;9988;93
260;20211030;13;50;137;27;9983;89
260;20211030;14;60;140;14;9983;86
260;20211030;15;50;138;15;9986;88
260;20211030;16;40;133;3;9991;95
260;20211030;17;40;130;1;10000;95
260;20211030;18;40;126;0;10009;95
260;20211030;19;30;119;0;10015;92
260;20211030;20;30;118;0;10024;94
260;20211030;21;30;119;0;10033;94
260;20211030;22;30;113;0;10040;95
260;20211030;23;30;109;0;10048;95
260;20211030;24;30;102;0;10052;96
260;20211031;1;20;97;0;10055;97
260;20211031;2;30;100;0;10056;96
260;20211031;3;30;99;0;10056;96
260;20211031;4;30;95;0;10054;96
260;20211031;5;30;89;0;10052;98
260;20211031;6;30;86;0;10048;98
260;20211031;7;30;87;2;10042;98
260;20211031;8;30;96;19;10037;96
260;20211031;9;40;114;58;10028;91
260;20211031;10;40;124;84;10019;85
260;20211031;11;50;133;84;10007;81
260;20211031;12;50;132;36;9996;81
260;20211031;13;50;138;30;9982;80
260;20211031;14;50;145;23;9963;80
260;20211031;15;50;145;13;9952;87
260;20211031;16;40;144;3;9940;92
260;20211031;17;50;147;1;9933;92
260;20211031;18;60;121;0;9942;85
260;20211031;19;40;120;0;9946;91
260;20211031;20;40;116;0;9951;91
260;20211031;21;50;115;0;9956;87
260;20211031;22;50;110;0;9963;88
260;20211031;23;50;105;0;9966;90
260;20211031;24;50;100;0;9969;90
260;20211101;1;50;99;0;9967;87
260;20211101;2;50;97;0;9962;85
260;20211101;3;60;96;0;9962;84
260;20211101;4;60;93;0;9960;86
260;20211101;5;60;92;0;9960;86
260;20211101;6;50;90;0;9962;87
260;20211101;7;50;91;2;9968;86
260;20211101;8;50;96;17;9973;85
260;20211101;9;60;103;52;9973;80
260;20211101;10;70;113;97;9974;75
260;20211101;11;70;121;124;9975;71
260;20211101;12;70;123;121;9976;71
260;20211101;13;70;127;111;9974;68
260;20211101;14;70;123;73;9975;70
260;20211101;15;60;118;28;9976;73
260;20211101;16;50;93;3;9979;86
260;20211101;17;40;91;0;9981;87
260;20211101;18;30;85;0;9984;89
260;20211101;19;30;79;0;9987;90
260;20211101;20;30;78;0;9989;90
260;20211101;21;30;72;0;9987;91
260;20211101;22;30;67;0;9986;92
260;20211101;23;20;60;0;9985;96
260;20211101;24;30;60;0;9985;95
260;20211102;1;30;57;0;9984;96
260;20211102;2;30;57;0;9984;96
260;20211102;3;30;58;0;9979;96
260;20211102;4;30;56;0;9982;96
260;20211102;5;30;56;0;9983;96
260;20211102;6;20;56;0;9984;97
260;20211102;7;20;61;3;9985;96
260;20211102;8;30;67;12;9986;96
260;20211102;9;30;75;23;9987;94
260;20211102;10;30;79;18;9988;94
260;20211102;11;30;86;30;9988;93
260;20211102;12;30;91;40;9984;93
260;20211102;13;30;95;37;9981;90
260;20211102;14;30;97;39;9981;86
260;20211102;15;30;89;15;9983;91
260;20211102;16;30;88;5;9988;88
260;20211102;17;30;86;0;9992;86
260;20211102;18;20;81;0;9999;87
260;20211102;19;30;82;0;9999;80
260;20211102;20;30;79;0;10005;84
260;20211102;21;10;58;0;10010;95
260;20211102;22;10;50;0;10006;97
260;20211102;23;10;36;0;10005;98
260;20211102;24;10;29;0;10006;98
260;20211103;1;20;18;0;10006;98
260;20211103;2;10;37;0;10007;99
260;20211103;3;10;29;0;9999;99
260;20211103;4;10;24;0;10004;98
260;20211103;5;20;32;0;10008;99
260;20211103;6;20;29;0;10009;99
260;20211103;7;10;26;1;10009;99
260;20211103;8;10;24;12;10013;99
260;20211103;9;10;37;43;10014;100
260;20211103;10;10;51;70;10018;99
260;20211103;11;10;53;48;10018;99
260;20211103;12;10;61;51;10015;98
260;20211103;13;0;78;63;10013;91
260;20211103;14;0;87;58;10014;87
260;20211103;15;0;89;41;10016;89
260;20211103;16;10;76;11;10018;96
260;20211103;17;20;65;0;10023;99
260;20211103;18;10;65;0;10028;99
260;20211103;19;10;60;0;10031;99
260;20211103;20;10;56;0;10034;99
260;20211103;21;10;56;0;10037;99
260;20211103;22;10;54;0;10038;99
260;20211103;23;10;51;0;10039;99
260;20211103;24;0;50;0;10041;99
260;20211104;1;0;52;0;10039;99
260;20211104;2;0;47;0;10037;99
260;20211104;3;10;39;0;10036;99
260;20211104;4;10;40;0;10040;99
260;20211104;5;10;32;0;10042;99
260;20211104;6;10;35;0;10042;98
260;20211104;7;20;49;1;10048;98
260;20211104;8;10;54;12;10049;98
260;20211104;9;10;67;31;10054;94
260;20211104;10;10;78;38;10055;96
260;20211104;11;20;83;34;10060;96
260;20211104;12;10;89;41;10066;93
260;20211104;13;10;99;67;10072;90
260;20211104;14;10;108;91;10074;80
260;20211104;15;20;104;47;10081;83
260;20211104;16;20;76;6;10088;94
260;20211104;17;10;61;0;10096;97
260;20211104;18;10;47;0;10105;99
260;20211104;19;20;51;0;10116;98
260;20211104;20;10;35;0;10123;99
260;20211104;21;10;34;0;10132;98
260;20211104;22;10;34;0;10138;98
260;20211104;23;20;36;0;10145;98
260;20211104;24;20;36;0;10153;98
260;20211105;1;20;39;0;10157;98
260;20211105;2;20;39;0;10163;98
260;20211105;3;20;34;0;10166;99
260;20211105;4;20;18;0;10175;99
260;20211105;5;20;9;0;10182;99
260;20211105;6;20;15;0;10190;100
260;20211105;7;20;28;1;10198;98
260;20211105;8;20;68;28;10208;97
260;20211105;9;20;90;54;10216;92
260;20211105;10;20;111;83;10224;84
260;20211105;11;30;121;92;10229;80
260;20211105;12;30;110;59;10236;82
260;20211105;13;20;115;63;10238;80
260;20211105;14;20;124;54;10240;71
260;20211105;15;30;121;54;10243;66
260;20211105;16;30;109;20;10250;70
260;20211105;17;20;103;0;10257;79
260;20211105;18;20;98;0;10261;78
260;20211105;19;30;87;0;10265;81
260;20211105;20;30;84;0;10268;81
260;20211105;21;30;87;0;10271;79
260;20211105;22;30;85;0;10271;81
260;20211105;23;30;83;0;10270;82
260;20211105;24;30;81;0;10270;84
260;20211106;1;40;81;0;10270;84
260;20211106;2;40;82;0;10267;85
260;20211106;3;40;77;0;10267;90
260;20211106;4;40;77;0;10264;88
260;20211106;5;40;75;0;10264;90
260;20211106;6;50;80;0;10263;90
260;20211106;7;40;83;0;10264;90
260;20211106;8;40;86;9;10265;89
260;20211106;9;40;93;28;10264;84
260;20211106;10;40;100;39;10262;82
260;20211106;11;50;101;29;10259;80
260;20211106;12;50;109;48;10249;81
260;20211106;13;50;113;47;10241;81
260;20211106;14;60;113;21;10232;81
260;20211106;15;60;112;7;10225;81
260;20211106;16;60;109;2;10221;84
260;20211106;17;60;106;0;10210;87
260;20211106;18;60;105;0;10203;87
260;20211106;19;60;108;0;10197;86
260;20211106;20;60;108;0;10189;87
260;20211106;21;60;106;0;10178;87
260;20211106;22;70;105;0;10176;92
260;20211106;23;70;100;0;10171;96
260;20211106;24;60;103;0;10165;96
260;20211107;1;60;109;0;10157;95
260;20211107;2;50;113;0;10151;95
260;20211107;3;40;119;0;10148;90
260;20211107;4;50;110;0;10146;79
260;20211107;5;40;107;0;10144;73
260;20211107;6;30;100;0;10147;76
260;20211107;7;40;99;1;10150;74
260;20211107;8;40;107;25;10153;72
260;20211107;9;40;115;56;10154;71
260;20211107;10;50;118;78;10155;67
260;20211107;11;60;121;104;10154;66
260;20211107;12;50;99;32;10154;84
260;20211107;13;40;107;52;10154;80
260;20211107;14;40;120;83;10154;67
260;20211107;15;40;94;27;10160;79
260;20211107;16;30;95;5;10164;77
260;20211107;17;30;93;0;10171;75
260;20211107;18;30;93;0;10170;70
260;20211107;19;30;86;0;10174;77
260;20211107;20;20;76;0;10178;84
260;20211107;21;20;77;0;10184;85
260;20211107;22;20;75;0;10192;88
260;20211107;23;20;75;0;10192;89
260;20211107;24;20;70;0;10196;92
260;20211108;1;20;69;0;10198;93
260;20211108;2;20;59;0;10200;94
260;20211108;3;20;35;0;10198;98
260;20211108;4;20;64;0;10202;93
260;20211108;5;20;64;0;10206;94
260;20211108;6;20;58;0;10208;96
260;20211108;7;20;65;1;10212;93
260;20211108;8;20;80;13;10219;89
260;20211108;9;20;92;21;10222;83
260;20211108;10;30;106;66;10225;78
260;20211108;11;20;108;63;10226;79
260;20211108;12;30;121;95;10226;72
260;20211108;13;30;120;64;10223;69
260;20211108;14;30;118;37;10225;70
260;20211108;15;20;112;14;10228;74
260;20211108;16;20;107;5;10231;77
260;20211108;17;20;100;0;10233;84
260;20211108;18;20;97;0;10240;85
260;20211108;19;20;91;0;10242;83
260;20211108;20;20;81;0;10244;86
260;20211108;21;20;65;0;10245;92
260;20211108;22;20;43;0;10248;98
260;20211108;23;10;39;0;10247;98
260;20211108;24;20;40;0;10249;98
260;20211109;1;10;38;0;10248;98
260;20211109;2;20;35;0;10248;97
260;20211109;3;30;48;0;10245;94
260;20211109;4;20;45;0;10248;94
260;20211109;5;30;43;0;10249;94
260;20211109;6;30;45;0;10252;94
260;20211109;7;30;48;1;10257;95
260;20211109;8;30;62;15;10261;90
260;20211109;9;30;73;23;10262;88
260;20211109;10;30;85;45;10262;86
260;20211109;11;30;95;51;10262;84
260;20211109;12;40;100;53;10261;84
260;20211109;13;40;111;54;10254;81
260;20211109;14;40;111;38;10252;79
260;20211109;15;30;110;18;10252;79
260;20211109;16;40;109;6;10250;79
260;20211109;17;30;107;0;10255;81
260;20211109;18;30;106;0;10257;81
260;20211109;19;30;102;0;10258;84
260;20211109;20;30;102;0;10255;84
260;20211109;21;20;95;0;10249;86
260;20211109;22;20;97;0;10249;85
260;20211109;23;30;98;0;10250;81
260;20211109;24;20;97;0;10251;80
260;20211110;1;20;97;0;10246;82
260;20211110;2;10;79;0;10237;90
260;20211110;3;20;79;0;10239;88
260;20211110;4;30;70;0;10237;87
260;20211110;5;20;67;0;10239;89
260;20211110;6;20;70;0;10240;87
260;20211110;7;20;68;1;10241;84
260;20211110;8;20;73;9;10242;83
260;20211110;9;20;77;16;10243;81
260;20211110;10;20;91;31;10243;77
260;20211110;11;20;96;38;10243;74
260;20211110;12;10;100;31;10240;75
260;20211110;13;20;101;23;10238;75
260;20211110;14;20;101;15;10236;79
260;20211110;15;20;101;8;10238;79
260;20211110;16;20;103;2;10239;77
260;20211110;17;20;103;0;10239;80
260;20211110;18;20;102;0;10243;80
260;20211110;19;20;100;0;10246;81
260;20211110;20;10;96;0;10244;85
260;20211110;21;20;95;0;10242;85
260;20211110;22;20;90;0;10243;88
260;20211110;23;10;91;0;10244;85
260;20211110;24;10;90;0;10240;86
260;20211111;1;20;88;0;10238;87
260;20211111;2;20;88;0;10235;87
260;20211111;3;20;88;0;10234;87
260;20211111;4;20;85;0;10234;88
260;20211111;5;20;85;0;10235;88
260;20211111;6;20;83;0;10236;91
260;20211111;7;20;86;0;10240;87
260;20211111;8;20;90;8;10243;85
260;20211111;9;20;92;13;10243;84
260;20211111;10;20;98;25;10246;84
260;20211111;11;20;104;28;10244;86
260;20211111;12;20;108;32;10241;88
260;20211111;13;20;108;26;10239;91
260;20211111;14;30;108;22;10237;92
260;20211111;15;30;109;18;10235;88
260;20211111;16;20;107;6;10234;89
260;20211111;17;20;107;0;10235;90
260;20211111;18;20;105;0;10237;91
260;20211111;19;20;105;0;10236;87
260;20211111;20;30;103;0;10233;87
260;20211111;21;30;101;0;10233;86
260;20211111;22;20;96;0;10229;88
260;20211111;23;30;94;0;10227;87
260;20211111;24;20;91;0;10223;88
260;20211112;1;20;90;0;10218;87
260;20211112;2;20;88;0;10213;88
260;20211112;3;20;85;0;10208;89
260;20211112;4;30;78;0;10200;91
260;20211112;5;30;63;0;10191;91
260;20211112;6;30;51;0;10188;91
260;20211112;7;30;42;0;10181;93
260;20211112;8;30;42;6;10180;98
260;20211112;9;30;47;16;10172;99
260;20211112;10;40;48;31;10166;98
260;20211112;11;40;52;50;10161;94
260;20211112;12;40;72;79;10148;84
260;20211112;13;40;83;50;10139;78
260;20211112;14;40;82;27;10128;79
260;20211112;15;40;79;25;10122;83
260;20211112;16;40;76;7;10115;84
260;20211112;17;30;79;1;10116;86
260;20211112;18;40;91;0;10110;83
260;20211112;19;40;88;0;10108;86
260;20211112;20;40;86;0;10103;86
260;20211112;21;40;88;0;10098;83
260;20211112;22;50;94;0;10094;84
260;20211112;23;50;90;0;10090;94
260;20211112;24;50;93;0;10085;95
260;20211113;1;50;93;0;10079;95
260;20211113;2;40;96;0;10078;96
260;20211113;3;30;100;0;10075;98
260;20211113;4;40;102;0;10076;97
260;20211113;5;30;104;0;10079;98
260;20211113;6;30;104;0;10082;98
260;20211113;7;20;104;0;10088;98
260;20211113;8;20;105;3;10096;98
260;20211113;9;20;112;23;10100;98
260;20211113;10;20;118;33;10105;96
260;20211113;11;10;123;32;10110;95
260;20211113;12;10;128;59;10112;89
260;20211113;13;20;129;49;10115;87
260;20211113;14;20;124;31;10120;90
260;20211113;15;10;121;16;10127;97
260;20211113;16;10;112;3;10132;97
260;20211113;17;10;107;0;10139;98
260;20211113;18;10;109;0;10146;97
260;20211113;19;10;104;0;10151;98
260;20211113;20;10;104;0;10154;98
260;20211113;21;10;106;0;10162;98
260;20211113;22;10;103;0;10165;98
260;20211113;23;10;99;0;10170;98
260;20211113;24;10;97;0;10172;98
260;20211114;1;10;96;0;10175;98
260;20211114;2;10;97;0;10181;98
260;20211114;3;10;96;0;10185;98
260;20211114;4;10;96;0;10192;98
260;20211114;5;20;96;0;10198;97
260;20211114;6;20;94;0;10203;97
260;20211114;7;20;95;0;10212;96
260;20211114;8;20;96;3;10222;95
260;20211114;9;30;99;12;10226;93
260;20211114;10;30;101;23;10234;89
260;20211114;11;30;102;26;10239;90
260;20211114;12;30;104;30;10241;88
260;20211114;13;30;104;32;10243;86
260;20211114;14;30;104;26;10244;85
260;20211114;15;30;103;16;10248;86
260;20211114;16;30;97;4;10252;87
260;20211114;17;30;97;0;10259;88
260;20211114;18;30;96;0;10266;87
260;20211114;19;20;95;0;10270;85
260;20211114;20;20;92;0;10274;86
260;20211114;21;30;92;0;10274;82
260;20211114;22;20;90;0;10276;84
260;20211114;23;20;89;0;10276;84
260;20211114;24;20;88;0;10274;83
260;20211115;1;20;86;0;10272;82
260;20211115;2;30;83;0;10270;82
260;20211115;3;30;80;0;10269;84
260;20211115;4;30;79;0;10269;86
260;20211115;5;30;77;0;10270;86
260;20211115;6;20;75;0;10269;88
260;20211115;7;20;75;0;10273;88
260;20211115;8;20;73;2;10274;88
260;20211115;9;30;71;6;10274;90
260;20211115;10;30;70;10;10273;90
260;20211115;11;40;68;12;10271;91
260;20211115;12;30;65;12;10269;91
260;20211115;13;20;63;11;10264;92
260;20211115;14;30;61;8;10262;92
260;20211115;15;30;60;6;10261;90
260;20211115;16;20;58;1;10262;90
260;20211115;17;20;56;0;10263;91
260;20211115;18;30;56;0;10265;89
260;20211115;19;30;57;0;10265;87
260;20211115;20;30;56;0;10263;87
260;20211115;21;30;53;0;10263;87
260;20211115;22;30;51;0;10263;87
260;20211115;23;20;51;0;10261;87
260;20211115;24;20;51;0;10259;86
260;20211116;1;20;51;0;10254;85
260;20211116;2;10;51;0;10251;87
260;20211116;3;20;51;0;10248;85
260;20211116;4;10;51;0;10247;85
260;20211116;5;10;51;0;10247;86
260;20211116;6;10;49;0;10246;85
260;20211116;7;10;49;0;10243;89
260;20211116;8;10;49;2;10244;86
260;20211116;9;10;49;4;10243;87
260;20211116;10;10;49;7;10240;87
260;20211116;11;10;49;9;10236;87
260;20211116;12;20;50;8;10230;88
260;20211116;13;20;49;8;10225;87
260;20211116;14;20;48;5;10220;88
260;20211116;15;20;50;6;10218;87
260;20211116;16;20;51;2;10216;86
260;20211116;17;20;49;0;10215;89
260;20211116;18;20;48;0;10216;95
260;20211116;19;20;49;0;10210;95
260;20211116;20;30;51;0;10208;94
260;20211116;21;20;52;0;10205;93
260;20211116;22;30;54;0;10202;95
260;20211116;23;30;57;0;10201;95
260;20211116;24;30;59;0;10200;95
260;20211117;1;40;61;0;10195;95
260;20211117;2;40;61;0;10189;93
260;20211117;3;30;62;0;10190;92
260;20211117;4;30;63;0;10188;91
260;20211117;5;40;63;0;10187;92
260;20211117;6;30;67;0;10186;92
260;20211117;7;30;71;0;10188;93
260;20211117;8;40;76;3;10192;95
260;20211117;9;30;84;11;10195;96
260;20211117;10;30;93;23;10201;98
260;20211117;11;30;105;50;10203;96
260;20211117;12;20;114;39;10204;82
260;20211117;13;40;119;61;10208;70
260;20211117;14;30;116;50;10211;68
260;20211117;15;30;108;34;10217;68
260;20211117;16;30;97;6;10223;76
260;20211117;17;30;92;0;10231;81
260;20211117;18;30;89;0;10241;82
260;20211117;19;30;76;0;10246;87
260;20211117;20;20;74;0;10247;87
260;20211117;21;30;74;0;10252;87
260;20211117;22;20;74;0;10257;86
260;20211117;23;20;69;0;10255;89
260;20211117;24;20;63;0;10257;92
260;20211118;1;30;70;0;10258;92
260;20211118;2;30;68;0;10262;94
260;20211118;3;30;77;0;10263;92
260;20211118;4;30;81;0;10263;90
260;20211118;5;30;77;0;10261;91
260;20211118;6;40;85;0;10263;89
260;20211118;7;40;81;0;10267;91
260;20211118;8;40;84;6;10270;89
260;20211118;9;40;90;31;10271;87
260;20211118;10;40;100;61;10273;83
260;20211118;11;50;108;92;10272;79
260;20211118;12;50;115;97;10267;77
260;20211118;13;60;117;91;10267;77
260;20211118;14;50;115;41;10262;79
260;20211118;15;40;114;13;10265;81
260;20211118;16;40;114;3;10265;82
260;20211118;17;40;113;0;10268;84
260;20211118;18;40;112;0;10274;87
260;20211118;19;40;112;0;10275;89
260;20211118;20;40;114;0;10276;89
260;20211118;21;30;113;0;10282;91
260;20211118;22;30;115;0;10281;91
260;20211118;23;30;112;0;10279;93
260;20211118;24;30;116;0;10279;91
260;20211119;1;40;117;0;10280;91
260;20211119;2;40;116;0;10279;91
260;20211119;3;40;115;0;10277;92
260;20211119;4;40;116;0;10276;93
260;20211119;5;30;116;0;10278;94
260;20211119;6;30;118;0;10277;94
260;20211119;7;30;120;0;10281;93
260;20211119;8;30;120;5;10286;93
260;20211119;9;30;123;14;10288;92
260;20211119;10;30;127;28;10288;89
260;20211119;11;30;139;53;10289;82
260;20211119;12;40;136;59;10289;79
260;20211119;13;40;138;58;10287;76
260;20211119;14;40;137;32;10285;76
260;20211119;15;40;132;15;10285;77
260;20211119;16;30;121;3;10288;82
260;20211119;17;20;107;0;10289;87
260;20211119;18;20;101;0;10291;91
260;20211119;19;30;107;0;10295;91
260;20211119;20;30;108;0;10295;91
260;20211119;21;30;109;0;10295;91
260;20211119;22;30;112;0;10292;89
260;20211119;23;30;111;0;10291;88
260;20211119;24;30;109;0;10287;88
260;20211120;1;20;108;0;10284;88
260;20211120;2;30;109;0;10280;86
260;20211120;3;30;109;0;10275;84
260;20211120;4;30;108;0;10271;82
260;20211120;5;30;107;0;10270;81
260;20211120;6;20;106;0;10265;81
260;20211120;7;30;104;0;10262;82
260;20211120;8;30;103;2;10259;82
260;20211120;9;30;105;8;10251;82
260;20211120;10;40;108;15;10249;82
260;20211120;11;40;108;14;10244;84
260;20211120;12;40;109;13;10233;84
260;20211120;13;40;108;10;10223;86
260;20211120;14;40;104;8;10211;91
260;20211120;15;40;101;5;10202;94
260;20211120;16;40;98;1;10197;96
260;20211120;17;40;94;0;10190;96
260;20211120;18;40;92;0;10184;96
260;20211120;19;30;91;0;10176;97
260;20211120;20;30;91;0;10172;97
260;20211120;21;30;91;0;10164;98
260;20211120;22;30;92;0;10157;96
260;20211120;23;30;90;0;10152;96
260;20211120;24;30;89;0;10144;97
260;20211121;1;20;89;0;10137;96
260;20211121;2;30;89;0;10131;96
260;20211121;3;30;88;0;10122;97
260;20211121;4;30;92;0;10121;98
260;20211121;5;20;92;0;10120;97
260;20211121;6;20;90;0;10120;95
260;20211121;7;20;84;0;10121;96
260;20211121;8;20;80;5;10125;87
260;20211121;9;20;70;20;10129;93
260;20211121;10;20;97;69;10130;75
260;20211121;11;30;102;90;10128;69
260;20211121;12;50;105;101;10128;69
260;20211121;13;40;99;90;10129;70
260;20211121;14;40;102;71;10132;70
260;20211121;15;40;93;26;10136;73
260;20211121;16;30;79;4;10144;80
260;20211121;17;20;67;0;10150;84
260;20211121;18;20;57;0;10156;89
260;20211121;19;20;56;0;10164;86
260;20211121;20;30;56;0;10171;84
260;20211121;21;30;53;0;10179;87
260;20211121;22;30;56;0;10187;89
260;20211121;23;30;62;0;10197;84
260;20211121;24;30;59;0;10205;84
260;20211122;1;30;54;0;10213;85
260;20211122;2;30;49;0;10220;87
260;20211122;3;20;42;0;10226;88
260;20211122;4;30;42;0;10233;85
260;20211122;5;20;31;0;10242;89
260;20211122;6;20;13;0;10249;95
260;20211122;7;20;-3;0;10258;97
260;20211122;8;20;10;9;10268;96
260;20211122;9;20;47;41;10274;82
260;20211122;10;20;65;71;10282;75
260;20211122;11;30;76;92;10282;69
260;20211122;12;20;86;99;10284;63
260;20211122;13;20;87;87;10284;60
260;20211122;14;20;86;66;10287;58
260;20211122;15;20;84;32;10290;63
260;20211122;16;20;57;4;10293;77
260;20211122;17;10;26;0;10296;92
260;20211122;18;10;15;0;10299;97
260;20211122;19;0;9;0;10304;96
260;20211122;20;0;1;0;10306;98
260;20211122;21;10;-2;0;10306;97
260;20211122;22;10;-3;0;10310;97
260;20211122;23;10;-5;0;10311;97
260;20211122;24;10;6;0;10310;97
260;20211123;1;10;17;0;10309;97
260;20211123;2;10;29;0;10307;97
260;20211123;3;20;57;0;10302;97
260;20211123;4;10;53;0;10300;97
260;20211123;5;20;66;0;10299;96
260;20211123;6;20;70;0;10298;97
260;20211123;7;10;65;0;10301;98
260;20211123;8;10;73;3;10305;98
260;20211123;9;10;80;17;10307;97
260;20211123;10;10;92;37;10309;97
260;20211123;11;20;91;48;10308;91
260;20211123;12;20;95;37;10304;90
260;20211123;13;10;99;60;10301;88
260;20211123;14;20;109;60;10298;81
260;20211123;15;20;98;8;10298;84
260;20211123;16;20;88;2;10299;88
260;20211123;17;10;79;0;10298;94
260;20211123;18;10;59;0;10296;97
260;20211123;19;10;37;0;10295;98
260;20211123;20;10;32;0;10295;99
260;20211123;21;0;23;0;10292;98
260;20211123;22;10;37;0;10291;98
260;20211123;23;10;45;0;10288;98
260;20211123;24;10;53;0;10283;98
260;20211124;1;10;40;0;10279;99
260;20211124;2;10;50;0;10276;98
260;20211124;3;10;55;0;10269;98
260;20211124;4;10;59;0;10262;98
260;20211124;5;20;59;0;10256;98
260;20211124;6;10;63;0;10254;98
260;20211124;7;20;64;0;10249;98
260;20211124;8;20;66;2;10247;96
260;20211124;9;20;67;11;10241;96
260;20211124;10;20;73;27;10237;94
260;20211124;11;30;74;26;10230;91
260;20211124;12;20;73;24;10218;93
260;20211124;13;40;73;30;10207;92
260;20211124;14;30;74;28;10196;89
260;20211124;15;30;70;27;10188;85
260;20211124;16;30;58;3;10182;95
260;20211124;17;20;62;0;10179;95
260;20211124;18;20;57;0;10170;95
260;20211124;19;20;56;0;10167;96
260;20211124;20;20;58;0;10162;96
260;20211124;21;20;58;0;10157;96
260;20211124;22;10;55;0;10151;94
260;20211124;23;10;47;0;10146;96
260;20211124;24;20;55;0;10141;97
260;20211125;1;20;54;0;10136;94
260;20211125;2;30;55;0;10133;87
260;20211125;3;20;55;0;10128;82
260;20211125;4;20;53;0;10123;85
260;20211125;5;20;49;0;10119;89
260;20211125;6;20;50;0;10115;90
260;20211125;7;20;53;0;10113;90
260;20211125;8;20;56;3;10112;92
260;20211125;9;20;58;5;10115;95
260;20211125;10;20;65;21;10115;98
260;20211125;11;10;79;45;10116;92
260;20211125;12;20;88;43;10114;79
260;20211125;13;20;88;42;10108;70
260;20211125;14;20;91;45;10104;70
260;20211125;15;30;83;28;10105;73
260;20211125;16;20;54;4;10106;90
260;20211125;17;20;34;0;10106;96
260;20211125;18;20;31;0;10103;96
260;20211125;19;20;30;0;10101;97
260;20211125;20;20;33;0;10098;96
260;20211125;21;20;41;0;10092;94
260;20211125;22;20;34;0;10085;94
260;20211125;23;20;44;0;10080;91
260;20211125;24;20;44;0;10072;93
260;20211126;1;20;39;0;10060;95
260;20211126;2;30;44;0;10050;93
260;20211126;3;20;43;0;10040;92
260;20211126;4;30;42;0;10026;94
260;20211126;5;30;41;0;10014;93
260;20211126;6;30;43;0;10000;89
260;20211126;7;30;43;0;9989;83
260;20211126;8;40;44;2;9978;79
260;20211126;9;50;45;16;9964;82
260;20211126;10;60;49;33;9951;80
260;20211126;11;80;54;54;9931;78
260;20211126;12;70;47;40;9913;82
260;20211126;13;70;42;13;9895;89
260;20211126;14;70;41;8;9877;90
260;20211126;15;70;41;3;9866;91
260;20211126;16;60;42;1;9852;93
260;20211126;17;50;48;0;9845;94
260;20211126;18;50;51;0;9840;94
260;20211126;19;40;53;0;9840;96
260;20211126;20;10;46;0;9836;98
260;20211126;21;10;42;0;9833;98
260;20211126;22;10;45;0;9832;98
260;20211126;23;20;45;0;9833;96
260;20211126;24;30;36;0;9836;94
260;20211127;1;30;32;0;9833;94
260;20211127;2;20;34;0;9835;92
260;20211127;3;20;33;0;9837;93
260;20211127;4;30;31;0;9844;92
260;20211127;5;30;29;0;9851;92
260;20211127;6;20;30;0;9860;94
260;20211127;7;20;25;0;9867;94
260;20211127;8;20;27;1;9877;94
260;20211127;9;30;27;4;9882;92
260;20211127;10;30;26;9;9888;94
260;20211127;11;40;32;22;9888;92
260;20211127;12;50;38;33;9890;84
260;20211127;13;40;35;14;9893;86
260;20211127;14;40;26;16;9898;92
260;20211127;15;40;26;11;9901;91
260;20211127;16;40;30;2;9904;92
260;20211127;17;40;29;0;9909;92
260;20211127;18;40;30;0;9913;93
260;20211127;19;30;31;0;9920;94
260;20211127;20;20;32;0;9924;94
260;20211127;21;20;32;0;9929;95
260;20211127;22;20;32;0;9934;95
260;20211127;23;20;29;0;9939;96
260;20211127;24;10;31;0;9942;96
260;20211128;1;10;30;0;9947;96
260;20211128;2;10;31;0;9953;96
260;20211128;3;10;32;0;9957;95
260;20211128;4;10;26;0;9958;98
260;20211128;5;10;23;0;9958;98
260;20211128;6;10;22;0;9965;98
260;20211128;7;10;16;0;9970;98
260;20211128;8;0;21;9;9977;98
260;20211128;9;10;35;25;9982;98
260;20211128;10;20;40;21;9985;96
260;20211128;11;30;41;31;9985;91
260;20211128;12;40;35;25;9988;91
260;20211128;13;20;41;18;9987;87
260;20211128;14;20;39;19;9989;89
260;20211128;15;20;39;20;9993;90
260;20211128;16;20;15;3;9996;97
260;20211128;17;20;6;0;10000;98
260;20211128;18;20;-2;0;10007;98
260;20211128;19;20;-4;0;10012;97
260;20211128;20;20;-13;0;10018;97
260;20211128;21;20;12;0;10023;85
260;20211128;22;20;8;0;10027;90
260;20211128;23;20;18;0;10032;87
260;20211128;24;20;22;0;10035;85
260;20211129;1;30;20;0;10040;87
260;20211129;2;30;19;0;10043;87
260;20211129;3;30;15;0;10042;91
260;20211129;4;30;18;0;10047;89
260;20211129;5;30;24;0;10049;83
260;20211129;6;30;18;0;10052;87
260;20211129;7;30;31;0;10059;84
260;20211129;8;40;35;5;10066;89
260;20211129;9;40;44;40;10072;87
260;20211129;10;30;54;59;10079;84
260;20211129;11;30;64;83;10083;80
260;20211129;12;30;71;89;10086;75
260;20211129;13;20;73;71;10088;76
260;20211129;14;30;57;30;10092;80
260;20211129;15;20;47;10;10098;85
260;20211129;16;20;41;2;10104;91
260;20211129;17;20;51;0;10111;88
260;20211129;18;20;49;0;10115;92
260;20211129;19;20;50;0;10117;91
260;20211129;20;20;40;0;10114;93
260;20211129;21;30;45;0;10113;84
260;20211129;22;40;50;0;10107;83
260;20211129;23;40;52;0;10101;80
260;20211129;24;50;53;0;10093;78
260;20211130;1;60;49;0;10082;82
260;20211130;2;60;42;0;10073;94
260;20211130;3;70;50;0;10064;96
260;20211130;4;50;60;0;10056;98
260;20211130;5;50;83;0;10049;97
260;20211130;6;50;88;0;10052;96
260;20211130;7;60;92;0;10050;94
260;20211130;8;60;93;1;10055;96
260;20211130;9;50;95;6;10055;96
260;20211130;10;50;98;11;10059;95
260;20211130;11;30;87;7;10061;98
260;20211130;12;20;87;7;10059;98
260;20211130;13;30;100;8;10057;96
260;20211130;14;50;100;8;10058;96
260;20211130;15;40;88;4;10065;98
260;20211130;16;10;85;1;10063;98
260;20211130;17;10;87;0;10062;98
260;20211130;18;20;96;0;10057;98
260;20211130;19;40;98;0;10052;98
260;20211130;20;40;97;0;10047;98
260;20211130;21;50;98;0;10038;97
260;20211130;22;50;98;0;10026;95
260;20211130;23;50;101;0;10013;93
260;20211130;24;60;99;0;9996;97
260;20211201;1;70;106;0;9978;94
260;20211201;2;80;102;0;9966;94
260;20211201;3;90;99;0;9950;93
260;20211201;4;90;96;0;9932;91
260;20211201;5;100;89;0;9918;94
260;20211201;6;90;89;0;9908;94
260;20211201;7;80;91;0;9899;94
260;20211201;8;80;95;2;9891;93
260;20211201;9;70;91;6;9896;84
260;20211201;10;60;85;28;9902;89
260;20211201;11;60;89;43;9900;84
260;20211201;12;60;92;39;9898;78
260;20211201;13;70;90;22;9898;78
260;20211201;14;70;83;16;9903;88
260;20211201;15;60;78;8;9911;86
260;20211201;16;50;74;2;9922;78
260;20211201;17;40;70;0;9933;79
260;20211201;18;40;66;0;9944;76
260;20211201;19;30;62;0;9954;71
260;20211201;20;30;58;0;9962;72
260;20211201;21;30;57;0;9969;69
260;20211201;22;20;53;0;9974;70
260;20211201;23;30;54;0;9979;76
260;20211201;24;30;48;0;9985;85
260;20211202;1;30;41;0;9987;87
260;20211202;2;30;39;0;9987;88
260;20211202;3;30;35;0;9987;90
260;20211202;4;30;33;0;9991;91
260;20211202;5;20;24;0;9993;94
260;20211202;6;20;28;0;9995;90
260;20211202;7;20;22;0;9998;95
260;20211202;8;30;22;2;10008;92
260;20211202;9;20;27;20;10014;93
260;20211202;10;30;27;54;10020;90
260;20211202;11;30;23;32;10026;93
260;20211202;12;30;28;41;10030;93
260;20211202;13;30;43;70;10040;85
260;20211202;14;20;51;55;10048;81
260;20211202;15;30;48;15;10059;70
260;20211202;16;30;30;1;10066;74
260;20211202;17;20;13;0;10075;88
260;20211202;18;20;11;0;10082;90
260;20211202;19;10;-5;0;10088;97
260;20211202;20;10;-13;0;10094;95
260;20211202;21;20;7;0;10100;95
260;20211202;22;20;8;0;10099;94
260;20211202;23;20;6;0;10102;94
260;20211202;24;20;14;0;10099;94
260;20211203;1;20;12;0;10101;94
260;20211203;2;30;14;0;10099;94
260;20211203;3;30;19;0;10095;92
260;20211203;4;40;22;0;10091;92
260;20211203;5;40;25;0;10089;90
260;20211203;6;40;30;0;10086;91
260;20211203;7;50;33;0;10083;89
260;20211203;8;50;32;2;10082;83
260;20211203;9;50;32;14;10076;81
260;20211203;10;60;39;28;10071;77
260;20211203;11;80;37;25;10059;85
260;20211203;12;80;44;30;10050;79
260;20211203;13;80;47;25;10042;77
260;20211203;14;80;40;9;10038;89
260;20211203;15;70;39;3;10035;93
260;20211203;16;70;41;1;10030;95
260;20211203;17;70;42;0;10026;95
260;20211203;18;60;43;0;10020;94
260;20211203;19;60;44;0;10018;93
260;20211203;20;60;43;0;10015;96
260;20211203;21;50;43;0;10010;95
260;20211203;22;40;43;0;10010;96
260;20211203;23;40;43;0;10002;97
260;20211203;24;30;44;0;9995;97
260;20211204;1;30;45;0;9991;97
260;20211204;2;30;44;0;9985;98
260;20211204;3;30;45;0;9982;99
260;20211204;4;20;45;0;9976;99
260;20211204;5;20;46;0;9972;99
260;20211204;6;20;46;0;9969;99
260;20211204;7;20;46;0;9965;99
260;20211204;8;20;46;2;9964;99
260;20211204;9;30;46;5;9960;99
260;20211204;10;30;47;15;9956;98
260;20211204;11;30;50;19;9947;98
260;20211204;12;30;52;10;9942;96
260;20211204;13;30;53;9;9936;98
260;20211204;14;20;55;4;9935;97
260;20211204;15;20;57;4;9939;95
260;20211204;16;20;56;1;9946;94
260;20211204;17;30;54;0;9953;95
260;20211204;18;30;53;0;9957;86
260;20211204;19;40;53;0;9959;83
260;20211204;20;40;51;0;9961;87
260;20211204;21;30;46;0;9961;91
260;20211204;22;30;48;0;9963;91
260;20211204;23;40;49;0;9965;90
260;20211204;24;30;44;0;9964;90
260;20211205;1;40;44;0;9964;85
260;20211205;2;40;43;0;9966;86
260;20211205;3;40;30;0;9964;89
260;20211205;4;30;35;0;9966;90
260;20211205;5;30;39;0;9967;90
260;20211205;6;40;42;0;9973;90
260;20211205;7;30;43;0;9980;90
260;20211205;8;30;42;0;9986;92
260;20211205;9;30;43;5;9993;92
260;20211205;10;30;46;15;10002;92
260;20211205;11;30;51;37;10008;88
260;20211205;12;30;52;29;10014;88
260;20211205;13;30;52;37;10021;87
260;20211205;14;30;51;14;10029;87
260;20211205;15;20;49;6;10043;87
260;20211205;16;20;47;1;10053;88
260;20211205;17;20;44;0;10066;91
260;20211205;18;20;41;0;10074;93
260;20211205;19;20;42;0;10086;94
260;20211205;20;20;41;0;10094;94
260;20211205;21;20;42;0;10103;93
260;20211205;22;20;41;0;10108;94
260;20211205;23;20;39;0;10114;94
260;20211205;24;20;36;0;10119;94
260;20211206;1;20;35;0;10126;95
260;20211206;2;20;38;0;10131;96
260;20211206;3;10;38;0;10134;96
260;20211206;4;10;38;0;10136;96
260;20211206;5;20;37;0;10137;97
260;20211206;6;20;36;0;10138;95
260;20211206;7;20;36;0;10142;95
260;20211206;8;30;35;1;10140;93
260;20211206;9;30;36;4;10144;94
260;20211206;10;30;36;7;10142;95
260;20211206;11;40;34;14;10134;93
260;20211206;12;40;39;28;10123;86
260;20211206;13;40;36;32;10115;87
260;20211206;14;50;31;18;10102;90
260;20211206;15;50;25;8;10093;91
260;20211206;16;40;24;2;10086;93
260;20211206;17;40;32;0;10075;91
260;20211206;18;40;38;0;10067;85
260;20211206;19;60;31;0;10057;89
260;20211206;20;50;25;0;10047;91
260;20211206;21;50;20;0;10039;94
260;20211206;22;50;11;0;10035;97
260;20211206;23;40;10;0;10038;97
260;20211206;24;40;7;0;10042;98
260;20211207;1;20;8;0;10049;98
260;20211207;2;20;10;0;10054;98
260;20211207;3;30;51;0;10062;81
260;20211207;4;30;43;0;10068;89
260;20211207;5;30;33;0;10073;91
260;20211207;6;30;33;0;10082;89
260;20211207;7;20;21;0;10084;94
260;20211207;8;20;19;3;10083;97
260;20211207;9;30;34;23;10085;90
260;20211207;10;40;45;52;10086;87
260;20211207;11;40;53;76;10078;85
260;20211207;12;40;58;86;10071;81
260;20211207;13;40;54;61;10060;80
260;20211207;14;40;47;32;10046;82
260;20211207;15;50;45;14;10037;82
260;20211207;16;50;45;2;10023;83
260;20211207;17;60;48;0;10000;80
260;20211207;18;70;44;0;9984;79
260;20211207;19;70;46;0;9966;77
260;20211207;20;80;44;0;9947;79
260;20211207;21;70;41;0;9937;87
260;20211207;22;80;43;0;9918;88
260;20211207;23;80;45;0;9918;89
260;20211207;24;70;46;0;9906;92
260;20211208;1;60;49;0;9907;96
260;20211208;2;50;58;0;9912;96
260;20211208;3;50;63;0;9916;93
260;20211208;4;50;64;0;9920;89
260;20211208;5;50;65;0;9924;84
260;20211208;6;60;56;0;9927;82
260;20211208;7;50;49;0;9936;84
260;20211208;8;50;47;1;9941;83
260;20211208;9;50;51;19;9942;81
260;20211208;10;60;58;45;9946;78
260;20211208;11;60;65;51;9948;77
260;20211208;12;70;64;53;9951;75
260;20211208;13;60;69;67;9958;74
260;20211208;14;60;65;36;9963;76
260;20211208;15;50;63;10;9970;77
260;20211208;16;50;53;2;9977;79
260;20211208;17;50;49;0;9979;79
260;20211208;18;50;46;0;9983;80
260;20211208;19;40;44;0;9989;82
260;20211208;20;40;37;0;9993;85
260;20211208;21;30;27;0;9998;89
260;20211208;22;30;22;0;10001;91
260;20211208;23;30;27;0;10005;89
260;20211208;24;40;26;0;10007;89
260;20211209;1;30;17;0;10010;92
260;20211209;2;30;25;0;10009;90
260;20211209;3;30;14;0;10011;93
260;20211209;4;40;22;0;10013;90
260;20211209;5;40;18;0;10014;91
260;20211209;6;30;18;0;10017;91
260;20211209;7;40;18;0;10018;91
260;20211209;8;40;17;2;10022;91
260;20211209;9;40;23;12;10025;92
260;20211209;10;30;39;26;10026;89
260;20211209;11;40;44;26;10024;89
260;20211209;12;40;49;34;10020;88
260;20211209;13;40;53;26;10020;88
260;20211209;14;40;54;13;10019;90
260;20211209;15;40;53;6;10019;92
260;20211209;16;30;53;1;10018;93
260;20211209;17;30;53;0;10016;92
260;20211209;18;40;52;0;10016;93
260;20211209;19;30;51;0;10012;92
260;20211209;20;30;42;0;10005;92
260;20211209;21;30;40;0;9999;95
260;20211209;22;40;42;0;9991;93
260;20211209;23;40;38;0;9981;93
260;20211209;24;40;30;0;9970;93
260;20211210;1;40;33;0;9960;91
260;20211210;2;50;27;0;9948;90
260;20211210;3;40;27;0;9936;89
260;20211210;4;50;33;0;9925;85
260;20211210;5;60;34;0;9916;84
260;20211210;6;50;34;0;9910;85
260;20211210;7;60;35;0;9909;83
260;20211210;8;50;36;2;9912;82
260;20211210;9;50;38;11;9914;82
260;20211210;10;60;37;16;9919;84
260;20211210;11;50;41;22;9920;82
260;20211210;12;40;42;32;9922;83
260;20211210;13;30;46;19;9928;83
260;20211210;14;20;48;13;9936;80
260;20211210;15;20;43;4;9945;83
260;20211210;16;20;42;1;9959;84
260;20211210;17;20;41;0;9971;84
260;20211210;18;20;40;0;9983;85
260;20211210;19;20;35;0;9995;90
260;20211210;20;10;19;0;10005;96
260;20211210;21;20;12;0;10020;97
260;20211210;22;20;-2;0;10031;98
260;20211210;23;10;-8;0;10042;99
260;20211210;24;10;-10;0;10053;97
260;20211211;1;20;-6;0;10062;97
260;20211211;2;0;-5;0;10074;98
260;20211211;3;10;-1;0;10083;98
260;20211211;4;10;7;0;10088;98
260;20211211;5;20;21;0;10092;98
260;20211211;6;30;33;0;10094;98
260;20211211;7;30;41;0;10105;97
260;20211211;8;20;27;2;10123;98
260;20211211;9;20;29;12;10137;98
260;20211211;10;10;43;47;10147;94
260;20211211;11;10;62;76;10153;88
260;20211211;12;10;72;64;10159;82
260;20211211;13;20;78;74;10164;81
260;20211211;14;30;83;57;10167;81
260;20211211;15;30;72;17;10174;82
260;20211211;16;20;59;1;10179;86
260;20211211;17;20;52;0;10184;90
260;20211211;18;30;53;0;10191;89
260;20211211;19;40;52;0;10192;91
260;20211211;20;40;49;0;10196;92
260;20211211;21;40;49;0;10195;91
260;20211211;22;40;49;0;10197;91
260;20211211;23;40;51;0;10196;91
260;20211211;24;40;53;0;10192;92
260;20211212;1;50;55;0;10187;92
260;20211212;2;50;55;0;10188;93
260;20211212;3;50;55;0;10183;96
260;20211212;4;50;59;0;10182;97
260;20211212;5;50;63;0;10181;98
260;20211212;6;50;68;0;10183;97
260;20211212;7;50;75;0;10186;98
260;20211212;8;50;80;1;10190;98
260;20211212;9;50;84;3;10196;98
260;20211212;10;50;89;9;10201;98
260;20211212;11;50;92;13;10201;98
260;20211212;12;50;96;18;10202;98
260;20211212;13;40;99;20;10205;98
260;20211212;14;40;101;14;10208;98
260;20211212;15;30;103;5;10212;98
260;20211212;16;30;104;1;10218;98
260;20211212;17;30;105;0;10223;98
260;20211212;18;40;108;0;10227;96
260;20211212;19;40;108;0;10228;96
260;20211212;20;40;110;0;10232;96
260;20211212;21;40;109;0;10235;96
260;20211212;22;40;107;0;10237;97
260;20211212;23;40;107;0;10239;96
260;20211212;24;40;106;0;10240;96
260;20211213;1;40;103;0;10242;94
260;20211213;2;30;100;0;10247;93
260;20211213;3;30;99;0;10246;93
260;20211213;4;40;100;0;10246;91
260;20211213;5;30;99;0;10246;91
260;20211213;6;40;99;0;10247;90
260;20211213;7;40;100;0;10250;86
260;20211213;8;30;97;2;10254;90
260;20211213;9;40;98;7;10256;88
260;20211213;10;40;100;15;10265;88
260;20211213;11;40;101;22;10264;88
260;20211213;12;40;102;26;10261;85
260;20211213;13;40;103;23;10261;86
260;20211213;14;30;101;14;10261;86
260;20211213;15;30;97;6;10262;87
260;20211213;16;30;96;1;10263;86
260;20211213;17;30;94;0;10262;87
260;20211213;18;30;93;0;10261;87
260;20211213;19;30;93;0;10263;85
260;20211213;20;30;93;0;10263;83
260;20211213;21;40;90;0;10261;85
260;20211213;22;30;89;0;10264;86
260;20211213;23;30;87;0;10263;88
260;20211213;24;40;87;0;10260;89
260;20211214;1;40;86;0;10261;89
260;20211214;2;40;84;0;10257;90
260;20211214;3;40;82;0;10255;92
260;20211214;4;40;82;0;10259;91
260;20211214;5;30;79;0;10255;91
260;20211214;6;40;80;0;10258;90
260;20211214;7;40;81;0;10261;89
260;20211214;8;40;81;1;10266;89
260;20211214;9;30;83;10;10269;90
260;20211214;10;30;82;12;10268;96
260;20211214;11;40;89;21;10269;93
260;20211214;12;40;89;20;10266;95
260;20211214;13;40;90;13;10264;96
260;20211214;14;40;92;10;10264;97
260;20211214;15;30;94;5;10266;96
260;20211214;16;30;96;1;10269;97
260;20211214;17;30;99;0;10270;98
260;20211214;18;30;100;0;10274;97
260;20211214;19;40;100;0;10275;97
260;20211214;20;40;100;0;10277;96
260;20211214;21;50;100;0;10279;96
260;20211214;22;40;99;0;10279;96
260;20211214;23;40;97;0;10282;96
260;20211214;24;40;97;0;10281;96
260;20211215;1;40;96;0;10280;96
260;20211215;2;40;96;0;10282;95
260;20211215;3;40;96;0;10283;95
260;20211215;4;40;97;0;10285;94
260;20211215;5;40;97;0;10287;94
260;20211215;6;40;97;0;10289;96
260;20211215;7;40;98;0;10293;96
260;20211215;8;40;99;1;10296;96
260;20211215;9;40;101;5;10298;95
260;20211215;10;40;104;15;10303;94
260;20211215;11;40;105;21;10304;90
260;20211215;12;40;108;33;10302;89
260;20211215;13;30;109;34;10301;85
260;20211215;14;30;107;19;10302;87
260;20211215;15;30;105;6;10306;90
260;20211215;16;30;104;1;10310;92
260;20211215;17;30;102;0;10313;91
260;20211215;18;30;102;0;10317;90
260;20211215;19;30;101;0;10319;90
260;20211215;20;30;93;0;10324;92
260;20211215;21;30;87;0;10327;97
260;20211215;22;30;83;0;10330;98
260;20211215;23;30;78;0;10333;98
260;20211215;24;20;77;0;10336;98
260;20211216;1;20;74;0;10338;99
260;20211216;2;10;60;0;10343;99
260;20211216;3;10;69;0;10345;98
260;20211216;4;20;70;0;10344;99
260;20211216;5;20;66;0;10348;99
260;20211216;6;10;39;0;10351;98
260;20211216;7;10;31;0;10357;99
260;20211216;8;10;27;1;10365;99
260;20211216;9;10;42;24;10373;99
260;20211216;10;10;60;53;10374;98
260;20211216;11;10;101;70;10376;92
260;20211216;12;20;108;70;10374;88
260;20211216;13;20;116;66;10374;85
260;20211216;14;20;111;42;10377;85
260;20211216;15;10;96;15;10379;91
260;20211216;16;10;68;2;10383;98
260;20211216;17;10;52;0;10389;99
260;20211216;18;10;42;0;10392;99
260;20211216;19;10;35;0;10395;99
260;20211216;20;20;56;0;10396;99
260;20211216;21;10;56;0;10400;99
260;20211216;22;10;58;0;10401;98
260;20211216;23;10;62;0;10402;98
260;20211216;24;0;65;0;10399;98
260;20211217;1;0;67;0;10399;98
260;20211217;2;0;69;0;10400;98
260;20211217;3;10;69;0;10400;98
260;20211217;4;10;69;0;10399;98
260;20211217;5;20;72;0;10398;98
260;20211217;6;10;70;0;10403;98
260;20211217;7;10;71;0;10405;98
260;20211217;8;20;71;1;10407;98
260;20211217;9;10;75;7;10408;97
260;20211217;10;20;78;13;10412;95
260;20211217;11;30;79;15;10413;93
260;20211217;12;30;79;12;10412;93
260;20211217;13;20;80;12;10410;92
260;20211217;14;10;85;19;10407;86
260;20211217;15;10;85;6;10407;86
260;20211217;16;10;84;1;10407;90
260;20211217;17;20;81;0;10408;96
260;20211217;18;20;82;0;10409;93
260;20211217;19;20;79;0;10409;98
260;20211217;20;10;79;0;10409;98
260;20211217;21;10;79;0;10411;98
260;20211217;22;10;79;0;10409;97
260;20211217;23;20;79;0;10408;97
260;20211217;24;20;78;0;10408;98
260;20211218;1;20;78;0;10404;97
260;20211218;2;20;79;0;10404;95
260;20211218;3;20;76;0;10402;97
260;20211218;4;20;72;0;10401;98
260;20211218;5;30;68;0;10402;98
260;20211218;6;20;61;0;10402;98
260;20211218;7;20;55;0;10404;99
260;20211218;8;20;49;1;10405;99
260;20211218;9;20;49;9;10404;99
260;20211218;10;20;47;17;10405;98
260;20211218;11;20;49;25;10403;98
260;20211218;12;20;53;28;10398;98
260;20211218;13;20;57;26;10393;98
260;20211218;14;20;61;22;10388;97
260;20211218;15;20;63;8;10388;97
260;20211218;16;10;63;2;10388;98
260;20211218;17;10;64;0;10385;98
260;20211218;18;10;66;0;10385;98
260;20211218;19;10;67;0;10384;98
260;20211218;20;10;68;0;10378;98
260;20211218;21;20;68;0;10377;98
260;20211218;22;20;62;0;10378;99
260;20211218;23;20;58;0;10375;99
260;20211218;24;20;59;0;10368;98
260;20211219;1;20;59;0;10362;99
260;20211219;2;20;62;0;10360;98
260;20211219;3;30;62;0;10351;98
260;20211219;4;30;69;0;10345;98
260;20211219;5;20;69;0;10340;98
260;20211219;6;30;71;0;10337;98
260;20211219;7;30;69;0;10335;97
260;20211219;8;30;66;1;10332;98
260;20211219;9;20;67;10;10329;98
260;20211219;10;30;71;13;10329;93
260;20211219;11;30;71;13;10323;93
260;20211219;12;30;71;14;10316;92
260;20211219;13;30;69;14;10310;93
260;20211219;14;20;69;15;10307;94
260;20211219;15;20;70;7;10302;95
260;20211219;16;20;70;1;10297;94
260;20211219;17;20;71;0;10293;93
260;20211219;18;20;72;0;10291;91
260;20211219;19;20;72;0;10289;90
260;20211219;20;20;69;0;10290;94
260;20211219;21;20;67;0;10290;96
260;20211219;22;20;68;0;10287;93
260;20211219;23;20;68;0;10286;89
260;20211219;24;20;65;0;10284;86
260;20211220;1;20;61;0;10281;88
260;20211220;2;20;63;0;10281;81
260;20211220;3;20;63;0;10279;79
260;20211220;4;20;59;0;10278;83
260;20211220;5;20;61;0;10278;76
260;20211220;6;20;61;0;10280;73
260;20211220;7;20;51;0;10282;80
260;20211220;8;10;49;1;10284;86
260;20211220;9;10;52;9;10287;89
260;20211220;10;10;57;19;10290;82
260;20211220;11;20;64;33;10290;73
260;20211220;12;10;68;34;10288;64
260;20211220;13;10;67;33;10285;63
260;20211220;14;10;72;41;10284;59
260;20211220;15;20;63;18;10284;67
260;20211220;16;20;38;2;10282;80
260;20211220;17;10;16;0;10283;92
260;20211220;18;10;1;0;10286;97
260;20211220;19;10;-8;0;10287;97
260;20211220;20;10;-14;0;10286;98
260;20211220;21;0;-22;0;10287;98
260;20211220;22;10;-26;0;10284;98
260;20211220;23;10;-30;0;10283;98
260;20211220;24;10;-33;0;10283;98
260;20211221;1;10;-36;0;10280;98
260;20211221;2;10;-36;0;10277;97
260;20211221;3;10;-43;0;10275;98
260;20211221;4;0;-47;0;10275;98
260;20211221;5;0;-48;0;10272;96
260;20211221;6;10;-50;0;10272;95
260;20211221;7;0;-54;0;10272;97
260;20211221;8;0;-52;1;10273;95
260;20211221;9;10;-25;20;10276;94
260;20211221;10;10;-5;50;10275;92
260;20211221;11;10;28;72;10270;79
260;20211221;12;10;37;81;10267;72
260;20211221;13;10;42;74;10261;68
260;20211221;14;10;40;54;10260;69
260;20211221;15;20;25;24;10261;74
260;20211221;16;20;-6;2;10262;90
260;20211221;17;20;-19;0;10264;96
260;20211221;18;20;-27;0;10265;98
260;20211221;19;20;-33;0;10265;98
260;20211221;20;20;-36;0;10266;98
260;20211221;21;10;-40;0;10265;96
260;20211221;22;20;-42;0;10264;96
260;20211221;23;20;-47;0;10263;98
260;20211221;24;20;-49;0;10262;96
260;20211222;1;10;-53;0;10262;98
260;20211222;2;20;-56;0;10261;95
260;20211222;3;20;-61;0;10262;98
260;20211222;4;20;-61;0;10259;95
260;20211222;5;20;-44;0;10256;98
260;20211222;6;20;-40;0;10255;95
260;20211222;7;20;-41;0;10254;94
260;20211222;8;20;-39;2;10251;93
260;20211222;9;20;-30;21;10252;95
260;20211222;10;20;-24;44;10252;91
260;20211222;11;20;-11;71;10248;89
260;20211222;12;20;-6;83;10241;87
260;20211222;13;20;0;66;10235;86
260;20211222;14;20;-4;35;10227;87
260;20211222;15;30;-7;16;10221;88
260;20211222;16;20;-11;2;10215;88
260;20211222;17;30;-11;0;10210;88
260;20211222;18;30;-17;0;10207;91
260;20211222;19;30;-16;0;10197;88
260;20211222;20;30;-13;0;10193;88
260;20211222;21;30;-9;0;10187;86
260;20211222;22;30;-10;0;10180;86
260;20211222;23;30;-8;0;10171;85
260;20211222;24;30;-6;0;10165;84
260;20211223;1;30;-4;0;10158;83
260;20211223;2;30;-6;0;10147;83
260;20211223;3;40;-11;0;10141;84
260;20211223;4;40;-12;0;10129;85
260;20211223;5;40;-10;0;10132;86
260;20211223;6;30;-10;0;10121;88
260;20211223;7;30;-8;0;10121;89
260;20211223;8;30;-8;0;10118;90
260;20211223;9;40;-4;7;10107;89
260;20211223;10;40;2;21;10101;88
260;20211223;11;50;11;26;10092;86
260;20211223;12;40;21;41;10082;84
260;20211223;13;40;30;38;10071;83
260;20211223;14;40;35;32;10069;83
260;20211223;15;40;37;10;10069;84
260;20211223;16;50;38;2;10068;86
260;20211223;17;50;40;0;10063;89
260;20211223;18;50;42;0;10057;92
260;20211223;19;50;41;0;10051;96
260;20211223;20;50;48;0;10050;98
260;20211223;21;50;58;0;10045;97
260;20211223;22;50;65;0;10042;98
260;20211223;23;50;70;0;10040;98
260;20211223;24;50;77;0;10036;98
260;20211224;1;50;82;0;10034;98
260;20211224;2;50;92;0;10032;98
260;20211224;3;50;99;0;10032;94
260;20211224;4;50;98;0;10032;93
260;20211224;5;50;97;0;10033;91
260;20211224;6;50;95;0;10035;89
260;20211224;7;40;88;0;10034;91
260;20211224;8;40;87;1;10037;91
260;20211224;9;40;87;6;10036;92
260;20211224;10;40;85;10;10035;94
260;20211224;11;40;86;12;10035;95
260;20211224;12;40;92;24;10032;92
260;20211224;13;40;88;11;10034;95
260;20211224;14;30;87;9;10034;96
260;20211224;15;30;82;4;10037;98
260;20211224;16;30;70;1;10042;98
260;20211224;17;20;65;0;10045;96
260;20211224;18;10;61;0;10046;98
260;20211224;19;20;61;0;10049;97
260;20211224;20;20;58;0;10053;96
260;20211224;21;20;56;0;10054;97
260;20211224;22;20;55;0;10055;96
260;20211224;23;30;49;0;10060;95
260;20211224;24;50;40;0;10060;96
260;20211225;1;50;33;0;10061;95
260;20211225;2;50;25;0;10062;95
260;20211225;3;60;21;0;10062;93
260;20211225;4;60;17;0;10067;94
260;20211225;5;60;13;0;10073;91
260;20211225;6;50;3;0;10078;89
260;20211225;7;50;-4;0;10083;84
260;20211225;8;50;-15;1;10089;82
260;20211225;9;60;-18;16;10095;81
260;20211225;10;60;-11;49;10100;70
260;20211225;11;70;-5;73;10097;62
260;20211225;12;60;2;84;10097;60
260;20211225;13;60;5;78;10095;58
260;20211225;14;60;3;58;10095;56
260;20211225;15;60;-5;28;10097;58
260;20211225;16;40;-15;3;10101;58
260;20211225;17;40;-24;0;10105;60
260;20211225;18;50;-26;0;10104;59
260;20211225;19;50;-30;0;10102;63
260;20211225;20;50;-36;0;10102;66
260;20211225;21;40;-37;0;10102;66
260;20211225;22;40;-42;0;10100;69
260;20211225;23;40;-42;0;10095;66
260;20211225;24;40;-45;0;10091;67
260;20211226;1;40;-42;0;10088;63
260;20211226;2;30;-45;0;10087;64
260;20211226;3;30;-45;0;10085;63
260;20211226;4;30;-47;0;10080;63
260;20211226;5;40;-48;0;10078;65
260;20211226;6;40;-47;0;10074;65
260;20211226;7;40;-48;0;10074;64
260;20211226;8;30;-47;1;10072;67
260;20211226;9;30;-33;16;10074;64
260;20211226;10;40;-20;42;10071;65
260;20211226;11;40;-10;50;10064;67
260;20211226;12;30;3;42;10060;67
260;20211226;13;30;11;35;10056;70
260;20211226;14;40;12;19;10051;73
260;20211226;15;40;13;8;10048;76
260;20211226;16;40;11;2;10044;77
260;20211226;17;40;9;0;10044;79
260;20211226;18;40;8;0;10039;80
260;20211226;19;30;13;0;10037;81
260;20211226;20;30;19;0;10035;83
260;20211226;21;40;22;0;10030;88
260;20211226;22;30;20;0;10028;94
260;20211226;23;30;20;0;10025;96
260;20211226;24;30;22;0;10020;96
260;20211227;1;30;23;0;10015;98
260;20211227;2;30;23;0;10011;98
260;20211227;3;30;25;0;10009;99
260;20211227;4;30;27;0;10006;99
260;20211227;5;30;30;0;10001;98
260;20211227;6;30;34;0;9997;99
260;20211227;7;30;39;0;9996;99
260;20211227;8;30;42;1;9995;99
260;20211227;9;30;46;4;9993;99
260;20211227;10;30;52;16;9992;99
260;20211227;11;40;56;21;9985;99
260;20211227;12;30;60;41;9979;98
260;20211227;13;30;65;34;9974;95
260;20211227;14;40;68;31;9971;94
260;20211227;15;40;69;12;9968;95
260;20211227;16;30;70;2;9966;96
260;20211227;17;30;70;0;9964;96
260;20211227;18;30;72;0;9960;95
260;20211227;19;40;73;0;9957;96
260;20211227;20;40;78;0;9954;96
260;20211227;21;40;79;0;9951;98
260;20211227;22;40;82;0;9949;98
260;20211227;23;30;89;0;9945;97
260;20211227;24;30;82;0;9939;98
260;20211228;1;30;74;0;9937;98
260;20211228;2;30;77;0;9934;98
260;20211228;3;30;79;0;9930;97
260;20211228;4;40;81;0;9923;95
260;20211228;5;40;82;0;9920;96
260;20211228;6;40;82;0;9913;97
260;20211228;7;40;86;0;9908;96
260;20211228;8;40;89;0;9906;97
260;20211228;9;40;93;4;9902;97
260;20211228;10;50;98;10;9896;97
260;20211228;11;60;101;12;9887;95
260;20211228;12;40;98;11;9878;98
260;20211228;13;70;96;11;9882;89
260;20211228;14;70;101;42;9883;78
260;20211228;15;60;93;15;9888;80
260;20211228;16;40;83;2;9895;90
260;20211228;17;40;80;0;9902;96
260;20211228;18;30;86;0;9912;96
260;20211228;19;40;90;0;9924;97
260;20211228;20;60;90;0;9944;97
260;20211228;21;50;90;0;9958;97
260;20211228;22;50;90;0;9973;97
260;20211228;23;50;89;0;9986;98
260;20211228;24;40;90;0;9996;97
260;20211229;1;40;90;0;10010;97
260;20211229;2;40;90;0;10022;97
260;20211229;3;30;90;0;10029;96
260;20211229;4;30;90;0;10038;96
260;20211229;5;30;89;0;10045;98
260;20211229;6;40;88;0;10048;96
260;20211229;7;30;88;0;10056;95
260;20211229;8;30;85;0;10061;96
260;20211229;9;20;84;3;10063;95
260;20211229;10;30;86;10;10061;94
260;20211229;11;30;87;29;10056;91
260;20211229;12;30;88;21;10053;91
260;20211229;13;30;88;12;10046;92
260;20211229;14;30;86;7;10039;97
260;20211229;15;40;88;4;10034;98
260;20211229;16;40;92;1;10030;98
260;20211229;17;40;101;0;10031;98
260;20211229;18;50;115;0;10037;98
260;20211229;19;40;120;0;10047;95
260;20211229;20;50;119;0;10060;91
260;20211229;21;50;115;0;10071;86
260;20211229;22;50;101;0;10086;93
260;20211229;23;40;98;0;10094;94
260;20211229;24;50;100;0;10097;95
260;20211230;1;60;107;0;10099;95
260;20211230;2;50;115;0;10105;96
260;20211230;3;50;120;0;10105;97
260;20211230;4;50;122;0;10106;97
260;20211230;5;50;121;0;10108;98
260;20211230;6;60;122;0;10108;97
260;20211230;7;70;125;0;10114;96
260;20211230;8;70;126;1;10121;94
260;20211230;9;70;128;4;10123;92
260;20211230;10;70;134;15;10131;88
260;20211230;11;70;131;16;10135;90
260;20211230;12;80;129;11;10136;90
260;20211230;13;70;132;18;10135;91
260;20211230;14;70;134;21;10139;89
260;20211230;15;70;134;5;10145;91
260;20211230;16;60;132;1;10151;92
260;20211230;17;60;130;0;10154;91
260;20211230;18;60;132;0;10155;90
260;20211230;19;70;134;0;10158;88
260;20211230;20;80;132;0;10164;88
260;20211230;21;60;137;0;10165;85
260;20211230;22;70;138;0;10166;85
260;20211230;23;60;139;0;10164;85
260;20211230;24;60;136;0;10164;86
260;20211231;1;60;141;0;10165;82
260;20211231;2;60;141;0;10167;83
260;20211231;3;60;141;0;10166;81
260;20211231;4;50;138;0;10163;82
260;20211231;5;60;139;0;10160;80
260;20211231;6;60;136;0;10157;78
260;20211231;7;70;132;0;10154;79
260;20211231;8;70;129;1;10158;80
260;20211231;9;60;129;7;10158;80
260;20211231;10;60;129;18;10163;81
260;20211231;11;60;130;27;10150;82
260;20211231;12;70;135;36;10158;79
260;20211231;13;70;131;31;10163;80
260;20211231;14;60;131;16;10169;83
260;20211231;15;50;128;6;10174;86
260;20211231;16;50;121;2;10178;89
260;20211231;17;40;115;0;10186;91
260;20211231;18;50;117;0;10195;92
260;20211231;19;50;119;0;10204;93
260;20211231;20;50;121;0;10209;90
260;20211231;21;50;120;0;10213;91
260;20211231;22;40;120;0;10218;91
260;20211231;23;40;115;0;10220;91
260;20211231;24;40;112;0;10225;94
