STN;YYYYMMDD;HH;FH;T;Q;P;U
269;20230101;1;100;141;0;10056;71
269;20230101;2;100;136;0;10062;73
269;20230101;3;110;141;0;10064;69
269;20230101;4;110;139;0;10069;70
269;20230101;5;120;131;0;10079;71
269;20230101;6;100;123;0;10088;75
269;20230101;7;100;119;0;10098;75
269;20230101;8;90;115;0;10112;77
269;20230101;9;80;110;6;10120;78
269;20230101;10;70;114;32;10126;75
269;20230101;11;80;126;56;10127;75
269;20230101;12;80;121;50;10130;77
269;20230101;13;80;120;28;10132;80
269;20230101;14;80;118;19;10134;79
269;20230101;15;60;111;10;10135;81
269;20230101;16;40;111;1;10137;83
269;20230101;17;30;112;0;10131;84
269;20230101;18;50;122;0;10126;78
269;20230101;19;60;104;0;10128;86
269;20230101;20;30;102;0;10124;93
269;20230101;21;30;103;0;10112;97
269;20230101;22;40;105;0;10103;96
269;20230101;23;40;106;0;10096;97
269;20230101;24;30;107;0;10089;96
269;20230102;1;60;111;0;10084;96
269;20230102;2;40;111;0;10079;97
269;20230102;3;50;112;0;10079;97
269;20230102;4;50;117;0;10076;96
269;20230102;5;70;119;0;10077;95
269;20230102;6;70;103;0;10090;95
269;20230102;7;60;92;0;10106;96
269;20230102;8;50;84;0;10122;97
269;20230102;9;50;85;3;10135;97
269;20230102;10;50;88;16;10145;91
269;20230102;11;50;90;28;10148;91
269;20230102;12;60;93;35;10155;90
269;20230102;13;60;93;27;10155;90
269;20230102;14;60;92;18;10163;90
269;20230102;15;60;87;5;10171;93
269;20230102;16;50;80;2;10184;88
269;20230102;17;40;67;0;10195;90
269;20230102;18;30;53;0;10202;93
269;20230102;19;30;51;0;10210;92
269;20230102;20;30;47;0;10219;92
269;20230102;21;40;33;0;10226;92
269;20230102;22;30;25;0;10231;94
269;20230102;23;30;18;0;10241;95
269;20230102;24;30;7;0;10246;97
269;20230103;1;20;13;0;10250;98
269;20230103;2;10;10;0;10253;98
269;20230103;3;20;11;0;10254;98
269;20230103;4;20;11;0;10254;96
269;20230103;5;30;19;0;10255;96
269;20230103;6;30;21;0;10257;99
269;20230103;7;30;38;0;10255;98
269;20230103;8;20;38;0;10256;98
269;20230103;9;30;48;8;10254;98
269;20230103;10;40;58;27;10254;95
269;20230103;11;50;64;22;10252;95
269;20230103;12;60;72;19;10246;95
269;20230103;13;60;77;16;10242;93
269;20230103;14;60;80;14;10238;91
269;20230103;15;60;79;11;10236;88
269;20230103;16;50;75;2;10233;88
269;20230103;17;60;74;0;10227;88
269;20230103;18;70;77;0;10221;87
269;20230103;19;80;81;0;10214;85
269;20230103;20;80;85;0;10205;84
269;20230103;21;90;85;0;10196;83
269;20230103;22;90;84;0;10187;84
269;20230103;23;90;88;0;10177;84
269;20230103;24;100;85;0;10163;90
269;20230104;1;100;89;0;10149;91
269;20230104;2;110;91;0;10140;94
269;20230104;3;110;99;0;10133;95
269;20230104;4;120;105;0;10130;95
269;20230104;5;120;110;0;10122;94
269;20230104;6;120;110;0;10114;94
269;20230104;7;110;114;0;10116;93
269;20230104;8;110;113;0;10109;94
269;20230104;9;100;112;2;10113;96
269;20230104;10;110;121;6;10116;94
269;20230104;11;120;124;17;10110;91
269;20230104;12;120;123;16;10108;91
269;20230104;13;120;125;26;10106;88
269;20230104;14;110;125;27;10105;87
269;20230104;15;110;123;11;10108;86
269;20230104;16;110;123;2;10106;83
269;20230104;17;100;121;0;10109;84
269;20230104;18;100;124;0;10113;76
269;20230104;19;110;119;0;10114;81
269;20230104;20;110;114;0;10119;83
269;20230104;21;110;115;0;10123;82
269;20230104;22;110;111;0;10128;82
269;20230104;23;100;110;0;10136;82
269;20230104;24;90;105;0;10139;83
269;20230105;1;80;104;0;10142;82
269;20230105;2;80;105;0;10148;81
269;20230105;3;80;105;0;10150;82
269;20230105;4;80;104;0;10153;84
269;20230105;5;80;104;0;10157;84
269;20230105;6;70;102;0;10162;85
269;20230105;7;70;101;0;10169;86
269;20230105;8;60;99;0;10175;86
269;20230105;9;60;100;6;10183;86
269;20230105;10;60;103;16;10190;86
269;20230105;11;60;106;28;10192;85
269;20230105;12;60;107;32;10193;83
269;20230105;13;60;110;39;10191;82
269;20230105;14;50;108;43;10192;81
269;20230105;15;30;99;14;10190;88
269;20230105;16;40;103;2;10189;88
269;20230105;17;40;99;0;10186;93
269;20230105;18;50;97;0;10180;95
269;20230105;19;50;99;0;10176;97
269;20230105;20;50;105;0;10173;96
269;20230105;21;60;107;0;10171;93
269;20230105;22;60;108;0;10169;92
269;20230105;23;60;108;0;10163;92
269;20230105;24;80;105;0;10158;94
269;20230106;1;80;104;0;10156;89
269;20230106;2;80;105;0;10154;89
269;20230106;3;80;105;0;10146;88
269;20230106;4;80;106;0;10134;85
269;20230106;5;90;103;0;10129;87
269;20230106;6;90;102;0;10124;90
269;20230106;7;90;100;0;10131;95
269;20230106;8;80;98;0;10141;89
269;20230106;9;50;93;15;10151;86
269;20230106;10;60;97;48;10159;80
269;20230106;11;70;101;73;10163;81
269;20230106;12;60;100;59;10160;78
269;20230106;13;70;97;40;10161;80
269;20230106;14;60;96;24;10158;82
269;20230106;15;40;87;13;10159;83
269;20230106;16;40;80;2;10161;84
269;20230106;17;30;74;0;10159;87
269;20230106;18;30;78;0;10158;88
269;20230106;19;30;78;0;10157;90
269;20230106;20;30;89;0;10151;90
269;20230106;21;40;98;0;10149;93
269;20230106;22;50;107;0;10146;94
269;20230106;23;60;110;0;10146;95
269;20230106;24;70;110;0;10144;95
269;20230107;1;70;110;0;10139;93
269;20230107;2;60;107;0;10138;93
269;20230107;3;60;105;0;10134;91
269;20230107;4;60;102;0;10128;90
269;20230107;5;60;102;0;10124;90
269;20230107;6;60;101;0;10119;89
269;20230107;7;60;98;0;10112;89
269;20230107;8;60;95;1;10108;88
269;20230107;9;60;102;12;10104;81
269;20230107;10;70;106;29;10099;78
269;20230107;11;70;108;36;10089;75
269;20230107;12;80;114;79;10073;70
269;20230107;13;80;110;58;10063;71
269;20230107;14;80;108;37;10052;72
269;20230107;15;70;108;18;10046;72
269;20230107;16;70;106;2;10040;73
269;20230107;17;70;101;0;10035;77
269;20230107;18;80;94;0;10032;84
269;20230107;19;80;93;0;10027;85
269;20230107;20;80;97;0;10025;82
269;20230107;21;80;96;0;10017;85
269;20230107;22;90;100;0;10015;85
269;20230107;23;90;102;0;10014;84
269;20230107;24;70;98;0;10016;89
269;20230108;1;80;87;0;10013;85
269;20230108;2;50;85;0;10012;88
269;20230108;3;50;84;0;10009;87
269;20230108;4;50;87;0;10008;86
269;20230108;5;50;86;0;10005;86
269;20230108;6;50;77;0;10002;89
269;20230108;7;50;73;0;10004;89
269;20230108;8;50;71;0;10000;88
269;20230108;9;50;74;14;9998;85
269;20230108;10;70;80;47;9995;82
269;20230108;11;70;86;63;9991;82
269;20230108;12;70;93;60;9984;79
269;20230108;13;70;94;44;9976;79
269;20230108;14;70;95;56;9969;76
269;20230108;15;70;88;29;9967;75
269;20230108;16;60;80;5;9960;76
269;20230108;17;40;73;0;9959;80
269;20230108;18;50;74;0;9952;80
269;20230108;19;50;75;0;9942;81
269;20230108;20;50;71;0;9935;82
269;20230108;21;60;72;0;9928;82
269;20230108;22;50;77;0;9920;81
269;20230108;23;70;78;0;9919;88
269;20230108;24;60;73;0;9922;88
269;20230109;1;60;65;0;9924;89
269;20230109;2;50;59;0;9926;90
269;20230109;3;50;57;0;9927;91
269;20230109;4;50;56;0;9929;92
269;20230109;5;50;53;0;9930;92
269;20230109;6;50;54;0;9930;92
269;20230109;7;50;56;0;9928;92
269;20230109;8;40;61;0;9930;92
269;20230109;9;40;64;4;9935;93
269;20230109;10;40;74;26;9947;91
269;20230109;11;60;76;13;9959;93
269;20230109;12;60;82;41;9967;86
269;20230109;13;60;78;51;9973;86
269;20230109;14;50;83;29;9983;84
269;20230109;15;60;80;31;9997;85
269;20230109;16;50;75;6;10010;85
269;20230109;17;40;69;0;10020;88
269;20230109;18;40;67;0;10029;92
269;20230109;19;50;67;0;10044;88
269;20230109;20;40;73;0;10058;86
269;20230109;21;50;69;0;10068;86
269;20230109;22;50;69;0;10077;84
269;20230109;23;40;60;0;10090;84
269;20230109;24;50;67;0;10100;81
269;20230110;1;50;62;0;10109;87
269;20230110;2;50;65;0;10116;90
269;20230110;3;50;61;0;10119;92
269;20230110;4;50;70;0;10127;88
269;20230110;5;50;67;0;10135;92
269;20230110;6;40;63;0;10142;92
269;20230110;7;40;66;0;10148;90
269;20230110;8;50;62;1;10156;90
269;20230110;9;50;66;13;10156;90
269;20230110;10;60;60;23;10155;89
269;20230110;11;60;61;30;10152;88
269;20230110;12;60;61;23;10147;85
269;20230110;13;60;66;19;10137;83
269;20230110;14;70;68;12;10124;82
269;20230110;15;70;66;6;10114;86
269;20230110;16;80;64;0;10097;90
269;20230110;17;110;64;0;10083;90
269;20230110;18;100;63;0;10075;93
269;20230110;19;100;69;0;10068;94
269;20230110;20;100;80;0;10061;93
269;20230110;21;100;88;0;10055;93
269;20230110;22;100;92;0;10046;94
269;20230110;23;100;96;0;10042;94
269;20230110;24;100;101;0;10039;96
269;20230111;1;100;106;0;10034;95
269;20230111;2;90;109;0;10037;96
269;20230111;3;90;111;0;10039;97
269;20230111;4;80;115;0;10044;93
269;20230111;5;60;113;0;10051;91
269;20230111;6;60;109;0;10055;91
269;20230111;7;60;102;0;10062;90
269;20230111;8;60;98;0;10073;87
269;20230111;9;60;89;4;10082;88
269;20230111;10;60;94;46;10085;87
269;20230111;11;70;99;74;10087;82
269;20230111;12;90;106;79;10089;78
269;20230111;13;90;97;46;10089;75
269;20230111;14;100;96;47;10088;75
269;20230111;15;90;90;33;10088;76
269;20230111;16;80;84;6;10088;79
269;20230111;17;90;86;0;10091;79
269;20230111;18;90;92;0;10086;78
269;20230111;19;90;86;0;10075;83
269;20230111;20;100;82;0;10070;88
269;20230111;21;110;85;0;10072;87
269;20230111;22;100;86;0;10069;88
269;20230111;23;80;85;0;10071;92
269;20230111;24;90;87;0;10070;89
269;20230112;1;90;89;0;10063;88
269;20230112;2;80;90;0;10054;93
269;20230112;3;90;91;0;10041;92
269;20230112;4;100;90;0;10024;92
269;20230112;5;110;88;0;10002;91
269;20230112;6;130;92;0;10001;94
269;20230112;7;110;97;0;10005;96
269;20230112;8;110;115;0;10010;89
269;20230112;9;110;117;3;10018;86
269;20230112;10;110;122;9;10027;83
269;20230112;11;110;121;16;10031;85
269;20230112;12;100;115;27;10028;91
269;20230112;13;80;111;10;10023;95
269;20230112;14;90;109;10;10018;96
269;20230112;15;100;108;4;10015;96
269;20230112;16;100;108;1;10011;95
269;20230112;17;110;110;0;10010;93
269;20230112;18;120;112;0;10012;91
269;20230112;19;110;110;0;10011;92
269;20230112;20;110;107;0;10007;93
269;20230112;21;100;105;0;10006;93
269;20230112;22;100;102;0;10007;88
269;20230112;23;100;94;0;10012;74
269;20230112;24;90;87;0;10013;79
269;20230113;1;90;83;0;10011;79
269;20230113;2;80;82;0;10007;80
269;20230113;3;90;81;0;10003;83
269;20230113;4;90;79;0;10003;83
269;20230113;5;90;80;0;10001;81
269;20230113;6;100;81;0;10002;79
269;20230113;7;110;82;0;10003;76
269;20230113;8;100;77;0;10008;83
269;20230113;9;110;79;4;10012;82
269;20230113;10;110;84;8;10019;80
269;20230113;11;110;88;10;10025;76
269;20230113;12;110;92;21;10032;73
269;20230113;13;110;93;33;10039;73
269;20230113;14;110;93;25;10049;73
269;20230113;15;100;92;12;10059;74
269;20230113;16;100;91;3;10071;75
269;20230113;17;100;90;0;10079;72
269;20230113;18;90;82;0;10090;82
269;20230113;19;80;74;0;10097;89
269;20230113;20;70;82;0;10104;84
269;20230113;21;70;80;0;10113;81
269;20230113;22;80;84;0;10118;78
269;20230113;23;70;82;0;10123;82
269;20230113;24;70;83;0;10123;77
269;20230114;1;70;75;0;10126;77
269;20230114;2;50;64;0;10126;80
269;20230114;3;50;57;0;10119;85
269;20230114;4;50;57;0;10112;88
269;20230114;5;50;55;0;10103;89
269;20230114;6;50;60;0;10090;90
269;20230114;7;60;64;0;10076;89
269;20230114;8;60;63;0;10056;91
269;20230114;9;70;68;2;10037;93
269;20230114;10;80;75;5;10018;92
269;20230114;11;90;80;12;9990;93
269;20230114;12;100;90;10;9969;92
269;20230114;13;120;98;10;9954;92
269;20230114;14;110;101;8;9945;94
269;20230114;15;120;106;6;9937;94
269;20230114;16;110;107;1;9932;96
269;20230114;17;100;109;0;9931;96
269;20230114;18;90;113;0;9935;92
269;20230114;19;90;109;0;9938;87
269;20230114;20;80;72;0;9962;86
269;20230114;21;60;73;0;9962;81
269;20230114;22;60;74;0;9962;80
269;20230114;23;70;75;0;9963;75
269;20230114;24;70;71;0;9961;76
269;20230115;1;70;73;0;9962;74
269;20230115;2;70;69;0;9965;75
269;20230115;3;70;65;0;9962;78
269;20230115;4;70;64;0;9960;75
269;20230115;5;70;63;0;9958;74
269;20230115;6;80;64;0;9955;71
269;20230115;7;90;60;0;9955;64
269;20230115;8;100;55;1;9952;71
269;20230115;9;100;55;11;9955;77
269;20230115;10;110;60;14;9953;78
269;20230115;11;120;67;39;9955;79
269;20230115;12;130;67;38;9955;75
269;20230115;13;130;74;57;9954;73
269;20230115;14;120;69;37;9959;79
269;20230115;15;100;56;6;9973;86
269;20230115;16;100;59;2;9974;84
269;20230115;17;70;55;0;9976;88
269;20230115;18;70;58;0;9981;89
269;20230115;19;80;53;0;9981;91
269;20230115;20;80;51;0;9979;88
269;20230115;21;70;44;0;9975;87
269;20230115;22;40;33;0;9968;90
269;20230115;23;30;41;0;9957;91
269;20230115;24;30;47;0;9948;88
269;20230116;1;40;43;0;9936;90
269;20230116;2;40;43;0;9928;91
269;20230116;3;50;42;0;9917;90
269;20230116;4;50;38;0;9906;92
269;20230116;5;30;34;0;9891;92
269;20230116;6;30;34;0;9875;91
269;20230116;7;30;36;0;9859;91
269;20230116;8;40;39;0;9847;90
269;20230116;9;50;38;2;9829;92
269;20230116;10;60;37;6;9815;92
269;20230116;11;50;44;10;9803;92
269;20230116;12;50;45;10;9790;90
269;20230116;13;40;46;12;9779;93
269;20230116;14;40;51;14;9772;91
269;20230116;15;40;51;8;9768;89
269;20230116;16;40;48;3;9765;92
269;20230116;17;30;46;0;9764;95
269;20230116;18;20;43;0;9768;93
269;20230116;19;50;36;0;9775;91
269;20230116;20;50;40;0;9780;88
269;20230116;21;50;42;0;9787;88
269;20230116;22;50;43;0;9794;88
269;20230116;23;70;31;0;9806;90
269;20230116;24;70;40;0;9815;79
269;20230117;1;70;32;0;9824;88
269;20230117;2;60;30;0;9833;87
269;20230117;3;60;24;0;9843;89
269;20230117;4;40;21;0;9846;87
269;20230117;5;30;-1;0;9848;94
269;20230117;6;40;1;0;9852;91
269;20230117;7;40;-1;0;9856;92
269;20230117;8;40;-6;1;9858;90
269;20230117;9;40;8;21;9862;86
269;20230117;10;30;13;49;9867;85
269;20230117;11;40;29;68;9869;80
269;20230117;12;50;42;107;9868;74
269;20230117;13;50;38;96;9866;73
269;20230117;14;50;43;69;9869;66
269;20230117;15;40;19;23;9871;78
269;20230117;16;30;8;5;9873;81
269;20230117;17;30;-9;0;9878;85
269;20230117;18;30;-12;0;9882;84
269;20230117;19;30;-4;0;9888;83
269;20230117;20;40;-1;0;9892;84
269;20230117;21;40;-6;0;9894;85
269;20230117;22;30;-18;0;9897;88
269;20230117;23;30;-28;0;9899;89
269;20230117;24;30;-26;0;9899;91
269;20230118;1;30;-31;0;9900;90
269;20230118;2;30;-16;0;9903;88
269;20230118;3;30;-30;0;9907;90
269;20230118;4;30;-14;0;9908;87
269;20230118;5;30;-20;0;9911;87
269;20230118;6;30;-19;0;9916;88
269;20230118;7;30;-16;0;9922;88
269;20230118;8;30;-15;1;9927;88
269;20230118;9;40;3;19;9932;86
269;20230118;10;50;16;56;9936;84
269;20230118;11;60;28;85;9937;80
269;20230118;12;60;36;105;9938;78
269;20230118;13;70;41;86;9940;78
269;20230118;14;70;37;35;9940;80
269;20230118;15;80;36;23;9944;81
269;20230118;16;80;33;3;9949;84
269;20230118;17;70;30;0;9952;86
269;20230118;18;70;35;0;9956;84
269;20230118;19;80;36;0;9960;87
269;20230118;20;70;31;0;9969;90
269;20230118;21;50;31;0;9969;93
269;20230118;22;70;32;0;9974;91
269;20230118;23;70;22;0;9978;93
269;20230118;24;60;22;0;9981;94
269;20230119;1;50;28;0;9979;94
269;20230119;2;50;28;0;9982;94
269;20230119;3;60;38;0;9988;88
269;20230119;4;50;40;0;9991;86
269;20230119;5;50;39;0;9997;87
269;20230119;6;50;47;0;10004;81
269;20230119;7;50;43;0;10014;79
269;20230119;8;40;42;1;10024;80
269;20230119;9;40;42;19;10032;81
269;20230119;10;40;48;61;10037;76
269;20230119;11;50;57;80;10038;70
269;20230119;12;60;57;96;10040;66
269;20230119;13;60;59;94;10042;63
269;20230119;14;40;50;48;10045;67
269;20230119;15;40;36;18;10050;75
269;20230119;16;30;26;8;10054;77
269;20230119;17;30;5;0;10060;81
269;20230119;18;30;0;0;10065;87
269;20230119;19;20;21;0;10072;80
269;20230119;20;30;4;0;10079;97
269;20230119;21;10;2;0;10081;95
269;20230119;22;20;-17;0;10086;96
269;20230119;23;40;-4;0;10090;95
269;20230119;24;40;2;0;10093;95
269;20230120;1;40;1;0;10096;96
269;20230120;2;40;-5;0;10101;96
269;20230120;3;40;-2;0;10102;97
269;20230120;4;40;1;0;10105;97
269;20230120;5;40;2;0;10106;96
269;20230120;6;40;2;0;10108;96
269;20230120;7;40;4;0;10111;95
269;20230120;8;40;5;1;10117;95
269;20230120;9;40;7;3;10123;95
269;20230120;10;40;6;6;10129;95
269;20230120;11;40;9;29;10131;96
269;20230120;12;50;16;59;10132;93
269;20230120;13;40;19;33;10138;92
269;20230120;14;40;18;19;10148;90
269;20230120;15;30;21;9;10162;88
269;20230120;16;40;23;2;10177;85
269;20230120;17;40;20;0;10192;90
269;20230120;18;50;5;0;10205;91
269;20230120;19;40;2;0;10219;89
269;20230120;20;40;0;0;10230;90
269;20230120;21;40;-10;0;10241;91
269;20230120;22;30;-11;0;10251;92
269;20230120;23;40;-3;0;10260;88
269;20230120;24;40;-10;0;10267;90
269;20230121;1;40;-11;0;10274;90
269;20230121;2;30;-22;0;10283;93
269;20230121;3;20;-26;0;10289;95
269;20230121;4;20;-26;0;10292;96
269;20230121;5;30;-17;0;10299;98
269;20230121;6;30;-17;0;10303;98
269;20230121;7;20;-21;0;10311;98
269;20230121;8;10;-17;1;10321;98
269;20230121;9;20;-11;5;10326;98
269;20230121;10;10;-9;26;10330;98
269;20230121;11;10;-9;38;10334;98
269;20230121;12;10;-5;40;10333;98
269;20230121;13;10;-6;38;10331;98
269;20230121;14;20;-6;35;10335;98
269;20230121;15;20;-8;17;10338;98
269;20230121;16;20;-8;6;10343;98
269;20230121;17;10;-7;0;10344;98
269;20230121;18;10;-11;0;10346;98
269;20230121;19;0;-23;0;10345;98
269;20230121;20;10;-39;0;10347;98
269;20230121;21;10;-39;0;10347;98
269;20230121;22;0;-35;0;10347;98
269;20230121;23;20;-13;0;10345;95
269;20230121;24;20;-7;0;10343;93
269;20230122;1;20;-16;0;10341;91
269;20230122;2;30;-10;0;10337;89
269;20230122;3;30;-8;0;10335;89
269;20230122;4;40;-18;0;10335;91
269;20230122;5;40;0;0;10332;90
269;20230122;6;40;1;0;10336;90
269;20230122;7;50;3;0;10335;87
269;20230122;8;50;4;0;10338;86
269;20230122;9;40;3;4;10341;86
269;20230122;10;40;4;27;10343;88
269;20230122;11;40;6;29;10344;86
269;20230122;12;40;11;46;10338;86
269;20230122;13;40;12;34;10337;86
269;20230122;14;40;15;31;10337;87
269;20230122;15;30;17;13;10339;87
269;20230122;16;30;16;3;10341;89
269;20230122;17;30;16;0;10344;90
269;20230122;18;30;16;0;10345;90
269;20230122;19;30;19;0;10348;89
269;20230122;20;40;17;0;10349;91
269;20230122;21;30;16;0;10351;93
269;20230122;22;30;17;0;10354;92
269;20230122;23;20;16;0;10357;93
269;20230122;24;30;17;0;10360;93
269;20230123;1;30;15;0;10356;95
269;20230123;2;20;14;0;10358;96
269;20230123;3;20;18;0;10362;95
269;20230123;4;30;16;0;10363;95
269;20230123;5;30;16;0;10365;96
269;20230123;6;30;15;0;10365;97
269;20230123;7;30;17;0;10369;97
269;20230123;8;20;16;1;10374;97
269;20230123;9;20;22;9;10381;96
269;20230123;10;20;26;16;10384;95
269;20230123;11;30;40;58;10381;93
269;20230123;12;50;40;100;10381;89
269;20230123;13;40;39;77;10381;87
269;20230123;14;40;38;34;10376;85
269;20230123;15;40;37;23;10378;86
269;20230123;16;30;32;4;10378;90
269;20230123;17;30;31;0;10383;89
269;20230123;18;30;31;0;10386;89
269;20230123;19;30;29;0;10386;90
269;20230123;20;30;28;0;10390;90
269;20230123;21;30;27;0;10392;91
269;20230123;22;30;27;0;10391;90
269;20230123;23;30;28;0;10393;87
269;20230123;24;30;30;0;10393;84
269;20230124;1;30;31;0;10387;82
269;20230124;2;30;27;0;10389;84
269;20230124;3;40;28;0;10387;82
269;20230124;4;30;25;0;10387;83
269;20230124;5;40;25;0;10388;83
269;20230124;6;40;22;0;10390;85
269;20230124;7;40;22;0;10393;84
269;20230124;8;40;20;1;10396;85
269;20230124;9;40;19;5;10402;86
269;20230124;10;40;20;13;10403;85
269;20230124;11;40;21;20;10401;85
269;20230124;12;40;20;24;10396;85
269;20230124;13;40;20;21;10391;85
269;20230124;14;30;20;18;10388;84
269;20230124;15;30;19;11;10388;85
269;20230124;16;30;17;4;10389;86
269;20230124;17;30;14;0;10388;86
269;20230124;18;20;12;0;10390;86
269;20230124;19;20;12;0;10388;86
269;20230124;20;10;10;0;10389;87
269;20230124;21;10;8;0;10389;87
269;20230124;22;20;7;0;10386;87
269;20230124;23;10;6;0;10384;86
269;20230124;24;10;4;0;10378;87
269;20230125;1;10;3;0;10374;88
269;20230125;2;10;1;0;10371;88
269;20230125;3;10;-2;0;10367;87
269;20230125;4;20;-3;0;10363;88
269;20230125;5;20;-4;0;10358;90
269;20230125;6;20;-5;0;10357;91
269;20230125;7;20;-8;0;10357;91
269;20230125;8;20;-7;0;10352;91
269;20230125;9;20;-7;4;10350;92
269;20230125;10;20;-7;9;10345;93
269;20230125;11;30;-8;12;10336;94
269;20230125;12;30;-8;14;10321;94
269;20230125;13;30;-8;15;10311;94
269;20230125;14;40;-9;16;10303;94
269;20230125;15;40;-9;9;10298;94
269;20230125;16;50;-8;4;10296;94
269;20230125;17;50;-9;0;10285;93
269;20230125;18;50;-7;0;10272;93
269;20230125;19;50;-7;0;10267;95
269;20230125;20;40;-8;0;10263;96
269;20230125;21;40;-7;0;10258;98
269;20230125;22;40;-6;0;10255;97
269;20230125;23;40;-3;0;10249;97
269;20230125;24;40;-2;0;10246;97
269;20230126;1;40;-1;0;10241;97
269;20230126;2;30;-1;0;10242;97
269;20230126;3;30;0;0;10242;98
269;20230126;4;20;1;0;10242;98
269;20230126;5;20;1;0;10239;98
269;20230126;6;20;2;0;10241;98
269;20230126;7;10;6;0;10244;98
269;20230126;8;10;36;1;10248;97
269;20230126;9;40;53;11;10252;92
269;20230126;10;30;62;56;10254;89
269;20230126;11;40;70;93;10256;84
269;20230126;12;40;74;95;10254;83
269;20230126;13;40;78;99;10247;81
269;20230126;14;40;71;50;10246;84
269;20230126;15;40;66;27;10248;86
269;20230126;16;50;66;6;10250;78
269;20230126;17;50;61;0;10252;82
269;20230126;18;40;61;0;10252;81
269;20230126;19;30;54;0;10252;84
269;20230126;20;30;50;0;10253;86
269;20230126;21;40;46;0;10254;89
269;20230126;22;40;52;0;10255;88
269;20230126;23;50;52;0;10255;85
269;20230126;24;60;48;0;10257;86
269;20230127;1;50;43;0;10257;89
269;20230127;2;50;41;0;10262;88
269;20230127;3;70;40;0;10265;85
269;20230127;4;60;40;0;10267;83
269;20230127;5;60;41;0;10270;79
269;20230127;6;60;36;0;10276;80
269;20230127;7;50;35;0;10277;80
269;20230127;8;50;35;2;10281;77
269;20230127;9;50;37;19;10283;78
269;20230127;10;50;45;47;10288;79
269;20230127;11;60;44;50;10288;82
269;20230127;12;60;47;37;10285;78
269;20230127;13;60;43;26;10282;80
269;20230127;14;50;40;14;10285;82
269;20230127;15;50;38;9;10286;82
269;20230127;16;40;35;4;10289;82
269;20230127;17;40;33;0;10293;84
269;20230127;18;40;32;0;10298;81
269;20230127;19;40;30;0;10302;84
269;20230127;20;40;28;0;10303;83
269;20230127;21;30;28;0;10301;82
269;20230127;22;30;26;0;10299;82
269;20230127;23;30;25;0;10298;80
269;20230127;24;20;23;0;10299;79
269;20230128;1;20;20;0;10298;79
269;20230128;2;20;20;0;10301;78
269;20230128;3;20;17;0;10301;78
269;20230128;4;20;16;0;10303;77
269;20230128;5;20;14;0;10302;77
269;20230128;6;20;11;0;10302;82
269;20230128;7;10;9;0;10302;83
269;20230128;8;10;11;1;10307;84
269;20230128;9;10;12;12;10310;80
269;20230128;10;10;21;68;10316;76
269;20230128;11;10;38;99;10308;70
269;20230128;12;20;44;121;10307;69
269;20230128;13;20;40;91;10298;73
269;20230128;14;20;46;72;10300;70
269;20230128;15;20;48;56;10301;69
269;20230128;16;20;44;10;10302;72
269;20230128;17;20;32;1;10301;80
269;20230128;18;20;33;0;10304;84
269;20230128;19;10;32;0;10307;86
269;20230128;20;20;34;0;10304;85
269;20230128;21;30;34;0;10301;86
269;20230128;22;20;33;0;10302;87
269;20230128;23;40;34;0;10296;86
269;20230128;24;30;33;0;10293;87
269;20230129;1;30;34;0;10287;87
269;20230129;2;30;33;0;10289;88
269;20230129;3;30;35;0;10288;87
269;20230129;4;30;35;0;10280;87
269;20230129;5;40;35;0;10276;85
269;20230129;6;40;36;0;10272;84
269;20230129;7;40;34;0;10267;85
269;20230129;8;50;35;1;10267;84
269;20230129;9;50;39;8;10262;82
269;20230129;10;60;41;17;10259;82
269;20230129;11;60;44;23;10254;82
269;20230129;12;60;45;29;10247;82
269;20230129;13;60;44;17;10232;86
269;20230129;14;70;46;36;10222;87
269;20230129;15;70;49;11;10215;85
269;20230129;16;70;46;5;10212;87
269;20230129;17;70;44;0;10208;89
269;20230129;18;80;45;0;10201;88
269;20230129;19;80;44;0;10191;87
269;20230129;20;80;47;0;10186;89
269;20230129;21;80;51;0;10182;89
269;20230129;22;80;54;0;10167;90
269;20230129;23;80;59;0;10164;91
269;20230129;24;80;70;0;10158;90
269;20230130;1;70;78;0;10144;86
269;20230130;2;90;72;0;10140;93
269;20230130;3;80;71;0;10138;93
269;20230130;4;80;75;0;10136;90
269;20230130;5;80;74;0;10137;89
269;20230130;6;80;64;0;10140;77
269;20230130;7;80;65;0;10144;79
269;20230130;8;80;62;3;10149;77
269;20230130;9;90;68;13;10155;75
269;20230130;10;90;71;26;10160;73
269;20230130;11;90;75;45;10163;72
269;20230130;12;100;79;69;10167;71
269;20230130;13;90;75;69;10173;72
269;20230130;14;80;78;46;10181;70
269;20230130;15;70;75;30;10192;73
269;20230130;16;70;66;11;10204;76
269;20230130;17;50;59;1;10217;80
269;20230130;18;50;59;0;10225;79
269;20230130;19;40;54;0;10228;81
269;20230130;20;50;51;0;10233;79
269;20230130;21;40;48;0;10235;83
269;20230130;22;40;45;0;10237;83
269;20230130;23;40;33;0;10235;86
269;20230130;24;40;28;0;10233;86
269;20230131;1;40;20;0;10225;89
269;20230131;2;40;23;0;10225;92
269;20230131;3;50;40;0;10220;90
269;20230131;4;50;44;0;10215;92
269;20230131;5;50;51;0;10210;92
269;20230131;6;70;54;0;10203;90
269;20230131;7;70;57;0;10199;90
269;20230131;8;70;60;1;10194;92
269;20230131;9;80;65;13;10190;88
269;20230131;10;80;74;31;10185;88
269;20230131;11;80;75;20;10186;88
269;20230131;12;90;82;22;10179;84
269;20230131;13;100;91;88;10174;80
269;20230131;14;100;87;44;10180;81
269;20230131;15;90;88;40;10185;77
269;20230131;16;80;80;22;10189;78
269;20230131;17;80;73;1;10193;75
269;20230131;18;60;65;0;10195;78
269;20230131;19;60;60;0;10197;78
269;20230131;20;60;62;0;10196;77
269;20230131;21;60;56;0;10193;76
269;20230131;22;60;61;0;10188;73
269;20230131;23;60;60;0;10186;74
269;20230131;24;60;62;0;10179;75
269;20230201;1;80;67;0;10176;72
269;20230201;2;90;68;0;10173;72
269;20230201;3;100;66;0;10167;75
269;20230201;4;100;66;0;10167;75
269;20230201;5;100;66;0;10165;75
269;20230201;6;100;66;0;10165;77
269;20230201;7;90;64;0;10168;77
269;20230201;8;90;61;3;10169;78
269;20230201;9;90;69;28;10167;76
269;20230201;10;100;65;17;10163;81
269;20230201;11;100;68;14;10163;79
269;20230201;12;120;73;37;10159;80
269;20230201;13;110;74;23;10160;78
269;20230201;14;100;78;16;10161;77
269;20230201;15;90;79;14;10165;75
269;20230201;16;80;69;7;10169;85
269;20230201;17;80;71;1;10172;78
269;20230201;18;80;77;0;10178;82
269;20230201;19;70;74;0;10180;81
269;20230201;20;80;67;0;10183;81
269;20230201;21;70;59;0;10189;89
269;20230201;22;60;66;0;10193;88
269;20230201;23;50;71;0;10196;89
269;20230201;24;60;71;0;10197;88
269;20230202;1;60;73;0;10198;87
269;20230202;2;50;67;0;10200;86
269;20230202;3;60;67;0;10199;95
269;20230202;4;60;69;0;10197;95
269;20230202;5;70;75;0;10199;90
269;20230202;6;70;72;0;10202;93
269;20230202;7;70;73;0;10206;93
269;20230202;8;70;73;1;10211;94
269;20230202;9;70;76;9;10218;90
269;20230202;10;70;78;23;10223;91
269;20230202;11;60;80;30;10226;91
269;20230202;12;50;81;18;10228;89
269;20230202;13;50;81;19;10224;89
269;20230202;14;60;77;12;10226;92
269;20230202;15;60;76;12;10229;96
269;20230202;16;60;78;5;10231;96
269;20230202;17;60;80;1;10236;93
269;20230202;18;60;84;0;10235;90
269;20230202;19;60;84;0;10234;89
269;20230202;20;60;86;0;10234;89
269;20230202;21;70;90;0;10236;87
269;20230202;22;60;89;0;10236;87
269;20230202;23;70;88;0;10223;83
269;20230202;24;80;89;0;10228;85
269;20230203;1;80;89;0;10227;84
269;20230203;2;80;90;0;10226;81
269;20230203;3;90;91;0;10221;80
269;20230203;4;90;91;0;10223;81
269;20230203;5;100;91;0;10220;82
269;20230203;6;100;89;0;10223;82
269;20230203;7;90;89;0;10225;83
269;20230203;8;90;90;2;10230;83
269;20230203;9;90;94;10;10237;83
269;20230203;10;90;95;11;10240;83
269;20230203;11;90;92;13;10248;85
269;20230203;12;80;92;16;10253;87
269;20230203;13;60;87;33;10259;86
269;20230203;14;50;86;27;10259;84
269;20230203;15;50;84;21;10265;81
269;20230203;16;50;82;9;10270;81
269;20230203;17;60;80;1;10277;79
269;20230203;18;60;75;0;10287;81
269;20230203;19;50;76;0;10293;81
269;20230203;20;50;77;0;10300;80
269;20230203;21;40;74;0;10305;82
269;20230203;22;30;71;0;10309;83
269;20230203;23;30;72;0;10315;82
269;20230203;24;30;70;0;10320;84
269;20230204;1;20;65;0;10323;86
269;20230204;2;20;64;0;10331;91
269;20230204;3;30;55;0;10334;93
269;20230204;4;20;55;0;10337;95
269;20230204;5;20;59;0;10339;95
269;20230204;6;10;54;0;10342;93
269;20230204;7;10;58;0;10350;92
269;20230204;8;10;59;4;10357;95
269;20230204;9;10;64;22;10362;95
269;20230204;10;10;75;58;10366;89
269;20230204;11;10;85;84;10369;83
269;20230204;12;10;83;110;10367;84
269;20230204;13;10;88;63;10368;73
269;20230204;14;20;93;101;10365;72
269;20230204;15;20;86;53;10368;72
269;20230204;16;10;76;13;10369;81
269;20230204;17;10;73;2;10372;85
269;20230204;18;10;70;0;10376;93
269;20230204;19;0;65;0;10377;98
269;20230204;20;10;64;0;10375;95
269;20230204;21;10;61;0;10373;98
269;20230204;22;10;60;0;10372;98
269;20230204;23;10;62;0;10369;95
269;20230204;24;20;65;0;10361;96
269;20230205;1;20;69;0;10359;97
269;20230205;2;30;69;0;10356;97
269;20230205;3;30;68;0;10351;95
269;20230205;4;40;68;0;10350;93
269;20230205;5;40;69;0;10352;96
269;20230205;6;60;61;0;10359;88
269;20230205;7;60;61;0;10368;89
269;20230205;8;60;65;3;10377;84
269;20230205;9;70;69;19;10384;83
269;20230205;10;70;74;71;10387;79
269;20230205;11;80;76;86;10390;78
269;20230205;12;80;80;108;10394;77
269;20230205;13;70;82;108;10395;75
269;20230205;14;70;80;79;10399;72
269;20230205;15;60;77;50;10404;72
269;20230205;16;60;71;28;10411;76
269;20230205;17;60;66;2;10418;80
269;20230205;18;50;62;0;10422;82
269;20230205;19;40;55;0;10424;85
269;20230205;20;30;50;0;10428;88
269;20230205;21;30;45;0;10430;91
269;20230205;22;20;30;0;10432;94
269;20230205;23;20;37;0;10435;94
269;20230205;24;20;40;0;10433;93
269;20230206;1;20;40;0;10431;93
269;20230206;2;20;43;0;10431;94
269;20230206;3;10;30;0;10428;94
269;20230206;4;10;23;0;10427;98
269;20230206;5;10;25;0;10428;96
269;20230206;6;20;27;0;10428;97
269;20230206;7;10;19;0;10428;97
269;20230206;8;20;36;4;10419;98
269;20230206;9;10;47;25;10420;98
269;20230206;10;20;60;47;10420;95
269;20230206;11;20;76;97;10420;83
269;20230206;12;30;73;106;10417;80
269;20230206;13;30;72;107;10414;79
269;20230206;14;30;73;92;10408;77
269;20230206;15;30;75;71;10408;78
269;20230206;16;20;64;12;10407;79
269;20230206;17;10;56;2;10410;86
269;20230206;18;10;40;0;10408;93
269;20230206;19;10;27;0;10403;97
269;20230206;20;10;16;0;10401;98
269;20230206;21;10;6;0;10401;98
269;20230206;22;10;1;0;10400;98
269;20230206;23;10;-12;0;10402;99
269;20230206;24;10;-19;0;10402;98
269;20230207;1;20;-13;0;10401;98
269;20230207;2;10;-23;0;10401;98
269;20230207;3;10;-18;0;10403;98
269;20230207;4;20;-23;0;10402;98
269;20230207;5;20;-17;0;10400;98
269;20230207;6;20;-26;0;10400;97
269;20230207;7;20;-18;0;10401;94
269;20230207;8;10;-17;13;10404;96
269;20230207;9;10;6;60;10406;94
269;20230207;10;10;17;110;10405;87
269;20230207;11;20;27;128;10408;78
269;20230207;12;30;37;137;10402;71
269;20230207;13;20;45;134;10402;72
269;20230207;14;10;52;115;10397;69
269;20230207;15;10;48;81;10396;67
269;20230207;16;20;41;38;10395;71
269;20230207;17;10;30;4;10398;75
269;20230207;18;10;16;0;10398;85
269;20230207;19;10;10;0;10399;81
269;20230207;20;10;-4;0;10399;86
269;20230207;21;10;-12;0;10399;90
269;20230207;22;10;-14;0;10396;93
269;20230207;23;10;-19;0;10394;96
269;20230207;24;20;-27;0;10394;97
269;20230208;1;10;-29;0;10390;96
269;20230208;2;20;-25;0;10390;95
269;20230208;3;20;-36;0;10389;95
269;20230208;4;20;-32;0;10387;96
269;20230208;5;10;-36;0;10385;94
269;20230208;6;20;-29;0;10382;85
269;20230208;7;20;-21;0;10382;81
269;20230208;8;10;-29;12;10382;92
269;20230208;9;20;1;60;10379;76
269;20230208;10;20;21;110;10380;73
269;20230208;11;40;31;132;10379;63
269;20230208;12;40;47;130;10372;53
269;20230208;13;40;64;138;10363;46
269;20230208;14;40;71;118;10356;39
269;20230208;15;30;72;84;10348;44
269;20230208;16;20;55;39;10343;51
269;20230208;17;20;40;5;10337;49
269;20230208;18;30;27;0;10332;56
269;20230208;19;30;26;0;10331;55
269;20230208;20;20;19;0;10329;58
269;20230208;21;20;12;0;10328;62
269;20230208;22;20;0;0;10323;67
269;20230208;23;30;-2;0;10315;70
269;20230208;24;30;0;0;10313;64
269;20230209;1;30;-6;0;10310;70
269;20230209;2;30;-15;0;10307;75
269;20230209;3;30;-12;0;10302;73
269;20230209;4;40;-11;0;10295;72
269;20230209;5;30;-15;0;10297;74
269;20230209;6;30;-8;0;10300;69
269;20230209;7;40;-17;0;10304;75
269;20230209;8;30;-8;8;10303;72
269;20230209;9;40;6;34;10305;68
269;20230209;10;40;17;72;10307;67
269;20230209;11;40;23;79;10312;68
269;20230209;12;50;39;106;10309;69
269;20230209;13;50;47;103;10307;71
269;20230209;14;40;46;35;10307;77
269;20230209;15;30;47;14;10312;81
269;20230209;16;30;44;7;10315;87
269;20230209;17;40;43;2;10323;91
269;20230209;18;30;30;0;10328;94
269;20230209;19;30;-6;0;10334;98
269;20230209;20;30;0;0;10338;98
269;20230209;21;20;-13;0;10342;98
269;20230209;22;30;-22;0;10343;98
269;20230209;23;30;-13;0;10345;97
269;20230209;24;30;-19;0;10345;97
269;20230210;1;30;-12;0;10346;97
269;20230210;2;10;-10;0;10350;96
269;20230210;3;10;-11;0;10348;96
269;20230210;4;30;-9;0;10350;93
269;20230210;5;20;-3;0;10350;93
269;20230210;6;20;5;0;10351;93
269;20230210;7;20;1;0;10353;93
269;20230210;8;30;7;10;10357;94
269;20230210;9;40;22;41;10357;94
269;20230210;10;50;39;99;10358;90
269;20230210;11;50;58;118;10359;84
269;20230210;12;50;80;135;10355;75
269;20230210;13;70;79;113;10348;69
269;20230210;14;80;78;116;10342;67
269;20230210;15;70;74;72;10339;73
269;20230210;16;60;68;17;10338;79
269;20230210;17;60;62;2;10334;85
269;20230210;18;60;60;0;10333;85
269;20230210;19;60;63;0;10335;83
269;20230210;20;60;67;0;10333;83
269;20230210;21;50;67;0;10334;83
269;20230210;22;50;69;0;10333;83
269;20230210;23;50;71;0;10330;83
269;20230210;24;60;72;0;10326;83
269;20230211;1;60;72;0;10323;84
269;20230211;2;50;71;0;10325;87
269;20230211;3;50;58;0;10323;92
269;20230211;4;50;60;0;10320;92
269;20230211;5;50;60;0;10322;94
269;20230211;6;50;62;0;10322;94
269;20230211;7;50;55;0;10322;96
269;20230211;8;40;60;8;10327;96
269;20230211;9;40;71;29;10331;94
269;20230211;10;40;82;51;10338;90
269;20230211;11;50;89;50;10344;86
269;20230211;12;50;96;82;10345;83
269;20230211;13;50;99;82;10345;81
269;20230211;14;50;100;70;10344;79
269;20230211;15;40;97;53;10345;80
269;20230211;16;40;90;28;10348;81
269;20230211;17;30;82;4;10354;86
269;20230211;18;30;80;0;10359;87
269;20230211;19;30;79;0;10362;88
269;20230211;20;30;77;0;10366;89
269;20230211;21;30;74;0;10371;91
269;20230211;22;20;58;0;10376;92
269;20230211;23;30;33;0;10378;97
269;20230211;24;20;33;0;10379;98
269;20230212;1;20;23;0;10379;98
269;20230212;2;10;19;0;10380;99
269;20230212;3;10;10;0;10377;98
269;20230212;4;20;8;0;10378;98
269;20230212;5;10;26;0;10382;98
269;20230212;6;10;40;0;10383;98
269;20230212;7;10;42;0;10384;98
269;20230212;8;10;49;4;10390;98
269;20230212;9;10;59;16;10395;97
269;20230212;10;10;72;30;10395;94
269;20230212;11;10;77;32;10396;92
269;20230212;12;20;78;24;10393;89
269;20230212;13;20;82;23;10391;84
269;20230212;14;10;83;21;10386;84
269;20230212;15;10;82;15;10384;81
269;20230212;16;20;78;6;10382;80
269;20230212;17;20;77;1;10382;77
269;20230212;18;20;74;0;10387;78
269;20230212;19;10;70;0;10388;80
269;20230212;20;10;70;0;10386;81
269;20230212;21;10;75;0;10385;75
269;20230212;22;10;70;0;10384;79
269;20230212;23;10;60;0;10382;86
269;20230212;24;20;58;0;10379;89
269;20230213;1;20;60;0;10376;88
269;20230213;2;10;63;0;10376;84
269;20230213;3;20;57;0;10373;91
269;20230213;4;10;56;0;10372;91
269;20230213;5;20;58;0;10370;93
269;20230213;6;20;57;0;10369;91
269;20230213;7;20;57;0;10371;92
269;20230213;8;20;62;4;10375;91
269;20230213;9;20;68;13;10375;89
269;20230213;10;20;79;25;10376;82
269;20230213;11;30;88;44;10373;79
269;20230213;12;30;95;81;10367;77
269;20230213;13;30;101;129;10363;74
269;20230213;14;30;103;120;10357;73
269;20230213;15;30;102;86;10354;75
269;20230213;16;30;94;43;10351;77
269;20230213;17;20;74;7;10350;84
269;20230213;18;20;65;0;10352;86
269;20230213;19;20;55;0;10352;88
269;20230213;20;10;39;0;10352;93
269;20230213;21;20;26;0;10354;96
269;20230213;22;20;23;0;10352;97
269;20230213;23;20;12;0;10350;98
269;20230213;24;20;9;0;10348;98
269;20230214;1;20;-6;0;10345;98
269;20230214;2;20;-11;0;10344;98
269;20230214;3;10;-12;0;10342;98
269;20230214;4;10;-13;0;10339;99
269;20230214;5;10;-16;0;10338;97
269;20230214;6;10;-10;0;10336;98
269;20230214;7;10;-3;0;10337;98
269;20230214;8;10;18;11;10338;98
269;20230214;9;20;38;56;10338;96
269;20230214;10;20;63;96;10336;92
269;20230214;11;20;86;127;10335;84
269;20230214;12;20;107;143;10328;75
269;20230214;13;20;113;142;10322;71
269;20230214;14;20;120;122;10314;64
269;20230214;15;30;117;89;10312;65
269;20230214;16;20;109;45;10309;69
269;20230214;17;10;80;7;10308;81
269;20230214;18;10;54;0;10310;86
269;20230214;19;10;41;0;10306;91
269;20230214;20;10;30;0;10303;92
269;20230214;21;0;23;0;10300;98
269;20230214;22;0;17;0;10295;96
269;20230214;23;10;9;0;10293;98
269;20230214;24;0;8;0;10292;97
269;20230215;1;10;-1;0;10287;98
269;20230215;2;10;-6;0;10282;98
269;20230215;3;10;-9;0;10276;98
269;20230215;4;10;2;0;10271;98
269;20230215;5;10;12;0;10267;98
269;20230215;6;10;9;0;10265;98
269;20230215;7;30;3;0;10264;96
269;20230215;8;30;19;27;10259;95
269;20230215;9;30;35;58;10255;91
269;20230215;10;30;57;91;10254;85
269;20230215;11;30;84;126;10254;73
269;20230215;12;40;95;125;10245;69
269;20230215;13;30;105;106;10238;69
269;20230215;14;30;109;99;10236;68
269;20230215;15;30;108;57;10233;70
269;20230215;16;40;97;38;10231;71
269;20230215;17;30;77;6;10229;76
269;20230215;18;30;69;0;10234;79
269;20230215;19;30;54;0;10233;85
269;20230215;20;30;58;0;10231;84
269;20230215;21;30;50;0;10229;84
269;20230215;22;30;59;0;10228;81
269;20230215;23;40;55;0;10229;81
269;20230215;24;40;58;0;10228;80
269;20230216;1;50;58;0;10225;81
269;20230216;2;50;54;0;10223;83
269;20230216;3;40;55;0;10218;85
269;20230216;4;30;61;0;10216;83
269;20230216;5;40;62;0;10215;82
269;20230216;6;40;60;0;10215;84
269;20230216;7;40;62;0;10214;84
269;20230216;8;40;67;4;10219;84
269;20230216;9;40;71;7;10222;84
269;20230216;10;40;72;21;10222;91
269;20230216;11;50;78;58;10222;92
269;20230216;12;40;87;69;10217;92
269;20230216;13;50;101;103;10206;85
269;20230216;14;60;101;84;10199;82
269;20230216;15;60;102;29;10197;81
269;20230216;16;60;90;12;10196;95
269;20230216;17;60;90;1;10190;96
269;20230216;18;70;91;0;10186;97
269;20230216;19;70;92;0;10186;97
269;20230216;20;70;94;0;10185;98
269;20230216;21;60;95;0;10182;98
269;20230216;22;70;96;0;10180;98
269;20230216;23;60;96;0;10178;97
269;20230216;24;70;96;0;10178;96
269;20230217;1;60;97;0;10173;95
269;20230217;2;70;96;0;10172;95
269;20230217;3;80;91;0;10166;95
269;20230217;4;80;91;0;10158;94
269;20230217;5;90;91;0;10156;95
269;20230217;6;90;94;0;10155;95
269;20230217;7;90;99;0;10151;96
269;20230217;8;100;104;4;10152;93
269;20230217;9;100;105;11;10155;92
269;20230217;10;110;108;30;10158;90
269;20230217;11;110;111;33;10161;89
269;20230217;12;110;113;25;10165;85
269;20230217;13;110;117;39;10167;85
269;20230217;14;110;119;72;10168;83
269;20230217;15;110;117;71;10174;82
269;20230217;16;90;113;41;10181;84
269;20230217;17;80;104;5;10195;89
269;20230217;18;60;102;0;10204;88
269;20230217;19;60;97;0;10211;89
269;20230217;20;50;97;0;10215;85
269;20230217;21;40;95;0;10217;85
269;20230217;22;40;95;0;10217;89
269;20230217;23;40;98;0;10214;87
269;20230217;24;50;93;0;10208;89
269;20230218;1;40;92;0;10203;94
269;20230218;2;50;93;0;10195;96
269;20230218;3;60;95;0;10185;96
269;20230218;4;60;94;0;10171;98
269;20230218;5;70;97;0;10163;98
269;20230218;6;80;105;0;10158;96
269;20230218;7;90;105;0;10156;90
269;20230218;8;90;103;4;10156;90
269;20230218;9;100;100;16;10158;87
269;20230218;10;110;102;20;10163;84
269;20230218;11;100;108;52;10165;83
269;20230218;12;110;116;80;10166;83
269;20230218;13;110;117;84;10168;83
269;20230218;14;100;115;73;10171;82
269;20230218;15;80;114;24;10174;79
269;20230218;16;80;110;14;10175;85
269;20230218;17;70;103;4;10175;89
269;20230218;18;60;102;0;10176;89
269;20230218;19;60;99;0;10174;92
269;20230218;20;60;101;0;10171;91
269;20230218;21;60;100;0;10165;92
269;20230218;22;60;101;0;10164;95
269;20230218;23;50;96;0;10163;95
269;20230218;24;60;96;0;10162;93
269;20230219;1;60;93;0;10163;94
269;20230219;2;60;92;0;10167;93
269;20230219;3;70;92;0;10169;93
269;20230219;4;70;89;0;10174;95
269;20230219;5;60;87;0;10183;94
269;20230219;6;60;84;0;10190;95
269;20230219;7;50;80;0;10198;97
269;20230219;8;30;75;3;10208;97
269;20230219;9;20;74;21;10217;96
269;20230219;10;40;66;23;10231;95
269;20230219;11;40;65;27;10238;91
269;20230219;12;20;75;57;10241;83
269;20230219;13;20;83;93;10245;75
269;20230219;14;30;81;100;10251;70
269;20230219;15;30;77;55;10244;68
269;20230219;16;30;70;15;10251;77
269;20230219;17;30;68;2;10253;81
269;20230219;18;40;67;0;10256;79
269;20230219;19;30;59;0;10254;87
269;20230219;20;30;28;0;10254;93
269;20230219;21;40;46;0;10248;93
269;20230219;22;40;47;0;10251;93
269;20230219;23;40;54;0;10243;91
269;20230219;24;50;62;0;10238;89
269;20230220;1;60;64;0;10228;88
269;20230220;2;70;63;0;10219;90
269;20230220;3;80;63;0;10213;93
269;20230220;4;80;73;0;10209;93
269;20230220;5;90;78;0;10206;91
269;20230220;6;90;79;0;10206;89
269;20230220;7;80;80;0;10206;89
269;20230220;8;90;81;6;10207;89
269;20230220;9;90;85;23;10205;89
269;20230220;10;90;89;29;10205;87
269;20230220;11;100;94;34;10206;85
269;20230220;12;90;96;42;10203;85
269;20230220;13;100;97;51;10202;84
269;20230220;14;90;99;47;10196;83
269;20230220;15;90;95;34;10196;85
269;20230220;16;90;92;14;10196;86
269;20230220;17;80;88;2;10194;88
269;20230220;18;70;86;0;10196;89
269;20230220;19;70;85;0;10194;90
269;20230220;20;80;85;0;10193;91
269;20230220;21;80;85;0;10190;91
269;20230220;22;70;86;0;10190;91
269;20230220;23;70;89;0;10190;91
269;20230220;24;60;90;0;10192;90
269;20230221;1;50;91;0;10190;90
269;20230221;2;60;92;0;10187;90
269;20230221;3;60;91;0;10185;91
269;20230221;4;60;90;0;10184;91
269;20230221;5;40;89;0;10186;92
269;20230221;6;40;85;0;10186;94
269;20230221;7;40;86;0;10186;94
269;20230221;8;40;87;6;10189;95
269;20230221;9;50;90;18;10188;93
269;20230221;10;50;95;38;10185;92
269;20230221;11;40;97;37;10187;91
269;20230221;12;40;97;29;10184;91
269;20230221;13;40;96;24;10181;92
269;20230221;14;40;94;27;10176;94
269;20230221;15;40;91;20;10175;96
269;20230221;16;40;88;9;10173;96
269;20230221;17;30;85;2;10172;97
269;20230221;18;20;82;0;10172;97
269;20230221;19;20;80;0;10171;96
269;20230221;20;20;77;0;10169;94
269;20230221;21;30;74;0;10166;95
269;20230221;22;20;74;0;10164;93
269;20230221;23;20;74;0;10157;88
269;20230221;24;20;74;0;10150;89
269;20230222;1;30;72;0;10149;89
269;20230222;2;30;69;0;10143;88
269;20230222;3;30;65;0;10138;90
269;20230222;4;30;60;0;10134;89
269;20230222;5;30;51;0;10129;91
269;20230222;6;20;50;0;10123;91
269;20230222;7;30;48;1;10120;94
269;20230222;8;30;51;9;10121;95
269;20230222;9;30;55;18;10121;96
269;20230222;10;30;63;39;10116;93
269;20230222;11;30;81;98;10110;86
269;20230222;12;30;87;60;10109;82
269;20230222;13;30;91;51;10105;80
269;20230222;14;20;95;51;10104;78
269;20230222;15;30;94;34;10103;82
269;20230222;16;30;93;17;10105;83
269;20230222;17;30;78;6;10109;89
269;20230222;18;30;68;0;10113;92
269;20230222;19;20;73;0;10114;92
269;20230222;20;20;78;0;10116;91
269;20230222;21;30;76;0;10121;94
269;20230222;22;30;73;0;10120;97
269;20230222;23;20;73;0;10121;97
269;20230222;24;20;72;0;10124;98
269;20230223;1;20;72;0;10124;97
269;20230223;2;20;72;0;10125;96
269;20230223;3;10;68;0;10124;98
269;20230223;4;10;68;0;10128;97
269;20230223;5;10;68;0;10131;97
269;20230223;6;10;68;0;10133;98
269;20230223;7;10;68;0;10137;97
269;20230223;8;20;72;6;10144;97
269;20230223;9;20;76;20;10148;95
269;20230223;10;30;76;20;10152;95
269;20230223;11;30;77;23;10156;96
269;20230223;12;30;77;42;10158;92
269;20230223;13;30;76;38;10159;95
269;20230223;14;30;77;31;10159;94
269;20230223;15;40;71;21;10160;96
269;20230223;16;50;67;13;10164;89
269;20230223;17;50;64;4;10169;84
269;20230223;18;40;63;0;10172;75
269;20230223;19;30;57;0;10174;75
269;20230223;20;20;48;0;10171;76
269;20230223;21;20;44;0;10171;81
269;20230223;22;10;32;0;10167;84
269;20230223;23;10;18;0;10162;89
269;20230223;24;20;32;0;10155;74
269;20230224;1;20;40;0;10147;70
269;20230224;2;40;34;0;10136;75
269;20230224;3;30;37;0;10128;76
269;20230224;4;40;34;0;10119;80
269;20230224;5;40;32;0;10110;80
269;20230224;6;50;36;0;10096;82
269;20230224;7;60;41;0;10088;83
269;20230224;8;60;45;7;10084;86
269;20230224;9;70;49;13;10074;89
269;20230224;10;70;52;14;10065;95
269;20230224;11;70;64;21;10060;96
269;20230224;12;50;83;71;10055;82
269;20230224;13;60;86;82;10049;80
269;20230224;14;60;74;72;10047;82
269;20230224;15;70;72;74;10045;80
269;20230224;16;60;66;50;10044;80
269;20230224;17;60;58;9;10048;82
269;20230224;18;60;56;0;10052;79
269;20230224;19;50;58;0;10059;74
269;20230224;20;50;44;0;10060;83
269;20230224;21;50;54;0;10063;78
269;20230224;22;50;50;0;10062;80
269;20230224;23;50;51;0;10065;77
269;20230224;24;60;52;0;10070;77
269;20230225;1;50;50;0;10070;79
269;20230225;2;50;55;0;10071;77
269;20230225;3;50;55;0;10070;75
269;20230225;4;50;53;0;10075;71
269;20230225;5;50;48;0;10078;76
269;20230225;6;60;46;0;10081;72
269;20230225;7;50;49;1;10086;73
269;20230225;8;60;54;33;10095;76
269;20230225;9;50;55;90;10104;76
269;20230225;10;50;57;56;10111;69
269;20230225;11;70;64;129;10119;59
269;20230225;12;90;62;163;10124;55
269;20230225;13;90;65;145;10128;48
269;20230225;14;80;66;146;10133;51
269;20230225;15;70;60;115;10141;53
269;20230225;16;80;51;65;10149;56
269;20230225;17;60;37;22;10157;61
269;20230225;18;30;30;0;10162;62
269;20230225;19;20;30;0;10167;67
269;20230225;20;30;25;0;10171;73
269;20230225;21;30;30;0;10176;66
269;20230225;22;30;29;0;10182;61
269;20230225;23;30;33;0;10184;61
269;20230225;24;60;24;0;10192;65
269;20230226;1;50;13;0;10199;66
269;20230226;2;50;14;0;10203;61
269;20230226;3;50;7;0;10210;64
269;20230226;4;40;1;0;10215;65
269;20230226;5;30;-16;0;10223;74
269;20230226;6;40;-12;0;10230;76
269;20230226;7;40;-13;2;10241;79
269;20230226;8;40;11;38;10248;70
269;20230226;9;40;27;89;10255;64
269;20230226;10;50;41;133;10261;58
269;20230226;11;70;51;162;10266;58
269;20230226;12;70;58;168;10267;53
269;20230226;13;70;63;171;10265;50
269;20230226;14;70;62;163;10265;50
269;20230226;15;70;60;118;10266;48
269;20230226;16;60;54;58;10270;57
269;20230226;17;60;37;20;10274;60
269;20230226;18;40;10;0;10280;75
269;20230226;19;30;15;0;10282;76
269;20230226;20;30;3;0;10285;80
269;20230226;21;20;7;0;10289;82
269;20230226;22;10;9;0;10293;83
269;20230226;23;10;13;0;10294;82
269;20230226;24;10;17;0;10296;77
269;20230227;1;10;9;0;10296;85
269;20230227;2;10;5;0;10293;85
269;20230227;3;20;7;0;10294;77
269;20230227;4;10;-12;0;10295;88
269;20230227;5;10;-17;0;10299;90
269;20230227;6;10;-19;0;10302;90
269;20230227;7;20;-18;3;10306;91
269;20230227;8;10;8;38;10311;89
269;20230227;9;20;33;89;10315;79
269;20230227;10;40;47;128;10317;72
269;20230227;11;30;61;125;10315;62
269;20230227;12;50;70;175;10310;54
269;20230227;13;70;69;111;10308;56
269;20230227;14;70;63;84;10306;59
269;20230227;15;60;64;72;10305;58
269;20230227;16;60;63;57;10306;61
269;20230227;17;50;51;11;10308;69
269;20230227;18;40;24;0;10308;77
269;20230227;19;30;11;0;10314;83
269;20230227;20;30;12;0;10316;84
269;20230227;21;30;10;0;10316;87
269;20230227;22;20;8;0;10317;88
269;20230227;23;20;21;0;10318;88
269;20230227;24;20;29;0;10320;87
269;20230228;1;30;34;0;10318;84
269;20230228;2;20;27;0;10315;91
269;20230228;3;10;25;0;10315;93
269;20230228;4;10;25;0;10316;94
269;20230228;5;20;22;0;10315;92
269;20230228;6;20;14;0;10317;91
269;20230228;7;20;3;1;10321;98
269;20230228;8;10;5;9;10322;96
269;20230228;9;10;19;30;10323;94
269;20230228;10;10;35;63;10325;83
269;20230228;11;20;45;101;10322;63
269;20230228;12;30;60;179;10319;53
269;20230228;13;40;61;183;10315;50
269;20230228;14;50;66;163;10310;49
269;20230228;15;50;62;127;10309;48
269;20230228;16;50;58;78;10307;55
269;20230228;17;40;30;26;10311;69
269;20230228;18;20;21;1;10315;73
269;20230228;19;10;9;0;10315;78
269;20230228;20;10;0;0;10318;80
269;20230228;21;10;2;0;10319;82
269;20230228;22;20;-12;0;10321;91
269;20230228;23;10;-15;0;10322;96
269;20230228;24;20;-27;0;10323;97
269;20230301;1;10;-18;0;10319;96
269;20230301;2;10;-23;0;10315;97
269;20230301;3;10;-26;0;10311;98
269;20230301;4;10;-36;0;10306;98
269;20230301;5;10;-29;0;10304;98
269;20230301;6;20;-19;0;10300;98
269;20230301;7;10;-34;3;10301;98
269;20230301;8;20;-29;32;10303;98
269;20230301;9;10;-4;100;10300;86
269;20230301;10;20;28;160;10298;71
269;20230301;11;30;52;171;10293;61
269;20230301;12;50;66;188;10286;57
269;20230301;13;60;68;186;10279;54
269;20230301;14;70;72;165;10273;51
269;20230301;15;70;72;130;10265;52
269;20230301;16;60;65;81;10263;56
269;20230301;17;50;39;28;10260;69
269;20230301;18;40;0;1;10262;83
269;20230301;19;30;4;0;10264;82
269;20230301;20;30;-2;0;10264;84
269;20230301;21;30;1;0;10263;87
269;20230301;22;30;5;0;10265;92
269;20230301;23;40;10;0;10267;94
269;20230301;24;60;21;0;10263;96
269;20230302;1;60;17;0;10260;95
269;20230302;2;60;16;0;10258;94
269;20230302;3;40;9;0;10257;95
269;20230302;4;50;6;0;10256;95
269;20230302;5;50;11;0;10253;95
269;20230302;6;50;9;0;10254;96
269;20230302;7;50;9;3;10258;95
269;20230302;8;60;15;26;10258;95
269;20230302;9;60;21;35;10257;95
269;20230302;10;60;28;50;10258;94
269;20230302;11;50;43;116;10258;85
269;20230302;12;60;56;189;10252;80
269;20230302;13;50;67;185;10247;76
269;20230302;14;60;74;165;10243;70
269;20230302;15;60;78;128;10238;71
269;20230302;16;60;72;80;10236;70
269;20230302;17;50;55;29;10239;76
269;20230302;18;40;39;1;10246;85
269;20230302;19;40;28;0;10251;89
269;20230302;20;40;16;0;10254;91
269;20230302;21;30;5;0;10254;93
269;20230302;22;30;0;0;10255;93
269;20230302;23;30;5;0;10254;96
269;20230302;24;30;6;0;10256;95
269;20230303;1;50;5;0;10259;98
269;20230303;2;40;7;0;10258;98
269;20230303;3;30;10;0;10256;98
269;20230303;4;30;12;0;10257;98
269;20230303;5;30;13;0;10258;98
269;20230303;6;20;15;0;10260;98
269;20230303;7;20;15;3;10262;99
269;20230303;8;20;16;17;10268;99
269;20230303;9;20;22;45;10270;99
269;20230303;10;10;40;78;10271;90
269;20230303;11;10;58;161;10271;79
269;20230303;12;10;64;100;10269;76
269;20230303;13;30;74;120;10265;67
269;20230303;14;30;69;125;10264;65
269;20230303;15;30;70;70;10261;62
269;20230303;16;40;65;45;10257;65
269;20230303;17;40;59;14;10259;68
269;20230303;18;40;60;1;10261;69
269;20230303;19;30;62;0;10262;70
269;20230303;20;30;62;0;10265;73
269;20230303;21;20;61;0;10266;75
269;20230303;22;40;60;0;10266;71
269;20230303;23;40;60;0;10266;73
269;20230303;24;40;59;0;10265;73
269;20230304;1;30;59;0;10264;73
269;20230304;2;30;58;0;10261;77
269;20230304;3;30;58;0;10255;75
269;20230304;4;40;57;0;10253;74
269;20230304;5;30;56;0;10252;78
269;20230304;6;30;55;0;10253;83
269;20230304;7;30;51;4;10253;91
269;20230304;8;30;54;24;10256;91
269;20230304;9;30;63;38;10256;92
269;20230304;10;40;66;59;10256;94
269;20230304;11;40;77;107;10253;82
269;20230304;12;60;71;111;10252;75
269;20230304;13;50;73;86;10248;73
269;20230304;14;50;71;136;10244;73
269;20230304;15;50;69;69;10239;71
269;20230304;16;40;67;47;10238;74
269;20230304;17;50;52;19;10235;76
269;20230304;18;30;52;2;10239;77
269;20230304;19;30;48;0;10238;83
269;20230304;20;30;39;0;10235;86
269;20230304;21;20;40;0;10235;90
269;20230304;22;20;29;0;10231;91
269;20230304;23;20;37;0;10226;90
269;20230304;24;20;30;0;10220;90
269;20230305;1;20;31;0;10215;92
269;20230305;2;20;38;0;10208;88
269;20230305;3;20;36;0;10199;88
269;20230305;4;30;34;0;10193;89
269;20230305;5;30;23;0;10188;95
269;20230305;6;30;27;0;10183;95
269;20230305;7;20;37;3;10183;88
269;20230305;8;30;41;21;10181;87
269;20230305;9;30;48;56;10177;81
269;20230305;10;30;54;104;10174;78
269;20230305;11;30;56;123;10169;73
269;20230305;12;30;61;134;10160;69
269;20230305;13;30;62;142;10151;67
269;20230305;14;30;64;129;10144;67
269;20230305;15;40;63;109;10136;65
269;20230305;16;30;60;78;10127;67
269;20230305;17;30;53;13;10121;71
269;20230305;18;10;50;0;10118;71
269;20230305;19;30;45;0;10114;78
269;20230305;20;30;41;0;10106;80
269;20230305;21;20;35;0;10102;84
269;20230305;22;20;32;0;10096;85
269;20230305;23;30;20;0;10089;90
269;20230305;24;30;14;0;10081;92
269;20230306;1;30;-7;0;10075;94
269;20230306;2;30;3;0;10069;94
269;20230306;3;30;25;0;10062;93
269;20230306;4;40;32;0;10056;92
269;20230306;5;40;31;0;10050;91
269;20230306;6;40;28;0;10051;89
269;20230306;7;30;23;8;10055;88
269;20230306;8;20;33;44;10057;82
269;20230306;9;20;41;85;10057;78
269;20230306;10;20;50;135;10057;68
269;20230306;11;20;59;145;10054;63
269;20230306;12;30;67;172;10048;59
269;20230306;13;40;65;113;10042;67
269;20230306;14;40;66;79;10032;64
269;20230306;15;60;43;27;10028;82
269;20230306;16;70;42;19;10021;82
269;20230306;17;70;37;8;10012;81
269;20230306;18;70;36;0;10005;85
269;20230306;19;90;34;0;9997;89
269;20230306;20;90;30;0;9987;92
269;20230306;21;70;35;0;9974;93
269;20230306;22;70;43;0;9972;94
269;20230306;23;60;42;0;9967;92
269;20230306;24;60;39;0;9968;92
269;20230307;1;50;35;0;9968;92
269;20230307;2;50;34;0;9964;92
269;20230307;3;50;40;0;9960;88
269;20230307;4;60;41;0;9960;77
269;20230307;5;50;36;0;9955;80
269;20230307;6;60;28;0;9959;84
269;20230307;7;60;20;1;9961;91
269;20230307;8;50;22;13;9961;91
269;20230307;9;40;29;36;9961;91
269;20230307;10;60;37;82;9962;88
269;20230307;11;50;27;64;9965;89
269;20230307;12;50;35;77;9964;92
269;20230307;13;50;36;79;9967;81
269;20230307;14;50;25;42;9968;90
269;20230307;15;50;20;32;9972;95
269;20230307;16;50;28;32;9971;92
269;20230307;17;40;18;10;9978;86
269;20230307;18;40;7;2;9983;91
269;20230307;19;30;1;0;9988;94
269;20230307;20;20;3;0;9993;92
269;20230307;21;20;-21;0;9993;95
269;20230307;22;30;-10;0;9996;96
269;20230307;23;20;-25;0;9998;94
269;20230307;24;30;-14;0;9998;95
269;20230308;1;30;-30;0;9997;94
269;20230308;2;30;-14;0;9991;95
269;20230308;3;20;-8;0;9985;95
269;20230308;4;20;-17;0;9982;96
269;20230308;5;20;-20;0;9975;96
269;20230308;6;10;-18;0;9965;97
269;20230308;7;20;-15;4;9963;98
269;20230308;8;20;-5;24;9958;97
269;20230308;9;30;0;38;9955;97
269;20230308;10;30;16;115;9950;94
269;20230308;11;30;24;114;9943;92
269;20230308;12;30;26;106;9942;88
269;20230308;13;40;29;81;9938;85
269;20230308;14;50;36;75;9937;79
269;20230308;15;50;34;65;9934;79
269;20230308;16;50;33;34;9931;79
269;20230308;17;50;28;15;9930;81
269;20230308;18;50;25;1;9929;84
269;20230308;19;40;23;0;9929;86
269;20230308;20;40;18;0;9926;89
269;20230308;21;40;19;0;9927;87
269;20230308;22;40;17;0;9924;86
269;20230308;23;50;12;0;9925;86
269;20230308;24;50;3;0;9923;96
269;20230309;1;60;5;0;9920;94
269;20230309;2;50;7;0;9930;92
269;20230309;3;60;6;0;9935;93
269;20230309;4;60;7;0;9938;93
269;20230309;5;30;5;0;9947;94
269;20230309;6;20;7;0;9953;92
269;20230309;7;20;8;5;9963;91
269;20230309;8;30;14;15;9969;90
269;20230309;9;30;17;35;9978;88
269;20230309;10;30;22;47;9981;87
269;20230309;11;30;24;43;9982;86
269;20230309;12;30;25;38;9984;85
269;20230309;13;30;25;45;9979;91
269;20230309;14;30;23;40;9974;93
269;20230309;15;30;18;27;9971;94
269;20230309;16;30;19;21;9966;97
269;20230309;17;30;6;3;9969;97
269;20230309;18;40;5;1;9953;98
269;20230309;19;50;7;0;9941;98
269;20230309;20;70;10;0;9933;98
269;20230309;21;60;13;0;9917;97
269;20230309;22;60;13;0;9907;97
269;20230309;23;60;14;0;9894;98
269;20230309;24;60;15;0;9884;98
269;20230310;1;60;15;0;9879;98
269;20230310;2;60;14;0;9877;98
269;20230310;3;60;13;0;9871;98
269;20230310;4;60;12;0;9870;98
269;20230310;5;60;11;0;9869;97
269;20230310;6;60;11;0;9870;97
269;20230310;7;60;12;2;9870;97
269;20230310;8;50;16;12;9873;98
269;20230310;9;50;17;21;9878;98
269;20230310;10;60;20;34;9882;97
269;20230310;11;80;11;27;9888;96
269;20230310;12;90;12;27;9888;96
269;20230310;13;90;19;47;9887;94
269;20230310;14;80;11;17;9907;94
269;20230310;15;80;4;11;9933;94
269;20230310;16;90;1;11;9957;97
269;20230310;17;70;1;5;9975;98
269;20230310;18;60;12;3;9990;97
269;20230310;19;50;8;0;10004;93
269;20230310;20;60;18;0;10019;86
269;20230310;21;80;16;0;10031;85
269;20230310;22;50;16;0;10042;83
269;20230310;23;40;18;0;10051;77
269;20230310;24;50;16;0;10059;75
269;20230311;1;30;15;0;10065;73
269;20230311;2;20;9;0;10070;76
269;20230311;3;20;9;0;10072;75
269;20230311;4;20;10;0;10079;75
269;20230311;5;20;1;0;10084;78
269;20230311;6;10;-13;0;10088;82
269;20230311;7;10;-15;15;10094;86
269;20230311;8;20;15;66;10101;72
269;20230311;9;20;30;120;10105;70
269;20230311;10;30;47;159;10109;67
269;20230311;11;30;48;118;10110;62
269;20230311;12;40;58;179;10111;59
269;20230311;13;40;58;210;10110;52
269;20230311;14;40;72;199;10110;53
269;20230311;15;40;55;83;10113;55
269;20230311;16;40;59;69;10113;53
269;20230311;17;30;47;46;10114;62
269;20230311;18;20;29;3;10119;80
269;20230311;19;10;17;0;10119;86
269;20230311;20;10;4;0;10119;90
269;20230311;21;20;-6;0;10120;93
269;20230311;22;10;-2;0;10118;95
269;20230311;23;20;6;0;10115;91
269;20230311;24;20;8;0;10111;80
269;20230312;1;30;10;0;10106;78
269;20230312;2;20;17;0;10101;76
269;20230312;3;30;16;0;10091;77
269;20230312;4;30;19;0;10084;76
269;20230312;5;30;25;0;10076;73
269;20230312;6;50;20;0;10071;83
269;20230312;7;40;21;3;10066;85
269;20230312;8;50;24;8;10066;94
269;20230312;9;50;34;18;10059;96
269;20230312;10;60;50;32;10060;97
269;20230312;11;60;79;60;10060;97
269;20230312;12;60;90;41;10059;94
269;20230312;13;70;98;71;10055;86
269;20230312;14;70;100;54;10057;83
269;20230312;15;80;103;80;10061;76
269;20230312;16;80;103;59;10059;73
269;20230312;17;70;98;16;10053;77
269;20230312;18;70;93;2;10058;82
269;20230312;19;90;89;0;10055;86
269;20230312;20;90;94;0;10048;85
269;20230312;21;80;95;0;10042;83
269;20230312;22;80;93;0;10032;85
269;20230312;23;60;94;0;10022;84
269;20230312;24;70;91;0;10006;91
269;20230313;1;70;91;0;9989;92
269;20230313;2;70;93;0;9972;95
269;20230313;3;90;102;0;9957;96
269;20230313;4;110;118;0;9953;93
269;20230313;5;110;117;0;9947;95
269;20230313;6;120;122;0;9942;89
269;20230313;7;120;123;2;9941;87
269;20230313;8;120;119;7;9943;94
269;20230313;9;120;125;24;9937;88
269;20230313;10;140;142;91;9929;75
269;20230313;11;130;145;106;9922;74
269;20230313;12;160;147;126;9922;67
269;20230313;13;150;154;175;9917;62
269;20230313;14;160;148;169;9915;61
269;20230313;15;150;144;130;9911;61
269;20230313;16;130;139;93;9906;61
269;20230313;17;120;125;42;9902;65
269;20230313;18;110;117;5;9902;68
269;20230313;19;90;108;0;9895;72
269;20230313;20;60;103;0;9892;76
269;20230313;21;60;96;0;9886;78
269;20230313;22;50;101;0;9881;78
269;20230313;23;50;103;0;9875;77
269;20230313;24;70;106;0;9872;75
269;20230314;1;90;107;0;9873;76
269;20230314;2;100;93;0;9872;89
269;20230314;3;80;90;0;9866;92
269;20230314;4;80;92;0;9863;90
269;20230314;5;90;92;0;9862;90
269;20230314;6;80;90;0;9862;93
269;20230314;7;60;69;2;9881;95
269;20230314;8;70;52;15;9908;88
269;20230314;9;70;58;54;9933;82
269;20230314;10;60;56;67;9956;79
269;20230314;11;70;70;97;9980;64
269;20230314;12;80;69;216;10000;55
269;20230314;13;70;71;210;10011;48
269;20230314;14;70;69;159;10027;46
269;20230314;15;70;65;138;10041;49
269;20230314;16;70;60;60;10051;55
269;20230314;17;60;56;29;10062;58
269;20230314;18;60;45;5;10073;67
269;20230314;19;50;42;0;10079;63
269;20230314;20;40;35;0;10085;78
269;20230314;21;40;20;0;10087;89
269;20230314;22;50;30;0;10096;86
269;20230314;23;50;30;0;10100;90
269;20230314;24;50;26;0;10103;92
269;20230315;1;40;21;0;10110;93
269;20230315;2;30;23;0;10115;91
269;20230315;3;20;25;0;10123;85
269;20230315;4;20;8;0;10135;90
269;20230315;5;20;11;0;10144;92
269;20230315;6;20;5;0;10150;94
269;20230315;7;20;5;29;10161;95
269;20230315;8;30;32;83;10169;91
269;20230315;9;30;51;124;10175;81
269;20230315;10;40;59;171;10177;68
269;20230315;11;30;70;171;10182;58
269;20230315;12;20;74;215;10184;55
269;20230315;13;30;83;231;10185;51
269;20230315;14;40;84;192;10184;49
269;20230315;15;50;84;133;10183;48
269;20230315;16;50;75;74;10180;56
269;20230315;17;40;67;42;10182;54
269;20230315;18;30;45;4;10185;63
269;20230315;19;20;41;0;10186;71
269;20230315;20;20;40;0;10184;67
269;20230315;21;30;38;0;10184;71
269;20230315;22;30;43;0;10178;69
269;20230315;23;40;45;0;10176;68
269;20230315;24;40;44;0;10174;69
269;20230316;1;40;45;0;10168;71
269;20230316;2;40;44;0;10160;74
269;20230316;3;40;47;0;10156;76
269;20230316;4;50;46;0;10150;79
269;20230316;5;50;44;0;10145;82
269;20230316;6;50;45;0;10142;81
269;20230316;7;60;50;7;10139;82
269;20230316;8;70;56;19;10138;81
269;20230316;9;70;62;36;10135;81
269;20230316;10;60;68;55;10133;77
269;20230316;11;70;88;114;10127;71
269;20230316;12;70;92;115;10123;65
269;20230316;13;70;107;130;10116;62
269;20230316;14;70;119;136;10108;57
269;20230316;15;70;126;113;10101;53
269;20230316;16;60;125;83;10095;51
269;20230316;17;40;117;35;10091;58
269;20230316;18;40;103;8;10090;59
269;20230316;19;30;87;0;10087;68
269;20230316;20;40;90;0;10082;67
269;20230316;21;40;86;0;10080;68
269;20230316;22;50;81;0;10079;70
269;20230316;23;40;78;0;10076;71
269;20230316;24;40;78;0;10076;72
269;20230317;1;40;78;0;10073;69
269;20230317;2;40;79;0;10068;68
269;20230317;3;40;81;0;10065;67
269;20230317;4;30;80;0;10065;67
269;20230317;5;40;83;0;10064;64
269;20230317;6;40;83;0;10061;67
269;20230317;7;40;86;15;10067;67
269;20230317;8;40;94;51;10068;69
269;20230317;9;40;112;91;10066;62
269;20230317;10;50;138;168;10066;56
269;20230317;11;50;143;157;10072;59
269;20230317;12;40;149;121;10068;59
269;20230317;13;30;151;119;10063;60
269;20230317;14;20;156;89;10065;58
269;20230317;15;20;156;76;10060;59
269;20230317;16;30;151;72;10057;62
269;20230317;17;20;144;16;10059;64
269;20230317;18;20;131;2;10061;72
269;20230317;19;10;114;0;10060;79
269;20230317;20;10;121;0;10057;75
269;20230317;21;10;118;0;10059;78
269;20230317;22;30;123;0;10064;76
269;20230317;23;40;110;0;10069;82
269;20230317;24;30;101;0;10072;86
269;20230318;1;30;102;0;10074;85
269;20230318;2;20;88;0;10073;93
269;20230318;3;20;92;0;10077;91
269;20230318;4;20;92;0;10079;91
269;20230318;5;30;93;0;10080;91
269;20230318;6;20;97;0;10087;93
269;20230318;7;20;101;5;10092;93
269;20230318;8;30;114;38;10097;92
269;20230318;9;50;123;124;10099;86
269;20230318;10;40;143;166;10101;77
269;20230318;11;30;147;125;10101;74
269;20230318;12;30;153;139;10101;70
269;20230318;13;40;166;114;10099;64
269;20230318;14;50;146;71;10101;73
269;20230318;15;40;147;68;10096;70
269;20230318;16;40;150;119;10093;63
269;20230318;17;40;141;48;10094;69
269;20230318;18;30;125;5;10095;76
269;20230318;19;20;113;0;10096;80
269;20230318;20;20;117;0;10096;79
269;20230318;21;50;118;0;10101;82
269;20230318;22;40;110;0;10100;86
269;20230318;23;40;112;0;10099;83
269;20230318;24;40;111;0;10099;86
269;20230319;1;40;109;0;10101;86
269;20230319;2;40;107;0;10101;89
269;20230319;3;40;99;0;10104;92
269;20230319;4;40;83;0;10105;94
269;20230319;5;30;75;0;10106;96
269;20230319;6;20;75;0;10113;98
269;20230319;7;30;89;10;10118;94
269;20230319;8;40;87;21;10126;96
269;20230319;9;40;87;27;10132;96
269;20230319;10;30;88;36;10139;96
269;20230319;11;30;93;46;10141;95
269;20230319;12;30;100;68;10144;91
269;20230319;13;30;104;47;10147;90
269;20230319;14;40;106;43;10149;87
269;20230319;15;40;105;34;10153;86
269;20230319;16;30;105;17;10154;85
269;20230319;17;30;94;10;10162;93
269;20230319;18;30;89;1;10170;93
269;20230319;19;30;85;0;10176;94
269;20230319;20;30;80;0;10179;95
269;20230319;21;30;78;0;10184;94
269;20230319;22;30;77;0;10184;94
269;20230319;23;20;78;0;10188;91
269;20230319;24;30;77;0;10186;91
269;20230320;1;30;78;0;10191;88
269;20230320;2;30;75;0;10188;89
269;20230320;3;30;75;0;10182;85
269;20230320;4;40;72;0;10178;85
269;20230320;5;50;71;0;10174;84
269;20230320;6;50;69;0;10175;85
269;20230320;7;50;70;6;10177;85
269;20230320;8;50;76;23;10178;84
269;20230320;9;60;81;41;10180;83
269;20230320;10;70;83;63;10179;84
269;20230320;11;70;84;76;10177;86
269;20230320;12;70;82;61;10174;91
269;20230320;13;60;84;33;10171;93
269;20230320;14;70;86;32;10166;94
269;20230320;15;70;85;26;10165;96
269;20230320;16;60;86;21;10162;97
269;20230320;17;60;88;11;10161;98
269;20230320;18;50;88;3;10162;98
269;20230320;19;50;91;0;10163;98
269;20230320;20;50;92;0;10161;98
269;20230320;21;50;92;0;10160;98
269;20230320;22;50;92;0;10160;98
269;20230320;23;40;93;0;10156;98
269;20230320;24;50;94;0;10155;97
269;20230321;1;50;92;0;10150;98
269;20230321;2;40;92;0;10145;98
269;20230321;3;40;92;0;10138;98
269;20230321;4;50;91;0;10135;98
269;20230321;5;50;90;0;10132;97
269;20230321;6;50;88;0;10132;98
269;20230321;7;40;90;6;10132;97
269;20230321;8;40;92;14;10131;94
269;20230321;9;40;96;28;10126;95
269;20230321;10;40;103;52;10122;90
269;20230321;11;60;112;80;10117;85
269;20230321;12;70;119;86;10114;83
269;20230321;13;60;126;80;10108;79
269;20230321;14;80;126;122;10103;73
269;20230321;15;70;121;46;10100;76
269;20230321;16;70;118;25;10099;80
269;20230321;17;70;110;8;10098;90
269;20230321;18;60;105;7;10099;87
269;20230321;19;60;107;0;10097;88
269;20230321;20;60;103;0;10094;88
269;20230321;21;50;99;0;10091;90
269;20230321;22;60;97;0;10086;89
269;20230321;23;60;94;0;10084;86
269;20230321;24;70;93;0;10081;85
269;20230322;1;70;97;0;10075;83
269;20230322;2;60;95;0;10068;83
269;20230322;3;40;94;0;10058;82
269;20230322;4;50;98;0;10056;85
269;20230322;5;60;99;0;10052;87
269;20230322;6;60;101;1;10046;85
269;20230322;7;80;104;14;10047;83
269;20230322;8;80;108;34;10043;81
269;20230322;9;90;110;65;10043;80
269;20230322;10;100;101;38;10044;89
269;20230322;11;100;103;34;10043;90
269;20230322;12;90;107;49;10046;86
269;20230322;13;90;106;23;10043;90
269;20230322;14;80;109;22;10044;88
269;20230322;15;80;112;23;10038;88
269;20230322;16;70;112;16;10036;90
269;20230322;17;80;111;12;10031;94
269;20230322;18;80;111;3;10034;94
269;20230322;19;80;111;0;10027;95
269;20230322;20;80;112;0;10025;93
269;20230322;21;80;114;0;10018;91
269;20230322;22;90;116;0;10012;90
269;20230322;23;100;118;0;10008;87
269;20230322;24;100;119;0;10002;84
269;20230323;1;80;119;0;9999;83
269;20230323;2;80;119;0;9994;81
269;20230323;3;80;120;0;9991;81
269;20230323;4;100;118;0;9989;84
269;20230323;5;90;108;0;9997;89
269;20230323;6;90;111;1;10000;86
269;20230323;7;80;111;11;10007;86
269;20230323;8;70;112;30;10011;86
269;20230323;9;80;117;71;10015;81
269;20230323;10;90;132;126;10017;75
269;20230323;11;100;141;196;10021;69
269;20230323;12;100;140;185;10024;66
269;20230323;13;90;135;117;10022;68
269;20230323;14;80;135;99;10024;69
269;20230323;15;90;146;144;10018;65
269;20230323;16;90;144;114;10015;62
269;20230323;17;60;133;42;10016;71
269;20230323;18;40;130;3;10013;75
269;20230323;19;30;129;0;10008;78
269;20230323;20;50;117;0;10002;90
269;20230323;21;50;120;0;9995;90
269;20230323;22;70;117;0;9983;92
269;20230323;23;80;118;0;9974;91
269;20230323;24;80;115;0;9965;93
269;20230324;1;90;118;0;9955;92
269;20230324;2;100;123;0;9945;90
269;20230324;3;100;117;0;9955;85
269;20230324;4;90;102;0;9967;85
269;20230324;5;80;95;0;9974;87
269;20230324;6;80;93;1;9984;88
269;20230324;7;80;100;11;9990;87
269;20230324;8;90;105;47;9996;83
269;20230324;9;100;119;106;10002;73
269;20230324;10;90;121;112;10007;73
269;20230324;11;90;133;177;10009;66
269;20230324;12;100;139;223;10010;63
269;20230324;13;100;132;195;10007;62
269;20230324;14;110;129;183;10006;65
269;20230324;15;90;118;76;10005;73
269;20230324;16;100;128;89;10001;66
269;20230324;17;100;120;48;10000;66
269;20230324;18;100;108;13;10001;72
269;20230324;19;70;105;0;9999;75
269;20230324;20;70;97;0;9998;76
269;20230324;21;70;97;0;9995;75
269;20230324;22;70;100;0;9994;75
269;20230324;23;90;98;0;9995;75
269;20230324;24;90;98;0;9994;76
269;20230325;1;100;88;0;9995;86
269;20230325;2;80;90;0;9993;82
269;20230325;3;80;86;0;9990;88
269;20230325;4;80;88;0;9989;87
269;20230325;5;80;86;0;9989;89
269;20230325;6;80;87;2;9992;85
269;20230325;7;90;87;16;9995;85
269;20230325;8;100;91;30;9996;82
269;20230325;9;100;94;38;10000;81
269;20230325;10;100;102;54;10002;77
269;20230325;11;110;108;81;10005;73
269;20230325;12;120;112;106;10006;70
269;20230325;13;130;126;163;10004;66
269;20230325;14;130;119;142;10008;66
269;20230325;15;120;88;62;10021;84
269;20230325;16;100;84;36;10027;85
269;20230325;17;90;86;21;10032;84
269;20230325;18;80;87;6;10041;85
269;20230325;19;60;91;0;10047;82
269;20230325;20;70;88;0;10050;82
269;20230325;21;60;84;0;10050;84
269;20230325;22;50;79;0;10057;83
269;20230325;23;40;75;0;10064;86
269;20230325;24;30;75;0;10064;89
269;20230326;1;20;73;0;10061;92
269;20230326;2;20;66;0;10054;95
269;20230326;3;10;52;0;10047;98
269;20230326;4;20;57;0;10042;98
269;20230326;5;20;60;0;10038;97
269;20230326;6;30;64;2;10033;98
269;20230326;7;30;71;18;10029;95
269;20230326;8;50;75;27;10028;91
269;20230326;9;60;78;65;10029;82
269;20230326;10;60;77;71;10032;81
269;20230326;11;70;86;84;10034;75
269;20230326;12;70;86;120;10038;71
269;20230326;13;70;89;107;10042;68
269;20230326;14;70;80;101;10049;65
269;20230326;15;70;77;60;10056;62
269;20230326;16;70;73;61;10067;56
269;20230326;17;60;68;24;10079;55
269;20230326;18;60;63;8;10090;62
269;20230326;19;60;56;0;10103;61
269;20230326;20;60;55;0;10112;61
269;20230326;21;50;48;0;10121;65
269;20230326;22;40;52;0;10128;69
269;20230326;23;40;44;0;10137;74
269;20230326;24;30;42;0;10146;75
269;20230327;1;40;40;0;10154;74
269;20230327;2;30;27;0;10157;82
269;20230327;3;40;29;0;10166;89
269;20230327;4;20;33;0;10172;78
269;20230327;5;40;27;0;10177;83
269;20230327;6;40;40;2;10182;73
269;20230327;7;40;39;12;10190;79
269;20230327;8;40;49;55;10199;75
269;20230327;9;50;49;138;10206;79
269;20230327;10;50;61;163;10209;74
269;20230327;11;60;64;174;10216;67
269;20230327;12;70;51;190;10223;70
269;20230327;13;60;67;235;10224;70
269;20230327;14;60;50;228;10231;72
269;20230327;15;60;63;139;10231;66
269;20230327;16;60;63;86;10235;56
269;20230327;17;60;57;57;10240;60
269;20230327;18;50;47;13;10246;69
269;20230327;19;30;42;0;10250;77
269;20230327;20;40;37;0;10250;80
269;20230327;21;30;35;0;10251;80
269;20230327;22;30;33;0;10254;79
269;20230327;23;30;32;0;10257;75
269;20230327;24;20;29;0;10258;75
269;20230328;1;30;2;0;10258;88
269;20230328;2;30;-8;0;10257;91
269;20230328;3;30;-17;0;10255;93
269;20230328;4;30;-23;0;10255;94
269;20230328;5;20;-13;0;10256;93
269;20230328;6;10;-8;7;10259;94
269;20230328;7;20;14;39;10260;88
269;20230328;8;20;42;88;10261;79
269;20230328;9;40;57;135;10259;75
269;20230328;10;50;71;140;10255;60
269;20230328;11;50;71;145;10247;58
269;20230328;12;60;71;140;10241;57
269;20230328;13;60;73;118;10231;54
269;20230328;14;60;76;81;10223;53
269;20230328;15;60;79;79;10212;53
269;20230328;16;50;81;47;10204;55
269;20230328;17;50;67;14;10201;72
269;20230328;18;50;58;3;10196;83
269;20230328;19;30;58;0;10190;82
269;20230328;20;30;64;0;10183;79
269;20230328;21;60;62;0;10180;78
269;20230328;22;50;58;0;10174;82
269;20230328;23;50;55;0;10168;82
269;20230328;24;40;55;0;10160;81
269;20230329;1;40;56;0;10153;81
269;20230329;2;40;60;0;10146;78
269;20230329;3;30;60;0;10141;81
269;20230329;4;30;64;0;10135;82
269;20230329;5;40;66;0;10133;80
269;20230329;6;30;67;2;10135;83
269;20230329;7;30;74;11;10135;80
269;20230329;8;40;85;34;10137;79
269;20230329;9;40;99;71;10135;81
269;20230329;10;50;107;99;10136;79
269;20230329;11;50;122;145;10132;78
269;20230329;12;60;124;158;10130;78
269;20230329;13;60;121;113;10125;82
269;20230329;14;50;118;52;10120;83
269;20230329;15;50;118;42;10115;85
269;20230329;16;30;121;29;10103;84
269;20230329;17;20;121;12;10095;85
269;20230329;18;20;126;3;10088;81
269;20230329;19;30;120;0;10084;83
269;20230329;20;30;117;0;10075;84
269;20230329;21;40;115;0;10063;87
269;20230329;22;40;121;0;10054;87
269;20230329;23;50;133;0;10050;79
269;20230329;24;50;131;0;10042;77
269;20230330;1;60;132;0;10038;75
269;20230330;2;60;137;0;10034;72
269;20230330;3;60;132;0;10031;75
269;20230330;4;70;128;0;10027;77
269;20230330;5;70;130;0;10024;78
269;20230330;6;80;118;3;10026;85
269;20230330;7;90;120;29;10030;81
269;20230330;8;100;122;27;10036;80
269;20230330;9;100;128;82;10040;74
269;20230330;10;100;143;172;10044;68
269;20230330;11;100;155;142;10047;65
269;20230330;12;110;148;152;10050;65
269;20230330;13;110;141;129;10052;67
269;20230330;14;100;140;74;10051;71
269;20230330;15;100;143;107;10051;67
269;20230330;16;90;138;61;10049;72
269;20230330;17;90;134;69;10048;72
269;20230330;18;90;123;19;10050;74
269;20230330;19;80;114;0;10051;80
269;20230330;20;70;109;0;10048;82
269;20230330;21;70;107;0;10044;83
269;20230330;22;70;104;0;10039;85
269;20230330;23;60;101;0;10033;86
269;20230330;24;60;99;0;10022;86
269;20230331;1;50;101;0;10012;86
269;20230331;2;40;100;0;10000;91
269;20230331;3;50;105;0;9986;91
269;20230331;4;50;103;0;9972;94
269;20230331;5;50;98;0;9959;95
269;20230331;6;40;98;1;9947;95
269;20230331;7;60;103;8;9939;92
269;20230331;8;60;105;31;9936;93
269;20230331;9;50;115;60;9931;91
269;20230331;10;60;112;84;9926;93
269;20230331;11;70;131;109;9919;81
269;20230331;12;90;120;102;9919;86
269;20230331;13;70;120;77;9914;85
269;20230331;14;60;118;73;9908;88
269;20230331;15;60;116;55;9903;88
269;20230331;16;80;111;27;9902;90
269;20230331;17;60;106;20;9899;92
269;20230331;18;60;101;9;9898;95
269;20230331;19;50;100;0;9897;96
269;20230331;20;40;101;0;9896;95
269;20230331;21;40;99;0;9893;96
269;20230331;22;40;99;0;9892;97
269;20230331;23;40;99;0;9894;97
269;20230331;24;40;99;0;9896;98
269;20230401;1;30;98;0;9899;96
269;20230401;2;30;95;0;9902;97
269;20230401;3;20;91;0;9906;98
269;20230401;4;10;92;0;9913;98
269;20230401;5;10;93;0;9920;98
269;20230401;6;20;97;2;9929;98
269;20230401;7;40;97;14;9938;97
269;20230401;8;40;102;28;9949;96
269;20230401;9;40;107;71;9957;93
269;20230401;10;40;108;53;9966;95
269;20230401;11;40;109;58;9972;93
269;20230401;12;40;108;43;9980;94
269;20230401;13;50;115;47;9987;92
269;20230401;14;70;107;56;9999;91
269;20230401;15;60;100;27;10010;94
269;20230401;16;70;95;18;10022;94
269;20230401;17;70;90;8;10036;93
269;20230401;18;70;82;4;10050;95
269;20230401;19;80;76;0;10065;92
269;20230401;20;80;71;0;10079;92
269;20230401;21;80;67;0;10093;90
269;20230401;22;80;64;0;10104;90
269;20230401;23;80;59;0;10115;91
269;20230401;24;70;57;0;10126;89
269;20230402;1;70;53;0;10135;88
269;20230402;2;80;49;0;10145;87
269;20230402;3;80;41;0;10157;86
269;20230402;4;80;30;0;10169;83
269;20230402;5;70;16;0;10183;85
269;20230402;6;70;18;5;10195;84
269;20230402;7;90;19;24;10208;80
269;20230402;8;90;21;85;10218;77
269;20230402;9;80;39;145;10229;74
269;20230402;10;80;57;202;10236;70
269;20230402;11;80;67;249;10242;66
269;20230402;12;90;79;264;10247;63
269;20230402;13;80;91;258;10252;58
269;20230402;14;70;95;234;10255;57
269;20230402;15;70;97;194;10259;56
269;20230402;16;60;95;143;10264;57
269;20230402;17;60;85;87;10269;60
269;20230402;18;50;68;20;10279;70
269;20230402;19;40;51;1;10286;77
269;20230402;20;40;47;0;10295;75
269;20230402;21;40;32;0;10300;80
269;20230402;22;40;21;0;10306;82
269;20230402;23;30;10;0;10308;85
269;20230402;24;40;18;0;10311;81
269;20230403;1;40;14;0;10313;82
269;20230403;2;40;6;0;10314;85
269;20230403;3;40;-1;0;10318;88
269;20230403;4;30;-4;0;10321;90
269;20230403;5;30;-8;0;10324;91
269;20230403;6;30;1;11;10327;89
269;20230403;7;40;20;62;10332;82
269;20230403;8;50;33;122;10336;74
269;20230403;9;50;54;177;10338;57
269;20230403;10;60;71;221;10334;49
269;20230403;11;70;81;252;10329;40
269;20230403;12;70;88;266;10326;41
269;20230403;13;70;90;260;10318;40
269;20230403;14;70;94;237;10316;42
269;20230403;15;60;90;197;10311;44
269;20230403;16;80;85;145;10311;45
269;20230403;17;60;80;86;10309;45
269;20230403;18;40;58;24;10310;58
269;20230403;19;30;41;1;10310;67
269;20230403;20;30;34;0;10311;74
269;20230403;21;40;16;0;10312;76
269;20230403;22;30;14;0;10310;79
269;20230403;23;30;1;0;10310;83
269;20230403;24;30;0;0;10308;84
269;20230404;1;30;-6;0;10305;86
269;20230404;2;20;-7;0;10305;89
269;20230404;3;20;-4;0;10303;88
269;20230404;4;10;-8;0;10301;89
269;20230404;5;10;-10;0;10302;88
269;20230404;6;20;-10;8;10302;90
269;20230404;7;20;6;44;10304;89
269;20230404;8;10;34;102;10304;78
269;20230404;9;10;69;162;10302;55
269;20230404;10;10;76;220;10301;48
269;20230404;11;30;81;253;10296;49
269;20230404;12;20;88;266;10292;49
269;20230404;13;30;91;241;10285;49
269;20230404;14;30;94;228;10278;47
269;20230404;15;30;95;203;10273;49
269;20230404;16;40;86;136;10270;50
269;20230404;17;40;82;87;10266;55
269;20230404;18;40;71;25;10264;63
269;20230404;19;30;66;1;10264;67
269;20230404;20;40;63;0;10263;64
269;20230404;21;40;43;0;10263;74
269;20230404;22;30;19;0;10260;82
269;20230404;23;30;14;0;10258;85
269;20230404;24;30;5;0;10255;88
269;20230405;1;20;-3;0;10252;89
269;20230405;2;20;-8;0;10248;91
269;20230405;3;20;-11;0;10244;90
269;20230405;4;20;-15;0;10241;90
269;20230405;5;20;-13;0;10240;92
269;20230405;6;20;-7;14;10239;91
269;20230405;7;20;19;61;10240;84
269;20230405;8;20;49;119;10238;77
269;20230405;9;20;75;175;10236;61
269;20230405;10;20;88;220;10234;47
269;20230405;11;20;91;248;10229;45
269;20230405;12;20;98;261;10223;43
269;20230405;13;20;109;254;10218;42
269;20230405;14;20;110;227;10213;41
269;20230405;15;20;112;190;10205;45
269;20230405;16;30;104;141;10202;45
269;20230405;17;30;98;75;10199;50
269;20230405;18;30;72;24;10199;60
269;20230405;19;20;58;1;10199;67
269;20230405;20;20;44;0;10198;74
269;20230405;21;10;45;0;10194;66
269;20230405;22;20;47;0;10191;64
269;20230405;23;10;43;0;10188;63
269;20230405;24;20;37;0;10183;65
269;20230406;1;20;27;0;10177;66
269;20230406;2;20;28;0;10170;66
269;20230406;3;30;34;0;10165;65
269;20230406;4;20;42;0;10161;62
269;20230406;5;20;38;0;10159;64
269;20230406;6;30;45;16;10156;67
269;20230406;7;30;69;49;10155;62
269;20230406;8;40;74;67;10153;58
269;20230406;9;40;82;68;10152;60
269;20230406;10;50;89;100;10151;59
269;20230406;11;50;97;102;10150;64
269;20230406;12;70;85;105;10148;81
269;20230406;13;80;83;85;10144;80
269;20230406;14;70;80;67;10140;88
269;20230406;15;60;75;35;10137;91
269;20230406;16;60;75;26;10132;91
269;20230406;17;60;74;10;10129;94
269;20230406;18;60;75;4;10129;95
269;20230406;19;50;76;0;10131;96
269;20230406;20;50;78;0;10133;96
269;20230406;21;40;78;0;10133;96
269;20230406;22;30;77;0;10134;98
269;20230406;23;20;82;0;10136;98
269;20230406;24;30;82;0;10139;96
269;20230407;1;40;81;0;10141;95
269;20230407;2;40;82;0;10141;93
269;20230407;3;40;82;0;10141;94
269;20230407;4;40;81;0;10142;94
269;20230407;5;30;80;0;10147;94
269;20230407;6;20;80;2;10150;95
269;20230407;7;20;80;9;10155;97
269;20230407;8;30;82;16;10160;96
269;20230407;9;30;86;28;10166;94
269;20230407;10;30;87;38;10169;92
269;20230407;11;30;90;56;10173;90
269;20230407;12;30;93;53;10177;91
269;20230407;13;20;94;46;10182;88
269;20230407;14;20;94;46;10184;89
269;20230407;15;10;94;42;10187;92
269;20230407;16;10;92;26;10191;97
269;20230407;17;10;92;21;10195;92
269;20230407;18;10;93;16;10201;95
269;20230407;19;10;84;2;10208;96
269;20230407;20;0;82;0;10214;97
269;20230407;21;10;68;0;10218;98
269;20230407;22;10;57;0;10219;99
269;20230407;23;0;42;0;10224;98
269;20230407;24;10;35;0;10226;98
269;20230408;1;10;26;0;10228;98
269;20230408;2;20;21;0;10231;96
269;20230408;3;20;15;0;10234;96
269;20230408;4;20;7;0;10237;95
269;20230408;5;30;8;0;10242;93
269;20230408;6;30;16;15;10247;95
269;20230408;7;30;44;57;10252;91
269;20230408;8;40;67;121;10258;86
269;20230408;9;40;81;180;10260;82
269;20230408;10;30;95;221;10264;76
269;20230408;11;30;106;229;10262;72
269;20230408;12;40;112;230;10261;70
269;20230408;13;40;110;139;10261;67
269;20230408;14;30;119;205;10259;69
269;20230408;15;30;123;192;10256;70
269;20230408;16;30;117;116;10256;79
269;20230408;17;30;113;31;10257;79
269;20230408;18;40;98;12;10258;85
269;20230408;19;40;82;1;10261;91
269;20230408;20;30;60;0;10266;95
269;20230408;21;30;69;0;10268;96
269;20230408;22;20;81;0;10268;95
269;20230408;23;20;83;0;10268;94
269;20230408;24;20;85;0;10265;88
269;20230409;1;20;85;0;10262;88
269;20230409;2;30;83;0;10259;88
269;20230409;3;20;84;0;10256;88
269;20230409;4;20;83;0;10254;88
269;20230409;5;20;83;0;10253;87
269;20230409;6;20;82;2;10254;88
269;20230409;7;20;85;9;10256;82
269;20230409;8;20;90;35;10257;80
269;20230409;9;20;101;83;10257;77
269;20230409;10;20;121;194;10251;69
269;20230409;11;20;135;234;10246;64
269;20230409;12;20;145;272;10240;59
269;20230409;13;30;143;258;10239;54
269;20230409;14;30;152;219;10235;51
269;20230409;15;40;152;222;10227;50
269;20230409;16;40;148;155;10223;49
269;20230409;17;40;143;84;10223;52
269;20230409;18;30;129;30;10223;60
269;20230409;19;20;116;1;10223;59
269;20230409;20;20;108;0;10221;61
269;20230409;21;20;97;0;10218;66
269;20230409;22;20;93;0;10218;68
269;20230409;23;20;86;0;10213;72
269;20230409;24;30;81;0;10210;72
269;20230410;1;30;77;0;10201;73
269;20230410;2;20;81;0;10196;73
269;20230410;3;30;83;0;10193;74
269;20230410;4;30;77;0;10189;76
269;20230410;5;40;79;0;10185;75
269;20230410;6;30;85;14;10183;73
269;20230410;7;40;102;48;10175;66
269;20230410;8;50;116;88;10167;61
269;20230410;9;60;120;116;10160;59
269;20230410;10;60;125;86;10150;59
269;20230410;11;60;135;101;10139;57
269;20230410;12;80;146;153;10129;56
269;20230410;13;80;148;102;10115;57
269;20230410;14;70;144;33;10104;62
269;20230410;15;80;129;24;10097;74
269;20230410;16;80;120;17;10089;84
269;20230410;17;70;114;10;10089;93
269;20230410;18;80;110;5;10076;88
269;20230410;19;80;112;1;10076;88
269;20230410;20;80;104;0;10072;88
269;20230410;21;80;102;0;10069;88
269;20230410;22;70;106;0;10064;86
269;20230410;23;70;81;0;10066;85
269;20230410;24;50;74;0;10068;83
269;20230411;1;60;80;0;10067;85
269;20230411;2;70;85;0;10070;81
269;20230411;3;70;84;0;10075;79
269;20230411;4;80;84;0;10078;78
269;20230411;5;80;78;0;10085;79
269;20230411;6;70;79;14;10093;77
269;20230411;7;80;88;49;10098;73
269;20230411;8;100;92;87;10103;69
269;20230411;9;110;98;168;10110;66
269;20230411;10;100;99;159;10115;65
269;20230411;11;90;101;142;10118;59
269;20230411;12;90;98;191;10122;57
269;20230411;13;90;113;275;10126;52
269;20230411;14;90;119;250;10126;50
269;20230411;15;70;120;211;10123;46
269;20230411;16;70;119;156;10117;46
269;20230411;17;60;116;93;10111;51
269;20230411;18;50;88;26;10105;64
269;20230411;19;20;90;1;10099;66
269;20230411;20;20;88;0;10092;72
269;20230411;21;30;92;0;10079;70
269;20230411;22;40;97;0;10069;72
269;20230411;23;50;100;0;10057;72
269;20230411;24;70;90;0;10045;81
269;20230412;1;70;83;0;10029;87
269;20230412;2;70;82;0;10012;90
269;20230412;3;70;82;0;9996;90
269;20230412;4;70;79;0;9985;92
269;20230412;5;70;79;0;9975;93
269;20230412;6;60;81;2;9973;93
269;20230412;7;50;83;9;9970;95
269;20230412;8;40;91;23;9970;94
269;20230412;9;40;103;85;9969;85
269;20230412;10;50;110;156;9966;74
269;20230412;11;60;116;194;9966;64
269;20230412;12;50;123;202;9966;60
269;20230412;13;60;110;188;9967;58
269;20230412;14;70;115;107;9966;51
269;20230412;15;70;112;150;9964;56
269;20230412;16;70;112;125;9970;60
269;20230412;17;80;104;103;9969;58
269;20230412;18;60;93;26;9966;62
269;20230412;19;40;76;2;9967;74
269;20230412;20;40;70;0;9962;82
269;20230412;21;50;70;0;9954;82
269;20230412;22;60;75;0;9942;74
269;20230412;23;70;70;0;9937;77
269;20230412;24;80;61;0;9928;87
269;20230413;1;70;64;0;9924;87
269;20230413;2;70;63;0;9926;90
269;20230413;3;50;62;0;9933;92
269;20230413;4;50;53;0;9939;91
269;20230413;5;60;62;0;9947;89
269;20230413;6;60;67;16;9954;89
269;20230413;7;60;68;26;9962;91
269;20230413;8;60;84;52;9970;84
269;20230413;9;80;96;91;9982;80
269;20230413;10;90;100;79;9994;75
269;20230413;11;90;101;105;10006;70
269;20230413;12;90;99;98;10015;69
269;20230413;13;90;102;157;10024;66
269;20230413;14;80;116;168;10031;62
269;20230413;15;80;113;150;10038;61
269;20230413;16;80;109;142;10044;58
269;20230413;17;70;106;93;10049;61
269;20230413;18;60;90;39;10056;64
269;20230413;19;40;66;3;10064;72
269;20230413;20;20;49;0;10071;82
269;20230413;21;20;50;0;10076;82
269;20230413;22;30;51;0;10079;79
269;20230413;23;30;44;0;10080;82
269;20230413;24;30;42;0;10080;83
269;20230414;1;30;38;0;10082;84
269;20230414;2;20;27;0;10084;87
269;20230414;3;30;37;0;10088;84
269;20230414;4;30;31;0;10091;88
269;20230414;5;30;31;1;10093;90
269;20230414;6;30;48;26;10094;87
269;20230414;7;20;72;83;10092;83
269;20230414;8;30;93;140;10092;73
269;20230414;9;40;108;195;10092;60
269;20230414;10;50;122;241;10089;57
269;20230414;11;40;133;272;10085;47
269;20230414;12;40;143;285;10084;48
269;20230414;13;30;132;226;10081;47
269;20230414;14;30;144;236;10078;46
269;20230414;15;40;139;189;10075;47
269;20230414;16;30;142;133;10073;50
269;20230414;17;40;132;100;10073;53
269;20230414;18;30;108;14;10076;65
269;20230414;19;30;89;2;10080;70
269;20230414;20;30;81;0;10085;77
269;20230414;21;20;77;0;10084;78
269;20230414;22;30;67;0;10086;77
269;20230414;23;30;54;0;10090;83
269;20230414;24;40;48;0;10092;86
269;20230415;1;30;36;0;10094;88
269;20230415;2;40;37;0;10095;90
269;20230415;3;30;33;0;10099;91
269;20230415;4;40;32;0;10103;93
269;20230415;5;40;31;1;10111;95
269;20230415;6;30;48;16;10120;94
269;20230415;7;30;74;55;10128;89
269;20230415;8;50;81;89;10136;84
269;20230415;9;50;97;106;10142;78
269;20230415;10;60;109;168;10148;69
269;20230415;11;70;117;197;10154;68
269;20230415;12;70;115;216;10159;66
269;20230415;13;70;107;157;10166;70
269;20230415;14;70;98;88;10172;75
269;20230415;15;70;91;77;10180;76
269;20230415;16;70;87;38;10186;79
269;20230415;17;60;84;25;10192;81
269;20230415;18;60;84;4;10198;80
269;20230415;19;60;82;1;10203;84
269;20230415;20;60;79;0;10208;88
269;20230415;21;50;79;0;10208;92
269;20230415;22;50;82;0;10211;94
269;20230415;23;50;81;0;10214;96
269;20230415;24;40;83;0;10218;94
269;20230416;1;50;84;0;10218;95
269;20230416;2;50;83;0;10219;96
269;20230416;3;40;83;0;10220;97
269;20230416;4;40;83;0;10224;95
269;20230416;5;40;85;0;10226;95
269;20230416;6;40;86;3;10228;96
269;20230416;7;50;87;12;10233;94
269;20230416;8;40;90;20;10239;92
269;20230416;9;40;91;27;10244;92
269;20230416;10;30;94;45;10247;91
269;20230416;11;30;95;48;10250;90
269;20230416;12;30;97;64;10251;90
269;20230416;13;40;102;70;10253;87
269;20230416;14;40;102;84;10252;88
269;20230416;15;40;101;72;10252;89
269;20230416;16;40;95;46;10252;91
269;20230416;17;30;91;24;10253;92
269;20230416;18;30;88;8;10257;94
269;20230416;19;30;85;2;10261;95
269;20230416;20;30;82;0;10264;94
269;20230416;21;40;81;0;10264;96
269;20230416;22;40;77;0;10264;97
269;20230416;23;40;73;0;10263;98
269;20230416;24;30;72;0;10264;98
269;20230417;1;30;71;0;10264;97
269;20230417;2;30;72;0;10265;95
269;20230417;3;30;70;0;10265;95
269;20230417;4;30;70;0;10266;97
269;20230417;5;30;69;0;10268;98
269;20230417;6;30;68;5;10273;99
269;20230417;7;40;70;19;10279;98
269;20230417;8;30;74;34;10282;95
269;20230417;9;40;83;76;10283;91
269;20230417;10;40;95;139;10285;86
269;20230417;11;40;115;237;10282;80
269;20230417;12;40;132;221;10281;74
269;20230417;13;40;136;187;10281;74
269;20230417;14;40;126;140;10278;76
269;20230417;15;50;137;123;10272;75
269;20230417;16;40;144;153;10269;70
269;20230417;17;40;145;86;10268;62
269;20230417;18;50;133;41;10270;64
269;20230417;19;50;115;5;10275;75
269;20230417;20;40;97;0;10276;76
269;20230417;21;40;90;0;10277;82
269;20230417;22;40;76;0;10277;88
269;20230417;23;50;71;0;10279;87
269;20230417;24;50;66;0;10281;70
269;20230418;1;50;51;0;10279;75
269;20230418;2;40;45;0;10277;78
269;20230418;3;40;48;0;10278;81
269;20230418;4;40;51;0;10279;83
269;20230418;5;50;57;1;10280;84
269;20230418;6;60;64;9;10283;81
269;20230418;7;80;72;51;10286;79
269;20230418;8;80;87;113;10286;77
269;20230418;9;80;93;120;10287;74
269;20230418;10;80;102;133;10286;72
269;20230418;11;80;122;242;10283;66
269;20230418;12;80;116;150;10280;66
269;20230418;13;90;131;192;10279;64
269;20230418;14;80;137;183;10276;60
269;20230418;15;70;136;198;10273;58
269;20230418;16;70;139;135;10269;58
269;20230418;17;70;133;84;10270;59
269;20230418;18;70;124;35;10271;63
269;20230418;19;70;103;5;10277;71
269;20230418;20;60;89;0;10282;75
269;20230418;21;50;78;0;10285;80
269;20230418;22;50;71;0;10286;83
269;20230418;23;50;76;0;10287;82
269;20230418;24;50;68;0;10287;88
269;20230419;1;40;70;0;10285;89
269;20230419;2;40;70;0;10283;89
269;20230419;3;50;77;0;10285;87
269;20230419;4;50;67;0;10283;86
269;20230419;5;40;69;2;10285;79
269;20230419;6;70;71;35;10288;71
269;20230419;7;80;80;86;10289;65
269;20230419;8;90;94;153;10289;54
269;20230419;9;90;106;209;10286;51
269;20230419;10;100;121;252;10283;46
269;20230419;11;110;129;281;10278;37
269;20230419;12;90;134;292;10272;37
269;20230419;13;90;139;284;10266;38
269;20230419;14;90;144;260;10258;39
269;20230419;15;90;141;220;10251;45
269;20230419;16;100;135;168;10247;46
269;20230419;17;90;125;108;10245;56
269;20230419;18;90;111;49;10244;56
269;20230419;19;80;98;7;10248;60
269;20230419;20;70;81;0;10253;65
269;20230419;21;60;74;0;10256;51
269;20230419;22;50;58;0;10256;56
269;20230419;23;50;50;0;10254;63
269;20230419;24;40;56;0;10246;61
269;20230420;1;30;70;0;10238;62
269;20230420;2;50;78;0;10228;65
269;20230420;3;50;83;0;10218;64
269;20230420;4;50;81;0;10213;70
269;20230420;5;70;77;0;10209;71
269;20230420;6;80;70;9;10210;75
269;20230420;7;80;63;11;10207;75
269;20230420;8;60;58;19;10209;89
269;20230420;9;70;65;59;10205;85
269;20230420;10;80;81;116;10201;81
269;20230420;11;80;94;175;10197;76
269;20230420;12;80;96;125;10192;70
269;20230420;13;80;99;117;10190;64
269;20230420;14;90;114;126;10185;63
269;20230420;15;90;122;127;10182;59
269;20230420;16;80;125;130;10178;57
269;20230420;17;80;109;81;10178;55
269;20230420;18;60;111;55;10180;61
269;20230420;19;60;91;5;10185;80
269;20230420;20;50;84;0;10183;89
269;20230420;21;40;82;0;10180;90
269;20230420;22;50;83;0;10178;89
269;20230420;23;50;82;0;10175;89
269;20230420;24;50;80;0;10166;91
269;20230421;1;30;80;0;10153;97
269;20230421;2;20;80;0;10152;97
269;20230421;3;10;82;0;10148;98
269;20230421;4;20;81;0;10149;98
269;20230421;5;20;86;1;10149;96
269;20230421;6;40;93;5;10151;92
269;20230421;7;50;94;14;10150;93
269;20230421;8;40;97;21;10149;92
269;20230421;9;40;102;24;10149;91
269;20230421;10;40;118;85;10147;85
269;20230421;11;40;123;71;10144;81
269;20230421;12;40;126;62;10137;78
269;20230421;13;40;142;120;10130;78
269;20230421;14;50;152;159;10118;75
269;20230421;15;40;155;164;10110;74
269;20230421;16;30;152;64;10101;74
269;20230421;17;20;151;61;10095;76
269;20230421;18;20;144;31;10087;83
269;20230421;19;30;113;6;10091;79
269;20230421;20;30;113;0;10091;75
269;20230421;21;30;86;0;10083;89
269;20230421;22;40;97;0;10095;90
269;20230421;23;20;91;0;10090;94
269;20230421;24;30;66;0;10086;97
269;20230422;1;30;74;0;10084;97
269;20230422;2;20;76;0;10083;95
269;20230422;3;20;69;0;10079;98
269;20230422;4;10;56;0;10075;98
269;20230422;5;10;55;2;10073;98
269;20230422;6;10;72;18;10074;98
269;20230422;7;10;86;39;10069;98
269;20230422;8;10;112;93;10067;90
269;20230422;9;30;135;188;10061;80
269;20230422;10;20;154;235;10059;75
269;20230422;11;20;166;247;10057;73
269;20230422;12;10;150;106;10055;79
269;20230422;13;30;116;24;10060;89
269;20230422;14;30;112;29;10058;94
269;20230422;15;20;113;47;10061;93
269;20230422;16;30;103;21;10063;96
269;20230422;17;50;92;8;10065;98
269;20230422;18;30;90;18;10065;94
269;20230422;19;20;78;9;10071;94
269;20230422;20;20;64;0;10076;96
269;20230422;21;20;66;0;10075;98
269;20230422;22;20;65;0;10074;98
269;20230422;23;30;68;0;10073;98
269;20230422;24;20;68;0;10074;98
269;20230423;1;20;70;0;10068;97
269;20230423;2;30;74;0;10064;98
269;20230423;3;30;79;0;10060;97
269;20230423;4;20;85;0;10057;93
269;20230423;5;30;80;3;10057;93
269;20230423;6;30;94;41;10056;93
269;20230423;7;40;108;88;10055;89
269;20230423;8;40;131;152;10051;82
269;20230423;9;50;145;210;10049;76
269;20230423;10;50;150;227;10046;70
269;20230423;11;60;161;209;10041;63
269;20230423;12;70;166;189;10036;59
269;20230423;13;60;168;181;10028;60
269;20230423;14;50;163;119;10020;60
269;20230423;15;50;161;73;10013;58
269;20230423;16;40;122;27;10019;87
269;20230423;17;50;116;15;10015;90
269;20230423;18;20;110;9;10000;94
269;20230423;19;30;108;1;9993;96
269;20230423;20;40;108;0;9987;96
269;20230423;21;40;108;0;9978;97
269;20230423;22;30;107;0;9971;97
269;20230423;23;20;106;0;9968;95
269;20230423;24;20;101;0;9968;95
269;20230424;1;30;99;0;9966;96
269;20230424;2;60;95;0;9971;96
269;20230424;3;80;88;0;9977;95
269;20230424;4;60;87;0;9980;95
269;20230424;5;50;85;0;9986;97
269;20230424;6;30;85;2;9998;97
269;20230424;7;50;87;5;10009;94
269;20230424;8;60;87;14;10021;91
269;20230424;9;60;84;25;10033;91
269;20230424;10;70;89;52;10043;81
269;20230424;11;70;91;62;10050;76
269;20230424;12;70;82;109;10058;84
269;20230424;13;80;90;138;10064;76
269;20230424;14;80;93;81;10068;74
269;20230424;15;90;94;122;10071;70
269;20230424;16;90;92;177;10075;70
269;20230424;17;90;91;77;10078;74
269;20230424;18;80;83;24;10080;79
269;20230424;19;70;80;3;10084;87
269;20230424;20;60;74;0;10090;91
269;20230424;21;50;77;0;10092;90
269;20230424;22;60;73;0;10096;85
269;20230424;23;50;67;0;10100;80
269;20230424;24;40;65;0;10100;78
269;20230425;1;40;69;0;10103;72
269;20230425;2;40;58;0;10106;77
269;20230425;3;30;61;0;10107;78
269;20230425;4;40;63;0;10111;72
269;20230425;5;40;62;2;10116;74
269;20230425;6;40;64;18;10124;74
269;20230425;7;40;70;54;10130;70
269;20230425;8;50;71;116;10135;66
269;20230425;9;50;93;194;10142;61
269;20230425;10;50;77;150;10151;69
269;20230425;11;60;84;274;10155;60
269;20230425;12;70;84;261;10159;61
269;20230425;13;50;87;217;10162;61
269;20230425;14;50;86;225;10166;61
269;20230425;15;60;85;226;10170;63
269;20230425;16;50;87;141;10172;61
269;20230425;17;50;79;86;10173;57
269;20230425;18;50;72;34;10177;64
269;20230425;19;40;62;8;10181;74
269;20230425;20;30;49;0;10184;77
269;20230425;21;30;54;0;10185;74
269;20230425;22;20;49;0;10185;75
269;20230425;23;20;45;0;10188;79
269;20230425;24;20;42;0;10189;79
269;20230426;1;20;42;0;10187;78
269;20230426;2;10;20;0;10187;87
269;20230426;3;20;6;0;10187;90
269;20230426;4;20;8;0;10185;93
269;20230426;5;20;28;6;10186;90
269;20230426;6;20;59;32;10189;76
269;20230426;7;20;69;61;10192;71
269;20230426;8;30;69;62;10194;65
269;20230426;9;30;82;142;10194;60
269;20230426;10;30;82;150;10195;60
269;20230426;11;30;83;163;10194;55
269;20230426;12;30;85;213;10192;57
269;20230426;13;40;84;139;10195;61
269;20230426;14;30;82;104;10197;62
269;20230426;15;30;88;201;10195;61
269;20230426;16;30;92;115;10196;62
269;20230426;17;30;82;62;10196;63
269;20230426;18;30;76;59;10198;58
269;20230426;19;30;64;11;10201;70
269;20230426;20;10;59;0;10204;71
269;20230426;21;10;36;0;10206;86
269;20230426;22;0;31;0;10206;88
269;20230426;23;10;24;0;10207;92
269;20230426;24;0;16;0;10210;94
269;20230427;1;0;13;0;10211;95
269;20230427;2;0;11;0;10209;92
269;20230427;3;10;7;0;10206;97
269;20230427;4;0;3;0;10209;97
269;20230427;5;0;7;8;10211;95
269;20230427;6;10;45;53;10213;84
269;20230427;7;20;71;105;10213;71
269;20230427;8;30;83;154;10215;57
269;20230427;9;30;100;207;10214;54
269;20230427;10;30;106;242;10211;45
269;20230427;11;20;116;263;10210;44
269;20230427;12;10;120;306;10206;44
269;20230427;13;20;122;233;10202;45
269;20230427;14;20;126;219;10197;42
269;20230427;15;20;126;170;10192;45
269;20230427;16;40;125;157;10185;44
269;20230427;17;40;119;74;10179;45
269;20230427;18;40;113;33;10178;48
269;20230427;19;30;98;6;10176;59
269;20230427;20;30;90;0;10175;68
269;20230427;21;30;92;0;10167;64
269;20230427;22;40;81;0;10161;75
269;20230427;23;40;79;0;10155;77
269;20230427;24;40;79;0;10146;73
269;20230428;1;40;64;0;10138;78
269;20230428;2;40;68;0;10133;78
269;20230428;3;40;68;0;10126;80
269;20230428;4;40;68;0;10115;80
269;20230428;5;30;73;3;10111;73
269;20230428;6;30;77;15;10110;73
269;20230428;7;30;82;27;10108;80
269;20230428;8;20;85;30;10105;82
269;20230428;9;30;106;76;10101;84
269;20230428;10;30;113;74;10097;90
269;20230428;11;30;121;65;10095;93
269;20230428;12;40;129;75;10093;96
269;20230428;13;40;134;56;10092;96
269;20230428;14;60;131;55;10093;95
269;20230428;15;60;125;34;10096;95
269;20230428;16;60;125;42;10098;92
269;20230428;17;70;125;33;10102;89
269;20230428;18;60;119;33;10106;88
269;20230428;19;50;108;3;10112;92
269;20230428;20;50;102;0;10121;91
269;20230428;21;50;98;0;10128;91
269;20230428;22;40;97;0;10133;90
269;20230428;23;40;95;0;10138;90
269;20230428;24;30;95;0;10143;89
269;20230429;1;30;94;0;10148;86
269;20230429;2;30;93;0;10154;90
269;20230429;3;30;95;0;10161;85
269;20230429;4;30;92;0;10164;88
269;20230429;5;30;93;4;10173;86
269;20230429;6;40;97;24;10177;82
269;20230429;7;40;105;65;10186;78
269;20230429;8;40;116;157;10192;72
269;20230429;9;50;126;217;10199;70
269;20230429;10;40;126;259;10203;68
269;20230429;11;40;134;288;10205;66
269;20230429;12;40;138;298;10206;62
269;20230429;13;40;138;291;10209;60
269;20230429;14;40;139;268;10212;57
269;20230429;15;40;142;230;10215;53
269;20230429;16;50;132;181;10219;45
269;20230429;17;50;123;124;10222;45
269;20230429;18;40;115;64;10222;70
269;20230429;19;30;102;15;10225;78
269;20230429;20;30;93;0;10230;85
269;20230429;21;20;76;0;10233;87
269;20230429;22;20;69;0;10234;88
269;20230429;23;10;63;0;10237;91
269;20230429;24;20;53;0;10238;95
269;20230430;1;20;56;0;10240;96
269;20230430;2;10;55;0;10239;96
269;20230430;3;10;49;0;10240;97
269;20230430;4;10;47;0;10237;95
269;20230430;5;10;43;11;10240;96
269;20230430;6;20;75;49;10244;93
269;20230430;7;30;95;106;10245;83
269;20230430;8;30;109;165;10247;78
269;20230430;9;40;119;216;10246;67
269;20230430;10;30;132;253;10242;64
269;20230430;11;30;142;283;10237;61
269;20230430;12;30;154;290;10231;62
269;20230430;13;30;161;286;10226;60
269;20230430;14;30;167;257;10220;57
269;20230430;15;30;167;195;10216;54
269;20230430;16;30;169;162;10210;55
269;20230430;17;40;159;84;10205;58
269;20230430;18;40;151;56;10202;59
269;20230430;19;30;125;10;10200;71
269;20230430;20;30;113;0;10200;77
269;20230430;21;20;95;0;10197;83
269;20230430;22;30;114;0;10193;72
269;20230430;23;20;110;0;10189;70
269;20230430;24;10;100;0;10186;75
269;20230501;1;10;84;0;10179;79
269;20230501;2;10;69;0;10172;87
269;20230501;3;20;55;0;10163;89
269;20230501;4;20;54;0;10157;90
269;20230501;5;20;62;5;10156;88
269;20230501;6;20;82;37;10154;88
269;20230501;7;10;110;83;10153;72
269;20230501;8;0;126;85;10152;67
269;20230501;9;10;139;105;10151;67
269;20230501;10;20;150;145;10152;62
269;20230501;11;30;163;174;10152;53
269;20230501;12;40;156;225;10155;58
269;20230501;13;40;148;159;10156;60
269;20230501;14;40;143;73;10155;70
269;20230501;15;30;151;89;10156;68
269;20230501;16;40;146;125;10160;71
269;20230501;17;40;142;71;10163;73
269;20230501;18;40;132;45;10168;74
269;20230501;19;30;116;15;10172;83
269;20230501;20;30;109;0;10180;90
269;20230501;21;40;111;0;10184;86
269;20230501;22;30;98;0;10186;92
269;20230501;23;40;103;0;10193;91
269;20230501;24;50;106;0;10197;91
269;20230502;1;50;99;0;10202;84
269;20230502;2;40;99;0;10205;79
269;20230502;3;40;95;0;10214;78
269;20230502;4;50;87;0;10223;77
269;20230502;5;50;81;2;10232;78
269;20230502;6;40;80;13;10241;77
269;20230502;7;50;84;44;10251;70
269;20230502;8;50;90;85;10255;60
269;20230502;9;50;89;113;10263;57
269;20230502;10;50;88;135;10269;56
269;20230502;11;50;98;199;10273;55
269;20230502;12;40;101;237;10275;57
269;20230502;13;40;99;144;10282;59
269;20230502;14;40;111;231;10282;55
269;20230502;15;40;100;198;10284;55
269;20230502;16;40;102;157;10285;56
269;20230502;17;40;98;87;10286;61
269;20230502;18;40;97;84;10288;61
269;20230502;19;40;89;14;10289;62
269;20230502;20;30;86;0;10293;63
269;20230502;21;30;57;0;10298;79
269;20230502;22;20;51;0;10297;83
269;20230502;23;20;41;0;10295;88
269;20230502;24;10;38;0;10300;90
269;20230503;1;10;29;0;10298;90
269;20230503;2;20;29;0;10298;90
269;20230503;3;20;21;0;10292;91
269;20230503;4;10;20;0;10297;97
269;20230503;5;10;37;12;10301;88
269;20230503;6;10;62;64;10303;83
269;20230503;7;20;84;122;10304;67
269;20230503;8;40;94;165;10299;61
269;20230503;9;50;104;216;10299;62
269;20230503;10;40;112;266;10297;59
269;20230503;11;40;117;291;10297;56
269;20230503;12;40;126;294;10291;55
269;20230503;13;40;132;291;10284;53
269;20230503;14;40;137;274;10276;52
269;20230503;15;40;140;238;10269;49
269;20230503;16;50;139;184;10265;51
269;20230503;17;50;134;122;10261;53
269;20230503;18;50;122;54;10260;56
269;20230503;19;40;97;10;10260;65
269;20230503;20;50;88;0;10263;72
269;20230503;21;50;79;0;10260;77
269;20230503;22;50;70;0;10256;81
269;20230503;23;50;72;0;10253;78
269;20230503;24;60;65;0;10248;80
269;20230504;1;60;61;0;10242;81
269;20230504;2;60;58;0;10240;82
269;20230504;3;60;53;0;10234;84
269;20230504;4;50;51;0;10230;85
269;20230504;5;50;57;10;10227;84
269;20230504;6;60;70;42;10225;81
269;20230504;7;50;82;80;10222;77
269;20230504;8;50;107;155;10217;70
269;20230504;9;50;128;199;10211;67
269;20230504;10;50;150;245;10206;62
269;20230504;11;60;168;273;10196;56
269;20230504;12;60;188;287;10187;47
269;20230504;13;50;193;248;10181;48
269;20230504;14;50;203;218;10171;43
269;20230504;15;60;208;216;10161;45
269;20230504;16;50;205;151;10158;44
269;20230504;17;50;194;102;10151;48
269;20230504;18;50;185;39;10152;48
269;20230504;19;40;168;19;10155;53
269;20230504;20;30;150;0;10153;60
269;20230504;21;40;121;0;10149;76
269;20230504;22;40;125;0;10143;77
269;20230504;23;30;116;0;10141;80
269;20230504;24;30;111;0;10141;83
269;20230505;1;20;117;0;10138;81
269;20230505;2;10;118;0;10140;84
269;20230505;3;10;112;0;10138;91
269;20230505;4;10;99;0;10147;97
269;20230505;5;10;99;10;10152;96
269;20230505;6;20;141;55;10155;87
269;20230505;7;30;161;112;10157;78
269;20230505;8;40;172;168;10161;71
269;20230505;9;40;175;190;10165;70
269;20230505;10;30;181;130;10164;67
269;20230505;11;40;141;36;10167;88
269;20230505;12;10;140;16;10168;94
269;20230505;13;20;137;25;10168;95
269;20230505;14;20;139;35;10168;95
269;20230505;15;30;134;23;10162;94
269;20230505;16;30;154;121;10163;78
269;20230505;17;20;155;125;10159;79
269;20230505;18;30;149;68;10161;81
269;20230505;19;20;132;18;10164;90
269;20230505;20;20;115;0;10165;95
269;20230505;21;20;112;0;10166;95
269;20230505;22;20;113;0;10167;95
269;20230505;23;20;105;0;10165;96
269;20230505;24;20;102;0;10163;97
269;20230506;1;20;101;0;10160;96
269;20230506;2;20;93;0;10160;98
269;20230506;3;10;93;0;10160;97
269;20230506;4;20;95;0;10159;97
269;20230506;5;10;95;8;10162;98
269;20230506;6;10;119;54;10166;95
269;20230506;7;10;133;94;10167;90
269;20230506;8;10;153;131;10169;87
269;20230506;9;10;167;217;10170;80
269;20230506;10;20;179;254;10167;75
269;20230506;11;20;177;169;10165;74
269;20230506;12;20;191;221;10163;67
269;20230506;13;20;189;155;10163;65
269;20230506;14;20;191;95;10161;62
269;20230506;15;30;192;146;10159;69
269;20230506;16;30;183;73;10157;70
269;20230506;17;40;177;45;10156;73
269;20230506;18;40;170;20;10156;75
269;20230506;19;40;152;5;10157;86
269;20230506;20;20;147;0;10163;95
269;20230506;21;20;143;0;10164;98
269;20230506;22;10;139;0;10161;98
269;20230506;23;20;140;0;10162;98
269;20230506;24;20;138;0;10163;96
269;20230507;1;20;136;0;10162;96
269;20230507;2;20;138;0;10162;96
269;20230507;3;10;135;0;10161;97
269;20230507;4;20;130;0;10163;98
269;20230507;5;20;134;9;10165;98
269;20230507;6;30;135;21;10170;96
269;20230507;7;30;137;52;10172;94
269;20230507;8;40;143;83;10173;92
269;20230507;9;30;165;167;10175;85
269;20230507;10;30;165;137;10175;84
269;20230507;11;30;183;208;10176;80
269;20230507;12;30;190;267;10177;72
269;20230507;13;30;198;262;10178;68
269;20230507;14;30;196;177;10179;71
269;20230507;15;40;186;82;10182;66
269;20230507;16;30;177;23;10185;81
269;20230507;17;20;169;11;10188;88
269;20230507;18;10;157;20;10192;93
269;20230507;19;20;158;19;10194;92
269;20230507;20;10;150;1;10198;95
269;20230507;21;10;146;0;10203;98
269;20230507;22;20;137;0;10205;98
269;20230507;23;20;135;0;10206;96
269;20230507;24;20;130;0;10206;95
269;20230508;1;20;122;0;10205;95
269;20230508;2;10;117;0;10208;98
269;20230508;3;20;102;0;10207;98
269;20230508;4;20;96;0;10205;98
269;20230508;5;20;104;11;10207;98
269;20230508;6;20;125;54;10212;92
269;20230508;7;20;146;100;10212;90
269;20230508;8;10;149;108;10212;88
269;20230508;9;10;167;155;10210;86
269;20230508;10;20;173;174;10211;84
269;20230508;11;30;180;194;10210;82
269;20230508;12;30;188;166;10206;81
269;20230508;13;40;181;189;10206;81
269;20230508;14;30;200;213;10200;73
269;20230508;15;30;197;173;10197;74
269;20230508;16;30;192;95;10195;74
269;20230508;17;40;150;42;10198;90
269;20230508;18;30;154;34;10195;88
269;20230508;19;20;150;9;10194;89
269;20230508;20;10;145;0;10194;90
269;20230508;21;10;139;0;10195;94
269;20230508;22;10;140;0;10189;94
269;20230508;23;10;139;0;10181;93
269;20230508;24;10;139;0;10174;94
269;20230509;1;20;142;0;10169;96
269;20230509;2;20;138;0;10163;97
269;20230509;3;20;136;0;10159;94
269;20230509;4;20;134;0;10150;94
269;20230509;5;20;137;4;10148;94
269;20230509;6;30;144;27;10141;91
269;20230509;7;30;148;39;10134;88
269;20230509;8;30;149;36;10129;89
269;20230509;9;40;148;58;10122;92
269;20230509;10;50;151;75;10119;92
269;20230509;11;50;145;50;10114;93
269;20230509;12;50;146;56;10107;94
269;20230509;13;40;144;46;10103;95
269;20230509;14;40;148;56;10096;95
269;20230509;15;40;151;56;10089;94
269;20230509;16;40;149;42;10084;94
269;20230509;17;40;146;29;10080;95
269;20230509;18;30;145;18;10077;96
269;20230509;19;30;141;4;10077;96
269;20230509;20;20;135;0;10079;98
269;20230509;21;40;131;0;10082;95
269;20230509;22;40;127;0;10080;96
269;20230509;23;20;124;0;10079;98
269;20230509;24;20;123;0;10078;98
269;20230510;1;10;123;0;10075;98
269;20230510;2;20;126;0;10077;97
269;20230510;3;20;125;0;10078;97
269;20230510;4;30;125;0;10082;97
269;20230510;5;30;121;2;10085;95
269;20230510;6;30;122;12;10089;95
269;20230510;7;30;122;27;10095;93
269;20230510;8;30;128;51;10097;92
269;20230510;9;30;135;77;10103;88
269;20230510;10;30;143;110;10109;84
269;20230510;11;40;149;136;10111;82
269;20230510;12;30;146;107;10115;81
269;20230510;13;30;155;99;10117;78
269;20230510;14;30;161;200;10118;76
269;20230510;15;30;155;149;10120;69
269;20230510;16;30;150;79;10124;78
269;20230510;17;30;150;80;10126;82
269;20230510;18;20;147;80;10131;81
269;20230510;19;20;140;15;10133;86
269;20230510;20;10;130;1;10138;93
269;20230510;21;10;131;0;10140;92
269;20230510;22;20;129;0;10139;93
269;20230510;23;20;123;0;10141;96
269;20230510;24;20;119;0;10142;98
269;20230511;1;20;116;0;10142;98
269;20230511;2;20;117;0;10142;98
269;20230511;3;10;117;0;10144;98
269;20230511;4;10;114;0;10141;98
269;20230511;5;20;117;4;10145;98
269;20230511;6;20;123;19;10150;98
269;20230511;7;30;127;33;10152;97
269;20230511;8;20;134;54;10154;94
269;20230511;9;30;140;116;10155;89
269;20230511;10;30;155;148;10156;84
269;20230511;11;40;155;276;10155;79
269;20230511;12;40;167;263;10155;76
269;20230511;13;40;166;211;10154;75
269;20230511;14;30;169;114;10153;69
269;20230511;15;40;161;84;10153;75
269;20230511;16;30;154;26;10156;83
269;20230511;17;20;146;8;10157;88
269;20230511;18;20;134;3;10160;96
269;20230511;19;10;136;3;10164;96
269;20230511;20;30;133;1;10170;93
269;20230511;21;40;122;0;10172;92
269;20230511;22;40;116;0;10173;92
269;20230511;23;30;113;0;10173;95
269;20230511;24;40;113;0;10172;96
269;20230512;1;40;112;0;10168;96
269;20230512;2;40;114;0;10167;96
269;20230512;3;50;114;0;10166;96
269;20230512;4;60;115;0;10164;98
269;20230512;5;50;119;5;10168;98
269;20230512;6;50;124;21;10174;97
269;20230512;7;60;134;50;10179;94
269;20230512;8;50;144;95;10182;91
269;20230512;9;50;155;120;10186;87
269;20230512;10;50;170;148;10188;84
269;20230512;11;50;183;203;10190;77
269;20230512;12;40;190;244;10191;73
269;20230512;13;50;198;215;10192;64
269;20230512;14;50;212;263;10190;62
269;20230512;15;50;219;246;10189;51
269;20230512;16;50;193;69;10192;66
269;20230512;17;50;204;114;10192;49
269;20230512;18;40;188;23;10197;64
269;20230512;19;40;179;12;10202;68
269;20230512;20;40;171;1;10208;72
269;20230512;21;40;160;0;10213;76
269;20230512;22;40;155;0;10216;70
269;20230512;23;40;134;0;10219;73
269;20230512;24;30;125;0;10217;71
269;20230513;1;20;110;0;10216;79
269;20230513;2;20;110;0;10216;80
269;20230513;3;30;111;0;10215;81
269;20230513;4;20;96;0;10217;88
269;20230513;5;20;118;17;10220;81
269;20230513;6;30;130;61;10221;80
269;20230513;7;40;144;117;10222;77
269;20230513;8;40;160;168;10224;74
269;20230513;9;40;175;225;10224;69
269;20230513;10;50;189;266;10223;65
269;20230513;11;50;203;292;10219;59
269;20230513;12;40;210;304;10215;55
269;20230513;13;40;215;223;10213;57
269;20230513;14;50;218;214;10211;43
269;20230513;15;50;204;181;10209;49
269;20230513;16;50;211;184;10206;53
269;20230513;17;60;203;137;10204;53
269;20230513;18;50;191;74;10205;54
269;20230513;19;40;173;24;10209;62
269;20230513;20;50;150;1;10211;70
269;20230513;21;40;135;0;10213;75
269;20230513;22;30;126;0;10212;80
269;20230513;23;30;120;0;10210;82
269;20230513;24;20;114;0;10207;85
269;20230514;1;20;108;0;10202;88
269;20230514;2;20;99;0;10199;90
269;20230514;3;20;100;0;10196;91
269;20230514;4;20;93;0;10193;94
269;20230514;5;20;107;16;10193;94
269;20230514;6;20;116;38;10194;92
269;20230514;7;30;136;110;10194;85
269;20230514;8;20;144;128;10193;84
269;20230514;9;30;150;201;10191;80
269;20230514;10;30;163;251;10187;76
269;20230514;11;30;175;270;10183;76
269;20230514;12;20;181;245;10178;71
269;20230514;13;20;186;266;10174;71
269;20230514;14;30;185;195;10170;74
269;20230514;15;30;183;199;10167;74
269;20230514;16;40;165;133;10165;79
269;20230514;17;50;151;98;10167;81
269;20230514;18;50;138;50;10168;84
269;20230514;19;40;131;16;10170;86
269;20230514;20;30;126;1;10169;86
269;20230514;21;20;115;0;10166;87
269;20230514;22;10;116;0;10164;89
269;20230514;23;10;111;0;10160;90
269;20230514;24;10;114;0;10154;88
269;20230515;1;20;112;0;10149;88
269;20230515;2;10;102;0;10147;90
269;20230515;3;20;114;0;10146;94
269;20230515;4;20;110;0;10146;96
269;20230515;5;30;109;17;10147;92
269;20230515;6;30;111;58;10148;88
269;20230515;7;30;120;96;10149;83
269;20230515;8;20;130;153;10147;81
269;20230515;9;30;137;200;10148;79
269;20230515;10;50;129;225;10150;83
269;20230515;11;40;133;168;10150;84
269;20230515;12;40;131;61;10148;85
269;20230515;13;40;136;74;10148;83
269;20230515;14;40;146;110;10147;78
269;20230515;15;60;131;65;10148;84
269;20230515;16;50;129;35;10150;84
269;20230515;17;40;127;23;10153;86
269;20230515;18;50;120;23;10159;90
269;20230515;19;40;120;12;10161;91
269;20230515;20;80;99;0;10175;88
269;20230515;21;70;98;0;10182;82
269;20230515;22;60;99;0;10185;77
269;20230515;23;50;95;0;10189;75
269;20230515;24;50;92;0;10190;74
269;20230516;1;40;92;0;10191;73
269;20230516;2;30;97;0;10192;70
269;20230516;3;40;94;0;10194;72
269;20230516;4;40;93;1;10198;73
269;20230516;5;40;92;9;10201;77
269;20230516;6;40;100;48;10206;71
269;20230516;7;50;92;70;10211;75
269;20230516;8;50;110;131;10212;73
269;20230516;9;50;121;179;10214;64
269;20230516;10;50;118;214;10217;64
269;20230516;11;50;124;238;10217;60
269;20230516;12;50;122;148;10218;64
269;20230516;13;50;125;116;10219;61
269;20230516;14;40;126;140;10220;61
269;20230516;15;40;130;76;10220;58
269;20230516;16;50;123;66;10222;66
269;20230516;17;40;121;19;10225;69
269;20230516;18;40;120;25;10229;66
269;20230516;19;40;116;24;10233;68
269;20230516;20;30;112;2;10237;70
269;20230516;21;30;102;0;10240;80
269;20230516;22;30;97;0;10243;83
269;20230516;23;30;96;0;10245;86
269;20230516;24;30;99;0;10244;86
269;20230517;1;40;102;0;10242;84
269;20230517;2;40;106;0;10245;71
269;20230517;3;30;95;0;10247;69
269;20230517;4;30;96;1;10251;75
269;20230517;5;30;99;9;10259;80
269;20230517;6;20;105;24;10268;67
269;20230517;7;40;110;90;10274;65
269;20230517;8;50;104;112;10281;62
269;20230517;9;50;113;157;10284;58
269;20230517;10;40;122;231;10286;59
269;20230517;11;40;120;289;10288;55
269;20230517;12;40;120;304;10286;54
269;20230517;13;50;123;298;10285;55
269;20230517;14;50;125;290;10284;56
269;20230517;15;50;121;253;10285;60
269;20230517;16;50;124;179;10283;59
269;20230517;17;50;118;143;10284;55
269;20230517;18;40;113;85;10285;59
269;20230517;19;40;98;26;10287;62
269;20230517;20;30;67;1;10290;77
269;20230517;21;30;59;0;10290;80
269;20230517;22;20;54;0;10290;82
269;20230517;23;20;52;0;10291;84
269;20230517;24;20;51;0;10290;84
269;20230518;1;10;45;0;10291;85
269;20230518;2;20;44;0;10292;86
269;20230518;3;20;40;0;10291;88
269;20230518;4;20;40;1;10292;87
269;20230518;5;20;51;19;10296;90
269;20230518;6;20;68;49;10298;80
269;20230518;7;30;88;102;10301;67
269;20230518;8;40;94;126;10303;64
269;20230518;9;40;98;151;10302;61
269;20230518;10;40;107;207;10299;61
269;20230518;11;40;117;258;10295;55
269;20230518;12;40;125;304;10291;55
269;20230518;13;40;143;289;10286;55
269;20230518;14;50;147;275;10281;50
269;20230518;15;50;150;234;10277;50
269;20230518;16;40;153;194;10273;45
269;20230518;17;50;146;118;10272;50
269;20230518;18;40;142;54;10270;54
269;20230518;19;50;127;34;10273;64
269;20230518;20;40;108;3;10278;74
269;20230518;21;40;93;0;10282;82
269;20230518;22;40;79;0;10283;87
269;20230518;23;40;72;0;10283;90
269;20230518;24;40;68;0;10284;92
269;20230519;1;40;58;0;10280;94
269;20230519;2;30;63;0;10277;95
269;20230519;3;30;60;0;10274;96
269;20230519;4;40;66;1;10272;97
269;20230519;5;40;76;22;10273;96
269;20230519;6;30;94;74;10276;89
269;20230519;7;30;115;123;10276;80
269;20230519;8;40;134;153;10275;66
269;20230519;9;40;153;237;10270;59
269;20230519;10;50;160;279;10268;51
269;20230519;11;40;168;297;10264;52
269;20230519;12;40;174;316;10261;50
269;20230519;13;50;177;246;10258;49
269;20230519;14;50;185;262;10253;44
269;20230519;15;50;183;212;10250;44
269;20230519;16;50;183;143;10247;46
269;20230519;17;50;183;114;10244;41
269;20230519;18;50;171;60;10246;49
269;20230519;19;50;155;16;10250;65
269;20230519;20;70;143;2;10256;68
269;20230519;21;60;128;0;10259;73
269;20230519;22;50;116;0;10263;76
269;20230519;23;40;99;0;10262;83
269;20230519;24;40;97;0;10260;85
269;20230520;1;40;88;0;10259;89
269;20230520;2;30;83;0;10255;90
269;20230520;3;30;84;0;10253;91
269;20230520;4;40;84;1;10253;91
269;20230520;5;40;103;11;10254;88
269;20230520;6;50;128;69;10251;76
269;20230520;7;50;145;129;10251;67
269;20230520;8;60;160;182;10247;61
269;20230520;9;70;175;239;10243;55
269;20230520;10;80;179;265;10238;51
269;20230520;11;80;193;231;10232;48
269;20230520;12;90;187;313;10227;49
269;20230520;13;80;190;247;10223;48
269;20230520;14;70;195;231;10218;48
269;20230520;15;70;188;174;10213;51
269;20230520;16;70;188;81;10209;49
269;20230520;17;70;182;62;10206;52
269;20230520;18;70;177;59;10208;55
269;20230520;19;60;168;23;10212;58
269;20230520;20;40;157;2;10212;63
269;20230520;21;30;145;0;10212;70
269;20230520;22;30;145;0;10209;72
269;20230520;23;30;144;0;10203;73
269;20230520;24;40;146;0;10201;73
269;20230521;1;40;140;0;10197;77
269;20230521;2;40;139;0;10194;78
269;20230521;3;40;134;0;10193;80
269;20230521;4;40;134;1;10192;81
269;20230521;5;40;137;7;10192;81
269;20230521;6;40;138;13;10191;82
269;20230521;7;50;148;46;10188;80
269;20230521;8;50;164;95;10188;73
269;20230521;9;70;177;203;10187;69
269;20230521;10;70;184;197;10185;68
269;20230521;11;60;197;221;10180;65
269;20230521;12;50;200;265;10176;67
269;20230521;13;60;204;245;10172;67
269;20230521;14;50;203;224;10169;66
269;20230521;15;50;203;217;10168;66
269;20230521;16;40;207;173;10162;67
269;20230521;17;40;200;131;10161;70
269;20230521;18;30;194;77;10162;74
269;20230521;19;40;181;28;10162;80
269;20230521;20;40;169;3;10162;85
269;20230521;21;40;160;0;10163;89
269;20230521;22;20;154;0;10161;93
269;20230521;23;20;152;0;10158;94
269;20230521;24;20;152;0;10157;96
269;20230522;1;20;153;0;10150;96
269;20230522;2;20;141;0;10144;97
269;20230522;3;20;130;0;10141;99
269;20230522;4;20;143;1;10144;98
269;20230522;5;10;148;12;10147;98
269;20230522;6;20;170;29;10148;90
269;20230522;7;30;184;51;10150;84
269;20230522;8;60;180;93;10153;82
269;20230522;9;60;195;172;10154;78
269;20230522;10;60;211;267;10149;72
269;20230522;11;30;217;286;10148;68
269;20230522;12;20;225;279;10147;68
269;20230522;13;60;202;279;10153;73
269;20230522;14;60;201;255;10154;71
269;20230522;15;60;198;229;10157;68
269;20230522;16;60;191;193;10162;72
269;20230522;17;50;178;141;10164;77
269;20230522;18;50;174;84;10163;83
269;20230522;19;40;163;32;10167;86
269;20230522;20;50;152;3;10177;88
269;20230522;21;50;153;0;10182;86
269;20230522;22;60;149;0;10185;86
269;20230522;23;50;143;0;10184;89
269;20230522;24;60;139;0;10187;91
269;20230523;1;60;136;0;10189;91
269;20230523;2;60;137;0;10191;87
269;20230523;3;60;135;0;10196;86
269;20230523;4;60;129;0;10200;88
269;20230523;5;70;125;3;10205;80
269;20230523;6;70;121;21;10215;77
269;20230523;7;60;123;34;10219;76
269;20230523;8;70;123;110;10224;70
269;20230523;9;70;127;148;10227;69
269;20230523;10;60;133;172;10232;69
269;20230523;11;70;141;177;10235;68
269;20230523;12;60;133;170;10237;64
269;20230523;13;60;135;202;10240;64
269;20230523;14;70;135;227;10241;61
269;20230523;15;60;134;216;10242;60
269;20230523;16;60;136;190;10245;60
269;20230523;17;60;127;150;10244;60
269;20230523;18;50;122;88;10245;60
269;20230523;19;50;116;29;10246;66
269;20230523;20;40;110;3;10251;66
269;20230523;21;30;101;0;10251;74
269;20230523;22;20;96;0;10250;77
269;20230523;23;10;84;0;10249;86
269;20230523;24;10;68;0;10245;88
269;20230524;1;10;72;0;10243;91
269;20230524;2;20;90;0;10242;84
269;20230524;3;20;90;0;10239;85
269;20230524;4;20;95;1;10239;83
269;20230524;5;30;104;15;10240;82
269;20230524;6;30;111;58;10241;80
269;20230524;7;40;115;91;10245;77
269;20230524;8;40;128;130;10247;68
269;20230524;9;40;139;229;10247;66
269;20230524;10;40;139;181;10248;65
269;20230524;11;40;131;117;10250;66
269;20230524;12;40;140;109;10249;64
269;20230524;13;40;143;146;10249;65
269;20230524;14;40;148;201;10247;65
269;20230524;15;40;150;201;10246;63
269;20230524;16;50;150;218;10248;64
269;20230524;17;50;141;132;10246;67
269;20230524;18;50;140;64;10247;68
269;20230524;19;40;131;28;10248;74
269;20230524;20;30;120;5;10254;80
269;20230524;21;30;118;0;10257;79
269;20230524;22;20;97;0;10261;87
269;20230524;23;20;88;0;10263;89
269;20230524;24;20;82;0;10263;92
269;20230525;1;20;81;0;10265;93
269;20230525;2;10;69;0;10267;97
269;20230525;3;0;75;0;10270;97
269;20230525;4;10;71;2;10272;98
269;20230525;5;20;94;25;10275;98
269;20230525;6;20;120;72;10280;85
269;20230525;7;30;127;88;10285;81
269;20230525;8;30;141;120;10288;72
269;20230525;9;40;141;98;10292;74
269;20230525;10;50;141;88;10294;68
269;20230525;11;50;153;102;10295;66
269;20230525;12;50;157;138;10294;60
269;20230525;13;60;159;241;10291;57
269;20230525;14;50;165;271;10288;57
269;20230525;15;60;162;241;10287;57
269;20230525;16;60;156;201;10288;59
269;20230525;17;60;150;147;10289;58
269;20230525;18;60;138;90;10291;61
269;20230525;19;50;124;35;10294;67
269;20230525;20;50;109;4;10297;72
269;20230525;21;50;99;0;10302;77
269;20230525;22;40;84;0;10304;84
269;20230525;23;30;79;0;10303;86
269;20230525;24;30;72;0;10303;88
269;20230526;1;30;67;0;10303;90
269;20230526;2;20;66;0;10306;89
269;20230526;3;30;68;0;10308;88
269;20230526;4;30;63;2;10309;90
269;20230526;5;20;81;26;10314;87
269;20230526;6;30;101;76;10317;79
269;20230526;7;60;116;126;10319;73
269;20230526;8;70;128;176;10318;66
269;20230526;9;60;140;248;10317;63
269;20230526;10;60;151;283;10317;57
269;20230526;11;60;157;310;10315;52
269;20230526;12;60;168;318;10314;52
269;20230526;13;70;170;295;10312;51
269;20230526;14;70;172;272;10310;51
269;20230526;15;70;168;242;10310;49
269;20230526;16;70;162;196;10310;55
269;20230526;17;70;152;137;10309;57
269;20230526;18;70;139;79;10310;60
269;20230526;19;60;130;34;10308;64
269;20230526;20;40;105;4;10310;76
269;20230526;21;40;100;0;10311;77
269;20230526;22;40;84;0;10310;84
269;20230526;23;30;72;0;10309;88
269;20230526;24;30;69;0;10306;89
269;20230527;1;30;58;0;10304;92
269;20230527;2;30;52;0;10302;93
269;20230527;3;20;49;0;10300;95
269;20230527;4;20;54;3;10299;94
269;20230527;5;30;79;28;10298;92
269;20230527;6;40;100;77;10294;83
269;20230527;7;50;117;137;10293;77
269;20230527;8;40;130;190;10287;75
269;20230527;9;40;144;246;10281;69
269;20230527;10;30;158;282;10276;63
269;20230527;11;30;172;310;10267;59
269;20230527;12;40;183;317;10259;54
269;20230527;13;40;193;294;10252;53
269;20230527;14;40;199;269;10246;50
269;20230527;15;40;204;240;10240;48
269;20230527;16;40;189;197;10236;62
269;20230527;17;40;191;142;10230;60
269;20230527;18;40;185;86;10226;62
269;20230527;19;30;175;37;10225;72
269;20230527;20;30;156;5;10228;79
269;20230527;21;40;134;0;10229;85
269;20230527;22;40;120;0;10225;90
269;20230527;23;40;109;0;10223;93
269;20230527;24;30;108;0;10222;90
269;20230528;1;40;102;0;10217;93
269;20230528;2;30;102;0;10216;93
269;20230528;3;30;99;0;10218;93
269;20230528;4;30;97;1;10218;93
269;20230528;5;40;109;23;10218;90
269;20230528;6;40;126;73;10221;83
269;20230528;7;40;145;123;10222;76
269;20230528;8;50;168;179;10226;66
269;20230528;9;50;183;243;10225;60
269;20230528;10;50;190;240;10222;57
269;20230528;11;50;204;303;10222;56
269;20230528;12;50;207;301;10222;48
269;20230528;13;50;211;256;10219;40
269;20230528;14;60;211;232;10218;34
269;20230528;15;70;202;237;10219;54
269;20230528;16;70;194;201;10219;56
269;20230528;17;70;181;146;10223;63
269;20230528;18;80;165;88;10227;70
269;20230528;19;70;145;37;10233;75
269;20230528;20;70;129;4;10238;82
269;20230528;21;60;117;0;10242;77
269;20230528;22;70;109;0;10244;81
269;20230528;23;70;104;0;10248;83
269;20230528;24;60;95;0;10249;82
269;20230529;1;50;91;0;10251;84
269;20230529;2;50;90;0;10256;83
269;20230529;3;50;78;0;10256;88
269;20230529;4;30;76;2;10256;88
269;20230529;5;40;95;25;10261;81
269;20230529;6;50;108;78;10262;73
269;20230529;7;70;118;136;10267;66
269;20230529;8;70;127;159;10268;63
269;20230529;9;60;138;215;10269;60
269;20230529;10;60;151;252;10269;56
269;20230529;11;60;155;233;10267;56
269;20230529;12;60;159;289;10268;52
269;20230529;13;60;164;275;10266;51
269;20230529;14;60;170;262;10265;50
269;20230529;15;60;166;223;10264;51
269;20230529;16;60;165;194;10266;47
269;20230529;17;60;155;151;10267;52
269;20230529;18;70;143;92;10270;55
269;20230529;19;60;128;45;10270;60
269;20230529;20;60;116;7;10273;70
269;20230529;21;60;104;0;10277;76
269;20230529;22;50;101;0;10277;77
269;20230529;23;50;97;0;10277;79
269;20230529;24;50;99;0;10278;78
269;20230530;1;40;97;0;10277;79
269;20230530;2;40;103;0;10280;77
269;20230530;3;50;102;0;10281;78
269;20230530;4;60;103;2;10283;76
269;20230530;5;50;109;17;10284;75
269;20230530;6;50;118;48;10285;72
269;20230530;7;50;124;77;10286;69
269;20230530;8;50;129;116;10288;68
269;20230530;9;50;130;192;10286;74
269;20230530;10;50;128;80;10285;77
269;20230530;11;40;134;79;10284;77
269;20230530;12;40;137;81;10281;76
269;20230530;13;50;140;101;10278;72
269;20230530;14;40;142;89;10276;71
269;20230530;15;40;145;86;10272;69
269;20230530;16;50;150;80;10272;67
269;20230530;17;50;147;56;10269;68
269;20230530;18;50;144;30;10271;73
269;20230530;19;50;137;19;10272;76
269;20230530;20;50;131;3;10274;80
269;20230530;21;40;124;0;10273;81
269;20230530;22;40;109;0;10273;87
269;20230530;23;40;101;0;10273;91
269;20230530;24;30;93;0;10275;93
269;20230531;1;30;88;0;10275;94
269;20230531;2;30;79;0;10274;96
269;20230531;3;30;80;0;10274;96
269;20230531;4;30;83;3;10275;96
269;20230531;5;30;102;32;10275;94
269;20230531;6;50;120;81;10274;89
269;20230531;7;50;140;139;10275;81
269;20230531;8;50;161;196;10275;74
269;20230531;9;50;173;245;10271;67
269;20230531;10;50;193;284;10268;63
269;20230531;11;50;201;312;10262;57
269;20230531;12;40;198;322;10257;63
269;20230531;13;50;205;314;10252;67
269;20230531;14;60;203;288;10249;64
269;20230531;15;60;206;255;10245;64
269;20230531;16;60;199;210;10244;64
269;20230531;17;60;186;157;10242;68
269;20230531;18;60;170;98;10240;69
269;20230531;19;60;148;46;10242;75
269;20230531;20;50;126;7;10243;82
269;20230531;21;50;107;0;10246;89
269;20230531;22;50;107;0;10247;87
269;20230531;23;50;108;0;10249;85
269;20230531;24;60;110;0;10248;85
269;20230601;1;60;102;0;10247;86
269;20230601;2;50;105;0;10247;85
269;20230601;3;40;105;0;10245;83
269;20230601;4;40;106;2;10243;85
269;20230601;5;40;109;14;10243;82
269;20230601;6;50;113;37;10244;81
269;20230601;7;50;119;55;10245;79
269;20230601;8;40;126;76;10244;77
269;20230601;9;40;129;110;10242;73
269;20230601;10;40;133;137;10240;72
269;20230601;11;50;128;120;10239;81
269;20230601;12;50;132;81;10238;77
269;20230601;13;40;135;83;10237;77
269;20230601;14;50;134;79;10235;77
269;20230601;15;50;136;85;10232;72
269;20230601;16;50;130;65;10229;75
269;20230601;17;50;127;37;10226;73
269;20230601;18;50;125;22;10224;72
269;20230601;19;40;120;10;10223;71
269;20230601;20;50;116;2;10225;72
269;20230601;21;40;113;0;10225;70
269;20230601;22;30;112;0;10225;72
269;20230601;23;40;112;0;10225;71
269;20230601;24;40;108;0;10226;72
269;20230602;1;30;105;0;10223;73
269;20230602;2;30;103;0;10224;72
269;20230602;3;30;102;0;10223;74
269;20230602;4;30;103;1;10223;73
269;20230602;5;30;107;12;10225;71
269;20230602;6;40;110;32;10225;71
269;20230602;7;40;113;44;10228;73
269;20230602;8;40;119;60;10229;74
269;20230602;9;30;127;94;10228;75
269;20230602;10;30;133;106;10229;74
269;20230602;11;30;143;127;10227;74
269;20230602;12;20;161;210;10224;69
269;20230602;13;30;170;265;10222;70
269;20230602;14;40;183;278;10220;62
269;20230602;15;50;183;223;10217;48
269;20230602;16;50;192;165;10213;52
269;20230602;17;60;186;152;10211;62
269;20230602;18;50;178;97;10214;67
269;20230602;19;50;170;42;10214;68
269;20230602;20;50;156;7;10216;73
269;20230602;21;60;146;0;10220;74
269;20230602;22;50;129;0;10222;79
269;20230602;23;40;113;0;10224;84
269;20230602;24;30;100;0;10226;87
269;20230603;1;30;91;0;10227;84
269;20230603;2;40;85;0;10228;82
269;20230603;3;30;75;0;10227;83
269;20230603;4;40;73;3;10228;84
269;20230603;5;30;102;33;10229;72
269;20230603;6;40;125;83;10232;62
269;20230603;7;40;145;142;10233;56
269;20230603;8;40;168;198;10235;48
269;20230603;9;40;184;249;10233;43
269;20230603;10;60;189;288;10232;38
269;20230603;11;60;194;315;10232;38
269;20230603;12;60;195;326;10230;32
269;20230603;13;70;204;320;10227;34
269;20230603;14;70;207;297;10226;32
269;20230603;15;60;208;259;10221;33
269;20230603;16;50;208;210;10218;35
269;20230603;17;60;204;154;10217;34
269;20230603;18;60;191;97;10216;46
269;20230603;19;80;172;44;10220;51
269;20230603;20;60;155;8;10224;55
269;20230603;21;50;132;0;10228;65
269;20230603;22;40;120;0;10230;71
269;20230603;23;40;105;0;10231;77
269;20230603;24;40;98;0;10231;80
269;20230604;1;40;90;0;10231;83
269;20230604;2;40;84;0;10231;87
269;20230604;3;40;82;0;10231;89
269;20230604;4;40;86;4;10230;91
269;20230604;5;30;110;33;10231;88
269;20230604;6;40;128;81;10231;80
269;20230604;7;50;147;137;10235;69
269;20230604;8;50;163;193;10236;61
269;20230604;9;50;179;242;10236;52
269;20230604;10;40;189;279;10237;50
269;20230604;11;40;193;306;10236;55
269;20230604;12;50;194;315;10234;51
269;20230604;13;50;197;309;10234;50
269;20230604;14;60;196;286;10232;51
269;20230604;15;60;201;250;10229;54
269;20230604;16;60;193;203;10228;55
269;20230604;17;70;182;149;10226;62
269;20230604;18;70;173;94;10227;63
269;20230604;19;70;152;43;10230;68
269;20230604;20;60;136;8;10235;73
269;20230604;21;50;119;0;10239;81
269;20230604;22;50;112;0;10241;83
269;20230604;23;40;102;0;10242;88
269;20230604;24;30;94;0;10243;90
269;20230605;1;30;95;0;10241;89
269;20230605;2;30;84;0;10239;92
269;20230605;3;30;82;0;10237;94
269;20230605;4;30;91;3;10235;93
269;20230605;5;40;107;19;10237;85
269;20230605;6;50;115;57;10238;81
269;20230605;7;50;126;94;10239;76
269;20230605;8;40;142;193;10239;70
269;20230605;9;40;156;241;10237;67
269;20230605;10;40;162;281;10235;67
269;20230605;11;40;167;305;10232;65
269;20230605;12;40;173;316;10230;63
269;20230605;13;50;177;308;10227;65
269;20230605;14;50;175;288;10223;66
269;20230605;15;50;171;253;10219;68
269;20230605;16;60;173;205;10216;68
269;20230605;17;60;176;149;10212;65
269;20230605;18;50;167;93;10213;68
269;20230605;19;50;154;42;10215;69
269;20230605;20;40;137;8;10219;74
269;20230605;21;50;123;0;10221;77
269;20230605;22;40;112;0;10222;82
269;20230605;23;40;107;0;10224;84
269;20230605;24;40;101;0;10225;87
269;20230606;1;40;102;0;10223;87
269;20230606;2;40;91;0;10222;92
269;20230606;3;30;99;0;10220;89
269;20230606;4;30;102;4;10221;89
269;20230606;5;40;111;30;10222;86
269;20230606;6;60;123;80;10223;82
269;20230606;7;50;141;136;10223;77
269;20230606;8;40;151;192;10222;73
269;20230606;9;40;168;243;10221;70
269;20230606;10;40;180;283;10219;68
269;20230606;11;40;190;309;10217;65
269;20230606;12;50;192;319;10215;63
269;20230606;13;60;196;312;10213;62
269;20230606;14;60;204;291;10211;61
269;20230606;15;60;199;256;10210;61
269;20230606;16;60;193;209;10210;63
269;20230606;17;60;184;155;10210;65
269;20230606;18;50;177;103;10211;66
269;20230606;19;50;160;49;10213;69
269;20230606;20;50;143;9;10218;74
269;20230606;21;40;124;0;10221;81
269;20230606;22;40;117;0;10222;83
269;20230606;23;40;111;0;10221;85
269;20230606;24;40;106;0;10219;87
269;20230607;1;40;101;0;10220;89
269;20230607;2;30;99;0;10220;90
269;20230607;3;30;100;0;10217;91
269;20230607;4;40;102;4;10218;90
269;20230607;5;40;110;22;10218;89
269;20230607;6;40;112;34;10221;87
269;20230607;7;40;123;79;10224;82
269;20230607;8;40;146;186;10223;76
269;20230607;9;40;157;237;10222;71
269;20230607;10;30;174;274;10220;65
269;20230607;11;30;183;289;10217;65
269;20230607;12;30;191;304;10215;63
269;20230607;13;40;195;305;10213;60
269;20230607;14;50;203;311;10208;60
269;20230607;15;50;207;254;10203;57
269;20230607;16;50;205;205;10200;59
269;20230607;17;50;197;150;10198;62
269;20230607;18;50;181;95;10198;68
269;20230607;19;50;169;44;10200;69
269;20230607;20;50;150;9;10203;75
269;20230607;21;40;136;0;10205;79
269;20230607;22;40;121;0;10207;85
269;20230607;23;40;118;0;10205;86
269;20230607;24;40;108;0;10204;90
269;20230608;1;40;101;0;10200;93
269;20230608;2;40;98;0;10199;94
269;20230608;3;40;102;0;10197;93
269;20230608;4;40;106;3;10195;92
269;20230608;5;40;112;24;10195;90
269;20230608;6;50;125;78;10193;83
269;20230608;7;50;141;137;10193;77
269;20230608;8;50;158;189;10193;71
269;20230608;9;50;176;236;10191;66
269;20230608;10;50;194;275;10189;61
269;20230608;11;50;208;300;10185;57
269;20230608;12;50;222;307;10180;55
269;20230608;13;60;228;303;10175;53
269;20230608;14;60;240;282;10169;54
269;20230608;15;70;233;249;10164;54
269;20230608;16;80;227;205;10162;54
269;20230608;17;70;220;150;10160;53
269;20230608;18;70;208;95;10158;51
269;20230608;19;70;185;44;10162;58
269;20230608;20;60;162;9;10167;68
269;20230608;21;60;148;0;10168;74
269;20230608;22;60;136;0;10172;80
269;20230608;23;50;127;0;10170;85
269;20230608;24;50;125;0;10168;85
269;20230609;1;40;120;0;10165;84
269;20230609;2;40;114;0;10163;87
269;20230609;3;40;111;0;10161;89
269;20230609;4;40;114;4;10160;90
269;20230609;5;50;130;30;10160;85
269;20230609;6;60;145;77;10161;81
269;20230609;7;50;165;134;10161;76
269;20230609;8;40;190;189;10161;70
269;20230609;9;40;215;236;10159;64
269;20230609;10;40;233;274;10158;58
269;20230609;11;50;250;298;10155;56
269;20230609;12;50;264;310;10148;50
269;20230609;13;60;273;306;10146;45
269;20230609;14;60;279;250;10142;42
269;20230609;15;60;281;255;10138;40
269;20230609;16;60;285;193;10135;37
269;20230609;17;60;280;137;10133;36
269;20230609;18;60;265;90;10136;45
269;20230609;19;50;248;41;10140;50
269;20230609;20;50;228;8;10148;53
269;20230609;21;50;205;0;10154;62
269;20230609;22;50;190;0;10157;65
269;20230609;23;50;171;0;10157;71
269;20230609;24;40;165;0;10158;69
269;20230610;1;40;156;0;10160;72
269;20230610;2;40;150;0;10161;73
269;20230610;3;40;148;0;10162;73
269;20230610;4;50;147;4;10164;76
269;20230610;5;40;164;32;10166;73
269;20230610;6;40;182;80;10168;68
269;20230610;7;50;199;137;10168;61
269;20230610;8;50;220;194;10169;57
269;20230610;9;60;234;243;10170;52
269;20230610;10;60;249;284;10170;47
269;20230610;11;60;264;310;10166;47
269;20230610;12;50;271;320;10164;42
269;20230610;13;50;279;316;10160;36
269;20230610;14;60;280;294;10157;33
269;20230610;15;60;281;259;10156;29
269;20230610;16;50;277;213;10153;30
269;20230610;17;50;271;160;10151;31
269;20230610;18;50;258;103;10152;32
269;20230610;19;40;233;49;10155;42
269;20230610;20;30;198;10;10160;54
269;20230610;21;30;181;0;10163;61
269;20230610;22;30;173;0;10164;69
269;20230610;23;40;168;0;10164;78
269;20230610;24;40;156;0;10163;85
269;20230611;1;30;145;0;10159;90
269;20230611;2;20;160;0;10159;80
269;20230611;3;30;147;0;10158;82
269;20230611;4;20;162;4;10161;77
269;20230611;5;20;179;32;10161;76
269;20230611;6;20;208;80;10161;65
269;20230611;7;30;227;136;10164;58
269;20230611;8;20;247;190;10165;55
269;20230611;9;30;265;237;10163;53
269;20230611;10;30;273;276;10164;47
269;20230611;11;50;283;300;10162;46
269;20230611;12;50;293;312;10159;39
269;20230611;13;50;296;310;10156;33
269;20230611;14;50;299;288;10154;34
269;20230611;15;50;299;246;10151;36
269;20230611;16;50;298;202;10148;34
269;20230611;17;50;291;150;10148;37
269;20230611;18;40;284;92;10149;37
269;20230611;19;40;270;42;10151;38
269;20230611;20;30;257;7;10156;39
269;20230611;21;30;242;0;10163;41
269;20230611;22;40;230;0;10163;43
269;20230611;23;40;222;0;10166;42
269;20230611;24;40;200;0;10165;49
269;20230612;1;30;173;0;10164;61
269;20230612;2;30;160;0;10165;69
269;20230612;3;10;160;0;10165;67
269;20230612;4;20;148;5;10165;75
269;20230612;5;30;168;34;10168;71
269;20230612;6;30;191;73;10169;65
269;20230612;7;40;215;135;10171;56
269;20230612;8;30;241;195;10169;52
269;20230612;9;40;260;243;10167;41
269;20230612;10;40;274;286;10167;36
269;20230612;11;60;277;297;10165;33
269;20230612;12;50;281;296;10161;33
269;20230612;13;50;279;272;10155;30
269;20230612;14;40;283;235;10151;32
269;20230612;15;40;275;205;10148;40
269;20230612;16;40;269;156;10146;47
269;20230612;17;40;274;173;10142;48
269;20230612;18;40;274;98;10141;33
269;20230612;19;40;262;45;10144;35
269;20230612;20;50;244;9;10151;38
269;20230612;21;50;227;0;10155;37
269;20230612;22;40;213;0;10157;38
269;20230612;23;30;170;0;10155;56
269;20230612;24;30;149;0;10155;65
269;20230613;1;30;143;0;10154;68
269;20230613;2;40;139;0;10152;69
269;20230613;3;40;133;0;10153;69
269;20230613;4;40;133;4;10154;70
269;20230613;5;40;158;34;10155;63
269;20230613;6;30;184;83;10158;57
269;20230613;7;40;203;138;10158;53
269;20230613;8;40;224;196;10159;48
269;20230613;9;50;236;246;10159;44
269;20230613;10;60;249;286;10156;41
269;20230613;11;60;254;312;10154;41
269;20230613;12;70;258;322;10150;33
269;20230613;13;50;263;317;10147;31
269;20230613;14;50;265;295;10143;31
269;20230613;15;50;266;259;10140;31
269;20230613;16;60;263;213;10137;30
269;20230613;17;60;256;156;10136;31
269;20230613;18;70;242;100;10139;38
269;20230613;19;60;221;49;10143;47
269;20230613;20;50;197;10;10148;50
269;20230613;21;40;169;0;10152;60
269;20230613;22;30;157;0;10156;74
269;20230613;23;40;154;0;10159;76
269;20230613;24;40;153;0;10161;69
269;20230614;1;40;145;0;10161;68
269;20230614;2;50;136;0;10162;70
269;20230614;3;50;130;0;10163;72
269;20230614;4;40;131;5;10167;73
269;20230614;5;50;147;35;10172;70
269;20230614;6;60;168;84;10175;63
269;20230614;7;50;191;140;10179;55
269;20230614;8;50;215;199;10182;45
269;20230614;9;60;226;248;10184;42
269;20230614;10;60;237;287;10185;42
269;20230614;11;70;233;312;10184;38
269;20230614;12;80;239;322;10180;39
269;20230614;13;80;239;317;10182;36
269;20230614;14;60;246;295;10181;36
269;20230614;15;60;245;260;10178;36
269;20230614;16;60;245;213;10178;36
269;20230614;17;50;244;157;10178;36
269;20230614;18;50;238;103;10181;37
269;20230614;19;40;228;49;10185;41
269;20230614;20;30;208;10;10190;46
269;20230614;21;20;172;0;10192;63
269;20230614;22;30;167;0;10197;77
269;20230614;23;40;164;0;10198;77
269;20230614;24;40;152;0;10198;79
269;20230615;1;40;144;0;10198;81
269;20230615;2;30;133;0;10198;85
269;20230615;3;30;125;0;10198;86
269;20230615;4;30;125;4;10199;90
269;20230615;5;20;152;34;10201;84
269;20230615;6;30;174;78;10204;78
269;20230615;7;40;197;134;10205;60
269;20230615;8;40;212;192;10206;53
269;20230615;9;40;229;242;10205;46
269;20230615;10;40;240;281;10204;39
269;20230615;11;40;244;300;10204;35
269;20230615;12;40;249;266;10202;38
269;20230615;13;50;247;317;10201;40
269;20230615;14;50;246;292;10199;41
269;20230615;15;50;244;257;10197;40
269;20230615;16;50;237;213;10194;40
269;20230615;17;50;232;156;10192;42
269;20230615;18;50;226;101;10192;47
269;20230615;19;40;218;45;10193;57
269;20230615;20;40;200;10;10195;56
269;20230615;21;30;172;0;10198;67
269;20230615;22;20;173;0;10198;66
269;20230615;23;10;157;0;10198;72
269;20230615;24;20;148;0;10197;73
269;20230616;1;20;134;0;10195;82
269;20230616;2;20;123;0;10194;84
269;20230616;3;20;116;0;10194;88
269;20230616;4;20;116;4;10193;89
269;20230616;5;0;149;35;10194;78
269;20230616;6;0;179;83;10195;64
269;20230616;7;10;205;138;10198;52
269;20230616;8;20;218;192;10198;40
269;20230616;9;30;224;240;10197;41
269;20230616;10;30;233;280;10197;37
269;20230616;11;40;230;308;10195;43
269;20230616;12;40;233;319;10195;39
269;20230616;13;40;233;315;10193;38
269;20230616;14;50;234;293;10189;41
269;20230616;15;50;231;258;10188;38
269;20230616;16;50;226;213;10184;41
269;20230616;17;50;220;158;10181;45
269;20230616;18;40;210;102;10180;47
269;20230616;19;40;199;48;10179;54
269;20230616;20;20;184;11;10179;60
269;20230616;21;10;175;0;10179;69
269;20230616;22;10;166;0;10174;73
269;20230616;23;10;145;0;10172;80
269;20230616;24;10;132;0;10170;85
269;20230617;1;10;132;0;10166;88
269;20230617;2;10;116;0;10166;92
269;20230617;3;10;110;0;10162;89
269;20230617;4;10;106;5;10161;92
269;20230617;5;10;142;37;10161;78
269;20230617;6;10;176;85;10162;65
269;20230617;7;30;189;138;10163;64
269;20230617;8;30;200;195;10163;61
269;20230617;9;30;213;243;10163;55
269;20230617;10;30;222;280;10164;53
269;20230617;11;30;228;308;10161;46
269;20230617;12;30;238;319;10156;45
269;20230617;13;30;248;310;10152;46
269;20230617;14;30;248;282;10150;43
269;20230617;15;20;247;244;10148;52
269;20230617;16;30;244;185;10146;53
269;20230617;17;30;237;137;10143;55
269;20230617;18;20;229;81;10143;57
269;20230617;19;20;217;29;10143;61
269;20230617;20;10;205;6;10145;68
269;20230617;21;20;175;0;10144;81
269;20230617;22;30;165;0;10142;87
269;20230617;23;30;166;0;10142;89
269;20230617;24;20;176;0;10141;85
269;20230618;1;20;174;0;10138;85
269;20230618;2;20;173;0;10135;85
269;20230618;3;20;166;0;10131;84
269;20230618;4;20;154;3;10132;89
269;20230618;5;20;169;26;10132;86
269;20230618;6;20;185;48;10133;80
269;20230618;7;20;218;122;10134;69
269;20230618;8;20;240;170;10133;56
269;20230618;9;30;239;115;10133;56
269;20230618;10;30;263;217;10130;36
269;20230618;11;30;267;211;10126;31
269;20230618;12;30;266;162;10123;33
269;20230618;13;40;257;142;10120;44
269;20230618;14;40;257;73;10118;39
269;20230618;15;40;240;57;10120;51
269;20230618;16;40;232;45;10114;53
269;20230618;17;30;231;28;10111;53
269;20230618;18;20;228;13;10106;56
269;20230618;19;30;228;10;10099;53
269;20230618;20;40;226;2;10102;53
269;20230618;21;40;220;0;10097;58
269;20230618;22;40;219;0;10091;59
269;20230618;23;40;219;0;10082;58
269;20230618;24;40;218;0;10076;57
269;20230619;1;40;226;0;10075;55
269;20230619;2;60;212;0;10079;65
269;20230619;3;70;202;0;10081;75
269;20230619;4;70;201;1;10084;77
269;20230619;5;80;186;4;10090;94
269;20230619;6;80;186;11;10098;89
269;20230619;7;80;186;23;10106;82
269;20230619;8;80;184;56;10115;81
269;20230619;9;70;191;136;10122;75
269;20230619;10;60;206;134;10126;71
269;20230619;11;60;219;204;10127;62
269;20230619;12;60;230;227;10129;61
269;20230619;13;50;235;195;10132;56
269;20230619;14;50;237;197;10130;57
269;20230619;15;50;240;240;10130;56
269;20230619;16;30;236;202;10128;55
269;20230619;17;30;233;153;10130;56
269;20230619;18;30;222;87;10129;56
269;20230619;19;20;208;30;10130;66
269;20230619;20;20;182;7;10133;76
269;20230619;21;20;172;0;10135;80
269;20230619;22;20;175;0;10135;81
269;20230619;23;20;172;0;10132;82
269;20230619;24;30;173;0;10129;81
269;20230620;1;30;177;0;10127;79
269;20230620;2;30;176;0;10124;79
269;20230620;3;20;174;0;10123;81
269;20230620;4;40;179;2;10118;80
269;20230620;5;40;192;13;10119;75
269;20230620;6;20;196;33;10115;75
269;20230620;7;30;214;96;10115;69
269;20230620;8;30;219;127;10110;67
269;20230620;9;40;239;193;10109;64
269;20230620;10;40;266;259;10105;54
269;20230620;11;40;270;300;10102;52
269;20230620;12;30;275;262;10100;52
269;20230620;13;40;283;250;10095;50
269;20230620;14;30;293;245;10090;49
269;20230620;15;30;279;140;10084;49
269;20230620;16;30;248;16;10086;68
269;20230620;17;70;194;6;10103;96
269;20230620;18;30;195;8;10100;95
269;20230620;19;10;196;7;10096;94
269;20230620;20;10;195;4;10101;97
269;20230620;21;40;195;0;10109;93
269;20230620;22;40;190;0;10107;95
269;20230620;23;30;185;0;10112;96
269;20230620;24;30;180;0;10115;97
269;20230621;1;40;188;0;10117;96
269;20230621;2;40;182;0;10123;96
269;20230621;3;30;177;0;10125;96
269;20230621;4;30;175;3;10134;96
269;20230621;5;30;183;28;10137;93
269;20230621;6;30;194;76;10143;86
269;20230621;7;30;199;122;10150;83
269;20230621;8;40;214;174;10153;80
269;20230621;9;40;217;209;10159;73
269;20230621;10;40;233;255;10161;69
269;20230621;11;50;237;314;10166;59
269;20230621;12;50;240;227;10170;57
269;20230621;13;50;236;249;10176;68
269;20230621;14;50;232;290;10180;68
269;20230621;15;50;233;254;10182;62
269;20230621;16;50;232;210;10184;60
269;20230621;17;40;230;157;10185;58
269;20230621;18;40;226;105;10188;56
269;20230621;19;30;217;55;10186;62
269;20230621;20;20;203;14;10186;75
269;20230621;21;20;187;0;10191;83
269;20230621;22;10;177;0;10192;86
269;20230621;23;10;168;0;10194;89
269;20230621;24;20;164;0;10197;93
269;20230622;1;20;163;0;10196;96
269;20230622;2;10;153;0;10195;97
269;20230622;3;20;141;0;10191;98
269;20230622;4;20;143;3;10190;98
269;20230622;5;20;165;31;10189;97
269;20230622;6;30;184;67;10190;93
269;20230622;7;40;206;122;10189;80
269;20230622;8;60;218;186;10185;74
269;20230622;9;50;234;234;10180;70
269;20230622;10;50;241;261;10177;62
269;20230622;11;50;233;140;10176;64
269;20230622;12;40;217;46;10172;75
269;20230622;13;40;220;58;10168;76
269;20230622;14;30;215;36;10163;82
269;20230622;15;30;204;24;10161;88
269;20230622;16;30;203;24;10157;92
269;20230622;17;30;201;19;10157;83
269;20230622;18;30;191;9;10164;87
269;20230622;19;30;184;6;10161;79
269;20230622;20;40;183;1;10167;79
269;20230622;21;50;180;0;10172;79
269;20230622;22;40;181;0;10175;81
269;20230622;23;40;184;0;10179;78
269;20230622;24;40;182;0;10183;78
269;20230623;1;40;179;0;10186;81
269;20230623;2;30;175;0;10192;82
269;20230623;3;20;174;0;10198;81
269;20230623;4;20;168;2;10203;85
269;20230623;5;20;183;32;10210;84
269;20230623;6;30;187;65;10215;88
269;20230623;7;40;192;120;10222;85
269;20230623;8;30;203;186;10225;80
269;20230623;9;40;212;240;10229;77
269;20230623;10;40;222;284;10234;64
269;20230623;11;40;230;308;10235;55
269;20230623;12;40;236;318;10238;51
269;20230623;13;40;242;305;10239;50
269;20230623;14;40;239;259;10240;49
269;20230623;15;40;240;240;10242;55
269;20230623;16;30;235;207;10244;55
269;20230623;17;30;232;153;10243;57
269;20230623;18;20;217;80;10244;60
269;20230623;19;20;204;26;10245;69
269;20230623;20;20;195;8;10245;78
269;20230623;21;10;192;0;10244;76
269;20230623;22;10;186;0;10244;80
269;20230623;23;0;174;0;10244;89
269;20230623;24;10;168;0;10242;87
269;20230624;1;10;158;0;10243;88
269;20230624;2;20;158;0;10240;86
269;20230624;3;10;148;0;10237;89
269;20230624;4;10;151;3;10237;88
269;20230624;5;10;171;33;10239;82
269;20230624;6;20;188;67;10242;77
269;20230624;7;20;200;95;10242;70
269;20230624;8;20;224;173;10241;67
269;20230624;9;30;238;239;10241;61
269;20230624;10;30;250;275;10239;58
269;20230624;11;40;260;301;10237;53
269;20230624;12;30;263;221;10234;55
269;20230624;13;30;265;106;10232;56
269;20230624;14;40;264;218;10230;54
269;20230624;15;30;261;251;10228;55
269;20230624;16;30;257;180;10226;55
269;20230624;17;30;253;148;10223;57
269;20230624;18;30;244;94;10222;63
269;20230624;19;30;235;45;10219;64
269;20230624;20;20;220;10;10217;72
269;20230624;21;20;212;0;10217;77
269;20230624;22;20;200;0;10216;80
269;20230624;23;30;185;0;10214;85
269;20230624;24;30;174;0;10210;90
269;20230625;1;30;169;0;10205;90
269;20230625;2;30;164;0;10199;92
269;20230625;3;20;165;0;10194;90
269;20230625;4;20;168;4;10191;90
269;20230625;5;20;182;32;10190;89
269;20230625;6;20;208;81;10189;78
269;20230625;7;20;235;137;10187;69
269;20230625;8;20;255;192;10183;56
269;20230625;9;20;268;240;10178;43
269;20230625;10;20;280;279;10175;39
269;20230625;11;30;286;304;10171;40
269;20230625;12;30;293;313;10164;38
269;20230625;13;30;299;309;10157;40
269;20230625;14;40;304;286;10152;38
269;20230625;15;40;296;235;10147;40
269;20230625;16;40;307;197;10142;38
269;20230625;17;50;302;155;10137;38
269;20230625;18;40;296;98;10135;42
269;20230625;19;30;283;47;10132;45
269;20230625;20;20;263;9;10129;53
269;20230625;21;20;245;0;10129;62
269;20230625;22;20;234;0;10127;65
269;20230625;23;20;233;0;10123;65
269;20230625;24;30;227;0;10116;66
269;20230626;1;30;200;0;10114;77
269;20230626;2;40;217;0;10116;70
269;20230626;3;60;201;0;10118;79
269;20230626;4;50;195;2;10124;80
269;20230626;5;50;197;19;10133;75
269;20230626;6;50;203;75;10139;71
269;20230626;7;60;201;125;10149;74
269;20230626;8;60;200;150;10154;73
269;20230626;9;70;202;207;10160;73
269;20230626;10;70;204;238;10168;67
269;20230626;11;70;215;259;10173;56
269;20230626;12;80;212;291;10181;59
269;20230626;13;70;205;291;10186;63
269;20230626;14;70;194;241;10188;63
269;20230626;15;60;201;240;10192;58
269;20230626;16;60;200;206;10192;56
269;20230626;17;60;200;164;10192;51
269;20230626;18;60;194;105;10195;53
269;20230626;19;40;184;51;10197;58
269;20230626;20;30;166;12;10200;64
269;20230626;21;30;154;0;10201;72
269;20230626;22;30;138;0;10199;80
269;20230626;23;30;131;0;10197;85
269;20230626;24;20;128;0;10196;87
269;20230627;1;20;125;0;10196;91
269;20230627;2;20;127;0;10195;92
269;20230627;3;20;122;0;10194;94
269;20230627;4;20;132;7;10193;89
269;20230627;5;20;170;49;10194;74
269;20230627;6;20;177;42;10195;71
269;20230627;7;30;191;97;10199;64
269;20230627;8;50;199;174;10199;57
269;20230627;9;60;204;210;10200;50
269;20230627;10;60;208;217;10201;53
269;20230627;11;60;206;220;10202;54
269;20230627;12;70;210;233;10203;53
269;20230627;13;60;210;303;10199;52
269;20230627;14;60;203;237;10198;55
269;20230627;15;60;206;160;10194;54
269;20230627;16;60;194;186;10193;56
269;20230627;17;50;188;77;10193;60
269;20230627;18;40;184;26;10195;60
269;20230627;19;30;180;13;10193;63
269;20230627;20;30;171;3;10192;72
269;20230627;21;30;160;0;10191;79
269;20230627;22;30;155;0;10190;81
269;20230627;23;20;151;0;10190;84
269;20230627;24;20;147;0;10188;87
269;20230628;1;30;142;0;10188;86
269;20230628;2;20;142;0;10187;89
269;20230628;3;20;140;0;10183;88
269;20230628;4;20;140;0;10181;91
269;20230628;5;30;141;3;10181;91
269;20230628;6;40;143;8;10178;96
269;20230628;7;40;151;22;10178;96
269;20230628;8;40;159;38;10179;96
269;20230628;9;40;160;39;10181;94
269;20230628;10;40;163;56;10179;95
269;20230628;11;40;184;125;10178;89
269;20230628;12;40;215;219;10175;81
269;20230628;13;40;211;180;10174;78
269;20230628;14;50;216;100;10174;75
269;20230628;15;40;212;68;10173;76
269;20230628;16;40;214;99;10170;77
269;20230628;17;40;211;49;10168;79
269;20230628;18;30;207;22;10169;81
269;20230628;19;20;203;11;10169;83
269;20230628;20;20;201;4;10168;83
269;20230628;21;20;198;0;10169;84
269;20230628;22;20;197;0;10166;85
269;20230628;23;20;194;0;10162;85
269;20230628;24;20;190;0;10159;85
269;20230629;1;20;184;0;10157;87
269;20230629;2;20;184;0;10153;87
269;20230629;3;20;181;0;10148;89
269;20230629;4;20;182;2;10147;90
269;20230629;5;20;184;7;10143;92
269;20230629;6;30;192;26;10139;89
269;20230629;7;30;192;21;10139;87
269;20230629;8;40;198;34;10137;86
269;20230629;9;50;203;74;10136;81
269;20230629;10;60;220;146;10135;77
269;20230629;11;50;229;177;10132;70
269;20230629;12;60;231;201;10130;69
269;20230629;13;60;202;40;10133;83
269;20230629;14;40;212;70;10131;78
269;20230629;15;60;207;151;10132;78
269;20230629;16;60;188;76;10132;83
269;20230629;17;50;169;23;10138;90
269;20230629;18;50;163;15;10141;88
269;20230629;19;40;168;14;10141;79
269;20230629;20;30;168;7;10146;80
269;20230629;21;30;165;0;10146;77
269;20230629;22;20;151;0;10147;77
269;20230629;23;20;141;0;10146;79
269;20230629;24;20;140;0;10146;75
269;20230630;1;20;138;0;10143;77
269;20230630;2;20;128;0;10142;79
269;20230630;3;20;124;0;10141;82
269;20230630;4;10;103;3;10141;90
269;20230630;5;20;131;35;10141;89
269;20230630;6;30;164;81;10142;73
269;20230630;7;40;176;133;10143;65
269;20230630;8;40;188;192;10141;60
269;20230630;9;40;187;220;10140;60
269;20230630;10;40;200;247;10136;56
269;20230630;11;40;208;201;10134;53
269;20230630;12;30;214;207;10129;53
269;20230630;13;30;205;155;10124;54
269;20230630;14;50;219;137;10115;53
269;20230630;15;60;216;163;10111;48
269;20230630;16;60;224;92;10107;48
269;20230630;17;60;204;119;10102;55
269;20230630;18;50;192;38;10101;60
269;20230630;19;60;184;24;10099;54
269;20230630;20;60;179;6;10097;61
269;20230630;21;50;175;0;10090;64
269;20230630;22;40;174;0;10080;65
269;20230630;23;50;177;0;10072;64
269;20230630;24;70;176;0;10064;69
269;20230701;1;90;169;0;10057;74
269;20230701;2;80;164;0;10048;81
269;20230701;3;80;162;0;10041;83
269;20230701;4;80;164;0;10035;85
269;20230701;5;80;165;5;10030;87
269;20230701;6;70;160;9;10029;95
269;20230701;7;70;165;20;10026;96
269;20230701;8;70;172;41;10025;96
269;20230701;9;70;178;73;10023;96
269;20230701;10;60;181;73;10021;96
269;20230701;11;60;191;84;10022;95
269;20230701;12;60;187;71;10024;90
269;20230701;13;60;179;52;10029;90
269;20230701;14;60;175;83;10037;90
269;20230701;15;60;185;117;10039;77
269;20230701;16;60;186;106;10043;72
269;20230701;17;50;183;56;10043;74
269;20230701;18;50;165;4;10049;85
269;20230701;19;40;168;10;10050;87
269;20230701;20;40;169;4;10055;80
269;20230701;21;40;169;0;10057;77
269;20230701;22;40;164;0;10059;81
269;20230701;23;40;165;0;10061;83
269;20230701;24;50;166;0;10060;66
269;20230702;1;50;162;0;10059;62
269;20230702;2;50;155;0;10062;68
269;20230702;3;50;153;0;10064;68
269;20230702;4;50;149;3;10067;72
269;20230702;5;50;151;24;10072;75
269;20230702;6;70;163;73;10075;71
269;20230702;7;80;171;132;10082;68
269;20230702;8;80;176;164;10086;62
269;20230702;9;80;177;189;10091;60
269;20230702;10;80;182;215;10094;59
269;20230702;11;80;189;215;10098;51
269;20230702;12;90;181;258;10100;51
269;20230702;13;80;200;217;10104;45
269;20230702;14;80;204;176;10106;42
269;20230702;15;80;198;200;10106;44
269;20230702;16;80;196;194;10105;43
269;20230702;17;70;186;88;10103;50
269;20230702;18;70;184;85;10098;52
269;20230702;19;60;179;22;10096;54
269;20230702;20;60;175;3;10095;58
269;20230702;21;50;170;0;10094;65
269;20230702;22;60;168;0;10093;71
269;20230702;23;50;164;0;10088;75
269;20230702;24;50;163;0;10083;77
269;20230703;1;50;164;0;10080;79
269;20230703;2;50;159;0;10078;79
269;20230703;3;50;163;0;10078;58
269;20230703;4;50;157;2;10078;63
269;20230703;5;50;155;17;10082;67
269;20230703;6;50;165;53;10085;65
269;20230703;7;70;175;116;10086;59
269;20230703;8;70;181;133;10088;59
269;20230703;9;80;174;149;10092;59
269;20230703;10;80;180;137;10095;55
269;20230703;11;80;180;168;10097;57
269;20230703;12;90;190;138;10096;54
269;20230703;13;80;169;68;10099;60
269;20230703;14;80;172;40;10100;60
269;20230703;15;80;181;81;10097;49
269;20230703;16;80;180;92;10093;58
269;20230703;17;80;180;59;10088;57
269;20230703;18;70;180;31;10083;58
269;20230703;19;90;158;6;10085;73
269;20230703;20;80;144;1;10083;92
269;20230703;21;70;141;0;10087;92
269;20230703;22;60;141;0;10088;91
269;20230703;23;50;142;0;10090;90
269;20230703;24;40;137;0;10091;90
269;20230704;1;40;128;0;10093;94
269;20230704;2;40;134;0;10094;92
269;20230704;3;40;128;0;10093;89
269;20230704;4;30;121;2;10097;92
269;20230704;5;30;129;15;10098;90
269;20230704;6;40;141;42;10102;84
269;20230704;7;50;160;88;10107;78
269;20230704;8;60;154;97;10111;78
269;20230704;9;60;170;116;10113;69
269;20230704;10;60;169;78;10118;67
269;20230704;11;70;173;122;10121;66
269;20230704;12;70;182;161;10122;67
269;20230704;13;70;198;169;10121;56
269;20230704;14;70;192;143;10122;56
269;20230704;15;60;199;140;10121;53
269;20230704;16;60;193;133;10118;53
269;20230704;17;40;190;101;10113;55
269;20230704;18;20;182;49;10111;60
269;20230704;19;20;168;17;10103;74
269;20230704;20;30;156;4;10097;79
269;20230704;21;30;164;0;10090;74
269;20230704;22;40;146;0;10082;92
269;20230704;23;30;145;0;10067;94
269;20230704;24;40;147;0;10046;91
269;20230705;1;50;148;0;10033;93
269;20230705;2;40;148;0;10014;95
269;20230705;3;60;157;0;10007;90
269;20230705;4;90;143;0;10009;85
269;20230705;5;90;142;16;10004;81
269;20230705;6;110;129;28;9999;91
269;20230705;7;120;114;12;9987;88
269;20230705;8;170;115;18;9975;96
269;20230705;9;190;126;26;10005;91
269;20230705;10;160;125;49;10033;89
269;20230705;11;140;133;69;10057;88
269;20230705;12;120;144;128;10075;82
269;20230705;13;110;152;142;10089;76
269;20230705;14;90;155;133;10100;76
269;20230705;15;80;156;129;10109;75
269;20230705;16;60;163;83;10112;82
269;20230705;17;50;175;98;10118;70
269;20230705;18;70;160;53;10125;71
269;20230705;19;50;155;21;10129;77
269;20230705;20;40;144;16;10134;83
269;20230705;21;20;134;0;10137;92
269;20230705;22;30;137;0;10139;90
269;20230705;23;30;110;0;10143;93
269;20230705;24;30;106;0;10144;95
269;20230706;1;30;125;0;10145;94
269;20230706;2;30;127;0;10145;95
269;20230706;3;30;134;0;10144;92
269;20230706;4;40;135;2;10147;92
269;20230706;5;40;141;27;10149;92
269;20230706;6;40;153;72;10153;89
269;20230706;7;50;172;136;10159;82
269;20230706;8;50;186;183;10162;75
269;20230706;9;50;194;203;10167;66
269;20230706;10;60;195;282;10169;63
269;20230706;11;50;186;86;10174;67
269;20230706;12;50;184;153;10177;69
269;20230706;13;50;201;190;10178;57
269;20230706;14;60;210;270;10178;46
269;20230706;15;50;212;252;10179;48
269;20230706;16;50;198;179;10178;48
269;20230706;17;40;203;116;10177;51
269;20230706;18;30;195;98;10179;56
269;20230706;19;10;177;50;10182;67
269;20230706;20;20;150;6;10186;82
269;20230706;21;20;142;0;10191;87
269;20230706;22;10;130;0;10194;89
269;20230706;23;10;125;0;10193;87
269;20230706;24;10;124;0;10193;91
269;20230707;1;10;109;0;10192;92
269;20230707;2;20;125;0;10190;86
269;20230707;3;20;117;0;10191;88
269;20230707;4;20;119;3;10193;88
269;20230707;5;20;145;30;10195;79
269;20230707;6;10;174;80;10197;74
269;20230707;7;20;201;134;10200;63
269;20230707;8;30;221;190;10202;54
269;20230707;9;40;236;240;10204;47
269;20230707;10;40;246;279;10204;43
269;20230707;11;40;252;308;10203;42
269;20230707;12;40;259;317;10199;38
269;20230707;13;40;267;318;10197;38
269;20230707;14;40;268;297;10195;35
269;20230707;15;50;270;261;10191;36
269;20230707;16;50;269;214;10189;36
269;20230707;17;50;266;158;10188;37
269;20230707;18;40;257;101;10185;42
269;20230707;19;30;230;47;10185;56
269;20230707;20;30;188;9;10186;73
269;20230707;21;30;177;0;10188;75
269;20230707;22;30;164;0;10188;78
269;20230707;23;30;161;0;10187;80
269;20230707;24;40;158;0;10186;84
269;20230708;1;40;150;0;10181;87
269;20230708;2;40;149;0;10177;86
269;20230708;3;40;144;0;10172;87
269;20230708;4;40;142;3;10173;87
269;20230708;5;30;156;27;10172;84
269;20230708;6;40;182;72;10171;75
269;20230708;7;50;204;126;10170;64
269;20230708;8;40;228;182;10169;58
269;20230708;9;40;247;232;10169;55
269;20230708;10;40;267;273;10169;48
269;20230708;11;30;284;299;10169;48
269;20230708;12;40;303;312;10164;39
269;20230708;13;40;312;307;10161;39
269;20230708;14;40;316;285;10161;37
269;20230708;15;40;318;249;10160;37
269;20230708;16;30;316;144;10160;35
269;20230708;17;30;305;119;10159;40
269;20230708;18;20;296;50;10158;47
269;20230708;19;20;286;40;10161;51
269;20230708;20;10;258;9;10164;64
269;20230708;21;10;233;0;10168;72
269;20230708;22;20;221;0;10167;73
269;20230708;23;10;224;0;10172;72
269;20230708;24;10;218;0;10172;74
269;20230709;1;10;215;0;10173;73
269;20230709;2;10;207;0;10174;77
269;20230709;3;10;204;0;10175;79
269;20230709;4;10;206;2;10175;77
269;20230709;5;10;204;18;10177;84
269;20230709;6;0;236;50;10178;74
269;20230709;7;10;253;107;10180;72
269;20230709;8;20;262;159;10185;65
269;20230709;9;30;264;207;10184;66
269;20230709;10;40;266;242;10182;54
269;20230709;11;40;283;277;10178;60
269;20230709;12;30;280;255;10176;56
269;20230709;13;40;276;188;10175;58
269;20230709;14;60;255;122;10178;65
269;20230709;15;60;221;74;10179;77
269;20230709;16;50;197;20;10190;92
269;20230709;17;40;198;16;10185;92
269;20230709;18;40;201;42;10192;90
269;20230709;19;30;199;20;10195;93
269;20230709;20;20;196;3;10192;93
269;20230709;21;10;194;0;10199;94
269;20230709;22;20;191;0;10199;93
269;20230709;23;30;188;0;10200;93
269;20230709;24;30;180;0;10199;89
269;20230710;1;20;180;0;10199;89
269;20230710;2;20;178;0;10198;90
269;20230710;3;30;176;0;10198;84
269;20230710;4;20;170;1;10201;87
269;20230710;5;20;166;13;10205;90
269;20230710;6;30;187;70;10206;84
269;20230710;7;40;200;131;10208;78
269;20230710;8;50;208;183;10211;74
269;20230710;9;50;218;224;10212;69
269;20230710;10;50;221;263;10213;66
269;20230710;11;60;229;276;10213;55
269;20230710;12;60;234;283;10212;57
269;20230710;13;60;238;248;10211;50
269;20230710;14;60;238;272;10211;48
269;20230710;15;50;235;264;10208;40
269;20230710;16;40;234;215;10203;43
269;20230710;17;30;234;158;10199;41
269;20230710;18;20;228;96;10195;42
269;20230710;19;20;204;38;10192;65
269;20230710;20;20;182;8;10186;75
269;20230710;21;20;181;0;10182;68
269;20230710;22;10;176;0;10179;76
269;20230710;23;20;188;0;10176;67
269;20230710;24;20;180;0;10170;68
269;20230711;1;10;166;0;10165;80
269;20230711;2;10;157;0;10158;84
269;20230711;3;10;148;0;10149;91
269;20230711;4;10;154;1;10142;88
269;20230711;5;20;175;22;10136;85
269;20230711;6;30;194;65;10129;77
269;20230711;7;30;210;93;10126;69
269;20230711;8;50;238;188;10122;58
269;20230711;9;60;259;249;10118;53
269;20230711;10;80;258;266;10115;51
269;20230711;11;90;274;288;10113;50
269;20230711;12;70;266;316;10111;52
269;20230711;13;80;262;250;10107;53
269;20230711;14;60;269;185;10105;55
269;20230711;15;50;252;209;10104;64
269;20230711;16;50;248;146;10101;64
269;20230711;17;50;247;104;10095;66
269;20230711;18;50;233;81;10093;69
269;20230711;19;30;225;27;10087;70
269;20230711;20;40;212;3;10084;75
269;20230711;21;40;185;0;10086;88
269;20230711;22;30;181;0;10087;90
269;20230711;23;20;161;0;10084;96
269;20230711;24;20;168;0;10082;96
269;20230712;1;40;174;0;10082;85
269;20230712;2;50;168;0;10085;92
269;20230712;3;40;165;0;10077;94
269;20230712;4;40;164;1;10078;93
269;20230712;5;50;166;14;10082;93
269;20230712;6;60;174;55;10087;90
269;20230712;7;70;170;59;10091;92
269;20230712;8;60;187;103;10095;83
269;20230712;9;60;195;112;10100;73
269;20230712;10;70;204;148;10105;71
269;20230712;11;70;202;220;10108;68
269;20230712;12;70;213;187;10112;59
269;20230712;13;70;203;221;10116;64
269;20230712;14;70;216;204;10120;56
269;20230712;15;70;206;196;10120;56
269;20230712;16;60;222;137;10120;52
269;20230712;17;70;211;156;10121;53
269;20230712;18;60;204;98;10120;56
269;20230712;19;50;191;46;10122;59
269;20230712;20;50;165;7;10126;67
269;20230712;21;40;167;0;10128;74
269;20230712;22;40;152;0;10127;87
269;20230712;23;40;164;0;10131;88
269;20230712;24;40;143;0;10128;93
269;20230713;1;30;153;0;10128;93
269;20230713;2;30;153;0;10129;92
269;20230713;3;40;143;0;10131;93
269;20230713;4;40;145;1;10134;93
269;20230713;5;30;156;25;10138;90
269;20230713;6;40;163;51;10141;91
269;20230713;7;50;178;72;10146;86
269;20230713;8;70;157;75;10150;85
269;20230713;9;50;181;107;10151;84
269;20230713;10;40;173;69;10155;86
269;20230713;11;50;207;131;10159;70
269;20230713;12;70;205;195;10162;64
269;20230713;13;70;207;293;10163;60
269;20230713;14;70;214;257;10166;62
269;20230713;15;60;214;226;10167;60
269;20230713;16;70;210;179;10168;56
269;20230713;17;60;202;144;10169;66
269;20230713;18;50;192;83;10170;69
269;20230713;19;40;185;36;10172;75
269;20230713;20;20;163;5;10174;83
269;20230713;21;20;162;0;10174;84
269;20230713;22;20;147;0;10175;87
269;20230713;23;20;144;0;10174;88
269;20230713;24;20;142;0;10173;87
269;20230714;1;20;133;0;10169;89
269;20230714;2;20;135;0;10167;90
269;20230714;3;10;133;0;10163;90
269;20230714;4;20;135;1;10162;92
269;20230714;5;30;146;23;10161;90
269;20230714;6;30;162;68;10157;83
269;20230714;7;40;175;119;10155;76
269;20230714;8;50;179;150;10152;74
269;20230714;9;50;190;182;10151;71
269;20230714;10;50;192;111;10148;70
269;20230714;11;40;207;205;10143;66
269;20230714;12;50;205;178;10139;60
269;20230714;13;40;207;144;10131;62
269;20230714;14;40;217;225;10124;57
269;20230714;15;40;218;159;10113;55
269;20230714;16;30;223;87;10100;55
269;20230714;17;20;215;38;10091;64
269;20230714;18;20;205;17;10085;74
269;20230714;19;30;203;16;10077;74
269;20230714;20;40;201;5;10071;73
269;20230714;21;40;202;0;10064;72
269;20230714;22;30;186;0;10054;84
269;20230714;23;30;199;0;10043;72
269;20230714;24;30;205;0;10035;68
269;20230715;1;40;214;0;10032;58
269;20230715;2;40;206;0;10033;60
269;20230715;3;40;180;0;10034;72
269;20230715;4;30;172;1;10035;78
269;20230715;5;30;195;25;10038;76
269;20230715;6;40;209;45;10041;75
269;20230715;7;60;221;92;10043;73
269;20230715;8;70;224;163;10046;69
269;20230715;9;70;230;165;10049;66
269;20230715;10;70;240;198;10051;69
269;20230715;11;60;243;184;10048;64
269;20230715;12;50;243;110;10044;65
269;20230715;13;80;253;222;10039;60
269;20230715;14;70;222;144;10039;77
269;20230715;15;60;253;116;10029;59
269;20230715;16;90;176;61;10048;94
269;20230715;17;70;192;76;10047;84
269;20230715;18;70;197;106;10049;75
269;20230715;19;50;190;36;10053;78
269;20230715;20;40;184;9;10058;77
269;20230715;21;50;175;0;10064;68
269;20230715;22;50;164;0;10067;68
269;20230715;23;50;161;0;10071;70
269;20230715;24;50;164;0;10071;73
269;20230716;1;60;165;0;10072;69
269;20230716;2;70;166;0;10072;68
269;20230716;3;80;164;0;10073;71
269;20230716;4;70;163;1;10077;73
269;20230716;5;90;169;25;10081;72
269;20230716;6;100;177;69;10086;68
269;20230716;7;110;185;124;10091;66
269;20230716;8;120;189;170;10096;66
269;20230716;9;120;192;147;10101;66
269;20230716;10;110;197;167;10108;66
269;20230716;11;100;201;135;10114;64
269;20230716;12;110;195;126;10117;62
269;20230716;13;100;208;114;10124;60
269;20230716;14;80;213;125;10128;60
269;20230716;15;80;210;124;10130;60
269;20230716;16;70;204;158;10130;64
269;20230716;17;60;213;125;10131;61
269;20230716;18;70;206;96;10133;59
269;20230716;19;50;192;26;10136;60
269;20230716;20;40;178;4;10138;70
269;20230716;21;30;167;0;10140;80
269;20230716;22;30;156;0;10140;85
269;20230716;23;40;173;0;10143;78
269;20230716;24;60;148;0;10143;82
269;20230717;1;40;152;0;10143;84
269;20230717;2;50;151;0;10145;82
269;20230717;3;50;144;0;10147;85
269;20230717;4;40;144;1;10148;86
269;20230717;5;50;151;21;10152;84
269;20230717;6;60;159;51;10157;83
269;20230717;7;60;167;80;10162;83
269;20230717;8;70;179;111;10167;70
269;20230717;9;70;179;171;10172;69
269;20230717;10;70;204;255;10174;57
269;20230717;11;70;186;207;10176;64
269;20230717;12;60;164;61;10181;84
269;20230717;13;60;197;209;10180;72
269;20230717;14;70;206;149;10182;58
269;20230717;15;80;202;147;10185;59
269;20230717;16;70;205;171;10187;57
269;20230717;17;70;203;157;10188;55
269;20230717;18;60;194;102;10192;59
269;20230717;19;60;178;43;10197;67
269;20230717;20;30;160;7;10203;78
269;20230717;21;20;145;0;10204;83
269;20230717;22;20;130;0;10206;89
269;20230717;23;30;134;0;10209;90
269;20230717;24;20;130;0;10205;91
269;20230718;1;10;125;0;10204;94
269;20230718;2;10;122;0;10203;95
269;20230718;3;20;125;0;10200;94
269;20230718;4;30;126;1;10200;93
269;20230718;5;30;133;16;10199;91
269;20230718;6;20;153;50;10199;86
269;20230718;7;40;165;113;10200;82
269;20230718;8;30;190;177;10198;79
269;20230718;9;40;199;218;10195;70
269;20230718;10;40;209;226;10192;66
269;20230718;11;40;219;241;10186;63
269;20230718;12;40;216;194;10182;61
269;20230718;13;40;223;118;10179;60
269;20230718;14;30;221;228;10175;55
269;20230718;15;40;225;215;10168;55
269;20230718;16;40;217;172;10167;50
269;20230718;17;30;210;86;10161;57
269;20230718;18;30;202;38;10159;67
269;20230718;19;30;191;14;10157;75
269;20230718;20;20;175;2;10155;85
269;20230718;21;10;171;0;10153;88
269;20230718;22;10;158;0;10147;91
269;20230718;23;20;157;0;10145;90
269;20230718;24;10;150;0;10141;91
269;20230719;1;10;146;0;10138;93
269;20230719;2;20;148;0;10135;91
269;20230719;3;20;158;0;10134;89
269;20230719;4;20;155;0;10135;87
269;20230719;5;10;157;13;10133;89
269;20230719;6;20;169;46;10134;83
269;20230719;7;20;181;84;10134;80
269;20230719;8;20;185;125;10135;75
269;20230719;9;30;189;167;10134;68
269;20230719;10;40;193;225;10135;70
269;20230719;11;50;200;203;10136;76
269;20230719;12;50;201;317;10135;69
269;20230719;13;50;205;243;10135;68
269;20230719;14;50;210;294;10135;63
269;20230719;15;60;207;208;10134;63
269;20230719;16;50;198;128;10134;67
269;20230719;17;40;192;151;10136;69
269;20230719;18;30;182;44;10138;72
269;20230719;19;30;181;22;10137;69
269;20230719;20;20;175;5;10138;73
269;20230719;21;20;169;0;10140;81
269;20230719;22;20;157;0;10141;95
269;20230719;23;30;153;0;10144;90
269;20230719;24;20;153;0;10144;91
269;20230720;1;20;146;0;10144;94
269;20230720;2;10;145;0;10144;92
269;20230720;3;10;136;0;10145;97
269;20230720;4;0;127;1;10148;99
269;20230720;5;10;131;29;10151;97
269;20230720;6;20;148;64;10153;87
269;20230720;7;20;173;123;10155;74
269;20230720;8;20;169;172;10157;70
269;20230720;9;20;185;184;10159;62
269;20230720;10;20;187;240;10158;58
269;20230720;11;20;191;203;10156;62
269;20230720;12;30;197;265;10153;56
269;20230720;13;40;202;293;10151;56
269;20230720;14;30;208;219;10148;57
269;20230720;15;30;199;241;10145;61
269;20230720;16;30;200;160;10141;59
269;20230720;17;30;194;146;10139;56
269;20230720;18;30;189;94;10137;60
269;20230720;19;30;176;42;10135;65
269;20230720;20;20;165;3;10137;72
269;20230720;21;10;148;0;10135;81
269;20230720;22;0;138;0;10134;88
269;20230720;23;10;140;0;10131;86
269;20230720;24;10;138;0;10127;87
269;20230721;1;0;136;0;10125;88
269;20230721;2;0;136;0;10120;89
269;20230721;3;10;134;0;10117;90
269;20230721;4;10;129;1;10115;91
269;20230721;5;10;132;17;10112;92
269;20230721;6;10;157;64;10112;84
269;20230721;7;10;175;100;10110;73
269;20230721;8;30;174;94;10111;69
269;20230721;9;30;180;105;10111;69
269;20230721;10;30;201;229;10108;57
269;20230721;11;30;196;233;10107;57
269;20230721;12;50;156;100;10112;82
269;20230721;13;40;175;94;10110;76
269;20230721;14;50;156;89;10110;89
269;20230721;15;50;182;155;10112;62
269;20230721;16;60;176;141;10116;58
269;20230721;17;60;184;95;10118;57
269;20230721;18;60;172;63;10122;63
269;20230721;19;50;161;35;10125;69
269;20230721;20;40;153;5;10130;71
269;20230721;21;40;147;0;10134;78
269;20230721;22;30;143;0;10135;81
269;20230721;23;20;131;0;10135;88
269;20230721;24;20;124;0;10134;92
269;20230722;1;20;131;0;10132;90
269;20230722;2;30;122;0;10129;95
269;20230722;3;20;121;0;10126;95
269;20230722;4;20;124;1;10126;94
269;20230722;5;20;133;12;10126;93
269;20230722;6;30;145;25;10126;88
269;20230722;7;40;164;63;10124;84
269;20230722;8;50;168;82;10124;85
269;20230722;9;50;181;106;10121;76
269;20230722;10;70;163;86;10124;84
269;20230722;11;60;164;47;10123;86
269;20230722;12;60;168;55;10121;86
269;20230722;13;50;182;123;10119;78
269;20230722;14;60;183;83;10117;64
269;20230722;15;60;177;50;10115;69
269;20230722;16;50;178;47;10113;71
269;20230722;17;50;177;34;10110;72
269;20230722;18;40;171;25;10106;79
269;20230722;19;40;160;7;10106;84
269;20230722;20;60;150;1;10104;91
269;20230722;21;40;149;0;10100;90
269;20230722;22;60;150;0;10095;90
269;20230722;23;50;150;0;10089;89
269;20230722;24;60;148;0;10086;91
269;20230723;1;40;148;0;10075;92
269;20230723;2;40;152;0;10068;88
269;20230723;3;40;151;0;10060;90
269;20230723;4;30;148;0;10053;94
269;20230723;5;30;153;5;10046;89
269;20230723;6;50;158;19;10044;89
269;20230723;7;70;155;35;10045;92
269;20230723;8;80;154;47;10045;93
269;20230723;9;80;162;57;10045;90
269;20230723;10;80;165;47;10045;89
269;20230723;11;80;168;58;10046;92
269;20230723;12;90;185;115;10044;86
269;20230723;13;90;207;151;10044;79
269;20230723;14;100;223;211;10044;63
269;20230723;15;110;226;217;10043;61
269;20230723;16;100;222;196;10043;61
269;20230723;17;90;213;90;10040;65
269;20230723;18;90;203;73;10039;68
269;20230723;19;70;194;22;10037;72
269;20230723;20;40;185;3;10039;78
269;20230723;21;30;165;0;10041;87
269;20230723;22;40;170;0;10040;86
269;20230723;23;40;178;0;10040;89
269;20230723;24;50;166;0;10034;91
269;20230724;1;40;172;0;10031;90
269;20230724;2;40;166;0;10027;91
269;20230724;3;30;167;0;10023;91
269;20230724;4;30;169;0;10019;90
269;20230724;5;30;170;5;10020;90
269;20230724;6;40;176;24;10020;87
269;20230724;7;50;184;53;10020;83
269;20230724;8;60;197;116;10019;77
269;20230724;9;70;211;167;10018;70
269;20230724;10;70;202;176;10014;71
269;20230724;11;70;215;178;10015;68
269;20230724;12;70;205;234;10014;67
269;20230724;13;70;193;126;10017;80
269;20230724;14;60;203;164;10018;74
269;20230724;15;60;179;141;10025;78
269;20230724;16;60;167;47;10033;75
269;20230724;17;50;164;41;10040;75
269;20230724;18;40;162;28;10045;77
269;20230724;19;40;161;11;10051;74
269;20230724;20;40;159;2;10057;69
269;20230724;21;30;148;0;10062;75
269;20230724;22;20;143;0;10063;77
269;20230724;23;20;145;0;10065;75
269;20230724;24;20;138;0;10064;76
269;20230725;1;20;133;0;10064;80
269;20230725;2;20;112;0;10063;87
269;20230725;3;20;112;0;10060;90
269;20230725;4;20;117;0;10062;94
269;20230725;5;10;130;5;10064;92
269;20230725;6;30;150;19;10067;71
269;20230725;7;40;160;78;10068;62
269;20230725;8;40;169;172;10069;62
269;20230725;9;50;173;172;10074;58
269;20230725;10;50;178;244;10079;56
269;20230725;11;50;165;249;10081;64
269;20230725;12;50;174;187;10082;54
269;20230725;13;50;177;169;10085;61
269;20230725;14;50;173;221;10087;62
269;20230725;15;50;176;197;10090;57
269;20230725;16;50;178;155;10092;58
269;20230725;17;50;178;120;10093;58
269;20230725;18;50;168;70;10096;61
269;20230725;19;60;147;18;10101;71
269;20230725;20;30;140;1;10104;81
269;20230725;21;20;139;0;10106;84
269;20230725;22;30;134;0;10108;82
269;20230725;23;30;120;0;10107;83
269;20230725;24;20;112;0;10107;87
269;20230726;1;30;103;0;10106;89
269;20230726;2;20;92;0;10106;91
269;20230726;3;20;100;0;10105;91
269;20230726;4;10;107;0;10105;93
269;20230726;5;20;119;6;10107;93
269;20230726;6;20;131;25;10110;89
269;20230726;7;30;129;9;10116;94
269;20230726;8;40;156;141;10116;81
269;20230726;9;50;173;219;10116;75
269;20230726;10;50;180;194;10116;67
269;20230726;11;60;183;246;10115;65
269;20230726;12;60;198;245;10117;59
269;20230726;13;70;184;260;10121;65
269;20230726;14;70;199;277;10122;61
269;20230726;15;70;198;251;10124;57
269;20230726;16;60;192;208;10123;58
269;20230726;17;60;192;147;10119;59
269;20230726;18;50;186;88;10118;58
269;20230726;19;30;156;27;10117;71
269;20230726;20;20;144;2;10116;73
269;20230726;21;20;145;0;10112;71
269;20230726;22;20;134;0;10105;78
269;20230726;23;20;140;0;10099;78
269;20230726;24;20;140;0;10093;79
269;20230727;1;20;143;0;10084;78
269;20230727;2;40;141;0;10080;88
269;20230727;3;30;137;0;10071;95
269;20230727;4;30;137;0;10060;97
269;20230727;5;30;140;2;10049;97
269;20230727;6;40;142;7;10042;97
269;20230727;7;40;149;15;10035;97
269;20230727;8;40;160;38;10029;97
269;20230727;9;40;171;59;10027;97
269;20230727;10;40;177;48;10025;96
269;20230727;11;40;183;79;10025;95
269;20230727;12;40;186;77;10023;95
269;20230727;13;60;187;92;10022;93
269;20230727;14;60;190;69;10025;95
269;20230727;15;60;188;70;10024;96
269;20230727;16;60;188;51;10026;97
269;20230727;17;60;190;37;10025;93
269;20230727;18;60;186;15;10027;94
269;20230727;19;60;186;5;10029;93
269;20230727;20;60;183;1;10033;94
269;20230727;21;50;182;0;10032;94
269;20230727;22;60;183;0;10033;93
269;20230727;23;50;183;0;10036;93
269;20230727;24;60;181;0;10034;94
269;20230728;1;50;182;0;10035;95
269;20230728;2;50;181;0;10036;95
269;20230728;3;40;180;0;10037;95
269;20230728;4;40;174;0;10041;97
269;20230728;5;30;184;7;10044;96
269;20230728;6;30;189;19;10046;95
269;20230728;7;40;195;38;10052;93
269;20230728;8;40;192;29;10058;94
269;20230728;9;40;193;26;10062;94
269;20230728;10;40;209;83;10064;86
269;20230728;11;40;212;88;10066;83
269;20230728;12;50;215;189;10068;81
269;20230728;13;50;222;174;10070;76
269;20230728;14;60;222;221;10071;74
269;20230728;15;50;229;205;10071;71
269;20230728;16;40;229;163;10068;71
269;20230728;17;40;216;67;10069;74
269;20230728;18;50;203;27;10070;79
269;20230728;19;30;199;13;10070;82
269;20230728;20;30;182;1;10072;87
269;20230728;21;20;174;0;10073;92
269;20230728;22;20;182;0;10070;90
269;20230728;23;30;171;0;10068;93
269;20230728;24;20;162;0;10067;93
269;20230729;1;30;160;0;10063;91
269;20230729;2;30;166;0;10060;89
269;20230729;3;30;158;0;10057;91
269;20230729;4;30;158;0;10054;95
269;20230729;5;40;163;5;10057;93
269;20230729;6;40;173;38;10058;89
269;20230729;7;50;185;69;10059;85
269;20230729;8;50;191;90;10061;83
269;20230729;9;60;202;116;10062;81
269;20230729;10;70;198;113;10063;76
269;20230729;11;60;210;208;10062;70
269;20230729;12;70;208;134;10064;74
269;20230729;13;60;205;133;10065;76
269;20230729;14;70;222;198;10065;69
269;20230729;15;50;216;161;10066;73
269;20230729;16;70;220;184;10063;60
269;20230729;17;70;211;136;10064;63
269;20230729;18;70;209;83;10067;58
269;20230729;19;40;189;32;10070;71
269;20230729;20;30;160;2;10073;80
269;20230729;21;30;154;0;10075;86
269;20230729;22;40;160;0;10074;88
269;20230729;23;40;156;0;10076;89
269;20230729;24;40;152;0;10077;89
269;20230730;1;40;152;0;10079;90
269;20230730;2;50;152;0;10081;90
269;20230730;3;50;152;0;10080;91
269;20230730;4;40;154;0;10081;92
269;20230730;5;40;156;6;10083;93
269;20230730;6;50;162;31;10085;92
269;20230730;7;50;167;47;10086;89
269;20230730;8;60;168;54;10087;89
269;20230730;9;80;181;86;10087;82
269;20230730;10;80;191;152;10094;73
269;20230730;11;100;197;269;10096;61
269;20230730;12;90;201;206;10101;61
269;20230730;13;90;199;155;10102;59
269;20230730;14;100;206;210;10105;57
269;20230730;15;90;195;125;10106;61
269;20230730;16;90;195;115;10106;59
269;20230730;17;80;192;59;10103;68
269;20230730;18;90;183;36;10103;75
269;20230730;19;70;178;12;10101;80
269;20230730;20;70;172;1;10098;85
269;20230730;21;70;164;0;10095;92
269;20230730;22;70;156;0;10092;92
269;20230730;23;60;152;0;10088;95
269;20230730;24;60;151;0;10084;97
269;20230731;1;60;164;0;10079;96
269;20230731;2;50;167;0;10075;96
269;20230731;3;70;169;0;10069;93
269;20230731;4;70;166;0;10068;94
269;20230731;5;60;165;3;10063;94
269;20230731;6;70;161;12;10058;96
269;20230731;7;80;163;24;10052;96
269;20230731;8;80;169;46;10049;97
269;20230731;9;80;176;71;10046;96
269;20230731;10;80;183;102;10044;97
269;20230731;11;70;191;76;10043;92
269;20230731;12;80;194;103;10042;92
269;20230731;13;80;201;96;10039;89
269;20230731;14;70;196;91;10034;87
269;20230731;15;70;187;38;10032;93
269;20230731;16;60;185;32;10021;94
269;20230731;17;50;177;10;10014;96
269;20230731;18;60;181;25;10007;94
269;20230731;19;60;179;4;10003;94
269;20230731;20;50;165;4;10001;93
269;20230731;21;40;170;0;9996;93
269;20230731;22;50;166;0;9989;93
269;20230731;23;40;165;0;9984;92
269;20230731;24;50;157;0;9977;94
269;20230801;1;40;149;0;9971;94
269;20230801;2;40;144;0;9968;95
269;20230801;3;50;158;0;9968;91
269;20230801;4;30;148;0;9967;95
269;20230801;5;40;158;3;9965;93
269;20230801;6;50;164;21;9969;89
269;20230801;7;60;173;57;9971;84
269;20230801;8;70;179;94;9973;80
269;20230801;9;90;172;107;9978;81
269;20230801;10;80;192;152;9982;73
269;20230801;11;90;200;225;9986;68
269;20230801;12;90;190;225;9993;74
269;20230801;13;80;188;149;9995;71
269;20230801;14;90;183;167;10001;76
269;20230801;15;90;179;148;10004;76
269;20230801;16;70;167;92;10006;89
269;20230801;17;70;153;78;10010;92
269;20230801;18;50;169;47;10009;85
269;20230801;19;50;164;12;10011;85
269;20230801;20;30;166;1;10015;83
269;20230801;21;30;164;0;10015;86
269;20230801;22;20;161;0;10012;90
269;20230801;23;20;160;0;10010;89
269;20230801;24;20;151;0;10004;91
269;20230802;1;30;151;0;9998;95
269;20230802;2;30;147;0;9991;93
269;20230802;3;40;147;0;9981;93
269;20230802;4;30;145;0;9972;95
269;20230802;5;30;151;6;9959;93
269;20230802;6;40;153;10;9945;92
269;20230802;7;40;154;10;9936;95
269;20230802;8;40;156;21;9917;95
269;20230802;9;40;160;43;9907;97
269;20230802;10;50;170;61;9897;96
269;20230802;11;50;197;159;9886;89
269;20230802;12;70;214;221;9883;70
269;20230802;13;100;215;223;9881;63
269;20230802;14;110;216;274;9884;59
269;20230802;15;110;207;216;9885;58
269;20230802;16;110;205;159;9885;64
269;20230802;17;100;186;51;9887;69
269;20230802;18;70;178;33;9887;75
269;20230802;19;40;160;9;9886;94
269;20230802;20;40;162;0;9884;94
269;20230802;21;50;165;0;9882;93
269;20230802;22;50;168;0;9875;91
269;20230802;23;60;164;0;9872;94
269;20230802;24;60;164;0;9872;95
269;20230803;1;60;166;0;9877;95
269;20230803;2;60;167;0;9887;94
269;20230803;3;50;161;0;9891;95
269;20230803;4;40;154;0;9899;97
269;20230803;5;40;168;9;9905;95
269;20230803;6;40;171;18;9914;94
269;20230803;7;40;173;37;9925;93
269;20230803;8;30;184;62;9937;88
269;20230803;9;40;197;157;9950;78
269;20230803;10;60;196;182;9962;79
269;20230803;11;70;189;142;9975;83
269;20230803;12;80;183;110;9991;81
269;20230803;13;80;178;127;10006;87
269;20230803;14;70;181;81;10020;82
269;20230803;15;60;170;50;10033;94
269;20230803;16;60;178;89;10044;79
269;20230803;17;50;175;51;10051;80
269;20230803;18;50;176;40;10059;76
269;20230803;19;40;170;15;10068;80
269;20230803;20;30;164;0;10076;84
269;20230803;21;30;163;0;10084;87
269;20230803;22;20;164;0;10088;82
269;20230803;23;30;163;0;10091;81
269;20230803;24;30;154;0;10092;87
269;20230804;1;20;153;0;10094;90
269;20230804;2;30;163;0;10097;86
269;20230804;3;30;160;0;10101;87
269;20230804;4;30;157;0;10105;92
269;20230804;5;20;164;3;10110;83
269;20230804;6;30;156;19;10116;91
269;20230804;7;30;169;49;10121;85
269;20230804;8;30;171;78;10127;82
269;20230804;9;40;181;127;10132;78
269;20230804;10;30;179;87;10134;81
269;20230804;11;30;178;138;10139;87
269;20230804;12;40;183;149;10143;76
269;20230804;13;40;191;201;10146;71
269;20230804;14;40;163;129;10154;87
269;20230804;15;30;172;121;10154;82
269;20230804;16;40;186;118;10156;78
269;20230804;17;40;177;57;10158;79
269;20230804;18;30;179;80;10160;77
269;20230804;19;20;167;14;10164;82
269;20230804;20;20;160;1;10171;85
269;20230804;21;10;158;0;10173;86
269;20230804;22;10;152;0;10172;89
269;20230804;23;10;148;0;10172;93
269;20230804;24;10;138;0;10168;93
269;20230805;1;10;144;0;10163;94
269;20230805;2;20;144;0;10161;92
269;20230805;3;10;144;0;10157;91
269;20230805;4;20;144;0;10151;91
269;20230805;5;20;147;7;10144;90
269;20230805;6;30;155;35;10139;86
269;20230805;7;30;163;62;10138;86
269;20230805;8;40;168;89;10131;85
269;20230805;9;50;188;130;10124;75
269;20230805;10;60;194;224;10114;69
269;20230805;11;50;197;173;10105;69
269;20230805;12;60;162;108;10103;79
269;20230805;13;30;154;30;10097;93
269;20230805;14;50;154;28;10094;83
269;20230805;15;30;158;55;10086;83
269;20230805;16;30;158;74;10081;82
269;20230805;17;30;156;41;10073;84
269;20230805;18;30;154;14;10070;89
269;20230805;19;20;147;3;10067;92
269;20230805;20;30;146;0;10063;93
269;20230805;21;30;146;0;10060;96
269;20230805;22;30;146;0;10056;96
269;20230805;23;30;145;0;10049;96
269;20230805;24;30;145;0;10047;97
269;20230806;1;30;143;0;10046;98
269;20230806;2;30;143;0;10046;98
269;20230806;3;20;143;0;10044;98
269;20230806;4;30;142;0;10043;98
269;20230806;5;30;143;3;10046;98
269;20230806;6;30;146;19;10050;96
269;20230806;7;30;154;54;10054;93
269;20230806;8;20;159;58;10056;92
269;20230806;9;30;161;49;10058;90
269;20230806;10;30;166;56;10062;87
269;20230806;11;50;160;39;10065;87
269;20230806;12;60;154;32;10069;92
269;20230806;13;50;160;34;10073;86
269;20230806;14;60;178;190;10078;80
269;20230806;15;50;170;99;10085;80
269;20230806;16;80;161;46;10097;79
269;20230806;17;70;156;40;10100;81
269;20230806;18;80;152;18;10105;85
269;20230806;19;60;152;9;10101;88
269;20230806;20;70;149;0;10100;94
269;20230806;21;70;149;0;10104;93
269;20230806;22;80;146;0;10110;89
269;20230806;23;70;143;0;10108;92
269;20230806;24;70;144;0;10113;92
269;20230807;1;70;145;0;10115;84
269;20230807;2;70;147;0;10115;86
269;20230807;3;80;144;0;10115;92
269;20230807;4;70;145;0;10117;93
269;20230807;5;60;148;1;10122;88
269;20230807;6;60;152;19;10129;82
269;20230807;7;60;156;51;10135;76
269;20230807;8;70;159;111;10142;66
269;20230807;9;80;171;197;10147;61
269;20230807;10;80;178;252;10151;55
269;20230807;11;70;177;255;10155;61
269;20230807;12;70;175;289;10157;58
269;20230807;13;80;176;224;10159;61
269;20230807;14;80;179;216;10162;58
269;20230807;15;80;177;187;10165;60
269;20230807;16;80;175;194;10166;60
269;20230807;17;70;171;136;10164;62
269;20230807;18;60;165;74;10159;69
269;20230807;19;50;152;25;10155;77
269;20230807;20;50;141;1;10154;80
269;20230807;21;30;123;0;10148;89
269;20230807;22;30;129;0;10141;91
269;20230807;23;30;135;0;10137;92
269;20230807;24;30;135;0;10133;94
269;20230808;1;30;138;0;10130;95
269;20230808;2;40;150;0;10127;86
269;20230808;3;40;143;0;10123;83
269;20230808;4;40;140;0;10119;82
269;20230808;5;40;139;7;10119;83
269;20230808;6;50;156;46;10121;75
269;20230808;7;60;167;104;10121;70
269;20230808;8;80;169;133;10120;69
269;20230808;9;80;168;142;10120;71
269;20230808;10;80;161;121;10122;80
269;20230808;11;100;185;221;10122;67
269;20230808;12;100;182;254;10122;63
269;20230808;13;90;190;199;10123;66
269;20230808;14;100;183;177;10127;65
269;20230808;15;90;177;124;10127;66
269;20230808;16;60;170;51;10128;73
269;20230808;17;50;144;21;10128;91
269;20230808;18;30;148;19;10125;91
269;20230808;19;40;145;2;10122;95
269;20230808;20;30;143;0;10120;96
269;20230808;21;30;135;0;10120;96
269;20230808;22;30;133;0;10118;96
269;20230808;23;30;124;0;10119;98
269;20230808;24;20;113;0;10119;99
269;20230809;1;10;107;0;10121;99
269;20230809;2;20;99;0;10123;99
269;20230809;3;20;113;0;10128;99
269;20230809;4;10;118;0;10132;99
269;20230809;5;20;113;5;10137;99
269;20230809;6;20;130;36;10142;99
269;20230809;7;30;143;94;10148;98
269;20230809;8;30;160;118;10150;92
269;20230809;9;30;181;196;10156;83
269;20230809;10;30;191;165;10156;69
269;20230809;11;30;196;163;10159;66
269;20230809;12;60;206;200;10164;62
269;20230809;13;60;199;283;10170;60
269;20230809;14;60;194;272;10176;62
269;20230809;15;60;190;232;10182;57
269;20230809;16;60;185;189;10186;57
269;20230809;17;50;172;109;10188;66
269;20230809;18;30;165;32;10192;70
269;20230809;19;20;156;9;10195;75
269;20230809;20;20;144;0;10198;81
269;20230809;21;10;128;0;10200;87
269;20230809;22;10;117;0;10202;91
269;20230809;23;10;128;0;10204;93
269;20230809;24;10;134;0;10207;91
269;20230810;1;10;134;0;10208;92
269;20230810;2;20;125;0;10209;95
269;20230810;3;10;134;0;10210;92
269;20230810;4;10;133;0;10209;92
269;20230810;5;10;133;4;10210;92
269;20230810;6;10;143;35;10212;88
269;20230810;7;20;162;91;10213;80
269;20230810;8;20;177;81;10214;72
269;20230810;9;30;187;102;10215;68
269;20230810;10;40;198;147;10213;64
269;20230810;11;40;204;224;10213;64
269;20230810;12;40;210;188;10211;63
269;20230810;13;40;208;162;10210;58
269;20230810;14;40;213;155;10211;59
269;20230810;15;30;217;150;10211;60
269;20230810;16;20;218;126;10208;56
269;20230810;17;20;220;119;10208;54
269;20230810;18;20;205;68;10207;65
269;20230810;19;20;189;19;10207;70
269;20230810;20;10;163;0;10210;83
269;20230810;21;10;158;0;10211;85
269;20230810;22;10;159;0;10208;85
269;20230810;23;10;158;0;10206;88
269;20230810;24;10;156;0;10204;89
269;20230811;1;20;155;0;10202;87
269;20230811;2;20;158;0;10198;86
269;20230811;3;20;156;0;10196;86
269;20230811;4;20;156;0;10194;85
269;20230811;5;20;158;6;10189;85
269;20230811;6;20;176;40;10188;81
269;20230811;7;30;198;99;10189;70
269;20230811;8;30;217;150;10189;69
269;20230811;9;40;239;198;10187;61
269;20230811;10;40;257;235;10188;59
269;20230811;11;40;265;245;10185;59
269;20230811;12;50;268;270;10184;57
269;20230811;13;60;272;250;10182;57
269;20230811;14;50;257;185;10183;63
269;20230811;15;50;242;144;10183;70
269;20230811;16;50;241;103;10182;70
269;20230811;17;50;223;47;10182;77
269;20230811;18;50;212;27;10181;80
269;20230811;19;30;203;6;10183;84
269;20230811;20;20;195;0;10182;88
269;20230811;21;20;193;0;10177;90
269;20230811;22;20;194;0;10177;90
269;20230811;23;20;190;0;10176;91
269;20230811;24;30;186;0;10172;93
269;20230812;1;30;183;0;10169;94
269;20230812;2;30;188;0;10164;93
269;20230812;3;30;189;0;10158;94
269;20230812;4;30;193;0;10153;94
269;20230812;5;20;193;4;10147;96
269;20230812;6;20;196;10;10145;96
269;20230812;7;20;195;6;10143;97
269;20230812;8;30;191;12;10139;98
269;20230812;9;20;191;21;10141;98
269;20230812;10;40;173;43;10145;96
269;20230812;11;40;197;141;10146;86
269;20230812;12;60;216;266;10146;70
269;20230812;13;60;227;290;10147;64
269;20230812;14;60;230;252;10149;61
269;20230812;15;60;226;185;10150;58
269;20230812;16;60;215;99;10151;63
269;20230812;17;60;213;110;10151;58
269;20230812;18;50;203;67;10152;61
269;20230812;19;50;192;19;10156;67
269;20230812;20;40;168;0;10161;79
269;20230812;21;40;168;0;10159;78
269;20230812;22;40;165;0;10160;81
269;20230812;23;30;161;0;10160;84
269;20230812;24;30;163;0;10159;85
269;20230813;1;50;172;0;10158;83
269;20230813;2;50;162;0;10157;87
269;20230813;3;40;165;0;10156;87
269;20230813;4;40;156;0;10157;90
269;20230813;5;40;153;5;10158;92
269;20230813;6;40;163;30;10159;90
269;20230813;7;50;182;94;10161;84
269;20230813;8;50;196;149;10161;77
269;20230813;9;70;205;180;10161;74
269;20230813;10;70;202;164;10159;72
269;20230813;11;60;209;135;10157;71
269;20230813;12;60;214;134;10156;69
269;20230813;13;60;217;195;10155;69
269;20230813;14;50;215;94;10154;72
269;20230813;15;50;199;66;10154;78
269;20230813;16;50;214;155;10153;65
269;20230813;17;50;209;90;10151;66
269;20230813;18;30;195;30;10152;70
269;20230813;19;10;183;10;10154;79
269;20230813;20;10;161;0;10157;88
269;20230813;21;10;154;0;10157;90
269;20230813;22;10;155;0;10157;90
269;20230813;23;10;146;0;10160;91
269;20230813;24;10;141;0;10159;94
269;20230814;1;10;147;0;10154;94
269;20230814;2;20;142;0;10151;96
269;20230814;3;20;141;0;10146;97
269;20230814;4;20;132;0;10148;98
269;20230814;5;30;145;5;10146;96
269;20230814;6;20;157;27;10146;93
269;20230814;7;30;175;58;10148;89
269;20230814;8;30;198;129;10148;78
269;20230814;9;30;218;194;10147;68
269;20230814;10;40;232;247;10143;65
269;20230814;11;40;228;242;10139;63
269;20230814;12;50;243;227;10137;58
269;20230814;13;50;248;286;10132;53
269;20230814;14;50;255;225;10127;53
269;20230814;15;40;254;215;10124;53
269;20230814;16;30;253;149;10122;52
269;20230814;17;30;248;72;10122;58
269;20230814;18;30;239;55;10122;60
269;20230814;19;10;216;4;10123;70
269;20230814;20;10;189;0;10127;85
269;20230814;21;20;183;0;10123;86
269;20230814;22;10;171;0;10120;91
269;20230814;23;10;168;0;10120;94
269;20230814;24;20;181;0;10120;86
269;20230815;1;10;177;0;10116;87
269;20230815;2;20;163;0;10116;92
269;20230815;3;20;165;0;10122;93
269;20230815;4;20;153;0;10122;93
269;20230815;5;30;157;1;10126;95
269;20230815;6;30;180;30;10134;93
269;20230815;7;40;197;97;10141;87
269;20230815;8;50;199;84;10145;84
269;20230815;9;50;206;120;10148;81
269;20230815;10;50;217;128;10152;76
269;20230815;11;40;213;99;10158;88
269;20230815;12;40;194;93;10163;93
269;20230815;13;30;205;97;10166;91
269;20230815;14;30;218;164;10167;75
269;20230815;15;40;225;203;10169;65
269;20230815;16;50;213;177;10173;65
269;20230815;17;50;207;123;10177;63
269;20230815;18;40;200;66;10181;65
269;20230815;19;20;185;16;10186;71
269;20230815;20;0;159;0;10189;84
269;20230815;21;0;147;0;10193;89
269;20230815;22;0;139;0;10198;94
269;20230815;23;0;134;0;10198;96
269;20230815;24;0;131;0;10197;97
269;20230816;1;10;122;0;10200;97
269;20230816;2;0;124;0;10203;97
269;20230816;3;10;122;0;10203;98
269;20230816;4;10;124;0;10205;97
269;20230816;5;0;121;4;10208;97
269;20230816;6;10;145;38;10211;97
269;20230816;7;20;181;108;10214;82
269;20230816;8;30;192;161;10218;78
269;20230816;9;40;206;175;10220;73
269;20230816;10;40;212;250;10220;69
269;20230816;11;40;222;276;10219;63
269;20230816;12;40;227;295;10218;59
269;20230816;13;40;230;234;10213;59
269;20230816;14;50;234;228;10213;58
269;20230816;15;50;235;187;10214;58
269;20230816;16;50;227;107;10211;58
269;20230816;17;50;219;57;10209;63
269;20230816;18;40;208;27;10208;70
269;20230816;19;60;196;10;10213;73
269;20230816;20;60;181;1;10218;76
269;20230816;21;50;172;0;10218;82
269;20230816;22;50;169;0;10220;84
269;20230816;23;50;163;0;10217;86
269;20230816;24;50;158;0;10218;87
269;20230817;1;50;157;0;10215;86
269;20230817;2;40;149;0;10214;89
269;20230817;3;40;150;0;10211;89
269;20230817;4;40;152;0;10211;88
269;20230817;5;50;152;2;10210;88
269;20230817;6;50;159;18;10210;86
269;20230817;7;60;166;49;10212;84
269;20230817;8;70;176;91;10212;80
269;20230817;9;70;192;157;10211;74
269;20230817;10;70;197;218;10208;72
269;20230817;11;70;195;141;10206;76
269;20230817;12;60;194;112;10204;76
269;20230817;13;60;200;120;10202;77
269;20230817;14;60;195;84;10202;78
269;20230817;15;60;196;54;10199;79
269;20230817;16;50;194;31;10194;80
269;20230817;17;50;193;17;10191;82
269;20230817;18;40;188;8;10190;84
269;20230817;19;40;186;2;10193;85
269;20230817;20;40;186;0;10194;84
269;20230817;21;40;183;0;10196;82
269;20230817;22;40;174;0;10195;84
269;20230817;23;50;168;0;10193;86
269;20230817;24;40;165;0;10191;87
269;20230818;1;40;162;0;10189;89
269;20230818;2;40;157;0;10185;94
269;20230818;3;30;154;0;10183;96
269;20230818;4;30;152;0;10180;98
269;20230818;5;30;155;1;10178;96
269;20230818;6;30;161;14;10178;94
269;20230818;7;40;170;45;10173;90
269;20230818;8;40;178;79;10174;88
269;20230818;9;30;192;122;10173;84
269;20230818;10;40;196;133;10173;83
269;20230818;11;30;214;208;10166;78
269;20230818;12;30;229;266;10160;76
269;20230818;13;30;245;262;10156;73
269;20230818;14;30;250;238;10153;72
269;20230818;15;30;256;168;10149;73
269;20230818;16;40;248;92;10145;74
269;20230818;17;40;244;69;10143;77
269;20230818;18;40;240;39;10138;79
269;20230818;19;30;229;6;10140;82
269;20230818;20;20;209;0;10140;90
269;20230818;21;20;193;0;10139;95
269;20230818;22;20;190;0;10135;96
269;20230818;23;20;196;0;10129;95
269;20230818;24;20;190;0;10124;97
269;20230819;1;20;188;0;10122;98
269;20230819;2;20;193;0;10116;97
269;20230819;3;20;217;0;10113;91
269;20230819;4;10;215;0;10111;92
269;20230819;5;20;223;1;10111;87
269;20230819;6;20;228;6;10113;85
269;20230819;7;20;238;24;10116;82
269;20230819;8;30;251;72;10120;77
269;20230819;9;30;251;68;10125;79
269;20230819;10;50;271;149;10134;76
269;20230819;11;60;244;104;10144;75
269;20230819;12;50;242;131;10157;72
269;20230819;13;60;244;123;10165;75
269;20230819;14;60;222;38;10174;81
269;20230819;15;50;216;75;10182;74
269;20230819;16;60;227;181;10179;67
269;20230819;17;50;228;109;10184;65
269;20230819;18;40;214;58;10188;70
269;20230819;19;30;194;6;10193;75
269;20230819;20;10;186;0;10197;83
269;20230819;21;10;179;0;10200;87
269;20230819;22;20;175;0;10201;85
269;20230819;23;20;168;0;10201;86
269;20230819;24;10;156;0;10203;89
269;20230820;1;10;158;0;10207;90
269;20230820;2;10;153;0;10213;91
269;20230820;3;20;153;0;10209;93
269;20230820;4;10;143;0;10212;95
269;20230820;5;20;148;3;10214;94
269;20230820;6;20;170;34;10216;89
269;20230820;7;30;190;89;10218;86
269;20230820;8;30;202;147;10221;81
269;20230820;9;40;218;199;10225;74
269;20230820;10;40;230;238;10227;68
269;20230820;11;40;232;237;10227;65
269;20230820;12;30;239;275;10226;62
269;20230820;13;40;244;271;10228;61
269;20230820;14;40;242;255;10227;61
269;20230820;15;40;243;218;10226;59
269;20230820;16;30;231;149;10225;60
269;20230820;17;30;230;105;10225;61
269;20230820;18;30;223;62;10225;64
269;20230820;19;10;207;13;10228;73
269;20230820;20;10;188;0;10231;84
269;20230820;21;10;171;0;10233;90
269;20230820;22;10;167;0;10234;91
269;20230820;23;10;159;0;10231;95
269;20230820;24;10;152;0;10232;95
269;20230821;1;0;147;0;10231;97
269;20230821;2;10;147;0;10233;96
269;20230821;3;0;138;0;10233;97
269;20230821;4;10;136;0;10231;95
269;20230821;5;10;138;2;10232;97
269;20230821;6;10;150;21;10236;97
269;20230821;7;10;186;75;10236;85
269;20230821;8;10;212;137;10237;75
269;20230821;9;20;227;189;10238;68
269;20230821;10;30;236;230;10236;61
269;20230821;11;30;241;245;10236;54
269;20230821;12;30;247;234;10234;61
269;20230821;13;30;246;226;10232;57
269;20230821;14;40;243;248;10231;62
269;20230821;15;40;238;213;10227;58
269;20230821;16;40;234;165;10223;62
269;20230821;17;30;227;110;10220;63
269;20230821;18;20;219;51;10218;67
269;20230821;19;10;202;9;10220;73
269;20230821;20;10;188;0;10221;78
269;20230821;21;10;168;0;10221;90
269;20230821;22;10;163;0;10218;94
269;20230821;23;10;161;0;10217;93
269;20230821;24;10;163;0;10207;92
269;20230822;1;10;156;0;10206;94
269;20230822;2;10;157;0;10202;94
269;20230822;3;10;145;0;10200;97
269;20230822;4;0;146;0;10198;96
269;20230822;5;10;152;2;10197;97
269;20230822;6;20;159;19;10199;94
269;20230822;7;10;186;70;10199;84
269;20230822;8;30;202;92;10202;79
269;20230822;9;40;211;146;10203;76
269;20230822;10;40;222;179;10204;72
269;20230822;11;40;214;170;10204;76
269;20230822;12;40;235;179;10204;67
269;20230822;13;50;236;272;10204;61
269;20230822;14;50;229;246;10202;64
269;20230822;15;40;225;168;10201;68
269;20230822;16;40;229;144;10200;64
269;20230822;17;40;222;107;10200;67
269;20230822;18;40;209;46;10201;69
269;20230822;19;30;189;10;10203;80
269;20230822;20;20;161;0;10205;89
269;20230822;21;10;163;0;10204;90
269;20230822;22;10;149;0;10206;96
269;20230822;23;10;145;0;10204;95
269;20230822;24;10;141;0;10204;95
269;20230823;1;10;138;0;10201;96
269;20230823;2;10;143;0;10198;97
269;20230823;3;10;134;0;10196;98
269;20230823;4;10;134;0;10195;98
269;20230823;5;20;142;1;10194;96
269;20230823;6;20;156;23;10196;94
269;20230823;7;20;173;61;10200;90
269;20230823;8;20;194;132;10201;84
269;20230823;9;40;213;185;10203;80
269;20230823;10;40;224;225;10202;75
269;20230823;11;40;244;237;10198;64
269;20230823;12;40;242;188;10196;59
269;20230823;13;50;237;153;10198;60
269;20230823;14;50;243;187;10195;59
269;20230823;15;50;232;198;10194;61
269;20230823;16;40;227;158;10194;61
269;20230823;17;40;221;101;10193;61
269;20230823;18;30;207;49;10196;72
269;20230823;19;30;191;6;10196;76
269;20230823;20;10;170;0;10197;86
269;20230823;21;10;159;0;10195;89
269;20230823;22;20;152;0;10194;93
269;20230823;23;10;149;0;10193;92
269;20230823;24;20;135;0;10187;95
269;20230824;1;20;154;0;10182;93
269;20230824;2;20;155;0;10180;96
269;20230824;3;20;154;0;10176;96
269;20230824;4;20;144;0;10170;97
269;20230824;5;20;140;1;10170;98
269;20230824;6;20;163;26;10164;95
269;20230824;7;30;185;73;10156;88
269;20230824;8;30;200;109;10153;82
269;20230824;9;30;223;146;10149;74
269;20230824;10;20;225;65;10137;72
269;20230824;11;10;223;33;10140;82
269;20230824;12;20;222;68;10134;83
269;20230824;13;40;215;70;10125;83
269;20230824;14;40;215;51;10115;84
269;20230824;15;30;222;63;10114;82
269;20230824;16;20;224;41;10106;82
269;20230824;17;20;224;37;10103;83
269;20230824;18;10;218;19;10097;85
269;20230824;19;10;206;1;10089;94
269;20230824;20;30;208;0;10092;90
269;20230824;21;20;195;0;10092;94
269;20230824;22;30;198;0;10091;93
269;20230824;23;20;185;0;10091;97
269;20230824;24;30;179;0;10089;98
269;20230825;1;30;190;0;10089;97
269;20230825;2;20;176;0;10089;98
269;20230825;3;20;186;0;10081;97
269;20230825;4;30;184;0;10079;98
269;20230825;5;20;179;1;10077;98
269;20230825;6;10;186;8;10076;98
269;20230825;7;10;191;17;10076;98
269;20230825;8;10;199;34;10074;95
269;20230825;9;20;207;73;10075;88
269;20230825;10;10;211;49;10076;85
269;20230825;11;10;211;26;10073;86
269;20230825;12;10;204;26;10073;94
269;20230825;13;10;212;74;10071;89
269;20230825;14;10;211;68;10067;89
269;20230825;15;30;209;49;10068;88
269;20230825;16;30;207;73;10072;82
269;20230825;17;30;199;43;10071;83
269;20230825;18;30;193;24;10074;82
269;20230825;19;30;183;3;10081;82
269;20230825;20;20;178;0;10086;80
269;20230825;21;20;170;0;10085;79
269;20230825;22;20;142;0;10087;92
269;20230825;23;20;137;0;10085;94
269;20230825;24;30;135;0;10085;95
269;20230826;1;20;130;0;10083;97
269;20230826;2;10;140;0;10083;95
269;20230826;3;20;150;0;10080;93
269;20230826;4;40;152;0;10081;92
269;20230826;5;40;147;1;10083;90
269;20230826;6;50;147;10;10088;91
269;20230826;7;50;158;59;10089;86
269;20230826;8;60;164;115;10093;82
269;20230826;9;70;176;133;10094;77
269;20230826;10;60;190;190;10095;70
269;20230826;11;70;199;241;10096;64
269;20230826;12;70;201;204;10095;63
269;20230826;13;60;164;157;10099;81
269;20230826;14;30;175;78;10103;83
269;20230826;15;20;154;35;10102;91
269;20230826;16;30;155;17;10104;89
269;20230826;17;10;157;39;10101;90
269;20230826;18;0;158;27;10100;94
269;20230826;19;20;149;7;10102;95
269;20230826;20;20;143;0;10103;97
269;20230826;21;20;138;0;10101;96
269;20230826;22;20;132;0;10099;96
269;20230826;23;20;130;0;10098;96
269;20230826;24;20;129;0;10090;97
269;20230827;1;30;133;0;10088;97
269;20230827;2;20;130;0;10081;96
269;20230827;3;20;133;0;10084;97
269;20230827;4;20;137;0;10081;96
269;20230827;5;40;141;1;10082;95
269;20230827;6;30;140;11;10076;94
269;20230827;7;40;149;61;10077;93
269;20230827;8;50;164;128;10075;85
269;20230827;9;60;173;171;10075;81
269;20230827;10;50;166;91;10072;82
269;20230827;11;60;176;166;10075;73
269;20230827;12;60;174;124;10076;74
269;20230827;13;60;174;163;10076;72
269;20230827;14;60;174;105;10077;70
269;20230827;15;50;164;102;10081;76
269;20230827;16;60;140;103;10086;89
269;20230827;17;40;150;38;10089;86
269;20230827;18;40;148;21;10091;87
269;20230827;19;30;143;3;10096;85
269;20230827;20;30;118;0;10099;95
269;20230827;21;30;117;0;10102;96
269;20230827;22;30;108;0;10106;97
269;20230827;23;30;107;0;10110;97
269;20230827;24;10;112;0;10108;97
269;20230828;1;20;109;0;10107;96
269;20230828;2;20;112;0;10110;97
269;20230828;3;10;108;0;10106;97
269;20230828;4;10;99;0;10108;98
269;20230828;5;20;108;1;10116;98
269;20230828;6;10;119;18;10116;98
269;20230828;7;20;151;79;10117;95
269;20230828;8;30;175;136;10119;82
269;20230828;9;30;186;159;10121;75
269;20230828;10;30;190;189;10121;66
269;20230828;11;30;192;245;10123;63
269;20230828;12;30;203;250;10123;59
269;20230828;13;40;201;260;10120;59
269;20230828;14;40;199;231;10122;64
269;20230828;15;30;200;188;10126;67
269;20230828;16;40;192;160;10128;69
269;20230828;17;30;183;76;10129;71
269;20230828;18;30;179;39;10130;73
269;20230828;19;30;167;6;10133;78
269;20230828;20;20;154;0;10136;83
269;20230828;21;10;140;0;10137;90
269;20230828;22;0;132;0;10135;96
269;20230828;23;10;129;0;10133;96
269;20230828;24;10;117;0;10130;97
269;20230829;1;10;112;0;10125;96
269;20230829;2;10;101;0;10125;98
269;20230829;3;0;109;0;10125;97
269;20230829;4;10;105;0;10128;97
269;20230829;5;10;104;1;10120;96
269;20230829;6;10;132;31;10119;95
269;20230829;7;20;152;40;10120;91
269;20230829;8;20;162;95;10119;89
269;20230829;9;30;175;132;10119;83
269;20230829;10;20;178;126;10119;72
269;20230829;11;20;191;119;10114;72
269;20230829;12;20;194;197;10111;63
269;20230829;13;40;193;154;10107;64
269;20230829;14;30;193;105;10104;65
269;20230829;15;30;182;57;10102;71
269;20230829;16;30;166;7;10102;90
269;20230829;17;20;170;19;10102;87
269;20230829;18;20;162;20;10100;83
269;20230829;19;30;147;2;10101;85
269;20230829;20;20;120;0;10098;94
269;20230829;21;20;116;0;10096;93
269;20230829;22;20;112;0;10092;94
269;20230829;23;20;113;0;10087;94
269;20230829;24;20;126;0;10081;93
269;20230830;1;20;121;0;10076;91
269;20230830;2;20;128;0;10072;90
269;20230830;3;30;132;0;10066;88
269;20230830;4;30;130;0;10060;87
269;20230830;5;30;123;0;10058;87
269;20230830;6;30;128;14;10054;85
269;20230830;7;40;132;20;10050;85
269;20230830;8;40;130;10;10047;94
269;20230830;9;40;142;60;10043;92
269;20230830;10;50;147;76;10039;92
269;20230830;11;50;153;93;10037;93
269;20230830;12;60;177;180;10039;76
269;20230830;13;60;179;188;10044;71
269;20230830;14;50;175;168;10047;66
269;20230830;15;60;159;68;10053;82
269;20230830;16;50;172;128;10053;74
269;20230830;17;60;164;81;10057;72
269;20230830;18;40;154;35;10060;75
269;20230830;19;40;145;5;10063;76
269;20230830;20;30;125;0;10067;84
269;20230830;21;30;113;0;10068;88
269;20230830;22;30;108;0;10070;93
269;20230830;23;30;110;0;10068;94
269;20230830;24;30;119;0;10069;94
269;20230831;1;30;120;0;10069;95
269;20230831;2;40;116;0;10066;94
269;20230831;3;40;120;0;10068;94
269;20230831;4;40;126;0;10068;92
269;20230831;5;40;119;1;10073;95
269;20230831;6;50;134;27;10079;90
269;20230831;7;40;129;28;10084;94
269;20230831;8;40;139;37;10089;95
269;20230831;9;40;151;98;10093;88
269;20230831;10;40;167;174;10094;77
269;20230831;11;60;166;221;10096;78
269;20230831;12;60;185;261;10098;64
269;20230831;13;60;189;187;10102;62
269;20230831;14;70;188;225;10104;58
269;20230831;15;60;186;188;10106;56
269;20230831;16;50;181;145;10109;57
269;20230831;17;40;175;88;10109;60
269;20230831;18;20;162;34;10112;66
269;20230831;19;10;140;1;10113;79
269;20230831;20;10;126;0;10116;90
269;20230831;21;10;124;0;10117;89
269;20230831;22;10;127;0;10119;90
269;20230831;23;0;133;0;10117;87
269;20230831;24;10;124;0;10116;94
269;20230901;1;10;122;0;10116;94
269;20230901;2;20;115;0;10116;96
269;20230901;3;20;110;0;10114;96
269;20230901;4;10;117;0;10115;97
269;20230901;5;20;118;0;10115;97
269;20230901;6;20;128;9;10117;97
269;20230901;7;20;140;28;10119;93
269;20230901;8;20;146;36;10119;92
269;20230901;9;20;159;58;10121;89
269;20230901;10;30;163;68;10123;82
269;20230901;11;30;169;76;10126;78
269;20230901;12;30;179;110;10128;78
269;20230901;13;20;179;79;10132;81
269;20230901;14;20;183;75;10134;79
269;20230901;15;10;180;45;10136;81
269;20230901;16;10;184;75;10137;79
269;20230901;17;20;182;41;10139;82
269;20230901;18;20;175;12;10143;85
269;20230901;19;20;168;1;10150;92
269;20230901;20;20;164;0;10155;95
269;20230901;21;20;160;0;10162;98
269;20230901;22;20;160;0;10165;98
269;20230901;23;20;160;0;10167;98
269;20230901;24;20;160;0;10169;98
269;20230902;1;30;157;0;10169;98
269;20230902;2;30;157;0;10171;98
269;20230902;3;30;157;0;10173;98
269;20230902;4;30;157;0;10175;98
269;20230902;5;30;158;0;10179;98
269;20230902;6;30;160;5;10185;98
269;20230902;7;30;164;16;10192;97
269;20230902;8;30;169;40;10198;95
269;20230902;9;20;170;38;10207;93
269;20230902;10;20;188;101;10210;90
269;20230902;11;30;193;104;10215;84
269;20230902;12;30;195;102;10219;81
269;20230902;13;30;196;115;10219;79
269;20230902;14;20;215;148;10219;70
269;20230902;15;20;214;169;10223;69
269;20230902;16;30;208;141;10228;70
269;20230902;17;30;193;69;10231;77
269;20230902;18;30;185;27;10234;81
269;20230902;19;20;160;1;10240;88
269;20230902;20;30;143;0;10246;90
269;20230902;21;20;142;0;10251;92
269;20230902;22;30;135;0;10258;94
269;20230902;23;10;130;0;10259;96
269;20230902;24;10;120;0;10261;96
269;20230903;1;10;112;0;10261;99
269;20230903;2;10;115;0;10263;98
269;20230903;3;10;116;0;10260;97
269;20230903;4;10;114;0;10262;98
269;20230903;5;0;114;0;10270;98
269;20230903;6;0;120;12;10276;97
269;20230903;7;10;143;41;10280;98
269;20230903;8;10;168;100;10283;86
269;20230903;9;20;183;133;10285;77
269;20230903;10;10;198;179;10288;65
269;20230903;11;10;204;214;10287;64
269;20230903;12;10;208;190;10288;66
269;20230903;13;10;218;213;10287;59
269;20230903;14;10;226;213;10287;60
269;20230903;15;10;220;141;10287;55
269;20230903;16;10;215;134;10284;65
269;20230903;17;20;202;52;10284;74
269;20230903;18;20;177;25;10280;83
269;20230903;19;20;159;2;10283;92
269;20230903;20;20;144;0;10280;96
269;20230903;21;20;138;0;10278;95
269;20230903;22;20;139;0;10282;95
269;20230903;23;10;130;0;10282;97
269;20230903;24;20;122;0;10281;98
269;20230904;1;20;121;0;10280;99
269;20230904;2;20;111;0;10280;99
269;20230904;3;10;114;0;10277;98
269;20230904;4;20;101;0;10274;98
269;20230904;5;20;105;1;10272;98
269;20230904;6;20;122;19;10272;97
269;20230904;7;10;151;65;10274;91
269;20230904;8;20;183;127;10272;74
269;20230904;9;30;199;185;10271;69
269;20230904;10;40;211;197;10269;68
269;20230904;11;30;219;201;10262;65
269;20230904;12;30;233;216;10259;63
269;20230904;13;30;243;246;10253;56
269;20230904;14;30;244;199;10245;56
269;20230904;15;30;246;171;10241;56
269;20230904;16;30;234;80;10237;57
269;20230904;17;30;227;60;10235;61
269;20230904;18;20;198;18;10230;72
269;20230904;19;30;170;1;10225;83
269;20230904;20;30;158;0;10223;86
269;20230904;21;30;147;0;10221;89
269;20230904;22;30;147;0;10219;92
269;20230904;23;30;140;0;10219;94
269;20230904;24;30;140;0;10215;94
269;20230905;1;20;140;0;10214;92
269;20230905;2;30;140;0;10209;93
269;20230905;3;40;152;0;10205;88
269;20230905;4;30;138;0;10203;92
269;20230905;5;20;129;0;10201;94
269;20230905;6;30;151;17;10200;88
269;20230905;7;20;193;67;10199;73
269;20230905;8;30;220;122;10201;64
269;20230905;9;30;241;171;10198;58
269;20230905;10;40;251;212;10199;54
269;20230905;11;30;271;239;10196;53
269;20230905;12;20;280;250;10193;48
269;20230905;13;30;288;246;10188;44
269;20230905;14;40;291;223;10186;48
269;20230905;15;40;290;181;10184;46
269;20230905;16;40;285;136;10180;50
269;20230905;17;30;273;79;10180;57
269;20230905;18;30;245;26;10181;70
269;20230905;19;20;225;1;10186;74
269;20230905;20;10;198;0;10185;84
269;20230905;21;10;192;0;10189;87
269;20230905;22;20;187;0;10188;89
269;20230905;23;10;172;0;10190;92
269;20230905;24;20;161;0;10189;92
269;20230906;1;20;155;0;10189;94
269;20230906;2;20;160;0;10188;91
269;20230906;3;20;149;0;10190;96
269;20230906;4;20;142;0;10192;97
269;20230906;5;10;142;0;10192;96
269;20230906;6;20;158;16;10197;94
269;20230906;7;10;200;64;10201;79
269;20230906;8;20;221;119;10203;72
269;20230906;9;30;241;170;10206;63
269;20230906;10;30;262;211;10205;59
269;20230906;11;20;272;240;10204;57
269;20230906;12;30;284;248;10202;53
269;20230906;13;40;287;244;10197;51
269;20230906;14;30;295;221;10197;47
269;20230906;15;30;295;180;10195;47
269;20230906;16;30;290;134;10194;48
269;20230906;17;30;277;76;10194;55
269;20230906;18;20;242;24;10195;70
269;20230906;19;20;203;0;10198;86
269;20230906;20;20;189;0;10200;88
269;20230906;21;20;196;0;10200;86
269;20230906;22;20;192;0;10204;86
269;20230906;23;20;172;0;10203;91
269;20230906;24;20;174;0;10202;90
269;20230907;1;20;168;0;10199;89
269;20230907;2;30;156;0;10197;93
269;20230907;3;20;156;0;10198;95
269;20230907;4;30;149;0;10198;95
269;20230907;5;30;143;0;10198;96
269;20230907;6;20;160;15;10202;94
269;20230907;7;20;186;62;10206;88
269;20230907;8;20;215;119;10205;76
269;20230907;9;30;236;166;10202;66
269;20230907;10;30;257;209;10199;62
269;20230907;11;40;273;241;10195;54
269;20230907;12;40;279;251;10192;51
269;20230907;13;40;285;248;10188;49
269;20230907;14;40;292;220;10183;50
269;20230907;15;40;292;180;10182;47
269;20230907;16;40;283;131;10176;50
269;20230907;17;40;272;78;10174;54
269;20230907;18;20;257;24;10175;57
269;20230907;19;20;215;0;10180;75
269;20230907;20;20;184;0;10180;86
269;20230907;21;30;196;0;10177;79
269;20230907;22;20;183;0;10177;84
269;20230907;23;10;187;0;10175;79
269;20230907;24;20;159;0;10173;91
269;20230908;1;20;159;0;10171;89
269;20230908;2;20;148;0;10170;93
269;20230908;3;20;145;0;10169;94
269;20230908;4;20;141;0;10166;95
269;20230908;5;20;137;0;10166;96
269;20230908;6;20;155;15;10168;94
269;20230908;7;10;200;64;10171;77
269;20230908;8;20;220;121;10172;71
269;20230908;9;30;238;166;10171;66
269;20230908;10;30;258;206;10171;65
269;20230908;11;20;276;232;10169;59
269;20230908;12;20;289;240;10169;55
269;20230908;13;30;293;234;10166;56
269;20230908;14;20;297;209;10164;56
269;20230908;15;30;291;173;10161;59
269;20230908;16;20;287;119;10160;57
269;20230908;17;20;281;62;10159;56
269;20230908;18;10;252;13;10160;71
269;20230908;19;10;223;0;10164;86
269;20230908;20;10;212;0;10163;89
269;20230908;21;10;203;0;10162;94
269;20230908;22;0;196;0;10160;95
269;20230908;23;0;188;0;10159;96
269;20230908;24;0;183;0;10158;97
269;20230909;1;0;178;0;10158;98
269;20230909;2;10;166;0;10155;98
269;20230909;3;0;172;0;10154;98
269;20230909;4;20;178;0;10155;99
269;20230909;5;10;157;0;10157;99
269;20230909;6;10;157;10;10159;99
269;20230909;7;10;179;43;10164;98
269;20230909;8;10;208;77;10167;89
269;20230909;9;10;237;156;10172;75
269;20230909;10;20;253;201;10172;68
269;20230909;11;20;258;226;10172;60
269;20230909;12;20;263;234;10171;58
269;20230909;13;20;265;228;10172;58
269;20230909;14;30;266;203;10171;58
269;20230909;15;30;267;164;10168;57
269;20230909;16;20;267;116;10167;60
269;20230909;17;10;264;61;10167;60
269;20230909;18;10;244;14;10170;71
269;20230909;19;10;207;0;10173;88
269;20230909;20;10;202;0;10175;90
269;20230909;21;10;195;0;10177;94
269;20230909;22;10;181;0;10177;96
269;20230909;23;10;178;0;10176;96
269;20230909;24;20;175;0;10175;97
269;20230910;1;10;175;0;10176;98
269;20230910;2;20;170;0;10176;97
269;20230910;3;20;165;0;10176;99
269;20230910;4;20;163;0;10173;98
269;20230910;5;10;165;0;10173;95
269;20230910;6;20;171;9;10176;97
269;20230910;7;20;202;47;10179;90
269;20230910;8;20;230;98;10181;79
269;20230910;9;20;249;150;10180;71
269;20230910;10;30;265;191;10176;66
269;20230910;11;30;279;208;10173;61
269;20230910;12;20;289;223;10170;59
269;20230910;13;30;297;208;10167;52
269;20230910;14;20;304;190;10164;48
269;20230910;15;20;299;138;10160;54
269;20230910;16;20;299;103;10156;54
269;20230910;17;20;289;66;10154;57
269;20230910;18;20;270;15;10154;66
269;20230910;19;20;256;0;10154;74
269;20230910;20;20;246;0;10156;78
269;20230910;21;20;235;0;10153;82
269;20230910;22;10;231;0;10150;81
269;20230910;23;20;228;0;10146;80
269;20230910;24;20;224;0;10140;80
269;20230911;1;10;220;0;10137;81
269;20230911;2;10;206;0;10134;85
269;20230911;3;10;206;0;10129;85
269;20230911;4;20;209;0;10123;85
269;20230911;5;30;205;0;10121;87
269;20230911;6;30;211;12;10119;84
269;20230911;7;30;221;42;10124;80
269;20230911;8;40;236;112;10123;75
269;20230911;9;40;253;153;10127;67
269;20230911;10;40;260;194;10127;64
269;20230911;11;40;269;218;10126;58
269;20230911;12;50;269;231;10127;57
269;20230911;13;50;247;218;10130;75
269;20230911;14;50;231;181;10128;82
269;20230911;15;50;221;137;10132;84
269;20230911;16;50;216;92;10131;83
269;20230911;17;30;211;30;10129;84
269;20230911;18;10;209;7;10128;85
269;20230911;19;10;204;0;10131;87
269;20230911;20;20;199;0;10134;90
269;20230911;21;20;197;0;10132;89
269;20230911;22;20;191;0;10135;94
269;20230911;23;20;189;0;10134;96
269;20230911;24;10;184;0;10129;98
269;20230912;1;10;176;0;10127;99
269;20230912;2;10;170;0;10127;99
269;20230912;3;20;169;0;10127;99
269;20230912;4;20;164;0;10126;99
269;20230912;5;10;163;0;10122;99
269;20230912;6;20;170;4;10126;99
269;20230912;7;30;186;29;10126;96
269;20230912;8;30;197;70;10131;93
269;20230912;9;30;207;109;10133;88
269;20230912;10;20;221;179;10132;80
269;20230912;11;20;233;154;10134;79
269;20230912;12;20;225;106;10132;77
269;20230912;13;20;228;121;10130;70
269;20230912;14;30;222;79;10129;85
269;20230912;15;20;224;118;10127;77
269;20230912;16;20;214;59;10124;85
269;20230912;17;30;204;23;10125;89
269;20230912;18;20;200;5;10128;91
269;20230912;19;20;194;0;10132;94
269;20230912;20;20;196;0;10130;92
269;20230912;21;20;194;0;10129;93
269;20230912;22;20;190;0;10131;95
269;20230912;23;20;183;0;10130;97
269;20230912;24;20;183;0;10130;97
269;20230913;1;10;178;0;10125;97
269;20230913;2;10;177;0;10126;98
269;20230913;3;10;177;0;10127;98
269;20230913;4;10;178;0;10125;98
269;20230913;5;30;179;0;10127;98
269;20230913;6;60;154;2;10143;93
269;20230913;7;100;150;24;10157;88
269;20230913;8;80;163;87;10163;83
269;20230913;9;60;168;76;10179;80
269;20230913;10;60;173;162;10186;77
269;20230913;11;60;172;90;10193;76
269;20230913;12;50;180;146;10198;65
269;20230913;13;60;188;232;10202;65
269;20230913;14;50;184;157;10205;65
269;20230913;15;40;191;160;10205;66
269;20230913;16;60;174;63;10210;74
269;20230913;17;50;167;65;10214;71
269;20230913;18;30;156;10;10218;83
269;20230913;19;20;151;0;10221;86
269;20230913;20;20;143;0;10224;87
269;20230913;21;10;138;0;10227;89
269;20230913;22;20;127;0;10229;84
269;20230913;23;20;123;0;10231;85
269;20230913;24;10;113;0;10231;90
269;20230914;1;10;112;0;10232;92
269;20230914;2;10;105;0;10229;95
269;20230914;3;0;101;0;10227;97
269;20230914;4;0;97;0;10226;97
269;20230914;5;0;96;0;10228;97
269;20230914;6;10;95;8;10230;97
269;20230914;7;10;131;45;10232;86
269;20230914;8;20;155;103;10234;75
269;20230914;9;30;168;158;10233;70
269;20230914;10;30;178;195;10232;70
269;20230914;11;20;188;231;10229;64
269;20230914;12;20;195;184;10227;56
269;20230914;13;20;204;218;10224;57
269;20230914;14;20;203;110;10219;57
269;20230914;15;10;196;98;10216;54
269;20230914;16;10;202;127;10213;52
269;20230914;17;20;190;60;10212;64
269;20230914;18;10;164;12;10211;76
269;20230914;19;10;151;0;10213;82
269;20230914;20;10;141;0;10213;86
269;20230914;21;20;150;0;10211;78
269;20230914;22;10;142;0;10210;80
269;20230914;23;20;138;0;10209;81
269;20230914;24;10;134;0;10206;82
269;20230915;1;10;117;0;10204;89
269;20230915;2;20;102;0;10200;93
269;20230915;3;20;97;0;10199;95
269;20230915;4;20;92;0;10195;96
269;20230915;5;20;88;0;10194;96
269;20230915;6;20;97;8;10195;96
269;20230915;7;20;130;46;10196;86
269;20230915;8;20;157;95;10193;79
269;20230915;9;20;179;156;10192;70
269;20230915;10;30;195;200;10187;62
269;20230915;11;30;200;222;10183;58
269;20230915;12;30;205;237;10178;58
269;20230915;13;30;209;228;10174;59
269;20230915;14;30;214;201;10167;56
269;20230915;15;30;215;153;10162;59
269;20230915;16;30;208;98;10159;61
269;20230915;17;30;193;35;10157;66
269;20230915;18;30;180;8;10159;71
269;20230915;19;30;177;0;10159;72
269;20230915;20;20;147;0;10160;84
269;20230915;21;20;140;0;10157;87
269;20230915;22;20;132;0;10157;92
269;20230915;23;20;125;0;10154;92
269;20230915;24;20;120;0;10150;94
269;20230916;1;20;118;0;10147;93
269;20230916;2;20;122;0;10145;92
269;20230916;3;20;110;0;10145;95
269;20230916;4;20;111;0;10141;96
269;20230916;5;20;109;0;10140;98
269;20230916;6;20;118;7;10140;98
269;20230916;7;20;148;47;10144;91
269;20230916;8;20;169;97;10145;86
269;20230916;9;20;200;149;10148;76
269;20230916;10;20;216;201;10149;69
269;20230916;11;20;222;153;10148;64
269;20230916;12;20;237;216;10145;54
269;20230916;13;30;240;203;10143;53
269;20230916;14;30;238;175;10142;55
269;20230916;15;30;233;104;10142;59
269;20230916;16;30;226;83;10142;66
269;20230916;17;20;213;29;10142;67
269;20230916;18;20;194;6;10146;76
269;20230916;19;20;186;0;10152;82
269;20230916;20;40;172;0;10153;81
269;20230916;21;40;164;0;10154;84
269;20230916;22;40;163;0;10154;85
269;20230916;23;30;163;0;10153;84
269;20230916;24;30;159;0;10150;89
269;20230917;1;30;160;0;10148;87
269;20230917;2;40;161;0;10143;87
269;20230917;3;40;160;0;10142;85
269;20230917;4;40;158;0;10140;89
269;20230917;5;40;158;0;10138;91
269;20230917;6;40;158;0;10138;94
269;20230917;7;50;156;2;10137;96
269;20230917;8;50;156;10;10135;96
269;20230917;9;50;156;18;10135;95
269;20230917;10;50;163;35;10131;93
269;20230917;11;50;173;60;10124;92
269;20230917;12;40;179;46;10123;94
269;20230917;13;20;182;37;10123;93
269;20230917;14;30;185;48;10119;94
269;20230917;15;30;185;35;10117;93
269;20230917;16;30;184;15;10113;94
269;20230917;17;20;182;17;10115;95
269;20230917;18;10;173;6;10107;97
269;20230917;19;10;162;0;10106;98
269;20230917;20;20;154;0;10097;99
269;20230917;21;20;148;0;10097;99
269;20230917;22;20;147;0;10091;99
269;20230917;23;20;154;0;10080;99
269;20230917;24;20;163;0;10065;98
269;20230918;1;20;170;0;10053;98
269;20230918;2;30;188;0;10041;92
269;20230918;3;30;188;0;10033;92
269;20230918;4;20;184;0;10023;94
269;20230918;5;30;191;0;10017;92
269;20230918;6;40;188;0;10020;95
269;20230918;7;30;188;5;10017;95
269;20230918;8;40;195;24;10018;94
269;20230918;9;60;200;64;10022;90
269;20230918;10;70;199;105;10029;86
269;20230918;11;80;204;87;10030;82
269;20230918;12;90;212;184;10028;78
269;20230918;13;80;213;185;10027;74
269;20230918;14;80;222;134;10019;69
269;20230918;15;80;211;103;10016;71
269;20230918;16;80;176;7;10015;88
269;20230918;17;70;177;49;10009;86
269;20230918;18;80;178;6;10013;87
269;20230918;19;90;180;0;10015;81
269;20230918;20;80;170;0;10024;89
269;20230918;21;70;164;0;10033;90
269;20230918;22;50;148;0;10044;91
269;20230918;23;40;134;0;10052;93
269;20230918;24;40;125;0;10057;89
269;20230919;1;40;135;0;10062;86
269;20230919;2;50;134;0;10063;86
269;20230919;3;50;136;0;10064;87
269;20230919;4;60;135;0;10064;86
269;20230919;5;60;135;0;10069;86
269;20230919;6;70;137;3;10072;86
269;20230919;7;70;143;38;10072;85
269;20230919;8;90;154;65;10076;83
269;20230919;9;100;160;116;10076;80
269;20230919;10;100;166;119;10074;77
269;20230919;11;110;178;124;10067;72
269;20230919;12;120;185;118;10064;71
269;20230919;13;120;183;54;10063;72
269;20230919;14;120;181;60;10063;74
269;20230919;15;120;173;28;10064;79
269;20230919;16;100;167;15;10063;86
269;20230919;17;90;170;7;10063;83
269;20230919;18;100;164;1;10064;88
269;20230919;19;100;163;0;10067;89
269;20230919;20;100;166;0;10067;88
269;20230919;21;100;165;0;10067;88
269;20230919;22;100;169;0;10065;86
269;20230919;23;90;171;0;10065;87
269;20230919;24;80;176;0;10066;81
269;20230920;1;80;175;0;10064;82
269;20230920;2;80;173;0;10062;83
269;20230920;3;80;167;0;10058;83
269;20230920;4;70;165;0;10056;83
269;20230920;5;60;164;0;10052;84
269;20230920;6;70;165;6;10051;84
269;20230920;7;80;171;27;10050;82
269;20230920;8;80;172;34;10053;83
269;20230920;9;80;175;38;10056;83
269;20230920;10;80;179;43;10053;81
269;20230920;11;80;181;43;10050;82
269;20230920;12;80;194;91;10048;76
269;20230920;13;90;208;134;10040;70
269;20230920;14;90;211;130;10033;66
269;20230920;15;80;208;133;10032;66
269;20230920;16;80;202;39;10031;71
269;20230920;17;70;197;20;10027;74
269;20230920;18;60;187;4;10023;76
269;20230920;19;40;184;0;10022;76
269;20230920;20;50;180;0;10016;78
269;20230920;21;50;183;0;10007;77
269;20230920;22;50;191;0;9998;72
269;20230920;23;60;190;0;9993;71
269;20230920;24;60;189;0;9985;72
269;20230921;1;70;196;0;9978;68
269;20230921;2;70;197;0;9971;67
269;20230921;3;70;192;0;9968;69
269;20230921;4;60;189;0;9964;70
269;20230921;5;50;186;0;9963;71
269;20230921;6;50;173;1;9964;80
269;20230921;7;50;149;5;9973;93
269;20230921;8;20;146;9;9976;97
269;20230921;9;10;148;19;9980;97
269;20230921;10;20;149;30;9983;95
269;20230921;11;20;150;27;9987;96
269;20230921;12;20;149;31;9984;95
269;20230921;13;20;149;38;9975;93
269;20230921;14;30;154;58;9969;94
269;20230921;15;20;152;36;9965;92
269;20230921;16;20;148;16;9963;94
269;20230921;17;20;145;7;9959;97
269;20230921;18;20;144;2;9959;97
269;20230921;19;20;142;0;9964;97
269;20230921;20;20;144;0;9962;97
269;20230921;21;20;144;0;9964;98
269;20230921;22;30;150;0;9965;96
269;20230921;23;40;147;0;9963;95
269;20230921;24;60;139;0;9968;95
269;20230922;1;50;134;0;9974;96
269;20230922;2;40;127;0;9973;97
269;20230922;3;50;129;0;9977;96
269;20230922;4;30;127;0;9977;96
269;20230922;5;30;130;0;9979;94
269;20230922;6;40;132;1;9983;94
269;20230922;7;50;135;10;9987;91
269;20230922;8;60;140;60;9990;85
269;20230922;9;80;145;66;9996;80
269;20230922;10;80;154;169;9999;78
269;20230922;11;80;166;199;10001;75
269;20230922;12;80;168;181;10005;74
269;20230922;13;70;166;122;10009;71
269;20230922;14;60;172;114;10013;70
269;20230922;15;60;163;64;10016;70
269;20230922;16;60;155;45;10020;78
269;20230922;17;30;147;16;10024;80
269;20230922;18;10;140;1;10029;85
269;20230922;19;10;138;0;10035;92
269;20230922;20;30;134;0;10040;93
269;20230922;21;40;121;0;10046;94
269;20230922;22;20;119;0;10049;97
269;20230922;23;20;117;0;10054;96
269;20230922;24;40;114;0;10061;95
269;20230923;1;40;118;0;10064;93
269;20230923;2;40;116;0;10065;92
269;20230923;3;40;114;0;10070;94
269;20230923;4;50;114;0;10075;95
269;20230923;5;40;115;0;10082;95
269;20230923;6;50;113;3;10089;96
269;20230923;7;40;124;26;10097;95
269;20230923;8;50;141;90;10107;92
269;20230923;9;60;147;101;10116;89
269;20230923;10;70;157;142;10121;86
269;20230923;11;70;159;183;10130;85
269;20230923;12;40;160;95;10139;80
269;20230923;13;50;169;139;10145;79
269;20230923;14;60;160;153;10153;77
269;20230923;15;60;168;103;10158;77
269;20230923;16;50;151;45;10168;89
269;20230923;17;40;152;23;10176;87
269;20230923;18;30;144;4;10184;92
269;20230923;19;20;124;0;10195;93
269;20230923;20;20;116;0;10203;97
269;20230923;21;20;120;0;10210;97
269;20230923;22;20;103;0;10215;97
269;20230923;23;10;114;0;10216;97
269;20230923;24;20;110;0;10220;97
269;20230924;1;20;103;0;10223;97
269;20230924;2;30;101;0;10223;96
269;20230924;3;30;95;0;10225;97
269;20230924;4;30;93;0;10228;96
269;20230924;5;30;90;0;10234;97
269;20230924;6;20;90;5;10237;95
269;20230924;7;30;107;39;10242;93
269;20230924;8;30;126;83;10246;86
269;20230924;9;40;150;140;10248;78
269;20230924;10;50;165;174;10244;71
269;20230924;11;60;174;201;10242;64
269;20230924;12;60;184;172;10239;62
269;20230924;13;60;188;215;10236;58
269;20230924;14;60;191;182;10233;57
269;20230924;15;60;192;146;10228;56
269;20230924;16;50;188;96;10226;58
269;20230924;17;30;175;41;10225;63
269;20230924;18;20;157;3;10226;70
269;20230924;19;20;144;0;10224;75
269;20230924;20;30;142;0;10221;78
269;20230924;21;30;148;0;10217;74
269;20230924;22;30;139;0;10215;79
269;20230924;23;40;140;0;10210;78
269;20230924;24;40;138;0;10210;76
269;20230925;1;30;130;0;10210;79
269;20230925;2;30;128;0;10207;78
269;20230925;3;40;129;0;10203;75
269;20230925;4;50;129;0;10202;74
269;20230925;5;50;125;0;10207;76
269;20230925;6;50;125;2;10209;76
269;20230925;7;50;139;26;10211;70
269;20230925;8;50;151;73;10209;69
269;20230925;9;50;164;105;10210;69
269;20230925;10;50;172;152;10214;65
269;20230925;11;50;186;174;10214;65
269;20230925;12;50;193;193;10213;65
269;20230925;13;40;204;165;10216;62
269;20230925;14;40;212;176;10216;62
269;20230925;15;40;203;110;10216;66
269;20230925;16;30;199;39;10218;70
269;20230925;17;10;192;12;10221;73
269;20230925;18;10;185;1;10223;78
269;20230925;19;10;176;0;10224;86
269;20230925;20;10;174;0;10224;85
269;20230925;21;10;168;0;10224;86
269;20230925;22;10;162;0;10225;88
269;20230925;23;10;146;0;10222;93
269;20230925;24;10;137;0;10220;95
269;20230926;1;10;128;0;10218;97
269;20230926;2;10;129;0;10216;93
269;20230926;3;10;120;0;10212;97
269;20230926;4;10;120;0;10211;94
269;20230926;5;10;128;0;10205;88
269;20230926;6;10;123;3;10208;93
269;20230926;7;10;148;30;10207;85
269;20230926;8;10;155;49;10206;83
269;20230926;9;20;166;81;10205;80
269;20230926;10;20;186;126;10200;73
269;20230926;11;20;199;106;10198;68
269;20230926;12;30;206;163;10196;64
269;20230926;13;40;208;145;10193;64
269;20230926;14;40;204;84;10191;68
269;20230926;15;30;204;90;10188;68
269;20230926;16;30;203;53;10185;71
269;20230926;17;20;190;20;10186;75
269;20230926;18;20;177;2;10189;79
269;20230926;19;20;170;0;10191;80
269;20230926;20;20;163;0;10191;84
269;20230926;21;20;161;0;10193;85
269;20230926;22;20;153;0;10193;87
269;20230926;23;20;150;0;10190;89
269;20230926;24;20;147;0;10195;90
269;20230927;1;30;143;0;10194;92
269;20230927;2;20;131;0;10193;96
269;20230927;3;10;127;0;10195;96
269;20230927;4;20;130;0;10196;96
269;20230927;5;10;119;0;10196;98
269;20230927;6;20;127;2;10194;98
269;20230927;7;10;140;19;10196;97
269;20230927;8;10;158;61;10202;95
269;20230927;9;20;181;124;10202;82
269;20230927;10;10;190;70;10197;83
269;20230927;11;20;193;71;10190;83
269;20230927;12;20;219;123;10183;77
269;20230927;13;20;231;198;10175;64
269;20230927;14;30;235;174;10167;59
269;20230927;15;30;219;70;10160;66
269;20230927;16;30;205;32;10155;72
269;20230927;17;30;199;16;10150;73
269;20230927;18;30;189;1;10145;76
269;20230927;19;20;182;0;10143;80
269;20230927;20;20;185;0;10134;79
269;20230927;21;30;196;0;10125;72
269;20230927;22;50;200;0;10120;71
269;20230927;23;50;194;0;10120;73
269;20230927;24;50;195;0;10122;71
269;20230928;1;50;180;0;10125;78
269;20230928;2;40;170;0;10126;84
269;20230928;3;40;173;0;10127;84
269;20230928;4;40;170;0;10136;82
269;20230928;5;60;156;0;10139;85
269;20230928;6;50;159;2;10146;85
269;20230928;7;50;166;19;10152;83
269;20230928;8;50;170;31;10160;81
269;20230928;9;50;179;62;10163;79
269;20230928;10;60;189;117;10164;73
269;20230928;11;60;188;93;10169;73
269;20230928;12;50;188;87;10171;72
269;20230928;13;60;191;95;10168;72
269;20230928;14;60;188;68;10172;71
269;20230928;15;50;188;59;10165;70
269;20230928;16;40;183;39;10165;70
269;20230928;17;30;173;25;10161;72
269;20230928;18;20;160;1;10164;80
269;20230928;19;20;156;0;10162;82
269;20230928;20;30;155;0;10160;85
269;20230928;21;20;153;0;10155;85
269;20230928;22;30;158;0;10155;83
269;20230928;23;30;148;0;10153;86
269;20230928;24;30;157;0;10150;84
269;20230929;1;30;160;0;10142;83
269;20230929;2;30;168;0;10140;79
269;20230929;3;40;171;0;10134;80
269;20230929;4;40;169;0;10129;82
269;20230929;5;40;170;0;10123;83
269;20230929;6;40;171;0;10122;84
269;20230929;7;40;180;6;10123;82
269;20230929;8;40;190;50;10126;83
269;20230929;9;60;192;66;10130;87
269;20230929;10;50;207;83;10131;81
269;20230929;11;60;193;60;10136;90
269;20230929;12;70;179;52;10149;92
269;20230929;13;60;183;74;10164;87
269;20230929;14;50;180;99;10177;78
269;20230929;15;50;180;87;10187;74
269;20230929;16;50;172;76;10199;71
269;20230929;17;50;161;30;10207;73
269;20230929;18;40;155;1;10218;75
269;20230929;19;30;133;0;10226;85
269;20230929;20;30;119;0;10231;89
269;20230929;21;20;111;0;10232;92
269;20230929;22;20;109;0;10238;92
269;20230929;23;10;104;0;10239;94
269;20230929;24;20;103;0;10240;94
269;20230930;1;20;102;0;10247;94
269;20230930;2;20;102;0;10246;94
269;20230930;3;20;100;0;10245;94
269;20230930;4;20;101;0;10245;95
269;20230930;5;20;98;0;10248;98
269;20230930;6;20;107;2;10250;96
269;20230930;7;20;119;17;10254;95
269;20230930;8;20;144;54;10260;91
269;20230930;9;20;160;120;10259;83
269;20230930;10;30;180;157;10265;79
269;20230930;11;40;195;203;10262;67
269;20230930;12;50;192;188;10259;58
269;20230930;13;30;197;171;10255;58
269;20230930;14;50;186;166;10253;63
269;20230930;15;50;182;86;10249;66
269;20230930;16;40;175;40;10246;71
269;20230930;17;20;166;17;10247;75
269;20230930;18;20;158;1;10248;77
269;20230930;19;20;152;0;10246;82
269;20230930;20;10;152;0;10248;83
269;20230930;21;10;149;0;10247;84
269;20230930;22;20;149;0;10243;84
269;20230930;23;20;144;0;10236;86
269;20230930;24;20;148;0;10233;86
269;20231001;1;30;150;0;10228;83
269;20231001;2;30;152;0;10225;80
269;20231001;3;30;153;0;10222;79
269;20231001;4;40;153;0;10218;79
269;20231001;5;40;153;0;10218;81
269;20231001;6;30;156;0;10220;80
269;20231001;7;40;159;9;10222;80
269;20231001;8;40;169;37;10221;80
269;20231001;9;40;187;103;10222;73
269;20231001;10;60;194;132;10221;72
269;20231001;11;60;210;152;10219;67
269;20231001;12;70;225;196;10216;60
269;20231001;13;70;226;192;10216;61
269;20231001;14;70;222;160;10212;62
269;20231001;15;60;225;113;10207;63
269;20231001;16;50;213;74;10203;70
269;20231001;17;40;189;27;10206;79
269;20231001;18;30;165;0;10206;86
269;20231001;19;10;165;0;10206;88
269;20231001;20;20;164;0;10203;85
269;20231001;21;20;159;0;10201;87
269;20231001;22;10;150;0;10200;91
269;20231001;23;10;156;0;10197;90
269;20231001;24;20;167;0;10197;89
269;20231002;1;20;174;0;10196;85
269;20231002;2;20;164;0;10193;88
269;20231002;3;20;154;0;10189;92
269;20231002;4;20;152;0;10188;93
269;20231002;5;30;150;0;10185;93
269;20231002;6;20;147;1;10189;94
269;20231002;7;10;152;17;10194;94
269;20231002;8;20;170;38;10195;89
269;20231002;9;30;182;52;10196;89
269;20231002;10;40;189;108;10192;86
269;20231002;11;30;204;139;10190;81
269;20231002;12;40;210;166;10188;78
269;20231002;13;40;216;158;10181;77
269;20231002;14;30;225;133;10174;74
269;20231002;15;30;225;105;10167;75
269;20231002;16;20;221;58;10160;77
269;20231002;17;10;208;17;10158;83
269;20231002;18;10;195;0;10163;90
269;20231002;19;20;184;0;10155;92
269;20231002;20;40;174;0;10144;95
269;20231002;21;40;190;0;10131;90
269;20231002;22;30;182;0;10120;91
269;20231002;23;20;183;0;10108;89
269;20231002;24;30;186;0;10098;82
269;20231003;1;40;184;0;10083;82
269;20231003;2;40;183;0;10070;80
269;20231003;3;60;191;0;10062;76
269;20231003;4;80;195;0;10060;77
269;20231003;5;100;192;0;10064;79
269;20231003;6;90;186;0;10069;78
269;20231003;7;100;180;13;10078;82
269;20231003;8;80;166;12;10092;90
269;20231003;9;60;157;30;10114;90
269;20231003;10;60;157;53;10128;86
269;20231003;11;50;147;38;10138;87
269;20231003;12;50;149;51;10148;83
269;20231003;13;60;153;77;10157;80
269;20231003;14;60;140;82;10168;85
269;20231003;15;50;163;110;10175;73
269;20231003;16;80;159;43;10181;70
269;20231003;17;70;151;20;10191;73
269;20231003;18;60;141;1;10201;82
269;20231003;19;40;139;0;10208;81
269;20231003;20;40;137;0;10215;81
269;20231003;21;40;136;0;10218;79
269;20231003;22;40;127;0;10220;82
269;20231003;23;40;140;0;10224;78
269;20231003;24;50;143;0;10228;78
269;20231004;1;50;139;0;10233;80
269;20231004;2;40;133;0;10233;82
269;20231004;3;40;128;0;10235;83
269;20231004;4;40;114;0;10237;88
269;20231004;5;30;96;0;10238;91
269;20231004;6;40;103;1;10243;92
269;20231004;7;40;123;21;10248;88
269;20231004;8;40;140;65;10252;85
269;20231004;9;50;154;103;10252;81
269;20231004;10;70;161;114;10251;78
269;20231004;11;70;164;104;10252;78
269;20231004;12;70;173;150;10247;71
269;20231004;13;70;169;75;10245;71
269;20231004;14;70;168;78;10242;72
269;20231004;15;70;164;69;10237;71
269;20231004;16;70;158;35;10235;71
269;20231004;17;50;153;12;10236;73
269;20231004;18;50;140;0;10239;80
269;20231004;19;40;131;0;10236;82
269;20231004;20;40;133;0;10233;81
269;20231004;21;50;135;0;10227;80
269;20231004;22;50;138;0;10221;84
269;20231004;23;50;144;0;10215;83
269;20231004;24;50;137;0;10216;86
269;20231005;1;40;141;0;10214;85
269;20231005;2;40;136;0;10213;88
269;20231005;3;40;122;0;10211;88
269;20231005;4;30;128;0;10212;86
269;20231005;5;30;120;0;10214;88
269;20231005;6;30;130;0;10216;88
269;20231005;7;30;138;10;10221;87
269;20231005;8;40;144;22;10228;87
269;20231005;9;40;154;55;10232;85
269;20231005;10;50;162;58;10238;83
269;20231005;11;50;167;112;10239;79
269;20231005;12;60;180;77;10239;71
269;20231005;13;60;182;113;10239;68
269;20231005;14;60;185;107;10238;67
269;20231005;15;50;182;97;10238;68
269;20231005;16;50;166;41;10238;73
269;20231005;17;40;144;11;10240;82
269;20231005;18;30;142;0;10240;82
269;20231005;19;30;131;0;10245;88
269;20231005;20;30;146;0;10244;83
269;20231005;21;30;141;0;10241;81
269;20231005;22;40;143;0;10239;80
269;20231005;23;40;140;0;10238;82
269;20231005;24;50;143;0;10234;82
269;20231006;1;50;138;0;10230;85
269;20231006;2;50;135;0;10229;88
269;20231006;3;60;134;0;10222;87
269;20231006;4;70;134;0;10220;88
269;20231006;5;70;135;0;10215;87
269;20231006;6;70;139;1;10214;85
269;20231006;7;80;140;13;10216;87
269;20231006;8;80;153;53;10218;84
269;20231006;9;80;164;80;10219;81
269;20231006;10;80;176;75;10217;79
269;20231006;11;90;181;118;10215;77
269;20231006;12;90;192;105;10210;75
269;20231006;13;100;200;185;10206;70
269;20231006;14;90;193;87;10205;73
269;20231006;15;90;189;44;10202;73
269;20231006;16;80;185;35;10203;71
269;20231006;17;70;179;8;10203;74
269;20231006;18;70;174;0;10206;76
269;20231006;19;70;167;0;10206;81
269;20231006;20;60;158;0;10204;86
269;20231006;21;60;155;0;10202;88
269;20231006;22;60;153;0;10200;89
269;20231006;23;60;155;0;10199;89
269;20231006;24;60;159;0;10197;89
269;20231007;1;60;160;0;10195;90
269;20231007;2;60;166;0;10193;89
269;20231007;3;60;173;0;10192;86
269;20231007;4;60;173;0;10191;86
269;20231007;5;60;172;0;10189;88
269;20231007;6;60;170;0;10190;89
269;20231007;7;60;174;14;10191;88
269;20231007;8;70;181;44;10193;85
269;20231007;9;70;191;112;10196;79
269;20231007;10;80;190;122;10196;73
269;20231007;11;80;201;124;10202;70
269;20231007;12;90;196;150;10201;72
269;20231007;13;80;191;116;10200;73
269;20231007;14;90;186;74;10196;76
269;20231007;15;70;183;29;10202;79
269;20231007;16;60;180;23;10197;81
269;20231007;17;60;179;9;10201;82
269;20231007;18;60;183;0;10199;81
269;20231007;19;60;183;0;10200;82
269;20231007;20;60;185;0;10203;83
269;20231007;21;60;186;0;10209;83
269;20231007;22;50;184;0;10212;84
269;20231007;23;40;186;0;10217;83
269;20231007;24;30;179;0;10223;87
269;20231008;1;20;174;0;10219;88
269;20231008;2;20;165;0;10229;91
269;20231008;3;60;136;0;10235;92
269;20231008;4;50;131;0;10244;94
269;20231008;5;30;132;0;10247;93
269;20231008;6;30;131;0;10250;91
269;20231008;7;30;131;3;10257;91
269;20231008;8;30;135;23;10261;86
269;20231008;9;30;142;58;10264;81
269;20231008;10;40;154;120;10265;75
269;20231008;11;40;157;154;10267;71
269;20231008;12;40;168;151;10257;71
269;20231008;13;30;164;101;10252;71
269;20231008;14;20;167;68;10250;72
269;20231008;15;20;166;33;10248;73
269;20231008;16;20;161;17;10237;79
269;20231008;17;30;156;6;10237;80
269;20231008;18;20;149;0;10227;84
269;20231008;19;20;151;0;10226;86
269;20231008;20;20;141;0;10218;89
269;20231008;21;30;131;0;10211;92
269;20231008;22;20;127;0;10208;93
269;20231008;23;20;127;0;10201;95
269;20231008;24;20;128;0;10196;96
269;20231009;1;20;141;0;10189;95
269;20231009;2;40;155;0;10183;92
269;20231009;3;40;158;0;10178;91
269;20231009;4;40;163;0;10180;89
269;20231009;5;30;163;0;10180;90
269;20231009;6;40;167;0;10182;90
269;20231009;7;30;166;5;10183;92
269;20231009;8;30;175;18;10179;90
269;20231009;9;40;183;44;10195;85
269;20231009;10;40;184;43;10194;84
269;20231009;11;50;187;56;10195;82
269;20231009;12;40;187;36;10196;82
269;20231009;13;30;181;20;10196;85
269;20231009;14;40;184;41;10194;87
269;20231009;15;40;187;77;10194;82
269;20231009;16;40;180;25;10196;86
269;20231009;17;40;175;5;10202;88
269;20231009;18;30;171;0;10204;90
269;20231009;19;30;167;0;10205;91
269;20231009;20;20;165;0;10206;93
269;20231009;21;20;163;0;10207;93
269;20231009;22;20;157;0;10208;94
269;20231009;23;20;150;0;10205;95
269;20231009;24;20;128;0;10204;96
269;20231010;1;20;137;0;10200;98
269;20231010;2;20;136;0;10196;97
269;20231010;3;20;141;0;10192;97
269;20231010;4;20;139;0;10189;98
269;20231010;5;20;135;0;10182;98
269;20231010;6;30;140;0;10179;98
269;20231010;7;30;145;16;10178;98
269;20231010;8;30;157;47;10176;92
269;20231010;9;30;169;83;10174;83
269;20231010;10;50;185;131;10175;77
269;20231010;11;50;198;138;10172;75
269;20231010;12;50;209;146;10168;70
269;20231010;13;40;214;128;10163;70
269;20231010;14;40;209;81;10162;70
269;20231010;15;40;208;55;10154;68
269;20231010;16;50;199;42;10150;72
269;20231010;17;50;178;7;10147;74
269;20231010;18;30;173;0;10142;74
269;20231010;19;40;173;0;10136;71
269;20231010;20;50;176;0;10132;66
269;20231010;21;60;172;0;10131;66
269;20231010;22;60;167;0;10130;78
269;20231010;23;60;165;0;10128;88
269;20231010;24;60;166;0;10127;89
269;20231011;1;60;165;0;10124;87
269;20231011;2;70;161;0;10119;87
269;20231011;3;50;157;0;10117;89
269;20231011;4;60;162;0;10113;88
269;20231011;5;60;159;0;10111;89
269;20231011;6;60;158;0;10114;90
269;20231011;7;60;165;7;10113;90
269;20231011;8;70;169;10;10113;90
269;20231011;9;70;171;11;10117;92
269;20231011;10;80;180;23;10122;85
269;20231011;11;90;192;128;10118;80
269;20231011;12;80;201;89;10116;77
269;20231011;13;90;203;127;10114;77
269;20231011;14;80;200;72;10111;79
269;20231011;15;80;193;52;10108;82
269;20231011;16;50;185;16;10106;86
269;20231011;17;50;180;2;10105;89
269;20231011;18;40;179;0;10102;91
269;20231011;19;40;176;0;10103;94
269;20231011;20;60;176;0;10101;91
269;20231011;21;60;175;0;10102;90
269;20231011;22;40;167;0;10099;93
269;20231011;23;40;166;0;10102;94
269;20231011;24;40;149;0;10108;94
269;20231012;1;30;139;0;10114;96
269;20231012;2;20;134;0;10117;96
269;20231012;3;10;132;0;10119;95
269;20231012;4;10;132;0;10118;96
269;20231012;5;10;131;0;10126;96
269;20231012;6;10;130;0;10130;98
269;20231012;7;10;132;4;10134;97
269;20231012;8;20;134;25;10138;95
269;20231012;9;20;136;15;10139;95
269;20231012;10;20;137;29;10140;88
269;20231012;11;30;136;46;10137;90
269;20231012;12;30;129;31;10132;94
269;20231012;13;30;127;10;10129;95
269;20231012;14;40;130;8;10115;96
269;20231012;15;40;132;20;10122;96
269;20231012;16;40;132;10;10115;96
269;20231012;17;30;135;1;10118;97
269;20231012;18;20;136;0;10118;97
269;20231012;19;20;140;0;10116;98
269;20231012;20;20;150;0;10112;98
269;20231012;21;30;167;0;10111;97
269;20231012;22;40;171;0;10106;94
269;20231012;23;50;171;0;10105;94
269;20231012;24;50;170;0;10102;94
269;20231013;1;50;170;0;10098;93
269;20231013;2;60;167;0;10090;95
269;20231013;3;60;168;0;10081;94
269;20231013;4;50;165;0;10068;95
269;20231013;5;60;163;0;10053;95
269;20231013;6;80;173;0;10047;93
269;20231013;7;70;171;4;10044;90
269;20231013;8;60;178;14;10035;92
269;20231013;9;80;186;28;10027;86
269;20231013;10;90;194;25;10019;81
269;20231013;11;90;205;59;10013;77
269;20231013;12;90;202;49;10005;75
269;20231013;13;120;201;29;10004;74
269;20231013;14;100;194;20;10001;80
269;20231013;15;100;181;11;10005;91
269;20231013;16;100;180;7;10000;93
269;20231013;17;80;184;2;9993;90
269;20231013;18;80;183;0;9993;87
269;20231013;19;90;177;0;9984;91
269;20231013;20;80;177;0;9978;92
269;20231013;21;70;177;0;9975;91
269;20231013;22;80;136;0;9988;93
269;20231013;23;20;141;0;9998;92
269;20231013;24;40;136;0;10006;83
269;20231014;1;40;135;0;10018;80
269;20231014;2;50;129;0;10029;67
269;20231014;3;50;127;0;10043;71
269;20231014;4;50;121;0;10055;71
269;20231014;5;50;119;0;10065;70
269;20231014;6;50;116;0;10076;71
269;20231014;7;50;120;10;10089;70
269;20231014;8;50;130;57;10099;65
269;20231014;9;60;137;108;10108;61
269;20231014;10;70;135;152;10117;58
269;20231014;11;70;125;153;10122;67
269;20231014;12;70;135;144;10124;57
269;20231014;13;70;136;82;10130;60
269;20231014;14;80;129;103;10138;56
269;20231014;15;80;124;75;10145;51
269;20231014;16;70;120;59;10147;56
269;20231014;17;70;111;9;10154;57
269;20231014;18;60;108;0;10160;60
269;20231014;19;50;105;0;10165;64
269;20231014;20;40;90;0;10166;69
269;20231014;21;40;74;0;10165;79
269;20231014;22;40;80;0;10173;84
269;20231014;23;40;78;0;10170;84
269;20231014;24;50;80;0;10166;77
269;20231015;1;40;78;0;10168;81
269;20231015;2;30;70;0;10168;89
269;20231015;3;30;75;0;10169;85
269;20231015;4;40;84;0;10169;75
269;20231015;5;40;83;0;10173;75
269;20231015;6;30;73;0;10175;77
269;20231015;7;40;78;7;10183;81
269;20231015;8;30;82;22;10188;79
269;20231015;9;20;92;44;10197;80
269;20231015;10;40;98;105;10205;67
269;20231015;11;50;110;152;10211;65
269;20231015;12;50;83;128;10215;77
269;20231015;13;40;105;132;10215;63
269;20231015;14;40;103;107;10221;70
269;20231015;15;40;107;65;10223;68
269;20231015;16;40;88;40;10224;78
269;20231015;17;30;86;4;10228;72
269;20231015;18;20;90;0;10233;73
269;20231015;19;30;89;0;10234;74
269;20231015;20;30;72;0;10236;81
269;20231015;21;20;76;0;10240;88
269;20231015;22;20;62;0;10236;92
269;20231015;23;30;53;0;10234;94
269;20231015;24;30;63;0;10233;94
269;20231016;1;30;64;0;10232;94
269;20231016;2;30;72;0;10230;92
269;20231016;3;30;76;0;10230;93
269;20231016;4;30;78;0;10227;93
269;20231016;5;30;68;0;10224;95
269;20231016;6;30;68;0;10224;95
269;20231016;7;20;76;9;10226;95
269;20231016;8;10;92;26;10227;91
269;20231016;9;20;107;81;10230;86
269;20231016;10;20;114;98;10231;84
269;20231016;11;10;124;100;10229;74
269;20231016;12;20;125;96;10225;67
269;20231016;13;20;127;77;10222;67
269;20231016;14;20;127;79;10220;64
269;20231016;15;20;123;36;10218;72
269;20231016;16;20;116;42;10215;69
269;20231016;17;10;94;5;10216;81
269;20231016;18;10;79;0;10217;87
269;20231016;19;20;81;0;10218;93
269;20231016;20;20;74;0;10218;93
269;20231016;21;20;56;0;10219;95
269;20231016;22;20;60;0;10221;94
269;20231016;23;20;41;0;10217;97
269;20231016;24;20;43;0;10217;96
269;20231017;1;20;53;0;10212;97
269;20231017;2;20;50;0;10208;96
269;20231017;3;20;46;0;10208;96
269;20231017;4;30;40;0;10210;96
269;20231017;5;20;35;0;10210;96
269;20231017;6;30;31;0;10209;97
269;20231017;7;30;44;9;10210;96
269;20231017;8;30;77;53;10209;80
269;20231017;9;40;95;96;10211;74
269;20231017;10;60;105;143;10211;64
269;20231017;11;50;116;163;10203;62
269;20231017;12;50;119;170;10200;61
269;20231017;13;50;120;159;10192;62
269;20231017;14;50;119;133;10186;63
269;20231017;15;50;114;93;10181;63
269;20231017;16;50;101;44;10179;70
269;20231017;17;40;63;4;10181;85
269;20231017;18;30;62;0;10178;84
269;20231017;19;30;75;0;10176;80
269;20231017;20;40;71;0;10173;81
269;20231017;21;50;69;0;10164;83
269;20231017;22;40;63;0;10159;87
269;20231017;23;40;54;0;10154;91
269;20231017;24;40;54;0;10147;91
269;20231018;1;40;49;0;10143;93
269;20231018;2;40;46;0;10137;93
269;20231018;3;40;50;0;10133;92
269;20231018;4;40;48;0;10123;92
269;20231018;5;50;50;0;10114;90
269;20231018;6;40;48;0;10109;90
269;20231018;7;40;51;6;10104;89
269;20231018;8;40;60;33;10096;86
269;20231018;9;50;72;63;10089;81
269;20231018;10;40;84;86;10082;76
269;20231018;11;60;101;140;10068;70
269;20231018;12;50;112;117;10053;67
269;20231018;13;60;119;115;10039;65
269;20231018;14;60;117;91;10027;65
269;20231018;15;70;114;58;10015;65
269;20231018;16;70;109;22;10005;68
269;20231018;17;70;106;2;9998;66
269;20231018;18;70;104;0;9990;69
269;20231018;19;60;105;0;9979;69
269;20231018;20;60;102;0;9968;71
269;20231018;21;50;100;0;9961;76
269;20231018;22;50;94;0;9950;84
269;20231018;23;50;92;0;9939;91
269;20231018;24;50;91;0;9931;97
269;20231019;1;40;94;0;9925;97
269;20231019;2;30;101;0;9919;97
269;20231019;3;20;109;0;9915;97
269;20231019;4;30;122;0;9911;97
269;20231019;5;30;126;0;9909;97
269;20231019;6;30;126;0;9914;96
269;20231019;7;30;135;4;9916;93
269;20231019;8;30;140;15;9921;93
269;20231019;9;30;145;23;9922;92
269;20231019;10;30;157;54;9920;90
269;20231019;11;40;162;76;9918;86
269;20231019;12;30;165;42;9913;89
269;20231019;13;30;169;74;9908;89
269;20231019;14;30;168;35;9906;87
269;20231019;15;20;163;20;9901;92
269;20231019;16;30;157;8;9895;94
269;20231019;17;40;154;3;9894;93
269;20231019;18;40;152;0;9897;94
269;20231019;19;40;148;0;9889;94
269;20231019;20;40;146;0;9887;95
269;20231019;21;50;136;0;9885;96
269;20231019;22;60;124;0;9880;97
269;20231019;23;60;117;0;9877;97
269;20231019;24;60;111;0;9872;96
269;20231020;1;70;104;0;9863;96
269;20231020;2;70;98;0;9859;97
269;20231020;3;80;94;0;9846;97
269;20231020;4;80;92;0;9839;98
269;20231020;5;90;88;0;9831;98
269;20231020;6;90;87;0;9823;98
269;20231020;7;90;86;1;9822;97
269;20231020;8;90;86;3;9819;95
269;20231020;9;100;85;9;9816;93
269;20231020;10;100;85;14;9811;92
269;20231020;11;100;84;19;9802;93
269;20231020;12;100;85;27;9792;93
269;20231020;13;100;86;29;9783;94
269;20231020;14;90;84;13;9781;93
269;20231020;15;60;83;7;9789;95
269;20231020;16;40;86;4;9787;94
269;20231020;17;30;89;0;9788;96
269;20231020;18;30;97;0;9791;96
269;20231020;19;20;109;0;9793;98
269;20231020;20;30;129;0;9800;96
269;20231020;21;50;138;0;9808;94
269;20231020;22;60;135;0;9813;93
269;20231020;23;50;132;0;9820;93
269;20231020;24;40;126;0;9827;94
269;20231021;1;30;119;0;9833;95
269;20231021;2;30;120;0;9841;95
269;20231021;3;30;119;0;9847;94
269;20231021;4;40;119;0;9854;93
269;20231021;5;30;119;0;9861;94
269;20231021;6;30;122;0;9874;94
269;20231021;7;40;123;5;9883;94
269;20231021;8;30;132;38;9890;91
269;20231021;9;50;135;24;9899;94
269;20231021;10;70;137;42;9910;85
269;20231021;11;70;147;71;9916;78
269;20231021;12;80;147;112;9922;74
269;20231021;13;80;151;111;9926;69
269;20231021;14;70;152;86;9927;67
269;20231021;15;60;148;28;9932;66
269;20231021;16;80;135;8;9936;74
269;20231021;17;60;124;1;9941;87
269;20231021;18;60;129;0;9944;83
269;20231021;19;60;132;0;9943;79
269;20231021;20;60;137;0;9945;75
269;20231021;21;60;136;0;9945;75
269;20231021;22;60;136;0;9945;75
269;20231021;23;70;138;0;9945;73
269;20231021;24;70;122;0;9950;90
269;20231022;1;70;122;0;9950;92
269;20231022;2;80;128;0;9951;87
269;20231022;3;90;126;0;9958;91
269;20231022;4;80;129;0;9973;94
269;20231022;5;80;116;0;9994;91
269;20231022;6;60;114;0;10009;90
269;20231022;7;50;115;2;10021;91
269;20231022;8;50;118;21;10031;90
269;20231022;9;50;123;70;10040;88
269;20231022;10;60;126;79;10050;85
269;20231022;11;50;127;37;10055;84
269;20231022;12;50;130;36;10059;81
269;20231022;13;40;137;71;10064;73
269;20231022;14;40;134;29;10071;75
269;20231022;15;30;139;42;10077;73
269;20231022;16;40;127;28;10083;76
269;20231022;17;20;109;2;10090;85
269;20231022;18;20;89;0;10098;91
269;20231022;19;10;82;0;10102;95
269;20231022;20;10;75;0;10109;94
269;20231022;21;10;68;0;10112;96
269;20231022;22;10;66;0;10116;95
269;20231022;23;20;59;0;10120;96
269;20231022;24;20;65;0;10123;95
269;20231023;1;20;57;0;10123;97
269;20231023;2;20;59;0;10127;97
269;20231023;3;20;59;0;10131;97
269;20231023;4;10;56;0;10132;98
269;20231023;5;10;58;0;10130;99
269;20231023;6;20;62;0;10132;98
269;20231023;7;20;81;5;10134;99
269;20231023;8;10;82;23;10135;100
269;20231023;9;10;95;59;10135;100
269;20231023;10;20;110;81;10132;96
269;20231023;11;30;112;41;10132;94
269;20231023;12;30;115;54;10125;90
269;20231023;13;40;119;71;10117;89
269;20231023;14;40;119;57;10109;91
269;20231023;15;40;121;34;10103;92
269;20231023;16;40;113;17;10095;94
269;20231023;17;40;107;1;10089;94
269;20231023;18;50;106;0;10080;95
269;20231023;19;50;108;0;10078;95
269;20231023;20;50;111;0;10071;93
269;20231023;21;50;110;0;10064;94
269;20231023;22;60;107;0;10047;95
269;20231023;23;60;108;0;10035;96
269;20231023;24;50;111;0;10026;96
269;20231024;1;50;114;0;10019;96
269;20231024;2;40;115;0;10013;96
269;20231024;3;30;118;0;10009;96
269;20231024;4;40;117;0;10011;94
269;20231024;5;50;112;0;10008;96
269;20231024;6;50;109;0;10005;96
269;20231024;7;50;109;0;10008;94
269;20231024;8;60;111;8;10006;92
269;20231024;9;60;117;29;10004;90
269;20231024;10;70;124;70;10004;87
269;20231024;11;80;128;68;10004;85
269;20231024;12;70;127;47;10003;85
269;20231024;13;60;121;33;10001;90
269;20231024;14;60;115;20;10002;89
269;20231024;15;50;111;16;10002;91
269;20231024;16;50;111;7;10000;92
269;20231024;17;40;113;1;10002;91
269;20231024;18;50;116;0;10004;88
269;20231024;19;50;110;0;10004;89
269;20231024;20;50;107;0;10006;91
269;20231024;21;40;103;0;10004;90
269;20231024;22;50;98;0;10004;90
269;20231024;23;50;93;0;10004;90
269;20231024;24;50;97;0;10003;90
269;20231025;1;50;89;0;10002;91
269;20231025;2;40;87;0;10000;92
269;20231025;3;30;72;0;9996;96
269;20231025;4;20;72;0;9994;96
269;20231025;5;20;70;0;9988;95
269;20231025;6;20;78;0;9984;95
269;20231025;7;30;88;3;9981;92
269;20231025;8;20;94;12;9976;91
269;20231025;9;20;102;25;9971;89
269;20231025;10;10;105;23;9969;88
269;20231025;11;20;99;13;9963;93
269;20231025;12;30;99;13;9954;95
269;20231025;13;40;101;14;9948;96
269;20231025;14;40;103;14;9942;96
269;20231025;15;50;103;12;9938;96
269;20231025;16;60;103;6;9937;95
269;20231025;17;60;102;0;9939;95
269;20231025;18;50;102;0;9940;96
269;20231025;19;50;102;0;9942;95
269;20231025;20;40;102;0;9947;95
269;20231025;21;30;96;0;9952;96
269;20231025;22;20;96;0;9955;95
269;20231025;23;20;93;0;9957;96
269;20231025;24;20;97;0;9960;94
269;20231026;1;10;91;0;9963;95
269;20231026;2;20;97;0;9966;95
269;20231026;3;10;100;0;9966;96
269;20231026;4;20;97;0;9965;98
269;20231026;5;10;70;0;9963;98
269;20231026;6;10;68;0;9960;100
269;20231026;7;10;77;5;9960;98
269;20231026;8;10;79;25;9963;98
269;20231026;9;20;93;53;9964;100
269;20231026;10;10;105;74;9964;95
269;20231026;11;20;111;68;9961;89
269;20231026;12;20;118;94;9958;85
269;20231026;13;40;118;94;9954;86
269;20231026;14;40;117;98;9951;85
269;20231026;15;30;116;57;9948;84
269;20231026;16;30;109;20;9944;88
269;20231026;17;20;106;2;9945;89
269;20231026;18;20;104;0;9946;91
269;20231026;19;20;99;0;9940;92
269;20231026;20;20;99;0;9940;93
269;20231026;21;20;100;0;9940;93
269;20231026;22;30;100;0;9932;91
269;20231026;23;30;97;0;9929;92
269;20231026;24;30;91;0;9925;95
269;20231027;1;20;92;0;9922;95
269;20231027;2;30;90;0;9919;96
269;20231027;3;30;92;0;9917;96
269;20231027;4;30;93;0;9916;96
269;20231027;5;30;94;0;9913;96
269;20231027;6;30;95;0;9911;96
269;20231027;7;30;95;1;9914;97
269;20231027;8;30;96;4;9916;97
269;20231027;9;30;100;22;9916;96
269;20231027;10;30;100;24;9920;95
269;20231027;11;20;103;30;9920;95
269;20231027;12;20;105;30;9918;95
269;20231027;13;20;109;34;9920;94
269;20231027;14;20;110;32;9921;94
269;20231027;15;20;109;19;9922;96
269;20231027;16;20;107;5;9923;96
269;20231027;17;20;107;0;9926;97
269;20231027;18;20;108;0;9929;97
269;20231027;19;20;105;0;9929;97
269;20231027;20;20;97;0;9931;97
269;20231027;21;30;97;0;9935;95
269;20231027;22;30;90;0;9938;95
269;20231027;23;30;85;0;9937;95
269;20231027;24;30;86;0;9937;95
269;20231028;1;30;87;0;9941;94
269;20231028;2;30;90;0;9938;96
269;20231028;3;30;95;0;9938;96
269;20231028;4;30;100;0;9940;95
269;20231028;5;40;104;0;9938;93
269;20231028;6;40;103;0;9938;92
269;20231028;7;40;104;2;9940;92
269;20231028;8;40;109;21;9943;90
269;20231028;9;50;113;20;9946;90
269;20231028;10;50;119;46;9947;89
269;20231028;11;60;130;63;9947;82
269;20231028;12;60;135;53;9946;82
269;20231028;13;60;141;100;9948;77
269;20231028;14;60;133;37;9950;78
269;20231028;15;50;134;29;9949;76
269;20231028;16;40;125;17;9949;78
269;20231028;17;30;114;0;9950;82
269;20231028;18;30;109;0;9949;84
269;20231028;19;40;112;0;9946;84
269;20231028;20;40;112;0;9940;87
269;20231028;21;50;114;0;9934;89
269;20231028;22;60;112;0;9922;94
269;20231028;23;50;116;0;9905;94
269;20231028;24;60;123;0;9896;94
269;20231029;1;80;131;0;9886;89
269;20231029;2;70;132;0;9875;88
269;20231029;3;80;133;0;9874;86
269;20231029;4;70;110;0;9877;90
269;20231029;5;80;134;0;9878;82
269;20231029;6;100;131;0;9881;78
269;20231029;7;100;125;1;9893;80
269;20231029;8;90;128;33;9903;79
269;20231029;9;100;130;48;9912;79
269;20231029;10;110;132;74;9921;77
269;20231029;11;100;136;85;9921;72
269;20231029;12;90;137;76;9919;71
269;20231029;13;70;136;51;9917;73
269;20231029;14;70;135;53;9912;72
269;20231029;15;60;128;23;9910;79
269;20231029;16;70;121;14;9909;81
269;20231029;17;70;118;0;9911;86
269;20231029;18;80;117;0;9922;87
269;20231029;19;80;109;0;9927;87
269;20231029;20;80;111;0;9938;83
269;20231029;21;90;109;0;9949;85
269;20231029;22;80;109;0;9957;82
269;20231029;23;70;102;0;9962;82
269;20231029;24;70;102;0;9964;81
269;20231030;1;60;97;0;9971;85
269;20231030;2;60;95;0;9977;87
269;20231030;3;50;96;0;9978;86
269;20231030;4;60;98;0;9981;85
269;20231030;5;60;98;0;9978;86
269;20231030;6;60;96;0;9982;88
269;20231030;7;40;94;2;9988;90
269;20231030;8;40;107;31;9992;88
269;20231030;9;50;123;82;9992;84
269;20231030;10;50;122;60;9995;86
269;20231030;11;50;126;61;9990;86
269;20231030;12;50;133;65;9987;83
269;20231030;13;40;134;63;9981;84
269;20231030;14;30;134;42;9974;84
269;20231030;15;20;128;19;9971;88
269;20231030;16;20;121;4;9966;89
269;20231030;17;20;115;0;9962;91
269;20231030;18;20;106;0;9964;98
269;20231030;19;20;103;0;9960;97
269;20231030;20;30;103;0;9954;96
269;20231030;21;30;99;0;9950;94
269;20231030;22;30;100;0;9944;96
269;20231030;23;30;100;0;9945;96
269;20231030;24;40;99;0;9950;95
269;20231031;1;40;98;0;9952;95
269;20231031;2;40;96;0;9959;95
269;20231031;3;40;100;0;9964;96
269;20231031;4;50;101;0;9972;94
269;20231031;5;50;99;0;9974;94
269;20231031;6;50;101;0;9979;94
269;20231031;7;60;102;1;9986;94
269;20231031;8;50;104;9;9994;94
269;20231031;9;40;114;60;10000;92
269;20231031;10;40;122;54;10009;91
269;20231031;11;30;132;111;10013;77
269;20231031;12;30;134;121;10017;78
269;20231031;13;30;136;131;10020;71
269;20231031;14;20;121;28;10024;87
269;20231031;15;30;109;14;10028;92
269;20231031;16;40;98;1;10035;94
269;20231031;17;30;93;0;10039;95
269;20231031;18;20;94;0;10042;94
269;20231031;19;20;94;0;10041;95
269;20231031;20;20;94;0;10037;94
269;20231031;21;30;100;0;10035;98
269;20231031;22;20;95;0;10031;95
269;20231031;23;30;90;0;10031;95
269;20231031;24;40;105;0;10028;90
269;20231101;1;50;109;0;10024;92
269;20231101;2;30;109;0;10018;95
269;20231101;3;40;113;0;10011;94
269;20231101;4;40;109;0;10006;94
269;20231101;5;30;111;0;10000;94
269;20231101;6;40;110;0;9994;98
269;20231101;7;30;117;1;9992;97
269;20231101;8;50;126;7;9992;93
269;20231101;9;60;130;19;9989;91
269;20231101;10;70;136;48;9986;88
269;20231101;11;60;138;60;9978;85
269;20231101;12;70;141;73;9969;81
269;20231101;13;80;143;63;9960;79
269;20231101;14;70;148;63;9950;74
269;20231101;15;70;141;32;9943;75
269;20231101;16;60;128;4;9939;85
269;20231101;17;70;125;0;9935;86
269;20231101;18;80;122;0;9935;81
269;20231101;19;80;117;0;9932;84
269;20231101;20;80;112;0;9934;86
269;20231101;21;80;109;0;9930;85
269;20231101;22;60;101;0;9923;87
269;20231101;23;60;96;0;9914;89
269;20231101;24;50;99;0;9902;87
269;20231102;1;60;102;0;9887;86
269;20231102;2;60;103;0;9867;86
269;20231102;3;70;105;0;9840;81
269;20231102;4;70;110;0;9824;79
269;20231102;5;70;112;0;9793;77
269;20231102;6;80;115;0;9773;74
269;20231102;7;90;111;0;9758;78
269;20231102;8;90;117;19;9744;79
269;20231102;9;100;124;22;9732;77
269;20231102;10;100;137;62;9723;69
269;20231102;11;110;138;51;9714;65
269;20231102;12;130;139;45;9706;60
269;20231102;13;120;118;29;9707;77
269;20231102;14;130;124;32;9700;68
269;20231102;15;140;110;8;9700;78
269;20231102;16;130;107;4;9706;77
269;20231102;17;130;101;0;9714;82
269;20231102;18;120;109;0;9716;72
269;20231102;19;130;111;0;9724;67
269;20231102;20;130;107;0;9729;70
269;20231102;21;140;94;0;9732;80
269;20231102;22;130;82;0;9732;88
269;20231102;23;110;82;0;9734;90
269;20231102;24;120;87;0;9737;86
269;20231103;1;120;87;0;9743;85
269;20231103;2;120;88;0;9746;87
269;20231103;3;110;89;0;9753;88
269;20231103;4;110;89;0;9758;90
269;20231103;5;110;87;0;9765;91
269;20231103;6;110;87;0;9772;93
269;20231103;7;110;89;0;9784;91
269;20231103;8;110;92;7;9796;92
269;20231103;9;100;95;21;9805;91
269;20231103;10;100;106;78;9810;87
269;20231103;11;100;112;105;9815;85
269;20231103;12;90;113;60;9824;87
269;20231103;13;90;119;112;9827;79
269;20231103;14;100;118;83;9832;78
269;20231103;15;100;111;46;9840;78
269;20231103;16;90;104;5;9845;79
269;20231103;17;80;103;0;9849;76
269;20231103;18;80;98;0;9850;77
269;20231103;19;80;92;0;9853;78
269;20231103;20;80;87;0;9854;78
269;20231103;21;70;81;0;9852;81
269;20231103;22;80;78;0;9850;82
269;20231103;23;80;75;0;9847;83
269;20231103;24;70;77;0;9846;83
269;20231104;1;70;81;0;9842;83
269;20231104;2;70;81;0;9838;85
269;20231104;3;70;88;0;9834;84
269;20231104;4;70;89;0;9831;86
269;20231104;5;60;91;0;9827;86
269;20231104;6;70;93;0;9822;86
269;20231104;7;60;91;1;9818;87
269;20231104;8;60;94;7;9813;85
269;20231104;9;70;100;43;9804;81
269;20231104;10;60;103;52;9796;80
269;20231104;11;60;107;66;9782;77
269;20231104;12;60;106;30;9766;76
269;20231104;13;50;97;20;9750;85
269;20231104;14;50;91;20;9734;90
269;20231104;15;60;89;11;9722;92
269;20231104;16;60;90;2;9714;92
269;20231104;17;50;93;0;9708;92
269;20231104;18;50;94;0;9706;93
269;20231104;19;50;97;0;9701;92
269;20231104;20;60;97;0;9703;93
269;20231104;21;60;93;0;9705;92
269;20231104;22;50;95;0;9706;91
269;20231104;23;60;97;0;9707;89
269;20231104;24;50;92;0;9705;89
269;20231105;1;40;93;0;9704;88
269;20231105;2;40;93;0;9699;89
269;20231105;3;30;94;0;9696;88
269;20231105;4;40;94;0;9696;92
269;20231105;5;30;91;0;9696;97
269;20231105;6;30;93;0;9699;95
269;20231105;7;30;95;1;9705;94
269;20231105;8;30;100;12;9711;94
269;20231105;9;30;106;22;9721;92
269;20231105;10;50;113;42;9731;90
269;20231105;11;50;112;38;9742;89
269;20231105;12;60;108;27;9756;91
269;20231105;13;50;120;47;9767;88
269;20231105;14;70;113;19;9779;91
269;20231105;15;80;111;16;9792;86
269;20231105;16;100;106;3;9812;91
269;20231105;17;100;106;0;9831;90
269;20231105;18;80;102;0;9851;91
269;20231105;19;60;107;0;9864;80
269;20231105;20;70;104;0;9878;81
269;20231105;21;60;101;0;9889;79
269;20231105;22;50;93;0;9901;88
269;20231105;23;60;91;0;9907;89
269;20231105;24;70;91;0;9914;90
269;20231106;1;70;95;0;9919;92
269;20231106;2;70;92;0;9926;92
269;20231106;3;70;95;0;9933;91
269;20231106;4;70;89;0;9940;92
269;20231106;5;70;90;0;9946;91
269;20231106;6;80;89;0;9951;88
269;20231106;7;80;88;1;9956;88
269;20231106;8;80;93;23;9961;86
269;20231106;9;80;101;70;9968;82
269;20231106;10;100;109;107;9976;79
269;20231106;11;100;113;85;9978;77
269;20231106;12;110;115;117;9984;75
269;20231106;13;110;112;60;9987;78
269;20231106;14;90;110;40;9990;79
269;20231106;15;80;108;28;9994;81
269;20231106;16;60;98;10;9999;84
269;20231106;17;60;95;0;10006;87
269;20231106;18;60;96;0;10011;88
269;20231106;19;70;95;0;10020;90
269;20231106;20;60;95;0;10026;91
269;20231106;21;60;88;0;10029;91
269;20231106;22;70;90;0;10032;90
269;20231106;23;70;91;0;10037;90
269;20231106;24;50;87;0;10042;90
269;20231107;1;60;87;0;10047;90
269;20231107;2;70;85;0;10050;90
269;20231107;3;60;91;0;10050;90
269;20231107;4;60;90;0;10050;89
269;20231107;5;60;85;0;10052;90
269;20231107;6;60;80;0;10057;90
269;20231107;7;60;80;0;10060;90
269;20231107;8;50;80;17;10065;90
269;20231107;9;60;89;55;10067;87
269;20231107;10;80;99;96;10071;87
269;20231107;11;70;101;103;10074;86
269;20231107;12;60;116;59;10071;84
269;20231107;13;70;122;103;10072;79
269;20231107;14;70;111;37;10072;81
269;20231107;15;70;101;22;10073;84
269;20231107;16;60;97;5;10074;89
269;20231107;17;70;92;0;10075;85
269;20231107;18;80;92;0;10073;85
269;20231107;19;90;90;0;10078;88
269;20231107;20;80;88;0;10080;90
269;20231107;21;60;89;0;10080;90
269;20231107;22;60;88;0;10080;92
269;20231107;23;70;88;0;10086;93
269;20231107;24;70;87;0;10088;95
269;20231108;1;60;86;0;10090;93
269;20231108;2;60;83;0;10092;92
269;20231108;3;60;84;0;10094;93
269;20231108;4;60;84;0;10094;94
269;20231108;5;60;80;0;10096;94
269;20231108;6;70;83;0;10098;94
269;20231108;7;60;83;0;10101;93
269;20231108;8;60;84;16;10102;90
269;20231108;9;60;92;62;10102;87
269;20231108;10;70;95;82;10101;86
269;20231108;11;70;96;49;10094;86
269;20231108;12;70;101;71;10088;81
269;20231108;13;90;103;46;10082;79
269;20231108;14;80;100;27;10069;82
269;20231108;15;70;96;10;10059;86
269;20231108;16;80;91;3;10050;92
269;20231108;17;90;91;0;10045;93
269;20231108;18;80;93;0;10040;93
269;20231108;19;90;96;0;10035;94
269;20231108;20;90;99;0;10031;94
269;20231108;21;80;102;0;10026;94
269;20231108;22;80;104;0;10019;93
269;20231108;23;70;105;0;10013;94
269;20231108;24;70;106;0;10006;93
269;20231109;1;70;105;0;9998;94
269;20231109;2;70;104;0;9992;95
269;20231109;3;70;106;0;9987;94
269;20231109;4;40;99;0;9990;96
269;20231109;5;30;96;0;9991;97
269;20231109;6;30;92;0;9994;94
269;20231109;7;30;90;0;9999;96
269;20231109;8;40;90;7;10002;93
269;20231109;9;40;95;47;10003;90
269;20231109;10;40;105;81;10003;85
269;20231109;11;60;111;97;10003;82
269;20231109;12;60;106;82;9997;79
269;20231109;13;60;104;59;9990;75
269;20231109;14;60;105;30;9981;76
269;20231109;15;50;106;26;9970;79
269;20231109;16;60;80;2;9968;88
269;20231109;17;40;78;0;9962;93
269;20231109;18;30;78;0;9960;93
269;20231109;19;50;74;0;9956;91
269;20231109;20;60;72;0;9956;91
269;20231109;21;60;73;0;9955;89
269;20231109;22;60;73;0;9954;89
269;20231109;23;60;70;0;9949;87
269;20231109;24;60;64;0;9945;88
269;20231110;1;70;65;0;9943;86
269;20231110;2;70;65;0;9937;88
269;20231110;3;70;71;0;9938;86
269;20231110;4;60;72;0;9936;86
269;20231110;5;70;76;0;9937;86
269;20231110;6;70;73;0;9938;87
269;20231110;7;70;72;1;9942;87
269;20231110;8;60;69;8;9945;90
269;20231110;9;50;71;17;9945;89
269;20231110;10;60;75;16;9945;87
269;20231110;11;50;74;12;9941;89
269;20231110;12;40;78;11;9937;88
269;20231110;13;60;79;9;9937;90
269;20231110;14;60;80;23;9940;90
269;20231110;15;70;80;15;9946;91
269;20231110;16;50;81;3;9949;91
269;20231110;17;40;75;0;9956;93
269;20231110;18;40;77;0;9958;92
269;20231110;19;30;73;0;9961;93
269;20231110;20;20;59;0;9964;95
269;20231110;21;30;70;0;9971;95
269;20231110;22;20;53;0;9975;96
269;20231110;23;20;55;0;9978;95
269;20231110;24;30;53;0;9984;93
269;20231111;1;20;61;0;9988;92
269;20231111;2;20;56;0;9994;90
269;20231111;3;30;62;0;9997;91
269;20231111;4;30;47;0;10000;94
269;20231111;5;20;63;0;10007;89
269;20231111;6;30;64;0;10012;89
269;20231111;7;40;61;0;10018;94
269;20231111;8;40;72;8;10024;88
269;20231111;9;40;75;23;10027;86
269;20231111;10;50;79;44;10030;90
269;20231111;11;40;98;98;10033;85
269;20231111;12;50;89;113;10034;80
269;20231111;13;40;97;88;10038;80
269;20231111;14;40;91;70;10039;82
269;20231111;15;40;89;40;10044;83
269;20231111;16;30;77;5;10050;90
269;20231111;17;30;43;0;10052;95
269;20231111;18;40;58;0;10054;93
269;20231111;19;30;57;0;10055;95
269;20231111;20;30;43;0;10053;95
269;20231111;21;20;50;0;10054;97
269;20231111;22;10;48;0;10050;96
269;20231111;23;20;44;0;10051;97
269;20231111;24;20;33;0;10048;98
269;20231112;1;20;37;0;10047;98
269;20231112;2;20;41;0;10045;97
269;20231112;3;10;21;0;10044;98
269;20231112;4;20;25;0;10044;98
269;20231112;5;10;19;0;10045;98
269;20231112;6;20;21;0;10047;99
269;20231112;7;20;45;0;10051;98
269;20231112;8;20;48;10;10055;98
269;20231112;9;20;57;35;10057;97
269;20231112;10;20;78;62;10060;92
269;20231112;11;20;85;91;10060;87
269;20231112;12;30;93;92;10063;84
269;20231112;13;30;95;99;10064;81
269;20231112;14;30;92;74;10065;81
269;20231112;15;30;68;23;10067;89
269;20231112;16;30;61;5;10072;94
269;20231112;17;30;59;0;10072;95
269;20231112;18;30;52;0;10079;98
269;20231112;19;30;54;0;10079;98
269;20231112;20;20;59;0;10080;96
269;20231112;21;30;59;0;10076;94
269;20231112;22;20;59;0;10084;96
269;20231112;23;20;53;0;10080;98
269;20231112;24;20;50;0;10076;98
269;20231113;1;20;41;0;10069;98
269;20231113;2;20;41;0;10065;95
269;20231113;3;20;45;0;10060;94
269;20231113;4;20;48;0;10058;93
269;20231113;5;30;55;0;10049;91
269;20231113;6;30;57;0;10040;92
269;20231113;7;30;59;0;10036;94
269;20231113;8;40;65;2;10023;97
269;20231113;9;40;78;5;10013;97
269;20231113;10;40;93;12;9998;96
269;20231113;11;60;99;20;9977;94
269;20231113;12;70;105;17;9950;95
269;20231113;13;80;122;14;9939;95
269;20231113;14;100;147;42;9934;87
269;20231113;15;120;147;29;9934;78
269;20231113;16;100;131;9;9944;75
269;20231113;17;90;128;0;9956;69
269;20231113;18;100;130;0;9961;69
269;20231113;19;90;121;0;9963;79
269;20231113;20;90;120;0;9967;78
269;20231113;21;110;123;0;9972;76
269;20231113;22;110;126;0;9975;75
269;20231113;23;110;128;0;9977;73
269;20231113;24;110;126;0;9976;75
269;20231114;1;110;129;0;9979;74
269;20231114;2;110;129;0;9981;74
269;20231114;3;110;126;0;9989;76
269;20231114;4;120;126;0;9994;76
269;20231114;5;120;125;0;9996;76
269;20231114;6;100;125;0;10000;78
269;20231114;7;100;125;0;10006;78
269;20231114;8;90;126;4;10009;78
269;20231114;9;90;128;21;10010;78
269;20231114;10;90;133;39;10012;76
269;20231114;11;100;137;71;10012;74
269;20231114;12;80;130;51;10009;79
269;20231114;13;70;129;32;10003;80
269;20231114;14;60;122;15;10000;85
269;20231114;15;60;113;8;9995;88
269;20231114;16;50;112;0;9994;92
269;20231114;17;50;106;0;9994;94
269;20231114;18;50;104;0;9998;95
269;20231114;19;30;103;0;10007;96
269;20231114;20;30;103;0;10018;95
269;20231114;21;30;106;0;10031;93
269;20231114;22;30;98;0;10041;94
269;20231114;23;30;91;0;10053;94
269;20231114;24;30;100;0;10062;93
269;20231115;1;40;99;0;10070;94
269;20231115;2;40;95;0;10078;95
269;20231115;3;40;97;0;10082;96
269;20231115;4;40;97;0;10089;95
269;20231115;5;40;102;0;10094;94
269;20231115;6;40;93;0;10097;94
269;20231115;7;30;95;0;10101;93
269;20231115;8;40;106;5;10108;91
269;20231115;9;60;108;23;10114;87
269;20231115;10;60;115;53;10117;83
269;20231115;11;60;121;67;10119;82
269;20231115;12;70;121;102;10122;79
269;20231115;13;70;120;59;10122;75
269;20231115;14;70;120;63;10125;74
269;20231115;15;60;112;41;10128;76
269;20231115;16;60;103;5;10131;83
269;20231115;17;60;96;0;10134;91
269;20231115;18;70;98;0;10133;88
269;20231115;19;60;99;0;10132;86
269;20231115;20;60;98;0;10133;87
269;20231115;21;60;101;0;10131;85
269;20231115;22;60;94;0;10133;91
269;20231115;23;70;94;0;10137;93
269;20231115;24;50;92;0;10140;89
269;20231116;1;40;87;0;10143;85
269;20231116;2;30;88;0;10147;83
269;20231116;3;30;85;0;10149;85
269;20231116;4;10;69;0;10147;88
269;20231116;5;10;38;0;10146;97
269;20231116;6;20;44;0;10147;97
269;20231116;7;10;35;0;10143;98
269;20231116;8;10;43;13;10141;97
269;20231116;9;10;68;47;10138;95
269;20231116;10;20;77;44;10136;95
269;20231116;11;20;80;44;10130;93
269;20231116;12;20;83;43;10122;89
269;20231116;13;20;80;34;10116;89
269;20231116;14;30;76;26;10114;90
269;20231116;15;30;70;18;10115;91
269;20231116;16;30;54;5;10117;92
269;20231116;17;20;52;0;10122;94
269;20231116;18;20;48;0;10126;95
269;20231116;19;20;62;0;10130;88
269;20231116;20;20;44;0;10133;95
269;20231116;21;10;39;0;10137;96
269;20231116;22;0;37;0;10145;97
269;20231116;23;10;27;0;10151;99
269;20231116;24;10;16;0;10158;98
269;20231117;1;20;20;0;10162;98
269;20231117;2;10;28;0;10167;98
269;20231117;3;10;20;0;10166;97
269;20231117;4;10;18;0;10168;98
269;20231117;5;10;14;0;10169;98
269;20231117;6;20;24;0;10173;98
269;20231117;7;10;24;0;10176;98
269;20231117;8;10;25;7;10181;98
269;20231117;9;10;50;37;10185;98
269;20231117;10;10;63;35;10192;92
269;20231117;11;20;72;42;10194;88
269;20231117;12;30;87;80;10195;83
269;20231117;13;40;90;111;10198;75
269;20231117;14;30;88;68;10201;76
269;20231117;15;20;82;23;10207;81
269;20231117;16;20;61;5;10210;89
269;20231117;17;20;53;0;10217;94
269;20231117;18;20;41;0;10221;94
269;20231117;19;20;38;0;10225;94
269;20231117;20;30;40;0;10227;94
269;20231117;21;30;39;0;10227;94
269;20231117;22;30;43;0;10231;94
269;20231117;23;30;47;0;10230;94
269;20231117;24;30;43;0;10230;96
269;20231118;1;30;45;0;10229;97
269;20231118;2;30;51;0;10229;96
269;20231118;3;30;48;0;10228;97
269;20231118;4;20;49;0;10220;96
269;20231118;5;30;53;0;10214;95
269;20231118;6;30;56;0;10210;94
269;20231118;7;40;58;0;10210;93
269;20231118;8;40;60;1;10205;92
269;20231118;9;30;64;7;10197;90
269;20231118;10;50;69;15;10188;87
269;20231118;11;50;67;8;10181;92
269;20231118;12;60;70;11;10163;93
269;20231118;13;60;74;12;10139;93
269;20231118;14;60;77;9;10133;93
269;20231118;15;60;77;5;10118;95
269;20231118;16;70;79;1;10105;95
269;20231118;17;60;79;0;10095;96
269;20231118;18;50;83;0;10088;97
269;20231118;19;60;94;0;10086;97
269;20231118;20;60;111;0;10079;96
269;20231118;21;60;120;0;10076;96
269;20231118;22;60;127;0;10067;94
269;20231118;23;70;131;0;10066;93
269;20231118;24;70;134;0;10063;91
269;20231119;1;70;131;0;10060;90
269;20231119;2;70;125;0;10057;91
269;20231119;3;80;127;0;10056;88
269;20231119;4;80;121;0;10055;87
269;20231119;5;80;117;0;10057;86
269;20231119;6;80;123;0;10058;81
269;20231119;7;80;118;0;10058;81
269;20231119;8;80;118;5;10062;83
269;20231119;9;80;123;29;10063;80
269;20231119;10;80;123;33;10063;82
269;20231119;11;80;129;22;10063;79
269;20231119;12;80;133;34;10060;74
269;20231119;13;80;131;27;10058;74
269;20231119;14;80;121;13;10058;84
269;20231119;15;80;124;26;10055;80
269;20231119;16;70;121;1;10054;82
269;20231119;17;70;118;0;10052;88
269;20231119;18;80;115;0;10049;92
269;20231119;19;90;117;0;10046;94
269;20231119;20;80;120;0;10044;93
269;20231119;21;80;123;0;10048;91
269;20231119;22;80;125;0;10049;88
269;20231119;23;70;121;0;10053;92
269;20231119;24;80;118;0;10055;93
269;20231120;1;70;115;0;10058;95
269;20231120;2;60;113;0;10061;96
269;20231120;3;70;114;0;10060;94
269;20231120;4;70;109;0;10063;95
269;20231120;5;70;108;0;10066;95
269;20231120;6;60;105;0;10066;95
269;20231120;7;50;105;0;10070;91
269;20231120;8;50;101;5;10073;89
269;20231120;9;50;100;15;10074;91
269;20231120;10;60;112;81;10075;87
269;20231120;11;70;114;71;10074;83
269;20231120;12;70;120;110;10071;81
269;20231120;13;60;119;100;10069;79
269;20231120;14;50;111;48;10068;82
269;20231120;15;30;95;23;10069;89
269;20231120;16;20;99;3;10072;89
269;20231120;17;20;94;0;10075;93
269;20231120;18;20;89;0;10079;96
269;20231120;19;30;61;0;10083;96
269;20231120;20;30;57;0;10086;99
269;20231120;21;20;55;0;10090;99
269;20231120;22;20;72;0;10095;98
269;20231120;23;20;70;0;10097;98
269;20231120;24;20;71;0;10100;98
269;20231121;1;20;79;0;10103;97
269;20231121;2;20;80;0;10108;97
269;20231121;3;20;81;0;10113;98
269;20231121;4;20;85;0;10115;98
269;20231121;5;30;95;0;10121;97
269;20231121;6;20;100;0;10127;96
269;20231121;7;20;101;0;10136;96
269;20231121;8;40;100;2;10149;96
269;20231121;9;50;98;13;10161;95
269;20231121;10;50;98;11;10171;94
269;20231121;11;50;99;19;10179;95
269;20231121;12;50;96;30;10185;94
269;20231121;13;50;92;27;10193;93
269;20231121;14;60;86;11;10200;90
269;20231121;15;60;79;18;10211;89
269;20231121;16;50;63;2;10223;89
269;20231121;17;30;63;0;10235;88
269;20231121;18;30;47;0;10244;92
269;20231121;19;30;44;0;10253;92
269;20231121;20;20;39;0;10260;93
269;20231121;21;20;33;0;10268;93
269;20231121;22;10;41;0;10273;95
269;20231121;23;20;46;0;10279;96
269;20231121;24;20;44;0;10278;94
269;20231122;1;20;28;0;10283;96
269;20231122;2;20;26;0;10288;97
269;20231122;3;10;18;0;10287;98
269;20231122;4;20;11;0;10295;100
269;20231122;5;10;8;0;10296;97
269;20231122;6;10;17;0;10298;96
269;20231122;7;10;22;0;10300;97
269;20231122;8;10;18;7;10304;98
269;20231122;9;20;29;26;10304;94
269;20231122;10;20;41;38;10305;92
269;20231122;11;30;51;52;10297;89
269;20231122;12;40;56;60;10288;86
269;20231122;13;50;59;60;10280;85
269;20231122;14;50;58;14;10275;84
269;20231122;15;50;57;9;10270;83
269;20231122;16;60;54;1;10260;88
269;20231122;17;70;54;0;10256;89
269;20231122;18;60;55;0;10252;89
269;20231122;19;70;66;0;10248;87
269;20231122;20;70;69;0;10240;90
269;20231122;21;70;69;0;10236;95
269;20231122;22;60;73;0;10231;96
269;20231122;23;60;80;0;10225;97
269;20231122;24;50;91;0;10224;96
269;20231123;1;50;98;0;10217;94
269;20231123;2;60;97;0;10214;94
269;20231123;3;50;96;0;10212;94
269;20231123;4;60;104;0;10208;91
269;20231123;5;70;103;0;10207;91
269;20231123;6;70;112;0;10202;88
269;20231123;7;70;98;0;10200;93
269;20231123;8;60;115;2;10202;86
269;20231123;9;70;119;12;10196;86
269;20231123;10;80;127;41;10188;84
269;20231123;11;90;132;81;10182;78
269;20231123;12;100;128;43;10170;80
269;20231123;13;100;131;55;10164;79
269;20231123;14;100;126;23;10157;81
269;20231123;15;100;126;16;10152;79
269;20231123;16;90;126;1;10147;80
269;20231123;17;90;124;0;10140;83
269;20231123;18;80;127;0;10136;81
269;20231123;19;90;123;0;10131;86
269;20231123;20;70;105;0;10132;91
269;20231123;21;60;108;0;10132;76
269;20231123;22;70;92;0;10136;77
269;20231123;23;60;86;0;10141;78
269;20231123;24;50;77;0;10135;84
269;20231124;1;50;85;0;10130;73
269;20231124;2;60;77;0;10132;79
269;20231124;3;60;73;0;10125;79
269;20231124;4;60;75;0;10120;80
269;20231124;5;50;71;0;10115;75
269;20231124;6;50;63;0;10110;82
269;20231124;7;50;61;0;10111;79
269;20231124;8;60;65;4;10110;76
269;20231124;9;70;54;23;10106;82
269;20231124;10;60;68;53;10103;75
269;20231124;11;70;74;66;10096;68
269;20231124;12;80;72;85;10091;70
269;20231124;13;80;62;52;10087;76
269;20231124;14;80;76;44;10083;62
269;20231124;15;90;58;22;10082;76
269;20231124;16;90;59;3;10086;73
269;20231124;17;80;59;0;10083;79
269;20231124;18;80;72;0;10086;66
269;20231124;19;80;47;0;10097;77
269;20231124;20;80;70;0;10095;66
269;20231124;21;80;75;0;10103;65
269;20231124;22;70;61;0;10109;69
269;20231124;23;40;73;0;10115;61
269;20231124;24;40;70;0;10120;58
269;20231125;1;40;71;0;10122;66
269;20231125;2;50;59;0;10123;74
269;20231125;3;40;70;0;10122;67
269;20231125;4;50;58;0;10123;74
269;20231125;5;40;52;0;10116;80
269;20231125;6;50;58;0;10114;75
269;20231125;7;60;58;0;10111;79
269;20231125;8;50;55;3;10111;81
269;20231125;9;50;58;20;10111;82
269;20231125;10;60;78;42;10113;76
269;20231125;11;60;80;56;10110;76
269;20231125;12;60;78;77;10108;75
269;20231125;13;60;65;53;10111;84
269;20231125;14;50;74;32;10111;77
269;20231125;15;50;75;19;10114;77
269;20231125;16;40;62;3;10120;81
269;20231125;17;30;53;0;10126;84
269;20231125;18;20;35;0;10133;92
269;20231125;19;20;32;0;10137;91
269;20231125;20;20;38;0;10141;90
269;20231125;21;20;8;0;10143;94
269;20231125;22;20;1;0;10144;94
269;20231125;23;20;-3;0;10146;95
269;20231125;24;10;2;0;10147;96
269;20231126;1;20;26;0;10147;94
269;20231126;2;20;36;0;10147;87
269;20231126;3;30;29;0;10146;92
269;20231126;4;20;33;0;10147;93
269;20231126;5;20;36;0;10148;93
269;20231126;6;30;43;0;10149;93
269;20231126;7;30;48;0;10147;92
269;20231126;8;30;51;2;10149;91
269;20231126;9;20;59;14;10148;90
269;20231126;10;30;66;27;10148;89
269;20231126;11;30;75;45;10146;88
269;20231126;12;30;76;44;10143;81
269;20231126;13;30;72;28;10141;82
269;20231126;14;20;70;22;10137;86
269;20231126;15;20;65;7;10132;92
269;20231126;16;30;66;1;10129;93
269;20231126;17;30;61;0;10125;94
269;20231126;18;30;59;0;10121;94
269;20231126;19;40;57;0;10115;91
269;20231126;20;40;57;0;10111;90
269;20231126;21;40;56;0;10105;90
269;20231126;22;50;55;0;10098;91
269;20231126;23;40;51;0;10090;95
269;20231126;24;40;52;0;10079;94
269;20231127;1;40;54;0;10066;94
269;20231127;2;50;54;0;10056;94
269;20231127;3;60;50;0;10044;93
269;20231127;4;60;50;0;10033;93
269;20231127;5;40;49;0;10023;95
269;20231127;6;40;48;0;10012;93
269;20231127;7;40;46;0;10004;93
269;20231127;8;40;43;1;9996;93
269;20231127;9;30;43;3;9988;93
269;20231127;10;30;42;7;9979;95
269;20231127;11;30;42;11;9970;94
269;20231127;12;20;43;9;9960;95
269;20231127;13;30;45;15;9949;95
269;20231127;14;40;40;11;9945;94
269;20231127;15;50;31;3;9943;95
269;20231127;16;60;27;0;9943;95
269;20231127;17;60;22;0;9945;94
269;20231127;18;60;22;0;9948;94
269;20231127;19;70;25;0;9953;92
269;20231127;20;70;30;0;9958;91
269;20231127;21;70;33;0;9966;87
269;20231127;22;80;29;0;9974;88
269;20231127;23;80;27;0;9986;88
269;20231127;24;90;20;0;9994;88
269;20231128;1;80;19;0;10003;86
269;20231128;2;80;10;0;10017;82
269;20231128;3;70;6;0;10028;79
269;20231128;4;70;7;0;10033;81
269;20231128;5;70;8;0;10040;81
269;20231128;6;50;4;0;10048;83
269;20231128;7;40;9;0;10058;84
269;20231128;8;30;-1;3;10063;90
269;20231128;9;10;27;32;10067;81
269;20231128;10;10;34;64;10070;77
269;20231128;11;10;31;86;10075;73
269;20231128;12;10;41;93;10074;67
269;20231128;13;20;37;74;10075;70
269;20231128;14;20;35;62;10074;72
269;20231128;15;20;25;27;10071;77
269;20231128;16;20;11;2;10068;83
269;20231128;17;40;16;0;10060;83
269;20231128;18;50;20;0;10053;82
269;20231128;19;70;26;0;10047;85
269;20231128;20;70;25;0;10040;90
269;20231128;21;80;5;0;10039;94
269;20231128;22;50;18;0;10027;95
269;20231128;23;60;17;0;10026;94
269;20231128;24;30;26;0;10015;90
269;20231129;1;60;20;0;10008;93
269;20231129;2;70;22;0;9999;92
269;20231129;3;60;30;0;9991;85
269;20231129;4;70;21;0;9979;87
269;20231129;5;60;37;0;9976;84
269;20231129;6;40;36;0;9985;89
269;20231129;7;40;35;0;9995;80
269;20231129;8;40;32;5;10005;76
269;20231129;9;40;39;36;10013;71
269;20231129;10;20;40;45;10019;70
269;20231129;11;20;42;66;10019;76
269;20231129;12;40;28;40;10020;91
269;20231129;13;40;36;79;10020;84
269;20231129;14;50;29;32;10020;88
269;20231129;15;30;20;17;10022;88
269;20231129;16;20;11;1;10022;92
269;20231129;17;20;1;0;10023;94
269;20231129;18;20;2;0;10024;96
269;20231129;19;10;-3;0;10026;93
269;20231129;20;10;-2;0;10027;98
269;20231129;21;0;1;0;10028;97
269;20231129;22;10;5;0;10029;98
269;20231129;23;0;7;0;10029;98
269;20231129;24;10;7;0;10026;96
269;20231130;1;10;8;0;10024;96
269;20231130;2;10;6;0;10022;96
269;20231130;3;20;6;0;10018;96
269;20231130;4;10;6;0;10019;96
269;20231130;5;20;6;0;10021;96
269;20231130;6;10;7;0;10019;95
269;20231130;7;20;-4;0;10020;97
269;20231130;8;20;-8;2;10023;98
269;20231130;9;10;-7;12;10023;98
269;20231130;10;20;-7;24;10022;99
269;20231130;11;20;-3;30;10021;100
269;20231130;12;10;0;37;10020;100
269;20231130;13;10;3;30;10019;100
269;20231130;14;10;8;26;10019;98
269;20231130;15;10;1;14;10019;96
269;20231130;16;20;-4;1;10021;98
269;20231130;17;10;-6;0;10022;99
269;20231130;18;10;-7;0;10025;100
269;20231130;19;20;-9;0;10028;98
269;20231130;20;20;-8;0;10031;98
269;20231130;21;20;-10;0;10034;98
269;20231130;22;20;-11;0;10038;97
269;20231130;23;30;-9;0;10043;96
269;20231130;24;30;-4;0;10047;93
269;20231201;1;20;0;0;10050;89
269;20231201;2;30;-2;0;10053;88
269;20231201;3;20;2;0;10055;86
269;20231201;4;40;3;0;10057;84
269;20231201;5;30;3;0;10062;85
269;20231201;6;30;-2;0;10067;84
269;20231201;7;30;-11;0;10072;85
269;20231201;8;30;-18;2;10077;86
269;20231201;9;20;-13;21;10079;87
269;20231201;10;20;-9;52;10084;84
269;20231201;11;30;-8;87;10085;81
269;20231201;12;30;-5;94;10084;81
269;20231201;13;40;-3;83;10087;81
269;20231201;14;30;-7;60;10088;79
269;20231201;15;30;-12;25;10087;84
269;20231201;16;20;-21;2;10092;85
269;20231201;17;20;-20;0;10098;90
269;20231201;18;10;-17;0;10100;88
269;20231201;19;0;-30;0;10100;96
269;20231201;20;0;-31;0;10100;91
269;20231201;21;10;-20;0;10103;92
269;20231201;22;10;-19;0;10105;94
269;20231201;23;10;-17;0;10108;89
269;20231201;24;10;-15;0;10107;90
269;20231202;1;10;-21;0;10105;90
269;20231202;2;10;-31;0;10108;89
269;20231202;3;10;-19;0;10108;90
269;20231202;4;20;-17;0;10107;89
269;20231202;5;20;-25;0;10110;91
269;20231202;6;20;-35;0;10115;91
269;20231202;7;20;-26;0;10120;91
269;20231202;8;20;-20;3;10127;90
269;20231202;9;30;-14;18;10133;89
269;20231202;10;30;-9;33;10135;89
269;20231202;11;30;-5;38;10135;89
269;20231202;12;30;0;30;10135;89
269;20231202;13;30;13;45;10137;88
269;20231202;14;20;12;27;10139;89
269;20231202;15;20;7;17;10146;90
269;20231202;16;30;-3;1;10151;92
269;20231202;17;30;-8;0;10156;94
269;20231202;18;30;-3;0;10161;93
269;20231202;19;30;0;0;10163;94
269;20231202;20;50;7;0;10165;94
269;20231202;21;40;2;0;10168;95
269;20231202;22;30;-18;0;10170;94
269;20231202;23;20;-4;0;10176;95
269;20231202;24;30;5;0;10178;95
269;20231203;1;30;6;0;10181;95
269;20231203;2;50;6;0;10182;98
269;20231203;3;40;7;0;10181;98
269;20231203;4;50;12;0;10184;96
269;20231203;5;60;11;0;10187;97
269;20231203;6;50;6;0;10188;95
269;20231203;7;30;-2;0;10191;94
269;20231203;8;30;-1;2;10195;93
269;20231203;9;40;1;24;10197;92
269;20231203;10;40;4;41;10197;89
269;20231203;11;30;17;74;10195;81
269;20231203;12;40;19;59;10189;76
269;20231203;13;40;18;40;10188;76
269;20231203;14;40;19;23;10183;74
269;20231203;15;40;19;16;10179;76
269;20231203;16;30;17;1;10173;77
269;20231203;17;40;17;0;10167;75
269;20231203;18;50;15;0;10163;79
269;20231203;19;50;9;0;10158;88
269;20231203;20;50;3;0;10151;94
269;20231203;21;50;2;0;10145;95
269;20231203;22;50;2;0;10137;96
269;20231203;23;50;6;0;10131;95
269;20231203;24;50;8;0;10125;91
269;20231204;1;40;9;0;10120;90
269;20231204;2;40;8;0;10115;90
269;20231204;3;40;10;0;10108;86
269;20231204;4;40;12;0;10100;83
269;20231204;5;40;11;0;10093;82
269;20231204;6;40;12;0;10088;81
269;20231204;7;40;12;0;10082;80
269;20231204;8;40;12;1;10077;80
269;20231204;9;40;15;16;10075;74
269;20231204;10;40;15;28;10073;73
269;20231204;11;40;22;37;10065;70
269;20231204;12;40;23;28;10055;71
269;20231204;13;40;21;14;10050;73
269;20231204;14;40;22;20;10041;74
269;20231204;15;40;23;7;10033;72
269;20231204;16;40;21;2;10031;75
269;20231204;17;40;19;0;10027;79
269;20231204;18;40;18;0;10025;85
269;20231204;19;40;15;0;10019;91
269;20231204;20;50;8;0;10014;94
269;20231204;21;50;9;0;10010;94
269;20231204;22;40;9;0;10008;95
269;20231204;23;50;9;0;10007;95
269;20231204;24;50;11;0;10005;95
269;20231205;1;50;12;0;10002;94
269;20231205;2;50;10;0;10002;96
269;20231205;3;50;10;0;10002;95
269;20231205;4;60;10;0;10001;95
269;20231205;5;50;10;0;10004;96
269;20231205;6;50;10;0;10008;95
269;20231205;7;40;10;0;10011;95
269;20231205;8;50;11;1;10019;95
269;20231205;9;50;12;7;10023;95
269;20231205;10;50;12;13;10028;94
269;20231205;11;50;12;15;10033;93
269;20231205;12;40;12;21;10037;94
269;20231205;13;40;9;13;10041;94
269;20231205;14;40;8;9;10045;94
269;20231205;15;30;7;5;10051;94
269;20231205;16;30;7;1;10060;94
269;20231205;17;30;8;0;10066;93
269;20231205;18;30;8;0;10071;90
269;20231205;19;20;9;0;10077;89
269;20231205;20;20;11;0;10082;87
269;20231205;21;30;15;0;10085;85
269;20231205;22;30;16;0;10092;90
269;20231205;23;20;16;0;10097;92
269;20231205;24;20;19;0;10101;93
269;20231206;1;20;24;0;10105;92
269;20231206;2;20;25;0;10109;94
269;20231206;3;20;30;0;10112;93
269;20231206;4;20;32;0;10114;95
269;20231206;5;30;35;0;10118;96
269;20231206;6;20;39;0;10123;92
269;20231206;7;30;43;0;10128;87
269;20231206;8;30;40;0;10134;87
269;20231206;9;20;40;9;10136;91
269;20231206;10;20;45;24;10142;86
269;20231206;11;30;52;59;10143;83
269;20231206;12;30;48;41;10144;83
269;20231206;13;30;48;32;10146;84
269;20231206;14;30;52;47;10149;84
269;20231206;15;20;49;8;10153;84
269;20231206;16;20;41;1;10161;88
269;20231206;17;20;34;0;10167;86
269;20231206;18;20;20;0;10173;92
269;20231206;19;20;22;0;10177;93
269;20231206;20;20;19;0;10180;93
269;20231206;21;20;-3;0;10183;94
269;20231206;22;20;-6;0;10185;95
269;20231206;23;20;-1;0;10189;96
269;20231206;24;10;5;0;10191;96
269;20231207;1;10;-5;0;10192;98
269;20231207;2;10;-14;0;10193;96
269;20231207;3;20;-10;0;10191;95
269;20231207;4;10;-13;0;10194;98
269;20231207;5;20;-11;0;10194;95
269;20231207;6;20;-10;0;10190;94
269;20231207;7;20;-15;0;10192;98
269;20231207;8;30;-13;1;10193;98
269;20231207;9;30;-9;7;10194;98
269;20231207;10;40;-8;15;10191;98
269;20231207;11;40;-6;19;10185;99
269;20231207;12;40;-3;17;10178;98
269;20231207;13;40;-1;15;10170;97
269;20231207;14;40;4;13;10161;97
269;20231207;15;30;5;8;10155;98
269;20231207;16;40;6;1;10147;96
269;20231207;17;30;13;0;10139;95
269;20231207;18;40;20;0;10126;94
269;20231207;19;40;20;0;10125;91
269;20231207;20;40;20;0;10111;85
269;20231207;21;40;20;0;10103;83
269;20231207;22;40;22;0;10093;80
269;20231207;23;40;21;0;10087;81
269;20231207;24;40;22;0;10081;81
269;20231208;1;40;21;0;10075;82
269;20231208;2;30;16;0;10071;88
269;20231208;3;30;16;0;10063;88
269;20231208;4;30;16;0;10056;89
269;20231208;5;30;17;0;10058;91
269;20231208;6;30;17;0;10055;91
269;20231208;7;30;19;0;10057;91
269;20231208;8;30;19;0;10059;93
269;20231208;9;30;20;2;10060;96
269;20231208;10;20;27;6;10062;97
269;20231208;11;20;32;8;10061;98
269;20231208;12;20;40;16;10061;99
269;20231208;13;30;53;17;10062;99
269;20231208;14;40;62;21;10068;99
269;20231208;15;40;69;5;10072;98
269;20231208;16;30;72;1;10076;98
269;20231208;17;20;70;0;10078;97
269;20231208;18;40;79;0;10079;95
269;20231208;19;40;82;0;10082;94
269;20231208;20;50;84;0;10084;93
269;20231208;21;60;81;0;10085;92
269;20231208;22;60;81;0;10085;93
269;20231208;23;60;80;0;10088;92
269;20231208;24;60;77;0;10089;93
269;20231209;1;60;77;0;10089;92
269;20231209;2;60;72;0;10087;93
269;20231209;3;60;69;0;10080;93
269;20231209;4;60;68;0;10078;92
269;20231209;5;50;63;0;10074;94
269;20231209;6;50;65;0;10068;93
269;20231209;7;60;68;0;10058;92
269;20231209;8;70;71;1;10051;90
269;20231209;9;70;74;8;10043;89
269;20231209;10;70;77;12;10028;87
269;20231209;11;60;80;22;10008;87
269;20231209;12;70;83;21;9989;85
269;20231209;13;70;81;13;9969;87
269;20231209;14;70;77;5;9943;91
269;20231209;15;80;76;2;9916;91
269;20231209;16;80;74;0;9905;93
269;20231209;17;70;74;0;9894;95
269;20231209;18;60;79;0;9892;96
269;20231209;19;70;104;0;9896;87
269;20231209;20;80;96;0;9909;78
269;20231209;21;80;99;0;9921;77
269;20231209;22;80;98;0;9932;75
269;20231209;23;90;91;0;9942;75
269;20231209;24;90;89;0;9949;78
269;20231210;1;100;83;0;9949;86
269;20231210;2;100;81;0;9953;88
269;20231210;3;100;80;0;9955;91
269;20231210;4;110;85;0;9961;88
269;20231210;5;110;84;0;9970;89
269;20231210;6;110;85;0;9983;87
269;20231210;7;110;87;0;9999;82
269;20231210;8;110;85;0;10014;83
269;20231210;9;100;87;4;10025;81
269;20231210;10;90;90;8;10035;78
269;20231210;11;80;91;19;10036;77
269;20231210;12;80;93;29;10035;77
269;20231210;13;70;91;29;10035;79
269;20231210;14;60;91;21;10028;80
269;20231210;15;60;91;8;10015;87
269;20231210;16;60;98;0;10000;83
269;20231210;17;80;88;0;9985;86
269;20231210;18;70;81;0;9967;92
269;20231210;19;70;83;0;9952;93
269;20231210;20;80;96;0;9947;94
269;20231210;21;90;106;0;9956;86
269;20231210;22;90;103;0;9960;83
269;20231210;23;90;99;0;9967;81
269;20231210;24;80;92;0;9969;88
269;20231211;1;80;96;0;9965;88
269;20231211;2;90;100;0;9956;87
269;20231211;3;100;99;0;9951;87
269;20231211;4;90;97;0;9946;88
269;20231211;5;80;98;0;9942;88
269;20231211;6;90;95;0;9938;89
269;20231211;7;100;89;0;9932;94
269;20231211;8;110;93;0;9938;91
269;20231211;9;100;90;5;9960;93
269;20231211;10;90;92;18;9982;88
269;20231211;11;80;92;24;9994;80
269;20231211;12;80;85;34;10005;85
269;20231211;13;70;78;43;10014;91
269;20231211;14;60;75;20;10024;93
269;20231211;15;40;75;9;10029;89
269;20231211;16;40;66;1;10037;86
269;20231211;17;40;58;0;10043;86
269;20231211;18;30;54;0;10050;89
269;20231211;19;30;54;0;10056;88
269;20231211;20;40;70;0;10059;83
269;20231211;21;30;67;0;10064;90
269;20231211;22;20;63;0;10070;94
269;20231211;23;20;59;0;10072;96
269;20231211;24;20;64;0;10071;98
269;20231212;1;10;65;0;10070;98
269;20231212;2;20;70;0;10070;97
269;20231212;3;20;62;0;10066;97
269;20231212;4;20;47;0;10065;98
269;20231212;5;20;37;0;10062;96
269;20231212;6;30;38;0;10058;96
269;20231212;7;20;41;0;10055;98
269;20231212;8;30;48;1;10050;98
269;20231212;9;20;59;8;10046;97
269;20231212;10;20;69;14;10037;97
269;20231212;11;20;83;34;10026;96
269;20231212;12;20;91;41;10016;93
269;20231212;13;30;93;37;10003;92
269;20231212;14;30;95;25;9995;92
269;20231212;15;40;95;4;9987;94
269;20231212;16;40;93;1;9979;97
269;20231212;17;30;96;0;9973;95
269;20231212;18;30;93;0;9968;94
269;20231212;19;30;84;0;9964;94
269;20231212;20;30;86;0;9962;95
269;20231212;21;20;86;0;9960;95
269;20231212;22;30;83;0;9958;96
269;20231212;23;40;86;0;9958;93
269;20231212;24;40;81;0;9954;94
269;20231213;1;40;81;0;9952;92
269;20231213;2;40;77;0;9953;95
269;20231213;3;40;79;0;9952;93
269;20231213;4;40;81;0;9951;94
269;20231213;5;20;81;0;9952;93
269;20231213;6;30;80;0;9951;95
269;20231213;7;20;74;0;9953;95
269;20231213;8;20;79;1;9958;96
269;20231213;9;20;81;6;9961;96
269;20231213;10;20;85;17;9966;97
269;20231213;11;20;89;24;9970;96
269;20231213;12;10;91;22;9974;95
269;20231213;13;20;91;18;9978;94
269;20231213;14;30;88;7;9984;95
269;20231213;15;20;79;5;9993;96
269;20231213;16;20;71;1;10003;97
269;20231213;17;30;80;0;10014;96
269;20231213;18;30;83;0;10026;94
269;20231213;19;50;70;0;10039;96
269;20231213;20;60;59;0;10051;95
269;20231213;21;60;55;0;10064;94
269;20231213;22;60;52;0;10074;92
269;20231213;23;50;52;0;10087;91
269;20231213;24;40;53;0;10097;88
269;20231214;1;50;52;0;10106;89
269;20231214;2;40;53;0;10117;88
269;20231214;3;30;51;0;10125;86
269;20231214;4;30;48;0;10130;88
269;20231214;5;30;45;0;10142;84
269;20231214;6;30;45;0;10151;82
269;20231214;7;20;47;0;10161;82
269;20231214;8;20;47;0;10171;82
269;20231214;9;20;48;4;10179;85
269;20231214;10;10;56;19;10186;80
269;20231214;11;10;56;53;10193;76
269;20231214;12;10;59;59;10196;78
269;20231214;13;20;57;36;10198;81
269;20231214;14;20;62;33;10205;82
269;20231214;15;30;56;11;10213;84
269;20231214;16;30;54;1;10220;87
269;20231214;17;30;53;0;10225;87
269;20231214;18;30;52;0;10230;89
269;20231214;19;30;52;0;10236;92
269;20231214;20;30;56;0;10242;91
269;20231214;21;30;59;0;10247;89
269;20231214;22;40;59;0;10249;94
269;20231214;23;40;63;0;10253;93
269;20231214;24;40;66;0;10261;93
269;20231215;1;40;66;0;10265;96
269;20231215;2;30;67;0;10272;96
269;20231215;3;30;65;0;10279;97
269;20231215;4;30;65;0;10283;96
269;20231215;5;30;70;0;10291;95
269;20231215;6;40;75;0;10297;94
269;20231215;7;30;76;0;10302;94
269;20231215;8;30;78;1;10312;93
269;20231215;9;30;82;9;10321;92
269;20231215;10;30;89;21;10333;90
269;20231215;11;40;95;31;10338;86
269;20231215;12;40;101;50;10337;84
269;20231215;13;50;98;42;10341;84
269;20231215;14;40;95;26;10344;83
269;20231215;15;40;89;8;10348;83
269;20231215;16;40;85;1;10352;84
269;20231215;17;30;71;0;10358;88
269;20231215;18;30;81;0;10364;86
269;20231215;19;40;73;0;10362;89
269;20231215;20;40;85;0;10370;77
269;20231215;21;40;88;0;10372;71
269;20231215;22;50;85;0;10374;70
269;20231215;23;40;76;0;10374;77
269;20231215;24;40;74;0;10373;79
269;20231216;1;40;63;0;10372;81
269;20231216;2;40;55;0;10373;85
269;20231216;3;40;65;0;10367;83
269;20231216;4;50;67;0;10367;85
269;20231216;5;50;65;0;10368;87
269;20231216;6;60;63;0;10366;88
269;20231216;7;50;64;0;10367;90
269;20231216;8;50;65;2;10371;91
269;20231216;9;50;74;12;10375;89
269;20231216;10;60;78;10;10379;93
269;20231216;11;60;80;7;10376;96
269;20231216;12;60;88;8;10370;96
269;20231216;13;70;90;10;10368;95
269;20231216;14;70;93;9;10362;93
269;20231216;15;70;94;5;10359;93
269;20231216;16;70;95;0;10361;93
269;20231216;17;60;97;0;10358;92
269;20231216;18;70;98;0;10362;92
269;20231216;19;60;99;0;10365;92
269;20231216;20;70;103;0;10365;91
269;20231216;21;70;107;0;10366;87
269;20231216;22;60;102;0;10361;88
269;20231216;23;50;103;0;10363;88
269;20231216;24;50;101;0;10362;89
269;20231217;1;50;97;0;10357;90
269;20231217;2;60;100;0;10358;89
269;20231217;3;50;99;0;10357;89
269;20231217;4;60;99;0;10350;86
269;20231217;5;70;99;0;10349;85
269;20231217;6;70;94;0;10349;87
269;20231217;7;70;95;0;10351;87
269;20231217;8;70;94;0;10351;88
269;20231217;9;70;92;5;10350;89
269;20231217;10;90;89;13;10350;89
269;20231217;11;80;87;21;10345;89
269;20231217;12;90;86;29;10339;87
269;20231217;13;70;91;67;10331;84
269;20231217;14;80;94;51;10322;78
269;20231217;15;80;86;23;10321;79
269;20231217;16;80;77;2;10317;80
269;20231217;17;70;72;0;10315;81
269;20231217;18;70;71;0;10317;80
269;20231217;19;70;64;0;10316;83
269;20231217;20;60;68;0;10317;83
269;20231217;21;70;69;0;10312;84
269;20231217;22;60;73;0;10312;85
269;20231217;23;60;73;0;10311;86
269;20231217;24;50;74;0;10308;87
269;20231218;1;40;74;0;10307;89
269;20231218;2;50;75;0;10306;88
269;20231218;3;50;76;0;10301;88
269;20231218;4;50;76;0;10299;88
269;20231218;5;50;78;0;10299;88
269;20231218;6;60;79;0;10297;88
269;20231218;7;60;78;0;10295;88
269;20231218;8;70;79;1;10295;89
269;20231218;9;60;79;6;10296;89
269;20231218;10;60;84;14;10292;88
269;20231218;11;60;83;18;10287;88
269;20231218;12;70;88;23;10280;86
269;20231218;13;80;89;18;10274;85
269;20231218;14;90;89;17;10266;85
269;20231218;15;80;86;4;10268;87
269;20231218;16;80;83;1;10262;88
269;20231218;17;80;81;0;10261;88
269;20231218;18;90;79;0;10254;88
269;20231218;19;90;78;0;10253;88
269;20231218;20;90;73;0;10253;89
269;20231218;21;90;69;0;10240;91
269;20231218;22;80;69;0;10238;92
269;20231218;23;80;67;0;10240;96
269;20231218;24;70;68;0;10233;96
269;20231219;1;80;69;0;10223;96
269;20231219;2;80;71;0;10218;96
269;20231219;3;80;74;0;10211;95
269;20231219;4;80;75;0;10199;96
269;20231219;5;80;77;0;10194;96
269;20231219;6;80;80;0;10188;95
269;20231219;7;80;83;0;10181;95
269;20231219;8;80;85;0;10179;96
269;20231219;9;80;84;2;10175;95
269;20231219;10;80;86;6;10170;95
269;20231219;11;80;88;14;10162;95
269;20231219;12;70;89;14;10156;96
269;20231219;13;60;87;9;10152;97
269;20231219;14;30;88;5;10150;97
269;20231219;15;20;85;4;10145;97
269;20231219;16;30;87;0;10145;97
269;20231219;17;30;87;0;10143;96
269;20231219;18;40;85;0;10147;96
269;20231219;19;30;79;0;10147;92
269;20231219;20;40;78;0;10149;92
269;20231219;21;30;68;0;10148;93
269;20231219;22;40;63;0;10147;90
269;20231219;23;40;66;0;10146;88
269;20231219;24;40;59;0;10142;88
269;20231220;1;50;58;0;10140;88
269;20231220;2;60;68;0;10138;86
269;20231220;3;60;72;0;10133;83
269;20231220;4;70;71;0;10133;83
269;20231220;5;70;70;0;10130;83
269;20231220;6;70;75;0;10129;83
269;20231220;7;70;78;0;10127;81
269;20231220;8;80;80;0;10127;81
269;20231220;9;80;86;3;10126;77
269;20231220;10;80;89;21;10129;78
269;20231220;11;90;94;69;10125;76
269;20231220;12;90;90;62;10119;78
269;20231220;13;80;89;28;10114;80
269;20231220;14;80;88;16;10109;79
269;20231220;15;70;87;11;10108;81
269;20231220;16;70;87;1;10100;83
269;20231220;17;80;81;0;10091;92
269;20231220;18;90;85;0;10083;93
269;20231220;19;90;88;0;10076;93
269;20231220;20;90;89;0;10070;94
269;20231220;21;100;91;0;10066;94
269;20231220;22;90;95;0;10062;89
269;20231220;23;80;95;0;10058;91
269;20231220;24;80;99;0;10047;87
269;20231221;1;80;97;0;10035;89
269;20231221;2;80;100;0;10028;86
269;20231221;3;90;100;0;10016;87
269;20231221;4;80;99;0;10001;88
269;20231221;5;90;101;0;9988;87
269;20231221;6;110;99;0;9979;90
269;20231221;7;100;102;0;9962;86
269;20231221;8;110;99;0;9957;93
269;20231221;9;110;99;3;9948;93
269;20231221;10;120;111;7;9943;86
269;20231221;11;130;112;12;9938;86
269;20231221;12;130;110;18;9934;87
269;20231221;13;130;112;19;9933;79
269;20231221;14;120;111;14;9936;74
269;20231221;15;120;108;15;9937;74
269;20231221;16;120;74;1;9951;74
269;20231221;17;100;70;0;9961;80
269;20231221;18;100;77;0;9970;72
269;20231221;19;90;80;0;9978;67
269;20231221;20;80;78;0;9982;69
269;20231221;21;70;71;0;9989;74
269;20231221;22;70;72;0;9994;73
269;20231221;23;70;72;0;10001;70
269;20231221;24;80;70;0;10001;68
269;20231222;1;90;72;0;10007;74
269;20231222;2;90;54;0;10012;81
269;20231222;3;80;66;0;10013;76
269;20231222;4;90;62;0;10013;81
269;20231222;5;80;71;0;10017;75
269;20231222;6;70;68;0;10018;82
269;20231222;7;70;65;0;10015;85
269;20231222;8;70;81;1;10016;80
269;20231222;9;70;79;4;10010;90
269;20231222;10;80;88;11;10012;84
269;20231222;11;80;92;21;10012;82
269;20231222;12;90;95;34;10006;81
269;20231222;13;90;95;23;10003;83
269;20231222;14;110;99;18;10006;80
269;20231222;15;110;98;6;10012;81
269;20231222;16;100;72;0;10024;90
269;20231222;17;60;75;0;10028;90
269;20231222;18;60;75;0;10035;86
269;20231222;19;60;74;0;10045;80
269;20231222;20;60;72;0;10054;82
269;20231222;21;60;73;0;10064;81
269;20231222;22;60;71;0;10071;79
269;20231222;23;50;72;0;10079;79
269;20231222;24;50;73;0;10084;77
269;20231223;1;60;68;0;10081;85
269;20231223;2;40;63;0;10072;92
269;20231223;3;40;71;0;10059;94
269;20231223;4;80;88;0;10047;91
269;20231223;5;110;91;0;10042;89
269;20231223;6;120;93;0;10038;89
269;20231223;7;120;96;0;10038;88
269;20231223;8;120;100;0;10042;83
269;20231223;9;110;102;2;10049;80
269;20231223;10;110;102;5;10053;81
269;20231223;11;110;104;7;10054;79
269;20231223;12;100;104;17;10056;79
269;20231223;13;110;104;15;10056;78
269;20231223;14;100;104;17;10062;78
269;20231223;15;90;102;10;10065;81
269;20231223;16;90;102;1;10067;81
269;20231223;17;80;101;0;10068;82
269;20231223;18;90;104;0;10068;80
269;20231223;19;90;103;0;10067;81
269;20231223;20;100;105;0;10065;78
269;20231223;21;100;105;0;10064;80
269;20231223;22;100;104;0;10057;79
269;20231223;23;100;103;0;10060;80
269;20231223;24;100;104;0;10052;80
269;20231224;1;100;103;0;10047;82
269;20231224;2;90;94;0;10041;91
269;20231224;3;100;95;0;10035;93
269;20231224;4;90;99;0;10030;94
269;20231224;5;90;104;0;10025;93
269;20231224;6;100;109;0;10022;91
269;20231224;7;90;113;0;10020;91
269;20231224;8;90;115;0;10018;90
269;20231224;9;90;119;3;10015;89
269;20231224;10;100;121;7;10015;90
269;20231224;11;100;123;10;10010;90
269;20231224;12;110;125;8;10006;89
269;20231224;13;110;125;6;9996;91
269;20231224;14;120;126;3;9989;91
269;20231224;15;120;126;1;9988;93
269;20231224;16;120;134;0;9991;86
269;20231224;17;130;131;0;9999;84
269;20231224;18;130;128;0;10008;85
269;20231224;19;120;126;0;10010;85
269;20231224;20;120;124;0;10016;85
269;20231224;21;120;125;0;10017;85
269;20231224;22;110;126;0;10021;85
269;20231224;23;110;126;0;10020;84
269;20231224;24;100;122;0;10023;85
269;20231225;1;100;118;0;10025;85
269;20231225;2;90;118;0;10032;83
269;20231225;3;90;119;0;10033;85
269;20231225;4;100;116;0;10037;86
269;20231225;5;90;118;0;10041;83
269;20231225;6;70;112;0;10041;84
269;20231225;7;70;107;0;10045;86
269;20231225;8;60;104;0;10051;86
269;20231225;9;40;106;6;10056;84
269;20231225;10;50;111;18;10059;89
269;20231225;11;50;117;21;10059;88
269;20231225;12;60;120;41;10060;81
269;20231225;13;70;118;37;10060;81
269;20231225;14;60;117;44;10059;80
269;20231225;15;60;113;9;10060;80
269;20231225;16;50;107;1;10057;87
269;20231225;17;60;111;0;10052;90
269;20231225;18;70;112;0;10055;91
269;20231225;19;70;108;0;10050;91
269;20231225;20;60;101;0;10046;92
269;20231225;21;60;97;0;10039;94
269;20231225;22;50;95;0;10036;97
269;20231225;23;30;100;0;10032;97
269;20231225;24;70;112;0;10029;93
269;20231226;1;110;109;0;10029;91
269;20231226;2;90;100;0;10039;90
269;20231226;3;80;104;0;10046;85
269;20231226;4;80;97;0;10054;82
269;20231226;5;70;87;0;10062;81
269;20231226;6;80;87;0;10074;77
269;20231226;7;70;84;0;10081;78
269;20231226;8;70;83;0;10092;77
269;20231226;9;70;86;8;10104;77
269;20231226;10;80;91;27;10116;75
269;20231226;11;90;94;26;10122;72
269;20231226;12;90;93;30;10131;72
269;20231226;13;80;93;21;10137;74
269;20231226;14;80;89;20;10149;78
269;20231226;15;50;76;8;10161;87
269;20231226;16;40;72;1;10170;86
269;20231226;17;30;66;0;10179;84
269;20231226;18;30;57;0;10184;87
269;20231226;19;20;42;0;10192;89
269;20231226;20;20;26;0;10199;92
269;20231226;21;20;15;0;10203;97
269;20231226;22;10;17;0;10207;97
269;20231226;23;10;20;0;10211;97
269;20231226;24;20;18;0;10211;97
269;20231227;1;20;22;0;10207;97
269;20231227;2;10;9;0;10208;96
269;20231227;3;10;14;0;10202;96
269;20231227;4;20;15;0;10197;96
269;20231227;5;20;44;0;10188;91
269;20231227;6;30;49;0;10181;91
269;20231227;7;30;53;0;10174;90
269;20231227;8;30;53;0;10167;90
269;20231227;9;30;54;2;10159;95
269;20231227;10;40;61;6;10150;96
269;20231227;11;40;69;7;10138;95
269;20231227;12;40;79;8;10128;95
269;20231227;13;50;85;9;10115;93
269;20231227;14;50;88;11;10099;92
269;20231227;15;60;89;8;10092;89
269;20231227;16;70;87;1;10077;87
269;20231227;17;80;91;0;10067;81
269;20231227;18;70;87;0;10059;80
269;20231227;19;70;86;0;10047;76
269;20231227;20;90;90;0;10047;71
269;20231227;21;100;89;0;10050;74
269;20231227;22;100;88;0;10050;80
269;20231227;23;90;96;0;10056;81
269;20231227;24;90;98;0;10061;82
269;20231228;1;80;96;0;10065;84
269;20231228;2;80;96;0;10065;86
269;20231228;3;100;100;0;10063;83
269;20231228;4;110;100;0;10060;82
269;20231228;5;110;103;0;10060;80
269;20231228;6;120;106;0;10062;78
269;20231228;7;120;105;0;10067;78
269;20231228;8;110;100;0;10076;78
269;20231228;9;110;104;10;10076;77
269;20231228;10;120;106;20;10082;78
269;20231228;11;110;106;31;10084;79
269;20231228;12;110;109;38;10082;76
269;20231228;13;120;110;28;10076;74
269;20231228;14;110;109;25;10074;74
269;20231228;15;110;103;13;10076;79
269;20231228;16;100;105;1;10070;77
269;20231228;17;110;107;0;10067;73
269;20231228;18;120;105;0;10063;74
269;20231228;19;120;105;0;10063;74
269;20231228;20;120;108;0;10057;72
269;20231228;21;130;106;0;10052;75
269;20231228;22;130;102;0;10049;79
269;20231228;23;120;97;0;10050;85
269;20231228;24;110;96;0;10048;87
269;20231229;1;110;95;0;10042;90
269;20231229;2;120;100;0;10039;84
269;20231229;3;100;97;0;10040;87
269;20231229;4;120;97;0;10041;83
269;20231229;5;90;95;0;10041;81
269;20231229;6;100;100;0;10041;81
269;20231229;7;100;98;0;10041;84
269;20231229;8;100;100;0;10039;84
269;20231229;9;90;97;3;10040;90
269;20231229;10;100;104;19;10044;85
269;20231229;11;90;107;26;10049;81
269;20231229;12;100;107;46;10051;73
269;20231229;13;100;106;37;10050;72
269;20231229;14;80;104;28;10048;75
269;20231229;15;80;100;8;10050;68
269;20231229;16;60;85;1;10043;73
269;20231229;17;50;66;0;10047;86
269;20231229;18;40;64;0;10050;91
269;20231229;19;50;66;0;10054;89
269;20231229;20;50;70;0;10055;90
269;20231229;21;60;79;0;10051;86
269;20231229;22;80;84;0;10059;78
269;20231229;23;80;78;0;10067;77
269;20231229;24;80;74;0;10073;78
269;20231230;1;60;70;0;10076;78
269;20231230;2;60;70;0;10082;76
269;20231230;3;60;70;0;10087;75
269;20231230;4;60;64;0;10089;79
269;20231230;5;50;64;0;10093;78
269;20231230;6;50;43;0;10097;87
269;20231230;7;40;37;0;10100;88
269;20231230;8;40;27;0;10107;90
269;20231230;9;40;53;11;10112;86
269;20231230;10;50;68;31;10115;88
269;20231230;11;60;73;39;10116;88
269;20231230;12;50;81;35;10111;86
269;20231230;13;60;85;27;10105;87
269;20231230;14;50;86;17;10097;88
269;20231230;15;50;86;10;10094;87
269;20231230;16;50;85;1;10088;85
269;20231230;17;50;88;0;10087;84
269;20231230;18;50;90;0;10084;82
269;20231230;19;60;89;0;10074;82
269;20231230;20;50;85;0;10066;83
269;20231230;21;60;88;0;10058;84
269;20231230;22;70;93;0;10049;84
269;20231230;23;60;90;0;10042;87
269;20231230;24;70;89;0;10032;88
269;20231231;1;60;88;0;10020;86
269;20231231;2;70;90;0;10010;81
269;20231231;3;70;93;0;9999;77
269;20231231;4;70;92;0;9984;76
269;20231231;5;70;91;0;9972;77
269;20231231;6;70;91;0;9960;75
269;20231231;7;70;92;0;9951;76
269;20231231;8;70;95;0;9942;75
269;20231231;9;70;99;3;9934;76
269;20231231;10;80;65;7;9942;87
269;20231231;11;80;82;17;9934;86
269;20231231;12;80;84;32;9930;87
269;20231231;13;100;82;19;9933;86
269;20231231;14;90;86;36;9938;79
269;20231231;15;80;88;12;9939;72
269;20231231;16;70;86;2;9937;75
269;20231231;17;80;88;0;9937;74
269;20231231;18;90;83;0;9939;80
269;20231231;19;90;84;0;9941;77
269;20231231;20;100;85;0;9944;77
269;20231231;21;90;83;0;9946;79
269;20231231;22;100;82;0;9948;80
269;20231231;23;100;82;0;9949;80
269;20231231;24;110;81;0;9952;80
