STN;YYYYMMDD;HH;FH;T;Q;P;U
240;20230101;1;110;138;0;10057;73
240;20230101;2;110;139;0;10060;69
240;20230101;3;120;143;0;10065;68
240;20230101;4;120;134;0;10072;72
240;20230101;5;120;122;0;10083;73
240;20230101;6;110;123;0;10091;74
240;20230101;7;100;118;0;10100;78
240;20230101;8;100;114;0;10115;78
240;20230101;9;100;118;6;10120;74
240;20230101;10;90;117;29;10126;76
240;20230101;11;80;124;58;10130;74
240;20230101;12;90;126;49;10134;74
240;20230101;13;90;123;35;10134;76
240;20230101;14;80;122;26;10133;74
240;20230101;15;60;113;14;10132;83
240;20230101;16;50;115;1;10133;83
240;20230101;17;50;112;0;10129;84
240;20230101;18;50;117;0;10124;80
240;20230101;19;60;108;0;10119;92
240;20230101;20;50;106;0;10118;97
240;20230101;21;40;105;0;10107;98
240;20230101;22;50;106;0;10096;97
240;20230101;23;50;105;0;10094;98
240;20230101;24;40;109;0;10086;96
240;20230102;1;60;111;0;10083;97
240;20230102;2;50;110;0;10079;98
240;20230102;3;50;110;0;10077;98
240;20230102;4;60;114;0;10079;98
240;20230102;5;70;99;0;10086;97
240;20230102;6;60;89;0;10103;97
240;20230102;7;50;86;0;10115;96
240;20230102;8;50;88;0;10130;95
240;20230102;9;60;89;5;10142;90
240;20230102;10;50;90;14;10147;88
240;20230102;11;60;98;33;10151;86
240;20230102;12;60;98;42;10156;85
240;20230102;13;60;97;26;10160;87
240;20230102;14;60;89;8;10167;93
240;20230102;15;50;84;11;10177;89
240;20230102;16;50;82;4;10189;87
240;20230102;17;40;59;0;10199;92
240;20230102;18;40;61;0;10207;89
240;20230102;19;40;62;0;10216;87
240;20230102;20;30;59;0;10224;85
240;20230102;21;40;53;0;10229;87
240;20230102;22;30;47;0;10235;88
240;20230102;23;30;21;0;10244;92
240;20230102;24;40;32;0;10249;91
240;20230103;1;20;10;0;10250;95
240;20230103;2;20;11;0;10255;97
240;20230103;3;10;17;0;10254;97
240;20230103;4;30;16;0;10252;97
240;20230103;5;20;11;0;10255;99
240;20230103;6;30;23;0;10253;99
240;20230103;7;20;30;0;10252;98
240;20230103;8;30;41;0;10250;97
240;20230103;9;40;54;7;10251;96
240;20230103;10;60;60;14;10251;97
240;20230103;11;60;72;22;10251;95
240;20230103;12;60;78;18;10244;93
240;20230103;13;70;82;21;10240;91
240;20230103;14;70;83;30;10234;88
240;20230103;15;70;82;15;10231;89
240;20230103;16;70;83;2;10227;88
240;20230103;17;70;78;0;10224;90
240;20230103;18;70;82;0;10216;88
240;20230103;19;80;85;0;10212;87
240;20230103;20;90;88;0;10202;85
240;20230103;21;100;90;0;10193;84
240;20230103;22;110;93;0;10183;84
240;20230103;23;110;88;0;10173;93
240;20230103;24;110;90;0;10158;94
240;20230104;1;110;92;0;10144;96
240;20230104;2;110;100;0;10140;95
240;20230104;3;120;109;0;10138;93
240;20230104;4;120;109;0;10133;95
240;20230104;5;130;117;0;10124;92
240;20230104;6;130;116;0;10122;94
240;20230104;7;130;119;0;10118;92
240;20230104;8;140;117;0;10114;95
240;20230104;9;140;120;2;10119;94
240;20230104;10;150;124;8;10120;91
240;20230104;11;140;125;18;10118;92
240;20230104;12;130;128;21;10115;88
240;20230104;13;140;130;36;10114;84
240;20230104;14;130;130;26;10113;83
240;20230104;15;130;130;11;10115;81
240;20230104;16;120;129;1;10112;79
240;20230104;17;130;125;0;10118;78
240;20230104;18;120;122;0;10123;81
240;20230104;19;130;118;0;10122;83
240;20230104;20;130;118;0;10128;81
240;20230104;21;130;114;0;10134;81
240;20230104;22;120;108;0;10140;84
240;20230104;23;110;105;0;10143;85
240;20230104;24;100;102;0;10149;84
240;20230105;1;90;102;0;10151;84
240;20230105;2;100;104;0;10156;86
240;20230105;3;100;106;0;10158;85
240;20230105;4;100;106;0;10161;85
240;20230105;5;90;103;0;10162;87
240;20230105;6;90;103;0;10170;87
240;20230105;7;80;101;0;10178;87
240;20230105;8;80;102;0;10182;87
240;20230105;9;70;104;6;10191;86
240;20230105;10;70;107;18;10196;85
240;20230105;11;70;108;28;10197;84
240;20230105;12;70;115;60;10196;82
240;20230105;13;60;111;65;10196;85
240;20230105;14;60;110;25;10194;86
240;20230105;15;60;104;11;10194;92
240;20230105;16;50;98;2;10189;97
240;20230105;17;50;98;0;10186;98
240;20230105;18;50;102;0;10180;98
240;20230105;19;60;106;0;10176;96
240;20230105;20;60;107;0;10176;96
240;20230105;21;60;110;0;10172;93
240;20230105;22;70;110;0;10169;92
240;20230105;23;90;107;0;10168;93
240;20230105;24;80;107;0;10162;90
240;20230106;1;90;106;0;10159;89
240;20230106;2;80;106;0;10154;89
240;20230106;3;80;105;0;10143;87
240;20230106;4;80;107;0;10137;84
240;20230106;5;90;107;0;10130;86
240;20230106;6;110;100;0;10130;96
240;20230106;7;100;101;0;10137;91
240;20230106;8;80;90;0;10149;85
240;20230106;9;50;91;16;10157;85
240;20230106;10;60;97;48;10163;83
240;20230106;11;60;101;69;10168;77
240;20230106;12;70;101;54;10164;80
240;20230106;13;70;101;45;10163;77
240;20230106;14;60;102;34;10161;72
240;20230106;15;50;97;14;10160;76
240;20230106;16;50;87;2;10160;83
240;20230106;17;40;83;0;10159;86
240;20230106;18;40;88;0;10156;89
240;20230106;19;40;92;0;10154;93
240;20230106;20;40;97;0;10149;96
240;20230106;21;60;108;0;10149;96
240;20230106;22;60;110;0;10146;97
240;20230106;23;70;111;0;10146;96
240;20230106;24;70;111;0;10141;95
240;20230107;1;70;110;0;10137;92
240;20230107;2;70;104;0;10133;91
240;20230107;3;70;106;0;10132;91
240;20230107;4;60;102;0;10125;90
240;20230107;5;60;100;0;10119;91
240;20230107;6;70;98;0;10114;94
240;20230107;7;70;94;0;10108;92
240;20230107;8;70;96;0;10104;90
240;20230107;9;70;100;5;10099;83
240;20230107;10;80;102;17;10092;80
240;20230107;11;80;110;58;10080;74
240;20230107;12;100;109;59;10069;75
240;20230107;13;90;107;41;10056;73
240;20230107;14;90;106;40;10044;74
240;20230107;15;80;108;13;10040;74
240;20230107;16;90;103;3;10033;77
240;20230107;17;80;98;0;10032;81
240;20230107;18;90;90;0;10027;91
240;20230107;19;80;93;0;10023;88
240;20230107;20;80;98;0;10017;85
240;20230107;21;90;100;0;10013;87
240;20230107;22;100;102;0;10012;84
240;20230107;23;100;100;0;10014;83
240;20230107;24;80;92;0;10015;80
240;20230108;1;70;88;0;10010;84
240;20230108;2;60;85;0;10009;88
240;20230108;3;50;84;0;10007;89
240;20230108;4;60;84;0;10005;84
240;20230108;5;50;76;0;10003;85
240;20230108;6;50;75;0;10002;86
240;20230108;7;50;69;0;10000;87
240;20230108;8;60;66;0;9998;88
240;20230108;9;70;69;15;9995;87
240;20230108;10;70;78;49;9993;84
240;20230108;11;70;89;63;9988;82
240;20230108;12;80;95;72;9981;78
240;20230108;13;90;93;58;9975;76
240;20230108;14;80;93;57;9967;76
240;20230108;15;70;90;26;9962;77
240;20230108;16;70;80;5;9956;79
240;20230108;17;50;80;0;9954;80
240;20230108;18;70;85;0;9943;78
240;20230108;19;70;78;0;9935;82
240;20230108;20;70;79;0;9927;81
240;20230108;21;70;77;0;9921;82
240;20230108;22;70;74;0;9919;87
240;20230108;23;60;79;0;9919;88
240;20230108;24;60;69;0;9924;88
240;20230109;1;60;63;0;9923;89
240;20230109;2;60;57;0;9926;92
240;20230109;3;50;60;0;9925;92
240;20230109;4;60;57;0;9925;92
240;20230109;5;60;55;0;9924;94
240;20230109;6;60;57;0;9923;94
240;20230109;7;50;60;0;9921;96
240;20230109;8;30;65;1;9927;97
240;20230109;9;40;73;8;9942;92
240;20230109;10;60;83;16;9954;88
240;20230109;11;70;83;31;9966;84
240;20230109;12;70;85;45;9973;87
240;20230109;13;80;82;35;9980;83
240;20230109;14;70;84;30;9988;82
240;20230109;15;70;82;29;10002;84
240;20230109;16;60;80;3;10014;84
240;20230109;17;60;72;0;10025;87
240;20230109;18;60;75;0;10036;86
240;20230109;19;80;75;0;10051;83
240;20230109;20;80;74;0;10063;82
240;20230109;21;70;72;0;10076;79
240;20230109;22;60;64;0;10083;81
240;20230109;23;50;72;0;10096;78
240;20230109;24;60;76;0;10106;79
240;20230110;1;60;75;0;10114;83
240;20230110;2;60;79;0;10120;81
240;20230110;3;70;73;0;10125;87
240;20230110;4;60;75;0;10131;84
240;20230110;5;60;75;0;10137;83
240;20230110;6;50;70;0;10145;88
240;20230110;7;50;69;0;10150;89
240;20230110;8;50;64;2;10157;89
240;20230110;9;50;60;11;10157;92
240;20230110;10;60;57;18;10155;92
240;20230110;11;70;57;23;10150;89
240;20230110;12;70;60;24;10141;87
240;20230110;13;70;61;18;10131;89
240;20230110;14;70;65;15;10120;90
240;20230110;15;90;63;4;10103;93
240;20230110;16;110;63;1;10090;95
240;20230110;17;110;64;0;10081;96
240;20230110;18;110;72;0;10070;97
240;20230110;19;100;83;0;10066;95
240;20230110;20;100;89;0;10062;93
240;20230110;21;90;92;0;10055;96
240;20230110;22;100;100;0;10047;95
240;20230110;23;100;104;0;10040;96
240;20230110;24;100;107;0;10036;97
240;20230111;1;100;110;0;10036;97
240;20230111;2;100;115;0;10039;95
240;20230111;3;110;119;0;10041;91
240;20230111;4;90;116;0;10047;92
240;20230111;5;90;110;0;10054;89
240;20230111;6;80;102;0;10060;88
240;20230111;7;80;97;0;10068;88
240;20230111;8;70;92;0;10077;88
240;20230111;9;60;90;12;10084;86
240;20230111;10;60;97;50;10088;81
240;20230111;11;80;101;64;10091;83
240;20230111;12;100;100;63;10092;77
240;20230111;13;100;99;68;10094;77
240;20230111;14;100;98;68;10091;74
240;20230111;15;100;95;33;10090;75
240;20230111;16;90;93;5;10090;79
240;20230111;17;100;94;0;10089;79
240;20230111;18;110;98;0;10085;80
240;20230111;19;110;86;0;10075;91
240;20230111;20;110;89;0;10071;86
240;20230111;21;110;91;0;10074;85
240;20230111;22;90;94;0;10070;84
240;20230111;23;100;95;0;10074;82
240;20230111;24;90;94;0;10071;86
240;20230112;1;90;92;0;10063;92
240;20230112;2;90;97;0;10054;93
240;20230112;3;110;99;0;10042;88
240;20230112;4;110;92;0;10014;94
240;20230112;5;120;91;0;10009;96
240;20230112;6;130;107;0;10009;92
240;20230112;7;140;112;0;10008;90
240;20230112;8;140;115;0;10016;88
240;20230112;9;130;118;5;10022;86
240;20230112;10;130;119;17;10029;87
240;20230112;11;120;114;19;10036;91
240;20230112;12;120;118;17;10030;88
240;20230112;13;120;113;12;10024;94
240;20230112;14;120;113;9;10020;93
240;20230112;15;120;112;4;10016;94
240;20230112;16;130;112;1;10015;93
240;20230112;17;120;113;0;10014;91
240;20230112;18;130;111;0;10015;93
240;20230112;19;120;111;0;10014;92
240;20230112;20;120;113;0;10009;89
240;20230112;21;120;104;0;10009;90
240;20230112;22;120;101;0;10011;77
240;20230112;23;100;93;0;10017;73
240;20230112;24;90;90;0;10018;75
240;20230113;1;90;81;0;10011;80
240;20230113;2;80;87;0;10012;78
240;20230113;3;100;91;0;10008;77
240;20230113;4;100;87;0;10005;79
240;20230113;5;90;88;0;10006;73
240;20230113;6;110;85;0;10006;74
240;20230113;7;120;88;0;10010;75
240;20230113;8;120;84;0;10014;80
240;20230113;9;110;90;4;10019;74
240;20230113;10;120;91;12;10026;73
240;20230113;11;120;94;40;10032;73
240;20230113;12;130;95;37;10041;72
240;20230113;13;120;95;40;10049;73
240;20230113;14;120;95;24;10060;73
240;20230113;15;130;94;10;10069;74
240;20230113;16;110;94;3;10082;73
240;20230113;17;100;88;0;10091;78
240;20230113;18;100;90;0;10096;78
240;20230113;19;100;94;0;10105;75
240;20230113;20;110;85;0;10115;78
240;20230113;21;80;90;0;10122;74
240;20230113;22;90;89;0;10127;76
240;20230113;23;90;89;0;10131;73
240;20230113;24;70;82;0;10131;75
240;20230114;1;70;76;0;10130;77
240;20230114;2;50;62;0;10128;89
240;20230114;3;50;60;0;10120;88
240;20230114;4;50;57;0;10109;91
240;20230114;5;60;61;0;10096;91
240;20230114;6;70;66;0;10085;91
240;20230114;7;70;63;0;10069;93
240;20230114;8;80;64;0;10047;95
240;20230114;9;80;69;2;10030;96
240;20230114;10;80;78;3;10009;95
240;20230114;11;100;87;7;9984;95
240;20230114;12;130;98;8;9968;93
240;20230114;13;130;100;10;9952;96
240;20230114;14;120;105;7;9942;96
240;20230114;15;110;108;5;9938;97
240;20230114;16;100;112;1;9936;97
240;20230114;17;110;114;0;9939;93
240;20230114;18;100;111;0;9943;89
240;20230114;19;100;74;0;9961;91
240;20230114;20;70;74;0;9965;85
240;20230114;21;70;81;0;9965;76
240;20230114;22;70;79;0;9967;74
240;20230114;23;80;77;0;9966;72
240;20230114;24;90;77;0;9965;72
240;20230115;1;100;75;0;9964;69
240;20230115;2;80;75;0;9966;67
240;20230115;3;100;73;0;9965;68
240;20230115;4;90;73;0;9963;67
240;20230115;5;90;72;0;9962;65
240;20230115;6;110;65;0;9962;63
240;20230115;7;110;64;0;9960;65
240;20230115;8;110;67;0;9958;69
240;20230115;9;130;67;7;9958;74
240;20230115;10;120;74;16;9960;72
240;20230115;11;130;77;30;9964;70
240;20230115;12;130;79;35;9962;69
240;20230115;13;130;79;43;9963;69
240;20230115;14;130;62;19;9970;86
240;20230115;15;120;60;6;9976;88
240;20230115;16;90;64;3;9979;83
240;20230115;17;70;68;0;9978;82
240;20230115;18;70;51;0;9981;92
240;20230115;19;70;55;0;9979;88
240;20230115;20;90;48;0;9976;87
240;20230115;21;60;41;0;9970;88
240;20230115;22;50;39;0;9964;89
240;20230115;23;40;34;0;9954;93
240;20230115;24;40;41;0;9948;93
240;20230116;1;40;25;0;9934;96
240;20230116;2;40;32;0;9925;96
240;20230116;3;60;32;0;9914;95
240;20230116;4;40;27;0;9899;96
240;20230116;5;40;28;0;9880;96
240;20230116;6;50;34;0;9861;94
240;20230116;7;60;38;0;9849;93
240;20230116;8;60;39;0;9832;92
240;20230116;9;70;37;2;9816;94
240;20230116;10;60;41;7;9804;95
240;20230116;11;60;44;8;9795;93
240;20230116;12;50;45;7;9784;95
240;20230116;13;40;47;8;9775;97
240;20230116;14;40;51;8;9770;93
240;20230116;15;20;50;9;9767;96
240;20230116;16;30;36;2;9771;94
240;20230116;17;40;38;0;9772;95
240;20230116;18;70;38;0;9781;93
240;20230116;19;60;40;0;9788;92
240;20230116;20;60;39;0;9794;90
240;20230116;21;70;36;0;9800;93
240;20230116;22;80;42;0;9810;89
240;20230116;23;90;35;0;9821;89
240;20230116;24;90;27;0;9833;86
240;20230117;1;60;28;0;9836;84
240;20230117;2;60;22;0;9846;87
240;20230117;3;30;11;0;9849;88
240;20230117;4;10;12;0;9852;87
240;20230117;5;30;10;0;9853;76
240;20230117;6;40;18;0;9859;74
240;20230117;7;50;20;0;9862;68
240;20230117;8;40;13;1;9863;72
240;20230117;9;40;24;16;9867;70
240;20230117;10;30;23;34;9872;74
240;20230117;11;30;32;51;9873;75
240;20230117;12;40;50;113;9870;65
240;20230117;13;60;47;96;9868;62
240;20230117;14;60;45;81;9871;62
240;20230117;15;50;37;39;9875;63
240;20230117;16;40;22;7;9876;71
240;20230117;17;30;6;0;9881;79
240;20230117;18;30;2;0;9885;79
240;20230117;19;30;-12;0;9891;84
240;20230117;20;40;0;0;9895;85
240;20230117;21;40;-1;0;9899;85
240;20230117;22;40;-6;0;9901;86
240;20230117;23;40;2;0;9903;81
240;20230117;24;40;11;0;9904;75
240;20230118;1;40;-2;0;9903;79
240;20230118;2;30;-2;0;9906;79
240;20230118;3;30;-23;0;9909;86
240;20230118;4;30;-18;0;9911;90
240;20230118;5;30;-22;0;9914;90
240;20230118;6;30;-12;0;9918;89
240;20230118;7;40;-3;0;9922;88
240;20230118;8;40;3;0;9930;86
240;20230118;9;40;15;18;9936;87
240;20230118;10;60;31;56;9937;79
240;20230118;11;70;41;88;9941;77
240;20230118;12;80;46;92;9942;74
240;20230118;13;80;54;68;9941;68
240;20230118;14;80;54;35;9945;71
240;20230118;15;90;51;15;9950;72
240;20230118;16;90;44;1;9954;80
240;20230118;17;80;48;0;9958;80
240;20230118;18;80;48;0;9962;80
240;20230118;19;80;50;0;9970;76
240;20230118;20;80;51;0;9972;76
240;20230118;21;90;39;0;9977;89
240;20230118;22;90;44;0;9981;88
240;20230118;23;80;37;0;9983;90
240;20230118;24;80;41;0;9984;87
240;20230119;1;70;41;0;9987;92
240;20230119;2;100;41;0;9995;88
240;20230119;3;60;33;0;9999;92
240;20230119;4;40;47;0;10005;80
240;20230119;5;70;50;0;10009;76
240;20230119;6;60;45;0;10015;78
240;20230119;7;50;48;0;10022;73
240;20230119;8;50;37;0;10032;79
240;20230119;9;40;40;18;10039;77
240;20230119;10;50;53;62;10043;65
240;20230119;11;60;57;84;10045;65
240;20230119;12;60;56;90;10046;65
240;20230119;13;70;52;77;10047;64
240;20230119;14;70;53;90;10050;63
240;20230119;15;60;45;43;10054;66
240;20230119;16;50;33;12;10058;70
240;20230119;17;30;15;0;10063;81
240;20230119;18;30;30;0;10067;78
240;20230119;19;30;9;0;10073;97
240;20230119;20;30;13;0;10077;92
240;20230119;21;40;9;0;10084;95
240;20230119;22;50;3;0;10089;96
240;20230119;23;40;7;0;10092;96
240;20230119;24;30;7;0;10097;96
240;20230120;1;30;9;0;10102;96
240;20230120;2;30;4;0;10103;97
240;20230120;3;40;2;0;10102;98
240;20230120;4;40;6;0;10102;97
240;20230120;5;30;7;0;10105;97
240;20230120;6;40;4;0;10107;98
240;20230120;7;50;6;0;10109;98
240;20230120;8;40;8;0;10112;98
240;20230120;9;50;9;5;10118;98
240;20230120;10;40;12;6;10124;98
240;20230120;11;40;12;25;10126;98
240;20230120;12;40;14;12;10127;98
240;20230120;13;30;14;12;10130;98
240;20230120;14;40;18;33;10137;97
240;20230120;15;50;16;19;10153;97
240;20230120;16;50;16;2;10171;97
240;20230120;17;50;21;0;10187;91
240;20230120;18;50;23;0;10202;85
240;20230120;19;40;21;0;10216;84
240;20230120;20;40;12;0;10229;86
240;20230120;21;50;7;0;10237;85
240;20230120;22;40;7;0;10253;86
240;20230120;23;30;3;0;10261;85
240;20230120;24;30;2;0;10270;88
240;20230121;1;40;3;0;10276;90
240;20230121;2;30;6;0;10281;90
240;20230121;3;30;5;0;10289;90
240;20230121;4;30;3;0;10295;92
240;20230121;5;30;-6;0;10297;93
240;20230121;6;20;-17;0;10305;95
240;20230121;7;20;-5;0;10312;95
240;20230121;8;20;-11;1;10318;98
240;20230121;9;10;-10;11;10325;98
240;20230121;10;20;-4;16;10334;98
240;20230121;11;20;7;32;10335;94
240;20230121;12;10;24;107;10334;85
240;20230121;13;20;11;102;10333;93
240;20230121;14;20;7;66;10335;98
240;20230121;15;10;18;60;10337;91
240;20230121;16;20;11;16;10343;90
240;20230121;17;20;9;0;10347;94
240;20230121;18;20;0;0;10347;92
240;20230121;19;20;-8;0;10349;97
240;20230121;20;20;-12;0;10349;100
240;20230121;21;10;-18;0;10351;99
240;20230121;22;10;-26;0;10352;99
240;20230121;23;20;-24;0;10349;98
240;20230121;24;20;-12;0;10348;97
240;20230122;1;30;12;0;10346;82
240;20230122;2;20;15;0;10342;83
240;20230122;3;30;16;0;10338;80
240;20230122;4;30;19;0;10336;78
240;20230122;5;40;13;0;10334;80
240;20230122;6;40;16;0;10337;82
240;20230122;7;50;18;0;10337;78
240;20230122;8;50;16;1;10341;80
240;20230122;9;60;15;7;10344;80
240;20230122;10;60;16;16;10347;82
240;20230122;11;50;19;29;10345;83
240;20230122;12;50;21;42;10342;83
240;20230122;13;50;22;42;10338;82
240;20230122;14;50;22;22;10338;82
240;20230122;15;50;20;15;10342;85
240;20230122;16;30;21;3;10344;85
240;20230122;17;30;23;0;10347;87
240;20230122;18;30;24;0;10349;87
240;20230122;19;30;21;0;10350;94
240;20230122;20;30;23;0;10350;94
240;20230122;21;30;28;0;10353;89
240;20230122;22;30;27;0;10356;89
240;20230122;23;30;28;0;10358;88
240;20230122;24;30;29;0;10361;88
240;20230123;1;30;27;0;10357;91
240;20230123;2;30;27;0;10360;93
240;20230123;3;30;28;0;10361;92
240;20230123;4;30;28;0;10364;93
240;20230123;5;30;29;0;10366;93
240;20230123;6;30;28;0;10366;93
240;20230123;7;30;28;0;10369;93
240;20230123;8;30;28;1;10373;93
240;20230123;9;20;30;5;10380;91
240;20230123;10;20;35;17;10382;90
240;20230123;11;30;39;36;10380;88
240;20230123;12;30;48;79;10380;76
240;20230123;13;40;47;81;10381;75
240;20230123;14;50;46;88;10374;73
240;20230123;15;40;41;24;10378;80
240;20230123;16;30;24;14;10377;83
240;20230123;17;30;38;0;10383;81
240;20230123;18;30;36;0;10385;80
240;20230123;19;40;34;0;10385;82
240;20230123;20;30;36;0;10390;79
240;20230123;21;40;34;0;10392;80
240;20230123;22;40;34;0;10391;80
240;20230123;23;40;34;0;10393;81
240;20230123;24;30;33;0;10392;80
240;20230124;1;30;32;0;10389;79
240;20230124;2;40;31;0;10388;79
240;20230124;3;40;30;0;10386;79
240;20230124;4;30;29;0;10386;80
240;20230124;5;40;28;0;10387;80
240;20230124;6;40;25;0;10390;83
240;20230124;7;40;23;0;10392;84
240;20230124;8;40;22;1;10395;86
240;20230124;9;40;22;6;10401;86
240;20230124;10;40;21;14;10403;86
240;20230124;11;40;21;20;10401;86
240;20230124;12;30;22;22;10397;86
240;20230124;13;40;21;24;10391;86
240;20230124;14;30;22;23;10387;86
240;20230124;15;30;20;14;10388;87
240;20230124;16;30;18;5;10388;87
240;20230124;17;20;16;0;10388;87
240;20230124;18;20;14;0;10390;88
240;20230124;19;20;13;0;10389;88
240;20230124;20;20;13;0;10389;87
240;20230124;21;10;12;0;10390;89
240;20230124;22;10;10;0;10386;90
240;20230124;23;10;9;0;10384;91
240;20230124;24;10;6;0;10381;92
240;20230125;1;10;6;0;10375;91
240;20230125;2;10;3;0;10373;92
240;20230125;3;10;1;0;10368;91
240;20230125;4;10;-1;0;10363;91
240;20230125;5;20;-1;0;10359;93
240;20230125;6;20;-3;0;10360;92
240;20230125;7;20;-6;0;10358;93
240;20230125;8;20;-6;0;10354;94
240;20230125;9;20;-3;4;10352;93
240;20230125;10;30;1;14;10344;92
240;20230125;11;30;4;22;10335;92
240;20230125;12;40;5;25;10321;91
240;20230125;13;40;4;23;10310;91
240;20230125;14;40;5;17;10303;91
240;20230125;15;50;1;9;10296;92
240;20230125;16;50;3;4;10296;92
240;20230125;17;50;2;0;10282;93
240;20230125;18;60;0;0;10275;93
240;20230125;19;50;3;0;10267;93
240;20230125;20;40;4;0;10264;95
240;20230125;21;40;2;0;10261;98
240;20230125;22;40;1;0;10257;98
240;20230125;23;40;3;0;10252;98
240;20230125;24;40;4;0;10249;98
240;20230126;1;30;5;0;10243;98
240;20230126;2;30;6;0;10244;98
240;20230126;3;20;7;0;10244;98
240;20230126;4;10;11;0;10243;98
240;20230126;5;10;15;0;10243;98
240;20230126;6;10;44;0;10244;98
240;20230126;7;40;51;0;10249;92
240;20230126;8;40;49;1;10255;92
240;20230126;9;40;51;24;10260;94
240;20230126;10;40;64;64;10261;87
240;20230126;11;50;74;97;10263;82
240;20230126;12;50;75;76;10262;85
240;20230126;13;50;76;56;10255;81
240;20230126;14;50;70;35;10256;89
240;20230126;15;50;72;29;10256;80
240;20230126;16;60;69;6;10260;78
240;20230126;17;60;67;0;10259;79
240;20230126;18;70;67;0;10259;75
240;20230126;19;50;64;0;10261;77
240;20230126;20;50;57;0;10262;81
240;20230126;21;50;52;0;10260;85
240;20230126;22;50;54;0;10260;88
240;20230126;23;50;58;0;10259;88
240;20230126;24;50;60;0;10258;83
240;20230127;1;70;57;0;10259;82
240;20230127;2;70;49;0;10263;83
240;20230127;3;80;43;0;10265;86
240;20230127;4;70;43;0;10269;85
240;20230127;5;60;44;0;10273;79
240;20230127;6;60;44;0;10276;72
240;20230127;7;60;34;0;10278;79
240;20230127;8;60;31;2;10284;75
240;20230127;9;60;35;16;10287;74
240;20230127;10;50;44;35;10290;73
240;20230127;11;60;52;77;10289;72
240;20230127;12;60;50;96;10287;73
240;20230127;13;50;49;37;10284;75
240;20230127;14;50;42;24;10287;76
240;20230127;15;50;41;10;10288;78
240;20230127;16;50;39;4;10290;79
240;20230127;17;50;38;0;10295;79
240;20230127;18;50;36;0;10299;80
240;20230127;19;40;33;0;10305;82
240;20230127;20;40;31;0;10305;83
240;20230127;21;40;30;0;10303;83
240;20230127;22;30;29;0;10302;83
240;20230127;23;20;28;0;10301;84
240;20230127;24;30;28;0;10302;81
240;20230128;1;30;26;0;10301;80
240;20230128;2;30;26;0;10301;80
240;20230128;3;30;25;0;10302;77
240;20230128;4;30;25;0;10305;77
240;20230128;5;20;24;0;10304;77
240;20230128;6;20;25;0;10304;75
240;20230128;7;20;18;0;10305;81
240;20230128;8;20;20;1;10307;79
240;20230128;9;10;17;19;10313;82
240;20230128;10;10;40;74;10318;69
240;20230128;11;10;43;98;10310;69
240;20230128;12;20;46;103;10310;68
240;20230128;13;20;55;109;10301;66
240;20230128;14;10;56;93;10302;67
240;20230128;15;20;55;27;10302;70
240;20230128;16;30;44;19;10306;78
240;20230128;17;30;39;1;10305;82
240;20230128;18;30;45;0;10306;79
240;20230128;19;30;47;0;10309;79
240;20230128;20;30;46;0;10307;80
240;20230128;21;30;41;0;10306;86
240;20230128;22;30;41;0;10306;86
240;20230128;23;40;41;0;10301;85
240;20230128;24;50;41;0;10295;83
240;20230129;1;40;40;0;10292;85
240;20230129;2;40;38;0;10291;86
240;20230129;3;40;39;0;10290;85
240;20230129;4;40;41;0;10285;83
240;20230129;5;50;40;0;10279;82
240;20230129;6;50;41;0;10276;82
240;20230129;7;50;42;0;10272;84
240;20230129;8;60;43;0;10269;82
240;20230129;9;60;47;8;10266;82
240;20230129;10;60;51;18;10262;82
240;20230129;11;60;52;25;10259;83
240;20230129;12;60;52;13;10250;84
240;20230129;13;70;46;20;10236;96
240;20230129;14;70;56;14;10226;88
240;20230129;15;70;54;15;10220;88
240;20230129;16;60;51;3;10217;91
240;20230129;17;70;53;0;10213;91
240;20230129;18;60;52;0;10207;91
240;20230129;19;70;50;0;10198;92
240;20230129;20;70;56;0;10193;92
240;20230129;21;60;66;0;10189;92
240;20230129;22;80;75;0;10177;88
240;20230129;23;80;80;0;10170;88
240;20230129;24;90;80;0;10166;89
240;20230130;1;90;79;0;10155;89
240;20230130;2;90;76;0;10151;91
240;20230130;3;100;77;0;10150;90
240;20230130;4;100;79;0;10147;89
240;20230130;5;110;77;0;10149;83
240;20230130;6;110;72;0;10152;77
240;20230130;7;110;67;0;10156;74
240;20230130;8;110;69;3;10160;73
240;20230130;9;120;73;18;10168;74
240;20230130;10;110;76;28;10173;73
240;20230130;11;120;79;42;10179;72
240;20230130;12;120;81;96;10182;74
240;20230130;13;110;82;86;10184;72
240;20230130;14;110;83;66;10193;71
240;20230130;15;100;82;44;10207;72
240;20230130;16;90;64;9;10216;80
240;20230130;17;70;60;1;10227;82
240;20230130;18;70;60;0;10234;80
240;20230130;19;50;56;0;10240;83
240;20230130;20;40;52;0;10245;81
240;20230130;21;40;55;0;10243;81
240;20230130;22;50;43;0;10247;81
240;20230130;23;40;43;0;10243;84
240;20230130;24;40;44;0;10241;87
240;20230131;1;40;36;0;10229;91
240;20230131;2;50;37;0;10230;94
240;20230131;3;40;43;0;10228;95
240;20230131;4;50;60;0;10220;90
240;20230131;5;70;66;0;10217;85
240;20230131;6;70;70;0;10213;82
240;20230131;7;90;66;0;10207;87
240;20230131;8;80;67;1;10203;85
240;20230131;9;80;72;14;10199;88
240;20230131;10;90;78;31;10195;87
240;20230131;11;90;81;23;10196;86
240;20230131;12;110;84;32;10191;85
240;20230131;13;110;90;93;10186;84
240;20230131;14;120;91;85;10189;83
240;20230131;15;120;85;56;10195;84
240;20230131;16;100;81;13;10201;79
240;20230131;17;90;72;1;10203;75
240;20230131;18;80;67;0;10204;76
240;20230131;19;70;67;0;10206;77
240;20230131;20;80;61;0;10203;77
240;20230131;21;80;67;0;10199;72
240;20230131;22;70;58;0;10197;77
240;20230131;23;70;68;0;10195;74
240;20230131;24;100;68;0;10187;74
240;20230201;1;100;70;0;10186;72
240;20230201;2;110;72;0;10185;74
240;20230201;3;110;68;0;10179;75
240;20230201;4;110;70;0;10180;75
240;20230201;5;100;65;0;10176;77
240;20230201;6;110;63;0;10178;78
240;20230201;7;110;67;0;10180;78
240;20230201;8;100;66;2;10183;78
240;20230201;9;110;73;36;10178;76
240;20230201;10;110;70;17;10177;78
240;20230201;11;120;76;29;10179;76
240;20230201;12;130;81;39;10175;75
240;20230201;13;130;82;46;10173;76
240;20230201;14;130;84;40;10172;76
240;20230201;15;110;79;22;10177;79
240;20230201;16;110;81;9;10179;79
240;20230201;17;100;82;1;10185;80
240;20230201;18;90;83;0;10188;80
240;20230201;19;100;83;0;10190;81
240;20230201;20;100;83;0;10191;81
240;20230201;21;100;84;0;10197;82
240;20230201;22;90;83;0;10201;85
240;20230201;23;80;82;0;10205;85
240;20230201;24;80;81;0;10206;86
240;20230202;1;70;68;0;10210;93
240;20230202;2;60;75;0;10208;92
240;20230202;3;100;78;0;10206;88
240;20230202;4;90;78;0;10207;87
240;20230202;5;90;81;0;10209;86
240;20230202;6;90;80;0;10211;88
240;20230202;7;90;78;0;10216;89
240;20230202;8;90;79;1;10222;88
240;20230202;9;80;80;15;10228;88
240;20230202;10;70;83;31;10232;89
240;20230202;11;70;89;48;10235;86
240;20230202;12;80;86;31;10235;86
240;20230202;13;80;78;23;10234;95
240;20230202;14;80;78;18;10233;96
240;20230202;15;80;82;16;10236;93
240;20230202;16;70;84;12;10239;91
240;20230202;17;70;86;2;10243;89
240;20230202;18;70;90;0;10242;88
240;20230202;19;70;92;0;10240;86
240;20230202;20;90;94;0;10243;86
240;20230202;21;90;92;0;10245;87
240;20230202;22;80;92;0;10243;85
240;20230202;23;90;89;0;10232;87
240;20230202;24;100;91;0;10238;85
240;20230203;1;100;91;0;10238;84
240;20230203;2;110;95;0;10234;80
240;20230203;3;110;94;0;10232;82
240;20230203;4;110;93;0;10235;82
240;20230203;5;100;93;0;10234;82
240;20230203;6;90;88;0;10235;84
240;20230203;7;90;88;0;10241;86
240;20230203;8;100;90;2;10241;86
240;20230203;9;100;95;13;10250;84
240;20230203;10;100;96;23;10254;84
240;20230203;11;100;98;27;10261;85
240;20230203;12;100;97;21;10261;85
240;20230203;13;90;97;18;10268;88
240;20230203;14;80;92;25;10271;88
240;20230203;15;60;91;27;10276;84
240;20230203;16;60;87;18;10280;89
240;20230203;17;60;86;2;10288;81
240;20230203;18;50;86;0;10294;85
240;20230203;19;50;85;0;10304;86
240;20230203;20;50;85;0;10310;78
240;20230203;21;50;82;0;10312;79
240;20230203;22;50;80;0;10316;81
240;20230203;23;40;77;0;10324;84
240;20230203;24;40;72;0;10328;93
240;20230204;1;40;62;0;10330;97
240;20230204;2;30;55;0;10337;98
240;20230204;3;20;62;0;10339;98
240;20230204;4;10;60;0;10340;98
240;20230204;5;10;56;0;10341;98
240;20230204;6;20;49;0;10346;98
240;20230204;7;20;63;0;10352;98
240;20230204;8;10;66;4;10358;98
240;20230204;9;10;74;22;10363;97
240;20230204;10;10;82;40;10368;88
240;20230204;11;10;83;44;10371;87
240;20230204;12;10;79;34;10370;90
240;20230204;13;10;81;41;10370;95
240;20230204;14;10;86;55;10368;88
240;20230204;15;20;83;29;10368;86
240;20230204;16;20;81;14;10371;85
240;20230204;17;10;78;1;10374;92
240;20230204;18;10;75;0;10375;94
240;20230204;19;10;74;0;10376;94
240;20230204;20;20;76;0;10373;93
240;20230204;21;20;79;0;10373;95
240;20230204;22;20;76;0;10375;98
240;20230204;23;30;76;0;10372;97
240;20230204;24;30;76;0;10363;95
240;20230205;1;40;76;0;10366;94
240;20230205;2;40;76;0;10361;87
240;20230205;3;40;73;0;10357;89
240;20230205;4;40;72;0;10357;98
240;20230205;5;80;70;0;10365;91
240;20230205;6;80;63;0;10373;84
240;20230205;7;80;67;0;10382;80
240;20230205;8;80;67;6;10391;81
240;20230205;9;90;75;47;10400;76
240;20230205;10;80;78;44;10404;75
240;20230205;11;90;80;79;10404;72
240;20230205;12;90;82;112;10405;67
240;20230205;13;90;84;111;10407;67
240;20230205;14;90;82;84;10409;67
240;20230205;15;80;80;63;10412;70
240;20230205;16;70;72;24;10420;75
240;20230205;17;70;65;2;10425;79
240;20230205;18;50;61;0;10427;81
240;20230205;19;40;56;0;10433;85
240;20230205;20;30;44;0;10435;91
240;20230205;21;20;33;0;10436;94
240;20230205;22;20;33;0;10440;96
240;20230205;23;20;38;0;10439;95
240;20230205;24;20;41;0;10437;94
240;20230206;1;20;43;0;10436;93
240;20230206;2;10;37;0;10435;96
240;20230206;3;10;28;0;10433;97
240;20230206;4;10;27;0;10431;98
240;20230206;5;20;25;0;10433;98
240;20230206;6;20;33;0;10434;98
240;20230206;7;10;27;0;10432;98
240;20230206;8;10;35;4;10426;98
240;20230206;9;10;41;20;10422;97
240;20230206;10;20;66;66;10422;93
240;20230206;11;20;71;92;10423;80
240;20230206;12;20;82;100;10417;73
240;20230206;13;30;84;134;10412;69
240;20230206;14;30;78;105;10407;75
240;20230206;15;30;72;60;10408;77
240;20230206;16;30;54;18;10409;82
240;20230206;17;20;54;2;10411;79
240;20230206;18;20;43;0;10408;85
240;20230206;19;20;33;0;10406;90
240;20230206;20;10;29;0;10402;91
240;20230206;21;10;9;0;10401;94
240;20230206;22;20;4;0;10401;97
240;20230206;23;0;0;0;10402;98
240;20230206;24;10;5;0;10402;97
240;20230207;1;10;-8;0;10400;99
240;20230207;2;10;-6;0;10400;97
240;20230207;3;20;1;0;10400;97
240;20230207;4;30;5;0;10397;98
240;20230207;5;20;3;0;10397;97
240;20230207;6;10;-6;0;10399;98
240;20230207;7;20;-6;0;10401;98
240;20230207;8;10;-17;12;10405;98
240;20230207;9;20;7;68;10405;98
240;20230207;10;30;22;109;10405;87
240;20230207;11;30;27;125;10408;83
240;20230207;12;20;36;139;10402;72
240;20230207;13;20;46;138;10400;68
240;20230207;14;20;47;120;10396;64
240;20230207;15;30;46;86;10394;65
240;20230207;16;30;36;42;10394;69
240;20230207;17;10;22;5;10397;74
240;20230207;18;10;19;0;10398;76
240;20230207;19;20;8;0;10397;81
240;20230207;20;10;1;0;10398;85
240;20230207;21;10;-7;0;10399;91
240;20230207;22;10;-8;0;10395;92
240;20230207;23;10;-13;0;10393;94
240;20230207;24;10;-14;0;10393;95
240;20230208;1;10;-21;0;10391;94
240;20230208;2;10;-13;0;10388;93
240;20230208;3;10;-11;0;10386;90
240;20230208;4;20;-11;0;10384;85
240;20230208;5;20;-19;0;10382;85
240;20230208;6;20;-14;0;10380;81
240;20230208;7;20;-21;0;10379;85
240;20230208;8;20;-10;12;10378;79
240;20230208;9;30;-1;60;10377;78
240;20230208;10;30;17;108;10379;70
240;20230208;11;20;33;132;10376;62
240;20230208;12;40;50;142;10370;55
240;20230208;13;40;59;141;10363;52
240;20230208;14;40;62;118;10355;44
240;20230208;15;40;60;84;10348;48
240;20230208;16;40;48;45;10342;60
240;20230208;17;30;23;7;10336;66
240;20230208;18;30;20;0;10332;64
240;20230208;19;20;15;0;10330;64
240;20230208;20;20;2;0;10328;67
240;20230208;21;20;9;0;10327;62
240;20230208;22;10;2;0;10320;66
240;20230208;23;30;-6;0;10316;69
240;20230208;24;30;-17;0;10313;75
240;20230209;1;30;-18;0;10311;76
240;20230209;2;30;-13;0;10308;78
240;20230209;3;40;-5;0;10300;75
240;20230209;4;30;-12;0;10297;78
240;20230209;5;30;-9;0;10299;77
240;20230209;6;40;-15;0;10302;79
240;20230209;7;40;-9;0;10302;77
240;20230209;8;50;-3;7;10304;75
240;20230209;9;40;12;34;10305;74
240;20230209;10;40;22;62;10307;76
240;20230209;11;40;40;88;10313;75
240;20230209;12;40;47;89;10311;77
240;20230209;13;50;52;41;10309;81
240;20230209;14;50;56;17;10310;84
240;20230209;15;40;59;10;10314;88
240;20230209;16;40;56;10;10318;93
240;20230209;17;40;56;3;10327;93
240;20230209;18;30;31;0;10333;96
240;20230209;19;30;26;0;10339;94
240;20230209;20;30;35;0;10343;90
240;20230209;21;30;24;0;10348;91
240;20230209;22;30;22;0;10349;95
240;20230209;23;40;15;0;10349;93
240;20230209;24;40;15;0;10349;94
240;20230210;1;40;6;0;10350;95
240;20230210;2;40;16;0;10352;93
240;20230210;3;30;-10;0;10353;96
240;20230210;4;40;2;0;10354;96
240;20230210;5;40;11;0;10353;95
240;20230210;6;40;-5;0;10353;97
240;20230210;7;40;14;0;10355;97
240;20230210;8;40;14;7;10361;98
240;20230210;9;40;34;47;10362;94
240;20230210;10;50;51;88;10363;90
240;20230210;11;50;62;118;10362;85
240;20230210;12;50;75;133;10357;75
240;20230210;13;60;84;126;10351;63
240;20230210;14;80;82;106;10346;69
240;20230210;15;80;78;49;10344;73
240;20230210;16;80;75;10;10342;78
240;20230210;17;80;73;2;10341;79
240;20230210;18;70;69;0;10340;85
240;20230210;19;70;73;0;10341;83
240;20230210;20;70;74;0;10336;85
240;20230210;21;70;75;0;10340;86
240;20230210;22;60;75;0;10338;85
240;20230210;23;60;78;0;10338;81
240;20230210;24;60;75;0;10333;85
240;20230211;1;60;72;0;10331;88
240;20230211;2;60;67;0;10330;91
240;20230211;3;60;66;0;10328;93
240;20230211;4;50;66;0;10325;95
240;20230211;5;60;74;0;10326;94
240;20230211;6;50;76;0;10329;94
240;20230211;7;50;78;0;10329;93
240;20230211;8;50;78;5;10333;91
240;20230211;9;50;80;22;10337;90
240;20230211;10;50;82;37;10343;89
240;20230211;11;50;95;66;10348;83
240;20230211;12;60;92;56;10351;84
240;20230211;13;60;98;74;10352;81
240;20230211;14;60;97;87;10350;81
240;20230211;15;50;94;59;10352;81
240;20230211;16;50;87;23;10355;83
240;20230211;17;40;81;4;10359;87
240;20230211;18;40;78;0;10363;88
240;20230211;19;30;76;0;10367;90
240;20230211;20;30;74;0;10369;90
240;20230211;21;20;71;0;10375;92
240;20230211;22;20;76;0;10381;89
240;20230211;23;20;70;0;10382;93
240;20230211;24;10;67;0;10383;95
240;20230212;1;20;68;0;10382;94
240;20230212;2;20;64;0;10382;95
240;20230212;3;20;65;0;10381;95
240;20230212;4;20;64;0;10381;95
240;20230212;5;10;67;0;10385;91
240;20230212;6;10;68;0;10385;88
240;20230212;7;10;69;0;10386;84
240;20230212;8;20;78;3;10391;76
240;20230212;9;20;78;12;10395;80
240;20230212;10;0;83;21;10396;77
240;20230212;11;10;84;27;10396;73
240;20230212;12;10;87;31;10394;74
240;20230212;13;10;87;30;10390;73
240;20230212;14;20;84;24;10386;73
240;20230212;15;10;82;17;10384;72
240;20230212;16;10;78;9;10382;77
240;20230212;17;10;80;1;10382;73
240;20230212;18;20;74;0;10387;78
240;20230212;19;20;74;0;10387;76
240;20230212;20;20;74;0;10385;74
240;20230212;21;20;71;0;10385;77
240;20230212;22;10;70;0;10384;77
240;20230212;23;10;69;0;10381;79
240;20230212;24;10;68;0;10377;82
240;20230213;1;10;65;0;10376;84
240;20230213;2;20;66;0;10374;83
240;20230213;3;20;65;0;10372;85
240;20230213;4;20;67;0;10370;82
240;20230213;5;30;67;0;10368;82
240;20230213;6;30;66;0;10368;84
240;20230213;7;20;67;0;10368;84
240;20230213;8;20;70;4;10371;86
240;20230213;9;20;78;15;10371;83
240;20230213;10;30;80;43;10372;83
240;20230213;11;40;90;94;10370;79
240;20230213;12;30;102;117;10364;77
240;20230213;13;40;106;147;10360;74
240;20230213;14;30;110;124;10353;73
240;20230213;15;30;110;90;10352;71
240;20230213;16;30;102;46;10351;74
240;20230213;17;20;84;8;10349;80
240;20230213;18;10;79;0;10349;82
240;20230213;19;10;60;0;10349;88
240;20230213;20;20;61;0;10349;91
240;20230213;21;20;56;0;10351;94
240;20230213;22;20;26;0;10351;97
240;20230213;23;20;32;0;10348;97
240;20230213;24;20;40;0;10346;96
240;20230214;1;10;31;0;10342;98
240;20230214;2;10;24;0;10341;98
240;20230214;3;10;16;0;10339;98
240;20230214;4;10;11;0;10338;98
240;20230214;5;10;15;0;10337;98
240;20230214;6;20;11;0;10336;98
240;20230214;7;30;19;0;10335;99
240;20230214;8;20;9;9;10337;99
240;20230214;9;20;38;57;10338;98
240;20230214;10;20;69;98;10335;88
240;20230214;11;20;91;119;10333;79
240;20230214;12;20;103;149;10326;73
240;20230214;13;30;113;149;10320;70
240;20230214;14;30;116;126;10314;69
240;20230214;15;20;117;92;10312;70
240;20230214;16;10;104;48;10309;75
240;20230214;17;20;83;8;10308;81
240;20230214;18;10;73;0;10308;84
240;20230214;19;10;62;0;10307;87
240;20230214;20;10;57;0;10303;92
240;20230214;21;10;37;0;10299;96
240;20230214;22;10;28;0;10296;97
240;20230214;23;10;31;0;10293;98
240;20230214;24;10;27;0;10291;99
240;20230215;1;20;26;0;10286;98
240;20230215;2;10;4;0;10281;98
240;20230215;3;10;13;0;10274;98
240;20230215;4;20;26;0;10269;98
240;20230215;5;20;11;0;10266;98
240;20230215;6;20;17;0;10265;98
240;20230215;7;30;16;0;10263;98
240;20230215;8;30;22;16;10258;98
240;20230215;9;30;35;50;10257;93
240;20230215;10;30;57;91;10255;86
240;20230215;11;40;72;110;10252;80
240;20230215;12;40;85;100;10247;78
240;20230215;13;40;91;112;10243;76
240;20230215;14;40;104;87;10236;71
240;20230215;15;40;99;76;10236;71
240;20230215;16;40;93;31;10231;75
240;20230215;17;40;83;8;10230;78
240;20230215;18;40;72;0;10235;83
240;20230215;19;40;72;0;10233;83
240;20230215;20;30;58;0;10232;87
240;20230215;21;40;54;0;10231;86
240;20230215;22;30;48;0;10231;87
240;20230215;23;30;40;0;10231;88
240;20230215;24;40;49;0;10229;89
240;20230216;1;30;43;0;10227;90
240;20230216;2;30;55;0;10224;90
240;20230216;3;40;63;0;10218;88
240;20230216;4;50;64;0;10218;87
240;20230216;5;40;63;0;10216;88
240;20230216;6;50;66;0;10215;85
240;20230216;7;50;70;0;10217;85
240;20230216;8;50;72;3;10222;87
240;20230216;9;50;72;8;10221;93
240;20230216;10;60;78;37;10223;91
240;20230216;11;50;87;49;10220;91
240;20230216;12;50;99;85;10215;89
240;20230216;13;60;105;79;10208;81
240;20230216;14;70;106;43;10201;80
240;20230216;15;70;94;17;10198;93
240;20230216;16;70;91;8;10197;97
240;20230216;17;70;91;2;10192;98
240;20230216;18;70;93;0;10188;98
240;20230216;19;70;97;0;10188;98
240;20230216;20;80;98;0;10186;97
240;20230216;21;70;97;0;10186;98
240;20230216;22;70;99;0;10184;95
240;20230216;23;70;100;0;10183;93
240;20230216;24;80;100;0;10180;93
240;20230217;1;80;95;0;10179;95
240;20230217;2;80;93;0;10173;93
240;20230217;3;80;97;0;10170;91
240;20230217;4;80;94;0;10166;95
240;20230217;5;100;100;0;10165;94
240;20230217;6;100;101;0;10162;96
240;20230217;7;90;105;0;10158;93
240;20230217;8;110;101;3;10159;94
240;20230217;9;120;103;14;10162;93
240;20230217;10;120;108;37;10163;91
240;20230217;11;130;107;52;10168;90
240;20230217;12;120;107;41;10177;89
240;20230217;13;130;109;44;10177;88
240;20230217;14;120;111;62;10180;86
240;20230217;15;110;110;67;10187;86
240;20230217;16;100;110;42;10194;86
240;20230217;17;90;105;11;10200;89
240;20230217;18;80;101;0;10213;91
240;20230217;19;70;99;0;10218;91
240;20230217;20;50;100;0;10222;91
240;20230217;21;50;101;0;10224;91
240;20230217;22;50;99;0;10222;90
240;20230217;23;50;97;0;10219;93
240;20230217;24;40;94;0;10213;95
240;20230218;1;50;96;0;10210;95
240;20230218;2;60;97;0;10201;97
240;20230218;3;70;104;0;10188;97
240;20230218;4;80;105;0;10178;97
240;20230218;5;100;106;0;10171;94
240;20230218;6;110;104;0;10167;92
240;20230218;7;110;102;0;10165;92
240;20230218;8;120;95;4;10165;91
240;20230218;9;110;100;16;10167;84
240;20230218;10;120;104;40;10173;84
240;20230218;11;120;107;70;10177;85
240;20230218;12;120;113;95;10176;83
240;20230218;13;110;113;94;10177;84
240;20230218;14;100;113;96;10182;85
240;20230218;15;90;110;60;10182;86
240;20230218;16;90;105;22;10181;88
240;20230218;17;90;103;7;10181;89
240;20230218;18;80;98;0;10180;93
240;20230218;19;70;99;0;10180;92
240;20230218;20;80;103;0;10174;93
240;20230218;21;70;101;0;10170;92
240;20230218;22;80;99;0;10169;92
240;20230218;23;80;97;0;10169;92
240;20230218;24;80;96;0;10170;95
240;20230219;1;70;92;0;10172;95
240;20230219;2;70;95;0;10175;92
240;20230219;3;80;94;0;10178;92
240;20230219;4;80;93;0;10183;91
240;20230219;5;80;93;0;10192;89
240;20230219;6;80;89;0;10197;92
240;20230219;7;70;88;0;10206;92
240;20230219;8;70;86;6;10214;95
240;20230219;9;60;85;15;10220;96
240;20230219;10;40;88;29;10233;93
240;20230219;11;30;83;24;10238;92
240;20230219;12;30;69;25;10244;97
240;20230219;13;30;68;23;10253;96
240;20230219;14;30;73;30;10256;92
240;20230219;15;20;77;37;10251;82
240;20230219;16;50;68;14;10257;86
240;20230219;17;40;68;4;10260;86
240;20230219;18;40;62;0;10261;88
240;20230219;19;40;59;0;10262;91
240;20230219;20;50;56;0;10260;91
240;20230219;21;50;55;0;10254;93
240;20230219;22;50;55;0;10253;93
240;20230219;23;60;63;0;10245;89
240;20230219;24;60;70;0;10240;89
240;20230220;1;60;66;0;10233;92
240;20230220;2;50;62;0;10225;95
240;20230220;3;40;62;0;10221;97
240;20230220;4;80;80;0;10216;91
240;20230220;5;90;80;0;10217;91
240;20230220;6;90;79;0;10214;90
240;20230220;7;90;78;0;10214;90
240;20230220;8;100;82;8;10216;90
240;20230220;9;100;84;24;10214;90
240;20230220;10;100;87;35;10216;89
240;20230220;11;110;91;54;10210;88
240;20230220;12;110;91;53;10215;86
240;20230220;13;100;94;56;10209;86
240;20230220;14;100;92;50;10205;87
240;20230220;15;110;91;55;10204;87
240;20230220;16;100;89;26;10204;87
240;20230220;17;90;88;3;10202;89
240;20230220;18;80;89;0;10201;89
240;20230220;19;90;91;0;10203;88
240;20230220;20;90;92;0;10199;88
240;20230220;21;80;88;0;10199;90
240;20230220;22;80;91;0;10196;89
240;20230220;23;70;90;0;10197;90
240;20230220;24;80;89;0;10196;91
240;20230221;1;60;88;0;10198;92
240;20230221;2;70;88;0;10193;92
240;20230221;3;60;88;0;10192;93
240;20230221;4;60;87;0;10190;93
240;20230221;5;50;86;0;10190;94
240;20230221;6;50;86;0;10191;94
240;20230221;7;50;86;0;10192;94
240;20230221;8;40;87;4;10192;94
240;20230221;9;40;90;16;10192;93
240;20230221;10;50;92;26;10189;93
240;20230221;11;50;94;35;10189;91
240;20230221;12;40;92;27;10186;92
240;20230221;13;40;87;19;10183;96
240;20230221;14;40;87;26;10179;95
240;20230221;15;40;83;9;10177;96
240;20230221;16;30;79;3;10176;94
240;20230221;17;40;76;3;10174;94
240;20230221;18;30;75;0;10172;94
240;20230221;19;30;74;0;10170;94
240;20230221;20;20;75;0;10168;93
240;20230221;21;30;74;0;10166;93
240;20230221;22;30;72;0;10163;90
240;20230221;23;30;69;0;10154;88
240;20230221;24;30;67;0;10151;90
240;20230222;1;40;61;0;10148;92
240;20230222;2;50;55;0;10145;94
240;20230222;3;40;50;0;10139;92
240;20230222;4;40;45;0;10131;94
240;20230222;5;40;42;0;10125;97
240;20230222;6;30;43;0;10121;98
240;20230222;7;40;46;0;10118;98
240;20230222;8;40;49;5;10118;98
240;20230222;9;40;52;17;10117;98
240;20230222;10;40;60;34;10111;94
240;20230222;11;30;73;53;10113;89
240;20230222;12;40;81;62;10106;84
240;20230222;13;30;87;58;10104;84
240;20230222;14;30;87;41;10103;83
240;20230222;15;30;89;36;10105;83
240;20230222;16;30;88;17;10109;84
240;20230222;17;40;83;6;10111;89
240;20230222;18;40;80;0;10116;92
240;20230222;19;40;81;0;10118;92
240;20230222;20;40;80;0;10121;94
240;20230222;21;30;78;0;10124;96
240;20230222;22;30;74;0;10123;97
240;20230222;23;20;74;0;10123;96
240;20230222;24;20;74;0;10126;97
240;20230223;1;20;72;0;10128;98
240;20230223;2;20;70;0;10127;98
240;20230223;3;20;70;0;10127;98
240;20230223;4;20;65;0;10131;98
240;20230223;5;10;64;0;10133;98
240;20230223;6;20;68;0;10136;98
240;20230223;7;30;72;0;10142;97
240;20230223;8;20;75;11;10150;94
240;20230223;9;30;78;17;10155;94
240;20230223;10;30;77;17;10159;91
240;20230223;11;30;83;35;10161;87
240;20230223;12;30;84;45;10163;91
240;20230223;13;40;89;64;10160;87
240;20230223;14;40;93;48;10162;85
240;20230223;15;50;73;17;10166;94
240;20230223;16;50;69;18;10171;93
240;20230223;17;50;66;5;10174;81
240;20230223;18;50;63;0;10177;75
240;20230223;19;40;54;0;10180;74
240;20230223;20;30;37;0;10178;80
240;20230223;21;20;23;0;10176;84
240;20230223;22;20;24;0;10172;79
240;20230223;23;20;16;0;10170;83
240;20230223;24;20;28;0;10161;74
240;20230224;1;30;29;0;10154;76
240;20230224;2;30;29;0;10143;76
240;20230224;3;40;42;0;10134;72
240;20230224;4;40;41;0;10126;75
240;20230224;5;50;46;0;10116;76
240;20230224;6;60;53;0;10105;74
240;20230224;7;70;53;0;10097;77
240;20230224;8;70;55;6;10092;83
240;20230224;9;80;56;16;10083;93
240;20230224;10;70;60;16;10076;97
240;20230224;11;70;73;25;10072;90
240;20230224;12;80;86;91;10066;81
240;20230224;13;80;84;99;10061;80
240;20230224;14;90;77;85;10060;80
240;20230224;15;90;68;64;10060;87
240;20230224;16;80;64;26;10059;88
240;20230224;17;70;57;10;10061;84
240;20230224;18;60;55;0;10066;84
240;20230224;19;50;48;0;10071;83
240;20230224;20;50;45;0;10072;82
240;20230224;21;50;51;0;10076;83
240;20230224;22;50;44;0;10077;79
240;20230224;23;60;47;0;10079;73
240;20230224;24;50;38;0;10084;85
240;20230225;1;60;45;0;10084;84
240;20230225;2;60;46;0;10085;79
240;20230225;3;50;48;0;10085;80
240;20230225;4;60;52;0;10088;70
240;20230225;5;60;39;0;10092;80
240;20230225;6;50;43;0;10093;78
240;20230225;7;60;40;1;10099;76
240;20230225;8;50;52;29;10105;74
240;20230225;9;60;46;37;10112;77
240;20230225;10;70;53;85;10118;77
240;20230225;11;60;64;96;10124;61
240;20230225;12;60;62;85;10129;64
240;20230225;13;80;72;140;10133;56
240;20230225;14;80;62;136;10137;51
240;20230225;15;70;63;120;10146;54
240;20230225;16;70;56;67;10153;53
240;20230225;17;60;49;29;10159;58
240;20230225;18;40;39;0;10166;64
240;20230225;19;30;34;0;10173;64
240;20230225;20;30;32;0;10177;65
240;20230225;21;30;23;0;10182;73
240;20230225;22;30;8;0;10187;80
240;20230225;23;30;7;0;10191;84
240;20230225;24;20;2;0;10196;87
240;20230226;1;40;30;0;10203;65
240;20230226;2;50;25;0;10209;62
240;20230226;3;40;21;0;10214;62
240;20230226;4;40;14;0;10220;66
240;20230226;5;30;14;0;10226;67
240;20230226;6;40;16;0;10231;64
240;20230226;7;50;22;3;10241;60
240;20230226;8;60;30;37;10248;60
240;20230226;9;80;36;87;10257;57
240;20230226;10;70;40;117;10264;56
240;20230226;11;70;50;166;10271;56
240;20230226;12;70;56;187;10271;55
240;20230226;13;70;59;161;10270;57
240;20230226;14;70;65;134;10268;53
240;20230226;15;70;59;116;10270;53
240;20230226;16;60;54;50;10273;55
240;20230226;17;60;48;22;10276;57
240;20230226;18;50;39;1;10282;66
240;20230226;19;40;39;0;10286;68
240;20230226;20;40;30;0;10286;72
240;20230226;21;30;43;0;10291;68
240;20230226;22;40;42;0;10294;67
240;20230226;23;40;38;0;10295;70
240;20230226;24;40;28;0;10297;68
240;20230227;1;30;24;0;10298;70
240;20230227;2;20;20;0;10296;72
240;20230227;3;10;4;0;10297;79
240;20230227;4;20;-6;0;10297;89
240;20230227;5;20;-3;0;10301;88
240;20230227;6;20;-3;0;10304;89
240;20230227;7;20;-1;2;10308;84
240;20230227;8;20;25;34;10311;78
240;20230227;9;30;46;87;10314;67
240;20230227;10;50;58;131;10316;62
240;20230227;11;60;61;168;10317;55
240;20230227;12;60;65;174;10312;51
240;20230227;13;60;66;183;10309;50
240;20230227;14;70;74;149;10307;56
240;20230227;15;70;63;84;10307;60
240;20230227;16;60;62;35;10307;59
240;20230227;17;60;60;16;10309;60
240;20230227;18;60;52;1;10311;65
240;20230227;19;40;40;0;10314;73
240;20230227;20;30;40;0;10317;78
240;20230227;21;30;28;0;10316;83
240;20230227;22;30;29;0;10318;83
240;20230227;23;20;18;0;10320;88
240;20230227;24;20;29;0;10321;89
240;20230228;1;20;34;0;10320;90
240;20230228;2;20;36;0;10318;92
240;20230228;3;20;40;0;10315;91
240;20230228;4;10;40;0;10316;85
240;20230228;5;20;32;0;10315;84
240;20230228;6;10;32;0;10317;84
240;20230228;7;30;16;0;10320;96
240;20230228;8;30;5;6;10323;98
240;20230228;9;10;8;19;10323;97
240;20230228;10;10;25;41;10324;92
240;20230228;11;30;33;62;10324;76
240;20230228;12;30;46;130;10320;61
240;20230228;13;20;54;175;10314;57
240;20230228;14;30;63;163;10310;54
240;20230228;15;40;58;127;10308;54
240;20230228;16;40;51;78;10309;57
240;20230228;17;50;43;29;10311;60
240;20230228;18;40;24;1;10315;72
240;20230228;19;30;24;0;10318;75
240;20230228;20;20;21;0;10320;79
240;20230228;21;30;25;0;10321;80
240;20230228;22;20;11;0;10323;86
240;20230228;23;10;7;0;10324;90
240;20230228;24;20;5;0;10325;95
240;20230301;1;20;-1;0;10321;98
240;20230301;2;10;-13;0;10316;99
240;20230301;3;10;-20;0;10312;99
240;20230301;4;10;-23;0;10308;99
240;20230301;5;10;-36;0;10306;99
240;20230301;6;10;-30;0;10300;99
240;20230301;7;10;-24;5;10299;98
240;20230301;8;10;-1;45;10301;98
240;20230301;9;20;21;95;10300;98
240;20230301;10;20;45;124;10297;81
240;20230301;11;40;58;171;10292;62
240;20230301;12;50;64;190;10286;57
240;20230301;13;60;64;187;10280;59
240;20230301;14;60;65;164;10273;58
240;20230301;15;60;66;129;10263;58
240;20230301;16;60;63;78;10260;55
240;20230301;17;60;54;30;10258;59
240;20230301;18;50;44;1;10260;65
240;20230301;19;40;41;0;10262;69
240;20230301;20;50;31;0;10261;76
240;20230301;21;50;36;0;10261;75
240;20230301;22;40;32;0;10265;78
240;20230301;23;40;29;0;10264;90
240;20230301;24;50;32;0;10261;93
240;20230302;1;60;24;0;10259;95
240;20230302;2;50;17;0;10258;94
240;20230302;3;60;22;0;10254;92
240;20230302;4;60;18;0;10252;92
240;20230302;5;60;19;0;10252;91
240;20230302;6;60;15;0;10252;92
240;20230302;7;50;18;3;10256;91
240;20230302;8;60;23;37;10256;89
240;20230302;9;60;33;94;10255;85
240;20230302;10;70;42;148;10255;85
240;20230302;11;70;43;179;10253;84
240;20230302;12;60;52;194;10251;80
240;20230302;13;60;56;188;10248;78
240;20230302;14;60;61;166;10242;77
240;20230302;15;60;64;131;10239;74
240;20230302;16;60;66;80;10238;73
240;20230302;17;60;60;31;10241;77
240;20230302;18;50;55;1;10246;80
240;20230302;19;50;47;0;10251;86
240;20230302;20;50;40;0;10254;87
240;20230302;21;50;34;0;10255;87
240;20230302;22;40;30;0;10256;90
240;20230302;23;40;30;0;10257;91
240;20230302;24;40;27;0;10256;92
240;20230303;1;30;29;0;10257;89
240;20230303;2;40;28;0;10257;92
240;20230303;3;30;15;0;10257;96
240;20230303;4;30;23;0;10259;98
240;20230303;5;30;20;0;10261;98
240;20230303;6;20;22;0;10261;98
240;20230303;7;20;23;3;10264;98
240;20230303;8;20;22;27;10270;100
240;20230303;9;10;50;90;10272;82
240;20230303;10;30;68;146;10273;72
240;20230303;11;40;75;106;10273;68
240;20230303;12;30;73;140;10272;64
240;20230303;13;20;74;66;10269;64
240;20230303;14;50;70;68;10268;64
240;20230303;15;40;72;85;10265;67
240;20230303;16;50;67;36;10262;65
240;20230303;17;50;62;15;10263;67
240;20230303;18;40;60;1;10267;70
240;20230303;19;40;59;0;10268;72
240;20230303;20;30;60;0;10270;73
240;20230303;21;30;63;0;10273;71
240;20230303;22;40;61;0;10273;72
240;20230303;23;40;60;0;10272;73
240;20230303;24;40;60;0;10272;73
240;20230304;1;40;59;0;10273;73
240;20230304;2;40;59;0;10268;73
240;20230304;3;40;58;0;10262;74
240;20230304;4;40;57;0;10260;74
240;20230304;5;30;57;0;10260;77
240;20230304;6;40;57;0;10260;76
240;20230304;7;30;55;3;10262;83
240;20230304;8;40;58;23;10265;88
240;20230304;9;40;67;43;10265;89
240;20230304;10;50;76;79;10263;88
240;20230304;11;50;74;88;10261;85
240;20230304;12;60;73;78;10259;78
240;20230304;13;70;78;105;10253;69
240;20230304;14;60;72;61;10250;74
240;20230304;15;50;68;47;10246;74
240;20230304;16;50;68;41;10243;67
240;20230304;17;50;63;15;10242;69
240;20230304;18;50;61;1;10245;68
240;20230304;19;50;47;0;10244;82
240;20230304;20;30;41;0;10242;82
240;20230304;21;20;30;0;10241;89
240;20230304;22;20;37;0;10240;90
240;20230304;23;20;30;0;10233;93
240;20230304;24;20;34;0;10227;88
240;20230305;1;20;29;0;10222;93
240;20230305;2;30;25;0;10215;94
240;20230305;3;20;28;0;10206;93
240;20230305;4;20;30;0;10201;93
240;20230305;5;20;28;0;10194;92
240;20230305;6;20;23;0;10189;95
240;20230305;7;20;28;3;10188;93
240;20230305;8;20;32;10;10187;90
240;20230305;9;20;44;53;10183;86
240;20230305;10;20;50;61;10180;79
240;20230305;11;20;57;75;10172;82
240;20230305;12;30;57;58;10165;74
240;20230305;13;30;62;133;10155;69
240;20230305;14;40;59;113;10148;69
240;20230305;15;40;55;92;10139;68
240;20230305;16;40;48;49;10133;79
240;20230305;17;40;33;13;10126;81
240;20230305;18;30;35;1;10124;81
240;20230305;19;30;33;0;10118;87
240;20230305;20;30;25;0;10113;90
240;20230305;21;20;24;0;10109;93
240;20230305;22;30;21;0;10101;87
240;20230305;23;30;13;0;10095;95
240;20230305;24;20;17;0;10089;95
240;20230306;1;30;13;0;10081;95
240;20230306;2;40;28;0;10076;89
240;20230306;3;30;26;0;10070;94
240;20230306;4;30;31;0;10064;93
240;20230306;5;30;31;0;10061;96
240;20230306;6;30;22;0;10061;92
240;20230306;7;10;21;6;10061;92
240;20230306;8;10;31;32;10061;90
240;20230306;9;10;50;77;10060;75
240;20230306;10;10;53;114;10059;69
240;20230306;11;30;53;119;10057;75
240;20230306;12;40;55;57;10050;79
240;20230306;13;50;64;88;10043;67
240;20230306;14;60;62;67;10035;67
240;20230306;15;80;53;34;10029;68
240;20230306;16;90;47;31;10021;74
240;20230306;17;100;38;13;10014;87
240;20230306;18;90;36;0;10009;91
240;20230306;19;80;36;0;9999;94
240;20230306;20;70;42;0;9987;95
240;20230306;21;70;38;0;9985;94
240;20230306;22;40;46;0;9979;92
240;20230306;23;60;53;0;9975;90
240;20230306;24;60;54;0;9976;86
240;20230307;1;60;43;0;9976;91
240;20230307;2;50;42;0;9972;87
240;20230307;3;50;45;0;9967;82
240;20230307;4;60;39;0;9967;84
240;20230307;5;60;34;0;9962;79
240;20230307;6;60;20;0;9965;93
240;20230307;7;40;23;1;9966;92
240;20230307;8;40;27;11;9967;90
240;20230307;9;40;24;31;9969;93
240;20230307;10;50;24;51;9971;92
240;20230307;11;40;18;54;9973;92
240;20230307;12;30;28;53;9971;90
240;20230307;13;50;19;45;9975;93
240;20230307;14;40;29;54;9975;88
240;20230307;15;40;37;53;9976;86
240;20230307;16;50;35;41;9978;79
240;20230307;17;50;25;17;9984;87
240;20230307;18;40;15;1;9991;89
240;20230307;19;30;10;0;9994;86
240;20230307;20;40;3;0;9998;91
240;20230307;21;30;1;0;9999;86
240;20230307;22;10;-6;0;10000;89
240;20230307;23;20;-2;0;10002;95
240;20230307;24;20;-14;0;10000;94
240;20230308;1;30;-15;0;9997;95
240;20230308;2;20;-17;0;9991;94
240;20230308;3;10;-9;0;9986;96
240;20230308;4;10;-11;0;9979;94
240;20230308;5;20;-11;0;9971;95
240;20230308;6;10;-9;0;9961;96
240;20230308;7;10;-6;3;9959;96
240;20230308;8;20;5;20;9954;93
240;20230308;9;30;17;39;9952;87
240;20230308;10;40;21;98;9947;87
240;20230308;11;40;24;141;9942;86
240;20230308;12;40;26;91;9939;82
240;20230308;13;50;29;66;9939;78
240;20230308;14;60;34;77;9934;75
240;20230308;15;60;32;66;9932;72
240;20230308;16;60;30;35;9929;78
240;20230308;17;50;27;8;9927;78
240;20230308;18;50;21;1;9929;91
240;20230308;19;40;19;0;9925;90
240;20230308;20;50;21;0;9925;89
240;20230308;21;60;15;0;9923;92
240;20230308;22;50;13;0;9922;93
240;20230308;23;50;11;0;9923;91
240;20230308;24;60;11;0;9921;89
240;20230309;1;60;12;0;9927;87
240;20230309;2;60;15;0;9931;86
240;20230309;3;50;10;0;9936;93
240;20230309;4;40;15;0;9942;89
240;20230309;5;40;17;0;9948;88
240;20230309;6;40;9;0;9954;88
240;20230309;7;40;13;5;9965;88
240;20230309;8;40;17;21;9972;86
240;20230309;9;30;18;32;9980;85
240;20230309;10;30;21;42;9982;86
240;20230309;11;30;24;42;9981;87
240;20230309;12;30;27;47;9983;89
240;20230309;13;30;25;62;9974;93
240;20230309;14;30;20;38;9972;95
240;20230309;15;40;22;32;9963;96
240;20230309;16;40;21;14;9960;97
240;20230309;17;50;20;4;9950;97
240;20230309;18;60;19;0;9941;97
240;20230309;19;70;17;0;9933;97
240;20230309;20;60;19;0;9919;96
240;20230309;21;70;20;0;9906;97
240;20230309;22;60;20;0;9897;97
240;20230309;23;60;20;0;9887;97
240;20230309;24;60;21;0;9878;98
240;20230310;1;40;21;0;9878;97
240;20230310;2;30;22;0;9872;98
240;20230310;3;40;21;0;9867;98
240;20230310;4;50;21;0;9866;97
240;20230310;5;60;20;0;9860;97
240;20230310;6;60;19;0;9863;96
240;20230310;7;60;18;3;9864;97
240;20230310;8;50;19;12;9867;97
240;20230310;9;80;23;28;9869;96
240;20230310;10;70;22;28;9879;96
240;20230310;11;80;22;25;9882;95
240;20230310;12;80;23;45;9885;93
240;20230310;13;90;19;38;9898;93
240;20230310;14;90;4;23;9927;97
240;20230310;15;100;6;19;9953;98
240;20230310;16;90;0;11;9976;99
240;20230310;17;70;9;25;9991;97
240;20230310;18;90;12;1;10009;89
240;20230310;19;90;19;0;10020;75
240;20230310;20;70;26;0;10033;69
240;20230310;21;70;25;0;10044;66
240;20230310;22;70;19;0;10056;64
240;20230310;23;60;14;0;10062;63
240;20230310;24;50;6;0;10068;66
240;20230311;1;40;-2;0;10074;70
240;20230311;2;30;-5;0;10077;71
240;20230311;3;20;-2;0;10079;71
240;20230311;4;10;-21;0;10087;81
240;20230311;5;0;-23;0;10089;84
240;20230311;6;10;-25;0;10094;87
240;20230311;7;10;-23;18;10100;90
240;20230311;8;20;18;66;10105;80
240;20230311;9;20;36;107;10111;69
240;20230311;10;20;49;151;10112;56
240;20230311;11;30;58;172;10112;60
240;20230311;12;30;68;194;10112;57
240;20230311;13;40;64;196;10113;52
240;20230311;14;50;62;135;10114;56
240;20230311;15;50;61;119;10116;59
240;20230311;16;40;59;90;10114;53
240;20230311;17;40;40;46;10115;68
240;20230311;18;30;38;2;10118;67
240;20230311;19;10;28;0;10119;72
240;20230311;20;10;10;0;10119;81
240;20230311;21;20;19;0;10118;80
240;20230311;22;10;10;0;10116;83
240;20230311;23;20;9;0;10114;84
240;20230311;24;30;20;0;10107;76
240;20230312;1;40;25;0;10102;71
240;20230312;2;40;25;0;10099;73
240;20230312;3;40;27;0;10087;73
240;20230312;4;50;32;0;10079;72
240;20230312;5;60;29;0;10070;84
240;20230312;6;60;27;0;10067;90
240;20230312;7;60;28;2;10060;98
240;20230312;8;60;35;6;10062;98
240;20230312;9;60;53;23;10063;98
240;20230312;10;60;90;44;10062;93
240;20230312;11;80;94;100;10065;90
240;20230312;12;90;100;102;10064;87
240;20230312;13;90;102;110;10060;81
240;20230312;14;100;107;123;10062;75
240;20230312;15;100;106;92;10066;73
240;20230312;16;90;104;45;10060;75
240;20230312;17;80;100;20;10059;79
240;20230312;18;90;93;3;10059;86
240;20230312;19;80;94;0;10057;86
240;20230312;20;90;99;0;10050;82
240;20230312;21;80;95;0;10043;84
240;20230312;22;60;92;0;10033;88
240;20230312;23;70;90;0;10022;93
240;20230312;24;70;92;0;10002;93
240;20230313;1;80;94;0;9986;98
240;20230313;2;100;103;0;9970;97
240;20230313;3;100;110;0;9963;97
240;20230313;4;120;123;0;9956;91
240;20230313;5;130;126;0;9951;88
240;20230313;6;130;128;0;9946;81
240;20230313;7;140;121;1;9946;92
240;20230313;8;150;128;11;9944;84
240;20230313;9;150;135;37;9938;77
240;20230313;10;170;141;130;9930;74
240;20230313;11;170;145;91;9928;67
240;20230313;12;180;146;159;9927;62
240;20230313;13;180;147;162;9921;56
240;20230313;14;190;145;173;9917;57
240;20230313;15;190;143;143;9912;57
240;20230313;16;170;137;88;9906;56
240;20230313;17;140;129;43;9902;59
240;20230313;18;130;123;6;9900;65
240;20230313;19;120;118;0;9896;68
240;20230313;20;100;117;0;9890;67
240;20230313;21;90;110;0;9883;70
240;20230313;22;70;111;0;9880;72
240;20230313;23;90;112;0;9879;74
240;20230313;24;90;106;0;9874;77
240;20230314;1;110;103;0;9873;79
240;20230314;2;100;100;0;9871;83
240;20230314;3;100;102;0;9867;82
240;20230314;4;90;100;0;9864;83
240;20230314;5;80;91;0;9865;95
240;20230314;6;80;75;0;9876;97
240;20230314;7;70;69;5;9892;93
240;20230314;8;70;53;14;9922;92
240;20230314;9;70;62;55;9946;80
240;20230314;10;80;64;66;9968;76
240;20230314;11;90;77;155;9991;63
240;20230314;12;90;73;203;10009;59
240;20230314;13;100;67;155;10022;56
240;20230314;14;100;63;149;10037;56
240;20230314;15;90;64;96;10050;54
240;20230314;16;90;59;58;10060;55
240;20230314;17;80;58;44;10070;59
240;20230314;18;70;45;7;10082;61
240;20230314;19;40;42;0;10085;68
240;20230314;20;50;45;0;10088;75
240;20230314;21;50;51;0;10091;72
240;20230314;22;60;30;0;10102;92
240;20230314;23;60;28;0;10108;93
240;20230314;24;40;26;0;10110;94
240;20230315;1;30;15;0;10115;95
240;20230315;2;30;17;0;10122;92
240;20230315;3;20;19;0;10130;91
240;20230315;4;30;24;0;10138;87
240;20230315;5;20;24;0;10151;84
240;20230315;6;30;18;0;10154;85
240;20230315;7;10;15;17;10166;89
240;20230315;8;10;41;72;10173;82
240;20230315;9;20;53;127;10178;77
240;20230315;10;30;64;175;10178;66
240;20230315;11;30;70;203;10184;50
240;20230315;12;30;79;211;10188;50
240;20230315;13;30;86;183;10184;46
240;20230315;14;40;85;161;10186;49
240;20230315;15;50;83;112;10184;48
240;20230315;16;50;78;73;10180;51
240;20230315;17;50;68;30;10183;56
240;20230315;18;40;61;3;10183;63
240;20230315;19;30;53;0;10183;71
240;20230315;20;30;51;0;10180;72
240;20230315;21;30;53;0;10179;69
240;20230315;22;40;55;0;10175;69
240;20230315;23;50;54;0;10172;69
240;20230315;24;50;52;0;10168;69
240;20230316;1;60;55;0;10161;69
240;20230316;2;60;55;0;10153;74
240;20230316;3;70;54;0;10150;79
240;20230316;4;70;54;0;10144;82
240;20230316;5;70;55;0;10139;84
240;20230316;6;80;53;0;10134;88
240;20230316;7;80;54;7;10132;89
240;20230316;8;80;60;18;10130;86
240;20230316;9;80;69;38;10128;78
240;20230316;10;90;84;95;10126;72
240;20230316;11;90;95;126;10119;67
240;20230316;12;80;106;88;10117;60
240;20230316;13;90;121;147;10107;54
240;20230316;14;90;124;101;10102;51
240;20230316;15;90;130;71;10095;49
240;20230316;16;80;136;83;10089;46
240;20230316;17;70;122;41;10085;49
240;20230316;18;60;108;5;10087;55
240;20230316;19;60;106;0;10083;56
240;20230316;20;60;97;0;10077;58
240;20230316;21;60;92;0;10076;61
240;20230316;22;60;90;0;10074;64
240;20230316;23;60;91;0;10070;64
240;20230316;24;50;83;0;10071;69
240;20230317;1;40;80;0;10067;70
240;20230317;2;50;80;0;10063;70
240;20230317;3;50;82;0;10062;70
240;20230317;4;50;81;0;10063;70
240;20230317;5;40;81;0;10064;71
240;20230317;6;40;77;0;10060;73
240;20230317;7;40;83;15;10062;72
240;20230317;8;40;95;48;10060;68
240;20230317;9;50;119;111;10064;63
240;20230317;10;50;128;153;10070;63
240;20230317;11;50;142;127;10071;63
240;20230317;12;30;144;104;10063;67
240;20230317;13;30;152;159;10067;65
240;20230317;14;40;150;92;10064;65
240;20230317;15;30;150;77;10058;66
240;20230317;16;20;144;47;10055;71
240;20230317;17;30;138;17;10059;73
240;20230317;18;20;135;2;10058;72
240;20230317;19;10;125;0;10060;80
240;20230317;20;10;131;0;10058;74
240;20230317;21;40;133;0;10064;72
240;20230317;22;50;119;0;10067;78
240;20230317;23;40;107;0;10072;83
240;20230317;24;30;89;0;10072;89
240;20230318;1;20;77;0;10074;95
240;20230318;2;20;77;0;10073;95
240;20230318;3;20;92;0;10076;93
240;20230318;4;20;93;0;10078;93
240;20230318;5;30;97;0;10081;95
240;20230318;6;30;98;0;10086;96
240;20230318;7;20;92;10;10092;97
240;20230318;8;30;113;72;10095;92
240;20230318;9;30;129;118;10096;87
240;20230318;10;40;128;135;10101;83
240;20230318;11;50;135;158;10099;78
240;20230318;12;40;134;102;10100;83
240;20230318;13;40;147;109;10098;75
240;20230318;14;50;150;172;10097;70
240;20230318;15;60;157;162;10092;67
240;20230318;16;70;146;79;10088;67
240;20230318;17;50;139;29;10087;71
240;20230318;18;50;139;4;10089;71
240;20230318;19;40;134;0;10091;73
240;20230318;20;50;118;0;10097;86
240;20230318;21;50;114;0;10097;91
240;20230318;22;50;112;0;10098;92
240;20230318;23;50;107;0;10098;94
240;20230318;24;40;106;0;10097;95
240;20230319;1;50;106;0;10101;95
240;20230319;2;40;93;0;10102;97
240;20230319;3;30;81;0;10104;96
240;20230319;4;40;85;0;10105;96
240;20230319;5;50;84;0;10109;96
240;20230319;6;30;83;0;10115;98
240;20230319;7;40;81;4;10121;98
240;20230319;8;30;83;16;10125;98
240;20230319;9;40;88;29;10132;98
240;20230319;10;40;92;43;10138;98
240;20230319;11;30;100;58;10141;93
240;20230319;12;40;103;47;10146;90
240;20230319;13;40;105;41;10149;89
240;20230319;14;40;108;54;10152;87
240;20230319;15;40;93;30;10155;94
240;20230319;16;40;94;23;10157;93
240;20230319;17;30;91;13;10167;94
240;20230319;18;40;79;2;10176;94
240;20230319;19;40;76;0;10182;97
240;20230319;20;30;77;0;10186;93
240;20230319;21;30;78;0;10189;92
240;20230319;22;40;78;0;10187;91
240;20230319;23;40;79;0;10191;89
240;20230319;24;40;79;0;10189;87
240;20230320;1;40;79;0;10191;86
240;20230320;2;40;74;0;10189;87
240;20230320;3;40;69;0;10184;87
240;20230320;4;50;71;0;10178;87
240;20230320;5;50;70;0;10176;87
240;20230320;6;50;70;0;10176;88
240;20230320;7;60;73;5;10179;88
240;20230320;8;70;76;18;10181;86
240;20230320;9;60;76;33;10181;92
240;20230320;10;70;81;56;10180;93
240;20230320;11;80;82;53;10178;96
240;20230320;12;70;84;50;10175;97
240;20230320;13;70;86;45;10172;97
240;20230320;14;70;88;37;10168;97
240;20230320;15;70;93;20;10165;96
240;20230320;16;70;94;15;10162;97
240;20230320;17;70;94;7;10163;97
240;20230320;18;60;94;1;10164;95
240;20230320;19;70;93;0;10164;97
240;20230320;20;70;92;0;10162;98
240;20230320;21;60;92;0;10161;98
240;20230320;22;60;92;0;10160;98
240;20230320;23;50;92;0;10158;98
240;20230320;24;50;91;0;10156;98
240;20230321;1;50;91;0;10151;98
240;20230321;2;40;91;0;10145;98
240;20230321;3;40;91;0;10138;98
240;20230321;4;50;90;0;10136;98
240;20230321;5;60;89;0;10134;98
240;20230321;6;40;89;0;10132;97
240;20230321;7;40;91;5;10131;95
240;20230321;8;40;90;11;10128;95
240;20230321;9;50;97;37;10123;93
240;20230321;10;60;107;70;10118;86
240;20230321;11;60;114;62;10118;84
240;20230321;12;70;120;70;10115;78
240;20230321;13;80;120;107;10108;77
240;20230321;14;80;121;53;10104;77
240;20230321;15;70;116;22;10102;82
240;20230321;16;70;117;14;10101;81
240;20230321;17;60;115;17;10100;82
240;20230321;18;80;108;12;10098;80
240;20230321;19;70;106;0;10096;80
240;20230321;20;70;96;0;10094;86
240;20230321;21;60;92;0;10090;91
240;20230321;22;60;95;0;10087;88
240;20230321;23;70;92;0;10084;86
240;20230321;24;70;93;0;10082;85
240;20230322;1;60;92;0;10075;86
240;20230322;2;50;90;0;10066;86
240;20230322;3;50;85;0;10058;88
240;20230322;4;50;87;0;10055;90
240;20230322;5;50;99;0;10049;87
240;20230322;6;80;98;1;10045;85
240;20230322;7;80;101;12;10045;83
240;20230322;8;90;104;30;10044;83
240;20230322;9;100;97;30;10043;91
240;20230322;10;110;100;30;10043;91
240;20230322;11;100;105;49;10041;89
240;20230322;12;100;108;35;10045;86
240;20230322;13;100;112;24;10043;86
240;20230322;14;90;116;34;10041;86
240;20230322;15;90;113;21;10037;91
240;20230322;16;80;110;16;10034;96
240;20230322;17;80;112;15;10030;95
240;20230322;18;80;113;2;10031;96
240;20230322;19;80;113;0;10027;95
240;20230322;20;80;112;0;10023;96
240;20230322;21;80;117;0;10014;90
240;20230322;22;100;120;0;10009;87
240;20230322;23;100;120;0;10007;86
240;20230322;24;90;124;0;10002;81
240;20230323;1;90;122;0;9998;81
240;20230323;2;90;122;0;9993;80
240;20230323;3;90;119;0;9991;85
240;20230323;4;110;117;0;9993;82
240;20230323;5;100;114;0;9999;84
240;20230323;6;110;113;1;10002;81
240;20230323;7;100;112;13;10009;82
240;20230323;8;100;111;34;10011;80
240;20230323;9;90;126;128;10015;76
240;20230323;10;110;134;163;10018;70
240;20230323;11;110;138;129;10023;68
240;20230323;12;120;138;187;10022;63
240;20230323;13;110;134;130;10023;67
240;20230323;14;120;143;160;10025;67
240;20230323;15;110;146;141;10016;62
240;20230323;16;100;144;104;10013;63
240;20230323;17;80;137;25;10013;69
240;20230323;18;50;129;4;10010;74
240;20230323;19;40;124;0;10005;86
240;20230323;20;60;120;0;9997;93
240;20230323;21;70;121;0;9990;91
240;20230323;22;70;119;0;9979;93
240;20230323;23;90;116;0;9970;92
240;20230323;24;80;118;0;9960;92
240;20230324;1;100;127;0;9950;87
240;20230324;2;110;120;0;9952;90
240;20230324;3;110;105;0;9963;84
240;20230324;4;100;97;0;9970;88
240;20230324;5;90;94;0;9978;87
240;20230324;6;100;96;1;9984;88
240;20230324;7;100;100;14;9993;86
240;20230324;8;100;108;71;9999;80
240;20230324;9;100;116;127;10005;76
240;20230324;10;110;115;146;10011;77
240;20230324;11;110;124;188;10012;72
240;20230324;12;120;126;190;10013;69
240;20230324;13;110;125;173;10010;68
240;20230324;14;130;124;178;10009;69
240;20230324;15;110;131;166;10005;66
240;20230324;16;110;128;124;10002;64
240;20230324;17;110;120;52;10001;67
240;20230324;18;110;114;17;10000;67
240;20230324;19;110;107;0;10001;71
240;20230324;20;100;103;0;9998;73
240;20230324;21;90;100;0;9997;75
240;20230324;22;110;102;0;9996;74
240;20230324;23;110;101;0;9997;75
240;20230324;24;110;94;0;9998;85
240;20230325;1;110;95;0;9995;80
240;20230325;2;110;96;0;9994;81
240;20230325;3;100;95;0;9992;81
240;20230325;4;110;92;0;9990;81
240;20230325;5;110;91;0;9991;80
240;20230325;6;110;89;1;9995;82
240;20230325;7;120;91;14;9997;81
240;20230325;8;130;93;36;10000;79
240;20230325;9;120;99;51;10004;77
240;20230325;10;130;104;86;10006;73
240;20230325;11;140;113;153;10013;71
240;20230325;12;140;110;138;10013;72
240;20230325;13;140;120;214;10014;68
240;20230325;14;140;111;163;10019;74
240;20230325;15;120;75;22;10032;89
240;20230325;16;110;82;14;10036;88
240;20230325;17;90;90;16;10042;85
240;20230325;18;80;89;6;10050;82
240;20230325;19;70;85;0;10055;85
240;20230325;20;50;86;0;10056;86
240;20230325;21;50;72;0;10058;93
240;20230325;22;30;69;0;10063;93
240;20230325;23;40;78;0;10065;92
240;20230325;24;20;71;0;10064;96
240;20230326;1;10;62;0;10060;97
240;20230326;2;20;60;0;10052;98
240;20230326;3;20;57;0;10045;98
240;20230326;4;20;54;0;10041;98
240;20230326;5;10;67;0;10034;98
240;20230326;6;20;75;1;10028;98
240;20230326;7;40;78;9;10025;95
240;20230326;8;50;79;19;10024;91
240;20230326;9;70;78;30;10026;87
240;20230326;10;70;77;54;10029;82
240;20230326;11;70;79;97;10033;76
240;20230326;12;80;87;161;10040;71
240;20230326;13;70;92;140;10046;68
240;20230326;14;70;82;180;10053;66
240;20230326;15;70;77;90;10061;62
240;20230326;16;70;72;76;10073;57
240;20230326;17;70;67;31;10086;63
240;20230326;18;60;60;11;10096;71
240;20230326;19;60;59;0;10110;62
240;20230326;20;50;55;0;10119;67
240;20230326;21;50;45;0;10129;75
240;20230326;22;30;47;0;10136;75
240;20230326;23;30;50;0;10146;72
240;20230326;24;40;37;0;10155;79
240;20230327;1;30;26;0;10164;86
240;20230327;2;30;13;0;10168;93
240;20230327;3;30;27;0;10175;82
240;20230327;4;30;22;0;10182;86
240;20230327;5;50;25;0;10188;77
240;20230327;6;40;25;3;10193;84
240;20230327;7;60;50;40;10200;68
240;20230327;8;50;50;81;10209;81
240;20230327;9;70;33;124;10218;86
240;20230327;10;60;67;194;10218;65
240;20230327;11;90;67;175;10224;60
240;20230327;12;80;65;180;10232;70
240;20230327;13;80;60;131;10234;73
240;20230327;14;90;67;209;10235;56
240;20230327;15;90;67;164;10238;59
240;20230327;16;90;67;111;10245;55
240;20230327;17;70;56;62;10249;66
240;20230327;18;60;43;16;10254;74
240;20230327;19;40;37;0;10259;80
240;20230327;20;40;23;0;10259;87
240;20230327;21;30;19;0;10260;86
240;20230327;22;30;28;0;10261;82
240;20230327;23;20;11;0;10264;85
240;20230327;24;10;13;0;10264;87
240;20230328;1;10;2;0;10264;91
240;20230328;2;20;-5;0;10261;96
240;20230328;3;20;-8;0;10259;95
240;20230328;4;20;-3;0;10258;89
240;20230328;5;10;-10;0;10257;93
240;20230328;6;30;1;8;10259;89
240;20230328;7;30;25;41;10259;89
240;20230328;8;50;52;88;10260;74
240;20230328;9;50;61;120;10258;67
240;20230328;10;60;63;109;10253;58
240;20230328;11;70;69;141;10246;59
240;20230328;12;80;65;132;10238;53
240;20230328;13;70;73;105;10229;54
240;20230328;14;80;78;92;10220;53
240;20230328;15;60;84;41;10210;56
240;20230328;16;70;78;30;10203;69
240;20230328;17;60;68;12;10197;83
240;20230328;18;40;65;4;10191;83
240;20230328;19;50;69;0;10186;81
240;20230328;20;70;65;0;10183;78
240;20230328;21;60;60;0;10177;83
240;20230328;22;60;57;0;10174;84
240;20230328;23;60;54;0;10164;86
240;20230328;24;60;56;0;10158;84
240;20230329;1;60;58;0;10149;84
240;20230329;2;50;64;0;10144;81
240;20230329;3;40;66;0;10138;82
240;20230329;4;40;70;0;10135;82
240;20230329;5;20;69;0;10132;83
240;20230329;6;30;76;2;10133;82
240;20230329;7;30;84;11;10136;84
240;20230329;8;30;92;27;10136;85
240;20230329;9;50;102;69;10136;85
240;20230329;10;50;112;83;10135;84
240;20230329;11;60;118;108;10130;83
240;20230329;12;60;114;87;10131;86
240;20230329;13;50;115;60;10123;85
240;20230329;14;60;120;75;10117;82
240;20230329;15;40;126;55;10109;81
240;20230329;16;40;132;35;10099;80
240;20230329;17;40;134;10;10091;79
240;20230329;18;50;130;6;10083;83
240;20230329;19;50;125;0;10080;85
240;20230329;20;50;126;0;10070;86
240;20230329;21;50;124;0;10057;87
240;20230329;22;50;129;0;10052;84
240;20230329;23;50;127;0;10047;83
240;20230329;24;50;134;0;10046;76
240;20230330;1;70;135;0;10039;75
240;20230330;2;90;131;0;10033;78
240;20230330;3;80;130;0;10033;81
240;20230330;4;80;130;0;10028;80
240;20230330;5;90;121;0;10026;83
240;20230330;6;90;116;4;10029;84
240;20230330;7;100;119;16;10033;81
240;20230330;8;110;125;61;10040;77
240;20230330;9;110;137;134;10043;70
240;20230330;10;120;136;192;10049;71
240;20230330;11;120;142;226;10053;71
240;20230330;12;130;141;191;10055;71
240;20230330;13;120;136;165;10057;73
240;20230330;14;120;144;172;10054;71
240;20230330;15;120;136;168;10055;74
240;20230330;16;120;135;100;10052;73
240;20230330;17;110;131;72;10050;72
240;20230330;18;100;124;21;10053;75
240;20230330;19;80;113;0;10051;81
240;20230330;20;70;108;0;10050;84
240;20230330;21;70;109;0;10046;84
240;20230330;22;70;107;0;10038;87
240;20230330;23;70;105;0;10031;87
240;20230330;24;60;103;0;10022;88
240;20230331;1;40;100;0;10009;89
240;20230331;2;40;104;0;9996;92
240;20230331;3;60;105;0;9980;94
240;20230331;4;60;102;0;9965;96
240;20230331;5;60;102;0;9948;94
240;20230331;6;70;102;1;9940;95
240;20230331;7;70;101;8;9935;95
240;20230331;8;60;108;28;9930;93
240;20230331;9;70;117;62;9925;87
240;20230331;10;80;119;74;9919;87
240;20230331;11;90;109;36;9915;91
240;20230331;12;80;115;88;9911;88
240;20230331;13;80;109;53;9905;91
240;20230331;14;90;116;59;9901;87
240;20230331;15;80;110;52;9897;90
240;20230331;16;70;105;23;9893;96
240;20230331;17;70;105;20;9889;94
240;20230331;18;60;101;5;9887;97
240;20230331;19;70;101;0;9886;95
240;20230331;20;60;100;0;9884;98
240;20230331;21;50;100;0;9884;97
240;20230331;22;50;97;0;9888;98
240;20230331;23;50;93;0;9892;98
240;20230331;24;50;89;0;9895;98
240;20230401;1;50;88;0;9898;98
240;20230401;2;50;91;0;9904;98
240;20230401;3;40;96;0;9913;98
240;20230401;4;50;98;0;9924;97
240;20230401;5;50;94;0;9934;98
240;20230401;6;60;93;2;9943;98
240;20230401;7;60;92;15;9952;98
240;20230401;8;50;94;27;9961;98
240;20230401;9;50;101;51;9969;97
240;20230401;10;50;104;52;9976;95
240;20230401;11;40;114;83;9981;95
240;20230401;12;40;110;65;9988;93
240;20230401;13;40;118;75;9996;89
240;20230401;14;50;109;72;10005;91
240;20230401;15;50;103;37;10016;93
240;20230401;16;50;100;15;10028;92
240;20230401;17;50;97;7;10039;91
240;20230401;18;60;90;2;10053;93
240;20230401;19;70;84;0;10068;91
240;20230401;20;70;81;0;10081;89
240;20230401;21;70;74;0;10095;88
240;20230401;22;70;72;0;10107;89
240;20230401;23;70;69;0;10117;87
240;20230401;24;70;64;0;10126;87
240;20230402;1;70;63;0;10136;85
240;20230402;2;70;58;0;10145;86
240;20230402;3;70;53;0;10156;85
240;20230402;4;70;48;0;10168;87
240;20230402;5;70;42;0;10181;84
240;20230402;6;70;33;3;10194;83
240;20230402;7;70;29;15;10208;82
240;20230402;8;80;29;43;10218;80
240;20230402;9;80;41;157;10229;73
240;20230402;10;90;54;217;10236;70
240;20230402;11;90;65;254;10242;64
240;20230402;12;90;75;268;10249;65
240;20230402;13;80;85;263;10252;63
240;20230402;14;80;87;238;10257;57
240;20230402;15;70;97;199;10260;59
240;20230402;16;70;94;145;10264;59
240;20230402;17;70;87;86;10269;62
240;20230402;18;60;81;29;10278;64
240;20230402;19;50;71;1;10288;72
240;20230402;20;50;64;0;10295;73
240;20230402;21;50;60;0;10302;74
240;20230402;22;50;60;0;10305;67
240;20230402;23;50;48;0;10305;70
240;20230402;24;40;46;0;10308;66
240;20230403;1;50;37;0;10311;71
240;20230403;2;50;35;0;10311;75
240;20230403;3;40;24;0;10315;80
240;20230403;4;40;22;0;10316;82
240;20230403;5;40;15;0;10319;85
240;20230403;6;30;27;10;10322;80
240;20230403;7;40;41;60;10326;74
240;20230403;8;50;53;124;10331;67
240;20230403;9;60;68;181;10334;52
240;20230403;10;60;76;228;10329;49
240;20230403;11;70;85;256;10327;39
240;20230403;12;70;93;265;10320;39
240;20230403;13;70;98;266;10315;38
240;20230403;14;60;100;240;10311;39
240;20230403;15;60;96;201;10307;40
240;20230403;16;70;92;148;10306;43
240;20230403;17;60;83;87;10306;41
240;20230403;18;60;72;29;10307;49
240;20230403;19;50;59;1;10309;54
240;20230403;20;30;53;0;10310;55
240;20230403;21;20;53;0;10311;57
240;20230403;22;20;39;0;10309;62
240;20230403;23;40;26;0;10307;72
240;20230403;24;30;23;0;10306;72
240;20230404;1;30;23;0;10303;73
240;20230404;2;30;10;0;10303;78
240;20230404;3;30;9;0;10302;81
240;20230404;4;20;8;0;10302;82
240;20230404;5;20;12;0;10301;80
240;20230404;6;10;15;8;10303;81
240;20230404;7;10;48;65;10304;67
240;20230404;8;10;72;114;10303;46
240;20230404;9;10;72;156;10301;47
240;20230404;10;20;86;216;10300;47
240;20230404;11;30;91;252;10296;47
240;20230404;12;30;91;266;10292;41
240;20230404;13;20;92;262;10285;39
240;20230404;14;30;92;229;10279;42
240;20230404;15;30;92;168;10274;39
240;20230404;16;30;89;89;10270;45
240;20230404;17;30;89;81;10266;46
240;20230404;18;30;74;42;10264;47
240;20230404;19;30;55;1;10267;57
240;20230404;20;30;55;0;10265;67
240;20230404;21;30;46;0;10263;74
240;20230404;22;30;47;0;10260;76
240;20230404;23;30;37;0;10258;77
240;20230404;24;20;40;0;10256;74
240;20230405;1;20;28;0;10251;83
240;20230405;2;10;25;0;10247;84
240;20230405;3;20;25;0;10242;82
240;20230405;4;10;20;0;10240;84
240;20230405;5;20;15;0;10239;81
240;20230405;6;20;11;13;10239;85
240;20230405;7;0;50;60;10238;73
240;20230405;8;20;62;120;10237;59
240;20230405;9;20;80;177;10234;50
240;20230405;10;10;98;224;10232;47
240;20230405;11;20;99;247;10227;43
240;20230405;12;30;102;247;10223;41
240;20230405;13;20;106;245;10218;41
240;20230405;14;20;109;228;10211;39
240;20230405;15;20;113;173;10205;43
240;20230405;16;20;110;130;10200;41
240;20230405;17;30;91;70;10198;57
240;20230405;18;40;68;18;10199;66
240;20230405;19;20;67;0;10200;63
240;20230405;20;10;61;0;10198;65
240;20230405;21;10;56;0;10192;69
240;20230405;22;10;42;0;10188;79
240;20230405;23;10;24;0;10184;84
240;20230405;24;40;51;0;10180;72
240;20230406;1;40;50;0;10174;68
240;20230406;2;40;50;0;10166;64
240;20230406;3;40;51;0;10160;63
240;20230406;4;40;50;0;10155;66
240;20230406;5;40;52;0;10153;66
240;20230406;6;30;55;7;10153;70
240;20230406;7;40;64;23;10152;70
240;20230406;8;40;76;45;10149;69
240;20230406;9;50;83;63;10148;73
240;20230406;10;60;85;69;10148;84
240;20230406;11;70;82;75;10144;85
240;20230406;12;80;80;72;10138;92
240;20230406;13;80;80;59;10136;92
240;20230406;14;70;80;36;10131;94
240;20230406;15;80;79;26;10128;96
240;20230406;16;70;79;19;10125;97
240;20230406;17;70;82;25;10123;97
240;20230406;18;60;83;6;10126;98
240;20230406;19;40;86;0;10130;98
240;20230406;20;30;92;0;10133;95
240;20230406;21;40;87;0;10138;97
240;20230406;22;50;83;0;10140;96
240;20230406;23;50;80;0;10144;96
240;20230406;24;40;82;0;10144;96
240;20230407;1;40;82;0;10146;93
240;20230407;2;40;82;0;10147;94
240;20230407;3;50;82;0;10148;92
240;20230407;4;50;81;0;10149;91
240;20230407;5;50;81;0;10152;91
240;20230407;6;40;82;2;10156;91
240;20230407;7;50;81;9;10162;85
240;20230407;8;50;84;21;10167;85
240;20230407;9;50;87;25;10172;86
240;20230407;10;50;91;45;10174;80
240;20230407;11;50;92;62;10178;83
240;20230407;12;50;89;43;10182;89
240;20230407;13;50;94;63;10186;87
240;20230407;14;50;87;29;10188;91
240;20230407;15;40;89;21;10191;87
240;20230407;16;40;93;25;10193;87
240;20230407;17;40;90;31;10198;90
240;20230407;18;30;88;7;10204;91
240;20230407;19;30;86;1;10212;93
240;20230407;20;30;84;0;10216;95
240;20230407;21;20;83;0;10219;96
240;20230407;22;20;84;0;10222;95
240;20230407;23;20;82;0;10226;95
240;20230407;24;20;76;0;10228;96
240;20230408;1;10;66;0;10228;99
240;20230408;2;10;40;0;10231;99
240;20230408;3;10;52;0;10234;99
240;20230408;4;10;60;0;10236;99
240;20230408;5;10;31;0;10241;99
240;20230408;6;10;31;12;10246;99
240;20230408;7;10;64;67;10253;93
240;20230408;8;20;81;118;10257;75
240;20230408;9;30;98;179;10260;72
240;20230408;10;30;109;222;10262;70
240;20230408;11;40;111;249;10262;60
240;20230408;12;40;124;264;10262;55
240;20230408;13;50;125;260;10262;57
240;20230408;14;40;123;191;10259;58
240;20230408;15;40;116;131;10258;64
240;20230408;16;40;118;124;10258;50
240;20230408;17;30;111;71;10258;66
240;20230408;18;30;91;20;10257;78
240;20230408;19;20;92;1;10263;85
240;20230408;20;30;84;0;10266;90
240;20230408;21;30;86;0;10265;93
240;20230408;22;50;89;0;10265;91
240;20230408;23;50;88;0;10264;89
240;20230408;24;40;84;0;10261;91
240;20230409;1;30;84;0;10258;90
240;20230409;2;30;85;0;10258;90
240;20230409;3;40;85;0;10254;89
240;20230409;4;30;85;0;10251;88
240;20230409;5;20;86;0;10251;87
240;20230409;6;20;87;2;10253;86
240;20230409;7;20;88;6;10254;88
240;20230409;8;20;91;14;10254;84
240;20230409;9;30;91;25;10255;84
240;20230409;10;20;98;50;10252;80
240;20230409;11;30;114;118;10246;73
240;20230409;12;40;138;234;10240;67
240;20230409;13;30;131;123;10240;67
240;20230409;14;30;139;108;10234;59
240;20230409;15;40;148;154;10225;58
240;20230409;16;40;146;129;10222;54
240;20230409;17;40;140;80;10220;56
240;20230409;18;40;124;30;10218;62
240;20230409;19;30;109;1;10218;67
240;20230409;20;40;105;0;10217;68
240;20230409;21;40;101;0;10215;68
240;20230409;22;40;101;0;10213;67
240;20230409;23;40;99;0;10208;68
240;20230409;24;40;95;0;10203;69
240;20230410;1;50;90;0;10196;71
240;20230410;2;50;87;0;10189;73
240;20230410;3;50;82;0;10189;77
240;20230410;4;50;86;0;10182;75
240;20230410;5;50;85;0;10178;74
240;20230410;6;40;87;7;10176;73
240;20230410;7;60;93;26;10167;69
240;20230410;8;60;103;62;10161;67
240;20230410;9;60;109;58;10152;66
240;20230410;10;70;118;99;10143;65
240;20230410;11;80;128;112;10131;64
240;20230410;12;90;140;129;10119;60
240;20230410;13;80;134;37;10111;71
240;20230410;14;80;123;32;10102;82
240;20230410;15;90;115;20;10093;91
240;20230410;16;90;114;14;10089;94
240;20230410;17;90;116;14;10084;90
240;20230410;18;90;117;14;10076;87
240;20230410;19;90;112;4;10075;83
240;20230410;20;80;106;0;10074;86
240;20230410;21;70;106;0;10067;87
240;20230410;22;90;97;0;10070;77
240;20230410;23;80;81;0;10071;82
240;20230410;24;70;88;0;10072;84
240;20230411;1;80;88;0;10073;77
240;20230411;2;90;84;0;10077;80
240;20230411;3;90;85;0;10082;79
240;20230411;4;90;80;0;10085;77
240;20230411;5;100;75;0;10091;77
240;20230411;6;90;84;17;10100;78
240;20230411;7;90;90;65;10104;73
240;20230411;8;110;92;102;10111;69
240;20230411;9;120;103;158;10119;64
240;20230411;10;120;101;192;10122;61
240;20230411;11;110;108;268;10125;59
240;20230411;12;100;114;281;10128;56
240;20230411;13;100;119;277;10129;55
240;20230411;14;90;116;253;10128;53
240;20230411;15;80;122;207;10123;51
240;20230411;16;80;123;151;10117;49
240;20230411;17;70;114;84;10110;52
240;20230411;18;50;104;19;10102;61
240;20230411;19;40;102;1;10095;71
240;20230411;20;30;99;0;10086;72
240;20230411;21;50;101;0;10073;74
240;20230411;22;60;91;0;10066;83
240;20230411;23;70;83;0;10052;93
240;20230411;24;70;83;0;10037;93
240;20230412;1;80;82;0;10017;94
240;20230412;2;90;81;0;10000;92
240;20230412;3;90;80;0;9986;94
240;20230412;4;80;82;0;9976;95
240;20230412;5;80;82;0;9972;97
240;20230412;6;60;89;4;9971;95
240;20230412;7;50;94;16;9971;87
240;20230412;8;60;103;86;9968;78
240;20230412;9;60;106;158;9969;70
240;20230412;10;60;107;149;9969;62
240;20230412;11;70;119;244;9968;61
240;20230412;12;70;118;241;9970;62
240;20230412;13;80;105;102;9972;52
240;20230412;14;70;105;134;9970;63
240;20230412;15;90;115;175;9968;51
240;20230412;16;100;104;138;9968;58
240;20230412;17;100;105;72;9963;57
240;20230412;18;80;99;21;9958;56
240;20230412;19;60;88;1;9958;60
240;20230412;20;60;86;0;9951;62
240;20230412;21;70;87;0;9938;65
240;20230412;22;100;79;0;9928;70
240;20230412;23;100;62;0;9924;92
240;20230412;24;90;69;0;9919;89
240;20230413;1;90;68;0;9920;90
240;20230413;2;50;64;0;9928;92
240;20230413;3;50;54;0;9934;93
240;20230413;4;50;72;0;9942;83
240;20230413;5;70;69;0;9949;81
240;20230413;6;70;76;7;9956;85
240;20230413;7;90;82;31;9964;82
240;20230413;8;100;86;76;9975;80
240;20230413;9;110;89;49;9988;73
240;20230413;10;120;98;171;9997;70
240;20230413;11;120;101;159;10011;67
240;20230413;12;110;104;195;10020;67
240;20230413;13;100;100;125;10029;64
240;20230413;14;100;102;117;10035;63
240;20230413;15;100;106;154;10041;61
240;20230413;16;90;117;146;10044;54
240;20230413;17;90;112;98;10048;52
240;20230413;18;80;100;41;10054;61
240;20230413;19;50;85;4;10062;71
240;20230413;20;40;65;0;10069;82
240;20230413;21;40;65;0;10075;78
240;20230413;22;40;58;0;10077;83
240;20230413;23;30;45;0;10077;85
240;20230413;24;30;44;0;10080;88
240;20230414;1;30;49;0;10079;87
240;20230414;2;40;48;0;10081;88
240;20230414;3;30;35;0;10084;92
240;20230414;4;30;39;0;10086;91
240;20230414;5;30;36;1;10089;92
240;20230414;6;50;46;24;10091;89
240;20230414;7;40;70;78;10090;82
240;20230414;8;50;93;141;10088;76
240;20230414;9;50;106;195;10087;66
240;20230414;10;60;119;233;10085;61
240;20230414;11;60;122;225;10081;58
240;20230414;12;60;134;200;10081;52
240;20230414;13;60;135;235;10078;54
240;20230414;14;50;140;231;10073;46
240;20230414;15;50;137;159;10070;49
240;20230414;16;30;142;87;10069;47
240;20230414;17;40;139;75;10070;47
240;20230414;18;30;106;21;10074;68
240;20230414;19;30;112;1;10081;62
240;20230414;20;30;101;0;10080;71
240;20230414;21;20;80;0;10080;81
240;20230414;22;30;86;0;10081;69
240;20230414;23;40;89;0;10084;68
240;20230414;24;40;84;0;10087;70
240;20230415;1;50;88;0;10088;68
240;20230415;2;40;76;0;10089;74
240;20230415;3;40;65;0;10095;83
240;20230415;4;40;67;0;10099;85
240;20230415;5;40;69;0;10105;86
240;20230415;6;50;80;22;10116;82
240;20230415;7;50;95;79;10127;78
240;20230415;8;60;107;142;10136;70
240;20230415;9;70;111;198;10146;68
240;20230415;10;70;125;248;10154;66
240;20230415;11;70;115;221;10159;64
240;20230415;12;70;122;236;10166;63
240;20230415;13;70;128;225;10172;62
240;20230415;14;70;116;197;10180;65
240;20230415;15;80;115;177;10186;69
240;20230415;16;70;102;116;10193;73
240;20230415;17;70;90;65;10201;75
240;20230415;18;70;85;25;10206;77
240;20230415;19;70;79;3;10214;78
240;20230415;20;70;78;0;10218;78
240;20230415;21;60;81;0;10218;80
240;20230415;22;50;82;0;10222;82
240;20230415;23;60;81;0;10225;88
240;20230415;24;50;76;0;10229;96
240;20230416;1;50;76;0;10227;96
240;20230416;2;50;78;0;10229;95
240;20230416;3;50;79;0;10231;94
240;20230416;4;60;78;0;10232;94
240;20230416;5;60;78;0;10234;95
240;20230416;6;50;80;1;10238;94
240;20230416;7;50;81;5;10242;94
240;20230416;8;50;84;14;10245;93
240;20230416;9;50;87;29;10250;93
240;20230416;10;50;89;37;10254;92
240;20230416;11;40;90;32;10257;92
240;20230416;12;30;95;36;10257;91
240;20230416;13;40;102;62;10258;89
240;20230416;14;40;103;59;10257;87
240;20230416;15;40;101;35;10258;87
240;20230416;16;30;101;37;10257;85
240;20230416;17;30;98;14;10259;88
240;20230416;18;40;92;11;10260;89
240;20230416;19;40;86;2;10267;93
240;20230416;20;30;85;0;10269;93
240;20230416;21;40;82;0;10267;93
240;20230416;22;30;77;0;10267;96
240;20230416;23;30;75;0;10266;98
240;20230416;24;30;74;0;10268;98
240;20230417;1;30;72;0;10268;98
240;20230417;2;30;73;0;10267;98
240;20230417;3;30;74;0;10267;98
240;20230417;4;30;77;0;10268;94
240;20230417;5;30;78;0;10271;93
240;20230417;6;30;79;10;10274;94
240;20230417;7;40;79;27;10280;94
240;20230417;8;40;80;34;10282;94
240;20230417;9;40;88;73;10283;89
240;20230417;10;50;99;150;10287;84
240;20230417;11;50;102;208;10285;82
240;20230417;12;40;121;261;10283;75
240;20230417;13;50;135;271;10284;70
240;20230417;14;50;142;246;10280;63
240;20230417;15;50;142;199;10276;65
240;20230417;16;50;144;125;10274;68
240;20230417;17;50;136;82;10274;73
240;20230417;18;50;123;37;10275;79
240;20230417;19;40;106;6;10277;84
240;20230417;20;50;91;0;10280;84
240;20230417;21;50;85;0;10280;85
240;20230417;22;40;81;0;10279;87
240;20230417;23;40;83;0;10278;87
240;20230417;24;40;86;0;10280;81
240;20230418;1;60;82;0;10279;64
240;20230418;2;70;78;0;10276;63
240;20230418;3;50;70;0;10275;68
240;20230418;4;50;68;0;10276;70
240;20230418;5;60;69;1;10278;75
240;20230418;6;70;71;8;10282;78
240;20230418;7;70;73;20;10284;79
240;20230418;8;70;80;78;10284;77
240;20230418;9;80;93;165;10284;73
240;20230418;10;80;100;123;10283;72
240;20230418;11;80;101;135;10279;69
240;20230418;12;70;123;126;10276;65
240;20230418;13;80;118;123;10275;65
240;20230418;14;70;123;99;10274;67
240;20230418;15;70;129;109;10271;64
240;20230418;16;60;139;115;10268;58
240;20230418;17;60;133;60;10267;61
240;20230418;18;50;131;33;10268;62
240;20230418;19;50;120;4;10271;66
240;20230418;20;70;110;0;10276;69
240;20230418;21;70;103;0;10279;69
240;20230418;22;60;97;0;10280;72
240;20230418;23;50;89;0;10282;76
240;20230418;24;50;87;0;10281;77
240;20230419;1;50;85;0;10279;80
240;20230419;2;50;85;0;10277;82
240;20230419;3;60;90;0;10279;81
240;20230419;4;60;90;0;10277;80
240;20230419;5;60;83;1;10278;80
240;20230419;6;60;88;28;10279;72
240;20230419;7;70;93;82;10282;62
240;20230419;8;80;98;149;10281;57
240;20230419;9;80;115;202;10280;50
240;20230419;10;80;116;250;10278;45
240;20230419;11;90;128;282;10275;45
240;20230419;12;100;133;293;10270;39
240;20230419;13;100;140;288;10266;39
240;20230419;14;100;140;263;10259;37
240;20230419;15;90;138;216;10250;41
240;20230419;16;90;133;169;10246;55
240;20230419;17;100;122;110;10246;56
240;20230419;18;90;111;51;10244;60
240;20230419;19;80;102;8;10247;61
240;20230419;20;80;99;0;10248;62
240;20230419;21;80;98;0;10252;56
240;20230419;22;80;87;0;10253;45
240;20230419;23;70;89;0;10252;42
240;20230419;24;60;81;0;10249;53
240;20230420;1;40;70;0;10241;62
240;20230420;2;30;69;0;10233;69
240;20230420;3;40;73;0;10225;70
240;20230420;4;40;81;0;10217;71
240;20230420;5;50;84;1;10212;73
240;20230420;6;60;90;6;10209;64
240;20230420;7;80;84;26;10207;70
240;20230420;8;90;71;36;10206;75
240;20230420;9;70;64;34;10202;86
240;20230420;10;80;71;65;10200;83
240;20230420;11;80;80;154;10198;78
240;20230420;12;80;92;255;10191;70
240;20230420;13;80;98;167;10188;69
240;20230420;14;80;99;113;10183;66
240;20230420;15;80;107;129;10179;66
240;20230420;16;70;118;112;10176;57
240;20230420;17;70;115;83;10176;59
240;20230420;18;70;108;32;10176;54
240;20230420;19;60;104;9;10179;62
240;20230420;20;70;97;0;10180;72
240;20230420;21;60;91;0;10178;78
240;20230420;22;40;88;0;10177;80
240;20230420;23;50;90;0;10175;82
240;20230420;24;50;86;0;10162;85
240;20230421;1;40;84;0;10157;89
240;20230421;2;40;80;0;10152;95
240;20230421;3;30;78;0;10150;97
240;20230421;4;30;78;0;10145;98
240;20230421;5;40;82;0;10144;96
240;20230421;6;50;88;11;10145;95
240;20230421;7;50;93;31;10145;94
240;20230421;8;40;105;77;10146;90
240;20230421;9;50;113;93;10145;82
240;20230421;10;50;121;143;10142;81
240;20230421;11;50;127;170;10140;79
240;20230421;12;50;132;131;10134;75
240;20230421;13;60;138;212;10126;73
240;20230421;14;50;146;144;10118;71
240;20230421;15;50;152;135;10110;69
240;20230421;16;30;155;52;10099;68
240;20230421;17;20;153;53;10091;74
240;20230421;18;30;138;40;10084;79
240;20230421;19;40;131;11;10086;81
240;20230421;20;40;95;0;10084;87
240;20230421;21;30;85;0;10081;94
240;20230421;22;40;102;0;10088;87
240;20230421;23;30;88;0;10081;92
240;20230421;24;30;75;0;10081;96
240;20230422;1;20;58;0;10082;98
240;20230422;2;20;61;0;10082;98
240;20230422;3;30;49;0;10079;98
240;20230422;4;10;55;0;10074;98
240;20230422;5;10;62;2;10072;99
240;20230422;6;10;71;17;10074;98
240;20230422;7;10;86;37;10067;96
240;20230422;8;10;107;110;10067;86
240;20230422;9;10;127;191;10063;75
240;20230422;10;10;140;217;10055;68
240;20230422;11;20;140;83;10061;69
240;20230422;12;40;113;41;10064;81
240;20230422;13;40;97;25;10058;92
240;20230422;14;20;100;30;10063;90
240;20230422;15;30;100;17;10067;94
240;20230422;16;40;91;30;10067;92
240;20230422;17;30;100;52;10069;88
240;20230422;18;20;98;42;10068;84
240;20230422;19;30;90;13;10073;84
240;20230422;20;30;76;0;10077;92
240;20230422;21;20;69;0;10074;96
240;20230422;22;20;67;0;10072;98
240;20230422;23;30;78;0;10075;96
240;20230422;24;30;76;0;10069;96
240;20230423;1;30;76;0;10064;98
240;20230423;2;30;81;0;10059;97
240;20230423;3;30;85;0;10057;94
240;20230423;4;40;83;0;10054;94
240;20230423;5;40;88;2;10054;94
240;20230423;6;40;92;22;10053;94
240;20230423;7;50;115;93;10050;86
240;20230423;8;60;128;145;10049;80
240;20230423;9;50;144;207;10046;75
240;20230423;10;60;148;211;10044;72
240;20230423;11;70;150;190;10038;69
240;20230423;12;70;157;141;10031;66
240;20230423;13;70;163;141;10024;64
240;20230423;14;70;124;57;10024;87
240;20230423;15;40;124;32;10016;88
240;20230423;16;40;120;28;10013;92
240;20230423;17;40;115;18;10005;90
240;20230423;18;40;110;10;9992;94
240;20230423;19;40;107;1;9984;94
240;20230423;20;50;108;0;9980;93
240;20230423;21;40;108;0;9974;95
240;20230423;22;40;106;0;9971;92
240;20230423;23;30;104;0;9969;94
240;20230423;24;30;95;0;9976;98
240;20230424;1;50;95;0;9981;98
240;20230424;2;50;91;0;9984;94
240;20230424;3;50;90;0;9985;91
240;20230424;4;30;84;0;9987;93
240;20230424;5;30;85;0;9994;97
240;20230424;6;80;85;3;10010;94
240;20230424;7;90;86;8;10024;91
240;20230424;8;90;86;20;10037;80
240;20230424;9;90;89;40;10047;77
240;20230424;10;80;91;86;10054;76
240;20230424;11;90;93;130;10061;77
240;20230424;12;100;92;174;10067;73
240;20230424;13;100;95;106;10075;71
240;20230424;14;110;88;157;10080;77
240;20230424;15;100;103;171;10081;69
240;20230424;16;100;93;129;10084;70
240;20230424;17;100;89;83;10086;73
240;20230424;18;80;84;35;10090;79
240;20230424;19;70;76;5;10095;90
240;20230424;20;70;76;0;10101;89
240;20230424;21;70;69;0;10106;90
240;20230424;22;40;62;0;10105;91
240;20230424;23;20;61;0;10107;86
240;20230424;24;40;50;0;10110;86
240;20230425;1;30;51;0;10111;84
240;20230425;2;30;54;0;10114;82
240;20230425;3;30;51;0;10116;82
240;20230425;4;40;49;0;10122;84
240;20230425;5;20;53;1;10124;81
240;20230425;6;30;69;40;10131;76
240;20230425;7;40;59;44;10138;71
240;20230425;8;50;75;127;10142;66
240;20230425;9;70;74;159;10153;65
240;20230425;10;60;84;197;10158;59
240;20230425;11;70;83;208;10163;66
240;20230425;12;70;88;199;10165;58
240;20230425;13;70;97;264;10170;59
240;20230425;14;70;85;170;10173;56
240;20230425;15;80;73;162;10176;68
240;20230425;16;70;87;146;10177;54
240;20230425;17;70;71;81;10184;67
240;20230425;18;50;70;43;10185;63
240;20230425;19;40;55;9;10189;81
240;20230425;20;20;49;0;10190;81
240;20230425;21;10;52;0;10191;79
240;20230425;22;20;38;0;10192;80
240;20230425;23;30;49;0;10195;77
240;20230425;24;20;42;0;10194;85
240;20230426;1;10;27;0;10193;87
240;20230426;2;10;27;0;10192;88
240;20230426;3;10;16;0;10191;90
240;20230426;4;20;36;0;10190;82
240;20230426;5;20;42;6;10190;82
240;20230426;6;20;57;28;10192;79
240;20230426;7;20;58;24;10196;75
240;20230426;8;10;66;54;10199;73
240;20230426;9;30;75;78;10198;70
240;20230426;10;10;77;84;10198;65
240;20230426;11;20;83;115;10197;58
240;20230426;12;30;89;186;10194;55
240;20230426;13;30;99;150;10196;50
240;20230426;14;40;100;176;10196;53
240;20230426;15;40;93;157;10196;54
240;20230426;16;50;90;110;10197;58
240;20230426;17;50;85;71;10197;60
240;20230426;18;50;76;36;10201;64
240;20230426;19;40;68;11;10203;66
240;20230426;20;20;57;0;10206;70
240;20230426;21;20;47;0;10207;79
240;20230426;22;10;44;0;10207;82
240;20230426;23;10;38;0;10209;87
240;20230426;24;10;23;0;10213;89
240;20230427;1;10;24;0;10211;92
240;20230427;2;10;9;0;10208;96
240;20230427;3;20;26;0;10207;94
240;20230427;4;20;12;0;10209;89
240;20230427;5;10;24;5;10212;88
240;20230427;6;10;45;46;10212;82
240;20230427;7;30;65;96;10213;72
240;20230427;8;30;83;152;10214;64
240;20230427;9;30;91;184;10213;58
240;20230427;10;30;101;231;10212;48
240;20230427;11;30;111;238;10209;49
240;20230427;12;30;120;293;10205;45
240;20230427;13;30;122;252;10200;49
240;20230427;14;30;123;179;10195;48
240;20230427;15;30;127;153;10189;46
240;20230427;16;40;123;145;10183;48
240;20230427;17;40;114;74;10177;53
240;20230427;18;40;105;35;10174;60
240;20230427;19;30;104;6;10171;61
240;20230427;20;40;107;0;10170;49
240;20230427;21;40;101;0;10162;51
240;20230427;22;50;102;0;10154;52
240;20230427;23;50;98;0;10148;54
240;20230427;24;50;95;0;10141;56
240;20230428;1;50;92;0;10131;58
240;20230428;2;50;92;0;10125;57
240;20230428;3;50;88;0;10118;60
240;20230428;4;60;86;0;10108;64
240;20230428;5;40;85;1;10109;67
240;20230428;6;50;78;11;10105;82
240;20230428;7;30;84;22;10100;84
240;20230428;8;30;93;30;10100;84
240;20230428;9;40;100;41;10098;92
240;20230428;10;40;110;87;10095;98
240;20230428;11;40;121;50;10095;97
240;20230428;12;50;126;63;10095;96
240;20230428;13;70;123;54;10098;97
240;20230428;14;70;127;76;10099;94
240;20230428;15;70;123;56;10101;96
240;20230428;16;70;117;30;10105;96
240;20230428;17;60;114;16;10110;94
240;20230428;18;50;108;16;10113;94
240;20230428;19;50;100;4;10120;95
240;20230428;20;50;97;0;10129;93
240;20230428;21;60;91;0;10138;92
240;20230428;22;60;89;0;10142;92
240;20230428;23;50;90;0;10146;90
240;20230428;24;40;91;0;10152;91
240;20230429;1;40;91;0;10157;89
240;20230429;2;40;91;0;10160;86
240;20230429;3;40;93;0;10166;85
240;20230429;4;40;92;0;10171;90
240;20230429;5;40;92;2;10179;88
240;20230429;6;40;94;33;10184;87
240;20230429;7;40;105;102;10192;78
240;20230429;8;40;116;162;10198;71
240;20230429;9;40;125;210;10203;68
240;20230429;10;40;132;261;10206;63
240;20230429;11;40;139;295;10206;60
240;20230429;12;30;150;289;10208;54
240;20230429;13;30;153;266;10209;56
240;20230429;14;30;148;238;10211;56
240;20230429;15;30;154;168;10214;52
240;20230429;16;50;144;177;10218;49
240;20230429;17;60;134;122;10221;52
240;20230429;18;50;125;65;10222;49
240;20230429;19;40;111;15;10226;68
240;20230429;20;30;99;0;10230;76
240;20230429;21;30;89;0;10234;83
240;20230429;22;30;82;0;10237;85
240;20230429;23;20;76;0;10236;88
240;20230429;24;20;70;0;10239;92
240;20230430;1;10;72;0;10240;97
240;20230430;2;10;65;0;10242;96
240;20230430;3;20;62;0;10239;95
240;20230430;4;20;57;0;10237;96
240;20230430;5;20;64;8;10239;95
240;20230430;6;20;88;52;10242;87
240;20230430;7;30;101;106;10244;80
240;20230430;8;30;111;164;10244;74
240;20230430;9;30;125;220;10244;70
240;20230430;10;30;138;262;10239;65
240;20230430;11;20;148;288;10236;64
240;20230430;12;20;158;297;10229;58
240;20230430;13;20;165;277;10223;58
240;20230430;14;20;165;250;10219;56
240;20230430;15;30;173;222;10213;56
240;20230430;16;40;167;175;10208;56
240;20230430;17;40;161;112;10203;59
240;20230430;18;40;146;51;10200;66
240;20230430;19;30;129;11;10197;74
240;20230430;20;30;122;0;10197;79
240;20230430;21;20;116;0;10195;82
240;20230430;22;20;109;0;10191;85
240;20230430;23;20;91;0;10187;88
240;20230430;24;30;101;0;10184;77
240;20230501;1;30;95;0;10178;77
240;20230501;2;30;88;0;10168;80
240;20230501;3;30;87;0;10162;79
240;20230501;4;10;86;0;10157;80
240;20230501;5;10;91;5;10155;75
240;20230501;6;20;105;22;10154;74
240;20230501;7;20;114;37;10153;69
240;20230501;8;10;129;67;10152;66
240;20230501;9;10;141;82;10153;60
240;20230501;10;20;148;167;10157;61
240;20230501;11;30;129;90;10160;69
240;20230501;12;40;124;47;10159;82
240;20230501;13;30;149;192;10159;78
240;20230501;14;30;154;178;10159;67
240;20230501;15;40;154;207;10160;66
240;20230501;16;60;144;147;10164;71
240;20230501;17;50;137;117;10168;73
240;20230501;18;50;121;59;10173;82
240;20230501;19;50;111;9;10178;91
240;20230501;20;50;106;0;10186;91
240;20230501;21;40;99;0;10190;92
240;20230501;22;30;98;0;10194;94
240;20230501;23;40;103;0;10202;93
240;20230501;24;60;103;0;10204;92
240;20230502;1;60;98;0;10211;87
240;20230502;2;50;91;0;10215;83
240;20230502;3;50;89;0;10222;76
240;20230502;4;40;87;0;10228;78
240;20230502;5;40;86;4;10237;76
240;20230502;6;40;87;17;10246;72
240;20230502;7;50;87;59;10255;70
240;20230502;8;50;90;88;10260;64
240;20230502;9;50;99;153;10266;56
240;20230502;10;50;95;185;10271;55
240;20230502;11;40;108;262;10274;52
240;20230502;12;40;116;320;10276;54
240;20230502;13;40;109;246;10280;51
240;20230502;14;50;120;244;10283;53
240;20230502;15;40;109;180;10283;56
240;20230502;16;40;105;95;10285;57
240;20230502;17;50;102;84;10285;60
240;20230502;18;50;94;58;10289;59
240;20230502;19;40;84;17;10291;61
240;20230502;20;30;73;0;10295;71
240;20230502;21;30;68;0;10298;73
240;20230502;22;30;63;0;10294;74
240;20230502;23;20;60;0;10296;76
240;20230502;24;10;61;0;10299;75
240;20230503;1;10;40;0;10300;89
240;20230503;2;10;47;0;10295;89
240;20230503;3;20;47;0;10296;80
240;20230503;4;20;45;0;10298;79
240;20230503;5;10;55;6;10301;81
240;20230503;6;30;77;59;10301;68
240;20230503;7;40;89;113;10299;64
240;20230503;8;50;94;179;10295;61
240;20230503;9;50;102;238;10298;61
240;20230503;10;50;111;264;10297;61
240;20230503;11;50;111;292;10294;57
240;20230503;12;40;120;297;10289;57
240;20230503;13;50;125;289;10283;59
240;20230503;14;50;130;276;10274;55
240;20230503;15;60;131;229;10267;53
240;20230503;16;60;133;185;10263;53
240;20230503;17;60;124;101;10259;59
240;20230503;18;50;117;32;10258;65
240;20230503;19;60;110;11;10257;71
240;20230503;20;50;111;0;10256;72
240;20230503;21;60;107;0;10254;68
240;20230503;22;70;96;0;10249;73
240;20230503;23;70;92;0;10247;71
240;20230503;24;60;85;0;10242;74
240;20230504;1;50;79;0;10238;78
240;20230504;2;50;74;0;10233;81
240;20230504;3;50;70;0;10228;82
240;20230504;4;50;65;0;10225;85
240;20230504;5;40;71;8;10221;80
240;20230504;6;40;79;40;10220;78
240;20230504;7;50;96;93;10216;72
240;20230504;8;40;110;146;10211;71
240;20230504;9;50;122;182;10207;65
240;20230504;10;50;147;245;10200;64
240;20230504;11;50;162;291;10191;59
240;20230504;12;60;179;291;10182;53
240;20230504;13;50;197;278;10172;50
240;20230504;14;50;216;249;10161;40
240;20230504;15;60;216;231;10154;37
240;20230504;16;60;214;150;10149;40
240;20230504;17;50;204;107;10144;40
240;20230504;18;50;196;64;10145;49
240;20230504;19;40;191;21;10146;49
240;20230504;20;50;174;0;10146;53
240;20230504;21;40;174;0;10142;51
240;20230504;22;40;158;0;10138;56
240;20230504;23;30;147;0;10143;63
240;20230504;24;20;147;0;10145;66
240;20230505;1;50;150;0;10139;80
240;20230505;2;30;132;0;10142;88
240;20230505;3;30;127;0;10144;88
240;20230505;4;40;133;0;10147;86
240;20230505;5;40;133;8;10154;87
240;20230505;6;30;149;43;10156;81
240;20230505;7;30;160;107;10159;74
240;20230505;8;50;170;159;10161;67
240;20230505;9;50;169;148;10165;66
240;20230505;10;40;158;85;10167;73
240;20230505;11;30;159;69;10165;71
240;20230505;12;30;154;51;10165;78
240;20230505;13;40;137;13;10165;96
240;20230505;14;30;133;11;10166;95
240;20230505;15;40;149;123;10165;83
240;20230505;16;30;158;140;10162;79
240;20230505;17;30;155;103;10159;79
240;20230505;18;20;156;44;10158;78
240;20230505;19;20;135;8;10160;87
240;20230505;20;30;128;0;10164;90
240;20230505;21;30;120;0;10165;92
240;20230505;22;30;114;0;10166;93
240;20230505;23;20;115;0;10164;95
240;20230505;24;20;111;0;10161;96
240;20230506;1;20;115;0;10157;96
240;20230506;2;20;110;0;10159;96
240;20230506;3;20;93;0;10159;98
240;20230506;4;10;98;0;10158;98
240;20230506;5;10;108;14;10163;98
240;20230506;6;10;115;27;10164;98
240;20230506;7;10;146;107;10166;87
240;20230506;8;10;168;159;10167;76
240;20230506;9;10;175;201;10167;70
240;20230506;10;20;182;244;10166;70
240;20230506;11;30;179;182;10164;64
240;20230506;12;30;194;255;10162;59
240;20230506;13;30;199;183;10162;57
240;20230506;14;30;198;204;10159;53
240;20230506;15;30;188;80;10156;61
240;20230506;16;40;170;21;10157;76
240;20230506;17;30;176;51;10157;75
240;20230506;18;30;165;21;10158;79
240;20230506;19;20;156;2;10163;86
240;20230506;20;20;145;0;10163;94
240;20230506;21;20;140;0;10163;96
240;20230506;22;20;136;0;10161;97
240;20230506;23;10;136;0;10159;98
240;20230506;24;20;138;0;10161;98
240;20230507;1;20;136;0;10161;98
240;20230507;2;30;139;0;10158;96
240;20230507;3;30;139;0;10160;96
240;20230507;4;20;137;0;10158;96
240;20230507;5;10;138;3;10160;96
240;20230507;6;20;145;19;10165;93
240;20230507;7;30;149;41;10167;92
240;20230507;8;40;161;107;10168;86
240;20230507;9;40;177;202;10171;78
240;20230507;10;30;187;242;10171;75
240;20230507;11;30;188;195;10173;73
240;20230507;12;20;192;152;10174;74
240;20230507;13;20;194;122;10175;71
240;20230507;14;30;170;23;10181;79
240;20230507;15;30;174;47;10184;90
240;20230507;16;20;175;84;10185;89
240;20230507;17;20;173;62;10187;84
240;20230507;18;10;169;28;10188;86
240;20230507;19;10;166;15;10194;89
240;20230507;20;10;150;1;10199;95
240;20230507;21;10;146;0;10203;95
240;20230507;22;10;136;0;10204;97
240;20230507;23;10;125;0;10205;97
240;20230507;24;10;119;0;10206;98
240;20230508;1;10;108;0;10206;98
240;20230508;2;10;108;0;10206;99
240;20230508;3;10;124;0;10206;99
240;20230508;4;0;128;0;10205;99
240;20230508;5;10;135;6;10208;99
240;20230508;6;10;139;22;10212;98
240;20230508;7;10;140;32;10212;98
240;20230508;8;10;139;38;10212;99
240;20230508;9;20;148;90;10212;94
240;20230508;10;30;160;166;10214;87
240;20230508;11;30;169;164;10212;83
240;20230508;12;20;179;125;10208;80
240;20230508;13;30;182;176;10205;76
240;20230508;14;30;188;150;10202;77
240;20230508;15;50;159;136;10202;85
240;20230508;16;40;169;98;10202;79
240;20230508;17;40;157;59;10199;83
240;20230508;18;30;156;45;10196;83
240;20230508;19;20;151;14;10195;86
240;20230508;20;30;137;0;10199;83
240;20230508;21;20;137;0;10196;84
240;20230508;22;10;134;0;10187;86
240;20230508;23;20;131;0;10178;90
240;20230508;24;20;134;0;10173;92
240;20230509;1;30;141;0;10167;92
240;20230509;2;40;142;0;10160;91
240;20230509;3;30;138;0;10155;94
240;20230509;4;30;136;0;10148;95
240;20230509;5;30;137;2;10142;94
240;20230509;6;40;137;7;10136;94
240;20230509;7;40;137;11;10132;95
240;20230509;8;40;139;27;10125;95
240;20230509;9;50;142;41;10117;96
240;20230509;10;60;142;44;10114;95
240;20230509;11;60;144;41;10108;96
240;20230509;12;60;148;57;10102;95
240;20230509;13;60;147;50;10098;94
240;20230509;14;60;148;47;10093;94
240;20230509;15;50;147;39;10088;95
240;20230509;16;50;145;32;10084;96
240;20230509;17;50;137;25;10081;95
240;20230509;18;40;134;23;10080;94
240;20230509;19;40;129;8;10081;95
240;20230509;20;50;126;1;10084;96
240;20230509;21;50;127;0;10085;96
240;20230509;22;40;125;0;10081;96
240;20230509;23;30;120;0;10080;97
240;20230509;24;20;115;0;10079;97
240;20230510;1;20;104;0;10080;98
240;20230510;2;20;117;0;10081;98
240;20230510;3;30;116;0;10085;98
240;20230510;4;40;109;0;10087;98
240;20230510;5;30;113;4;10090;98
240;20230510;6;30;118;21;10095;96
240;20230510;7;40;125;35;10099;93
240;20230510;8;30;132;86;10102;90
240;20230510;9;30;140;114;10108;84
240;20230510;10;40;143;99;10112;82
240;20230510;11;40;139;91;10115;86
240;20230510;12;40;141;90;10118;86
240;20230510;13;40;145;167;10121;83
240;20230510;14;40;141;102;10125;86
240;20230510;15;30;142;127;10124;82
240;20230510;16;30;144;95;10127;84
240;20230510;17;40;139;81;10130;83
240;20230510;18;40;133;56;10134;86
240;20230510;19;20;120;10;10135;93
240;20230510;20;20;120;0;10142;94
240;20230510;21;20;116;0;10141;95
240;20230510;22;20;115;0;10141;98
240;20230510;23;20;114;0;10143;96
240;20230510;24;20;111;0;10145;97
240;20230511;1;20;113;0;10142;96
240;20230511;2;10;115;0;10144;97
240;20230511;3;10;115;0;10145;97
240;20230511;4;10;118;0;10143;97
240;20230511;5;10;119;4;10144;98
240;20230511;6;10;124;12;10151;95
240;20230511;7;10;132;27;10152;91
240;20230511;8;20;136;43;10154;90
240;20230511;9;30;137;67;10156;85
240;20230511;10;30;144;181;10157;85
240;20230511;11;30;147;85;10157;83
240;20230511;12;30;155;134;10155;83
240;20230511;13;30;164;201;10156;78
240;20230511;14;30;152;58;10156;78
240;20230511;15;30;155;44;10157;79
240;20230511;16;30;162;104;10157;76
240;20230511;17;30;157;63;10157;75
240;20230511;18;30;154;29;10160;76
240;20230511;19;30;142;8;10164;92
240;20230511;20;40;140;1;10170;90
240;20230511;21;40;135;0;10173;90
240;20230511;22;40;128;0;10175;89
240;20230511;23;40;121;0;10178;89
240;20230511;24;30;115;0;10176;92
240;20230512;1;40;114;0;10175;92
240;20230512;2;40;114;0;10172;92
240;20230512;3;50;112;0;10170;98
240;20230512;4;40;116;0;10167;97
240;20230512;5;50;119;2;10168;98
240;20230512;6;50;123;10;10174;98
240;20230512;7;50;134;37;10177;92
240;20230512;8;50;143;104;10180;88
240;20230512;9;60;154;150;10185;83
240;20230512;10;60;162;210;10188;80
240;20230512;11;50;173;238;10189;78
240;20230512;12;50;177;232;10191;76
240;20230512;13;50;194;240;10192;68
240;20230512;14;60;193;245;10192;63
240;20230512;15;60;201;223;10193;62
240;20230512;16;50;206;111;10192;57
240;20230512;17;60;202;91;10195;51
240;20230512;18;60;191;23;10199;69
240;20230512;19;40;184;6;10203;67
240;20230512;20;40;175;1;10210;70
240;20230512;21;40;167;0;10215;76
240;20230512;22;40;164;0;10218;75
240;20230512;23;40;164;0;10221;66
240;20230512;24;40;148;0;10221;69
240;20230513;1;30;130;0;10220;75
240;20230513;2;30;129;0;10219;73
240;20230513;3;40;127;0;10219;73
240;20230513;4;40;123;0;10220;80
240;20230513;5;40;129;16;10222;78
240;20230513;6;50;141;60;10223;73
240;20230513;7;50;158;117;10225;65
240;20230513;8;60;173;172;10225;58
240;20230513;9;60;182;226;10225;56
240;20230513;10;60;189;272;10224;55
240;20230513;11;60;194;293;10221;55
240;20230513;12;60;198;306;10220;57
240;20230513;13;50;202;302;10219;53
240;20230513;14;50;209;278;10215;57
240;20230513;15;50;207;237;10213;60
240;20230513;16;50;202;180;10211;61
240;20230513;17;50;192;122;10210;65
240;20230513;18;60;175;77;10209;68
240;20230513;19;50;156;27;10214;73
240;20230513;20;40;143;1;10216;77
240;20230513;21;40;134;0;10218;82
240;20230513;22;50;130;0;10216;79
240;20230513;23;50;126;0;10214;80
240;20230513;24;40;118;0;10210;84
240;20230514;1;30;113;0;10205;86
240;20230514;2;20;114;0;10203;88
240;20230514;3;30;109;0;10199;91
240;20230514;4;30;110;0;10196;94
240;20230514;5;30;114;12;10197;94
240;20230514;6;30;125;42;10198;91
240;20230514;7;40;135;94;10198;86
240;20230514;8;40;147;143;10197;82
240;20230514;9;40;159;212;10193;79
240;20230514;10;30;173;259;10190;68
240;20230514;11;40;180;272;10185;62
240;20230514;12;30;194;283;10180;61
240;20230514;13;30;194;259;10176;60
240;20230514;14;50;180;232;10174;73
240;20230514;15;70;162;201;10174;77
240;20230514;16;60;147;130;10173;80
240;20230514;17;60;132;102;10174;80
240;20230514;18;50;128;61;10172;82
240;20230514;19;40;116;16;10174;87
240;20230514;20;30;112;1;10174;86
240;20230514;21;20;91;0;10172;93
240;20230514;22;20;95;0;10168;96
240;20230514;23;20;95;0;10165;96
240;20230514;24;20;86;0;10161;97
240;20230515;1;20;74;0;10156;98
240;20230515;2;20;83;0;10154;98
240;20230515;3;20;84;0;10152;98
240;20230515;4;20;87;0;10153;98
240;20230515;5;40;99;14;10152;94
240;20230515;6;40;102;25;10151;94
240;20230515;7;20;111;52;10150;92
240;20230515;8;30;123;58;10151;91
240;20230515;9;40;121;46;10153;90
240;20230515;10;40;123;42;10154;88
240;20230515;11;50;145;92;10152;81
240;20230515;12;60;127;152;10153;86
240;20230515;13;70;126;83;10156;85
240;20230515;14;60;118;48;10158;86
240;20230515;15;70;119;50;10158;90
240;20230515;16;70;114;56;10161;89
240;20230515;17;80;109;21;10167;86
240;20230515;18;70;101;10;10174;93
240;20230515;19;70;98;6;10181;93
240;20230515;20;70;98;2;10187;80
240;20230515;21;60;92;0;10193;81
240;20230515;22;50;86;0;10197;82
240;20230515;23;40;79;0;10200;83
240;20230515;24;30;66;0;10201;86
240;20230516;1;30;61;0;10201;87
240;20230516;2;20;57;0;10203;90
240;20230516;3;20;60;0;10204;89
240;20230516;4;30;65;0;10207;86
240;20230516;5;30;84;18;10210;81
240;20230516;6;50;105;64;10213;72
240;20230516;7;70;105;78;10217;74
240;20230516;8;70;114;168;10220;66
240;20230516;9;70;120;191;10222;66
240;20230516;10;70;130;213;10224;67
240;20230516;11;60;129;218;10224;63
240;20230516;12;60;139;282;10224;58
240;20230516;13;60;140;258;10224;52
240;20230516;14;70;140;293;10226;57
240;20230516;15;70;135;188;10227;63
240;20230516;16;70;130;116;10229;70
240;20230516;17;70;119;86;10232;72
240;20230516;18;60;111;69;10237;75
240;20230516;19;50;101;23;10242;81
240;20230516;20;30;88;2;10244;85
240;20230516;21;30;84;0;10247;90
240;20230516;22;30;83;0;10249;91
240;20230516;23;30;77;0;10250;91
240;20230516;24;30;86;0;10252;92
240;20230517;1;20;98;0;10251;91
240;20230517;2;30;99;0;10251;90
240;20230517;3;40;93;0;10255;83
240;20230517;4;30;76;0;10259;85
240;20230517;5;20;84;14;10266;87
240;20230517;6;30;103;64;10273;75
240;20230517;7;50;110;107;10278;66
240;20230517;8;50;111;184;10284;61
240;20230517;9;40;128;197;10285;57
240;20230517;10;40;127;286;10287;55
240;20230517;11;40;134;282;10287;52
240;20230517;12;50;142;285;10287;53
240;20230517;13;40;136;229;10285;54
240;20230517;14;40;149;287;10282;55
240;20230517;15;50;139;268;10283;57
240;20230517;16;60;144;221;10282;53
240;20230517;17;50;123;167;10285;58
240;20230517;18;50;111;87;10286;60
240;20230517;19;50;95;30;10289;66
240;20230517;20;40;91;1;10292;63
240;20230517;21;30;83;0;10291;68
240;20230517;22;20;76;0;10291;71
240;20230517;23;20;69;0;10291;75
240;20230517;24;20;72;0;10290;78
240;20230518;1;10;63;0;10291;83
240;20230518;2;10;68;0;10291;77
240;20230518;3;10;61;0;10291;81
240;20230518;4;10;65;1;10292;76
240;20230518;5;20;67;16;10295;80
240;20230518;6;30;80;61;10298;72
240;20230518;7;30;94;91;10301;67
240;20230518;8;40;98;118;10303;62
240;20230518;9;50;100;158;10302;62
240;20230518;10;50;105;223;10299;59
240;20230518;11;50;112;240;10296;58
240;20230518;12;40;118;206;10292;60
240;20230518;13;40;120;216;10289;58
240;20230518;14;40;131;178;10285;57
240;20230518;15;40;142;258;10280;51
240;20230518;16;40;143;224;10276;52
240;20230518;17;50;144;148;10273;53
240;20230518;18;50;139;90;10272;55
240;20230518;19;50;128;30;10274;67
240;20230518;20;50;118;3;10277;75
240;20230518;21;40;110;0;10280;81
240;20230518;22;40;110;0;10282;80
240;20230518;23;50;99;0;10282;84
240;20230518;24;40;94;0;10281;85
240;20230519;1;40;88;0;10279;86
240;20230519;2;30;75;0;10276;91
240;20230519;3;20;70;0;10274;96
240;20230519;4;10;70;1;10273;96
240;20230519;5;20;90;21;10274;93
240;20230519;6;30;110;68;10275;87
240;20230519;7;40;124;131;10275;76
240;20230519;8;30;138;164;10274;64
240;20230519;9;30;153;230;10270;55
240;20230519;10;40;159;282;10269;53
240;20230519;11;50;165;319;10266;44
240;20230519;12;50;162;305;10264;48
240;20230519;13;40;172;302;10260;48
240;20230519;14;50;175;291;10256;44
240;20230519;15;60;181;248;10253;43
240;20230519;16;50;180;201;10249;47
240;20230519;17;50;175;133;10247;46
240;20230519;18;50;160;66;10250;63
240;20230519;19;50;153;29;10252;68
240;20230519;20;60;146;4;10256;71
240;20230519;21;60;137;0;10259;75
240;20230519;22;50;135;0;10262;75
240;20230519;23;50;129;0;10262;73
240;20230519;24;50;124;0;10261;76
240;20230520;1;50;122;0;10259;79
240;20230520;2;40;117;0;10255;82
240;20230520;3;40;113;0;10253;84
240;20230520;4;40;117;1;10253;81
240;20230520;5;40;119;22;10252;83
240;20230520;6;40;130;43;10251;79
240;20230520;7;50;143;123;10249;72
240;20230520;8;50;157;182;10247;70
240;20230520;9;50;170;239;10244;64
240;20230520;10;70;177;282;10239;55
240;20230520;11;80;182;294;10232;50
240;20230520;12;80;179;296;10227;50
240;20230520;13;80;192;276;10224;48
240;20230520;14;70;189;248;10220;47
240;20230520;15;70;186;149;10215;48
240;20230520;16;80;192;204;10210;57
240;20230520;17;80;176;99;10208;63
240;20230520;18;80;171;51;10210;65
240;20230520;19;70;163;27;10212;67
240;20230520;20;50;152;3;10212;73
240;20230520;21;30;142;0;10211;79
240;20230520;22;30;135;0;10209;83
240;20230520;23;30;130;0;10205;85
240;20230520;24;30;138;0;10202;84
240;20230521;1;30;142;0;10197;82
240;20230521;2;30;143;0;10195;81
240;20230521;3;30;141;0;10195;83
240;20230521;4;30;139;0;10193;84
240;20230521;5;30;140;8;10194;85
240;20230521;6;40;146;50;10191;81
240;20230521;7;50;151;59;10193;82
240;20230521;8;60;159;101;10193;78
240;20230521;9;60;164;121;10192;72
240;20230521;10;60;185;217;10189;67
240;20230521;11;60;188;288;10186;66
240;20230521;12;60;190;277;10181;64
240;20230521;13;60;201;276;10176;63
240;20230521;14;60;198;271;10176;63
240;20230521;15;60;200;243;10172;62
240;20230521;16;50;197;188;10168;65
240;20230521;17;40;191;131;10168;69
240;20230521;18;40;184;75;10167;72
240;20230521;19;40;172;30;10169;76
240;20230521;20;40;159;4;10168;84
240;20230521;21;30;147;0;10168;90
240;20230521;22;30;136;0;10168;94
240;20230521;23;20;126;0;10164;96
240;20230521;24;30;122;0;10161;97
240;20230522;1;20;126;0;10161;97
240;20230522;2;20;125;0;10151;97
240;20230522;3;20;120;0;10147;97
240;20230522;4;30;126;1;10147;97
240;20230522;5;20;130;18;10153;97
240;20230522;6;10;147;51;10152;92
240;20230522;7;20;161;92;10155;88
240;20230522;8;20;192;134;10157;79
240;20230522;9;50;201;225;10157;74
240;20230522;10;40;206;267;10156;72
240;20230522;11;30;218;293;10152;66
240;20230522;12;20;223;298;10152;62
240;20230522;13;50;227;258;10154;62
240;20230522;14;60;215;200;10156;69
240;20230522;15;80;209;248;10160;66
240;20230522;16;70;206;196;10163;62
240;20230522;17;70;185;141;10168;74
240;20230522;18;60;168;82;10172;80
240;20230522;19;40;160;32;10173;83
240;20230522;20;60;141;3;10187;92
240;20230522;21;50;142;0;10193;89
240;20230522;22;60;138;0;10195;91
240;20230522;23;70;129;0;10198;93
240;20230522;24;70;128;0;10199;94
240;20230523;1;70;127;0;10203;91
240;20230523;2;60;126;0;10203;88
240;20230523;3;60;124;0;10209;85
240;20230523;4;70;117;0;10213;83
240;20230523;5;70;114;9;10219;80
240;20230523;6;70;115;19;10224;86
240;20230523;7;70;125;104;10228;72
240;20230523;8;80;137;170;10231;66
240;20230523;9;70;142;224;10234;60
240;20230523;10;70;146;157;10240;60
240;20230523;11;60;150;205;10241;60
240;20230523;12;60;139;228;10242;60
240;20230523;13;60;149;193;10244;57
240;20230523;14;70;138;147;10245;61
240;20230523;15;60;149;174;10246;58
240;20230523;16;70;141;159;10248;57
240;20230523;17;70;133;168;10248;58
240;20230523;18;70;122;110;10250;64
240;20230523;19;50;113;35;10252;68
240;20230523;20;50;102;4;10258;74
240;20230523;21;30;93;0;10257;79
240;20230523;22;20;90;0;10256;83
240;20230523;23;20;86;0;10255;84
240;20230523;24;10;76;0;10250;90
240;20230524;1;20;71;0;10249;91
240;20230524;2;20;70;0;10247;93
240;20230524;3;10;65;0;10247;96
240;20230524;4;10;68;2;10248;95
240;20230524;5;20;92;26;10246;90
240;20230524;6;30;116;75;10248;82
240;20230524;7;30;128;144;10249;71
240;20230524;8;40;138;130;10251;68
240;20230524;9;30;146;258;10250;62
240;20230524;10;40;159;290;10248;56
240;20230524;11;30;150;180;10249;61
240;20230524;12;40;150;121;10248;63
240;20230524;13;40;150;84;10248;63
240;20230524;14;40;149;112;10248;61
240;20230524;15;50;150;100;10248;60
240;20230524;16;40;149;99;10250;60
240;20230524;17;40;144;64;10248;62
240;20230524;18;50;142;69;10250;64
240;20230524;19;40;136;37;10251;67
240;20230524;20;40;125;6;10256;74
240;20230524;21;40;113;0;10260;78
240;20230524;22;30;109;0;10264;83
240;20230524;23;20;104;0;10266;89
240;20230524;24;20;99;0;10264;94
240;20230525;1;10;92;0;10266;96
240;20230525;2;10;91;0;10270;98
240;20230525;3;10;92;0;10271;97
240;20230525;4;10;87;2;10273;97
240;20230525;5;20;107;23;10278;93
240;20230525;6;20;127;67;10281;84
240;20230525;7;30;138;108;10285;77
240;20230525;8;40;140;102;10290;76
240;20230525;9;30;138;59;10294;76
240;20230525;10;40;139;68;10296;76
240;20230525;11;50;141;59;10299;68
240;20230525;12;50;148;87;10296;64
240;20230525;13;50;158;215;10294;58
240;20230525;14;50;164;250;10292;57
240;20230525;15;50;161;248;10291;53
240;20230525;16;60;156;208;10291;58
240;20230525;17;60;146;141;10291;61
240;20230525;18;60;133;91;10294;65
240;20230525;19;60;122;37;10296;70
240;20230525;20;50;113;5;10299;72
240;20230525;21;50;110;0;10302;74
240;20230525;22;50;105;0;10304;76
240;20230525;23;50;99;0;10302;79
240;20230525;24;50;101;0;10302;79
240;20230526;1;40;95;0;10303;80
240;20230526;2;40;94;0;10307;82
240;20230526;3;40;93;0;10307;81
240;20230526;4;40;101;1;10308;77
240;20230526;5;50;102;16;10313;74
240;20230526;6;60;108;44;10317;72
240;20230526;7;60;116;68;10319;71
240;20230526;8;70;125;171;10318;67
240;20230526;9;70;138;273;10319;64
240;20230526;10;70;146;285;10319;63
240;20230526;11;70;152;317;10317;55
240;20230526;12;80;157;328;10316;53
240;20230526;13;70;164;320;10314;51
240;20230526;14;70;169;295;10312;50
240;20230526;15;70;163;258;10311;51
240;20230526;16;70;161;206;10310;59
240;20230526;17;80;146;147;10309;64
240;20230526;18;70;140;72;10310;64
240;20230526;19;70;131;33;10310;68
240;20230526;20;50;120;5;10311;68
240;20230526;21;30;111;0;10311;75
240;20230526;22;40;107;0;10308;79
240;20230526;23;40;104;0;10307;79
240;20230526;24;50;98;0;10304;79
240;20230527;1;40;94;0;10303;78
240;20230527;2;50;89;0;10300;82
240;20230527;3;50;87;0;10300;82
240;20230527;4;40;86;2;10299;86
240;20230527;5;40;93;26;10298;85
240;20230527;6;50;99;68;10293;80
240;20230527;7;50;115;107;10290;76
240;20230527;8;40;129;189;10287;74
240;20230527;9;40;135;243;10280;70
240;20230527;10;40;152;285;10275;65
240;20230527;11;40;162;311;10269;65
240;20230527;12;40;170;322;10260;61
240;20230527;13;40;178;314;10254;60
240;20230527;14;40;190;290;10246;56
240;20230527;15;40;191;251;10241;55
240;20230527;16;40;193;201;10236;56
240;20230527;17;50;190;146;10229;53
240;20230527;18;40;186;88;10226;53
240;20230527;19;40;175;39;10227;64
240;20230527;20;40;153;6;10229;81
240;20230527;21;40;145;0;10229;85
240;20230527;22;40;139;0;10225;88
240;20230527;23;40;133;0;10224;91
240;20230527;24;30;128;0;10220;92
240;20230528;1;30;125;0;10218;93
240;20230528;2;30;121;0;10216;93
240;20230528;3;20;116;0;10217;94
240;20230528;4;30;115;1;10218;93
240;20230528;5;30;125;24;10220;91
240;20230528;6;40;142;73;10220;82
240;20230528;7;40;159;131;10222;75
240;20230528;8;50;170;190;10226;71
240;20230528;9;60;176;199;10225;63
240;20230528;10;60;181;275;10224;64
240;20230528;11;60;191;269;10226;60
240;20230528;12;60;192;231;10226;55
240;20230528;13;60;194;259;10224;50
240;20230528;14;70;199;290;10222;40
240;20230528;15;70;199;257;10222;50
240;20230528;16;70;188;207;10223;57
240;20230528;17;80;172;149;10226;65
240;20230528;18;80;158;88;10231;74
240;20230528;19;70;147;35;10235;79
240;20230528;20;70;133;5;10240;81
240;20230528;21;70;125;0;10244;72
240;20230528;22;70;118;0;10246;75
240;20230528;23;60;111;0;10249;82
240;20230528;24;70;107;0;10249;80
240;20230529;1;60;105;0;10253;76
240;20230529;2;60;103;0;10257;76
240;20230529;3;60;101;0;10257;76
240;20230529;4;50;98;2;10257;77
240;20230529;5;40;104;20;10263;75
240;20230529;6;60;114;65;10263;67
240;20230529;7;60;121;122;10267;67
240;20230529;8;70;132;173;10269;61
240;20230529;9;70;130;200;10271;62
240;20230529;10;70;145;266;10271;60
240;20230529;11;70;151;293;10269;61
240;20230529;12;70;151;277;10270;59
240;20230529;13;70;153;245;10268;60
240;20230529;14;70;155;272;10270;60
240;20230529;15;70;156;237;10270;61
240;20230529;16;70;155;208;10269;59
240;20230529;17;70;148;142;10270;59
240;20230529;18;70;137;94;10273;60
240;20230529;19;70;124;40;10272;69
240;20230529;20;60;116;6;10275;74
240;20230529;21;50;111;0;10276;76
240;20230529;22;60;107;0;10277;76
240;20230529;23;60;104;0;10280;78
240;20230529;24;50;104;0;10279;77
240;20230530;1;50;106;0;10280;77
240;20230530;2;50;109;0;10280;76
240;20230530;3;50;109;0;10283;76
240;20230530;4;50;108;1;10286;76
240;20230530;5;50;111;14;10287;74
240;20230530;6;40;117;42;10288;73
240;20230530;7;50;123;82;10289;73
240;20230530;8;50;135;116;10290;70
240;20230530;9;50;136;168;10288;72
240;20230530;10;50;129;85;10287;80
240;20230530;11;50;131;68;10286;80
240;20230530;12;50;136;82;10283;75
240;20230530;13;50;139;95;10280;75
240;20230530;14;50;138;70;10279;76
240;20230530;15;40;140;73;10275;74
240;20230530;16;40;144;50;10274;73
240;20230530;17;50;142;43;10272;75
240;20230530;18;50;137;29;10273;77
240;20230530;19;50;133;17;10274;79
240;20230530;20;50;131;3;10273;79
240;20230530;21;50;127;0;10272;80
240;20230530;22;50;125;0;10271;82
240;20230530;23;40;119;0;10273;86
240;20230530;24;40;120;0;10274;87
240;20230531;1;40;117;0;10274;88
240;20230531;2;50;114;0;10273;90
240;20230531;3;40;108;0;10272;92
240;20230531;4;40;110;3;10273;93
240;20230531;5;40;113;20;10274;92
240;20230531;6;50;127;55;10276;86
240;20230531;7;60;147;140;10274;78
240;20230531;8;60;160;196;10274;75
240;20230531;9;50;171;247;10271;71
240;20230531;10;60;179;287;10268;66
240;20230531;11;60;190;311;10264;60
240;20230531;12;50;201;321;10259;58
240;20230531;13;50;199;315;10255;61
240;20230531;14;60;198;295;10252;64
240;20230531;15;60;199;254;10248;66
240;20230531;16;60;190;210;10247;66
240;20230531;17;60;182;156;10244;69
240;20230531;18;60;158;100;10242;75
240;20230531;19;60;136;45;10243;82
240;20230531;20;60;121;7;10246;88
240;20230531;21;60;118;0;10247;87
240;20230531;22;60;113;0;10249;87
240;20230531;23;60;110;0;10249;86
240;20230531;24;60;113;0;10248;85
240;20230601;1;60;112;0;10248;85
240;20230601;2;60;109;0;10247;85
240;20230601;3;60;110;0;10245;85
240;20230601;4;50;110;2;10245;84
240;20230601;5;50;115;13;10244;84
240;20230601;6;50;119;31;10246;82
240;20230601;7;50;121;62;10246;78
240;20230601;8;50;129;103;10248;74
240;20230601;9;60;134;205;10246;71
240;20230601;10;50;149;222;10243;69
240;20230601;11;50;154;279;10240;65
240;20230601;12;50;141;224;10241;74
240;20230601;13;50;139;79;10240;76
240;20230601;14;50;137;71;10238;77
240;20230601;15;50;140;87;10236;69
240;20230601;16;50;135;67;10232;74
240;20230601;17;50;128;48;10230;71
240;20230601;18;50;123;25;10229;72
240;20230601;19;60;119;9;10228;75
240;20230601;20;50;116;2;10229;74
240;20230601;21;50;112;0;10229;71
240;20230601;22;50;112;0;10230;69
240;20230601;23;40;112;0;10230;72
240;20230601;24;50;108;0;10232;71
240;20230602;1;50;104;0;10229;71
240;20230602;2;40;104;0;10229;73
240;20230602;3;40;104;0;10229;71
240;20230602;4;40;103;1;10228;71
240;20230602;5;40;105;9;10229;72
240;20230602;6;40;110;26;10230;72
240;20230602;7;40;116;54;10231;69
240;20230602;8;40;119;64;10232;73
240;20230602;9;40;123;51;10232;75
240;20230602;10;40;130;92;10232;74
240;20230602;11;40;137;106;10231;74
240;20230602;12;40;143;101;10231;73
240;20230602;13;40;168;229;10228;69
240;20230602;14;30;178;246;10226;62
240;20230602;15;40;190;172;10222;59
240;20230602;16;40;184;182;10219;50
240;20230602;17;50;179;154;10217;56
240;20230602;18;50;171;97;10219;67
240;20230602;19;50;159;44;10219;74
240;20230602;20;50;146;7;10221;79
240;20230602;21;50;138;0;10223;84
240;20230602;22;50;132;0;10223;84
240;20230602;23;40;130;0;10225;86
240;20230602;24;40;126;0;10225;87
240;20230603;1;30;124;0;10224;86
240;20230603;2;30;109;0;10226;88
240;20230603;3;20;104;0;10224;84
240;20230603;4;20;107;3;10225;84
240;20230603;5;30;127;30;10226;73
240;20230603;6;30;146;79;10230;59
240;20230603;7;30;162;139;10230;53
240;20230603;8;30;173;197;10232;49
240;20230603;9;40;181;249;10231;45
240;20230603;10;50;189;290;10231;43
240;20230603;11;50;195;316;10230;43
240;20230603;12;60;196;325;10230;37
240;20230603;13;60;199;321;10229;35
240;20230603;14;70;203;299;10226;33
240;20230603;15;70;204;261;10222;32
240;20230603;16;60;201;213;10220;35
240;20230603;17;60;199;148;10218;35
240;20230603;18;60;192;96;10217;40
240;20230603;19;70;174;42;10220;49
240;20230603;20;60;161;8;10223;57
240;20230603;21;60;152;0;10228;61
240;20230603;22;50;144;0;10230;67
240;20230603;23;40;139;0;10230;68
240;20230603;24;50;133;0;10231;69
240;20230604;1;40;128;0;10230;69
240;20230604;2;40;124;0;10231;69
240;20230604;3;40;122;0;10230;72
240;20230604;4;40;120;3;10230;79
240;20230604;5;40;132;28;10231;77
240;20230604;6;50;144;77;10232;69
240;20230604;7;50;157;137;10234;64
240;20230604;8;40;163;193;10236;60
240;20230604;9;50;172;246;10238;53
240;20230604;10;50;183;286;10239;52
240;20230604;11;50;192;310;10239;46
240;20230604;12;50;197;319;10236;46
240;20230604;13;50;204;314;10234;47
240;20230604;14;40;204;289;10233;47
240;20230604;15;50;200;252;10230;48
240;20230604;16;50;197;202;10230;57
240;20230604;17;60;177;140;10228;62
240;20230604;18;60;163;91;10231;65
240;20230604;19;60;146;42;10233;71
240;20230604;20;60;130;8;10236;78
240;20230604;21;50;123;0;10240;83
240;20230604;22;60;121;0;10241;82
240;20230604;23;50;116;0;10241;85
240;20230604;24;40;114;0;10243;87
240;20230605;1;30;109;0;10242;88
240;20230605;2;40;112;0;10238;86
240;20230605;3;40;112;0;10236;86
240;20230605;4;40;116;3;10236;84
240;20230605;5;40;120;16;10237;83
240;20230605;6;50;125;41;10237;79
240;20230605;7;50;130;121;10240;76
240;20230605;8;50;145;186;10241;72
240;20230605;9;50;154;244;10238;68
240;20230605;10;50;165;283;10237;65
240;20230605;11;40;169;305;10234;62
240;20230605;12;40;176;317;10231;63
240;20230605;13;50;183;312;10228;60
240;20230605;14;50;186;289;10224;60
240;20230605;15;50;184;253;10221;60
240;20230605;16;60;179;205;10220;61
240;20230605;17;50;168;150;10217;63
240;20230605;18;50;156;94;10217;68
240;20230605;19;50;142;43;10218;73
240;20230605;20;50;131;8;10222;76
240;20230605;21;60;124;0;10223;80
240;20230605;22;50;116;0;10224;83
240;20230605;23;40;115;0;10225;82
240;20230605;24;40;113;0;10225;83
240;20230606;1;40;109;0;10224;87
240;20230606;2;30;107;0;10224;88
240;20230606;3;30;109;0;10223;88
240;20230606;4;40;111;3;10223;87
240;20230606;5;40;116;23;10224;85
240;20230606;6;50;127;69;10224;80
240;20230606;7;50;143;133;10225;76
240;20230606;8;50;152;191;10223;73
240;20230606;9;50;166;241;10223;70
240;20230606;10;50;177;283;10221;67
240;20230606;11;50;181;311;10220;64
240;20230606;12;50;193;321;10218;62
240;20230606;13;60;195;315;10216;61
240;20230606;14;60;193;293;10214;62
240;20230606;15;60;196;257;10214;63
240;20230606;16;60;186;209;10213;63
240;20230606;17;50;179;154;10212;66
240;20230606;18;60;164;98;10213;70
240;20230606;19;60;150;48;10215;74
240;20230606;20;50;136;9;10219;79
240;20230606;21;40;126;0;10221;83
240;20230606;22;40;122;0;10223;83
240;20230606;23;50;116;0;10222;86
240;20230606;24;40;114;0;10221;88
240;20230607;1;30;110;0;10220;89
240;20230607;2;40;113;0;10220;88
240;20230607;3;40;116;0;10218;88
240;20230607;4;40;116;2;10219;86
240;20230607;5;50;117;17;10220;85
240;20230607;6;40;125;49;10221;83
240;20230607;7;40;131;111;10224;81
240;20230607;8;50;146;154;10223;75
240;20230607;9;50;160;244;10222;70
240;20230607;10;40;176;283;10221;69
240;20230607;11;40;185;307;10218;65
240;20230607;12;40;195;316;10215;64
240;20230607;13;40;198;310;10213;60
240;20230607;14;50;206;288;10207;62
240;20230607;15;50;200;254;10205;60
240;20230607;16;50;197;205;10204;59
240;20230607;17;60;189;151;10201;60
240;20230607;18;60;174;95;10202;68
240;20230607;19;50;158;44;10202;73
240;20230607;20;50;145;10;10203;78
240;20230607;21;50;138;0;10206;81
240;20230607;22;40;128;0;10206;85
240;20230607;23;40;123;0;10206;89
240;20230607;24;40;121;0;10204;90
240;20230608;1;40;118;0;10199;90
240;20230608;2;40;118;0;10198;90
240;20230608;3;40;117;0;10194;91
240;20230608;4;40;120;3;10194;90
240;20230608;5;40;126;20;10195;88
240;20230608;6;50;130;43;10192;84
240;20230608;7;50;143;125;10192;79
240;20230608;8;50;159;173;10191;73
240;20230608;9;50;172;238;10192;68
240;20230608;10;50;185;277;10189;65
240;20230608;11;60;196;303;10186;58
240;20230608;12;60;207;311;10181;55
240;20230608;13;70;215;306;10176;50
240;20230608;14;60;226;263;10171;54
240;20230608;15;70;225;252;10166;56
240;20230608;16;70;219;205;10161;56
240;20230608;17;70;208;150;10160;54
240;20230608;18;70;197;95;10158;58
240;20230608;19;70;183;44;10160;64
240;20230608;20;70;170;9;10166;71
240;20230608;21;70;161;0;10167;75
240;20230608;22;70;152;0;10167;79
240;20230608;23;70;146;0;10166;84
240;20230608;24;60;141;0;10164;82
240;20230609;1;60;138;0;10162;80
240;20230609;2;60;141;0;10159;74
240;20230609;3;60;138;0;10156;78
240;20230609;4;50;137;3;10157;79
240;20230609;5;50;144;27;10157;82
240;20230609;6;50;155;73;10158;77
240;20230609;7;50;168;131;10159;75
240;20230609;8;50;181;188;10160;71
240;20230609;9;40;200;239;10159;67
240;20230609;10;40;213;278;10157;66
240;20230609;11;50;228;306;10154;62
240;20230609;12;50;249;315;10149;57
240;20230609;13;60;261;301;10145;49
240;20230609;14;60;272;285;10141;45
240;20230609;15;60;278;249;10135;45
240;20230609;16;60;279;203;10131;41
240;20230609;17;50;276;149;10128;40
240;20230609;18;50;268;92;10130;43
240;20230609;19;50;251;43;10134;49
240;20230609;20;40;229;9;10141;63
240;20230609;21;50;220;0;10148;63
240;20230609;22;70;221;0;10149;55
240;20230609;23;60;210;0;10151;56
240;20230609;24;50;192;0;10153;64
240;20230610;1;40;191;0;10153;60
240;20230610;2;40;182;0;10154;65
240;20230610;3;50;179;0;10154;66
240;20230610;4;50;181;3;10157;65
240;20230610;5;50;188;27;10160;63
240;20230610;6;50;197;75;10161;62
240;20230610;7;50;212;131;10162;58
240;20230610;8;40;224;188;10164;57
240;20230610;9;50;239;240;10164;52
240;20230610;10;50;251;281;10165;53
240;20230610;11;60;261;307;10162;49
240;20230610;12;60;268;316;10160;43
240;20230610;13;60;276;311;10157;42
240;20230610;14;60;275;290;10154;38
240;20230610;15;60;276;255;10153;35
240;20230610;16;60;273;208;10150;33
240;20230610;17;60;268;155;10147;30
240;20230610;18;60;261;99;10148;28
240;20230610;19;50;247;47;10151;32
240;20230610;20;40;224;9;10155;43
240;20230610;21;40;213;0;10160;62
240;20230610;22;50;207;0;10161;67
240;20230610;23;50;202;0;10160;68
240;20230610;24;40;188;0;10158;73
240;20230611;1;30;178;0;10156;75
240;20230611;2;20;174;0;10154;76
240;20230611;3;30;180;0;10154;71
240;20230611;4;30;188;4;10156;68
240;20230611;5;40;199;28;10157;65
240;20230611;6;30;216;77;10159;62
240;20230611;7;30;227;135;10160;59
240;20230611;8;30;244;190;10161;58
240;20230611;9;30;262;239;10159;54
240;20230611;10;40;272;279;10158;49
240;20230611;11;50;281;303;10157;51
240;20230611;12;50;288;255;10153;48
240;20230611;13;50;290;281;10151;43
240;20230611;14;50;298;283;10150;40
240;20230611;15;50;298;223;10146;34
240;20230611;16;50;298;161;10143;35
240;20230611;17;50;293;145;10142;36
240;20230611;18;40;287;93;10142;34
240;20230611;19;30;265;34;10144;41
240;20230611;20;30;245;6;10148;48
240;20230611;21;40;254;0;10154;41
240;20230611;22;40;240;0;10156;42
240;20230611;23;50;230;0;10158;41
240;20230611;24;50;227;0;10158;40
240;20230612;1;50;217;0;10158;43
240;20230612;2;40;204;0;10159;46
240;20230612;3;40;192;0;10159;51
240;20230612;4;40;191;4;10162;51
240;20230612;5;30;198;25;10163;52
240;20230612;6;30;215;76;10164;49
240;20230612;7;40;239;139;10166;45
240;20230612;8;40;256;193;10165;40
240;20230612;9;40;266;243;10163;37
240;20230612;10;50;273;284;10164;34
240;20230612;11;50;280;314;10161;33
240;20230612;12;50;282;319;10158;32
240;20230612;13;60;286;317;10156;28
240;20230612;14;60;288;300;10152;30
240;20230612;15;50;284;261;10149;28
240;20230612;16;50;286;214;10145;30
240;20230612;17;60;275;156;10141;38
240;20230612;18;60;255;83;10139;48
240;20230612;19;50;248;50;10141;51
240;20230612;20;40;228;10;10143;63
240;20230612;21;30;214;0;10147;65
240;20230612;22;50;229;0;10149;41
240;20230612;23;60;219;0;10150;39
240;20230612;24;50;215;0;10149;38
240;20230613;1;50;193;0;10148;46
240;20230613;2;50;189;0;10147;54
240;20230613;3;40;169;0;10147;63
240;20230613;4;40;172;4;10148;59
240;20230613;5;40;186;29;10150;55
240;20230613;6;40;207;79;10154;49
240;20230613;7;50;223;140;10154;42
240;20230613;8;60;243;197;10154;36
240;20230613;9;60;246;247;10154;37
240;20230613;10;60;251;288;10152;43
240;20230613;11;70;256;313;10149;38
240;20230613;12;80;261;324;10147;33
240;20230613;13;80;263;319;10144;31
240;20230613;14;70;265;297;10143;31
240;20230613;15;70;261;261;10140;30
240;20230613;16;60;254;214;10139;36
240;20230613;17;70;246;158;10139;43
240;20230613;18;70;236;102;10140;47
240;20230613;19;70;225;49;10142;50
240;20230613;20;70;210;9;10147;59
240;20230613;21;50;204;0;10152;61
240;20230613;22;40;194;0;10155;72
240;20230613;23;50;192;0;10157;71
240;20230613;24;50;187;0;10159;68
240;20230614;1;50;174;0;10158;65
240;20230614;2;40;165;0;10159;67
240;20230614;3;40;159;0;10160;66
240;20230614;4;40;157;4;10164;66
240;20230614;5;40;167;31;10167;63
240;20230614;6;40;182;80;10170;58
240;20230614;7;50;194;140;10174;53
240;20230614;8;50;209;196;10178;48
240;20230614;9;60;228;247;10179;40
240;20230614;10;60;239;288;10181;36
240;20230614;11;70;245;314;10181;36
240;20230614;12;70;244;324;10177;37
240;20230614;13;70;244;318;10180;37
240;20230614;14;70;248;297;10178;37
240;20230614;15;70;246;262;10177;35
240;20230614;16;60;245;215;10175;36
240;20230614;17;60;245;159;10175;36
240;20230614;18;60;236;103;10178;36
240;20230614;19;50;222;50;10182;41
240;20230614;20;40;202;11;10186;47
240;20230614;21;30;191;0;10190;51
240;20230614;22;20;196;0;10193;51
240;20230614;23;30;184;0;10194;74
240;20230614;24;40;181;0;10196;70
240;20230615;1;30;164;0;10197;77
240;20230615;2;30;162;0;10197;78
240;20230615;3;20;163;0;10198;77
240;20230615;4;10;160;3;10199;81
240;20230615;5;10;179;30;10203;75
240;20230615;6;10;195;79;10203;66
240;20230615;7;20;210;135;10204;58
240;20230615;8;20;221;187;10206;57
240;20230615;9;40;227;239;10206;58
240;20230615;10;40;236;281;10206;43
240;20230615;11;30;247;310;10205;40
240;20230615;12;40;249;299;10204;38
240;20230615;13;40;245;314;10200;35
240;20230615;14;40;251;296;10198;31
240;20230615;15;50;251;260;10196;35
240;20230615;16;40;251;202;10193;34
240;20230615;17;40;242;157;10192;39
240;20230615;18;50;234;100;10194;40
240;20230615;19;40;220;48;10196;48
240;20230615;20;40;204;11;10198;51
240;20230615;21;30;193;0;10199;60
240;20230615;22;20;185;0;10198;66
240;20230615;23;20;173;0;10199;71
240;20230615;24;10;165;0;10197;76
240;20230616;1;20;149;0;10195;82
240;20230616;2;10;156;0;10194;81
240;20230616;3;20;157;0;10193;86
240;20230616;4;10;151;3;10195;84
240;20230616;5;10;166;26;10196;79
240;20230616;6;10;198;77;10197;65
240;20230616;7;20;210;134;10200;56
240;20230616;8;20;224;187;10200;51
240;20230616;9;20;233;241;10197;40
240;20230616;10;20;242;282;10198;32
240;20230616;11;30;247;306;10194;26
240;20230616;12;50;257;316;10192;35
240;20230616;13;50;251;310;10190;31
240;20230616;14;50;248;291;10188;28
240;20230616;15;50;250;255;10187;30
240;20230616;16;50;245;208;10184;31
240;20230616;17;50;235;154;10180;33
240;20230616;18;50;224;103;10181;32
240;20230616;19;40;210;51;10179;33
240;20230616;20;30;187;11;10180;44
240;20230616;21;30;170;0;10182;49
240;20230616;22;20;163;0;10179;56
240;20230616;23;20;144;0;10177;68
240;20230616;24;20;143;0;10174;70
240;20230617;1;20;138;0;10172;79
240;20230617;2;20;134;0;10170;82
240;20230617;3;10;133;0;10166;85
240;20230617;4;10;127;4;10166;90
240;20230617;5;10;145;32;10166;82
240;20230617;6;20;167;82;10166;74
240;20230617;7;20;190;141;10165;64
240;20230617;8;20;207;194;10165;49
240;20230617;9;20;222;248;10165;38
240;20230617;10;20;232;286;10163;38
240;20230617;11;20;245;308;10159;29
240;20230617;12;20;250;312;10155;26
240;20230617;13;10;264;310;10150;22
240;20230617;14;20;265;256;10148;25
240;20230617;15;40;259;221;10146;28
240;20230617;16;30;252;144;10144;34
240;20230617;17;20;244;106;10140;53
240;20230617;18;30;230;64;10140;64
240;20230617;19;40;216;24;10141;71
240;20230617;20;40;210;5;10141;73
240;20230617;21;40;208;0;10141;71
240;20230617;22;20;208;0;10139;72
240;20230617;23;30;205;0;10138;73
240;20230617;24;20;203;0;10135;76
240;20230618;1;30;199;0;10134;74
240;20230618;2;30;187;0;10130;73
240;20230618;3;30;185;0;10127;69
240;20230618;4;30;184;3;10128;68
240;20230618;5;30;194;20;10128;64
240;20230618;6;40;208;66;10129;62
240;20230618;7;40;219;90;10132;60
240;20230618;8;30;236;121;10132;49
240;20230618;9;30;240;156;10129;49
240;20230618;10;20;245;137;10127;48
240;20230618;11;10;247;167;10124;50
240;20230618;12;30;241;111;10122;54
240;20230618;13;30;243;86;10119;51
240;20230618;14;40;236;74;10116;53
240;20230618;15;50;245;75;10109;49
240;20230618;16;50;243;143;10107;48
240;20230618;17;50;246;52;10105;46
240;20230618;18;50;234;28;10098;50
240;20230618;19;40;228;26;10093;52
240;20230618;20;40;229;3;10096;50
240;20230618;21;50;222;0;10090;54
240;20230618;22;50;229;0;10084;51
240;20230618;23;50;226;0;10072;52
240;20230618;24;50;225;0;10070;53
240;20230619;1;60;210;0;10074;69
240;20230619;2;80;201;0;10076;76
240;20230619;3;70;198;0;10076;81
240;20230619;4;80;185;0;10084;95
240;20230619;5;90;183;4;10095;92
240;20230619;6;80;178;16;10102;89
240;20230619;7;90;170;29;10112;88
240;20230619;8;80;176;47;10119;86
240;20230619;9;80;192;143;10125;78
240;20230619;10;70;199;191;10129;75
240;20230619;11;60;210;250;10130;70
240;20230619;12;60;225;291;10130;61
240;20230619;13;60;230;299;10133;52
240;20230619;14;60;232;288;10132;57
240;20230619;15;60;229;252;10131;51
240;20230619;16;50;229;210;10129;53
240;20230619;17;50;225;140;10128;50
240;20230619;18;30;208;50;10126;57
240;20230619;19;20;206;26;10128;51
240;20230619;20;10;202;9;10129;59
240;20230619;21;20;191;1;10133;69
240;20230619;22;20;194;0;10132;68
240;20230619;23;20;194;0;10129;69
240;20230619;24;20;192;0;10125;70
240;20230620;1;30;199;0;10123;68
240;20230620;2;40;198;0;10119;67
240;20230620;3;40;195;0;10118;69
240;20230620;4;40;193;2;10114;69
240;20230620;5;30;199;6;10115;68
240;20230620;6;40;211;53;10110;65
240;20230620;7;40;218;97;10110;64
240;20230620;8;40;232;154;10108;60
240;20230620;9;30;247;227;10105;58
240;20230620;10;40;250;251;10103;58
240;20230620;11;40;275;299;10098;50
240;20230620;12;50;276;277;10095;51
240;20230620;13;50;282;264;10089;49
240;20230620;14;50;276;161;10084;49
240;20230620;15;30;268;41;10078;54
240;20230620;16;70;194;3;10106;96
240;20230620;17;20;199;15;10097;92
240;20230620;18;20;200;24;10100;93
240;20230620;19;30;199;12;10099;93
240;20230620;20;40;199;2;10103;92
240;20230620;21;40;196;0;10108;94
240;20230620;22;40;191;0;10108;96
240;20230620;23;40;188;0;10111;97
240;20230620;24;40;191;0;10114;96
240;20230621;1;40;186;0;10119;95
240;20230621;2;40;179;0;10122;92
240;20230621;3;50;175;0;10128;87
240;20230621;4;40;176;5;10135;87
240;20230621;5;40;179;29;10140;88
240;20230621;6;40;185;64;10143;85
240;20230621;7;50;197;129;10151;79
240;20230621;8;50;205;184;10156;74
240;20230621;9;50;211;240;10161;68
240;20230621;10;50;221;279;10164;69
240;20230621;11;60;217;301;10169;73
240;20230621;12;70;211;312;10176;75
240;20230621;13;60;215;315;10182;69
240;20230621;14;60;221;288;10183;66
240;20230621;15;50;220;264;10185;60
240;20230621;16;40;224;216;10186;60
240;20230621;17;40;226;161;10188;57
240;20230621;18;30;222;108;10189;62
240;20230621;19;30;205;59;10185;69
240;20230621;20;30;187;17;10186;73
240;20230621;21;30;176;0;10191;81
240;20230621;22;10;170;0;10194;85
240;20230621;23;10;173;0;10196;87
240;20230621;24;10;155;0;10197;96
240;20230622;1;10;160;0;10197;96
240;20230622;2;10;151;0;10194;98
240;20230622;3;10;143;0;10192;98
240;20230622;4;10;154;2;10190;98
240;20230622;5;10;177;28;10189;97
240;20230622;6;20;200;85;10190;83
240;20230622;7;30;210;119;10187;76
240;20230622;8;40;219;181;10183;72
240;20230622;9;50;231;227;10179;69
240;20230622;10;50;232;233;10178;71
240;20230622;11;50;231;182;10175;70
240;20230622;12;50;230;108;10173;70
240;20230622;13;50;229;90;10168;67
240;20230622;14;60;230;61;10164;65
240;20230622;15;50;227;42;10162;66
240;20230622;16;50;219;34;10160;70
240;20230622;17;50;217;27;10158;65
240;20230622;18;60;211;23;10165;61
240;20230622;19;50;204;16;10170;66
240;20230622;20;60;194;13;10175;72
240;20230622;21;50;187;0;10181;77
240;20230622;22;40;175;0;10185;81
240;20230622;23;40;169;0;10189;81
240;20230622;24;30;153;0;10193;92
240;20230623;1;30;160;0;10196;90
240;20230623;2;30;154;0;10201;95
240;20230623;3;30;151;0;10208;98
240;20230623;4;20;156;3;10214;98
240;20230623;5;30;169;27;10217;95
240;20230623;6;40;178;76;10224;91
240;20230623;7;40;191;137;10227;81
240;20230623;8;40;206;190;10229;70
240;20230623;9;40;216;241;10234;60
240;20230623;10;40;224;282;10237;51
240;20230623;11;40;234;303;10240;51
240;20230623;12;40;234;297;10242;50
240;20230623;13;40;234;273;10243;50
240;20230623;14;40;234;237;10243;50
240;20230623;15;40;233;246;10246;47
240;20230623;16;40;230;202;10245;47
240;20230623;17;30;227;145;10244;51
240;20230623;18;20;224;94;10243;55
240;20230623;19;20;216;29;10242;58
240;20230623;20;10;207;11;10243;62
240;20230623;21;10;196;0;10244;70
240;20230623;22;20;189;0;10244;72
240;20230623;23;20;191;0;10244;74
240;20230623;24;30;178;0;10244;80
240;20230624;1;20;170;0;10242;78
240;20230624;2;20;175;0;10242;71
240;20230624;3;20;158;0;10238;79
240;20230624;4;20;164;3;10239;81
240;20230624;5;20;176;26;10241;79
240;20230624;6;30;195;77;10243;75
240;20230624;7;30;207;133;10244;72
240;20230624;8;30;220;187;10244;67
240;20230624;9;30;239;236;10243;63
240;20230624;10;40;244;274;10241;61
240;20230624;11;30;255;305;10238;60
240;20230624;12;50;252;280;10236;59
240;20230624;13;50;247;310;10234;60
240;20230624;14;50;247;290;10233;56
240;20230624;15;40;247;253;10230;53
240;20230624;16;40;245;205;10228;57
240;20230624;17;30;245;153;10224;53
240;20230624;18;30;239;100;10222;49
240;20230624;19;20;231;50;10220;62
240;20230624;20;10;216;12;10218;63
240;20230624;21;20;206;0;10218;79
240;20230624;22;10;191;0;10214;84
240;20230624;23;10;196;0;10213;84
240;20230624;24;10;192;0;10208;87
240;20230625;1;10;187;0;10201;92
240;20230625;2;20;181;0;10195;85
240;20230625;3;20;181;0;10190;85
240;20230625;4;30;185;4;10188;85
240;20230625;5;30;198;32;10186;81
240;20230625;6;20;218;79;10186;71
240;20230625;7;30;237;136;10184;64
240;20230625;8;30;254;191;10181;54
240;20230625;9;30;270;243;10176;42
240;20230625;10;40;276;282;10174;41
240;20230625;11;30;280;305;10168;37
240;20230625;12;40;290;314;10162;39
240;20230625;13;50;294;311;10156;39
240;20230625;14;50;300;288;10151;38
240;20230625;15;40;302;252;10145;41
240;20230625;16;50;304;204;10139;39
240;20230625;17;50;301;153;10134;41
240;20230625;18;50;295;100;10131;39
240;20230625;19;40;283;47;10128;46
240;20230625;20;30;264;11;10124;55
240;20230625;21;30;249;0;10126;61
240;20230625;22;30;242;0;10122;61
240;20230625;23;40;240;0;10122;63
240;20230625;24;40;226;0;10117;66
240;20230626;1;70;212;0;10121;70
240;20230626;2;80;200;0;10123;77
240;20230626;3;60;190;0;10126;81
240;20230626;4;50;185;2;10131;79
240;20230626;5;50;186;23;10139;79
240;20230626;6;60;192;73;10147;80
240;20230626;7;70;188;112;10156;75
240;20230626;8;70;193;164;10163;71
240;20230626;9;70;195;211;10167;65
240;20230626;10;80;196;289;10175;65
240;20230626;11;80;199;309;10182;63
240;20230626;12;80;201;255;10190;64
240;20230626;13;70;203;267;10193;59
240;20230626;14;80;199;296;10197;60
240;20230626;15;70;198;269;10197;59
240;20230626;16;60;195;220;10197;57
240;20230626;17;60;193;163;10198;55
240;20230626;18;60;188;105;10199;60
240;20230626;19;50;178;45;10200;66
240;20230626;20;40;166;14;10203;76
240;20230626;21;30;168;0;10203;80
240;20230626;22;20;162;0;10203;84
240;20230626;23;30;167;0;10199;83
240;20230626;24;30;173;0;10199;78
240;20230627;1;20;162;0;10198;82
240;20230627;2;30;156;0;10199;85
240;20230627;3;20;155;0;10197;83
240;20230627;4;20;157;4;10197;78
240;20230627;5;20;162;15;10199;75
240;20230627;6;30;180;48;10200;72
240;20230627;7;40;192;139;10203;59
240;20230627;8;40;195;173;10204;54
240;20230627;9;50;186;97;10206;59
240;20230627;10;50;187;109;10207;58
240;20230627;11;50;200;164;10207;57
240;20230627;12;60;199;230;10207;56
240;20230627;13;70;195;222;10205;56
240;20230627;14;70;194;212;10203;55
240;20230627;15;70;201;180;10200;56
240;20230627;16;60;194;153;10195;55
240;20230627;17;50;184;86;10194;59
240;20230627;18;40;179;34;10198;62
240;20230627;19;30;170;11;10198;69
240;20230627;20;20;159;1;10198;80
240;20230627;21;20;154;0;10199;84
240;20230627;22;20;153;0;10196;87
240;20230627;23;20;151;0;10190;84
240;20230627;24;20;150;0;10189;86
240;20230628;1;20;149;0;10188;84
240;20230628;2;30;145;0;10186;89
240;20230628;3;20;145;0;10183;91
240;20230628;4;30;145;0;10179;96
240;20230628;5;30;152;4;10178;98
240;20230628;6;30;160;7;10176;97
240;20230628;7;40;163;23;10177;95
240;20230628;8;40;171;29;10178;92
240;20230628;9;40;177;32;10179;90
240;20230628;10;40;192;72;10177;84
240;20230628;11;40;204;82;10176;81
240;20230628;12;40;211;104;10174;76
240;20230628;13;50;217;144;10174;76
240;20230628;14;50;216;182;10175;75
240;20230628;15;60;216;192;10173;73
240;20230628;16;60;215;99;10171;72
240;20230628;17;50;218;96;10169;68
240;20230628;18;40;218;80;10168;66
240;20230628;19;40;205;30;10168;72
240;20230628;20;30;202;8;10167;76
240;20230628;21;20;199;0;10167;78
240;20230628;22;30;201;0;10165;75
240;20230628;23;40;198;0;10162;78
240;20230628;24;30;194;0;10161;82
240;20230629;1;20;193;0;10157;84
240;20230629;2;30;190;0;10152;86
240;20230629;3;20;185;0;10148;92
240;20230629;4;20;183;1;10143;94
240;20230629;5;30;188;6;10141;92
240;20230629;6;40;191;18;10139;85
240;20230629;7;50;195;42;10139;85
240;20230629;8;50;196;59;10138;85
240;20230629;9;50;215;113;10135;79
240;20230629;10;60;217;121;10136;76
240;20230629;11;70;208;122;10136;80
240;20230629;12;80;201;133;10136;82
240;20230629;13;60;201;112;10136;79
240;20230629;14;80;192;102;10138;81
240;20230629;15;70;170;95;10142;92
240;20230629;16;60;161;42;10144;95
240;20230629;17;70;155;38;10147;93
240;20230629;18;50;161;32;10147;85
240;20230629;19;40;165;24;10146;78
240;20230629;20;40;160;14;10152;83
240;20230629;21;30;138;0;10152;86
240;20230629;22;20;125;0;10153;84
240;20230629;23;30;122;0;10151;82
240;20230629;24;20;119;0;10152;85
240;20230630;1;20;116;0;10148;86
240;20230630;2;20;114;0;10147;86
240;20230630;3;20;114;0;10145;87
240;20230630;4;10;118;3;10146;85
240;20230630;5;10;142;33;10146;82
240;20230630;6;20;167;76;10146;77
240;20230630;7;30;178;132;10145;70
240;20230630;8;40;188;172;10144;62
240;20230630;9;50;197;202;10140;58
240;20230630;10;50;202;199;10136;52
240;20230630;11;40;202;199;10132;58
240;20230630;12;40;207;81;10128;58
240;20230630;13;70;210;183;10122;52
240;20230630;14;80;217;230;10118;48
240;20230630;15;100;205;247;10116;48
240;20230630;16;80;196;119;10110;54
240;20230630;17;90;186;61;10107;57
240;20230630;18;90;185;50;10103;56
240;20230630;19;80;181;27;10099;64
240;20230630;20;80;181;3;10093;67
240;20230630;21;70;181;0;10088;67
240;20230630;22;70;178;0;10079;70
240;20230630;23;80;169;0;10071;80
240;20230630;24;80;169;0;10065;80
240;20230701;1;90;163;0;10056;87
240;20230701;2;90;159;0;10047;93
240;20230701;3;80;159;0;10041;97
240;20230701;4;80;162;1;10034;97
240;20230701;5;70;165;5;10031;97
240;20230701;6;70;168;14;10028;97
240;20230701;7;80;172;28;10028;97
240;20230701;8;70;177;48;10027;98
240;20230701;9;60;179;54;10026;94
240;20230701;10;70;188;73;10025;90
240;20230701;11;70;187;84;10027;89
240;20230701;12;70;188;104;10030;85
240;20230701;13;70;174;84;10037;91
240;20230701;14;70;173;86;10043;88
240;20230701;15;60;184;122;10044;81
240;20230701;16;60;187;90;10046;77
240;20230701;17;70;184;52;10047;79
240;20230701;18;70;180;26;10052;80
240;20230701;19;50;180;13;10055;76
240;20230701;20;50;177;4;10058;76
240;20230701;21;50;174;0;10061;78
240;20230701;22;50;177;0;10064;78
240;20230701;23;50;174;0;10066;67
240;20230701;24;60;167;0;10068;61
240;20230702;1;60;159;0;10067;65
240;20230702;2;60;150;0;10068;68
240;20230702;3;50;149;0;10071;68
240;20230702;4;60;143;3;10074;74
240;20230702;5;60;154;29;10078;71
240;20230702;6;80;163;79;10083;69
240;20230702;7;80;167;120;10087;65
240;20230702;8;90;172;182;10093;63
240;20230702;9;90;170;186;10097;66
240;20230702;10;100;180;250;10101;61
240;20230702;11;90;190;306;10104;53
240;20230702;12;90;193;303;10105;49
240;20230702;13;90;194;249;10109;54
240;20230702;14;90;189;257;10112;51
240;20230702;15;90;197;241;10109;45
240;20230702;16;90;191;159;10107;49
240;20230702;17;90;188;98;10104;53
240;20230702;18;90;183;58;10100;58
240;20230702;19;80;178;16;10098;66
240;20230702;20;70;175;4;10098;71
240;20230702;21;70;174;0;10098;74
240;20230702;22;60;173;0;10095;72
240;20230702;23;60;171;0;10091;75
240;20230702;24;60;171;0;10086;77
240;20230703;1;70;171;0;10084;75
240;20230703;2;70;165;0;10085;54
240;20230703;3;70;164;0;10083;56
240;20230703;4;70;158;2;10084;62
240;20230703;5;70;159;23;10085;64
240;20230703;6;70;170;80;10088;65
240;20230703;7;70;173;119;10090;63
240;20230703;8;90;166;158;10094;61
240;20230703;9;90;175;215;10097;58
240;20230703;10;100;186;182;10098;59
240;20230703;11;100;189;225;10101;54
240;20230703;12;100;173;221;10102;57
240;20230703;13;100;170;68;10103;58
240;20230703;14;110;186;182;10100;49
240;20230703;15;120;194;183;10095;50
240;20230703;16;120;188;174;10093;53
240;20230703;17;110;184;77;10088;57
240;20230703;18;110;170;23;10088;70
240;20230703;19;110;148;3;10088;91
240;20230703;20;80;150;2;10086;86
240;20230703;21;70;152;0;10090;86
240;20230703;22;60;146;0;10092;89
240;20230703;23;60;155;0;10093;79
240;20230703;24;50;148;0;10096;82
240;20230704;1;50;151;0;10098;73
240;20230704;2;60;146;0;10097;74
240;20230704;3;60;139;0;10098;73
240;20230704;4;50;147;2;10099;67
240;20230704;5;50;152;15;10101;68
240;20230704;6;50;164;61;10104;65
240;20230704;7;70;159;79;10109;75
240;20230704;8;80;171;147;10111;66
240;20230704;9;80;166;88;10117;65
240;20230704;10;70;169;111;10121;73
240;20230704;11;80;177;165;10121;65
240;20230704;12;90;191;200;10124;56
240;20230704;13;90;196;290;10123;51
240;20230704;14;90;200;258;10123;51
240;20230704;15;80;197;200;10122;49
240;20230704;16;60;191;154;10116;52
240;20230704;17;40;186;85;10111;56
240;20230704;18;20;184;44;10106;55
240;20230704;19;10;172;17;10098;70
240;20230704;20;20;174;4;10089;64
240;20230704;21;40;167;0;10082;74
240;20230704;22;50;159;0;10070;85
240;20230704;23;50;151;0;10051;96
240;20230704;24;60;149;0;10033;93
240;20230705;1;70;150;0;10010;94
240;20230705;2;80;159;0;10003;91
240;20230705;3;90;145;0;10004;91
240;20230705;4;100;139;1;9999;90
240;20230705;5;100;139;12;9997;87
240;20230705;6;130;117;8;9992;91
240;20230705;7;170;119;7;9981;97
240;20230705;8;200;118;19;10005;98
240;20230705;9;170;129;40;10031;92
240;20230705;10;150;134;59;10056;84
240;20230705;11;130;141;96;10074;84
240;20230705;12;100;135;81;10090;92
240;20230705;13;80;138;79;10098;90
240;20230705;14;70;150;120;10107;86
240;20230705;15;70;151;63;10112;82
240;20230705;16;80;169;139;10119;74
240;20230705;17;70;165;71;10123;76
240;20230705;18;70;161;54;10128;77
240;20230705;19;50;160;34;10132;78
240;20230705;20;50;156;6;10136;78
240;20230705;21;40;145;0;10140;81
240;20230705;22;40;121;0;10143;91
240;20230705;23;30;124;0;10146;93
240;20230705;24;20;134;0;10145;94
240;20230706;1;30;137;0;10145;94
240;20230706;2;40;137;0;10145;94
240;20230706;3;40;137;0;10145;96
240;20230706;4;40;143;4;10147;95
240;20230706;5;40;149;24;10150;93
240;20230706;6;40;165;74;10154;86
240;20230706;7;40;177;121;10160;80
240;20230706;8;50;185;163;10163;68
240;20230706;9;50;187;151;10167;67
240;20230706;10;70;182;171;10172;66
240;20230706;11;70;194;132;10174;56
240;20230706;12;70;208;262;10177;46
240;20230706;13;90;208;324;10179;44
240;20230706;14;80;205;300;10181;45
240;20230706;15;70;200;260;10180;48
240;20230706;16;50;197;199;10177;51
240;20230706;17;50;198;164;10178;52
240;20230706;18;50;188;83;10178;53
240;20230706;19;30;180;54;10181;57
240;20230706;20;20;179;8;10185;53
240;20230706;21;10;139;0;10190;77
240;20230706;22;10;134;0;10192;81
240;20230706;23;20;123;0;10192;87
240;20230706;24;20;127;0;10192;89
240;20230707;1;20;124;0;10189;87
240;20230707;2;10;138;0;10188;84
240;20230707;3;10;128;0;10189;88
240;20230707;4;10;135;2;10190;84
240;20230707;5;30;150;29;10191;78
240;20230707;6;40;172;75;10193;70
240;20230707;7;50;198;130;10196;61
240;20230707;8;50;219;188;10198;57
240;20230707;9;50;232;238;10200;51
240;20230707;10;60;244;282;10200;42
240;20230707;11;50;253;310;10199;39
240;20230707;12;50;257;323;10195;37
240;20230707;13;50;263;321;10193;38
240;20230707;14;40;267;288;10191;36
240;20230707;15;40;269;266;10188;30
240;20230707;16;40;271;217;10186;32
240;20230707;17;40;266;128;10183;33
240;20230707;18;30;259;101;10179;43
240;20230707;19;30;231;47;10179;53
240;20230707;20;30;205;10;10181;59
240;20230707;21;40;208;0;10183;58
240;20230707;22;40;206;0;10183;57
240;20230707;23;40;197;0;10180;61
240;20230707;24;50;192;0;10179;65
240;20230708;1;40;186;0;10175;70
240;20230708;2;50;189;0;10169;66
240;20230708;3;50;180;0;10166;71
240;20230708;4;50;186;2;10166;66
240;20230708;5;40;190;25;10167;66
240;20230708;6;30;202;71;10167;63
240;20230708;7;40;213;126;10167;61
240;20230708;8;30;233;182;10165;57
240;20230708;9;30;250;235;10167;58
240;20230708;10;20;267;273;10165;53
240;20230708;11;30;278;299;10165;46
240;20230708;12;30;291;312;10162;47
240;20230708;13;30;304;304;10159;42
240;20230708;14;30;311;288;10159;36
240;20230708;15;30;318;241;10159;32
240;20230708;16;30;306;168;10159;33
240;20230708;17;20;312;70;10157;37
240;20230708;18;30;293;84;10156;50
240;20230708;19;20;276;45;10158;60
240;20230708;20;10;260;7;10161;64
240;20230708;21;20;240;0;10166;74
240;20230708;22;10;223;0;10165;81
240;20230708;23;10;234;0;10171;70
240;20230708;24;20;216;0;10167;81
240;20230709;1;20;219;0;10171;77
240;20230709;2;20;211;0;10171;78
240;20230709;3;10;206;0;10173;81
240;20230709;4;10;200;1;10174;84
240;20230709;5;10;206;16;10176;86
240;20230709;6;10;235;55;10176;78
240;20230709;7;20;234;95;10183;72
240;20230709;8;40;243;152;10183;61
240;20230709;9;40;259;205;10179;60
240;20230709;10;40;268;209;10183;60
240;20230709;11;40;265;229;10181;61
240;20230709;12;30;279;250;10183;57
240;20230709;13;70;221;168;10192;75
240;20230709;14;70;221;108;10189;75
240;20230709;15;60;201;34;10202;84
240;20230709;16;40;198;42;10187;92
240;20230709;17;50;203;83;10196;87
240;20230709;18;30;200;51;10199;86
240;20230709;19;40;192;18;10197;86
240;20230709;20;30;187;4;10199;85
240;20230709;21;30;182;0;10204;86
240;20230709;22;30;177;0;10207;88
240;20230709;23;20;174;0;10208;89
240;20230709;24;10;171;0;10201;89
240;20230710;1;30;172;0;10202;91
240;20230710;2;30;175;0;10202;91
240;20230710;3;40;170;0;10200;87
240;20230710;4;30;166;2;10205;90
240;20230710;5;40;177;22;10208;86
240;20230710;6;40;187;73;10209;83
240;20230710;7;50;197;125;10212;76
240;20230710;8;50;203;185;10213;69
240;20230710;9;60;213;239;10213;64
240;20230710;10;60;213;277;10216;65
240;20230710;11;60;221;309;10218;60
240;20230710;12;70;225;322;10215;56
240;20230710;13;70;226;313;10214;44
240;20230710;14;60;228;282;10212;40
240;20230710;15;40;228;261;10208;38
240;20230710;16;40;230;213;10201;41
240;20230710;17;30;229;156;10197;43
240;20230710;18;30;221;85;10194;49
240;20230710;19;20;206;38;10189;60
240;20230710;20;10;198;5;10184;61
240;20230710;21;10;178;0;10184;82
240;20230710;22;10;197;0;10182;67
240;20230710;23;20;173;0;10176;78
240;20230710;24;20;172;0;10170;79
240;20230711;1;10;165;0;10163;85
240;20230711;2;20;159;0;10154;83
240;20230711;3;30;171;0;10145;79
240;20230711;4;40;177;1;10138;71
240;20230711;5;40;183;23;10133;77
240;20230711;6;40;193;55;10126;75
240;20230711;7;40;223;116;10123;65
240;20230711;8;60;240;185;10121;58
240;20230711;9;80;248;234;10119;54
240;20230711;10;70;242;280;10117;58
240;20230711;11;90;248;305;10115;54
240;20230711;12;90;253;300;10113;57
240;20230711;13;80;245;279;10111;66
240;20230711;14;70;241;252;10109;67
240;20230711;15;70;239;194;10106;67
240;20230711;16;60;231;157;10103;70
240;20230711;17;60;242;177;10097;65
240;20230711;18;60;226;76;10094;68
240;20230711;19;70;213;37;10087;65
240;20230711;20;40;193;4;10084;77
240;20230711;21;30;187;0;10084;78
240;20230711;22;40;178;0;10086;82
240;20230711;23;50;176;0;10084;86
240;20230711;24;40;177;0;10087;82
240;20230712;1;60;171;0;10077;89
240;20230712;2;50;172;0;10083;90
240;20230712;3;50;172;0;10080;93
240;20230712;4;50;170;0;10081;87
240;20230712;5;50;174;25;10085;86
240;20230712;6;60;177;33;10088;86
240;20230712;7;70;184;68;10093;84
240;20230712;8;80;193;142;10099;75
240;20230712;9;80;199;198;10107;73
240;20230712;10;80;196;211;10110;69
240;20230712;11;80;198;257;10114;66
240;20230712;12;90;201;243;10117;69
240;20230712;13;90;206;274;10119;65
240;20230712;14;80;210;276;10122;58
240;20230712;15;80;213;260;10123;59
240;20230712;16;90;205;214;10123;65
240;20230712;17;80;202;149;10123;57
240;20230712;18;80;199;97;10122;57
240;20230712;19;80;187;44;10123;65
240;20230712;20;70;181;7;10129;77
240;20230712;21;70;178;0;10129;80
240;20230712;22;60;156;0;10131;95
240;20230712;23;30;165;0;10131;89
240;20230712;24;50;169;0;10130;88
240;20230713;1;50;169;0;10129;84
240;20230713;2;50;164;0;10132;82
240;20230713;3;40;158;0;10134;87
240;20230713;4;50;163;2;10135;86
240;20230713;5;40;170;17;10139;88
240;20230713;6;40;181;48;10144;80
240;20230713;7;60;184;100;10148;76
240;20230713;8;60;188;125;10151;73
240;20230713;9;70;197;177;10154;68
240;20230713;10;80;187;177;10158;69
240;20230713;11;90;191;216;10164;67
240;20230713;12;90;198;288;10167;66
240;20230713;13;90;206;310;10166;68
240;20230713;14;90;201;264;10170;64
240;20230713;15;80;205;234;10170;64
240;20230713;16;80;196;182;10170;68
240;20230713;17;70;196;123;10172;69
240;20230713;18;60;190;75;10172;71
240;20230713;19;50;186;27;10172;73
240;20230713;20;50;183;5;10174;72
240;20230713;21;40;179;0;10174;72
240;20230713;22;40;168;0;10175;78
240;20230713;23;40;161;0;10173;82
240;20230713;24;30;150;0;10171;83
240;20230714;1;30;154;0;10168;85
240;20230714;2;30;149;0;10164;87
240;20230714;3;30;145;0;10163;91
240;20230714;4;30;147;1;10159;89
240;20230714;5;30;149;18;10158;87
240;20230714;6;50;164;66;10156;85
240;20230714;7;50;175;121;10153;81
240;20230714;8;50;181;101;10150;79
240;20230714;9;60;191;161;10149;73
240;20230714;10;50;204;197;10145;60
240;20230714;11;50;206;213;10140;62
240;20230714;12;40;203;125;10133;61
240;20230714;13;50;215;224;10125;57
240;20230714;14;50;217;188;10118;56
240;20230714;15;40;215;112;10107;61
240;20230714;16;40;214;81;10095;59
240;20230714;17;30;205;32;10084;70
240;20230714;18;30;207;31;10077;67
240;20230714;19;40;207;20;10069;68
240;20230714;20;40;213;3;10061;62
240;20230714;21;60;208;0;10054;67
240;20230714;22;60;208;0;10043;65
240;20230714;23;60;208;0;10034;65
240;20230714;24;50;208;0;10028;64
240;20230715;1;50;218;0;10029;57
240;20230715;2;50;189;0;10033;74
240;20230715;3;40;200;0;10033;77
240;20230715;4;50;201;1;10034;80
240;20230715;5;60;204;12;10038;75
240;20230715;6;70;198;23;10039;75
240;20230715;7;70;202;67;10041;66
240;20230715;8;60;219;158;10044;61
240;20230715;9;70;226;189;10047;57
240;20230715;10;80;227;206;10049;58
240;20230715;11;80;226;153;10047;62
240;20230715;12;90;235;268;10040;58
240;20230715;13;80;251;204;10036;51
240;20230715;14;90;256;221;10027;49
240;20230715;15;110;182;74;10035;86
240;20230715;16;90;181;43;10049;88
240;20230715;17;60;196;95;10045;76
240;20230715;18;70;206;100;10046;61
240;20230715;19;90;202;52;10050;65
240;20230715;20;100;186;15;10057;54
240;20230715;21;90;178;0;10061;61
240;20230715;22;70;175;0;10064;63
240;20230715;23;70;170;0;10067;71
240;20230715;24;70;164;0;10069;75
240;20230716;1;70;168;0;10068;69
240;20230716;2;80;173;0;10069;69
240;20230716;3;90;174;0;10069;68
240;20230716;4;100;172;1;10076;70
240;20230716;5;100;172;12;10079;72
240;20230716;6;110;179;48;10084;67
240;20230716;7;120;180;100;10091;65
240;20230716;8;120;185;111;10097;66
240;20230716;9;110;186;110;10101;68
240;20230716;10;120;190;141;10108;63
240;20230716;11;120;213;168;10113;52
240;20230716;12;130;208;226;10118;46
240;20230716;13;120;203;249;10123;50
240;20230716;14;120;209;194;10127;55
240;20230716;15;120;205;221;10129;57
240;20230716;16;110;203;166;10130;57
240;20230716;17;100;202;113;10132;50
240;20230716;18;80;201;82;10133;52
240;20230716;19;70;193;29;10135;56
240;20230716;20;50;183;4;10138;65
240;20230716;21;50;182;0;10139;69
240;20230716;22;50;174;0;10141;74
240;20230716;23;60;161;0;10143;83
240;20230716;24;50;160;0;10142;84
240;20230717;1;60;159;0;10143;83
240;20230717;2;50;160;0;10145;82
240;20230717;3;50;152;0;10147;82
240;20230717;4;50;154;1;10148;82
240;20230717;5;50;164;9;10152;79
240;20230717;6;60;167;48;10159;78
240;20230717;7;70;175;82;10163;73
240;20230717;8;80;187;164;10169;66
240;20230717;9;90;191;184;10174;60
240;20230717;10;80;182;214;10176;65
240;20230717;11;90;190;239;10178;61
240;20230717;12;90;190;228;10180;62
240;20230717;13;90;194;223;10182;58
240;20230717;14;90;195;189;10186;61
240;20230717;15;90;193;163;10188;57
240;20230717;16;80;201;195;10186;55
240;20230717;17;80;197;157;10191;59
240;20230717;18;80;189;96;10196;64
240;20230717;19;70;181;43;10199;70
240;20230717;20;60;174;6;10204;76
240;20230717;21;40;168;0;10205;81
240;20230717;22;40;163;0;10206;85
240;20230717;23;30;152;0;10209;87
240;20230717;24;20;148;0;10206;90
240;20230718;1;30;146;0;10205;91
240;20230718;2;20;142;0;10203;91
240;20230718;3;20;138;0;10199;92
240;20230718;4;30;140;0;10200;90
240;20230718;5;30;145;18;10198;86
240;20230718;6;40;158;67;10198;84
240;20230718;7;30;174;111;10199;81
240;20230718;8;40;188;163;10197;80
240;20230718;9;40;199;215;10195;70
240;20230718;10;50;206;235;10191;69
240;20230718;11;40;208;183;10186;62
240;20230718;12;40;218;307;10183;53
240;20230718;13;50;222;275;10180;53
240;20230718;14;50;224;261;10175;55
240;20230718;15;40;216;237;10172;50
240;20230718;16;40;209;166;10168;50
240;20230718;17;30;202;73;10162;54
240;20230718;18;30;194;30;10160;59
240;20230718;19;20;186;9;10156;63
240;20230718;20;10;172;1;10154;71
240;20230718;21;10;173;0;10151;72
240;20230718;22;20;166;0;10149;75
240;20230718;23;20;152;0;10147;84
240;20230718;24;0;151;0;10144;88
240;20230719;1;0;157;0;10141;88
240;20230719;2;10;159;0;10138;85
240;20230719;3;20;158;0;10136;79
240;20230719;4;20;154;0;10135;85
240;20230719;5;10;161;10;10135;86
240;20230719;6;10;174;36;10135;73
240;20230719;7;10;184;93;10136;72
240;20230719;8;20;192;132;10136;68
240;20230719;9;40;192;92;10135;68
240;20230719;10;50;193;237;10137;69
240;20230719;11;50;201;242;10137;69
240;20230719;12;50;200;267;10136;63
240;20230719;13;60;210;320;10137;65
240;20230719;14;60;201;252;10139;65
240;20230719;15;60;198;193;10139;67
240;20230719;16;60;187;126;10139;68
240;20230719;17;50;187;74;10140;70
240;20230719;18;50;178;44;10140;75
240;20230719;19;40;175;20;10142;76
240;20230719;20;30;171;2;10140;78
240;20230719;21;30;158;0;10143;90
240;20230719;22;30;156;0;10144;90
240;20230719;23;30;153;0;10147;90
240;20230719;24;20;141;0;10149;92
240;20230720;1;10;133;0;10148;96
240;20230720;2;20;131;0;10148;96
240;20230720;3;20;120;0;10150;96
240;20230720;4;20;121;1;10153;96
240;20230720;5;10;134;21;10155;88
240;20230720;6;10;162;76;10156;74
240;20230720;7;20;172;116;10157;66
240;20230720;8;20;175;172;10160;64
240;20230720;9;20;183;207;10159;59
240;20230720;10;20;190;211;10159;55
240;20230720;11;20;197;270;10157;51
240;20230720;12;30;205;306;10153;52
240;20230720;13;40;211;294;10151;51
240;20230720;14;40;211;285;10148;50
240;20230720;15;40;194;176;10146;50
240;20230720;16;40;200;198;10142;47
240;20230720;17;30;190;140;10140;50
240;20230720;18;40;187;102;10137;55
240;20230720;19;40;165;27;10136;66
240;20230720;20;20;150;4;10139;72
240;20230720;21;20;148;0;10138;76
240;20230720;22;20;151;0;10135;76
240;20230720;23;10;147;0;10133;80
240;20230720;24;10;147;0;10130;80
240;20230721;1;20;144;0;10126;84
240;20230721;2;10;147;0;10122;83
240;20230721;3;0;147;0;10120;82
240;20230721;4;0;134;0;10118;93
240;20230721;5;10;143;13;10112;89
240;20230721;6;10;159;29;10113;80
240;20230721;7;10;167;40;10113;71
240;20230721;8;20;175;96;10112;68
240;20230721;9;30;179;99;10112;65
240;20230721;10;30;188;138;10110;57
240;20230721;11;50;180;80;10113;58
240;20230721;12;60;189;246;10111;64
240;20230721;13;70;193;219;10113;60
240;20230721;14;70;184;218;10117;57
240;20230721;15;80;183;214;10119;62
240;20230721;16;80;183;153;10122;51
240;20230721;17;80;179;152;10125;57
240;20230721;18;70;170;83;10128;63
240;20230721;19;60;165;32;10130;64
240;20230721;20;50;161;5;10133;66
240;20230721;21;40;147;0;10137;77
240;20230721;22;30;144;0;10138;83
240;20230721;23;30;142;0;10137;87
240;20230721;24;30;140;0;10136;89
240;20230722;1;30;139;0;10133;89
240;20230722;2;30;138;0;10129;91
240;20230722;3;30;135;0;10126;90
240;20230722;4;30;143;0;10127;84
240;20230722;5;30;150;6;10126;87
240;20230722;6;30;159;23;10125;86
240;20230722;7;40;165;41;10123;88
240;20230722;8;60;170;51;10122;87
240;20230722;9;70;171;73;10122;74
240;20230722;10;80;182;68;10123;71
240;20230722;11;80;180;86;10124;74
240;20230722;12;90;190;149;10120;57
240;20230722;13;90;186;106;10121;57
240;20230722;14;90;197;140;10118;57
240;20230722;15;80;183;76;10116;62
240;20230722;16;80;186;42;10112;60
240;20230722;17;80;184;46;10109;62
240;20230722;18;80;168;27;10107;79
240;20230722;19;80;154;8;10106;89
240;20230722;20;60;153;1;10101;92
240;20230722;21;70;152;0;10098;92
240;20230722;22;60;154;0;10091;88
240;20230722;23;60;152;0;10088;89
240;20230722;24;50;151;0;10078;90
240;20230723;1;50;156;0;10072;86
240;20230723;2;60;154;0;10066;90
240;20230723;3;50;153;0;10056;92
240;20230723;4;50;152;0;10048;92
240;20230723;5;60;156;4;10044;89
240;20230723;6;70;155;14;10043;93
240;20230723;7;80;156;29;10044;92
240;20230723;8;80;162;48;10041;89
240;20230723;9;80;168;35;10042;86
240;20230723;10;80;170;43;10043;89
240;20230723;11;80;176;57;10044;91
240;20230723;12;90;199;156;10043;77
240;20230723;13;120;212;142;10044;68
240;20230723;14;110;222;216;10044;62
240;20230723;15;110;219;221;10044;61
240;20230723;16;100;217;184;10043;59
240;20230723;17;100;212;132;10040;60
240;20230723;18;80;208;72;10039;64
240;20230723;19;80;197;25;10037;66
240;20230723;20;80;194;5;10040;70
240;20230723;21;70;189;0;10043;74
240;20230723;22;50;180;0;10041;82
240;20230723;23;60;183;0;10040;80
240;20230723;24;50;169;0;10036;85
240;20230724;1;40;166;0;10029;89
240;20230724;2;30;171;0;10027;86
240;20230724;3;40;174;0;10022;83
240;20230724;4;40;173;0;10020;84
240;20230724;5;40;174;2;10020;83
240;20230724;6;40;179;17;10020;85
240;20230724;7;50;184;41;10023;82
240;20230724;8;60;197;112;10020;77
240;20230724;9;60;200;147;10019;70
240;20230724;10;70;201;143;10016;71
240;20230724;11;70;204;219;10018;71
240;20230724;12;80;197;154;10021;76
240;20230724;13;70;192;173;10021;72
240;20230724;14;70;181;146;10027;75
240;20230724;15;70;161;64;10035;80
240;20230724;16;70;163;56;10041;78
240;20230724;17;60;168;64;10045;71
240;20230724;18;60;162;26;10053;72
240;20230724;19;50;158;23;10057;70
240;20230724;20;40;143;4;10064;76
240;20230724;21;20;128;0;10069;80
240;20230724;22;20;134;0;10070;82
240;20230724;23;20;131;0;10070;83
240;20230724;24;10;122;0;10070;83
240;20230725;1;10;118;0;10067;85
240;20230725;2;10;106;0;10066;88
240;20230725;3;10;125;0;10065;87
240;20230725;4;30;137;0;10065;86
240;20230725;5;20;136;9;10068;81
240;20230725;6;20;152;55;10071;67
240;20230725;7;40;159;122;10072;61
240;20230725;8;50;161;122;10074;57
240;20230725;9;50;163;171;10077;57
240;20230725;10;60;175;200;10083;57
240;20230725;11;60;179;166;10085;57
240;20230725;12;70;176;211;10089;63
240;20230725;13;70;180;238;10089;58
240;20230725;14;70;172;205;10091;58
240;20230725;15;70;170;231;10094;59
240;20230725;16;60;177;117;10098;58
240;20230725;17;60;171;110;10098;59
240;20230725;18;70;146;40;10102;72
240;20230725;19;30;145;8;10104;78
240;20230725;20;30;144;3;10107;76
240;20230725;21;30;140;0;10110;71
240;20230725;22;20;137;0;10110;78
240;20230725;23;20;130;0;10111;78
240;20230725;24;20;130;0;10110;76
240;20230726;1;20;119;0;10109;81
240;20230726;2;10;110;0;10108;85
240;20230726;3;20;111;0;10107;86
240;20230726;4;20;114;0;10105;91
240;20230726;5;20;130;9;10109;88
240;20230726;6;30;134;3;10110;92
240;20230726;7;30;152;72;10115;79
240;20230726;8;20;168;144;10117;75
240;20230726;9;50;175;132;10119;68
240;20230726;10;70;166;167;10121;77
240;20230726;11;70;183;235;10121;65
240;20230726;12;80;198;296;10124;59
240;20230726;13;80;197;221;10128;56
240;20230726;14;80;186;216;10127;59
240;20230726;15;70;195;204;10127;54
240;20230726;16;60;193;206;10125;52
240;20230726;17;50;187;146;10120;49
240;20230726;18;50;184;82;10118;50
240;20230726;19;40;174;19;10117;52
240;20230726;20;40;157;3;10114;59
240;20230726;21;30;159;0;10111;62
240;20230726;22;40;158;0;10104;70
240;20230726;23;40;158;0;10097;70
240;20230726;24;50;164;0;10090;71
240;20230727;1;40;152;0;10084;84
240;20230727;2;50;146;0;10076;95
240;20230727;3;40;144;0;10063;96
240;20230727;4;50;142;0;10050;96
240;20230727;5;60;145;1;10043;97
240;20230727;6;60;150;6;10033;97
240;20230727;7;60;162;22;10030;97
240;20230727;8;50;177;43;10027;94
240;20230727;9;70;181;58;10026;93
240;20230727;10;60;183;62;10026;94
240;20230727;11;70;186;104;10025;93
240;20230727;12;80;187;99;10025;94
240;20230727;13;80;191;96;10025;93
240;20230727;14;80;190;72;10027;94
240;20230727;15;80;188;46;10029;93
240;20230727;16;80;188;50;10029;94
240;20230727;17;80;189;40;10028;90
240;20230727;18;80;189;22;10028;90
240;20230727;19;80;187;12;10032;90
240;20230727;20;80;186;1;10036;90
240;20230727;21;70;185;0;10035;91
240;20230727;22;70;184;0;10037;91
240;20230727;23;70;183;0;10037;92
240;20230727;24;60;184;0;10039;93
240;20230728;1;60;185;0;10037;93
240;20230728;2;50;185;0;10040;93
240;20230728;3;50;187;0;10040;93
240;20230728;4;40;188;0;10044;92
240;20230728;5;40;189;4;10044;92
240;20230728;6;50;189;12;10049;92
240;20230728;7;50;191;18;10054;93
240;20230728;8;60;195;36;10059;87
240;20230728;9;50;198;50;10064;86
240;20230728;10;60;198;81;10068;83
240;20230728;11;50;203;68;10068;81
240;20230728;12;60;207;111;10073;79
240;20230728;13;60;218;183;10073;72
240;20230728;14;60;218;171;10072;70
240;20230728;15;50;210;102;10073;76
240;20230728;16;50;195;39;10073;87
240;20230728;17;40;207;55;10069;78
240;20230728;18;50;209;44;10069;74
240;20230728;19;40;199;35;10070;76
240;20230728;20;50;194;2;10072;77
240;20230728;21;50;191;0;10072;81
240;20230728;22;40;175;0;10069;88
240;20230728;23;30;169;0;10068;90
240;20230728;24;40;175;0;10067;87
240;20230729;1;40;177;0;10063;84
240;20230729;2;50;172;0;10060;82
240;20230729;3;50;165;0;10057;89
240;20230729;4;40;168;0;10057;89
240;20230729;5;50;174;5;10057;87
240;20230729;6;50;180;22;10057;87
240;20230729;7;50;183;22;10060;87
240;20230729;8;50;195;83;10061;81
240;20230729;9;70;187;69;10064;82
240;20230729;10;70;201;125;10064;72
240;20230729;11;70;194;110;10066;79
240;20230729;12;60;191;81;10067;87
240;20230729;13;60;209;143;10065;80
240;20230729;14;70;212;171;10066;71
240;20230729;15;70;218;209;10066;59
240;20230729;16;90;212;202;10065;64
240;20230729;17;80;208;143;10066;61
240;20230729;18;80;201;75;10068;64
240;20230729;19;70;192;35;10070;71
240;20230729;20;60;183;4;10075;79
240;20230729;21;50;174;0;10076;83
240;20230729;22;50;168;0;10076;86
240;20230729;23;40;166;0;10076;87
240;20230729;24;50;165;0;10079;88
240;20230730;1;50;170;0;10081;88
240;20230730;2;50;176;0;10082;86
240;20230730;3;50;171;0;10081;87
240;20230730;4;60;175;0;10083;69
240;20230730;5;60;174;7;10084;65
240;20230730;6;50;179;34;10084;70
240;20230730;7;60;175;40;10085;79
240;20230730;8;80;167;39;10091;81
240;20230730;9;70;171;72;10092;80
240;20230730;10;90;191;166;10098;69
240;20230730;11;100;195;172;10101;65
240;20230730;12;110;206;241;10104;62
240;20230730;13;110;202;307;10108;57
240;20230730;14;110;200;208;10109;62
240;20230730;15;110;199;186;10108;57
240;20230730;16;110;197;99;10107;70
240;20230730;17;100;189;70;10105;75
240;20230730;18;100;184;41;10103;79
240;20230730;19;80;176;10;10101;85
240;20230730;20;70;173;0;10100;90
240;20230730;21;70;164;0;10098;92
240;20230730;22;60;159;0;10093;95
240;20230730;23;60;157;0;10090;97
240;20230730;24;80;173;0;10085;90
240;20230731;1;80;172;0;10083;92
240;20230731;2;90;174;0;10078;91
240;20230731;3;80;174;0;10073;87
240;20230731;4;80;171;0;10068;91
240;20230731;5;70;166;2;10063;96
240;20230731;6;70;160;6;10058;98
240;20230731;7;70;170;13;10052;98
240;20230731;8;80;177;29;10051;96
240;20230731;9;90;183;59;10048;93
240;20230731;10;90;192;57;10047;91
240;20230731;11;90;194;110;10047;88
240;20230731;12;100;194;96;10046;85
240;20230731;13;100;199;94;10042;82
240;20230731;14;100;189;78;10037;91
240;20230731;15;90;192;49;10031;88
240;20230731;16;90;187;39;10022;91
240;20230731;17;80;190;38;10016;89
240;20230731;18;80;186;16;10014;89
240;20230731;19;70;184;16;10007;83
240;20230731;20;70;177;2;10004;79
240;20230731;21;60;179;0;9997;79
240;20230731;22;50;177;0;9989;81
240;20230731;23;50;159;0;9987;85
240;20230731;24;40;170;0;9982;83
240;20230801;1;50;170;0;9974;81
240;20230801;2;50;167;0;9973;83
240;20230801;3;50;170;0;9971;82
240;20230801;4;80;171;0;9971;81
240;20230801;5;70;167;6;9972;84
240;20230801;6;80;167;21;9974;82
240;20230801;7;80;173;67;9977;80
240;20230801;8;80;170;63;9981;87
240;20230801;9;100;179;165;9985;79
240;20230801;10;110;186;171;9990;73
240;20230801;11;100;180;177;9994;73
240;20230801;12;100;194;214;9999;65
240;20230801;13;100;188;187;10000;68
240;20230801;14;110;174;114;10006;82
240;20230801;15;80;188;158;10008;77
240;20230801;16;80;177;48;10010;77
240;20230801;17;80;169;56;10013;81
240;20230801;18;50;180;27;10012;74
240;20230801;19;60;179;13;10015;71
240;20230801;20;50;178;1;10017;76
240;20230801;21;40;176;0;10016;76
240;20230801;22;40;162;0;10012;82
240;20230801;23;40;161;0;10007;92
240;20230801;24;40;167;0;9999;89
240;20230802;1;40;160;0;9995;92
240;20230802;2;40;157;0;9985;90
240;20230802;3;50;154;0;9975;92
240;20230802;4;50;150;0;9963;93
240;20230802;5;50;152;4;9946;94
240;20230802;6;60;153;5;9935;95
240;20230802;7;60;154;9;9919;97
240;20230802;8;60;159;25;9905;97
240;20230802;9;70;172;56;9895;97
240;20230802;10;60;188;77;9889;91
240;20230802;11;90;201;190;9883;76
240;20230802;12;110;215;255;9881;64
240;20230802;13;120;200;154;9882;69
240;20230802;14;130;208;246;9885;60
240;20230802;15;130;208;231;9884;59
240;20230802;16;120;197;149;9886;65
240;20230802;17;110;169;72;9887;87
240;20230802;18;60;169;22;9883;90
240;20230802;19;50;163;8;9880;94
240;20230802;20;60;166;0;9876;92
240;20230802;21;70;169;0;9874;91
240;20230802;22;60;167;0;9868;91
240;20230802;23;70;164;0;9868;96
240;20230802;24;50;168;0;9875;95
240;20230803;1;60;172;0;9883;91
240;20230803;2;60;171;0;9890;91
240;20230803;3;40;167;0;9894;93
240;20230803;4;40;168;0;9901;92
240;20230803;5;50;170;2;9907;91
240;20230803;6;50;170;13;9913;93
240;20230803;7;40;176;46;9927;94
240;20230803;8;60;182;94;9947;85
240;20230803;9;70;195;164;9959;86
240;20230803;10;80;179;103;9975;84
240;20230803;11;90;182;116;9989;80
240;20230803;12;100;183;116;10004;77
240;20230803;13;100;186;154;10019;73
240;20230803;14;100;189;199;10032;71
240;20230803;15;80;171;94;10046;82
240;20230803;16;80;156;42;10056;86
240;20230803;17;60;168;36;10058;80
240;20230803;18;60;176;27;10066;75
240;20230803;19;50;163;23;10075;79
240;20230803;20;40;164;1;10082;81
240;20230803;21;40;164;0;10089;81
240;20230803;22;30;158;0;10094;84
240;20230803;23;30;156;0;10097;89
240;20230803;24;30;159;0;10098;88
240;20230804;1;30;152;0;10100;90
240;20230804;2;30;159;0;10102;88
240;20230804;3;30;159;0;10106;88
240;20230804;4;30;159;0;10109;87
240;20230804;5;30;162;2;10115;85
240;20230804;6;30;161;13;10120;89
240;20230804;7;30;159;25;10128;90
240;20230804;8;20;166;39;10132;89
240;20230804;9;40;174;59;10137;78
240;20230804;10;60;189;190;10140;75
240;20230804;11;70;186;202;10143;70
240;20230804;12;60;190;161;10149;72
240;20230804;13;70;188;200;10152;70
240;20230804;14;60;183;150;10156;71
240;20230804;15;60;193;230;10157;65
240;20230804;16;60;193;222;10158;68
240;20230804;17;60;188;121;10161;70
240;20230804;18;60;179;53;10164;73
240;20230804;19;40;167;20;10167;79
240;20230804;20;30;154;2;10174;85
240;20230804;21;10;149;0;10175;89
240;20230804;22;10;143;0;10175;92
240;20230804;23;10;136;0;10173;95
240;20230804;24;10;133;0;10168;94
240;20230805;1;20;139;0;10163;95
240;20230805;2;20;148;0;10161;93
240;20230805;3;20;148;0;10153;92
240;20230805;4;20;145;0;10148;93
240;20230805;5;30;145;3;10142;96
240;20230805;6;30;151;19;10136;93
240;20230805;7;40;162;64;10131;86
240;20230805;8;50;170;92;10126;81
240;20230805;9;70;188;166;10117;75
240;20230805;10;70;182;138;10111;74
240;20230805;11;70;179;97;10104;70
240;20230805;12;70;165;44;10099;79
240;20230805;13;60;154;31;10094;89
240;20230805;14;50;158;67;10088;79
240;20230805;15;60;155;62;10081;79
240;20230805;16;60;160;97;10071;76
240;20230805;17;60;162;88;10065;74
240;20230805;18;50;158;21;10061;76
240;20230805;19;40;154;8;10059;84
240;20230805;20;40;149;0;10056;90
240;20230805;21;40;148;0;10053;93
240;20230805;22;40;148;0;10049;94
240;20230805;23;30;145;0;10045;97
240;20230805;24;30;146;0;10043;98
240;20230806;1;20;147;0;10043;98
240;20230806;2;20;149;0;10043;96
240;20230806;3;20;148;0;10043;97
240;20230806;4;40;137;0;10046;95
240;20230806;5;40;139;2;10049;95
240;20230806;6;40;143;6;10056;96
240;20230806;7;40;143;13;10062;95
240;20230806;8;40;147;23;10064;95
240;20230806;9;40;156;44;10066;89
240;20230806;10;50;159;48;10074;86
240;20230806;11;50;158;53;10077;86
240;20230806;12;50;162;74;10079;89
240;20230806;13;60;169;134;10084;83
240;20230806;14;70;157;93;10089;87
240;20230806;15;90;155;43;10100;84
240;20230806;16;100;162;80;10109;78
240;20230806;17;100;155;77;10113;76
240;20230806;18;100;145;35;10116;89
240;20230806;19;100;141;9;10118;91
240;20230806;20;100;138;0;10120;93
240;20230806;21;110;142;0;10123;86
240;20230806;22;100;144;0;10126;82
240;20230806;23;90;140;0;10126;91
240;20230806;24;90;145;0;10129;80
240;20230807;1;90;146;0;10130;81
240;20230807;2;90;144;0;10129;84
240;20230807;3;80;138;0;10133;94
240;20230807;4;80;144;0;10133;83
240;20230807;5;80;147;3;10136;81
240;20230807;6;80;146;14;10142;81
240;20230807;7;70;157;47;10145;76
240;20230807;8;90;156;97;10152;72
240;20230807;9;90;162;99;10157;72
240;20230807;10;90;162;119;10163;69
240;20230807;11;80;166;98;10166;66
240;20230807;12;80;173;237;10167;60
240;20230807;13;90;181;274;10167;57
240;20230807;14;90;183;255;10169;54
240;20230807;15;90;180;204;10171;59
240;20230807;16;90;179;183;10172;64
240;20230807;17;80;177;97;10168;69
240;20230807;18;80;170;78;10163;66
240;20230807;19;70;163;19;10160;70
240;20230807;20;50;165;1;10157;73
240;20230807;21;40;169;0;10150;73
240;20230807;22;40;154;0;10145;88
240;20230807;23;40;141;0;10140;90
240;20230807;24;40;147;0;10138;90
240;20230808;1;40;155;0;10136;78
240;20230808;2;40;155;0;10132;75
240;20230808;3;40;154;0;10130;73
240;20230808;4;50;146;0;10126;71
240;20230808;5;50;148;7;10127;73
240;20230808;6;50;161;48;10127;68
240;20230808;7;70;165;94;10128;70
240;20230808;8;80;171;128;10126;65
240;20230808;9;100;170;137;10128;66
240;20230808;10;100;181;182;10130;61
240;20230808;11;110;179;193;10130;66
240;20230808;12;100;179;176;10130;64
240;20230808;13;110;180;126;10131;65
240;20230808;14;110;179;159;10133;66
240;20230808;15;100;182;138;10132;63
240;20230808;16;90;177;114;10130;62
240;20230808;17;90;173;50;10128;62
240;20230808;18;80;158;13;10126;76
240;20230808;19;40;159;9;10123;80
240;20230808;20;40;152;0;10122;91
240;20230808;21;50;146;0;10120;93
240;20230808;22;40;145;0;10122;93
240;20230808;23;40;131;0;10119;96
240;20230808;24;10;132;0;10121;97
240;20230809;1;10;121;0;10123;97
240;20230809;2;20;123;0;10126;98
240;20230809;3;30;115;0;10130;97
240;20230809;4;20;110;0;10134;98
240;20230809;5;20;123;11;10138;97
240;20230809;6;20;148;51;10143;89
240;20230809;7;30;172;97;10147;81
240;20230809;8;30;176;123;10151;82
240;20230809;9;50;193;157;10155;73
240;20230809;10;60;195;188;10159;66
240;20230809;11;70;191;170;10164;68
240;20230809;12;70;192;276;10170;65
240;20230809;13;70;197;267;10175;62
240;20230809;14;70;184;222;10182;61
240;20230809;15;70;188;228;10187;59
240;20230809;16;60;184;199;10189;61
240;20230809;17;60;174;105;10191;61
240;20230809;18;50;167;57;10195;66
240;20230809;19;40;147;15;10198;75
240;20230809;20;20;147;1;10201;75
240;20230809;21;20;138;0;10203;79
240;20230809;22;20;140;0;10205;79
240;20230809;23;20;148;0;10205;76
240;20230809;24;20;144;0;10210;76
240;20230810;1;20;134;0;10210;82
240;20230810;2;20;130;0;10210;84
240;20230810;3;10;123;0;10210;92
240;20230810;4;10;133;0;10210;91
240;20230810;5;20;137;6;10210;90
240;20230810;6;20;165;43;10210;81
240;20230810;7;30;175;101;10212;74
240;20230810;8;40;189;143;10213;68
240;20230810;9;40;186;133;10215;70
240;20230810;10;30;197;121;10213;65
240;20230810;11;40;202;140;10215;57
240;20230810;12;30;209;159;10212;57
240;20230810;13;30;218;194;10211;57
240;20230810;14;20;225;135;10210;56
240;20230810;15;30;223;141;10208;51
240;20230810;16;30;226;135;10205;51
240;20230810;17;20;232;126;10205;50
240;20230810;18;10;227;68;10204;53
240;20230810;19;20;190;18;10204;69
240;20230810;20;20;177;0;10206;74
240;20230810;21;20;170;0;10207;76
240;20230810;22;20;161;0;10206;81
240;20230810;23;30;173;0;10204;80
240;20230810;24;40;173;0;10201;81
240;20230811;1;30;167;0;10197;83
240;20230811;2;30;163;0;10194;85
240;20230811;3;30;158;0;10192;87
240;20230811;4;20;156;0;10190;87
240;20230811;5;30;163;4;10185;83
240;20230811;6;30;177;40;10186;78
240;20230811;7;30;202;93;10185;72
240;20230811;8;30;221;147;10186;65
240;20230811;9;30;230;169;10186;64
240;20230811;10;30;251;226;10186;60
240;20230811;11;40;261;204;10185;59
240;20230811;12;60;251;237;10187;61
240;20230811;13;70;232;244;10189;69
240;20230811;14;60;239;191;10187;67
240;20230811;15;60;230;148;10186;71
240;20230811;16;80;217;88;10186;76
240;20230811;17;70;212;51;10184;78
240;20230811;18;60;209;21;10181;81
240;20230811;19;50;210;6;10181;79
240;20230811;20;50;208;0;10181;80
240;20230811;21;40;198;0;10177;85
240;20230811;22;30;195;0;10175;87
240;20230811;23;30;189;0;10173;90
240;20230811;24;30;187;0;10170;90
240;20230812;1;30;189;0;10166;91
240;20230812;2;40;191;0;10161;92
240;20230812;3;40;194;0;10156;93
240;20230812;4;30;192;0;10149;95
240;20230812;5;30;192;2;10144;96
240;20230812;6;20;195;7;10144;96
240;20230812;7;30;195;6;10139;97
240;20230812;8;50;162;13;10144;95
240;20230812;9;40;178;47;10146;88
240;20230812;10;40;198;132;10148;75
240;20230812;11;70;208;211;10147;71
240;20230812;12;70;215;293;10148;64
240;20230812;13;70;216;285;10152;68
240;20230812;14;80;219;266;10153;62
240;20230812;15;90;211;228;10154;60
240;20230812;16;80;211;185;10154;60
240;20230812;17;90;211;129;10152;55
240;20230812;18;100;201;69;10152;62
240;20230812;19;80;192;21;10156;68
240;20230812;20;60;187;1;10158;67
240;20230812;21;60;181;0;10157;73
240;20230812;22;50;180;0;10158;78
240;20230812;23;60;173;0;10158;83
240;20230812;24;50;178;0;10159;84
240;20230813;1;50;177;0;10156;83
240;20230813;2;70;176;0;10155;82
240;20230813;3;60;173;0;10155;85
240;20230813;4;60;173;0;10154;86
240;20230813;5;60;171;2;10156;87
240;20230813;6;60;176;20;10158;85
240;20230813;7;70;189;90;10159;80
240;20230813;8;70;192;127;10160;77
240;20230813;9;70;198;92;10160;74
240;20230813;10;70;201;115;10156;68
240;20230813;11;60;205;124;10155;69
240;20230813;12;70;221;198;10155;63
240;20230813;13;70;210;140;10154;68
240;20230813;14;50;198;62;10154;77
240;20230813;15;50;217;142;10151;59
240;20230813;16;70;210;186;10153;56
240;20230813;17;70;206;101;10152;62
240;20230813;18;60;199;40;10150;63
240;20230813;19;40;184;13;10153;75
240;20230813;20;30;172;0;10155;81
240;20230813;21;30;169;0;10156;84
240;20230813;22;40;165;0;10157;85
240;20230813;23;40;162;0;10157;88
240;20230813;24;30;159;0;10155;90
240;20230814;1;40;156;0;10152;91
240;20230814;2;30;152;0;10147;94
240;20230814;3;30;149;0;10144;95
240;20230814;4;30;147;0;10145;94
240;20230814;5;30;154;4;10143;90
240;20230814;6;30;157;17;10143;89
240;20230814;7;20;172;49;10145;84
240;20230814;8;30;193;105;10147;74
240;20230814;9;40;213;210;10142;65
240;20230814;10;50;229;257;10139;64
240;20230814;11;60;240;253;10135;56
240;20230814;12;60;247;252;10133;52
240;20230814;13;60;244;234;10129;55
240;20230814;14;50;250;256;10125;51
240;20230814;15;50;246;164;10121;51
240;20230814;16;40;243;122;10120;55
240;20230814;17;50;247;113;10120;51
240;20230814;18;40;231;32;10120;60
240;20230814;19;20;215;5;10120;69
240;20230814;20;10;183;0;10122;85
240;20230814;21;30;194;0;10120;78
240;20230814;22;30;202;0;10122;74
240;20230814;23;30;181;0;10123;80
240;20230814;24;10;184;0;10120;78
240;20230815;1;20;190;0;10121;76
240;20230815;2;30;177;0;10119;84
240;20230815;3;30;175;0;10124;92
240;20230815;4;40;173;0;10127;93
240;20230815;5;40;175;2;10126;92
240;20230815;6;40;183;31;10135;89
240;20230815;7;40;195;53;10142;82
240;20230815;8;50;203;69;10145;78
240;20230815;9;50;197;60;10149;80
240;20230815;10;60;198;72;10154;79
240;20230815;11;50;198;65;10160;82
240;20230815;12;60;215;186;10164;72
240;20230815;13;50;220;268;10168;63
240;20230815;14;60;221;249;10169;68
240;20230815;15;60;211;212;10173;66
240;20230815;16;60;208;182;10176;60
240;20230815;17;50;203;126;10179;64
240;20230815;18;30;195;66;10181;64
240;20230815;19;20;173;17;10185;71
240;20230815;20;10;163;0;10189;78
240;20230815;21;10;153;0;10194;88
240;20230815;22;0;143;0;10199;92
240;20230815;23;0;140;0;10199;94
240;20230815;24;10;130;0;10197;95
240;20230816;1;10;130;0;10199;97
240;20230816;2;10;135;0;10203;97
240;20230816;3;10;115;0;10205;97
240;20230816;4;10;133;0;10206;97
240;20230816;5;10;130;4;10207;97
240;20230816;6;10;156;36;10209;83
240;20230816;7;10;170;58;10213;76
240;20230816;8;30;197;156;10216;65
240;20230816;9;40;206;206;10218;61
240;20230816;10;50;213;248;10217;61
240;20230816;11;50;220;279;10218;58
240;20230816;12;50;224;291;10217;57
240;20230816;13;40;228;278;10213;59
240;20230816;14;50;227;239;10213;59
240;20230816;15;50;227;202;10213;59
240;20230816;16;50;227;155;10212;57
240;20230816;17;60;218;100;10209;62
240;20230816;18;50;211;47;10208;69
240;20230816;19;60;202;17;10211;72
240;20230816;20;60;195;1;10217;73
240;20230816;21;50;188;0;10215;75
240;20230816;22;50;181;0;10218;81
240;20230816;23;50;176;0;10217;82
240;20230816;24;50;173;0;10216;80
240;20230817;1;50;171;0;10214;79
240;20230817;2;40;168;0;10214;82
240;20230817;3;50;165;0;10212;82
240;20230817;4;50;166;0;10212;82
240;20230817;5;50;166;2;10211;82
240;20230817;6;60;176;37;10209;79
240;20230817;7;60;178;49;10214;79
240;20230817;8;60;184;82;10214;77
240;20230817;9;70;203;178;10210;75
240;20230817;10;70;197;231;10206;72
240;20230817;11;70;207;229;10206;72
240;20230817;12;70;206;267;10203;73
240;20230817;13;60;207;161;10201;71
240;20230817;14;70;202;152;10199;73
240;20230817;15;60;198;53;10197;75
240;20230817;16;60;198;52;10191;75
240;20230817;17;60;196;25;10188;78
240;20230817;18;60;193;12;10187;80
240;20230817;19;50;191;2;10190;81
240;20230817;20;40;189;0;10193;84
240;20230817;21;20;187;0;10195;86
240;20230817;22;30;188;0;10193;84
240;20230817;23;40;186;0;10189;81
240;20230817;24;30;182;0;10186;83
240;20230818;1;40;175;0;10182;85
240;20230818;2;50;168;0;10181;88
240;20230818;3;50;163;0;10176;92
240;20230818;4;40;163;0;10171;91
240;20230818;5;40;162;2;10175;92
240;20230818;6;30;165;23;10173;91
240;20230818;7;40;179;53;10172;87
240;20230818;8;30;185;94;10171;84
240;20230818;9;30;198;151;10172;81
240;20230818;10;30;200;166;10168;81
240;20230818;11;30;211;159;10164;80
240;20230818;12;30;224;224;10158;78
240;20230818;13;40;240;235;10153;72
240;20230818;14;30;241;216;10150;72
240;20230818;15;40;239;134;10148;75
240;20230818;16;40;235;94;10142;76
240;20230818;17;40;238;77;10139;76
240;20230818;18;40;227;39;10137;82
240;20230818;19;30;213;9;10135;89
240;20230818;20;20;210;0;10137;92
240;20230818;21;30;213;0;10134;91
240;20230818;22;30;221;0;10129;88
240;20230818;23;40;224;0;10124;87
240;20230818;24;40;221;0;10119;88
240;20230819;1;50;223;0;10114;87
240;20230819;2;50;227;0;10109;86
240;20230819;3;40;227;0;10105;87
240;20230819;4;50;229;0;10101;84
240;20230819;5;50;231;1;10104;83
240;20230819;6;30;230;10;10109;86
240;20230819;7;30;243;47;10115;80
240;20230819;8;40;241;37;10118;84
240;20230819;9;50;244;81;10129;81
240;20230819;10;80;238;190;10139;71
240;20230819;11;80;238;152;10146;76
240;20230819;12;80;221;94;10158;81
240;20230819;13;70;209;75;10172;78
240;20230819;14;70;211;89;10175;76
240;20230819;15;60;230;202;10179;64
240;20230819;16;80;223;166;10179;61
240;20230819;17;80;228;118;10182;57
240;20230819;18;70;215;66;10187;61
240;20230819;19;60;201;12;10190;66
240;20230819;20;50;194;0;10196;71
240;20230819;21;40;189;0;10199;76
240;20230819;22;30;188;0;10200;78
240;20230819;23;30;173;0;10201;81
240;20230819;24;30;169;0;10203;85
240;20230820;1;30;181;0;10209;81
240;20230820;2;30;160;0;10208;88
240;20230820;3;20;152;0;10209;91
240;20230820;4;30;152;0;10213;93
240;20230820;5;20;156;2;10216;95
240;20230820;6;20;177;34;10216;92
240;20230820;7;30;194;85;10218;85
240;20230820;8;40;203;138;10223;80
240;20230820;9;40;217;188;10226;74
240;20230820;10;50;218;237;10228;69
240;20230820;11;50;228;270;10227;62
240;20230820;12;40;230;282;10227;59
240;20230820;13;50;229;265;10230;61
240;20230820;14;40;229;239;10229;58
240;20230820;15;40;234;216;10227;58
240;20230820;16;50;229;170;10226;58
240;20230820;17;40;223;111;10226;60
240;20230820;18;30;212;54;10226;66
240;20230820;19;30;187;10;10229;73
240;20230820;20;20;181;0;10232;75
240;20230820;21;10;175;0;10233;80
240;20230820;22;10;162;0;10234;89
240;20230820;23;10;154;0;10232;92
240;20230820;24;10;154;0;10232;92
240;20230821;1;10;153;0;10232;92
240;20230821;2;10;151;0;10233;90
240;20230821;3;10;151;0;10232;92
240;20230821;4;10;148;0;10231;94
240;20230821;5;10;147;2;10233;93
240;20230821;6;20;167;29;10235;91
240;20230821;7;20;195;83;10236;82
240;20230821;8;20;212;138;10238;79
240;20230821;9;30;222;193;10238;74
240;20230821;10;30;230;210;10236;68
240;20230821;11;40;236;266;10236;58
240;20230821;12;40;237;261;10238;57
240;20230821;13;40;235;277;10235;58
240;20230821;14;40;236;259;10233;61
240;20230821;15;40;232;220;10229;63
240;20230821;16;40;227;170;10225;64
240;20230821;17;30;218;111;10222;58
240;20230821;18;30;204;53;10219;68
240;20230821;19;30;180;9;10220;76
240;20230821;20;20;176;0;10221;76
240;20230821;21;10;175;0;10221;82
240;20230821;22;10;164;0;10220;89
240;20230821;23;10;170;0;10213;87
240;20230821;24;10;163;0;10210;91
240;20230822;1;10;162;0;10204;91
240;20230822;2;20;159;0;10204;91
240;20230822;3;20;157;0;10199;92
240;20230822;4;20;160;0;10197;91
240;20230822;5;20;153;1;10198;93
240;20230822;6;30;182;31;10199;86
240;20230822;7;50;192;83;10201;86
240;20230822;8;50;202;117;10204;81
240;20230822;9;50;207;131;10204;80
240;20230822;10;50;206;150;10207;76
240;20230822;11;50;206;108;10208;75
240;20230822;12;50;213;183;10207;74
240;20230822;13;50;222;221;10207;70
240;20230822;14;50;218;239;10205;65
240;20230822;15;50;222;212;10204;68
240;20230822;16;50;213;163;10205;71
240;20230822;17;50;207;109;10204;71
240;20230822;18;40;198;51;10203;72
240;20230822;19;30;181;9;10205;78
240;20230822;20;30;172;0;10206;84
240;20230822;21;20;174;0;10206;85
240;20230822;22;20;168;0;10208;86
240;20230822;23;10;160;0;10205;90
240;20230822;24;20;167;0;10205;87
240;20230823;1;10;151;0;10199;93
240;20230823;2;20;150;0;10198;93
240;20230823;3;20;151;0;10196;94
240;20230823;4;30;143;0;10196;94
240;20230823;5;20;152;1;10195;95
240;20230823;6;20;169;25;10196;95
240;20230823;7;20;185;37;10201;93
240;20230823;8;30;191;81;10203;89
240;20230823;9;30;199;86;10204;85
240;20230823;10;20;221;194;10202;77
240;20230823;11;30;236;223;10199;60
240;20230823;12;50;239;261;10199;53
240;20230823;13;50;233;271;10201;59
240;20230823;14;50;228;249;10200;63
240;20230823;15;40;224;212;10197;63
240;20230823;16;40;219;161;10197;59
240;20230823;17;40;211;106;10195;64
240;20230823;18;40;198;47;10196;69
240;20230823;19;30;181;6;10194;76
240;20230823;20;20;180;0;10196;75
240;20230823;21;20;172;0;10193;79
240;20230823;22;20;164;0;10194;85
240;20230823;23;10;162;0;10191;89
240;20230823;24;10;161;0;10184;91
240;20230824;1;20;170;0;10181;85
240;20230824;2;20;166;0;10177;90
240;20230824;3;20;158;0;10170;93
240;20230824;4;20;153;0;10167;95
240;20230824;5;20;154;1;10164;96
240;20230824;6;20;176;25;10158;89
240;20230824;7;30;193;50;10154;84
240;20230824;8;30;207;77;10146;78
240;20230824;9;40;214;89;10143;73
240;20230824;10;30;211;27;10135;78
240;20230824;11;20;200;18;10144;88
240;20230824;12;30;213;79;10129;85
240;20230824;13;40;214;88;10119;84
240;20230824;14;30;227;122;10116;76
240;20230824;15;30;225;64;10111;79
240;20230824;16;30;230;48;10105;80
240;20230824;17;30;230;43;10100;81
240;20230824;18;40;224;9;10097;77
240;20230824;19;50;218;2;10095;81
240;20230824;20;40;204;0;10090;92
240;20230824;21;40;204;0;10090;92
240;20230824;22;30;195;0;10093;95
240;20230824;23;30;199;0;10092;95
240;20230824;24;30;195;0;10090;95
240;20230825;1;30;192;0;10090;96
240;20230825;2;30;181;0;10087;98
240;20230825;3;30;183;0;10082;99
240;20230825;4;20;184;0;10078;99
240;20230825;5;20;185;0;10077;98
240;20230825;6;20;193;6;10076;96
240;20230825;7;30;195;25;10076;94
240;20230825;8;30;198;34;10073;89
240;20230825;9;20;212;83;10074;81
240;20230825;10;10;214;107;10076;80
240;20230825;11;10;220;114;10073;80
240;20230825;12;40;220;90;10075;79
240;20230825;13;50;219;163;10074;77
240;20230825;14;50;213;117;10074;77
240;20230825;15;50;205;115;10076;77
240;20230825;16;50;193;63;10079;77
240;20230825;17;40;189;35;10079;78
240;20230825;18;40;178;28;10081;73
240;20230825;19;30;176;2;10087;73
240;20230825;20;30;173;0;10089;77
240;20230825;21;20;158;0;10090;84
240;20230825;22;30;164;0;10090;81
240;20230825;23;30;162;0;10087;83
240;20230825;24;30;161;0;10085;82
240;20230826;1;30;166;0;10083;83
240;20230826;2;40;160;0;10082;86
240;20230826;3;40;149;0;10083;92
240;20230826;4;40;150;0;10081;90
240;20230826;5;60;150;0;10085;94
240;20230826;6;60;152;16;10089;90
240;20230826;7;50;161;88;10086;86
240;20230826;8;70;165;101;10092;81
240;20230826;9;40;175;102;10092;79
240;20230826;10;70;187;242;10094;69
240;20230826;11;70;194;239;10095;68
240;20230826;12;70;170;189;10097;74
240;20230826;13;40;178;106;10098;81
240;20230826;14;60;194;238;10096;71
240;20230826;15;60;197;212;10098;65
240;20230826;16;60;181;97;10097;78
240;20230826;17;50;171;54;10099;85
240;20230826;18;30;167;37;10098;83
240;20230826;19;20;154;4;10098;92
240;20230826;20;20;155;0;10101;93
240;20230826;21;30;147;0;10099;92
240;20230826;22;30;143;0;10097;94
240;20230826;23;30;144;0;10094;95
240;20230826;24;30;142;0;10090;95
240;20230827;1;40;148;0;10085;90
240;20230827;2;40;143;0;10080;93
240;20230827;3;30;145;0;10081;95
240;20230827;4;40;130;0;10085;85
240;20230827;5;20;124;1;10078;93
240;20230827;6;30;129;14;10078;90
240;20230827;7;30;151;72;10078;82
240;20230827;8;50;170;144;10069;78
240;20230827;9;60;171;175;10076;64
240;20230827;10;60;175;224;10074;66
240;20230827;11;70;167;105;10076;74
240;20230827;12;60;172;146;10079;74
240;20230827;13;70;175;163;10078;70
240;20230827;14;70;170;139;10081;69
240;20230827;15;70;166;102;10085;73
240;20230827;16;60;156;59;10090;80
240;20230827;17;50;147;26;10093;87
240;20230827;18;40;152;24;10095;86
240;20230827;19;40;152;5;10098;81
240;20230827;20;30;150;0;10102;84
240;20230827;21;30;149;0;10105;82
240;20230827;22;30;141;0;10111;82
240;20230827;23;30;129;0;10113;88
240;20230827;24;30;136;0;10110;87
240;20230828;1;30;131;0;10110;94
240;20230828;2;20;119;0;10110;96
240;20230828;3;10;123;0;10108;97
240;20230828;4;10;124;0;10110;97
240;20230828;5;10;114;0;10117;97
240;20230828;6;10;132;19;10118;97
240;20230828;7;0;166;75;10119;85
240;20230828;8;10;179;128;10121;72
240;20230828;9;20;188;179;10123;71
240;20230828;10;20;195;164;10123;64
240;20230828;11;40;194;246;10123;61
240;20230828;12;40;191;212;10124;64
240;20230828;13;50;199;245;10123;62
240;20230828;14;50;200;222;10124;65
240;20230828;15;50;195;161;10128;64
240;20230828;16;50;189;129;10129;67
240;20230828;17;50;187;93;10130;66
240;20230828;18;50;177;55;10132;71
240;20230828;19;30;156;6;10135;82
240;20230828;20;20;150;0;10138;84
240;20230828;21;10;148;0;10140;86
240;20230828;22;10;142;0;10138;89
240;20230828;23;20;131;0;10135;91
240;20230828;24;10;128;0;10131;95
240;20230829;1;0;121;0;10128;97
240;20230829;2;0;121;0;10127;97
240;20230829;3;0;117;0;10127;97
240;20230829;4;10;125;0;10129;97
240;20230829;5;10;133;0;10125;94
240;20230829;6;10;136;19;10122;92
240;20230829;7;20;159;54;10120;85
240;20230829;8;30;172;111;10120;80
240;20230829;9;30;184;157;10117;74
240;20230829;10;30;185;152;10116;69
240;20230829;11;20;193;136;10112;65
240;20230829;12;30;186;85;10111;68
240;20230829;13;40;178;37;10109;71
240;20230829;14;40;180;26;10106;70
240;20230829;15;50;189;91;10104;61
240;20230829;16;50;181;105;10104;70
240;20230829;17;40;172;57;10105;64
240;20230829;18;40;165;18;10103;66
240;20230829;19;40;149;2;10101;72
240;20230829;20;40;160;0;10099;66
240;20230829;21;40;148;0;10097;73
240;20230829;22;30;132;0;10092;82
240;20230829;23;30;126;0;10085;85
240;20230829;24;30;142;0;10079;81
240;20230830;1;30;145;0;10074;80
240;20230830;2;40;147;0;10070;81
240;20230830;3;40;141;0;10064;82
240;20230830;4;30;138;0;10058;86
240;20230830;5;40;136;0;10054;85
240;20230830;6;40;130;5;10053;89
240;20230830;7;50;128;5;10047;96
240;20230830;8;50;138;44;10042;94
240;20230830;9;50;139;35;10042;96
240;20230830;10;30;156;67;10042;84
240;20230830;11;60;177;189;10044;69
240;20230830;12;70;173;223;10047;63
240;20230830;13;60;168;120;10051;85
240;20230830;14;70;158;100;10056;79
240;20230830;15;50;172;85;10057;69
240;20230830;16;70;172;110;10059;66
240;20230830;17;60;162;65;10061;67
240;20230830;18;50;155;21;10064;70
240;20230830;19;40;146;2;10068;73
240;20230830;20;40;143;0;10071;72
240;20230830;21;30;134;0;10073;83
240;20230830;22;40;130;0;10074;85
240;20230830;23;40;128;0;10071;87
240;20230830;24;40;135;0;10071;86
240;20230831;1;40;136;0;10071;85
240;20230831;2;40;143;0;10070;79
240;20230831;3;50;145;0;10071;73
240;20230831;4;50;132;0;10075;89
240;20230831;5;50;133;0;10080;88
240;20230831;6;50;131;7;10083;89
240;20230831;7;40;155;57;10087;78
240;20230831;8;60;157;74;10091;78
240;20230831;9;60;174;156;10096;68
240;20230831;10;70;167;158;10100;71
240;20230831;11;60;163;88;10103;77
240;20230831;12;70;179;223;10104;63
240;20230831;13;70;183;249;10106;57
240;20230831;14;70;181;209;10107;55
240;20230831;15;60;181;186;10108;57
240;20230831;16;40;182;145;10110;55
240;20230831;17;30;174;94;10111;61
240;20230831;18;30;157;31;10111;68
240;20230831;19;20;142;1;10113;75
240;20230831;20;10;138;0;10116;84
240;20230831;21;10;136;0;10117;85
240;20230831;22;10;147;0;10119;80
240;20230831;23;20;135;0;10116;88
240;20230831;24;20;142;0;10113;86
240;20230901;1;10;140;0;10114;91
240;20230901;2;20;144;0;10113;90
240;20230901;3;20;143;0;10113;91
240;20230901;4;20;142;0;10111;92
240;20230901;5;20;142;0;10112;91
240;20230901;6;20;147;8;10112;90
240;20230901;7;20;154;23;10115;87
240;20230901;8;20;155;39;10114;86
240;20230901;9;30;160;42;10118;85
240;20230901;10;30;172;76;10119;82
240;20230901;11;30;178;124;10123;81
240;20230901;12;30;179;111;10127;82
240;20230901;13;20;183;119;10130;79
240;20230901;14;20;183;85;10133;80
240;20230901;15;20;191;107;10132;78
240;20230901;16;20;191;83;10133;78
240;20230901;17;30;182;23;10134;87
240;20230901;18;20;175;4;10141;92
240;20230901;19;30;168;0;10148;96
240;20230901;20;30;166;0;10154;97
240;20230901;21;30;167;0;10156;97
240;20230901;22;10;168;0;10160;95
240;20230901;23;30;168;0;10163;97
240;20230901;24;20;167;0;10165;97
240;20230902;1;20;165;0;10165;97
240;20230902;2;20;165;0;10170;97
240;20230902;3;20;167;0;10171;97
240;20230902;4;10;166;0;10175;97
240;20230902;5;10;166;0;10179;98
240;20230902;6;20;167;4;10183;97
240;20230902;7;30;172;23;10190;96
240;20230902;8;20;175;40;10199;91
240;20230902;9;20;182;47;10203;89
240;20230902;10;30;188;80;10212;85
240;20230902;11;30;195;112;10215;82
240;20230902;12;40;204;232;10219;82
240;20230902;13;40;211;213;10221;73
240;20230902;14;40;208;178;10220;69
240;20230902;15;40;212;194;10225;66
240;20230902;16;30;208;143;10227;66
240;20230902;17;30;200;74;10231;70
240;20230902;18;30;187;27;10235;75
240;20230902;19;20;169;1;10241;83
240;20230902;20;20;159;0;10247;86
240;20230902;21;20;159;0;10253;87
240;20230902;22;20;153;0;10259;90
240;20230902;23;10;148;0;10259;95
240;20230902;24;10;142;0;10263;97
240;20230903;1;0;133;0;10261;98
240;20230903;2;10;127;0;10264;99
240;20230903;3;10;125;0;10261;97
240;20230903;4;10;126;0;10265;98
240;20230903;5;10;132;0;10267;98
240;20230903;6;10;135;11;10277;97
240;20230903;7;0;153;42;10279;94
240;20230903;8;10;172;84;10283;82
240;20230903;9;20;189;155;10285;72
240;20230903;10;10;203;183;10285;59
240;20230903;11;10;211;211;10285;60
240;20230903;12;20;217;195;10286;46
240;20230903;13;10;225;214;10284;50
240;20230903;14;10;232;231;10284;46
240;20230903;15;20;222;149;10282;53
240;20230903;16;30;212;98;10282;58
240;20230903;17;30;203;54;10280;64
240;20230903;18;20;193;39;10278;72
240;20230903;19;20;166;3;10279;85
240;20230903;20;20;160;0;10276;89
240;20230903;21;30;155;0;10277;89
240;20230903;22;20;144;0;10281;93
240;20230903;23;20;148;0;10281;93
240;20230903;24;10;152;0;10280;88
240;20230904;1;20;142;0;10279;94
240;20230904;2;20;143;0;10277;91
240;20230904;3;20;132;0;10274;94
240;20230904;4;20;115;0;10270;96
240;20230904;5;20;122;0;10268;94
240;20230904;6;10;145;17;10270;86
240;20230904;7;20;170;69;10267;79
240;20230904;8;30;186;113;10269;73
240;20230904;9;30;201;172;10266;72
240;20230904;10;40;215;214;10263;70
240;20230904;11;40;223;230;10259;64
240;20230904;12;40;234;240;10255;58
240;20230904;13;40;240;214;10248;56
240;20230904;14;30;246;208;10242;55
240;20230904;15;30;245;171;10236;58
240;20230904;16;40;237;120;10233;61
240;20230904;17;30;214;50;10228;74
240;20230904;18;30;196;16;10223;79
240;20230904;19;30;180;1;10222;83
240;20230904;20;30;181;0;10220;82
240;20230904;21;30;167;0;10217;87
240;20230904;22;30;172;0;10216;85
240;20230904;23;30;166;0;10213;86
240;20230904;24;30;168;0;10212;87
240;20230905;1;30;169;0;10207;87
240;20230905;2;40;164;0;10201;86
240;20230905;3;30;154;0;10199;88
240;20230905;4;30;162;0;10195;82
240;20230905;5;30;154;0;10195;82
240;20230905;6;30;170;17;10195;80
240;20230905;7;30;187;67;10197;72
240;20230905;8;30;209;123;10196;68
240;20230905;9;30;224;176;10195;61
240;20230905;10;30;242;221;10196;60
240;20230905;11;30;248;248;10192;55
240;20230905;12;30;258;260;10189;55
240;20230905;13;40;275;255;10185;48
240;20230905;14;30;284;230;10181;47
240;20230905;15;30;287;190;10177;50
240;20230905;16;40;283;140;10172;48
240;20230905;17;40;272;83;10175;57
240;20230905;18;30;252;27;10179;59
240;20230905;19;20;225;1;10181;69
240;20230905;20;10;221;0;10183;73
240;20230905;21;10;220;0;10186;73
240;20230905;22;30;186;0;10184;86
240;20230905;23;40;212;0;10183;74
240;20230905;24;50;210;0;10183;72
240;20230906;1;30;204;0;10185;72
240;20230906;2;10;168;0;10184;88
240;20230906;3;20;169;0;10186;90
240;20230906;4;10;170;0;10189;87
240;20230906;5;20;171;0;10190;87
240;20230906;6;20;186;15;10194;82
240;20230906;7;30;200;63;10196;77
240;20230906;8;20;224;114;10199;74
240;20230906;9;20;243;173;10201;69
240;20230906;10;30;260;218;10201;67
240;20230906;11;30;272;245;10199;60
240;20230906;12;30;281;257;10198;55
240;20230906;13;40;285;250;10196;54
240;20230906;14;30;290;229;10195;47
240;20230906;15;30;293;189;10192;47
240;20230906;16;20;293;137;10191;49
240;20230906;17;20;271;78;10191;58
240;20230906;18;30;242;25;10191;67
240;20230906;19;20;232;0;10196;75
240;20230906;20;20;211;0;10197;83
240;20230906;21;20;207;0;10199;84
240;20230906;22;20;194;0;10201;89
240;20230906;23;30;178;0;10199;90
240;20230906;24;30;182;0;10196;87
240;20230907;1;20;190;0;10193;81
240;20230907;2;20;180;0;10193;84
240;20230907;3;20;180;0;10192;86
240;20230907;4;20;172;0;10191;85
240;20230907;5;20;174;0;10194;85
240;20230907;6;20;183;15;10197;85
240;20230907;7;20;210;66;10200;74
240;20230907;8;30;231;122;10198;66
240;20230907;9;50;246;176;10194;59
240;20230907;10;40;262;210;10194;55
240;20230907;11;40;271;245;10192;54
240;20230907;12;30;280;250;10187;48
240;20230907;13;60;285;249;10183;45
240;20230907;14;50;287;226;10176;45
240;20230907;15;40;290;187;10174;47
240;20230907;16;40;284;134;10172;46
240;20230907;17;40;272;77;10172;51
240;20230907;18;30;247;23;10173;59
240;20230907;19;20;234;0;10175;65
240;20230907;20;20;200;0;10174;81
240;20230907;21;30;206;0;10174;77
240;20230907;22;30;205;0;10173;76
240;20230907;23;30;190;0;10169;82
240;20230907;24;20;191;0;10167;81
240;20230908;1;20;192;0;10168;80
240;20230908;2;20;187;0;10167;81
240;20230908;3;20;181;0;10166;83
240;20230908;4;20;185;0;10163;80
240;20230908;5;20;173;0;10163;85
240;20230908;6;20;180;13;10166;84
240;20230908;7;20;199;57;10167;78
240;20230908;8;30;217;114;10168;75
240;20230908;9;20;240;167;10169;70
240;20230908;10;20;259;206;10168;64
240;20230908;11;20;275;236;10168;60
240;20230908;12;20;283;231;10168;60
240;20230908;13;20;289;235;10165;51
240;20230908;14;30;290;211;10162;55
240;20230908;15;30;291;160;10160;56
240;20230908;16;30;280;119;10159;56
240;20230908;17;20;263;57;10158;62
240;20230908;18;20;258;15;10159;58
240;20230908;19;20;228;0;10164;73
240;20230908;20;20;211;0;10165;85
240;20230908;21;20;199;0;10164;91
240;20230908;22;10;199;0;10163;93
240;20230908;23;10;190;0;10162;95
240;20230908;24;10;187;0;10160;93
240;20230909;1;20;171;0;10160;97
240;20230909;2;10;175;0;10158;99
240;20230909;3;10;171;0;10157;99
240;20230909;4;0;156;0;10157;99
240;20230909;5;10;153;0;10160;98
240;20230909;6;20;153;8;10163;99
240;20230909;7;10;180;49;10167;98
240;20230909;8;10;214;104;10169;79
240;20230909;9;10;240;159;10172;66
240;20230909;10;10;259;196;10174;63
240;20230909;11;20;264;221;10172;57
240;20230909;12;20;268;223;10170;55
240;20230909;13;20;283;227;10170;52
240;20230909;14;10;285;204;10167;52
240;20230909;15;10;286;162;10166;54
240;20230909;16;10;290;113;10164;48
240;20230909;17;20;262;61;10165;67
240;20230909;18;20;245;16;10166;71
240;20230909;19;10;232;0;10171;78
240;20230909;20;20;216;0;10173;84
240;20230909;21;20;214;0;10173;84
240;20230909;22;20;202;0;10173;86
240;20230909;23;20;205;0;10173;89
240;20230909;24;20;208;0;10174;86
240;20230910;1;10;201;0;10172;88
240;20230910;2;20;201;0;10172;88
240;20230910;3;20;197;0;10172;88
240;20230910;4;20;194;0;10170;88
240;20230910;5;20;194;0;10170;88
240;20230910;6;30;200;8;10172;86
240;20230910;7;30;217;51;10174;79
240;20230910;8;40;235;93;10175;75
240;20230910;9;30;248;153;10174;71
240;20230910;10;30;268;174;10172;65
240;20230910;11;30;280;210;10169;63
240;20230910;12;30;292;228;10167;57
240;20230910;13;30;301;218;10163;53
240;20230910;14;30;305;193;10160;48
240;20230910;15;30;302;150;10156;51
240;20230910;16;20;302;118;10152;49
240;20230910;17;30;284;59;10150;61
240;20230910;18;20;267;17;10151;64
240;20230910;19;30;250;0;10151;73
240;20230910;20;30;239;0;10151;76
240;20230910;21;30;246;0;10148;74
240;20230910;22;40;243;0;10143;76
240;20230910;23;40;236;0;10140;78
240;20230910;24;40;228;0;10137;80
240;20230911;1;30;222;0;10133;81
240;20230911;2;40;220;0;10129;82
240;20230911;3;20;211;0;10125;85
240;20230911;4;20;201;0;10119;88
240;20230911;5;20;197;0;10117;89
240;20230911;6;30;203;6;10121;88
240;20230911;7;30;221;36;10123;81
240;20230911;8;40;239;96;10126;74
240;20230911;9;50;242;157;10129;70
240;20230911;10;50;242;197;10130;73
240;20230911;11;50;241;228;10129;76
240;20230911;12;60;219;230;10133;84
240;20230911;13;50;204;100;10136;88
240;20230911;14;50;212;84;10134;83
240;20230911;15;40;214;118;10135;81
240;20230911;16;40;208;82;10134;81
240;20230911;17;20;202;22;10123;84
240;20230911;18;30;196;6;10132;87
240;20230911;19;30;193;0;10134;91
240;20230911;20;30;192;0;10133;89
240;20230911;21;30;194;0;10135;89
240;20230911;22;20;192;0;10135;94
240;20230911;23;20;186;0;10133;96
240;20230911;24;20;181;0;10130;96
240;20230912;1;20;170;0;10127;98
240;20230912;2;20;168;0;10127;98
240;20230912;3;20;170;0;10125;98
240;20230912;4;20;172;0;10125;98
240;20230912;5;20;174;0;10124;98
240;20230912;6;30;182;4;10126;98
240;20230912;7;30;190;14;10129;96
240;20230912;8;20;202;58;10131;91
240;20230912;9;30;208;91;10134;88
240;20230912;10;20;223;141;10134;84
240;20230912;11;30;223;118;10133;75
240;20230912;12;20;223;86;10133;79
240;20230912;13;20;228;79;10130;70
240;20230912;14;30;224;68;10128;82
240;20230912;15;30;225;86;10128;72
240;20230912;16;30;222;60;10125;73
240;20230912;17;40;211;33;10126;82
240;20230912;18;30;206;9;10128;80
240;20230912;19;20;202;0;10132;83
240;20230912;20;20;203;0;10132;84
240;20230912;21;20;197;0;10130;87
240;20230912;22;30;193;0;10132;87
240;20230912;23;20;188;0;10131;87
240;20230912;24;20;183;0;10130;91
240;20230913;1;10;182;0;10129;93
240;20230913;2;10;178;0;10128;97
240;20230913;3;20;179;0;10130;96
240;20230913;4;20;177;0;10129;95
240;20230913;5;60;153;0;10138;92
240;20230913;6;90;152;5;10150;86
240;20230913;7;70;166;34;10159;81
240;20230913;8;60;173;73;10170;78
240;20230913;9;50;179;139;10183;74
240;20230913;10;60;169;115;10193;82
240;20230913;11;60;179;134;10198;64
240;20230913;12;60;191;224;10201;52
240;20230913;13;60;192;244;10206;55
240;20230913;14;50;195;184;10208;55
240;20230913;15;40;185;120;10208;53
240;20230913;16;40;181;122;10211;68
240;20230913;17;50;174;62;10216;72
240;20230913;18;40;160;13;10219;74
240;20230913;19;30;154;0;10223;74
240;20230913;20;20;150;0;10227;71
240;20230913;21;20;130;0;10228;79
240;20230913;22;10;129;0;10230;81
240;20230913;23;0;122;0;10231;91
240;20230913;24;10;119;0;10231;94
240;20230914;1;0;115;0;10230;97
240;20230914;2;0;107;0;10229;97
240;20230914;3;10;113;0;10226;97
240;20230914;4;10;107;0;10225;97
240;20230914;5;10;102;0;10227;96
240;20230914;6;10;111;7;10228;97
240;20230914;7;20;138;47;10229;89
240;20230914;8;30;160;114;10230;81
240;20230914;9;30;174;145;10232;77
240;20230914;10;20;194;205;10229;69
240;20230914;11;20;191;185;10226;62
240;20230914;12;20;206;164;10224;49
240;20230914;13;20;204;181;10222;51
240;20230914;14;30;204;169;10216;49
240;20230914;15;20;207;146;10212;47
240;20230914;16;20;206;125;10210;48
240;20230914;17;20;200;60;10208;53
240;20230914;18;20;172;13;10206;65
240;20230914;19;10;153;0;10209;76
240;20230914;20;20;151;0;10209;79
240;20230914;21;30;146;0;10207;83
240;20230914;22;30;147;0;10206;83
240;20230914;23;30;148;0;10205;81
240;20230914;24;30;143;0;10202;83
240;20230915;1;30;134;0;10200;87
240;20230915;2;20;117;0;10197;94
240;20230915;3;10;123;0;10193;92
240;20230915;4;10;124;0;10191;93
240;20230915;5;10;125;0;10190;93
240;20230915;6;10;117;7;10191;94
240;20230915;7;10;148;47;10192;82
240;20230915;8;20;164;103;10189;77
240;20230915;9;20;181;155;10189;70
240;20230915;10;40;192;187;10184;62
240;20230915;11;40;202;227;10179;55
240;20230915;12;40;211;240;10175;54
240;20230915;13;40;214;233;10171;54
240;20230915;14;30;216;139;10163;54
240;20230915;15;30;216;175;10160;51
240;20230915;16;40;209;93;10156;58
240;20230915;17;20;203;41;10153;65
240;20230915;18;20;189;18;10155;67
240;20230915;19;20;164;0;10155;80
240;20230915;20;20;155;0;10154;83
240;20230915;21;30;152;0;10154;84
240;20230915;22;30;152;0;10154;84
240;20230915;23;30;144;0;10151;85
240;20230915;24;20;149;0;10146;83
240;20230916;1;20;145;0;10144;84
240;20230916;2;20;140;0;10142;86
240;20230916;3;10;142;0;10141;87
240;20230916;4;10;146;0;10139;85
240;20230916;5;20;139;0;10136;89
240;20230916;6;10;141;7;10138;90
240;20230916;7;10;177;48;10142;80
240;20230916;8;20;198;102;10143;72
240;20230916;9;20;216;154;10146;62
240;20230916;10;20;224;179;10148;57
240;20230916;11;20;238;223;10146;54
240;20230916;12;20;241;222;10143;50
240;20230916;13;20;241;196;10142;50
240;20230916;14;30;239;151;10140;53
240;20230916;15;30;233;128;10140;56
240;20230916;16;30;224;64;10139;65
240;20230916;17;20;209;33;10141;69
240;20230916;18;20;203;6;10143;69
240;20230916;19;40;201;0;10149;73
240;20230916;20;50;196;0;10150;79
240;20230916;21;60;194;0;10149;72
240;20230916;22;60;188;0;10152;72
240;20230916;23;50;174;0;10152;78
240;20230916;24;50;178;0;10148;75
240;20230917;1;40;177;0;10145;71
240;20230917;2;50;178;0;10139;70
240;20230917;3;40;179;0;10138;72
240;20230917;4;40;174;0;10137;79
240;20230917;5;50;174;0;10135;80
240;20230917;6;50;176;1;10134;85
240;20230917;7;50;173;10;10134;81
240;20230917;8;60;159;9;10134;90
240;20230917;9;60;165;19;10134;90
240;20230917;10;40;169;46;10133;94
240;20230917;11;40;175;129;10125;84
240;20230917;12;40;178;66;10125;85
240;20230917;13;30;181;86;10123;85
240;20230917;14;20;179;66;10120;88
240;20230917;15;20;178;38;10115;90
240;20230917;16;20;181;22;10116;89
240;20230917;17;30;183;13;10111;90
240;20230917;18;20;173;4;10106;93
240;20230917;19;20;164;0;10100;95
240;20230917;20;20;165;0;10097;98
240;20230917;21;20;169;0;10093;98
240;20230917;22;20;178;0;10082;96
240;20230917;23;30;180;0;10074;95
240;20230917;24;40;186;0;10058;93
240;20230918;1;40;190;0;10045;91
240;20230918;2;40;195;0;10036;89
240;20230918;3;40;193;0;10030;91
240;20230918;4;30;190;0;10024;93
240;20230918;5;40;188;0;10019;97
240;20230918;6;30;190;1;10018;97
240;20230918;7;30;188;6;10015;97
240;20230918;8;40;196;37;10019;94
240;20230918;9;70;203;108;10023;81
240;20230918;10;90;211;119;10028;78
240;20230918;11;100;214;177;10027;70
240;20230918;12;100;217;221;10026;67
240;20230918;13;90;221;216;10022;64
240;20230918;14;90;215;158;10012;67
240;20230918;15;90;185;17;10014;87
240;20230918;16;90;184;63;10006;83
240;20230918;17;80;188;9;10010;82
240;20230918;18;100;186;1;10013;83
240;20230918;19;110;183;0;10018;83
240;20230918;20;100;181;0;10027;74
240;20230918;21;90;158;0;10037;87
240;20230918;22;70;149;0;10047;74
240;20230918;23;70;150;0;10054;73
240;20230918;24;60;151;0;10059;69
240;20230919;1;70;157;0;10063;64
240;20230919;2;60;158;0;10064;70
240;20230919;3;70;156;0;10065;72
240;20230919;4;70;159;0;10067;64
240;20230919;5;80;152;0;10070;73
240;20230919;6;70;153;4;10072;72
240;20230919;7;70;155;28;10074;80
240;20230919;8;70;165;75;10076;75
240;20230919;9;90;167;107;10076;75
240;20230919;10;110;175;121;10073;73
240;20230919;11;120;180;113;10067;70
240;20230919;12;130;179;73;10065;74
240;20230919;13;120;187;60;10063;72
240;20230919;14;130;168;32;10067;88
240;20230919;15;120;170;31;10063;87
240;20230919;16;110;168;17;10064;90
240;20230919;17;100;166;8;10065;91
240;20230919;18;110;163;1;10065;93
240;20230919;19;110;165;0;10066;92
240;20230919;20;100;169;0;10069;89
240;20230919;21;100;171;0;10067;89
240;20230919;22;90;169;0;10066;91
240;20230919;23;90;175;0;10066;87
240;20230919;24;90;178;0;10066;84
240;20230920;1;90;176;0;10065;85
240;20230920;2;80;173;0;10063;85
240;20230920;3;80;173;0;10057;82
240;20230920;4;70;172;0;10052;83
240;20230920;5;70;173;0;10048;82
240;20230920;6;80;169;2;10048;84
240;20230920;7;80;170;10;10047;83
240;20230920;8;90;173;23;10052;82
240;20230920;9;100;179;39;10051;80
240;20230920;10;100;178;36;10051;81
240;20230920;11;90;183;53;10045;78
240;20230920;12;90;203;58;10044;73
240;20230920;13;90;203;82;10037;69
240;20230920;14;100;209;136;10028;66
240;20230920;15;100;208;50;10030;68
240;20230920;16;90;208;62;10025;68
240;20230920;17;80;200;40;10018;71
240;20230920;18;70;197;1;10015;71
240;20230920;19;60;186;0;10016;75
240;20230920;20;60;186;0;10008;74
240;20230920;21;70;183;0;9998;77
240;20230920;22;70;182;0;9989;77
240;20230920;23;70;186;0;9982;75
240;20230920;24;80;188;0;9975;73
240;20230921;1;80;195;0;9969;71
240;20230921;2;70;194;0;9966;72
240;20230921;3;60;173;0;9963;94
240;20230921;4;60;177;0;9963;87
240;20230921;5;60;172;0;9961;92
240;20230921;6;60;150;0;9968;90
240;20230921;7;20;149;4;9968;96
240;20230921;8;30;147;15;9974;97
240;20230921;9;20;148;29;9977;97
240;20230921;10;30;150;34;9981;94
240;20230921;11;30;153;43;9979;94
240;20230921;12;40;154;77;9972;95
240;20230921;13;40;154;63;9967;93
240;20230921;14;30;156;55;9969;91
240;20230921;15;30;151;34;9959;92
240;20230921;16;10;152;17;9961;94
240;20230921;17;20;151;8;9960;96
240;20230921;18;10;148;0;9961;97
240;20230921;19;20;147;0;9960;97
240;20230921;20;20;148;0;9961;98
240;20230921;21;40;151;0;9961;95
240;20230921;22;40;135;0;9965;96
240;20230921;23;40;134;0;9969;93
240;20230921;24;40;116;0;9974;96
240;20230922;1;40;133;0;9976;94
240;20230922;2;50;130;0;9973;97
240;20230922;3;40;128;0;9974;96
240;20230922;4;30;127;0;9971;96
240;20230922;5;50;128;0;9974;96
240;20230922;6;50;132;3;9976;92
240;20230922;7;60;139;39;9982;87
240;20230922;8;80;142;76;9988;84
240;20230922;9;80;142;71;9994;85
240;20230922;10;80;158;135;9998;80
240;20230922;11;80;163;113;10001;77
240;20230922;12;90;176;172;10006;69
240;20230922;13;80;168;128;10009;69
240;20230922;14;70;162;61;10012;72
240;20230922;15;70;148;61;10017;80
240;20230922;16;50;143;28;10020;84
240;20230922;17;30;147;16;10023;80
240;20230922;18;40;147;2;10029;78
240;20230922;19;40;125;0;10038;87
240;20230922;20;20;121;0;10048;91
240;20230922;21;30;121;0;10048;96
240;20230922;22;30;119;0;10052;96
240;20230922;23;40;117;0;10058;94
240;20230922;24;40;121;0;10063;94
240;20230923;1;30;121;0;10063;94
240;20230923;2;50;120;0;10067;93
240;20230923;3;50;123;0;10071;95
240;20230923;4;50;120;0;10076;94
240;20230923;5;50;126;0;10083;95
240;20230923;6;50;125;2;10091;96
240;20230923;7;40;133;26;10098;95
240;20230923;8;40;140;47;10108;91
240;20230923;9;40;161;113;10117;86
240;20230923;10;50;164;78;10124;77
240;20230923;11;60;155;81;10136;84
240;20230923;12;60;155;101;10143;86
240;20230923;13;60;160;122;10150;84
240;20230923;14;70;151;87;10159;89
240;20230923;15;60;147;91;10166;89
240;20230923;16;40;156;61;10172;81
240;20230923;17;40;152;33;10181;82
240;20230923;18;30;136;3;10189;89
240;20230923;19;20;135;0;10197;87
240;20230923;20;20;130;0;10205;94
240;20230923;21;30;139;0;10210;92
240;20230923;22;30;119;0;10215;93
240;20230923;23;30;110;0;10215;94
240;20230923;24;30;114;0;10218;92
240;20230924;1;40;118;0;10221;90
240;20230924;2;40;105;0;10222;93
240;20230924;3;40;105;0;10222;91
240;20230924;4;30;97;0;10227;93
240;20230924;5;30;105;0;10231;92
240;20230924;6;40;108;4;10233;91
240;20230924;7;40;114;28;10238;89
240;20230924;8;50;138;92;10241;79
240;20230924;9;50;154;145;10243;73
240;20230924;10;60;168;188;10241;65
240;20230924;11;70;175;171;10238;61
240;20230924;12;70;191;223;10234;57
240;20230924;13;80;192;210;10231;55
240;20230924;14;80;197;188;10227;56
240;20230924;15;70;193;146;10223;55
240;20230924;16;70;189;95;10222;56
240;20230924;17;60;175;42;10219;63
240;20230924;18;40;156;3;10220;70
240;20230924;19;40;156;0;10219;71
240;20230924;20;50;148;0;10215;74
240;20230924;21;50;147;0;10212;74
240;20230924;22;50;151;0;10210;69
240;20230924;23;50;140;0;10204;74
240;20230924;24;50;134;0;10205;77
240;20230925;1;50;129;0;10203;80
240;20230925;2;50;129;0;10202;79
240;20230925;3;60;126;0;10197;80
240;20230925;4;60;124;0;10199;80
240;20230925;5;50;124;0;10201;80
240;20230925;6;60;126;2;10203;79
240;20230925;7;60;130;21;10208;78
240;20230925;8;50;139;57;10206;76
240;20230925;9;50;158;105;10209;72
240;20230925;10;50;174;158;10209;68
240;20230925;11;40;188;143;10211;65
240;20230925;12;40;194;176;10214;65
240;20230925;13;50;206;154;10214;64
240;20230925;14;40;203;108;10214;68
240;20230925;15;40;198;94;10215;73
240;20230925;16;40;194;48;10216;75
240;20230925;17;40;190;25;10219;79
240;20230925;18;20;175;2;10222;83
240;20230925;19;20;160;0;10222;88
240;20230925;20;20;148;0;10223;92
240;20230925;21;10;143;0;10224;97
240;20230925;22;10;140;0;10222;97
240;20230925;23;10;150;0;10221;93
240;20230925;24;10;148;0;10217;93
240;20230926;1;10;149;0;10217;91
240;20230926;2;10;139;0;10212;93
240;20230926;3;10;137;0;10211;94
240;20230926;4;10;133;0;10207;94
240;20230926;5;20;134;0;10205;93
240;20230926;6;10;135;2;10205;91
240;20230926;7;10;144;19;10204;88
240;20230926;8;20;157;50;10203;83
240;20230926;9;20;176;83;10200;81
240;20230926;10;30;187;96;10199;76
240;20230926;11;40;203;183;10195;67
240;20230926;12;50;208;160;10192;63
240;20230926;13;50;220;150;10188;60
240;20230926;14;50;210;99;10188;63
240;20230926;15;50;205;72;10184;66
240;20230926;16;40;200;46;10181;70
240;20230926;17;40;188;28;10184;73
240;20230926;18;30;176;2;10187;78
240;20230926;19;20;165;0;10189;84
240;20230926;20;40;172;0;10187;81
240;20230926;21;30;168;0;10189;84
240;20230926;22;30;160;0;10191;87
240;20230926;23;30;154;0;10193;89
240;20230926;24;30;149;0;10193;92
240;20230927;1;30;140;0;10193;93
240;20230927;2;20;141;0;10195;95
240;20230927;3;10;130;0;10196;98
240;20230927;4;10;132;0;10197;97
240;20230927;5;10;128;0;10192;99
240;20230927;6;20;129;2;10194;98
240;20230927;7;10;145;17;10192;98
240;20230927;8;20;159;50;10200;95
240;20230927;9;20;165;53;10196;93
240;20230927;10;20;179;65;10195;89
240;20230927;11;40;194;119;10188;79
240;20230927;12;40;215;189;10181;73
240;20230927;13;40;223;168;10167;71
240;20230927;14;40;224;137;10164;62
240;20230927;15;40;221;93;10154;65
240;20230927;16;40;210;50;10147;71
240;20230927;17;40;200;16;10144;76
240;20230927;18;50;195;1;10139;78
240;20230927;19;50;194;0;10133;79
240;20230927;20;60;194;0;10122;77
240;20230927;21;70;202;0;10120;71
240;20230927;22;60;201;0;10119;71
240;20230927;23;50;192;0;10116;77
240;20230927;24;50;189;0;10118;78
240;20230928;1;50;178;0;10123;83
240;20230928;2;50;181;0;10125;86
240;20230928;3;50;181;0;10128;76
240;20230928;4;70;172;0;10136;83
240;20230928;5;60;177;0;10140;78
240;20230928;6;50;171;0;10144;83
240;20230928;7;60;169;8;10154;84
240;20230928;8;60;177;29;10158;78
240;20230928;9;60;186;52;10163;72
240;20230928;10;70;188;90;10163;71
240;20230928;11;60;182;62;10168;79
240;20230928;12;60;181;37;10170;75
240;20230928;13;50;186;59;10169;74
240;20230928;14;50;188;54;10170;76
240;20230928;15;50;187;58;10164;72
240;20230928;16;50;184;49;10161;74
240;20230928;17;40;177;18;10161;76
240;20230928;18;30;165;2;10161;79
240;20230928;19;30;160;0;10158;84
240;20230928;20;30;160;0;10156;82
240;20230928;21;30;163;0;10154;81
240;20230928;22;40;158;0;10153;82
240;20230928;23;40;157;0;10147;82
240;20230928;24;40;161;0;10147;81
240;20230929;1;50;167;0;10141;79
240;20230929;2;40;169;0;10134;79
240;20230929;3;40;168;0;10129;83
240;20230929;4;50;171;0;10120;82
240;20230929;5;50;174;0;10120;82
240;20230929;6;40;171;0;10119;85
240;20230929;7;40;179;11;10122;85
240;20230929;8;50;188;27;10125;88
240;20230929;9;60;197;53;10128;87
240;20230929;10;70;187;44;10133;97
240;20230929;11;80;180;45;10146;91
240;20230929;12;90;182;98;10159;83
240;20230929;13;80;179;103;10172;80
240;20230929;14;70;182;89;10185;78
240;20230929;15;80;178;120;10196;68
240;20230929;16;70;170;77;10205;68
240;20230929;17;60;159;30;10213;74
240;20230929;18;40;149;1;10223;78
240;20230929;19;30;136;0;10228;81
240;20230929;20;30;130;0;10235;83
240;20230929;21;20;129;0;10238;85
240;20230929;22;20;115;0;10238;94
240;20230929;23;20;118;0;10241;92
240;20230929;24;20;115;0;10241;94
240;20230930;1;20;111;0;10247;93
240;20230930;2;20;107;0;10247;97
240;20230930;3;20;118;0;10246;96
240;20230930;4;20;119;0;10245;96
240;20230930;5;30;126;0;10249;96
240;20230930;6;10;119;1;10251;97
240;20230930;7;10;132;24;10256;97
240;20230930;8;20;159;73;10257;88
240;20230930;9;30;170;123;10260;82
240;20230930;10;30;181;146;10265;79
240;20230930;11;40;193;188;10260;67
240;20230930;12;40;183;139;10257;63
240;20230930;13;40;186;45;10256;67
240;20230930;14;40;183;73;10252;65
240;20230930;15;50;183;76;10250;65
240;20230930;16;50;173;50;10246;68
240;20230930;17;50;168;14;10247;71
240;20230930;18;30;166;1;10249;73
240;20230930;19;30;157;0;10246;81
240;20230930;20;20;156;0;10246;78
240;20230930;21;20;154;0;10247;83
240;20230930;22;20;154;0;10243;82
240;20230930;23;30;156;0;10236;80
240;20230930;24;40;157;0;10231;80
240;20231001;1;50;155;0;10228;80
240;20231001;2;40;155;0;10224;81
240;20231001;3;40;158;0;10221;78
240;20231001;4;50;159;0;10217;80
240;20231001;5;50;160;0;10218;81
240;20231001;6;50;162;1;10219;83
240;20231001;7;50;165;14;10221;82
240;20231001;8;50;176;66;10220;79
240;20231001;9;50;183;80;10222;77
240;20231001;10;60;200;152;10222;71
240;20231001;11;60;212;193;10220;67
240;20231001;12;70;219;194;10217;64
240;20231001;13;60;221;168;10215;64
240;20231001;14;70;225;158;10210;62
240;20231001;15;60;220;114;10209;66
240;20231001;16;60;211;61;10205;67
240;20231001;17;40;198;21;10206;74
240;20231001;18;30;174;1;10205;84
240;20231001;19;30;183;0;10206;82
240;20231001;20;30;177;0;10203;85
240;20231001;21;30;163;0;10202;90
240;20231001;22;20;174;0;10199;88
240;20231001;23;20;173;0;10198;89
240;20231001;24;20;167;0;10195;90
240;20231002;1;30;160;0;10193;93
240;20231002;2;20;161;0;10192;93
240;20231002;3;30;156;0;10190;94
240;20231002;4;30;153;0;10188;95
240;20231002;5;30;150;0;10186;96
240;20231002;6;40;148;0;10190;97
240;20231002;7;30;170;9;10193;93
240;20231002;8;30;175;36;10194;92
240;20231002;9;30;187;49;10194;91
240;20231002;10;30;192;97;10192;88
240;20231002;11;30;203;145;10192;81
240;20231002;12;30;213;144;10186;78
240;20231002;13;30;225;164;10180;75
240;20231002;14;40;226;138;10173;74
240;20231002;15;30;225;94;10165;76
240;20231002;16;30;221;65;10156;78
240;20231002;17;20;212;14;10156;82
240;20231002;18;20;196;0;10159;88
240;20231002;19;30;185;0;10148;90
240;20231002;20;50;180;0;10139;94
240;20231002;21;50;181;0;10124;95
240;20231002;22;30;181;0;10115;94
240;20231002;23;10;178;0;10105;93
240;20231002;24;30;188;0;10089;81
240;20231003;1;60;184;0;10079;80
240;20231003;2;60;181;0;10070;83
240;20231003;3;60;200;0;10065;78
240;20231003;4;110;193;0;10067;84
240;20231003;5;100;188;0;10068;78
240;20231003;6;110;184;0;10074;81
240;20231003;7;80;163;3;10091;94
240;20231003;8;70;154;15;10108;92
240;20231003;9;70;154;38;10123;90
240;20231003;10;60;151;37;10135;86
240;20231003;11;60;145;28;10149;88
240;20231003;12;70;153;67;10156;85
240;20231003;13;70;144;69;10167;85
240;20231003;14;70;167;89;10174;71
240;20231003;15;90;166;96;10181;69
240;20231003;16;90;161;64;10188;69
240;20231003;17;80;158;10;10196;75
240;20231003;18;70;148;0;10206;79
240;20231003;19;70;155;0;10214;68
240;20231003;20;80;161;0;10221;64
240;20231003;21;80;164;0;10223;64
240;20231003;22;90;156;0;10225;68
240;20231003;23;90;151;0;10230;73
240;20231003;24;70;149;0;10234;72
240;20231004;1;60;139;0;10238;77
240;20231004;2;50;143;0;10239;76
240;20231004;3;60;141;0;10241;78
240;20231004;4;50;138;0;10241;77
240;20231004;5;40;139;0;10242;78
240;20231004;6;40;139;1;10247;79
240;20231004;7;40;140;20;10251;81
240;20231004;8;40;150;60;10255;82
240;20231004;9;60;167;91;10255;71
240;20231004;10;70;168;91;10255;68
240;20231004;11;70;174;95;10253;68
240;20231004;12;80;172;104;10251;71
240;20231004;13;80;169;75;10248;69
240;20231004;14;80;168;64;10244;67
240;20231004;15;90;168;67;10240;68
240;20231004;16;70;163;27;10237;70
240;20231004;17;70;157;15;10239;70
240;20231004;18;60;155;0;10240;71
240;20231004;19;50;148;0;10237;75
240;20231004;20;50;146;0;10233;78
240;20231004;21;50;147;0;10230;80
240;20231004;22;50;168;0;10223;66
240;20231004;23;70;162;0;10220;68
240;20231004;24;70;167;0;10218;66
240;20231005;1;90;162;0;10219;68
240;20231005;2;70;156;0;10218;70
240;20231005;3;70;151;0;10216;72
240;20231005;4;60;152;0;10216;72
240;20231005;5;50;153;0;10216;75
240;20231005;6;60;154;0;10219;78
240;20231005;7;50;159;9;10225;78
240;20231005;8;50;157;21;10231;85
240;20231005;9;60;165;40;10238;80
240;20231005;10;60;169;62;10241;77
240;20231005;11;70;173;96;10242;74
240;20231005;12;70;183;141;10243;71
240;20231005;13;70;180;158;10242;70
240;20231005;14;70;180;122;10241;71
240;20231005;15;60;173;101;10240;72
240;20231005;16;60;169;51;10240;72
240;20231005;17;60;165;15;10240;74
240;20231005;18;50;155;0;10243;79
240;20231005;19;40;148;0;10245;80
240;20231005;20;40;149;0;10243;82
240;20231005;21;50;151;0;10241;81
240;20231005;22;50;146;0;10238;84
240;20231005;23;40;146;0;10237;84
240;20231005;24;50;146;0;10235;86
240;20231006;1;60;143;0;10230;90
240;20231006;2;60;144;0;10230;88
240;20231006;3;60;141;0;10224;87
240;20231006;4;70;140;0;10222;87
240;20231006;5;70;143;0;10219;87
240;20231006;6;70;147;1;10218;86
240;20231006;7;70;146;12;10219;88
240;20231006;8;70;161;73;10222;84
240;20231006;9;70;165;62;10223;84
240;20231006;10;70;182;92;10221;78
240;20231006;11;90;189;102;10219;76
240;20231006;12;100;199;175;10216;68
240;20231006;13;100;202;163;10211;67
240;20231006;14;100;197;146;10211;71
240;20231006;15;100;191;78;10209;70
240;20231006;16;100;185;26;10208;74
240;20231006;17;90;177;17;10208;81
240;20231006;18;80;173;0;10210;85
240;20231006;19;70;172;0;10208;86
240;20231006;20;70;168;0;10208;87
240;20231006;21;70;167;0;10207;87
240;20231006;22;60;165;0;10208;88
240;20231006;23;70;173;0;10201;86
240;20231006;24;80;178;0;10201;83
240;20231007;1;80;176;0;10200;86
240;20231007;2;70;178;0;10199;85
240;20231007;3;60;178;0;10198;86
240;20231007;4;60;179;0;10197;86
240;20231007;5;60;175;0;10193;88
240;20231007;6;60;175;0;10194;89
240;20231007;7;70;180;11;10199;85
240;20231007;8;70;188;54;10198;81
240;20231007;9;90;194;114;10203;75
240;20231007;10;100;193;147;10204;72
240;20231007;11;100;192;146;10209;76
240;20231007;12;100;187;82;10208;78
240;20231007;13;90;187;58;10211;79
240;20231007;14;100;185;58;10205;79
240;20231007;15;80;191;59;10205;78
240;20231007;16;70;188;36;10204;83
240;20231007;17;80;186;8;10207;84
240;20231007;18;70;186;0;10208;85
240;20231007;19;70;186;0;10210;85
240;20231007;20;60;186;0;10211;86
240;20231007;21;60;189;0;10214;84
240;20231007;22;60;189;0;10217;85
240;20231007;23;50;186;0;10222;89
240;20231007;24;40;183;0;10227;88
240;20231008;1;30;173;0;10223;91
240;20231008;2;20;167;0;10230;95
240;20231008;3;20;168;0;10231;92
240;20231008;4;40;148;0;10242;93
240;20231008;5;40;145;0;10243;95
240;20231008;6;50;141;0;10249;93
240;20231008;7;50;140;8;10253;85
240;20231008;8;40;145;39;10259;85
240;20231008;9;40;153;79;10261;81
240;20231008;10;40;161;139;10262;78
240;20231008;11;40;162;122;10262;78
240;20231008;12;40;161;76;10255;79
240;20231008;13;40;165;92;10251;81
240;20231008;14;30;164;45;10248;83
240;20231008;15;30;164;36;10244;84
240;20231008;16;30;163;24;10237;85
240;20231008;17;30;156;8;10233;87
240;20231008;18;30;155;0;10228;88
240;20231008;19;30;137;0;10221;93
240;20231008;20;30;142;0;10217;96
240;20231008;21;20;124;0;10213;97
240;20231008;22;30;139;0;10208;98
240;20231008;23;30;146;0;10203;96
240;20231008;24;30;148;0;10197;97
240;20231009;1;40;153;0;10194;96
240;20231009;2;30;174;0;10188;89
240;20231009;3;40;175;0;10183;89
240;20231009;4;50;174;0;10185;90
240;20231009;5;50;173;0;10188;90
240;20231009;6;50;172;0;10184;88
240;20231009;7;40;180;4;10187;85
240;20231009;8;40;184;26;10191;84
240;20231009;9;60;192;59;10199;81
240;20231009;10;60;192;81;10198;81
240;20231009;11;60;197;112;10201;79
240;20231009;12;50;190;73;10200;81
240;20231009;13;50;191;43;10201;81
240;20231009;14;40;190;44;10199;83
240;20231009;15;40;188;42;10199;85
240;20231009;16;40;180;26;10202;86
240;20231009;17;40;177;3;10205;87
240;20231009;18;30;162;0;10207;92
240;20231009;19;20;168;0;10209;93
240;20231009;20;20;168;0;10209;91
240;20231009;21;30;167;0;10211;93
240;20231009;22;20;158;0;10211;93
240;20231009;23;20;146;0;10206;97
240;20231009;24;30;147;0;10204;97
240;20231010;1;20;152;0;10201;98
240;20231010;2;20;143;0;10197;98
240;20231010;3;30;146;0;10190;98
240;20231010;4;30;148;0;10187;98
240;20231010;5;40;142;0;10182;98
240;20231010;6;40;140;0;10178;98
240;20231010;7;30;143;11;10176;95
240;20231010;8;40;156;42;10176;89
240;20231010;9;40;171;76;10178;87
240;20231010;10;50;189;120;10177;81
240;20231010;11;40;208;167;10173;77
240;20231010;12;50;213;140;10168;74
240;20231010;13;50;221;168;10163;71
240;20231010;14;60;206;76;10162;76
240;20231010;15;60;210;80;10156;66
240;20231010;16;60;197;39;10149;66
240;20231010;17;40;188;8;10145;75
240;20231010;18;50;179;0;10141;77
240;20231010;19;40;166;0;10139;77
240;20231010;20;50;180;0;10137;70
240;20231010;21;70;178;0;10136;84
240;20231010;22;70;173;0;10135;89
240;20231010;23;60;170;0;10133;89
240;20231010;24;60;169;0;10131;90
240;20231011;1;50;169;0;10127;86
240;20231011;2;60;165;0;10121;88
240;20231011;3;50;160;0;10121;91
240;20231011;4;50;166;0;10119;90
240;20231011;5;50;171;0;10116;89
240;20231011;6;70;176;0;10116;88
240;20231011;7;70;179;3;10119;88
240;20231011;8;80;180;4;10123;84
240;20231011;9;90;180;14;10122;85
240;20231011;10;90;194;70;10124;79
240;20231011;11;90;199;114;10122;79
240;20231011;12;90;196;82;10121;80
240;20231011;13;100;199;85;10118;81
240;20231011;14;90;193;65;10114;83
240;20231011;15;80;190;26;10108;86
240;20231011;16;50;183;21;10108;89
240;20231011;17;50;183;2;10104;92
240;20231011;18;50;183;0;10116;91
240;20231011;19;60;180;0;10103;92
240;20231011;20;60;178;0;10102;88
240;20231011;21;70;177;0;10102;87
240;20231011;22;50;174;0;10106;93
240;20231011;23;60;173;0;10107;95
240;20231011;24;50;159;0;10111;96
240;20231012;1;30;149;0;10117;98
240;20231012;2;20;141;0;10117;97
240;20231012;3;30;132;0;10117;97
240;20231012;4;20;132;0;10120;97
240;20231012;5;20;132;0;10126;98
240;20231012;6;20;130;0;10129;97
240;20231012;7;20;130;3;10134;94
240;20231012;8;20;130;6;10138;95
240;20231012;9;20;134;19;10138;92
240;20231012;10;30;140;36;10135;96
240;20231012;11;30;145;31;10130;97
240;20231012;12;30;142;13;10125;98
240;20231012;13;30;143;6;10120;98
240;20231012;14;30;152;25;10120;97
240;20231012;15;10;160;18;10114;97
240;20231012;16;10;166;12;10112;97
240;20231012;17;20;162;3;10112;97
240;20231012;18;20;165;0;10115;98
240;20231012;19;20;166;0;10114;98
240;20231012;20;40;174;0;10113;95
240;20231012;21;50;172;0;10112;95
240;20231012;22;40;172;0;10108;96
240;20231012;23;40;171;0;10105;96
240;20231012;24;50;171;0;10102;96
240;20231013;1;60;170;0;10097;96
240;20231013;2;60;169;0;10089;97
240;20231013;3;60;168;0;10077;97
240;20231013;4;60;165;0;10062;98
240;20231013;5;70;168;0;10050;96
240;20231013;6;80;172;0;10044;92
240;20231013;7;60;169;2;10039;93
240;20231013;8;80;184;17;10032;89
240;20231013;9;90;194;19;10025;79
240;20231013;10;100;198;23;10018;78
240;20231013;11;100;206;72;10013;72
240;20231013;12;110;209;22;10008;69
240;20231013;13;120;200;18;10006;77
240;20231013;14;120;199;21;10003;79
240;20231013;15;130;185;9;10007;90
240;20231013;16;100;186;8;9997;90
240;20231013;17;90;187;3;9992;89
240;20231013;18;90;187;0;9991;89
240;20231013;19;90;179;0;9987;92
240;20231013;20;90;184;0;9979;89
240;20231013;21;90;184;0;9976;83
240;20231013;22;70;143;0;9992;94
240;20231013;23;30;141;0;10002;93
240;20231013;24;60;132;0;10013;85
240;20231014;1;70;123;0;10029;72
240;20231014;2;60;124;0;10038;71
240;20231014;3;70;121;0;10053;72
240;20231014;4;70;124;0;10064;67
240;20231014;5;70;121;0;10075;66
240;20231014;6;70;116;0;10084;69
240;20231014;7;60;123;13;10096;65
240;20231014;8;70;134;60;10106;62
240;20231014;9;80;139;96;10114;61
240;20231014;10;90;136;139;10123;60
240;20231014;11;90;120;110;10130;72
240;20231014;12;70;118;59;10135;74
240;20231014;13;80;133;102;10138;62
240;20231014;14;90;129;102;10146;52
240;20231014;15;90;123;103;10152;55
240;20231014;16;80;119;49;10157;58
240;20231014;17;70;106;8;10163;59
240;20231014;18;50;107;0;10167;59
240;20231014;19;50;94;0;10171;68
240;20231014;20;40;87;0;10171;70
240;20231014;21;40;80;0;10178;82
240;20231014;22;20;77;0;10176;88
240;20231014;23;20;73;0;10179;93
240;20231014;24;40;89;0;10172;74
240;20231015;1;50;84;0;10172;78
240;20231015;2;60;85;0;10169;72
240;20231015;3;40;79;0;10175;83
240;20231015;4;40;70;0;10178;83
240;20231015;5;30;79;0;10179;81
240;20231015;6;20;81;0;10180;81
240;20231015;7;40;75;4;10190;83
240;20231015;8;30;92;40;10196;76
240;20231015;9;40;87;37;10206;80
240;20231015;10;40;102;66;10209;78
240;20231015;11;40;98;121;10218;73
240;20231015;12;30;108;97;10220;67
240;20231015;13;50;113;114;10223;73
240;20231015;14;30;107;78;10227;75
240;20231015;15;40;105;61;10231;73
240;20231015;16;30;100;44;10232;73
240;20231015;17;30;70;2;10236;86
240;20231015;18;10;82;0;10238;82
240;20231015;19;20;86;0;10241;81
240;20231015;20;20;79;0;10242;88
240;20231015;21;10;81;0;10244;90
240;20231015;22;20;75;0;10244;95
240;20231015;23;20;75;0;10241;96
240;20231015;24;30;70;0;10237;95
240;20231016;1;40;80;0;10236;95
240;20231016;2;20;80;0;10234;93
240;20231016;3;20;81;0;10234;95
240;20231016;4;30;75;0;10231;96
240;20231016;5;20;65;0;10227;96
240;20231016;6;10;79;0;10226;97
240;20231016;7;20;91;6;10229;96
240;20231016;8;30;102;29;10231;90
240;20231016;9;30;115;72;10230;81
240;20231016;10;20;123;114;10230;78
240;20231016;11;10;128;123;10229;74
240;20231016;12;20;115;43;10227;83
240;20231016;13;20;125;98;10223;76
240;20231016;14;30;121;85;10221;66
240;20231016;15;30;120;67;10218;69
240;20231016;16;30;107;40;10215;77
240;20231016;17;20;99;4;10216;81
240;20231016;18;10;92;0;10216;87
240;20231016;19;10;84;0;10214;89
240;20231016;20;20;83;0;10213;87
240;20231016;21;20;79;0;10218;86
240;20231016;22;30;71;0;10220;92
240;20231016;23;20;63;0;10215;93
240;20231016;24;30;71;0;10214;92
240;20231017;1;30;72;0;10210;92
240;20231017;2;20;72;0;10206;92
240;20231017;3;20;73;0;10205;92
240;20231017;4;30;78;0;10207;88
240;20231017;5;30;71;0;10206;89
240;20231017;6;30;67;0;10203;90
240;20231017;7;30;69;8;10205;91
240;20231017;8;40;92;54;10205;80
240;20231017;9;50;102;103;10207;76
240;20231017;10;60;112;143;10205;70
240;20231017;11;60;118;168;10202;68
240;20231017;12;60;124;178;10194;65
240;20231017;13;60;124;169;10186;63
240;20231017;14;60;120;126;10178;65
240;20231017;15;60;119;98;10175;62
240;20231017;16;50;108;47;10172;69
240;20231017;17;50;92;5;10172;77
240;20231017;18;50;92;0;10174;76
240;20231017;19;60;84;0;10168;80
240;20231017;20;60;83;0;10165;81
240;20231017;21;60;79;0;10156;84
240;20231017;22;60;77;0;10150;84
240;20231017;23;60;73;0;10146;86
240;20231017;24;50;69;0;10138;88
240;20231018;1;50;70;0;10133;87
240;20231018;2;50;68;0;10127;87
240;20231018;3;50;69;0;10118;84
240;20231018;4;50;70;0;10112;82
240;20231018;5;60;69;0;10101;81
240;20231018;6;60;66;0;10096;83
240;20231018;7;70;71;5;10089;78
240;20231018;8;70;75;31;10083;77
240;20231018;9;70;91;77;10075;70
240;20231018;10;70;99;102;10067;69
240;20231018;11;80;110;128;10053;65
240;20231018;12;70;118;117;10040;66
240;20231018;13;80;124;127;10026;65
240;20231018;14;80;126;94;10013;66
240;20231018;15;70;123;47;10003;66
240;20231018;16;80;118;17;9990;67
240;20231018;17;70;116;1;9983;66
240;20231018;18;80;114;0;9977;65
240;20231018;19;70;112;0;9962;66
240;20231018;20;80;110;0;9953;72
240;20231018;21;70;97;0;9944;89
240;20231018;22;80;96;0;9933;95
240;20231018;23;80;98;0;9923;98
240;20231018;24;70;106;0;9917;98
240;20231019;1;70;111;0;9913;98
240;20231019;2;50;120;0;9911;98
240;20231019;3;40;138;0;9907;98
240;20231019;4;40;140;0;9905;96
240;20231019;5;40;140;0;9905;96
240;20231019;6;50;145;0;9908;91
240;20231019;7;40;141;4;9913;93
240;20231019;8;40;144;17;9916;93
240;20231019;9;40;151;28;9915;92
240;20231019;10;40;163;81;9910;89
240;20231019;11;50;165;46;9907;89
240;20231019;12;50;181;102;9905;83
240;20231019;13;50;173;46;9901;86
240;20231019;14;40;166;19;9897;92
240;20231019;15;40;162;22;9889;93
240;20231019;16;50;159;24;9886;94
240;20231019;17;50;158;3;9889;94
240;20231019;18;50;156;0;9886;94
240;20231019;19;50;149;0;9882;96
240;20231019;20;50;151;0;9878;96
240;20231019;21;50;148;0;9872;96
240;20231019;22;60;146;0;9868;96
240;20231019;23;60;148;0;9867;96
240;20231019;24;60;147;0;9856;96
240;20231020;1;70;132;0;9853;98
240;20231020;2;60;125;0;9845;98
240;20231020;3;80;118;0;9831;98
240;20231020;4;80;109;0;9826;98
240;20231020;5;80;106;0;9818;97
240;20231020;6;80;103;0;9811;98
240;20231020;7;80;100;0;9809;97
240;20231020;8;80;96;4;9807;97
240;20231020;9;90;93;12;9801;96
240;20231020;10;90;91;16;9798;95
240;20231020;11;100;90;21;9790;95
240;20231020;12;100;90;25;9781;97
240;20231020;13;80;91;22;9774;97
240;20231020;14;60;95;10;9782;97
240;20231020;15;50;98;8;9777;97
240;20231020;16;50;100;3;9775;97
240;20231020;17;60;110;0;9778;97
240;20231020;18;50;128;0;9780;98
240;20231020;19;50;141;0;9785;96
240;20231020;20;50;138;0;9794;97
240;20231020;21;50;133;0;9802;97
240;20231020;22;50;132;0;9809;97
240;20231020;23;60;129;0;9815;97
240;20231020;24;50;124;0;9822;98
240;20231021;1;50;122;0;9828;97
240;20231021;2;40;124;0;9833;97
240;20231021;3;50;122;0;9840;97
240;20231021;4;50;119;0;9847;97
240;20231021;5;50;120;0;9855;97
240;20231021;6;60;126;0;9865;96
240;20231021;7;50;128;4;9875;95
240;20231021;8;50;132;9;9884;96
240;20231021;9;70;136;19;9894;91
240;20231021;10;90;138;50;9904;82
240;20231021;11;90;148;98;9910;76
240;20231021;12;100;150;112;9914;70
240;20231021;13;80;149;89;9914;73
240;20231021;14;80;130;24;9921;86
240;20231021;15;50;124;7;9926;90
240;20231021;16;70;121;6;9925;92
240;20231021;17;80;119;0;9931;96
240;20231021;18;70;125;0;9933;91
240;20231021;19;70;130;0;9933;84
240;20231021;20;80;134;0;9934;80
240;20231021;21;70;136;0;9935;79
240;20231021;22;80;135;0;9936;80
240;20231021;23;80;121;0;9936;96
240;20231021;24;70;121;0;9938;97
240;20231022;1;70;125;0;9941;96
240;20231022;2;80;131;0;9947;95
240;20231022;3;80;127;0;9965;96
240;20231022;4;80;117;0;9988;89
240;20231022;5;60;125;0;9999;82
240;20231022;6;50;123;0;10009;76
240;20231022;7;50;113;3;10023;82
240;20231022;8;40;119;24;10034;85
240;20231022;9;50;120;34;10041;89
240;20231022;10;50;127;35;10049;87
240;20231022;11;50;137;46;10055;82
240;20231022;12;70;142;116;10058;66
240;20231022;13;70;141;115;10066;71
240;20231022;14;60;146;53;10073;68
240;20231022;15;60;142;72;10079;66
240;20231022;16;50;126;34;10085;73
240;20231022;17;30;111;2;10091;79
240;20231022;18;30;106;0;10098;83
240;20231022;19;30;88;0;10104;88
240;20231022;20;40;84;0;10109;89
240;20231022;21;30;77;0;10113;93
240;20231022;22;20;78;0;10115;94
240;20231022;23;10;68;0;10120;96
240;20231022;24;20;69;0;10123;96
240;20231023;1;10;66;0;10125;97
240;20231023;2;10;67;0;10127;97
240;20231023;3;10;51;0;10128;99
240;20231023;4;10;48;0;10131;98
240;20231023;5;10;78;0;10130;99
240;20231023;6;20;81;0;10133;99
240;20231023;7;10;80;4;10131;99
240;20231023;8;10;87;20;10133;99
240;20231023;9;30;91;39;10130;99
240;20231023;10;30;99;43;10131;99
240;20231023;11;40;108;34;10128;98
240;20231023;12;30;119;58;10118;94
240;20231023;13;40;124;73;10111;92
240;20231023;14;40;124;65;10102;90
240;20231023;15;50;122;34;10097;91
240;20231023;16;50;117;15;10089;92
240;20231023;17;50;118;1;10080;94
240;20231023;18;50;118;0;10074;94
240;20231023;19;50;116;0;10070;93
240;20231023;20;60;114;0;10067;95
240;20231023;21;50;114;0;10053;96
240;20231023;22;60;115;0;10037;96
240;20231023;23;60;113;0;10027;97
240;20231023;24;60;112;0;10020;98
240;20231024;1;40;113;0;10012;98
240;20231024;2;40;117;0;10008;98
240;20231024;3;50;118;0;10005;98
240;20231024;4;50;117;0;10007;97
240;20231024;5;50;115;0;10003;97
240;20231024;6;60;115;0;10000;96
240;20231024;7;60;115;1;10003;96
240;20231024;8;70;115;5;10002;94
240;20231024;9;70;120;20;10002;93
240;20231024;10;80;120;25;10004;91
240;20231024;11;70;122;23;10003;91
240;20231024;12;80;123;30;10000;89
240;20231024;13;60;118;24;10000;92
240;20231024;14;70;116;21;9998;92
240;20231024;15;60;118;30;9998;92
240;20231024;16;60;122;12;9998;89
240;20231024;17;60;119;2;10000;92
240;20231024;18;50;123;0;10002;90
240;20231024;19;50;117;0;10004;87
240;20231024;20;50;109;0;10007;90
240;20231024;21;60;106;0;10005;91
240;20231024;22;50;101;0;10005;88
240;20231024;23;60;107;0;10005;88
240;20231024;24;50;100;0;10003;92
240;20231025;1;40;102;0;10000;91
240;20231025;2;50;89;0;9998;94
240;20231025;3;40;76;0;9993;96
240;20231025;4;40;76;0;9989;97
240;20231025;5;30;76;0;9985;97
240;20231025;6;20;83;0;9981;96
240;20231025;7;20;88;1;9976;96
240;20231025;8;30;95;10;9970;94
240;20231025;9;40;100;25;9968;92
240;20231025;10;40;102;26;9963;93
240;20231025;11;30;100;18;9954;97
240;20231025;12;40;103;16;9948;97
240;20231025;13;50;105;20;9943;95
240;20231025;14;40;105;13;9938;96
240;20231025;15;40;105;10;9937;95
240;20231025;16;50;104;5;9936;93
240;20231025;17;50;104;0;9937;95
240;20231025;18;50;104;0;9944;95
240;20231025;19;40;106;0;9948;95
240;20231025;20;30;107;0;9952;95
240;20231025;21;30;105;0;9955;96
240;20231025;22;20;104;0;9961;97
240;20231025;23;20;99;0;9962;98
240;20231025;24;20;92;0;9966;98
240;20231026;1;20;92;0;9970;98
240;20231026;2;10;88;0;9969;98
240;20231026;3;10;70;0;9967;99
240;20231026;4;10;63;0;9964;99
240;20231026;5;10;60;0;9960;98
240;20231026;6;10;65;0;9959;99
240;20231026;7;20;75;2;9962;99
240;20231026;8;20;75;14;9962;99
240;20231026;9;20;80;41;9964;99
240;20231026;10;30;85;53;9961;99
240;20231026;11;40;96;61;9958;98
240;20231026;12;30;107;69;9954;93
240;20231026;13;30;113;80;9953;89
240;20231026;14;40;112;56;9948;90
240;20231026;15;50;109;41;9942;89
240;20231026;16;40;106;16;9938;90
240;20231026;17;40;104;1;9943;92
240;20231026;18;50;103;0;9940;91
240;20231026;19;40;103;0;9936;91
240;20231026;20;40;101;0;9935;93
240;20231026;21;40;101;0;9931;95
240;20231026;22;40;100;0;9925;96
240;20231026;23;40;102;0;9922;95
240;20231026;24;40;101;0;9920;95
240;20231027;1;30;102;0;9916;96
240;20231027;2;30;101;0;9913;98
240;20231027;3;30;99;0;9912;98
240;20231027;4;30;100;0;9910;98
240;20231027;5;30;101;0;9910;98
240;20231027;6;30;103;0;9908;98
240;20231027;7;30;104;1;9911;98
240;20231027;8;30;108;14;9912;98
240;20231027;9;30;112;26;9915;97
240;20231027;10;30;114;28;9916;96
240;20231027;11;20;115;36;9917;95
240;20231027;12;30;117;42;9915;94
240;20231027;13;30;116;36;9916;95
240;20231027;14;30;113;31;9916;95
240;20231027;15;30;114;16;9919;97
240;20231027;16;20;118;11;9920;97
240;20231027;17;40;114;1;9923;96
240;20231027;18;30;105;0;9924;96
240;20231027;19;40;101;0;9924;96
240;20231027;20;40;97;0;9928;97
240;20231027;21;30;92;0;9932;97
240;20231027;22;30;89;0;9935;97
240;20231027;23;40;92;0;9934;95
240;20231027;24;40;92;0;9936;94
240;20231028;1;40;90;0;9937;96
240;20231028;2;40;88;0;9935;97
240;20231028;3;40;95;0;9934;97
240;20231028;4;40;104;0;9935;96
240;20231028;5;50;104;0;9932;92
240;20231028;6;50;104;0;9932;93
240;20231028;7;60;105;2;9933;95
240;20231028;8;60;109;8;9935;94
240;20231028;9;60;113;18;9937;93
240;20231028;10;70;117;12;9940;93
240;20231028;11;60;124;22;9943;86
240;20231028;12;70;136;72;9941;83
240;20231028;13;80;131;37;9945;79
240;20231028;14;70;133;23;9945;79
240;20231028;15;60;136;29;9944;77
240;20231028;16;50;129;12;9945;80
240;20231028;17;40;114;1;9943;86
240;20231028;18;50;112;0;9942;87
240;20231028;19;60;113;0;9937;87
240;20231028;20;60;115;0;9929;89
240;20231028;21;60;114;0;9918;95
240;20231028;22;70;116;0;9905;96
240;20231028;23;70;120;0;9891;97
240;20231028;24;80;127;0;9883;95
240;20231029;1;90;134;0;9877;91
240;20231029;2;80;142;0;9868;85
240;20231029;3;100;129;0;9871;79
240;20231029;4;80;128;0;9871;87
240;20231029;5;100;115;0;9875;88
240;20231029;6;100;123;0;9880;85
240;20231029;7;100;119;2;9891;84
240;20231029;8;100;124;31;9902;83
240;20231029;9;100;127;63;9912;80
240;20231029;10;100;129;62;9919;76
240;20231029;11;90;138;96;9925;76
240;20231029;12;90;135;62;9914;77
240;20231029;13;80;146;85;9913;72
240;20231029;14;80;136;46;9908;75
240;20231029;15;80;127;31;9905;83
240;20231029;16;70;123;9;9904;84
240;20231029;17;70;121;0;9914;91
240;20231029;18;90;109;0;9920;88
240;20231029;19;80;113;0;9925;88
240;20231029;20;100;114;0;9941;88
240;20231029;21;80;115;0;9949;84
240;20231029;22;80;112;0;9956;79
240;20231029;23;70;108;0;9963;81
240;20231029;24;60;103;0;9965;83
240;20231030;1;50;97;0;9970;86
240;20231030;2;60;90;0;9973;89
240;20231030;3;60;93;0;9977;91
240;20231030;4;70;94;0;9977;89
240;20231030;5;60;92;0;9976;90
240;20231030;6;60;95;0;9978;91
240;20231030;7;50;94;3;9983;92
240;20231030;8;50;105;28;9988;91
240;20231030;9;50;114;49;9990;90
240;20231030;10;50;121;61;9992;89
240;20231030;11;50;128;94;9988;87
240;20231030;12;50;131;68;9985;88
240;20231030;13;50;132;61;9979;86
240;20231030;14;40;131;40;9972;87
240;20231030;15;40;127;24;9968;90
240;20231030;16;30;120;5;9964;93
240;20231030;17;20;113;0;9961;95
240;20231030;18;10;109;0;9961;97
240;20231030;19;10;104;0;9956;97
240;20231030;20;20;101;0;9956;97
240;20231030;21;30;100;0;9957;98
240;20231030;22;30;98;0;9958;97
240;20231030;23;20;96;0;9957;97
240;20231030;24;30;100;0;9960;98
240;20231031;1;30;99;0;9960;97
240;20231031;2;20;103;0;9967;96
240;20231031;3;40;101;0;9971;93
240;20231031;4;40;104;0;9977;95
240;20231031;5;40;100;0;9981;97
240;20231031;6;50;99;0;9985;97
240;20231031;7;60;104;2;9991;95
240;20231031;8;60;111;18;9999;94
240;20231031;9;50;115;37;10003;91
240;20231031;10;40;134;99;10010;83
240;20231031;11;30;139;92;10014;76
240;20231031;12;30;136;87;10017;80
240;20231031;13;10;124;32;10021;84
240;20231031;14;30;115;25;10025;91
240;20231031;15;40;113;3;10029;94
240;20231031;16;40;111;4;10033;95
240;20231031;17;40;109;0;10035;95
240;20231031;18;30;97;0;10038;97
240;20231031;19;30;100;0;10033;98
240;20231031;20;40;107;0;10032;97
240;20231031;21;50;106;0;10028;90
240;20231031;22;60;105;0;10027;87
240;20231031;23;60;106;0;10030;98
240;20231031;24;30;110;0;10028;94
240;20231101;1;30;107;0;10020;97
240;20231101;2;40;114;0;10012;96
240;20231101;3;50;111;0;10006;96
240;20231101;4;40;113;0;10001;96
240;20231101;5;50;112;0;9995;98
240;20231101;6;50;117;0;9989;98
240;20231101;7;60;125;1;9988;96
240;20231101;8;70;129;11;9987;92
240;20231101;9;70;132;28;9984;91
240;20231101;10;70;135;55;9979;89
240;20231101;11;80;137;42;9973;86
240;20231101;12;80;139;57;9963;85
240;20231101;13;70;145;51;9953;82
240;20231101;14;70;142;38;9943;79
240;20231101;15;80;134;8;9936;85
240;20231101;16;80;129;7;9931;83
240;20231101;17;90;122;1;9930;84
240;20231101;18;90;122;0;9929;83
240;20231101;19;90;114;0;9930;86
240;20231101;20;90;112;0;9929;84
240;20231101;21;80;104;0;9923;87
240;20231101;22;70;99;0;9916;85
240;20231101;23;60;95;0;9903;89
240;20231101;24;70;97;0;9891;91
240;20231102;1;80;101;0;9872;89
240;20231102;2;80;106;0;9848;86
240;20231102;3;90;110;0;9821;82
240;20231102;4;90;107;0;9795;85
240;20231102;5;100;111;0;9771;80
240;20231102;6;110;111;0;9751;78
240;20231102;7;100;106;1;9734;84
240;20231102;8;100;113;7;9724;86
240;20231102;9;110;122;20;9711;82
240;20231102;10;120;118;14;9706;80
240;20231102;11;90;116;15;9698;82
240;20231102;12;130;117;34;9694;78
240;20231102;13;130;111;28;9687;82
240;20231102;14;130;104;10;9681;86
240;20231102;15;140;109;8;9685;76
240;20231102;16;160;106;3;9693;77
240;20231102;17;160;104;0;9701;79
240;20231102;18;150;109;0;9709;72
240;20231102;19;160;106;0;9713;73
240;20231102;20;160;93;0;9718;86
240;20231102;21;140;84;0;9719;92
240;20231102;22;130;85;0;9719;94
240;20231102;23;120;91;0;9723;93
240;20231102;24;130;88;0;9728;93
240;20231103;1;130;89;0;9737;94
240;20231103;2;120;88;0;9744;96
240;20231103;3;100;94;0;9748;96
240;20231103;4;80;94;0;9755;96
240;20231103;5;80;108;0;9763;91
240;20231103;6;80;107;0;9772;93
240;20231103;7;80;104;0;9786;93
240;20231103;8;80;97;4;9795;94
240;20231103;9;80;105;27;9807;89
240;20231103;10;90;100;33;9814;92
240;20231103;11;90;98;28;9816;94
240;20231103;12;90;114;38;9820;83
240;20231103;13;100;118;44;9826;81
240;20231103;14;110;114;79;9834;89
240;20231103;15;100;113;42;9839;81
240;20231103;16;100;106;12;9844;79
240;20231103;17;90;103;0;9848;81
240;20231103;18;80;101;0;9850;81
240;20231103;19;90;94;0;9851;81
240;20231103;20;80;87;0;9852;82
240;20231103;21;80;82;0;9851;84
240;20231103;22;80;79;0;9847;85
240;20231103;23;70;80;0;9844;86
240;20231103;24;70;86;0;9841;86
240;20231104;1;70;90;0;9837;87
240;20231104;2;80;91;0;9832;89
240;20231104;3;80;92;0;9831;92
240;20231104;4;70;92;0;9827;92
240;20231104;5;70;93;0;9824;92
240;20231104;6;70;89;0;9817;91
240;20231104;7;60;87;0;9813;93
240;20231104;8;60;91;8;9807;89
240;20231104;9;70;93;32;9795;85
240;20231104;10;70;99;54;9786;85
240;20231104;11;80;102;57;9772;80
240;20231104;12;80;98;23;9754;83
240;20231104;13;70;91;26;9733;91
240;20231104;14;80;89;18;9719;94
240;20231104;15;80;89;8;9708;95
240;20231104;16;70;91;2;9700;95
240;20231104;17;70;97;0;9698;94
240;20231104;18;70;99;0;9696;93
240;20231104;19;60;97;0;9696;92
240;20231104;20;60;94;0;9697;94
240;20231104;21;60;93;0;9700;93
240;20231104;22;70;98;0;9702;91
240;20231104;23;60;93;0;9701;91
240;20231104;24;60;92;0;9699;92
240;20231105;1;50;87;0;9695;93
240;20231105;2;50;90;0;9692;92
240;20231105;3;50;94;0;9690;92
240;20231105;4;50;94;0;9691;97
240;20231105;5;40;94;0;9692;97
240;20231105;6;40;95;0;9695;97
240;20231105;7;40;97;0;9702;96
240;20231105;8;40;101;11;9709;95
240;20231105;9;50;112;39;9721;93
240;20231105;10;60;108;40;9735;94
240;20231105;11;50;110;13;9747;92
240;20231105;12;60;114;42;9758;89
240;20231105;13;80;116;45;9773;88
240;20231105;14;110;116;29;9789;84
240;20231105;15;120;111;11;9803;89
240;20231105;16;120;115;3;9822;84
240;20231105;17;120;119;0;9841;78
240;20231105;18;100;117;0;9860;77
240;20231105;19;100;118;0;9872;71
240;20231105;20;80;115;0;9885;76
240;20231105;21;60;114;0;9893;73
240;20231105;22;40;97;0;9901;88
240;20231105;23;60;95;0;9908;90
240;20231105;24;70;97;0;9915;92
240;20231106;1;70;97;0;9922;93
240;20231106;2;80;96;0;9928;94
240;20231106;3;70;96;0;9935;93
240;20231106;4;60;93;0;9940;93
240;20231106;5;70;94;0;9943;92
240;20231106;6;90;90;0;9951;89
240;20231106;7;80;90;1;9955;89
240;20231106;8;80;98;32;9960;85
240;20231106;9;100;100;53;9966;84
240;20231106;10;90;111;66;9973;80
240;20231106;11;110;113;104;9978;78
240;20231106;12;110;104;85;9986;83
240;20231106;13;90;111;58;9988;82
240;20231106;14;90;116;77;9991;79
240;20231106;15;80;112;45;9995;82
240;20231106;16;70;105;10;10001;85
240;20231106;17;60;99;0;10006;89
240;20231106;18;60;104;0;10013;89
240;20231106;19;80;101;0;10020;90
240;20231106;20;80;96;0;10025;92
240;20231106;21;70;98;0;10031;91
240;20231106;22;70;93;0;10032;92
240;20231106;23;50;88;0;10035;94
240;20231106;24;60;89;0;10042;94
240;20231107;1;70;88;0;10047;94
240;20231107;2;60;92;0;10051;93
240;20231107;3;50;93;0;10051;94
240;20231107;4;60;89;0;10051;92
240;20231107;5;50;81;0;10054;93
240;20231107;6;50;82;0;10057;90
240;20231107;7;50;73;0;10060;92
240;20231107;8;40;89;30;10065;90
240;20231107;9;70;94;27;10069;90
240;20231107;10;70;98;43;10071;92
240;20231107;11;80;117;100;10072;83
240;20231107;12;80;119;109;10072;81
240;20231107;13;80;116;47;10073;81
240;20231107;14;80;110;76;10074;84
240;20231107;15;70;112;35;10076;83
240;20231107;16;70;103;12;10074;85
240;20231107;17;80;100;0;10076;87
240;20231107;18;80;98;0;10078;89
240;20231107;19;70;96;0;10080;91
240;20231107;20;70;96;0;10081;91
240;20231107;21;70;94;0;10084;92
240;20231107;22;70;91;0;10083;94
240;20231107;23;60;94;0;10086;94
240;20231107;24;50;90;0;10088;95
240;20231108;1;50;86;0;10093;94
240;20231108;2;50;91;0;10095;94
240;20231108;3;50;88;0;10097;94
240;20231108;4;50;84;0;10096;96
240;20231108;5;60;88;0;10100;96
240;20231108;6;70;86;0;10099;95
240;20231108;7;70;85;0;10100;93
240;20231108;8;70;89;17;10102;89
240;20231108;9;70;96;53;10100;88
240;20231108;10;80;94;35;10098;90
240;20231108;11;80;99;67;10092;84
240;20231108;12;90;101;50;10086;83
240;20231108;13;90;97;26;10076;88
240;20231108;14;90;96;19;10063;90
240;20231108;15;90;93;6;10053;95
240;20231108;16;90;92;1;10047;96
240;20231108;17;90;98;0;10041;94
240;20231108;18;90;99;0;10035;96
240;20231108;19;90;104;0;10030;94
240;20231108;20;100;106;0;10025;95
240;20231108;21;90;106;0;10020;96
240;20231108;22;80;107;0;10014;96
240;20231108;23;80;108;0;10007;96
240;20231108;24;80;108;0;10001;96
240;20231109;1;70;107;0;9995;97
240;20231109;2;50;98;0;9990;98
240;20231109;3;30;99;0;9993;97
240;20231109;4;30;97;0;9994;98
240;20231109;5;30;92;0;9995;97
240;20231109;6;30;95;0;9997;97
240;20231109;7;40;79;0;10003;97
240;20231109;8;40;90;16;10004;93
240;20231109;9;40;99;46;10003;85
240;20231109;10;50;105;88;10001;83
240;20231109;11;60;107;85;10000;81
240;20231109;12;60;106;52;9992;76
240;20231109;13;70;106;35;9985;78
240;20231109;14;70;106;24;9975;83
240;20231109;15;80;88;6;9972;91
240;20231109;16;60;82;1;9962;94
240;20231109;17;40;79;0;9960;94
240;20231109;18;50;73;0;9959;95
240;20231109;19;60;73;0;9955;93
240;20231109;20;70;74;0;9954;93
240;20231109;21;70;78;0;9954;89
240;20231109;22;60;75;0;9950;86
240;20231109;23;70;68;0;9947;88
240;20231109;24;70;68;0;9943;88
240;20231110;1;70;67;0;9939;89
240;20231110;2;70;69;0;9935;89
240;20231110;3;70;67;0;9934;90
240;20231110;4;70;74;0;9933;91
240;20231110;5;80;71;0;9934;92
240;20231110;6;70;72;0;9937;93
240;20231110;7;70;74;0;9940;93
240;20231110;8;70;74;4;9941;93
240;20231110;9;70;74;6;9939;92
240;20231110;10;60;72;4;9940;92
240;20231110;11;50;80;13;9934;91
240;20231110;12;70;80;6;9933;92
240;20231110;13;70;81;20;9937;94
240;20231110;14;70;83;17;9941;93
240;20231110;15;70;85;12;9946;93
240;20231110;16;60;81;3;9949;93
240;20231110;17;60;76;0;9957;95
240;20231110;18;60;77;0;9963;95
240;20231110;19;30;75;0;9964;96
240;20231110;20;30;70;0;9969;97
240;20231110;21;20;68;0;9975;92
240;20231110;22;20;51;0;9980;93
240;20231110;23;30;66;0;9985;87
240;20231110;24;30;59;0;9993;89
240;20231111;1;40;67;0;9996;82
240;20231111;2;30;72;0;10000;81
240;20231111;3;30;53;0;10003;90
240;20231111;4;60;75;0;10007;80
240;20231111;5;40;75;0;10011;86
240;20231111;6;60;73;0;10016;84
240;20231111;7;50;74;0;10021;81
240;20231111;8;50;80;4;10030;83
240;20231111;9;40;91;35;10032;82
240;20231111;10;30;103;65;10035;75
240;20231111;11;60;88;85;10040;82
240;20231111;12;40;90;46;10040;85
240;20231111;13;40;104;62;10042;75
240;20231111;14;50;102;73;10044;75
240;20231111;15;50;90;24;10050;77
240;20231111;16;50;88;5;10052;85
240;20231111;17;50;89;0;10054;89
240;20231111;18;30;84;0;10055;93
240;20231111;19;30;68;0;10056;93
240;20231111;20;10;57;0;10058;97
240;20231111;21;20;60;0;10054;97
240;20231111;22;20;51;0;10054;97
240;20231111;23;30;42;0;10052;97
240;20231111;24;20;45;0;10051;98
240;20231112;1;10;40;0;10048;97
240;20231112;2;20;27;0;10046;97
240;20231112;3;20;57;0;10047;98
240;20231112;4;20;64;0;10045;97
240;20231112;5;20;39;0;10045;98
240;20231112;6;20;42;0;10048;97
240;20231112;7;20;54;0;10051;98
240;20231112;8;20;61;8;10055;98
240;20231112;9;10;73;32;10055;98
240;20231112;10;20;87;68;10059;89
240;20231112;11;30;85;81;10062;90
240;20231112;12;30;96;108;10064;84
240;20231112;13;40;85;86;10063;91
240;20231112;14;30;74;43;10066;94
240;20231112;15;30;65;18;10067;98
240;20231112;16;30;51;3;10072;99
240;20231112;17;40;52;0;10073;99
240;20231112;18;40;55;0;10080;99
240;20231112;19;40;56;0;10077;98
240;20231112;20;30;53;0;10079;98
240;20231112;21;20;54;0;10076;99
240;20231112;22;30;54;0;10081;99
240;20231112;23;20;53;0;10076;98
240;20231112;24;20;50;0;10070;98
240;20231113;1;30;51;0;10062;97
240;20231113;2;30;50;0;10059;97
240;20231113;3;40;51;0;10058;97
240;20231113;4;40;56;0;10053;97
240;20231113;5;40;61;0;10042;97
240;20231113;6;40;62;0;10034;98
240;20231113;7;40;68;0;10030;99
240;20231113;8;50;74;1;10019;98
240;20231113;9;60;95;5;10005;98
240;20231113;10;70;103;14;9988;96
240;20231113;11;90;101;18;9966;97
240;20231113;12;80;113;11;9943;98
240;20231113;13;100;149;26;9938;90
240;20231113;14;140;153;56;9935;83
240;20231113;15;140;140;31;9945;77
240;20231113;16;120;135;9;9951;70
240;20231113;17;120;134;0;9961;69
240;20231113;18;110;135;0;9966;71
240;20231113;19;110;136;0;9969;70
240;20231113;20;110;135;0;9975;70
240;20231113;21;120;134;0;9979;72
240;20231113;22;120;133;0;9981;73
240;20231113;23;130;134;0;9981;74
240;20231113;24;120;131;0;9985;77
240;20231114;1;130;130;0;9987;77
240;20231114;2;130;133;0;9994;75
240;20231114;3;130;132;0;10001;76
240;20231114;4;120;130;0;10004;77
240;20231114;5;120;126;0;10005;80
240;20231114;6;120;129;0;10009;79
240;20231114;7;110;129;0;10014;79
240;20231114;8;100;130;8;10016;79
240;20231114;9;100;133;37;10016;77
240;20231114;10;100;139;64;10018;77
240;20231114;11;90;138;56;10017;77
240;20231114;12;90;136;47;10013;78
240;20231114;13;80;133;33;10005;80
240;20231114;14;70;124;15;10002;90
240;20231114;15;60;119;5;9995;92
240;20231114;16;50;110;0;9995;95
240;20231114;17;60;111;0;9994;94
240;20231114;18;40;107;0;10005;93
240;20231114;19;40;108;0;10015;94
240;20231114;20;50;109;0;10027;93
240;20231114;21;50;111;0;10037;91
240;20231114;22;50;102;0;10048;93
240;20231114;23;40;107;0;10060;96
240;20231114;24;40;102;0;10070;91
240;20231115;1;40;102;0;10076;93
240;20231115;2;30;109;0;10084;92
240;20231115;3;70;113;0;10087;88
240;20231115;4;70;111;0;10092;91
240;20231115;5;70;112;0;10098;90
240;20231115;6;70;112;0;10102;89
240;20231115;7;70;107;0;10108;87
240;20231115;8;70;115;9;10115;84
240;20231115;9;80;117;21;10120;83
240;20231115;10;80;121;43;10124;80
240;20231115;11;80;123;49;10126;78
240;20231115;12;100;125;71;10126;78
240;20231115;13;100;121;69;10128;71
240;20231115;14;100;120;73;10131;71
240;20231115;15;90;114;28;10134;74
240;20231115;16;80;110;2;10136;81
240;20231115;17;90;104;0;10139;86
240;20231115;18;80;106;0;10140;81
240;20231115;19;90;110;0;10140;77
240;20231115;20;90;111;0;10140;78
240;20231115;21;90;104;0;10141;81
240;20231115;22;90;106;0;10140;80
240;20231115;23;90;101;0;10144;88
240;20231115;24;70;93;0;10148;96
240;20231116;1;40;91;0;10150;84
240;20231116;2;30;86;0;10152;87
240;20231116;3;20;83;0;10151;89
240;20231116;4;10;66;0;10149;97
240;20231116;5;0;70;0;10149;97
240;20231116;6;10;63;0;10148;97
240;20231116;7;20;69;0;10143;96
240;20231116;8;20;80;7;10140;93
240;20231116;9;20;84;22;10135;88
240;20231116;10;20;86;35;10135;90
240;20231116;11;30;88;32;10128;87
240;20231116;12;30;87;34;10118;86
240;20231116;13;40;85;31;10111;83
240;20231116;14;40;84;31;10112;84
240;20231116;15;30;72;22;10115;88
240;20231116;16;30;67;4;10117;87
240;20231116;17;30;68;0;10123;86
240;20231116;18;20;64;0;10128;88
240;20231116;19;20;68;0;10132;88
240;20231116;20;10;59;0;10138;92
240;20231116;21;10;49;0;10142;96
240;20231116;22;10;54;0;10148;93
240;20231116;23;20;44;0;10155;97
240;20231116;24;10;40;0;10161;97
240;20231117;1;10;41;0;10165;97
240;20231117;2;10;45;0;10168;98
240;20231117;3;10;41;0;10168;97
240;20231117;4;10;43;0;10168;97
240;20231117;5;10;42;0;10170;97
240;20231117;6;20;27;0;10174;97
240;20231117;7;20;40;0;10177;97
240;20231117;8;20;50;6;10182;97
240;20231117;9;20;64;18;10185;94
240;20231117;10;20;77;30;10192;88
240;20231117;11;20;83;35;10195;86
240;20231117;12;30;84;35;10198;81
240;20231117;13;20;90;74;10199;79
240;20231117;14;30;93;55;10202;79
240;20231117;15;30;86;42;10207;80
240;20231117;16;30;56;6;10211;88
240;20231117;17;20;61;0;10215;88
240;20231117;18;20;52;0;10220;93
240;20231117;19;30;46;0;10222;97
240;20231117;20;20;39;0;10225;97
240;20231117;21;20;43;0;10225;98
240;20231117;22;20;44;0;10227;98
240;20231117;23;30;47;0;10229;98
240;20231117;24;30;47;0;10228;98
240;20231118;1;30;45;0;10228;98
240;20231118;2;30;55;0;10230;98
240;20231118;3;30;54;0;10225;98
240;20231118;4;40;59;0;10214;96
240;20231118;5;40;59;0;10210;95
240;20231118;6;40;61;0;10204;93
240;20231118;7;40;62;0;10200;92
240;20231118;8;50;64;1;10197;92
240;20231118;9;60;68;6;10187;91
240;20231118;10;70;69;9;10183;94
240;20231118;11;70;71;9;10164;96
240;20231118;12;90;78;16;10147;95
240;20231118;13;90;81;12;10134;97
240;20231118;14;90;82;10;10119;97
240;20231118;15;80;85;5;10106;97
240;20231118;16;80;86;1;10094;98
240;20231118;17;70;92;0;10090;98
240;20231118;18;50;106;0;10085;98
240;20231118;19;60;122;0;10082;98
240;20231118;20;60;128;0;10078;97
240;20231118;21;60;134;0;10075;94
240;20231118;22;80;139;0;10071;92
240;20231118;23;100;142;0;10071;90
240;20231118;24;100;139;0;10066;90
240;20231119;1;100;138;0;10062;89
240;20231119;2;100;133;0;10060;87
240;20231119;3;100;129;0;10061;88
240;20231119;4;100;126;0;10061;85
240;20231119;5;90;126;0;10061;80
240;20231119;6;100;124;0;10063;81
240;20231119;7;100;126;0;10064;81
240;20231119;8;100;128;7;10066;78
240;20231119;9;90;132;31;10068;80
240;20231119;10;100;132;35;10066;79
240;20231119;11;110;138;74;10065;76
240;20231119;12;100;138;68;10063;75
240;20231119;13;100;134;34;10062;77
240;20231119;14;100;133;25;10060;78
240;20231119;15;90;131;8;10057;78
240;20231119;16;90;128;1;10053;83
240;20231119;17;100;120;0;10053;93
240;20231119;18;100;125;0;10050;91
240;20231119;19;100;129;0;10049;88
240;20231119;20;100;133;0;10049;86
240;20231119;21;110;133;0;10053;85
240;20231119;22;110;131;0;10055;85
240;20231119;23;100;126;0;10059;89
240;20231119;24;90;125;0;10062;87
240;20231120;1;90;125;0;10063;86
240;20231120;2;90;120;0;10068;89
240;20231120;3;90;114;0;10069;92
240;20231120;4;80;110;0;10069;95
240;20231120;5;70;115;0;10070;86
240;20231120;6;70;108;0;10072;89
240;20231120;7;60;110;0;10074;86
240;20231120;8;60;111;4;10077;83
240;20231120;9;60;114;34;10078;85
240;20231120;10;60;114;52;10078;76
240;20231120;11;50;115;74;10075;82
240;20231120;12;60;119;55;10072;77
240;20231120;13;60;115;41;10071;80
240;20231120;14;40;106;21;10071;91
240;20231120;15;30;101;13;10070;93
240;20231120;16;30;104;3;10073;92
240;20231120;17;30;100;0;10076;94
240;20231120;18;30;92;0;10080;95
240;20231120;19;30;85;0;10086;97
240;20231120;20;30;67;0;10088;98
240;20231120;21;20;66;0;10092;98
240;20231120;22;20;69;0;10099;99
240;20231120;23;20;73;0;10100;98
240;20231120;24;20;66;0;10103;98
240;20231121;1;20;80;0;10105;97
240;20231121;2;10;83;0;10113;97
240;20231121;3;20;83;0;10114;97
240;20231121;4;10;90;0;10121;98
240;20231121;5;20;81;0;10128;98
240;20231121;6;30;95;0;10136;97
240;20231121;7;40;101;0;10143;96
240;20231121;8;50;103;3;10153;96
240;20231121;9;40;103;8;10162;95
240;20231121;10;50;100;14;10175;96
240;20231121;11;50;102;16;10183;92
240;20231121;12;50;101;33;10187;87
240;20231121;13;50;97;34;10194;90
240;20231121;14;50;94;15;10202;88
240;20231121;15;60;91;12;10210;87
240;20231121;16;50;85;4;10224;87
240;20231121;17;50;79;0;10238;85
240;20231121;18;30;64;0;10246;89
240;20231121;19;30;63;0;10257;91
240;20231121;20;30;58;0;10262;92
240;20231121;21;30;69;0;10270;89
240;20231121;22;30;67;0;10277;89
240;20231121;23;20;61;0;10280;90
240;20231121;24;20;60;0;10281;91
240;20231122;1;20;60;0;10284;91
240;20231122;2;10;38;0;10290;98
240;20231122;3;10;34;0;10287;99
240;20231122;4;10;34;0;10295;98
240;20231122;5;10;33;0;10296;98
240;20231122;6;20;43;0;10298;94
240;20231122;7;30;41;0;10299;94
240;20231122;8;30;37;6;10306;95
240;20231122;9;30;49;29;10305;92
240;20231122;10;40;58;37;10303;90
240;20231122;11;40;64;58;10299;87
240;20231122;12;40;69;64;10288;84
240;20231122;13;50;73;62;10280;82
240;20231122;14;60;73;14;10273;80
240;20231122;15;60;73;9;10274;84
240;20231122;16;70;72;1;10263;87
240;20231122;17;70;73;0;10261;88
240;20231122;18;70;73;0;10255;89
240;20231122;19;60;80;0;10251;87
240;20231122;20;70;79;0;10245;98
240;20231122;21;60;102;0;10240;96
240;20231122;22;60;109;0;10236;91
240;20231122;23;60;112;0;10232;89
240;20231122;24;60;113;0;10231;89
240;20231123;1;60;115;0;10224;89
240;20231123;2;60;110;0;10221;91
240;20231123;3;60;114;0;10220;88
240;20231123;4;70;111;0;10219;90
240;20231123;5;80;109;0;10218;92
240;20231123;6;70;116;0;10213;88
240;20231123;7;70;116;0;10211;86
240;20231123;8;80;122;3;10211;87
240;20231123;9;80;126;25;10206;85
240;20231123;10;90;132;69;10203;80
240;20231123;11;100;135;82;10193;81
240;20231123;12;100;133;78;10183;82
240;20231123;13;110;132;57;10175;84
240;20231123;14;110;130;28;10169;82
240;20231123;15;110;128;23;10160;83
240;20231123;16;110;129;1;10157;84
240;20231123;17;110;130;0;10152;84
240;20231123;18;100;135;0;10149;80
240;20231123;19;110;134;0;10142;81
240;20231123;20;130;111;0;10142;84
240;20231123;21;100;112;0;10140;77
240;20231123;22;110;103;0;10142;68
240;20231123;23;100;95;0;10148;75
240;20231123;24;80;89;0;10147;73
240;20231124;1;80;89;0;10142;72
240;20231124;2;80;83;0;10141;72
240;20231124;3;80;75;0;10138;79
240;20231124;4;60;77;0;10130;81
240;20231124;5;70;71;0;10127;82
240;20231124;6;70;66;0;10125;82
240;20231124;7;70;73;0;10121;76
240;20231124;8;90;60;3;10124;84
240;20231124;9;90;61;16;10118;73
240;20231124;10;80;60;51;10119;79
240;20231124;11;70;74;57;10112;77
240;20231124;12;110;80;85;10106;69
240;20231124;13;120;70;68;10102;79
240;20231124;14;120;60;46;10101;81
240;20231124;15;120;61;18;10101;74
240;20231124;16;130;58;2;10103;78
240;20231124;17;100;57;0;10103;85
240;20231124;18;110;69;0;10104;77
240;20231124;19;110;58;0;10111;75
240;20231124;20;90;65;0;10113;70
240;20231124;21;80;59;0;10119;71
240;20231124;22;70;59;0;10126;71
240;20231124;23;70;59;0;10131;76
240;20231124;24;60;60;0;10134;76
240;20231125;1;30;47;0;10134;78
240;20231125;2;30;43;0;10137;75
240;20231125;3;40;48;0;10131;78
240;20231125;4;50;52;0;10131;83
240;20231125;5;40;40;0;10129;83
240;20231125;6;60;57;0;10125;77
240;20231125;7;60;62;0;10125;81
240;20231125;8;50;62;2;10125;83
240;20231125;9;60;67;25;10125;83
240;20231125;10;60;73;45;10127;82
240;20231125;11;70;64;51;10129;86
240;20231125;12;80;80;61;10124;76
240;20231125;13;70;85;75;10124;77
240;20231125;14;90;70;51;10125;79
240;20231125;15;60;75;12;10128;75
240;20231125;16;70;61;2;10131;83
240;20231125;17;40;63;0;10135;80
240;20231125;18;50;56;0;10140;80
240;20231125;19;40;61;0;10144;86
240;20231125;20;30;50;0;10149;87
240;20231125;21;20;41;0;10150;90
240;20231125;22;20;31;0;10152;86
240;20231125;23;20;30;0;10153;92
240;20231125;24;20;27;0;10155;94
240;20231126;1;20;44;0;10154;93
240;20231126;2;10;25;0;10155;97
240;20231126;3;20;24;0;10154;97
240;20231126;4;20;43;0;10154;96
240;20231126;5;20;57;0;10154;91
240;20231126;6;20;57;0;10153;88
240;20231126;7;20;55;0;10153;90
240;20231126;8;20;63;2;10154;86
240;20231126;9;20;68;14;10153;90
240;20231126;10;10;83;28;10153;78
240;20231126;11;20;82;28;10150;82
240;20231126;12;30;74;23;10148;87
240;20231126;13;30;80;31;10143;85
240;20231126;14;30;73;14;10140;90
240;20231126;15;30;69;4;10136;91
240;20231126;16;30;74;1;10131;82
240;20231126;17;40;72;0;10126;80
240;20231126;18;30;65;0;10122;85
240;20231126;19;30;63;0;10118;89
240;20231126;20;50;62;0;10112;89
240;20231126;21;50;58;0;10104;94
240;20231126;22;40;58;0;10095;95
240;20231126;23;50;62;0;10087;96
240;20231126;24;60;62;0;10076;97
240;20231127;1;70;58;0;10063;96
240;20231127;2;70;55;0;10052;96
240;20231127;3;60;54;0;10039;96
240;20231127;4;70;54;0;10028;96
240;20231127;5;70;52;0;10017;96
240;20231127;6;60;48;0;10006;95
240;20231127;7;50;46;0;9996;96
240;20231127;8;40;45;0;9988;97
240;20231127;9;30;46;3;9981;98
240;20231127;10;30;49;8;9971;97
240;20231127;11;30;53;12;9962;97
240;20231127;12;30;52;15;9952;97
240;20231127;13;30;54;15;9944;97
240;20231127;14;40;54;13;9938;97
240;20231127;15;50;52;4;9937;96
240;20231127;16;60;45;0;9937;95
240;20231127;17;70;37;0;9941;95
240;20231127;18;70;33;0;9947;94
240;20231127;19;60;34;0;9954;92
240;20231127;20;70;36;0;9959;89
240;20231127;21;70;40;0;9964;84
240;20231127;22;80;40;0;9975;85
240;20231127;23;80;36;0;9986;85
240;20231127;24;80;33;0;9998;86
240;20231128;1;70;29;0;10009;87
240;20231128;2;70;27;0;10022;81
240;20231128;3;70;19;0;10031;77
240;20231128;4;60;20;0;10039;76
240;20231128;5;60;22;0;10046;76
240;20231128;6;40;15;0;10053;81
240;20231128;7;30;19;0;10062;82
240;20231128;8;30;17;4;10069;86
240;20231128;9;20;24;31;10073;87
240;20231128;10;10;31;68;10078;84
240;20231128;11;20;38;94;10079;80
240;20231128;12;20;42;91;10078;74
240;20231128;13;20;46;92;10078;67
240;20231128;14;30;44;65;10076;70
240;20231128;15;40;38;37;10073;76
240;20231128;16;40;37;4;10071;77
240;20231128;17;60;31;0;10066;82
240;20231128;18;60;33;0;10058;88
240;20231128;19;60;30;0;10052;93
240;20231128;20;70;33;0;10049;93
240;20231128;21;90;35;0;10043;89
240;20231128;22;60;31;0;10036;91
240;20231128;23;80;30;0;10030;91
240;20231128;24;70;37;0;10016;82
240;20231129;1;90;47;0;10013;79
240;20231129;2;80;37;0;10003;82
240;20231129;3;80;50;0;9995;75
240;20231129;4;90;50;0;9987;73
240;20231129;5;90;40;0;9986;85
240;20231129;6;60;41;0;9999;86
240;20231129;7;40;27;0;10008;87
240;20231129;8;30;34;5;10017;81
240;20231129;9;40;29;27;10021;85
240;20231129;10;30;16;48;10029;92
240;20231129;11;10;26;57;10030;90
240;20231129;12;30;29;32;10025;91
240;20231129;13;40;33;73;10027;91
240;20231129;14;20;33;56;10025;89
240;20231129;15;20;29;13;10024;93
240;20231129;16;30;18;2;10023;96
240;20231129;17;30;15;0;10024;94
240;20231129;18;20;12;0;10025;93
240;20231129;19;30;4;0;10028;97
240;20231129;20;30;19;0;10026;94
240;20231129;21;30;16;0;10031;96
240;20231129;22;20;15;0;10027;97
240;20231129;23;10;17;0;10025;96
240;20231129;24;10;9;0;10026;97
240;20231130;1;10;11;0;10023;97
240;20231130;2;20;11;0;10020;98
240;20231130;3;10;8;0;10019;98
240;20231130;4;10;7;0;10018;98
240;20231130;5;20;13;0;10019;98
240;20231130;6;20;19;0;10018;98
240;20231130;7;10;3;0;10021;96
240;20231130;8;20;2;2;10023;98
240;20231130;9;20;15;31;10022;95
240;20231130;10;10;26;58;10022;90
240;20231130;11;20;21;34;10023;89
240;20231130;12;20;39;91;10019;82
240;20231130;13;10;48;87;10017;74
240;20231130;14;10;43;57;10018;76
240;20231130;15;20;26;28;10019;77
240;20231130;16;20;17;2;10020;89
240;20231130;17;30;1;0;10020;98
240;20231130;18;20;-6;0;10025;99
240;20231130;19;20;-8;0;10026;99
240;20231130;20;20;-9;0;10029;99
240;20231130;21;10;-10;0;10032;99
240;20231130;22;20;-11;0;10036;99
240;20231130;23;30;-8;0;10041;99
240;20231130;24;30;-9;0;10046;98
240;20231201;1;30;-6;0;10049;98
240;20231201;2;40;-8;0;10054;98
240;20231201;3;30;-8;0;10055;98
240;20231201;4;30;-5;0;10058;95
240;20231201;5;30;-4;0;10063;90
240;20231201;6;20;-2;0;10068;92
240;20231201;7;20;-4;0;10071;87
240;20231201;8;20;-5;2;10076;87
240;20231201;9;20;-3;17;10079;86
240;20231201;10;20;8;62;10083;81
240;20231201;11;20;14;81;10083;73
240;20231201;12;40;15;94;10083;70
240;20231201;13;30;19;88;10083;70
240;20231201;14;40;11;64;10085;73
240;20231201;15;40;3;29;10085;79
240;20231201;16;30;-11;3;10090;84
240;20231201;17;20;-19;0;10097;84
240;20231201;18;30;-23;0;10100;87
240;20231201;19;20;-20;0;10103;87
240;20231201;20;10;-35;0;10104;90
240;20231201;21;10;-28;0;10103;92
240;20231201;22;10;-35;0;10106;95
240;20231201;23;10;-42;0;10110;96
240;20231201;24;10;-27;0;10111;94
240;20231202;1;10;-20;0;10108;93
240;20231202;2;20;-18;0;10108;92
240;20231202;3;20;-32;0;10109;91
240;20231202;4;20;-38;0;10110;93
240;20231202;5;20;-39;0;10115;93
240;20231202;6;20;-44;0;10118;93
240;20231202;7;20;-35;0;10124;94
240;20231202;8;20;-35;2;10130;94
240;20231202;9;20;-16;12;10135;92
240;20231202;10;20;-3;24;10139;92
240;20231202;11;20;8;56;10137;91
240;20231202;12;20;17;53;10138;90
240;20231202;13;20;25;44;10141;90
240;20231202;14;20;26;52;10142;90
240;20231202;15;30;12;18;10148;94
240;20231202;16;20;13;2;10157;95
240;20231202;17;40;10;0;10161;98
240;20231202;18;40;5;0;10164;97
240;20231202;19;40;12;0;10168;96
240;20231202;20;20;11;0;10173;97
240;20231202;21;10;2;0;10174;97
240;20231202;22;20;7;0;10176;97
240;20231202;23;20;6;0;10180;97
240;20231202;24;30;9;0;10184;99
240;20231203;1;30;12;0;10183;98
240;20231203;2;30;6;0;10184;98
240;20231203;3;30;6;0;10187;99
240;20231203;4;40;11;0;10187;99
240;20231203;5;40;1;0;10187;98
240;20231203;6;30;-7;0;10189;98
240;20231203;7;40;-9;0;10190;97
240;20231203;8;40;-9;3;10193;96
240;20231203;9;40;-1;34;10194;93
240;20231203;10;50;5;62;10193;88
240;20231203;11;60;12;59;10188;82
240;20231203;12;60;11;35;10185;82
240;20231203;13;60;15;36;10181;82
240;20231203;14;60;17;28;10176;77
240;20231203;15;70;15;7;10169;78
240;20231203;16;70;15;1;10165;79
240;20231203;17;70;14;0;10159;85
240;20231203;18;70;6;0;10154;95
240;20231203;19;70;4;0;10148;98
240;20231203;20;70;3;0;10141;98
240;20231203;21;70;4;0;10135;98
240;20231203;22;60;6;0;10127;96
240;20231203;23;60;8;0;10123;94
240;20231203;24;60;11;0;10118;91
240;20231204;1;60;12;0;10112;90
240;20231204;2;50;12;0;10104;90
240;20231204;3;50;14;0;10097;86
240;20231204;4;50;14;0;10088;84
240;20231204;5;60;14;0;10083;82
240;20231204;6;70;16;0;10075;82
240;20231204;7;70;17;0;10072;80
240;20231204;8;60;19;1;10068;78
240;20231204;9;70;19;12;10065;76
240;20231204;10;70;24;20;10063;71
240;20231204;11;60;26;24;10053;71
240;20231204;12;60;30;36;10047;69
240;20231204;13;60;30;25;10039;73
240;20231204;14;60;29;21;10029;75
240;20231204;15;60;25;14;10024;79
240;20231204;16;60;21;1;10018;82
240;20231204;17;60;21;0;10015;90
240;20231204;18;60;21;0;10013;94
240;20231204;19;60;19;0;10007;95
240;20231204;20;60;20;0;10005;96
240;20231204;21;60;19;0;10001;96
240;20231204;22;60;19;0;9999;97
240;20231204;23;50;20;0;9998;97
240;20231204;24;50;21;0;9997;97
240;20231205;1;50;21;0;9995;98
240;20231205;2;50;20;0;9996;98
240;20231205;3;50;18;0;9997;97
240;20231205;4;60;17;0;9998;97
240;20231205;5;60;19;0;10003;95
240;20231205;6;50;20;0;10007;95
240;20231205;7;50;20;0;10012;96
240;20231205;8;50;18;1;10018;97
240;20231205;9;50;19;7;10024;96
240;20231205;10;50;19;14;10032;95
240;20231205;11;40;19;13;10037;94
240;20231205;12;40;18;14;10039;94
240;20231205;13;40;19;20;10046;91
240;20231205;14;30;17;13;10048;93
240;20231205;15;40;18;6;10058;90
240;20231205;16;30;18;1;10066;90
240;20231205;17;40;18;0;10072;88
240;20231205;18;40;19;0;10076;89
240;20231205;19;40;21;0;10085;91
240;20231205;20;30;20;0;10090;94
240;20231205;21;30;18;0;10094;97
240;20231205;22;20;18;0;10098;97
240;20231205;23;20;21;0;10104;97
240;20231205;24;20;24;0;10109;96
240;20231206;1;20;24;0;10111;97
240;20231206;2;20;24;0;10117;95
240;20231206;3;20;34;0;10121;96
240;20231206;4;30;40;0;10123;95
240;20231206;5;20;38;0;10126;94
240;20231206;6;40;39;0;10131;84
240;20231206;7;30;23;0;10134;86
240;20231206;8;20;13;1;10140;91
240;20231206;9;20;26;18;10145;88
240;20231206;10;20;50;32;10147;87
240;20231206;11;30;50;24;10150;88
240;20231206;12;20;68;75;10149;79
240;20231206;13;30;64;42;10153;81
240;20231206;14;20;45;45;10154;86
240;20231206;15;20;34;9;10160;90
240;20231206;16;20;26;2;10167;93
240;20231206;17;20;17;0;10172;92
240;20231206;18;10;7;0;10176;93
240;20231206;19;10;-1;0;10181;94
240;20231206;20;0;-8;0;10184;97
240;20231206;21;10;-16;0;10188;97
240;20231206;22;10;-21;0;10189;96
240;20231206;23;20;-4;0;10193;97
240;20231206;24;20;-21;0;10193;95
240;20231207;1;10;-12;0;10193;98
240;20231207;2;10;-15;0;10193;97
240;20231207;3;10;-13;0;10192;97
240;20231207;4;20;-7;0;10192;97
240;20231207;5;30;-6;0;10192;98
240;20231207;6;30;-7;0;10190;98
240;20231207;7;40;-10;0;10191;99
240;20231207;8;40;-8;1;10192;99
240;20231207;9;40;-6;9;10190;99
240;20231207;10;60;-3;18;10188;99
240;20231207;11;60;0;19;10181;99
240;20231207;12;50;5;21;10172;99
240;20231207;13;50;10;21;10159;98
240;20231207;14;50;11;16;10152;98
240;20231207;15;50;12;9;10143;98
240;20231207;16;60;13;1;10134;98
240;20231207;17;60;13;0;10126;95
240;20231207;18;70;21;0;10117;93
240;20231207;19;70;25;0;10111;88
240;20231207;20;70;26;0;10099;85
240;20231207;21;70;26;0;10087;84
240;20231207;22;70;25;0;10082;83
240;20231207;23;70;25;0;10082;81
240;20231207;24;50;25;0;10079;82
240;20231208;1;50;23;0;10063;87
240;20231208;2;40;22;0;10064;91
240;20231208;3;60;25;0;10051;89
240;20231208;4;50;25;0;10048;91
240;20231208;5;50;25;0;10050;93
240;20231208;6;40;25;0;10048;94
240;20231208;7;40;26;0;10050;97
240;20231208;8;40;29;0;10054;98
240;20231208;9;30;32;4;10059;99
240;20231208;10;30;39;11;10061;99
240;20231208;11;30;49;20;10059;99
240;20231208;12;40;65;25;10060;99
240;20231208;13;50;75;35;10061;98
240;20231208;14;50;76;13;10068;98
240;20231208;15;50;83;7;10070;98
240;20231208;16;50;85;1;10074;97
240;20231208;17;50;82;0;10074;97
240;20231208;18;50;74;0;10077;98
240;20231208;19;50;73;0;10079;97
240;20231208;20;50;70;0;10082;97
240;20231208;21;40;73;0;10084;97
240;20231208;22;40;69;0;10084;98
240;20231208;23;40;74;0;10087;96
240;20231208;24;60;74;0;10086;95
240;20231209;1;50;73;0;10087;95
240;20231209;2;60;72;0;10082;95
240;20231209;3;50;61;0;10077;96
240;20231209;4;60;57;0;10073;96
240;20231209;5;50;55;0;10068;97
240;20231209;6;70;61;0;10062;96
240;20231209;7;70;64;0;10051;96
240;20231209;8;70;68;1;10046;95
240;20231209;9;70;72;4;10034;94
240;20231209;10;70;75;10;10019;93
240;20231209;11;80;80;17;9997;91
240;20231209;12;90;81;17;9974;93
240;20231209;13;90;79;13;9952;95
240;20231209;14;90;78;3;9921;94
240;20231209;15;100;76;3;9903;95
240;20231209;16;90;76;0;9896;97
240;20231209;17;80;81;0;9888;98
240;20231209;18;80;115;0;9892;87
240;20231209;19;110;105;0;9906;76
240;20231209;20;100;106;0;9917;75
240;20231209;21;110;105;0;9926;73
240;20231209;22;110;100;0;9938;71
240;20231209;23;100;103;0;9945;71
240;20231209;24;120;92;0;9949;82
240;20231210;1;120;96;0;9951;76
240;20231210;2;130;89;0;9958;85
240;20231210;3;130;92;0;9963;84
240;20231210;4;140;90;0;9972;84
240;20231210;5;150;96;0;9983;78
240;20231210;6;150;97;0;10002;75
240;20231210;7;140;97;0;10014;76
240;20231210;8;140;96;0;10027;76
240;20231210;9;120;95;4;10037;77
240;20231210;10;100;100;25;10044;75
240;20231210;11;90;98;60;10042;75
240;20231210;12;90;100;62;10040;74
240;20231210;13;70;100;37;10036;79
240;20231210;14;60;99;23;10025;84
240;20231210;15;70;98;6;10013;88
240;20231210;16;80;95;0;10000;84
240;20231210;17;80;82;0;9977;93
240;20231210;18;70;80;0;9965;97
240;20231210;19;80;94;0;9952;96
240;20231210;20;110;109;0;9955;88
240;20231210;21;110;106;0;9964;85
240;20231210;22;110;106;0;9969;82
240;20231210;23;90;104;0;9975;82
240;20231210;24;80;94;0;9971;89
240;20231211;1;90;104;0;9967;86
240;20231211;2;100;106;0;9958;86
240;20231211;3;110;109;0;9952;81
240;20231211;4;110;106;0;9947;85
240;20231211;5;120;104;0;9943;83
240;20231211;6;120;100;0;9937;87
240;20231211;7;130;97;0;9942;91
240;20231211;8;140;97;0;9957;91
240;20231211;9;130;95;3;9977;93
240;20231211;10;110;97;21;9994;78
240;20231211;11;100;92;33;10006;84
240;20231211;12;90;95;36;10012;83
240;20231211;13;90;92;22;10021;85
240;20231211;14;80;90;12;10029;84
240;20231211;15;70;86;9;10036;83
240;20231211;16;50;83;1;10042;86
240;20231211;17;50;73;0;10048;88
240;20231211;18;40;83;0;10054;87
240;20231211;19;40;85;0;10059;90
240;20231211;20;30;87;0;10063;93
240;20231211;21;30;87;0;10067;96
240;20231211;22;40;88;0;10071;93
240;20231211;23;30;89;0;10073;92
240;20231211;24;30;82;0;10071;96
240;20231212;1;40;62;0;10070;97
240;20231212;2;30;45;0;10068;97
240;20231212;3;30;60;0;10067;96
240;20231212;4;30;63;0;10063;95
240;20231212;5;30;56;0;10059;98
240;20231212;6;30;52;0;10056;98
240;20231212;7;40;55;0;10049;98
240;20231212;8;40;67;1;10043;98
240;20231212;9;50;75;6;10039;98
240;20231212;10;40;81;16;10030;98
240;20231212;11;40;88;21;10019;96
240;20231212;12;50;96;28;10007;95
240;20231212;13;50;97;20;9997;97
240;20231212;14;50;99;9;9988;96
240;20231212;15;50;99;4;9981;97
240;20231212;16;50;100;2;9976;97
240;20231212;17;50;96;0;9970;95
240;20231212;18;40;93;0;9965;96
240;20231212;19;40;92;0;9962;92
240;20231212;20;40;89;0;9960;95
240;20231212;21;30;83;0;9957;95
240;20231212;22;40;84;0;9956;95
240;20231212;23;50;83;0;9956;94
240;20231212;24;50;79;0;9951;95
240;20231213;1;50;79;0;9950;96
240;20231213;2;40;83;0;9951;95
240;20231213;3;50;83;0;9950;95
240;20231213;4;40;82;0;9949;95
240;20231213;5;30;79;0;9949;96
240;20231213;6;30;76;0;9948;97
240;20231213;7;30;81;0;9950;97
240;20231213;8;10;81;0;9955;98
240;20231213;9;10;84;1;9958;96
240;20231213;10;10;85;3;9963;96
240;20231213;11;10;88;11;9968;97
240;20231213;12;20;88;11;9972;98
240;20231213;13;10;87;6;9977;98
240;20231213;14;10;88;5;9983;98
240;20231213;15;20;89;5;9992;97
240;20231213;16;30;88;0;10004;94
240;20231213;17;30;85;0;10016;96
240;20231213;18;40;86;0;10028;94
240;20231213;19;50;77;0;10042;97
240;20231213;20;60;67;0;10053;97
240;20231213;21;50;59;0;10068;97
240;20231213;22;50;55;0;10078;93
240;20231213;23;60;56;0;10092;90
240;20231213;24;50;55;0;10101;90
240;20231214;1;50;54;0;10113;90
240;20231214;2;40;54;0;10123;90
240;20231214;3;40;53;0;10131;86
240;20231214;4;50;50;0;10136;83
240;20231214;5;40;48;0;10149;85
240;20231214;6;40;48;0;10157;84
240;20231214;7;40;49;0;10168;83
240;20231214;8;30;43;1;10172;85
240;20231214;9;10;51;26;10183;85
240;20231214;10;20;50;41;10192;85
240;20231214;11;10;63;57;10195;80
240;20231214;12;30;60;50;10200;83
240;20231214;13;30;61;35;10201;80
240;20231214;14;40;61;14;10206;84
240;20231214;15;30;60;9;10213;92
240;20231214;16;40;61;1;10221;92
240;20231214;17;30;53;0;10225;94
240;20231214;18;30;61;0;10232;90
240;20231214;19;30;64;0;10238;87
240;20231214;20;40;64;0;10243;91
240;20231214;21;50;66;0;10247;94
240;20231214;22;50;69;0;10252;94
240;20231214;23;40;70;0;10257;96
240;20231214;24;40;71;0;10264;98
240;20231215;1;40;70;0;10269;98
240;20231215;2;30;70;0;10276;98
240;20231215;3;40;78;0;10283;96
240;20231215;4;40;75;0;10289;97
240;20231215;5;40;76;0;10296;97
240;20231215;6;40;81;0;10301;95
240;20231215;7;40;86;0;10308;92
240;20231215;8;40;89;1;10316;89
240;20231215;9;40;91;8;10326;87
240;20231215;10;40;96;21;10339;86
240;20231215;11;40;98;27;10345;85
240;20231215;12;40;100;40;10347;82
240;20231215;13;50;97;31;10348;85
240;20231215;14;50;96;18;10351;83
240;20231215;15;40;93;7;10353;81
240;20231215;16;40;92;1;10355;80
240;20231215;17;40;89;0;10361;84
240;20231215;18;40;89;0;10368;82
240;20231215;19;40;92;0;10368;72
240;20231215;20;50;95;0;10375;64
240;20231215;21;50;92;0;10378;65
240;20231215;22;40;90;0;10378;68
240;20231215;23;40;79;0;10377;80
240;20231215;24;40;77;0;10377;81
240;20231216;1;40;56;0;10374;86
240;20231216;2;40;63;0;10376;86
240;20231216;3;50;68;0;10373;88
240;20231216;4;50;64;0;10371;91
240;20231216;5;50;60;0;10371;93
240;20231216;6;50;62;0;10369;94
240;20231216;7;50;69;0;10372;94
240;20231216;8;50;72;1;10375;95
240;20231216;9;50;92;6;10379;95
240;20231216;10;70;91;9;10384;98
240;20231216;11;70;91;6;10381;98
240;20231216;12;70;93;11;10375;96
240;20231216;13;60;98;15;10372;92
240;20231216;14;60;99;11;10367;93
240;20231216;15;70;101;6;10363;92
240;20231216;16;70;103;1;10364;90
240;20231216;17;70;103;0;10362;91
240;20231216;18;80;104;0;10362;92
240;20231216;19;80;107;0;10369;92
240;20231216;20;70;109;0;10370;88
240;20231216;21;70;107;0;10368;88
240;20231216;22;70;106;0;10365;90
240;20231216;23;70;105;0;10367;91
240;20231216;24;60;103;0;10365;92
240;20231217;1;70;102;0;10361;92
240;20231217;2;60;104;0;10361;90
240;20231217;3;70;104;0;10362;85
240;20231217;4;60;100;0;10356;90
240;20231217;5;70;98;0;10353;89
240;20231217;6;70;96;0;10354;92
240;20231217;7;70;98;0;10353;90
240;20231217;8;70;95;0;10355;89
240;20231217;9;70;94;5;10356;90
240;20231217;10;80;91;14;10354;88
240;20231217;11;90;88;29;10350;88
240;20231217;12;80;91;56;10344;87
240;20231217;13;80;98;73;10334;80
240;20231217;14;60;100;54;10329;74
240;20231217;15;80;92;25;10324;75
240;20231217;16;80;80;2;10320;79
240;20231217;17;70;76;0;10318;80
240;20231217;18;60;67;0;10318;85
240;20231217;19;60;66;0;10321;85
240;20231217;20;60;74;0;10315;84
240;20231217;21;60;76;0;10316;85
240;20231217;22;50;86;0;10317;85
240;20231217;23;70;87;0;10314;86
240;20231217;24;70;88;0;10311;87
240;20231218;1;60;91;0;10309;85
240;20231218;2;60;91;0;10308;86
240;20231218;3;50;79;0;10306;91
240;20231218;4;60;77;0;10303;92
240;20231218;5;60;78;0;10302;92
240;20231218;6;60;79;0;10301;92
240;20231218;7;70;80;0;10299;92
240;20231218;8;70;79;1;10300;92
240;20231218;9;70;82;7;10298;91
240;20231218;10;70;84;16;10295;90
240;20231218;11;70;87;23;10289;89
240;20231218;12;70;89;31;10285;89
240;20231218;13;70;96;23;10277;86
240;20231218;14;70;89;22;10272;89
240;20231218;15;80;86;6;10269;90
240;20231218;16;70;83;0;10267;90
240;20231218;17;80;81;0;10263;91
240;20231218;18;80;79;0;10260;91
240;20231218;19;80;77;0;10259;91
240;20231218;20;80;76;0;10256;91
240;20231218;21;80;76;0;10246;94
240;20231218;22;70;74;0;10244;95
240;20231218;23;70;72;0;10242;98
240;20231218;24;70;73;0;10235;98
240;20231219;1;70;73;0;10228;98
240;20231219;2;70;78;0;10222;98
240;20231219;3;80;78;0;10212;98
240;20231219;4;80;79;0;10202;98
240;20231219;5;80;83;0;10195;98
240;20231219;6;80;89;0;10187;97
240;20231219;7;80;93;0;10184;98
240;20231219;8;80;100;0;10181;97
240;20231219;9;100;100;1;10176;97
240;20231219;10;90;100;3;10173;97
240;20231219;11;80;100;6;10165;97
240;20231219;12;70;101;5;10157;97
240;20231219;13;70;95;4;10154;98
240;20231219;14;30;95;7;10152;97
240;20231219;15;30;95;3;10151;97
240;20231219;16;40;89;0;10150;96
240;20231219;17;40;88;0;10150;97
240;20231219;18;40;91;0;10152;97
240;20231219;19;50;84;0;10155;91
240;20231219;20;40;81;0;10155;89
240;20231219;21;50;69;0;10157;83
240;20231219;22;50;66;0;10154;88
240;20231219;23;60;72;0;10154;84
240;20231219;24;60;69;0;10151;85
240;20231220;1;60;71;0;10149;84
240;20231220;2;70;77;0;10149;82
240;20231220;3;80;79;0;10145;80
240;20231220;4;90;78;0;10143;81
240;20231220;5;90;77;0;10139;82
240;20231220;6;90;81;0;10137;81
240;20231220;7;90;81;0;10136;82
240;20231220;8;90;84;0;10138;82
240;20231220;9;100;87;3;10139;81
240;20231220;10;100;90;15;10139;81
240;20231220;11;100;96;59;10135;79
240;20231220;12;100;93;40;10132;81
240;20231220;13;90;93;23;10125;80
240;20231220;14;90;93;18;10117;82
240;20231220;15;90;91;7;10115;84
240;20231220;16;90;91;1;10110;88
240;20231220;17;100;90;0;10097;92
240;20231220;18;100;93;0;10092;91
240;20231220;19;110;95;0;10084;91
240;20231220;20;120;96;0;10081;92
240;20231220;21;110;102;0;10075;86
240;20231220;22;100;102;0;10070;87
240;20231220;23;90;103;0;10068;87
240;20231220;24;100;103;0;10058;87
240;20231221;1;90;102;0;10045;88
240;20231221;2;100;103;0;10037;88
240;20231221;3;100;103;0;10024;88
240;20231221;4;100;104;0;10012;88
240;20231221;5;110;102;0;9999;91
240;20231221;6;120;105;0;9991;89
240;20231221;7;120;107;0;9974;86
240;20231221;8;130;107;0;9971;88
240;20231221;9;130;113;3;9963;86
240;20231221;10;150;114;8;9961;88
240;20231221;11;150;112;18;9956;91
240;20231221;12;150;112;13;9952;89
240;20231221;13;140;115;17;9951;82
240;20231221;14;140;114;36;9953;75
240;20231221;15;150;113;17;9958;73
240;20231221;16;160;110;1;9962;73
240;20231221;17;150;62;0;9982;91
240;20231221;18;120;82;0;9989;73
240;20231221;19;120;80;0;9994;72
240;20231221;20;100;86;0;9997;71
240;20231221;21;110;60;0;10007;82
240;20231221;22;110;74;0;10013;81
240;20231221;23;100;78;0;10018;79
240;20231221;24;110;69;0;10022;81
240;20231222;1;100;66;0;10024;85
240;20231222;2;80;77;0;10026;76
240;20231222;3;120;81;0;10024;69
240;20231222;4;120;88;0;10026;66
240;20231222;5;110;88;0;10026;73
240;20231222;6;110;89;0;10027;76
240;20231222;7;110;90;0;10026;80
240;20231222;8;100;84;0;10026;91
240;20231222;9;110;82;3;10024;88
240;20231222;10;110;98;11;10024;87
240;20231222;11;110;101;21;10025;85
240;20231222;12;120;105;27;10019;83
240;20231222;13;130;106;36;10018;81
240;20231222;14;140;108;16;10021;80
240;20231222;15;140;107;5;10025;79
240;20231222;16;140;107;1;10032;80
240;20231222;17;130;105;0;10035;80
240;20231222;18;140;107;0;10040;79
240;20231222;19;140;79;0;10055;92
240;20231222;20;80;79;0;10067;88
240;20231222;21;80;82;0;10075;83
240;20231222;22;80;73;0;10082;87
240;20231222;23;50;81;0;10089;86
240;20231222;24;50;77;0;10091;88
240;20231223;1;40;76;0;10086;92
240;20231223;2;40;81;0;10075;97
240;20231223;3;100;97;0;10068;87
240;20231223;4;130;97;0;10062;87
240;20231223;5;130;101;0;10058;84
240;20231223;6;130;101;0;10056;85
240;20231223;7;140;102;0;10053;83
240;20231223;8;140;104;0;10058;82
240;20231223;9;140;102;6;10061;85
240;20231223;10;130;106;12;10064;81
240;20231223;11;130;107;20;10068;80
240;20231223;12;130;110;42;10067;78
240;20231223;13;130;108;33;10070;79
240;20231223;14;110;106;27;10076;80
240;20231223;15;90;105;9;10077;81
240;20231223;16;90;105;2;10080;82
240;20231223;17;100;106;0;10079;81
240;20231223;18;100;106;0;10078;82
240;20231223;19;110;107;0;10077;80
240;20231223;20;100;107;0;10076;81
240;20231223;21;110;106;0;10074;81
240;20231223;22;110;104;0;10065;82
240;20231223;23;100;104;0;10066;83
240;20231223;24;100;104;0;10060;84
240;20231224;1;100;99;0;10054;90
240;20231224;2;110;98;0;10046;92
240;20231224;3;120;100;0;10040;96
240;20231224;4;120;104;0;10036;95
240;20231224;5;110;107;0;10033;95
240;20231224;6;110;110;0;10027;94
240;20231224;7;110;113;0;10027;92
240;20231224;8;110;115;0;10025;92
240;20231224;9;110;119;3;10023;91
240;20231224;10;120;122;11;10023;90
240;20231224;11;130;119;7;10016;93
240;20231224;12;130;126;10;10013;91
240;20231224;13;140;121;6;10004;94
240;20231224;14;140;122;5;9998;96
240;20231224;15;150;126;2;9997;91
240;20231224;16;150;125;0;9999;89
240;20231224;17;150;121;0;10009;89
240;20231224;18;130;121;0;10015;89
240;20231224;19;130;120;0;10019;90
240;20231224;20;130;119;0;10026;90
240;20231224;21;130;120;0;10026;90
240;20231224;22;130;121;0;10029;90
240;20231224;23;120;119;0;10030;92
240;20231224;24;120;118;0;10033;91
240;20231225;1;120;118;0;10035;90
240;20231225;2;110;117;0;10039;91
240;20231225;3;110;115;0;10042;92
240;20231225;4;110;117;0;10046;90
240;20231225;5;100;116;0;10045;92
240;20231225;6;80;115;0;10047;88
240;20231225;7;80;109;0;10052;88
240;20231225;8;50;108;0;10056;93
240;20231225;9;60;113;5;10059;91
240;20231225;10;60;114;17;10064;88
240;20231225;11;60;117;34;10065;85
240;20231225;12;70;117;41;10067;85
240;20231225;13;80;119;65;10063;83
240;20231225;14;80;117;25;10063;82
240;20231225;15;70;118;7;10062;89
240;20231225;16;80;119;1;10060;89
240;20231225;17;90;115;0;10058;93
240;20231225;18;90;114;0;10059;92
240;20231225;19;80;104;0;10056;91
240;20231225;20;70;101;0;10048;94
240;20231225;21;60;97;0;10041;98
240;20231225;22;80;114;0;10036;95
240;20231225;23;100;114;0;10034;94
240;20231225;24;120;110;0;10038;93
240;20231226;1;110;111;0;10038;92
240;20231226;2;110;108;0;10045;90
240;20231226;3;100;100;0;10057;87
240;20231226;4;90;95;0;10064;86
240;20231226;5;90;91;0;10072;77
240;20231226;6;90;89;0;10082;78
240;20231226;7;90;88;0;10091;76
240;20231226;8;80;88;0;10102;76
240;20231226;9;90;90;8;10112;75
240;20231226;10;100;97;43;10124;75
240;20231226;11;100;95;24;10131;72
240;20231226;12;100;93;24;10140;73
240;20231226;13;90;92;24;10149;76
240;20231226;14;80;86;17;10157;83
240;20231226;15;60;79;10;10167;79
240;20231226;16;50;73;2;10176;78
240;20231226;17;40;59;0;10184;85
240;20231226;18;30;52;0;10189;87
240;20231226;19;20;50;0;10195;85
240;20231226;20;20;45;0;10202;87
240;20231226;21;10;37;0;10202;92
240;20231226;22;10;26;0;10207;95
240;20231226;23;20;24;0;10211;97
240;20231226;24;10;21;0;10208;97
240;20231227;1;10;23;0;10205;98
240;20231227;2;20;18;0;10204;97
240;20231227;3;30;31;0;10198;97
240;20231227;4;30;49;0;10190;96
240;20231227;5;40;53;0;10181;94
240;20231227;6;50;56;0;10173;93
240;20231227;7;50;59;0;10163;92
240;20231227;8;60;57;0;10155;97
240;20231227;9;60;63;2;10146;97
240;20231227;10;60;73;6;10139;97
240;20231227;11;60;82;6;10133;98
240;20231227;12;60;88;6;10121;97
240;20231227;13;50;93;10;10106;95
240;20231227;14;70;94;19;10093;92
240;20231227;15;80;91;8;10083;91
240;20231227;16;80;87;1;10070;90
240;20231227;17;80;83;0;10062;90
240;20231227;18;80;85;0;10052;87
240;20231227;19;80;86;0;10046;80
240;20231227;20;90;98;0;10045;75
240;20231227;21;120;95;0;10050;80
240;20231227;22;110;102;0;10053;79
240;20231227;23;100;103;0;10057;83
240;20231227;24;100;109;0;10062;85
240;20231228;1;110;109;0;10065;83
240;20231228;2;100;106;0;10066;84
240;20231228;3;110;106;0;10065;81
240;20231228;4;120;105;0;10061;81
240;20231228;5;120;109;0;10063;78
240;20231228;6;130;107;0;10062;78
240;20231228;7;120;109;0;10068;77
240;20231228;8;120;108;0;10073;77
240;20231228;9;120;107;9;10079;79
240;20231228;10;120;109;27;10084;79
240;20231228;11;120;113;29;10086;77
240;20231228;12;120;109;27;10083;79
240;20231228;13;110;111;22;10079;77
240;20231228;14;120;108;24;10080;79
240;20231228;15;110;102;8;10078;86
240;20231228;16;110;109;1;10072;76
240;20231228;17;120;110;0;10070;74
240;20231228;18;120;109;0;10064;74
240;20231228;19;120;110;0;10061;75
240;20231228;20;120;111;0;10058;75
240;20231228;21;120;97;0;10056;88
240;20231228;22;120;102;0;10053;84
240;20231228;23;120;96;0;10055;91
240;20231228;24;100;101;0;10051;90
240;20231229;1;110;100;0;10046;89
240;20231229;2;120;108;0;10045;83
240;20231229;3;120;107;0;10046;83
240;20231229;4;110;104;0;10043;71
240;20231229;5;110;103;0;10041;78
240;20231229;6;120;107;0;10039;78
240;20231229;7;120;106;0;10041;81
240;20231229;8;100;110;0;10043;83
240;20231229;9;110;108;7;10045;84
240;20231229;10;110;107;14;10050;89
240;20231229;11;100;111;43;10054;78
240;20231229;12;90;109;44;10057;82
240;20231229;13;90;106;37;10053;80
240;20231229;14;90;105;26;10053;81
240;20231229;15;80;90;6;10049;83
240;20231229;16;60;65;0;10048;93
240;20231229;17;40;69;0;10051;95
240;20231229;18;40;70;0;10055;95
240;20231229;19;50;72;0;10058;95
240;20231229;20;60;90;0;10056;84
240;20231229;21;80;89;0;10062;81
240;20231229;22;100;83;0;10067;80
240;20231229;23;90;76;0;10073;79
240;20231229;24;90;82;0;10080;74
240;20231230;1;80;81;0;10084;72
240;20231230;2;90;78;0;10088;73
240;20231230;3;70;79;0;10092;75
240;20231230;4;80;76;0;10095;73
240;20231230;5;80;76;0;10098;75
240;20231230;6;70;72;0;10102;73
240;20231230;7;60;74;0;10104;74
240;20231230;8;60;74;0;10109;75
240;20231230;9;40;70;12;10114;84
240;20231230;10;50;76;21;10116;88
240;20231230;11;60;82;24;10115;88
240;20231230;12;60;86;27;10111;87
240;20231230;13;60;89;28;10102;91
240;20231230;14;70;90;25;10095;88
240;20231230;15;50;90;6;10090;88
240;20231230;16;60;88;1;10086;88
240;20231230;17;50;91;0;10082;87
240;20231230;18;60;89;0;10076;87
240;20231230;19;60;88;0;10069;86
240;20231230;20;60;89;0;10060;87
240;20231230;21;70;92;0;10052;88
240;20231230;22;70;95;0;10042;89
240;20231230;23;80;94;0;10036;91
240;20231230;24;80;95;0;10022;89
240;20231231;1;90;94;0;10012;86
240;20231231;2;80;93;0;10001;82
240;20231231;3;80;91;0;9986;82
240;20231231;4;80;89;0;9972;81
240;20231231;5;90;89;0;9958;81
240;20231231;6;100;93;0;9945;80
240;20231231;7;90;94;0;9937;80
240;20231231;8;90;92;0;9928;85
240;20231231;9;90;87;2;9930;90
240;20231231;10;80;84;6;9931;89
240;20231231;11;70;86;20;9925;90
240;20231231;12;70;78;14;9930;87
240;20231231;13;100;89;49;9931;80
240;20231231;14;110;86;29;9931;79
240;20231231;15;100;89;14;9929;74
240;20231231;16;110;82;1;9931;83
240;20231231;17;110;84;0;9933;83
240;20231231;18;110;85;0;9934;81
240;20231231;19;110;83;0;9936;82
240;20231231;20;110;80;0;9939;84
240;20231231;21;100;81;0;9942;87
240;20231231;22;110;79;0;9939;90
240;20231231;23;100;81;0;9943;85
240;20231231;24;110;75;0;9947;90
